step,true_value,prediction,lower_bound,upper_bound,width,covered,k_adap,t_adap,n_cal
80,252.68,264.1640017435962,189.70981937150793,367.6855142141805,177.97569484267257,True,0.0505,0.404,48
81,231.03,270.2776145809237,194.07289579287897,376.251508332828,182.17861253994903,True,0.051000000000000004,0.40800000000000003,48
82,243.66,235.94466103998406,169.12443674151578,329.0100413008587,159.8856045593429,True,0.051500000000000004,0.41200000000000003,47
83,254.98,268.7578053452064,192.51563398453285,375.03821482701767,182.5225808424848,True,0.052000000000000005,0.41600000000000004,47
84,307.74,266.23592845348713,190.53103092830023,371.86407904905786,181.33304812075764,True,0.052500000000000005,0.42000000000000004,47
85,493.27,336.67502497022707,241.71788206877898,468.78171330751957,227.0638312387406,False,0.043000000000000003,0.41200000000000003,46
86,521.03,530.4483193646033,381.02266575449414,738.3208347930041,357.29816903850997,True,0.043500000000000004,0.41600000000000004,47
87,488.52,441.71459452728004,318.6521262637717,612.1547269787942,293.5026007150225,True,0.044000000000000004,0.42000000000000004,47
88,529.58,454.0875320050137,327.7321005488458,629.0104597045308,301.27835915568505,True,0.044500000000000005,0.42400000000000004,46
89,410.36,504.4475547539239,365.1894507087335,696.6640919400137,331.4746412312802,True,0.045000000000000005,0.42800000000000005,46
90,388.18,345.1545735546764,248.9367380069763,478.41326972697925,229.47653172000295,True,0.045500000000000006,0.43200000000000005,46
91,399.36,394.0937527388962,285.51907812498166,543.8121447089557,258.293066583974,True,0.046000000000000006,0.43600000000000005,45
92,448.79,383.4689150895753,278.8920307557574,527.1191689203335,248.22713816457616,True,0.04650000000000001,0.44000000000000006,45
93,467.37,448.2117943477959,327.16552359501804,613.9068737342216,286.7413501392035,True,0.04700000000000001,0.44400000000000006,45
94,456.79,438.77715900582143,321.18601958055115,599.2865978946606,278.1005783141095,True,0.04750000000000001,0.44800000000000006,44
95,484.81,432.2316144574129,317.16374079293837,588.915215660999,271.75147486806065,True,0.04800000000000001,0.45200000000000007,44
96,479.44,473.3850967563723,348.1474862974596,643.5448667295478,295.39738043208826,True,0.04850000000000001,0.45600000000000007,44
97,488.7,446.59651629925236,328.7676903771182,606.5265929603884,277.7589025832702,True,0.04900000000000001,0.4600000000000001,44
98,594.12,472.30112901283917,346.04650007484,644.4868689830325,298.4403689081925,True,0.04950000000000001,0.4640000000000001,43
99,706.65,598.6411421218288,431.1940638250995,830.9630680320544,399.7690042069549,True,0.05000000000000001,0.4680000000000001,43
100,868.74,687.7021152591739,494.78106256371296,955.6936685918828,460.9126060281698,True,0.05050000000000001,0.4720000000000001,43
101,948.11,880.4683896545305,625.0848228693118,1240.0243685500398,614.939545680728,True,0.05100000000000001,0.4760000000000001,42
102,946.84,902.2694088113911,636.0074125813733,1279.8259508130213,643.8185382316481,True,0.05150000000000001,0.4800000000000001,42
103,963.69,901.7369140373189,636.1718760222714,1277.9860422796453,641.8141662573739,True,0.05200000000000001,0.4840000000000001,42
104,958.35,933.9829623568089,657.0941796729129,1327.370872892398,670.2766932194851,True,0.05250000000000001,0.4880000000000001,41
105,874.99,919.935014836568,646.6265512678133,1308.5838950576099,661.9573437897966,True,0.05300000000000001,0.4920000000000001,41
106,783.84,817.132237340077,574.6506905555775,1161.7543730193045,587.103682463727,True,0.05350000000000001,0.4960000000000001,41
107,786.65,737.6595258011891,511.009892405276,1064.6393619538887,553.6294695486127,True,0.05400000000000001,0.5,40
108,706.5,776.5114646455593,539.4892674903592,1117.4756368285623,577.9863693382031,True,0.054500000000000014,0.5,40
109,707.74,654.7456981961807,455.979658104782,939.9662182472903,483.98656014250827,True,0.055000000000000014,0.5,40
110,719.01,709.7373310271032,496.02818021047773,1015.335841363389,519.3076611529114,True,0.055500000000000015,0.5,40
111,738.74,689.0853061581878,479.6440519680333,989.790852035993,510.1468000679597,True,0.056000000000000015,0.5,40
112,897.49,740.2893607853915,518.6239217535673,1056.5146628338266,537.8907410802593,True,0.056500000000000015,0.5,40
113,1108.78,964.3243723158959,663.766598362799,1400.7719092416207,737.0053108788218,True,0.057000000000000016,0.5,40
114,1218.27,1151.6607330480474,780.3192234705716,1699.4915860244473,919.1723625538757,True,0.057500000000000016,0.5,40
115,1335.31,1202.2529081720875,797.5796371442339,1811.9908323258328,1014.4111951815989,True,0.05800000000000002,0.5,40
116,1445.43,1363.7829940190131,884.3192069733836,2102.910777143571,1218.5915701701874,True,0.05850000000000002,0.5,40
117,1482.24,1447.7338065093952,939.1159142569726,2231.52219252349,1292.4062782665173,True,0.05900000000000002,0.5,40
118,1412.24,1458.9921572178453,942.5055108040019,2258.210014916827,1315.704504112825,True,0.05950000000000002,0.5,40
119,1368.79,1346.8253971796426,889.8286129905707,2038.2624066978524,1148.4337937072817,True,0.06000000000000002,0.5,40
120,1345.14,1343.051550223019,872.3773306282868,2067.378129710976,1195.000799082689,True,0.06050000000000002,0.5,40
121,1241.46,1310.6859520551043,863.2308201192708,1989.810784300958,1126.579964181687,True,0.06100000000000002,0.5,40
122,1112.47,1172.1518752862091,759.2605631458129,1809.281092041318,1050.0205288955053,True,0.06150000000000002,0.5,40
123,1047.16,1049.6733084197879,684.9985331754314,1608.208107072551,923.2095738971196,True,0.06200000000000002,0.5,40
124,1014.3,1018.8661561798586,661.8090700097406,1568.2708859668958,906.4618159571552,True,0.06250000000000001,0.5,40
125,986.63,995.5495625953334,663.5806767768195,1493.3423205222962,829.7616437454767,True,0.06300000000000001,0.5,40
126,1038.49,968.9265029177702,656.6974178843725,1429.380286558593,772.6828686742206,True,0.06350000000000001,0.5,40
127,1108.81,1062.6676676629222,727.1622412780852,1552.7593726991995,825.5971314211143,True,0.06400000000000002,0.5,40
128,1130.22,1113.8676515459892,739.2793488696774,1678.0011532288215,938.7218043591441,True,0.06450000000000002,0.5,40
129,1189.69,1123.6332815688847,735.5194545120492,1716.2662721453028,980.7468176332536,True,0.06500000000000002,0.5,40
130,1228.86,1223.476632854027,790.8237183184773,1892.5313374920768,1101.7076191735996,True,0.06550000000000002,0.5,40
131,1257.03,1215.473564921302,784.3506796840069,1883.2638994694137,1098.913219785407,True,0.06600000000000002,0.5,40
132,1347.58,1269.1996034479728,818.6271655062706,1967.4645659625146,1148.837400456244,True,0.06650000000000002,0.5,40
133,1379.65,1385.1497791712486,867.6249815229502,2211.0146797156503,1343.3896981927,True,0.06700000000000002,0.5,40
134,1626.45,1353.526144298712,838.9732622588651,2183.2850933787226,1344.3118311198575,True,0.06750000000000002,0.5,40
135,1829.53,1812.962173393991,1089.7617051590787,3015.6614311274957,1925.899725968417,True,0.06800000000000002,0.5,40
136,1959.38,1796.906745906825,1048.0867338789762,3080.2215640410272,2032.134830162051,True,0.06850000000000002,0.5,40
137,2026.04,2040.9220874057442,1163.757631712617,3578.668162298135,2414.9105305855182,True,0.06900000000000002,0.5,40
138,2048.63,1988.3465983498331,1154.1981441998303,3424.819118768832,2270.620974569002,True,0.06950000000000002,0.5,40
139,2040.05,2050.024491262264,1154.9864069609926,3638.0578975896024,2483.07149062861,True,0.07000000000000002,0.5,40
140,2025.77,2002.807318773396,1162.889848105374,3448.848606640911,2285.9587585355366,True,0.07050000000000002,0.5,40
141,1886.96,2004.0885034607406,1175.4505137027388,3416.3812326850584,2240.9307189823194,True,0.07100000000000002,0.5,40
142,1756.2,1785.910271812599,1062.2649942280536,3002.0597610594505,1939.7947668313968,True,0.07150000000000002,0.5,40
143,1664.5,1709.4400476232859,1032.108911156032,2830.845824696105,1798.736913540073,True,0.07200000000000002,0.5,40
144,1584.83,1611.5017193705855,994.2056310784355,2611.687985050365,1617.4823539719296,True,0.07250000000000002,0.5,40
145,1549.22,1546.8889079181167,965.8505127484984,2477.108083580433,1511.2575708319343,True,0.07300000000000002,0.5,40
146,1467.05,1530.3428014071285,941.1913132087069,2487.8902524852547,1546.6989392765477,True,0.07350000000000002,0.5,40
147,1455.75,1410.0840882840973,847.6287629113872,2345.324318984315,1497.695556072928,True,0.07400000000000002,0.5,40
148,1365.61,1474.6850926564423,873.6147147116434,2488.835188064968,1615.2204733533245,True,0.07450000000000002,0.5,40
149,1356.96,1285.747773337379,732.9841317800867,2254.797857881732,1521.8137261016452,True,0.07500000000000002,0.5,40
150,1451.77,1394.4466029123803,825.0260218635941,2356.3969463897415,1531.3709245261475,True,0.07550000000000003,0.5,40
151,1458.23,1476.841800337965,852.951757637961,2556.540712682843,1703.5889550448821,True,0.07600000000000003,0.5,40
152,1444.1,1431.9182771129963,846.8665978907732,2420.6719870700567,1573.8053891792836,True,0.07650000000000003,0.5,40
153,1461.29,1442.358206901704,877.3814212152814,2370.7292546422304,1493.347833426949,True,0.07700000000000003,0.5,40
154,1469.7,1465.5927894188385,913.2624599949709,2351.6005978492885,1438.3381378543177,True,0.07750000000000003,0.5,40
155,1401.12,1466.543208842316,932.2740290851053,2306.6642044035784,1374.3901753184732,True,0.07800000000000003,0.5,40
156,1335.08,1365.660264478712,883.1062142298722,2111.5971613399333,1228.4909471100611,True,0.07850000000000003,0.5,40
157,1278.12,1324.2371450167539,864.95237225493,2027.1178813089834,1162.1655090540535,True,0.07900000000000003,0.5,40
158,1280.45,1261.3811169420858,835.3202546225632,1904.4974163350296,1069.1771617124664,True,0.07950000000000003,0.5,40
159,1258.36,1299.5544710451975,869.5468350762204,1941.9648859817632,1072.4180509055427,True,0.08000000000000003,0.5,40
160,1237.39,1244.2402283519239,835.7153324138086,1852.226738217665,1016.5114058038563,True,0.08050000000000003,0.5,40
161,1135.21,1241.7087252101874,836.9311067946037,1842.0214169051956,1005.0903101105919,True,0.08100000000000003,0.5,40
162,1025.19,1093.598368447813,747.2250159649734,1600.317200900301,853.0921849353276,True,0.08150000000000003,0.5,40
163,1009.41,999.8818156822869,706.4133635244264,1415.0948331150396,708.6814695906132,True,0.08200000000000003,0.5,40
164,974.48,1022.2574761856719,733.6001693041158,1424.3411669667096,690.7409976625938,True,0.08250000000000003,0.5,40
165,997.93,956.4603714850546,692.3146710206192,1321.2428448179123,628.9281737972931,True,0.08300000000000003,0.5,40
166,1021.65,1025.372818125077,760.5585412771912,1382.2701029382613,621.71156166107,True,0.08350000000000003,0.5,40
167,1147.15,1027.490086526947,778.3143204353121,1356.3366103337376,578.0222898984255,True,0.08400000000000003,0.5,40
168,1227.3,1215.8434194414435,939.6930099140251,1573.0607103833745,633.3677004693494,True,0.08450000000000003,0.5,40
169,1207.0,1238.6106407714392,972.460404176979,1577.528036805914,605.0676326289351,True,0.08500000000000003,0.5,40
170,1177.42,1199.927205994716,955.135539939321,1507.3909067848292,552.2553668455082,True,0.08550000000000003,0.5,40
171,1128.16,1174.6458094998109,946.0024950273468,1458.4925321232163,512.4900370958695,True,0.08600000000000003,0.5,40
172,1048.4,1114.7248836499432,897.8557249137808,1383.9186042788858,486.062879365105,True,0.08650000000000004,0.5,40
173,959.29,1022.7352236829446,827.6049731491541,1263.8171833027557,436.2122101536015,True,0.08700000000000004,0.5,40
174,930.0,934.1348537536653,761.1638422120396,1146.3611660281344,385.1973238160948,True,0.08750000000000004,0.5,40
175,938.05,936.239076362374,764.5229693783605,1146.4731933568376,381.9502239784771,True,0.08800000000000004,0.5,40
176,909.91,946.5729613493314,777.0452559243611,1153.038933138398,375.993677214037,True,0.08850000000000004,0.5,40
177,817.74,896.6287112354519,739.2355878941495,1087.4876604303915,348.25207253624205,True,0.08900000000000004,0.5,40
178,763.17,781.2446359757765,648.113629530759,941.6803608410124,293.56673131025343,True,0.08950000000000004,0.5,40
179,761.78,758.0628969372237,635.0024983711361,904.9343052619668,269.93180689083067,True,0.09000000000000004,0.5,40
180,767.53,768.7868521357924,649.8737236253068,909.4251350332011,259.5514114078943,True,0.09050000000000004,0.5,40
181,693.88,771.6326347710522,656.1881816254344,907.3565484041178,251.16836677868343,True,0.09100000000000004,0.5,40
182,674.41,657.397127810357,559.2619998434969,772.7215410468983,213.4595412034014,True,0.09150000000000004,0.5,40
183,735.17,686.8858251405592,584.9023158967063,806.6208193598096,221.71850346310327,True,0.09200000000000004,0.5,40
184,820.42,770.2077425048411,659.028845126095,900.1142262817124,241.08538115561737,True,0.09250000000000004,0.5,40
185,801.07,862.6425601781776,742.51121344692,1002.1838905202553,259.6726770733353,True,0.09300000000000004,0.5,40
186,789.33,776.125731163219,674.1456531116364,893.5097983710307,219.36414525939426,True,0.09350000000000004,0.5,40
187,735.06,805.7483040623921,705.5152767923959,920.2013490527693,214.6860722603734,True,0.09400000000000004,0.5,40
188,663.38,710.1864266470614,627.5585425874276,803.6762539651032,176.11771137767562,True,0.09450000000000004,0.5,40
189,700.84,648.1777627308851,576.2437654923456,729.0759104168544,152.83214492450884,True,0.09500000000000004,0.5,40
190,586.13,743.1741951611413,664.9673988375415,830.5650791771372,165.59768033959574,False,0.08550000000000005,0.492,40
191,532.0,544.4554231183549,489.21197287375054,605.9244226432787,116.71244976952818,True,0.08600000000000005,0.496,41
192,556.43,535.2533338702855,483.4951103952167,592.5408467846426,109.04573638942583,True,0.08650000000000005,0.5,40
193,583.62,572.9304615224218,514.8776453186604,637.5160854564076,122.63844013774724,True,0.08700000000000005,0.5,40
194,575.75,596.4631446008374,533.8993925388714,666.3445775700343,132.44518503116285,True,0.08750000000000005,0.5,40
195,627.63,574.2318732767491,511.25963731214983,644.9453057236406,133.68566841149072,True,0.08800000000000005,0.5,40
196,648.51,660.7495351741954,590.9116367807181,738.8274000575095,147.91576327679138,True,0.08850000000000005,0.5,40
197,519.61,652.8261603310069,583.3418709676853,730.572850025714,147.23097905802877,False,0.07900000000000006,0.492,40
198,402.01,474.3629728287953,418.4837181936449,537.685880133055,119.20216193941008,False,0.06950000000000006,0.484,41
199,440.03,376.53859283878364,321.71148252824725,440.6805623587088,118.96907983046157,True,0.07000000000000006,0.488,41
200,468.79,494.17646856816293,419.0116320143954,582.7927246149053,163.7810926005099,True,0.07050000000000006,0.492,41
201,433.42,470.65397073876284,395.93745415551433,559.4345616286594,163.49710747314504,True,0.07100000000000006,0.496,41
202,445.99,427.824471642051,356.34757198515723,513.5982284349262,157.250656449769,True,0.07150000000000006,0.5,40
203,405.25,471.64635690713453,391.01475035152816,568.8626862822473,177.84793593071913,True,0.07200000000000006,0.5,40
204,367.85,383.00707878232305,315.0009397315634,465.6487279442867,150.6477882127233,True,0.07250000000000006,0.5,40
205,366.56,371.06785031756937,303.47016500207286,453.6734003937454,150.20323539167254,True,0.07300000000000006,0.5,40
206,427.44,374.8045170077843,304.95071456699446,460.6071421939069,155.65642762691243,True,0.07350000000000007,0.5,40
207,350.74,473.20010399619963,385.3469046637277,581.0306463325423,195.68374166881466,False,0.06400000000000007,0.492,40
208,314.32,325.10195764805206,265.3268412855165,398.2931627491769,132.9663214636604,True,0.06450000000000007,0.496,41
209,317.44,318.60461954453353,260.0005154936169,390.36747542823974,130.36695993462286,True,0.06500000000000007,0.5,40
210,333.64,324.0953437503118,262.4971263505466,400.093491955322,137.59636560477543,True,0.06550000000000007,0.5,40
211,293.04,345.36475779152653,281.4151900458521,423.79494612348964,142.37975607763752,True,0.06600000000000007,0.5,40
212,305.11,282.90637014072985,229.71283474929487,348.364295636489,118.6514608871941,True,0.06650000000000007,0.5,40
213,234.51,318.3594936560477,259.907685410552,389.9064082484184,129.9987228378664,False,0.05700000000000007,0.492,40
214,217.26,229.34424145204798,189.51582052781526,277.499021357509,87.98320082969371,True,0.05750000000000007,0.496,41
215,217.48,219.38820352600231,183.06500285492996,262.87938771662976,79.8143848616998,True,0.05800000000000007,0.5,40
216,236.25,220.8404248582511,185.9436833937338,262.2513343477801,76.30765095404627,True,0.05850000000000007,0.5,40
217,247.45,243.32268214396416,206.43397363871674,286.7714386071953,80.33746496847857,True,0.05900000000000007,0.5,40
218,311.18,253.0822729116383,215.98651905642186,296.5198721500188,80.53335309359693,False,0.04950000000000007,0.492,40
219,362.25,331.05522835147326,282.97144562374206,387.2808513840607,104.30940576031867,True,0.05000000000000007,0.496,41
220,311.57,376.0759442950517,321.2659224113264,440.207890372363,118.9419679610366,False,0.04050000000000007,0.488,40
221,271.5,305.84455515596517,257.8603633499096,362.72343687701544,104.86307352710583,True,0.04100000000000007,0.492,41
222,276.36,271.25965446500504,225.5414686461439,326.2041975025206,100.66272885637673,True,0.04150000000000007,0.496,41
223,252.95,285.326316147982,234.3635727355835,347.32390741695934,112.96033468137585,True,0.04200000000000007,0.5,40
224,313.62,252.13859880131562,205.83716141318567,308.8048231047153,102.96766169152963,False,0.03250000000000007,0.492,40
225,289.17,333.8717838906941,270.98715848283103,411.29561083566523,140.3084523528342,True,0.03300000000000007,0.496,41
226,351.22,291.0790036301343,238.43920831155657,355.29145687187145,116.85224856031488,True,0.03350000000000007,0.5,40
227,388.77,359.61895071074383,296.53110411924297,436.0838067390719,139.55270261982895,True,0.03400000000000007,0.5,40
228,338.26,394.39858656449826,325.89573034796126,477.256605220228,151.36087487226672,True,0.03450000000000007,0.5,40
229,248.54,337.51337968388106,279.86440482180615,406.9951259672996,127.13072114549345,False,0.02500000000000007,0.492,40
230,205.82,245.5699806526676,202.488663600988,297.77219832880013,95.28353472781214,True,0.02550000000000007,0.496,41
231,244.62,210.10413087065882,169.59528655157266,260.232036192183,90.63674964061033,True,0.02600000000000007,0.5,40
232,252.17,266.8498544313719,213.89428556393747,332.85505961982074,118.96077405588326,True,0.026500000000000072,0.5,40
233,268.38,260.3825442141343,208.47118070938546,325.15863522839607,116.6874545190106,True,0.027000000000000073,0.5,40
234,279.46,280.82183591716347,224.05439658606252,351.9082230986251,127.85382651256259,True,0.027500000000000073,0.5,40
235,253.01,288.25309620725517,229.3215895668825,362.2631826778343,132.94159311095183,True,0.028000000000000073,0.5,40
236,268.67,256.1198382681378,202.85354151260208,323.30445279728656,120.45091128468448,True,0.028500000000000074,0.5,40
237,261.72,279.8366525087809,219.64486949217272,356.4487164549077,136.80384696273498,True,0.029000000000000074,0.5,40
238,267.81,268.39553553742394,207.54524969037678,347.00099582821775,139.45574613784098,True,0.029500000000000075,0.5,40
239,260.49,276.6749085939104,211.40135086208227,362.00783657775196,150.6064857156697,True,0.030000000000000075,0.5,40
240,232.72,267.2785972737922,202.2569527023525,353.10058449804035,150.84363179568786,True,0.030500000000000076,0.5,40
241,229.12,240.7167930268705,179.5306858823385,322.6403149172931,143.1096290349546,True,0.031000000000000076,0.5,40
242,221.78,242.62997697379558,178.51908692734324,329.6365172427328,151.11743031538956,True,0.03150000000000008,0.5,40
243,246.43,234.8749112585949,169.79448904813773,324.753916717822,154.95942766968426,True,0.03200000000000008,0.5,40
244,256.55,261.22629847114285,185.04280909896116,368.6065004764586,183.56369137749746,True,0.03250000000000008,0.5,40
245,280.88,264.10195646019605,181.40419135109283,384.2929409047959,202.88874955370306,True,0.03300000000000008,0.5,40
246,316.47,286.4804815025303,193.6060224047932,423.6786724463214,230.0726500415282,True,0.03350000000000008,0.5,40
247,279.23,308.4386872240795,204.35859616354082,465.2687753996318,260.910179236091,True,0.03400000000000008,0.5,40
248,258.43,270.1287706842307,174.59329719216416,417.64246225921744,243.04916506705328,True,0.03450000000000008,0.5,40
249,232.39,262.37952637396165,165.8980449120979,414.6356352137473,248.73759030164942,True,0.03500000000000008,0.5,40
250,208.46,241.92545163950209,150.9693175887792,387.32032669871865,236.35100910993944,True,0.03550000000000008,0.5,40
251,283.13,224.82309894578617,138.074256250541,365.6823277890437,227.6080715385027,True,0.03600000000000008,0.5,40
252,272.2,299.8978539873462,180.82393063213271,496.9516074667335,316.1276768346008,True,0.03650000000000008,0.5,40
253,399.71,260.92444104316195,155.37857060757074,437.70725093103954,282.3286803234688,True,0.03700000000000008,0.5,40
254,389.77,359.2508637423788,214.79777906262765,600.3995389149289,385.60175985230126,True,0.03750000000000008,0.5,40
255,362.96,333.7076199602069,200.93188451397944,553.7870319195217,352.8551474055423,True,0.03800000000000008,0.5,40
256,349.51,325.3266582620682,197.472719603894,535.5426951624204,338.0699755585264,True,0.03850000000000008,0.5,40
257,320.54,320.48663966503307,196.24132266516003,522.9959765356552,326.7546538704952,True,0.03900000000000008,0.5,40
258,336.2,304.4231141791828,188.42042236421412,491.46684972302904,303.0464273588149,True,0.039500000000000084,0.5,40
259,354.31,321.0844868065551,201.56968853265,511.11223847402766,309.5425499413777,True,0.040000000000000084,0.5,40
260,388.0,331.84101947143773,210.9178966210609,521.7644574109845,310.8465607899236,True,0.040500000000000085,0.5,40
261,377.62,357.94271263213324,230.87017103315225,554.6552202365564,323.7850492034041,True,0.041000000000000085,0.5,40
262,463.84,349.4107420313526,229.21579600660033,532.3590929070862,303.14329690048584,True,0.041500000000000085,0.5,40
263,549.08,426.5647861543094,286.4527971241422,634.9710122432012,348.51821511905905,True,0.042000000000000086,0.5,40
264,555.39,511.93401745456515,353.2272700749292,741.7471809452354,388.5199108703062,True,0.042500000000000086,0.5,40
265,571.97,513.3059432514481,362.04059919574644,727.5978588888933,365.5572596931468,True,0.04300000000000009,0.5,40
266,575.16,543.6265119841697,390.8324092411727,756.0023064975074,365.16989725633476,True,0.04350000000000009,0.5,40
267,564.71,551.0012501684391,402.52216392090367,754.1143590894463,351.5921951685427,True,0.04400000000000009,0.5,40
268,552.27,541.8984358480732,402.4755436280846,729.499571289923,327.0240276618384,True,0.04450000000000009,0.5,40
269,455.31,537.4772720566078,402.45795933875166,717.6815027685982,315.22354342984653,True,0.04500000000000009,0.5,40
270,437.23,441.78370974298196,331.7153825356743,588.2646505237421,256.54926798806787,True,0.04550000000000009,0.5,40
271,530.32,427.46994486010334,323.6827666824144,564.433439921354,240.75067323893956,True,0.04600000000000009,0.5,40
272,558.25,517.7952422158136,394.62398990234686,679.3139097105801,284.68991980823324,True,0.04650000000000009,0.5,40
273,540.61,543.7479813521408,416.68791627674824,709.4595359914936,292.7716197147453,True,0.04700000000000009,0.5,40
274,454.72,525.7408774894458,404.938463984359,682.4926389952587,277.55417501089977,True,0.04750000000000009,0.5,40
275,533.92,440.8857617862294,338.6557076272442,573.8851618995552,235.229454272311,True,0.04800000000000009,0.5,40
276,651.85,521.6461283990175,402.4707534394272,676.0229891557466,273.5522357163194,True,0.04850000000000009,0.5,40
277,721.31,639.8061103011777,495.8841544478427,825.4149044069158,329.53074995907303,True,0.04900000000000009,0.5,40
278,814.61,704.5061010231981,543.6743331229509,912.8283710324915,369.15403790954065,True,0.04950000000000009,0.5,40
279,790.3,800.1909848243635,615.3087737715667,1040.5347330456057,425.2259592740389,True,0.05000000000000009,0.5,40
280,839.39,767.7154626352069,588.7894700375787,1000.9227071938218,412.1332371562431,True,0.05050000000000009,0.5,40
281,826.76,824.4747489816848,631.0576513761232,1077.0797601655559,446.02210878943265,True,0.051000000000000094,0.5,40
282,796.76,807.3839783748599,616.9930802716723,1056.430378032536,439.43729776086377,True,0.051500000000000094,0.5,40
283,841.57,775.9979986339036,591.9720980810175,1017.1354094650925,425.163311384075,True,0.052000000000000095,0.5,40
284,854.49,826.0666820510954,629.3588779111084,1084.1585034001364,454.799625489028,True,0.052500000000000095,0.5,40
285,866.49,835.6480132414198,635.9319699390941,1097.9869108434764,462.0549409043823,True,0.053000000000000096,0.5,40
286,880.03,846.8776417467063,643.6048987422852,1114.251368360098,470.64646961781284,True,0.053500000000000096,0.5,40
287,868.12,862.9173745886303,655.6348151559114,1135.633655251584,479.9988400956727,True,0.0540000000000001,0.5,40
288,869.18,851.1780987254992,646.9185429695432,1119.831499310159,472.9129563406158,True,0.0545000000000001,0.5,40
289,885.08,855.529695035465,650.8790829206025,1124.4282238825922,473.5491409619897,True,0.0550000000000001,0.5,40
290,912.98,874.171988424456,665.8171019532881,1147.6298222994149,481.81272034612675,True,0.0555000000000001,0.5,40
291,898.38,901.4784208809128,685.1591861983378,1185.994674906648,500.8354887083102,True,0.0560000000000001,0.5,40
292,890.62,874.2404987499812,665.5562019826516,1148.259324830427,482.7031228477754,True,0.0565000000000001,0.5,40
293,904.52,877.2390407392851,666.1979622704573,1155.0344250062349,488.83646273577756,True,0.0570000000000001,0.5,40
294,914.69,895.8620444969102,669.3830056127847,1198.8536957599722,529.4706901471875,True,0.0575000000000001,0.5,40
295,911.8,903.9685304160706,665.8236748042812,1227.1628142309091,561.339139426628,True,0.0580000000000001,0.5,40
296,888.26,897.6571631345636,653.31744075981,1233.2399064210697,579.9224656612597,True,0.0585000000000001,0.5,40
297,815.32,869.9709954233349,625.9999698519472,1208.8732238341893,582.8732539822421,True,0.0590000000000001,0.5,40
298,738.95,780.9030514591424,554.2580211965927,1100.0599730979086,545.8019519013159,True,0.0595000000000001,0.5,40
299,781.37,712.1011573686663,509.7447660968017,994.6308794442989,484.8861133474972,True,0.0600000000000001,0.5,40
300,770.69,808.1512223517715,580.3927596907654,1125.133220134364,544.7404604435985,True,0.0605000000000001,0.5,40
301,656.01,741.0358305099854,524.6637100608813,1046.4703945168146,521.8066844559334,True,0.0610000000000001,0.5,40
302,605.6,617.1869866600467,441.05896304717993,863.4890895132519,422.43012646607195,True,0.0615000000000001,0.5,40
303,644.86,606.679689614458,428.25004554920145,859.2785462665654,431.02850071736395,True,0.062000000000000104,0.5,40
304,652.94,669.3405939573948,476.36127324771337,940.3342411502489,463.9729679025355,True,0.0625000000000001,0.5,40
305,579.58,649.5446965293647,460.05860374566424,916.9058773533691,456.84727360770484,True,0.0630000000000001,0.5,40
306,602.84,558.2208928478464,395.6112041110329,787.5001829398472,391.88897882881423,True,0.0635000000000001,0.5,40
307,581.64,637.3248074327976,451.42902769193796,899.602160437768,448.17313274583006,True,0.0640000000000001,0.5,40
308,576.48,572.2444038054921,410.4108386639806,797.7372125669865,387.3263739030059,True,0.0645000000000001,0.5,40
309,605.24,582.0240998876997,424.1829238105958,798.4608485294758,374.27792471888,True,0.0650000000000001,0.5,40
310,565.89,615.9780772440491,448.1741439494042,846.4707480995218,398.29660415011756,True,0.0655000000000001,0.5,40
311,525.93,552.509735797715,403.8149384025599,755.8224355351975,352.00749713263764,True,0.0660000000000001,0.5,40
312,478.79,527.2036654170627,388.2473858623022,715.7655385583431,327.5181526960409,True,0.0665000000000001,0.5,40
313,429.65,468.415636095961,337.59494790515953,649.7806474215205,312.18569951636096,True,0.0670000000000001,0.5,40
314,452.3,418.82190441117973,303.58200096844223,577.6633184594878,274.0813174910455,True,0.0675000000000001,0.5,40
315,466.22,471.6494286677188,344.9072314500543,644.8306219370769,299.9233904870226,True,0.0680000000000001,0.5,40
316,441.92,470.96389804629683,347.35813674054225,638.4279265104689,291.0697897699266,True,0.0685000000000001,0.5,40
317,425.28,439.6183909042488,327.6658456165298,589.7050245481462,262.0391789316164,True,0.0690000000000001,0.5,40
318,394.61,426.0895019926691,316.1270197389001,574.1810200925983,258.05400035369814,True,0.0695000000000001,0.5,40
319,354.84,382.1561967912956,282.47918078506774,516.8816685338156,234.4024877487479,True,0.0700000000000001,0.5,40
320,403.6,343.3663245989596,252.68152044255592,466.4686800635496,213.78715962099366,True,0.0705000000000001,0.5,40
321,406.38,453.8263550446164,332.17156749004965,619.902362112126,287.7307946220763,True,0.0710000000000001,0.5,40
322,384.67,404.16894459396383,297.2163655811586,549.4790903861727,252.26272480501416,True,0.0715000000000001,0.5,40
323,360.24,383.3966123078163,284.8040075808066,516.0002926286771,231.1962850478705,True,0.0720000000000001,0.5,40
324,315.11,356.0433991622868,266.8013622231625,475.02442282996776,208.22306060680523,True,0.0725000000000001,0.5,40
325,292.02,301.92357116755034,227.87118813182857,399.93596191778903,172.06477378596045,True,0.0730000000000001,0.5,40
326,252.78,290.98121326771883,220.7873765661518,383.3908080848819,162.60343151873008,True,0.0735000000000001,0.5,40
327,281.86,238.8849249318419,182.15050642393734,313.19392898841835,131.043422564481,True,0.07400000000000011,0.5,40
328,358.97,296.88940587008926,228.6005875356411,385.48898542500405,156.88839788936295,True,0.07450000000000011,0.5,40
329,365.61,392.39493297843364,302.3318646201555,509.198865809573,206.86700118941752,True,0.07500000000000011,0.5,40
330,362.84,357.1978352414906,267.7657676481265,476.3885093122069,208.62274166408042,True,0.07550000000000011,0.5,40
331,319.32,373.6265115541261,282.0269801629517,494.8715352098612,212.84455504690948,True,0.07600000000000011,0.5,40
332,279.63,301.3774862573827,229.08426870417333,396.38546537873435,167.30119667456103,True,0.07650000000000011,0.5,40
333,259.48,276.3189118449492,210.88249347211965,361.96429028472926,151.0817968126096,True,0.07700000000000011,0.5,40
334,310.6,255.99802900654032,195.84420717601796,334.53431853946546,138.6901113634475,True,0.07750000000000011,0.5,40
335,432.36,350.07988021129376,272.09789646530317,450.3292994361678,178.23140297086462,True,0.07800000000000011,0.5,40
336,545.39,490.92993899320066,385.8078843540786,624.6208176365277,238.81293328244908,True,0.07850000000000011,0.5,40
337,511.32,584.9222914141031,456.2511193477672,749.8017302738389,293.55061092607167,True,0.07900000000000011,0.5,40
338,437.14,468.4793076662578,369.6779441809404,593.6154169323837,223.9374727514433,True,0.07950000000000011,0.5,40
339,417.5,423.0189797417415,336.78961725575147,531.2605728437798,194.4709555880283,True,0.08000000000000011,0.5,40
340,393.28,420.14394258786655,337.9811750450949,522.2214454235035,184.24027037840858,True,0.08050000000000011,0.5,40
341,363.72,383.90039864022185,311.7387055515986,472.7127648210424,160.97405926944379,True,0.08100000000000011,0.5,40
342,384.73,361.0155665903188,295.30106387592843,441.3044208460451,146.00335697011667,True,0.08150000000000011,0.5,40
343,463.6,411.03376694782025,338.0363265415566,499.74818482438116,161.71185828282455,True,0.08200000000000011,0.5,40
344,507.9,501.5200284506389,415.3306844727783,605.5524075262878,190.2217230535095,True,0.08250000000000011,0.5,40
345,421.92,497.8627149433748,414.60301964147067,597.8022141305973,183.19919448912668,True,0.08300000000000012,0.5,40
346,350.8,372.3531269708414,306.5347657578652,452.25788476433496,145.72311900646974,True,0.08350000000000012,0.5,40
347,390.42,349.0451683837249,283.6495018255467,429.46490200389087,145.8154001783442,True,0.08400000000000012,0.5,40
348,410.59,430.6227463850136,349.12263515828903,531.0941192868526,181.97148412856353,True,0.08450000000000012,0.5,40
349,339.39,394.3534773821803,320.14120372535496,485.71540825342396,165.574204528069,True,0.08500000000000012,0.5,40
350,380.09,317.76673194020543,258.4631436414245,390.6249065889138,132.1617629474893,True,0.08550000000000012,0.5,40
351,505.66,441.2843856335061,358.01840924025356,543.8619701400963,185.84356089984277,True,0.08600000000000012,0.5,40
352,660.02,507.44262825853235,410.9518949488938,626.5342082417535,215.58231329285968,False,0.07650000000000012,0.492,40
353,689.19,679.7599137417716,551.0567118742155,838.4682107647237,287.41149889050826,True,0.07700000000000012,0.496,41
354,430.95,581.9020608212955,472.88459846908717,715.9990618124673,243.11446334338012,False,0.06750000000000013,0.488,40
355,370.42,332.78894195655346,268.288332872337,412.73889683254333,144.45056396020635,True,0.06800000000000013,0.492,41
356,399.18,416.3652758626548,326.29099889883287,531.2290380181033,204.93803911927046,True,0.06850000000000013,0.496,41
357,469.53,379.8399958141858,291.76290322391947,494.41489312536294,202.65198990144347,True,0.06900000000000013,0.5,40
358,519.73,518.8732642250737,393.8747608661007,683.4403280251165,289.5655671590158,True,0.06950000000000013,0.5,40
359,565.3,451.94230280297666,334.34300144468557,610.7817541580744,276.4387527133888,True,0.07000000000000013,0.5,40
360,491.65,566.6754843841787,424.0802850163924,757.1049202467361,333.02463523034373,True,0.07050000000000013,0.5,40
361,390.15,411.0791770643547,306.4022583126042,551.4007829420466,244.9985246294424,True,0.07100000000000013,0.5,40
362,415.93,380.6040167417636,281.84858807808774,513.8394997582436,231.99091168015588,True,0.07150000000000013,0.5,40
363,473.95,435.5660404882535,321.09029006058455,590.7282004115735,269.637910350989,True,0.07200000000000013,0.5,40
364,514.89,469.0744525769433,345.1936118164822,637.2844264689942,292.090814652512,True,0.07250000000000013,0.5,40
365,543.65,464.1848146616906,329.4081521390405,653.9381738643317,324.5300217252912,True,0.07300000000000013,0.5,40
366,533.86,515.0635744564181,368.6407868659864,719.4876256723535,350.8468388063671,True,0.07350000000000013,0.5,40
367,492.89,491.91242843653276,354.97191989473754,681.5332239100352,326.56130401529765,True,0.07400000000000014,0.5,40
368,470.91,461.1543125795343,331.96067067493766,640.4769894681702,308.5163187932326,True,0.07450000000000014,0.5,40
369,414.58,457.1852131835394,329.05791103854625,635.0510763686196,305.9931653300734,True,0.07500000000000014,0.5,40
370,352.78,389.3281453258824,277.24808321947455,546.5547549895208,269.30667177004625,True,0.07550000000000014,0.5,40
371,403.4,356.606595287805,251.1425059817402,506.1833346599523,255.04082867821214,True,0.07600000000000014,0.5,40
372,576.72,458.32618394256974,326.5902123241516,643.0379941708314,316.44778184667985,True,0.07650000000000014,0.5,40
373,701.46,597.9684405693679,432.4598677393741,826.6733776281535,394.2135098887794,True,0.07700000000000014,0.5,40
374,590.11,620.9694957856382,455.85672734844627,845.7557344138485,389.8990070654022,True,0.07750000000000014,0.5,40
375,444.46,484.7474739173181,357.6250212460439,656.9312497417062,299.3062284956623,True,0.07800000000000014,0.5,40
376,391.13,421.43693769634905,311.18347189532426,570.628488999907,259.4450171045827,True,0.07850000000000014,0.5,40
377,370.45,406.22592923846474,298.5356485466993,552.6334598193135,254.09781127261425,True,0.07900000000000014,0.5,40
378,565.63,388.69233067127493,286.0684352179562,528.0031712079762,241.93473599001993,False,0.06950000000000014,0.492,40
379,654.83,663.6067120100861,494.71763404389225,890.0356447189611,395.3180106750688,True,0.07000000000000015,0.496,41
380,681.55,505.3213436504969,377.424072520097,676.4444905917816,299.02041807168456,False,0.060500000000000144,0.488,40
381,670.19,649.6128061709024,490.26426247461757,860.6483141300084,370.38405165539086,True,0.061000000000000144,0.492,41
382,645.48,551.7264528707259,419.77473617424863,725.0572117061237,305.28247553187504,True,0.061500000000000145,0.496,41
383,659.6,597.9350795649459,458.2212006640629,780.1556370105118,321.9344363464489,True,0.062000000000000145,0.5,40
384,497.76,594.3021659289456,458.333729548977,770.5189326672498,312.18520311827285,True,0.06250000000000014,0.5,40
385,444.37,434.9963120342853,335.92737807874937,563.195124751981,227.2677466732316,True,0.06300000000000014,0.5,40
386,537.22,474.1267781471051,367.1983779196208,612.1082287432824,244.90985082366166,True,0.06350000000000014,0.5,40
387,648.37,553.1460676763922,429.89472701584265,711.651710657667,281.7569836418243,True,0.06400000000000014,0.5,40
388,748.12,617.4911620828165,480.9786533669708,792.6685886445256,311.6899352775548,True,0.06450000000000014,0.5,40
389,736.18,684.2288373144557,534.6728750897857,875.5397340842022,340.8668589944165,True,0.06500000000000014,0.5,40
390,637.19,632.9008846235794,494.6758215833623,809.6716406762984,314.9958190929361,True,0.06550000000000014,0.5,40
391,581.38,569.992176925901,445.0527822716545,729.9270989190238,284.8743166473693,True,0.06600000000000014,0.5,40
392,600.4,554.6449797111218,432.70321544893676,710.8723875694287,278.16917212049196,True,0.06650000000000014,0.5,40
393,623.0,595.6768742479255,463.9044118097574,764.7989109554037,300.8944991456463,True,0.06700000000000014,0.5,40
394,704.41,592.9344221784401,462.5625956289391,759.9718755885222,297.40927995958305,True,0.06750000000000014,0.5,40
395,695.15,698.6490263135196,544.1972748506238,896.8562120575061,352.65893720688234,True,0.06800000000000014,0.5,40
396,617.75,612.0156660770157,474.8372784200273,788.7409973922521,313.9037189722248,True,0.06850000000000014,0.5,40
397,658.6,580.7045688772429,448.4022680914298,751.9561586098102,303.55389051838046,True,0.06900000000000014,0.5,40
398,639.61,657.5477659760815,505.6579960401465,854.9722010934639,349.31420505331744,True,0.06950000000000014,0.5,40
399,738.71,582.2000144806964,445.48647195108344,760.7750553650545,315.2885834139711,True,0.07000000000000015,0.5,40
400,784.61,762.6884471937437,574.1327596479562,1013.0615963767838,438.9288367288276,True,0.07050000000000015,0.5,40
401,752.93,690.7676221714536,520.5129614165826,916.6041220238994,396.09116060731685,True,0.07100000000000015,0.5,40
402,648.51,704.3805117938167,522.5146917029439,949.4254117491633,426.91072004621947,True,0.07150000000000015,0.5,40
403,620.02,583.6749042326229,434.13003672489185,784.6151375170543,350.4851007921625,True,0.07200000000000015,0.5,40
404,542.95,621.4047455398515,462.7464269840948,834.3437239179283,371.5972969338335,True,0.07250000000000015,0.5,40
405,509.97,515.0195875784235,384.9856219321513,688.8604498055953,303.874827873444,True,0.07300000000000015,0.5,40
406,524.57,534.4786274226167,401.7554471773845,710.9391244387627,309.18367726137825,True,0.07350000000000015,0.5,40
407,545.42,539.486281212983,402.05257182172664,723.7824244343223,321.7298526125956,True,0.07400000000000015,0.5,40
408,545.98,561.0871129722715,419.79486591745336,749.8217142351755,330.0268483177221,True,0.07450000000000015,0.5,40
409,533.18,549.2534826803357,410.89307398922097,734.0910086188095,323.19793462958853,True,0.07500000000000015,0.5,40
410,425.08,540.178669912462,405.43295432186534,719.5969635431836,314.1640092213183,True,0.07550000000000015,0.5,40
411,415.31,423.3900977355404,318.80536244316596,562.1767825281203,243.3714200849543,True,0.07600000000000015,0.5,40
412,435.19,477.87303417579926,362.6616290733596,629.5844898870998,266.9228608137402,True,0.07650000000000015,0.5,40
413,445.08,470.39600107667104,359.5240689093979,615.3643678583933,255.84029894899538,True,0.07700000000000015,0.5,40
414,542.95,477.79141214949436,365.1480659817391,625.0888357649825,259.9407697832434,True,0.07750000000000015,0.5,40
415,628.54,591.2642249653701,452.4639931011191,772.5496478451594,320.08565474404026,True,0.07800000000000015,0.5,40
416,518.26,625.3118911990412,483.17881480984835,809.1688323793649,325.9900175695165,True,0.07850000000000015,0.5,40
417,417.23,478.89999072644736,372.69391771688265,615.2904724441536,242.59655472727093,True,0.07900000000000015,0.5,40
418,378.74,432.3402872689779,339.3477415072179,550.7410038884535,211.39326238123562,True,0.07950000000000015,0.5,40
419,385.55,403.000114662636,317.7994618487817,510.97104192366055,193.17158007487888,True,0.08000000000000015,0.5,40
420,378.53,422.62987858059006,334.48692041912096,533.9307621352415,199.44384171612052,True,0.08050000000000015,0.5,40
421,384.16,396.69521033968607,314.6977767362789,499.9901620537822,185.29238531750332,True,0.08100000000000016,0.5,40
422,503.95,415.2033667201151,330.2638751997087,521.9222243588333,191.6583491591246,True,0.08150000000000016,0.5,40
423,526.31,579.7183418857342,460.2643026088563,730.1075032148857,269.84320060602937,True,0.08200000000000016,0.5,40
424,445.69,511.2187145703332,406.56512398831813,642.745001997778,236.17987800945986,True,0.08250000000000016,0.5,40
425,377.29,435.23216572618776,346.2744346127851,546.9772866849387,200.70285207215358,True,0.08300000000000016,0.5,40
426,359.06,378.4200263894444,301.05437924459306,475.60145429903963,174.54707505444657,True,0.08350000000000016,0.5,40
427,351.81,379.8537180371194,302.00168374583495,477.70874098629986,175.7070572404649,True,0.08400000000000016,0.5,40
428,333.67,364.67413977321974,288.5579863387114,460.79895843890716,172.2409721001958,True,0.08450000000000016,0.5,40
429,366.33,342.4819719893197,270.92882373668226,432.8630361447656,161.93421240808334,True,0.08500000000000016,0.5,40
430,356.32,401.52629091765704,316.7238298161618,508.9630549388661,192.23922512270428,True,0.08550000000000016,0.5,40
431,381.42,357.2240138696276,280.8426856592056,454.3052133062365,173.46252764703092,True,0.08600000000000016,0.5,40
432,368.27,411.5457995250049,322.7114339806978,524.758496117483,202.0470621367852,True,0.08650000000000016,0.5,40
433,371.22,368.9994968007437,288.43059484924856,471.99639384740397,183.5657989981554,True,0.08700000000000016,0.5,40
434,418.97,387.9683111694893,305.16864911164464,493.1601549767898,187.99150586514514,True,0.08750000000000016,0.5,40
435,416.88,444.5190254634709,352.58417587144265,560.3577065792883,207.77353070784568,True,0.08800000000000016,0.5,40
436,446.46,414.78531724399693,332.18074950432396,517.869803531214,185.68905402689,True,0.08850000000000016,0.5,40
437,500.0,470.9340106437093,380.3405388236558,583.0493934615498,202.70885463789404,True,0.08900000000000016,0.5,40
438,444.49,511.64915412449466,416.7935507201124,628.0407182484743,211.24716752836184,True,0.08950000000000016,0.5,40
439,467.73,416.3840303073526,337.14262503681994,514.1951154831178,177.05249044629784,True,0.09000000000000016,0.5,40
440,464.75,500.51242573977925,404.6491583747264,619.0301614802215,214.3810031054951,True,0.09050000000000016,0.5,40
441,457.46,452.5188795832627,366.8678587234095,558.1121084951948,191.2442497717853,True,0.09100000000000016,0.5,40
442,425.05,463.9230562018927,376.82718077079033,571.096077754761,194.2688969839707,True,0.09150000000000016,0.5,40
443,402.66,415.51218556278275,337.99732962699125,510.7515259284601,172.75419630146888,True,0.09200000000000016,0.5,40
444,388.56,411.95282176080497,334.63256947605646,507.08547354751437,172.4529040714579,True,0.09250000000000017,0.5,40
445,306.23,395.7569910659182,320.21499948969523,489.06463026248275,168.84963077278752,False,0.08300000000000017,0.492,40
446,296.32,303.37615127157414,242.50435713456534,379.46482023193863,136.9604630973733,True,0.08350000000000017,0.496,41
447,301.39,339.0130435697778,270.8374550541393,424.2867573916879,153.4493023375486,True,0.08400000000000017,0.5,40
448,427.88,320.43125446382396,253.08490835862864,405.62805206973997,152.54314371111133,False,0.07450000000000018,0.492,40
449,542.18,477.51509223748724,376.44049992177474,605.6563962969177,229.21589637514296,True,0.07500000000000018,0.496,41
450,551.26,504.6300494907745,396.41096350238195,642.3183037903551,245.90734028797317,True,0.07550000000000018,0.5,40
451,436.11,509.3767251728977,400.41432895988356,647.9165503213608,247.5022213614772,True,0.07600000000000018,0.5,40
452,412.98,395.2807274831518,310.3866866744917,503.3196183231052,192.93293164861348,True,0.07650000000000018,0.5,40
453,332.53,424.00904995469676,332.7347920847777,540.2462135428432,207.51142145806546,False,0.06700000000000018,0.492,40
454,302.49,327.5912361739007,253.81396102048168,422.7295321570449,168.91557113656322,True,0.06750000000000018,0.496,41
455,305.41,330.1250991668626,255.77134883786613,426.00960132237066,170.23825248450453,True,0.06800000000000019,0.5,40
456,317.03,331.51097310729824,257.13172513517816,427.3221954948102,170.19047035963206,True,0.06850000000000019,0.5,40
457,296.32,341.2844471295608,264.7247669124246,439.9022316892324,175.17746477680777,True,0.06900000000000019,0.5,40
458,296.77,310.6108225412711,241.19852751080197,399.9161646142413,158.71763710343936,True,0.06950000000000019,0.5,40
459,300.16,320.422422574982,249.22525535395812,411.8774834811497,162.65222812719156,True,0.07000000000000019,0.5,40
460,307.53,318.4521664549201,248.1995062443612,408.50998736198784,160.31048111762664,True,0.07050000000000019,0.5,40
461,308.95,325.72464387341967,254.2305515348921,417.2453560996182,163.01480456472612,True,0.07100000000000019,0.5,40
462,318.24,322.0909797584744,252.22160866713946,411.2388359774974,159.01722731035792,True,0.07150000000000019,0.5,40
463,309.15,332.917688432746,260.05385344453754,426.1188537424041,166.06500029786656,True,0.07200000000000019,0.5,40
464,297.41,318.13153448724995,247.6653855582027,408.56619706263433,160.90081150443163,True,0.07250000000000019,0.5,40
465,302.28,307.49430873243614,239.33997759119063,394.9754822070513,155.63550461586067,True,0.07300000000000019,0.5,40
466,316.38,315.0124426216668,245.03538248226897,404.89228624020836,159.8569037579394,True,0.07350000000000019,0.5,40
467,332.34,328.0956344660525,255.6763861278509,420.9474111290756,165.2710250012247,True,0.07400000000000019,0.5,40
468,320.25,340.99072776331184,266.1470614110453,436.8025244160294,170.65546300498414,True,0.07450000000000019,0.5,40
469,317.15,323.22382997182353,252.05658803746775,414.40547407536235,162.3488860378946,True,0.07500000000000019,0.5,40
470,319.63,325.31197510404286,254.14603366548633,416.32769099559397,162.18165733010764,True,0.07550000000000019,0.5,40
471,393.87,327.3087966342508,256.1968714762541,418.08233692252105,161.88546544626695,True,0.07600000000000019,0.5,40
472,445.96,412.0405888811993,322.34623651674514,526.6156293054394,204.26939278869423,True,0.07650000000000019,0.5,40
473,440.3,436.6934292705296,342.4216039952037,556.8435829251781,214.4219789299744,True,0.0770000000000002,0.5,40
474,460.97,423.9794543094101,333.33804593091844,539.1943894307543,205.85634349983587,True,0.0775000000000002,0.5,40
475,462.57,453.1184238080393,357.0293411711003,574.9962079290727,217.9668667579724,True,0.0780000000000002,0.5,40
476,428.97,444.7254340242781,351.38218108296394,562.7945764611648,211.4123953782008,True,0.0785000000000002,0.5,40
477,426.58,412.3324796738197,326.8001943099289,520.1825426551733,193.3823483452444,True,0.0790000000000002,0.5,40
478,436.4,420.6656710271684,336.15934295992815,526.3528432042418,190.19350024431367,True,0.0795000000000002,0.5,40
479,538.76,428.5949400358567,345.70973308751854,531.2948705850888,185.58513749757026,False,0.0700000000000002,0.492,40
480,743.61,549.2934848262468,445.3907118205987,677.3808699942599,231.9901581736612,False,0.0605000000000002,0.484,41
481,900.24,768.9646819099858,625.6869889085013,944.9995530165749,319.3125641080735,True,0.0610000000000002,0.488,41
482,939.35,889.6643554254999,724.5392517383145,1092.3701962022042,367.83094446388964,True,0.0615000000000002,0.492,41
483,970.74,901.782663190341,734.5563545451603,1107.0273209807556,372.4709664355953,True,0.0620000000000002,0.496,41
484,1061.05,951.1701095128823,773.6350984307496,1169.3935430842403,395.75844465349064,True,0.0625000000000002,0.5,40
485,1122.41,1073.9796501410776,870.3450854452489,1325.2038973077385,454.8588118624897,True,0.0630000000000002,0.5,40
486,1276.06,1107.610916998944,891.0343355248268,1376.770021112639,485.7356855878121,True,0.0635000000000002,0.5,40
487,1351.54,1337.4604285055134,1068.0145221789105,1674.8203761570046,606.8058539780941,True,0.0640000000000002,0.5,40
488,1381.8,1324.320296904161,1037.0809290870848,1691.039454891848,653.9585258047632,True,0.0645000000000002,0.5,40
489,1380.15,1378.7682907525764,1080.3517411344124,1759.537726761424,679.1859856270116,True,0.0650000000000002,0.5,40
490,1398.23,1353.5582473381676,1047.7124162996834,1748.6007646270893,700.888348327406,True,0.0655000000000002,0.5,40
491,1413.95,1409.8478168040062,1052.8334039236397,1887.8104654584101,834.9770615347704,True,0.0660000000000002,0.5,40
492,1433.63,1394.8470702631494,1025.9322147582313,1896.290800270515,870.3585855122838,True,0.0665000000000002,0.5,40
493,1499.58,1442.4885721756882,1042.3527221786476,1996.0803868234252,953.7276646447776,True,0.0670000000000002,0.5,40
494,1551.26,1523.029982511402,1070.9875402476532,2165.6925224309193,1094.704982183266,True,0.0675000000000002,0.5,40
495,1561.11,1555.6390420705413,1088.0964243091537,2223.894925015802,1135.7985007066484,True,0.0680000000000002,0.5,40
496,1565.24,1549.6222973782858,1075.5609049354778,2232.4356543170393,1156.8747493815615,True,0.0685000000000002,0.5,40
497,1487.46,1561.9978279251598,1069.1263699710346,2281.8726388313294,1212.7462688602948,True,0.0690000000000002,0.5,40
498,1469.91,1425.9676345062446,956.4403925380564,2125.7502873265407,1169.3098947884844,True,0.0695000000000002,0.5,40
499,1497.63,1486.9925722145656,965.3567126370939,2290.205582795192,1324.8488701580982,True,0.0700000000000002,0.5,40
500,1696.85,1491.7847539836005,977.0086686925961,2277.513875244906,1300.50520655231,True,0.0705000000000002,0.5,40
501,1751.22,1831.515462444531,1181.9661428170537,2837.7227652191796,1655.756622402126,True,0.0710000000000002,0.5,40
502,1751.87,1689.630135658241,1088.510236539726,2622.4083533473845,1533.8981168076584,True,0.0715000000000002,0.5,40
503,1772.43,1775.6959281473744,1148.712621229491,2744.5977805303833,1595.8851593008922,True,0.0720000000000002,0.5,40
504,1888.79,1754.2645765744362,1140.4527023124485,2698.1514650895174,1557.6987627770689,True,0.0725000000000002,0.5,40
505,1962.74,1963.1685593437821,1277.492606568559,3016.583449206863,1739.090842638304,True,0.0730000000000002,0.5,40
506,2093.64,1946.4647059472582,1237.9694557034525,3060.1075708536314,1822.138115150179,True,0.0735000000000002,0.5,40
507,2416.9,2178.768367741844,1392.3560916297622,3409.0329166038273,2016.676824974065,True,0.0740000000000002,0.5,40
508,2440.97,2565.4426691794392,1549.8287971475022,4246.166409535286,2696.3376123877842,True,0.0745000000000002,0.5,40
509,2486.66,2338.2368376695476,1400.8800513170236,3902.350345537353,2501.4702942203294,True,0.0750000000000002,0.5,40
510,2458.43,2575.0693096421596,1487.1797524460994,4458.228179373168,2971.0484269270687,True,0.0755000000000002,0.5,40
511,2462.23,2373.021539033703,1356.9898470737428,4149.235938759494,2792.2460916857517,True,0.0760000000000002,0.5,40
512,2459.55,2498.6869964527136,1458.8833377133383,4279.092058603745,2820.2087208904063,True,0.0765000000000002,0.5,40
513,2412.53,2417.8311099322314,1401.2111564062886,4171.512757187581,2770.301600781292,True,0.07700000000000021,0.5,40
514,2370.91,2390.6896455403553,1396.9137322505474,4090.9401738588263,2694.026441608279,True,0.07750000000000021,0.5,40
515,2383.24,2339.047968422731,1400.497352041729,3906.12439559166,2505.627043549931,True,0.07800000000000021,0.5,40
516,2459.61,2394.0944091050333,1416.7456458762988,4045.196329511921,2628.450683635622,True,0.07850000000000021,0.5,40
517,2680.95,2485.1484707183563,1502.4401794314495,4110.193982319037,2607.7538028875874,True,0.07900000000000021,0.5,40
518,2740.95,2794.647363682375,1698.242315615209,4598.4877306445605,2900.2454150293515,True,0.07950000000000021,0.5,40
519,2635.91,2695.623858263377,1667.8664241441807,4356.317115229477,2688.4506910852965,True,0.08000000000000021,0.5,40
520,2593.14,2585.216324101675,1634.7611216160562,4087.9313156202397,2453.1701940041835,True,0.08050000000000021,0.5,40
521,2576.86,2583.860818129661,1665.153981091134,4009.136833047293,2343.982851956159,True,0.08100000000000021,0.5,40
522,2611.43,2562.329383129115,1681.6283304494755,3903.9963723467567,2222.3680418972813,True,0.08150000000000021,0.5,40
523,2539.49,2621.639828667655,1738.69709589657,3952.6995762869537,2214.0024803903834,True,0.08200000000000021,0.5,40
524,2573.38,2490.1034534405335,1689.6302255107228,3669.58172869748,1979.951503186757,True,0.08250000000000021,0.5,40
525,2508.81,2597.135500016322,1769.7101417815643,3811.2038820274515,2041.4937402458872,True,0.08300000000000021,0.5,40
526,2473.97,2466.177431143374,1720.1577284366952,3535.5523892292713,1815.3946607925761,True,0.08350000000000021,0.5,40
527,2303.16,2464.672088321284,1748.8514196352405,3473.3171785373274,1724.465758902087,True,0.08400000000000021,0.5,40
528,1968.99,2236.623174098641,1612.8152297164072,3101.559312284555,1488.7440825681476,True,0.08450000000000021,0.5,40
529,1887.64,1858.7818882322567,1347.3777810266115,2564.148076797385,1216.7702957707734,True,0.08500000000000021,0.5,40
530,1667.15,1896.2499534958401,1401.7213050928585,2565.1244132894103,1163.4031081965518,True,0.08550000000000021,0.5,40
531,1590.52,1589.3778918308099,1193.7398964320778,2116.0313692357768,922.291472803699,True,0.08600000000000022,0.5,40
532,1568.75,1596.3583827649948,1215.6354038773009,2096.221398340079,880.585994462778,True,0.08650000000000022,0.5,40
533,1572.88,1565.9330202862072,1206.6408118754841,2032.120333396294,825.4795215208098,True,0.08700000000000022,0.5,40
534,1529.34,1584.3464505829568,1234.1557605354394,2033.8230147803017,799.6672542448623,True,0.08750000000000022,0.5,40
535,1597.57,1518.7898507547645,1193.573754537404,1932.544230051864,738.9704755144598,True,0.08800000000000022,0.5,40
536,1634.38,1638.042865500039,1298.798481406459,2065.829245745593,767.0307643391343,True,0.08850000000000022,0.5,40
537,1639.25,1640.2759984477916,1309.541167041445,2054.4767532881365,744.9355862466914,True,0.08900000000000022,0.5,40
538,1631.14,1645.4707215079818,1321.6958413740153,2048.5005366970604,726.804695323045,True,0.08950000000000022,0.5,40
539,1596.95,1631.6845736941943,1317.4837354564543,2020.7609406127042,703.2772051562499,True,0.09000000000000022,0.5,40
540,1591.35,1593.419497404845,1292.7576684119374,1963.9534033875045,671.1957349755671,True,0.09050000000000022,0.5,40
541,1610.13,1602.0249590299425,1305.5714285650345,1965.742087797799,660.1706592327646,True,0.09100000000000022,0.5,40
542,1735.47,1624.699537138255,1329.5269867355046,1985.3550393186563,655.8280525831517,True,0.09150000000000022,0.5,40
543,1846.58,1788.7877503575316,1471.2999377380536,2174.738862185431,703.4389244473775,True,0.09200000000000022,0.5,40
544,1878.17,1876.3099146988304,1548.025619516264,2274.1673512844222,726.1417317681583,True,0.09250000000000022,0.5,40
545,1909.7,1886.4911487790234,1564.9379502339214,2274.07279977918,709.1348495452587,True,0.09300000000000022,0.5,40
546,1874.48,1925.4859898507868,1604.7305852702907,2310.314427922315,705.5838426520245,True,0.09350000000000022,0.5,40
547,1821.71,1864.1926607951377,1556.2102973979938,2233.08724415524,676.8769467572463,True,0.09400000000000022,0.5,40
548,1889.64,1816.2141873180776,1508.0073338940767,2187.3706781387323,679.3633442446555,True,0.09450000000000022,0.5,40
549,1763.28,1928.8889998810387,1614.1285498157508,2304.990784626222,690.8622348104714,True,0.09500000000000022,0.5,40
550,1636.71,1721.592512043839,1442.7797255202333,2054.2477016397324,611.4679761194991,True,0.09550000000000022,0.5,40
551,1555.92,1621.5553860731288,1360.2183022075246,1933.0659588586357,572.847656651111,True,0.09600000000000022,0.5,40
552,1493.65,1545.455089678723,1297.8908063167185,1840.2043050600234,542.313498743305,True,0.09650000000000022,0.5,40
553,1380.86,1488.099702134957,1250.1082163258366,1771.363009021209,521.2547926953725,True,0.09700000000000022,0.5,40
554,1370.24,1353.3498690848994,1134.4237145765521,1614.4881603599051,480.064445783353,True,0.09750000000000023,0.5,40
555,1268.62,1390.9106655692221,1170.441321100704,1652.8731100119721,482.4317889112681,True,0.09800000000000023,0.5,40
556,1153.41,1238.542054539178,1045.0926763458242,1467.7651865973605,422.6725102515363,True,0.09850000000000023,0.5,40
557,1052.77,1131.5237185874669,962.2124755590698,1330.59609713187,368.38362157280017,True,0.09900000000000023,0.5,40
558,1075.42,1029.3503751462295,881.0727588317781,1202.5536580565001,321.48089922472207,True,0.09950000000000023,0.5,40
559,1064.65,1101.1576683352923,948.2966401965007,1278.6332299446876,330.33658974818695,True,0.10000000000000023,0.5,40
560,1017.02,1058.9013422322816,916.9014958541823,1222.8686398701045,305.96714401592226,True,0.10050000000000023,0.5,40
561,927.38,1008.1965147680181,880.5731389562794,1154.2956418632725,273.7225029069931,True,0.10100000000000023,0.5,40
562,824.73,902.4670774393443,794.9360613108325,1024.5255411753776,229.58947986454507,True,0.10150000000000023,0.5,40
563,774.2,798.7706499622293,708.6251021794106,900.3676243646914,191.7425221852808,True,0.10200000000000023,0.5,40
564,815.41,768.214933382349,684.4839794443703,862.1735116815078,177.68953223713743,True,0.10250000000000023,0.5,40
565,867.14,842.5487685751018,756.7601878793346,938.0497631658125,181.28957528647788,True,0.10300000000000023,0.5,40
566,893.4,884.6725193375987,797.9781291453224,980.7738219554386,182.79569281011618,True,0.10350000000000023,0.5,40
567,853.78,904.2344550218883,818.5621292568807,998.8624744920706,180.30034523518998,True,0.10400000000000023,0.5,40
568,733.26,835.7696055402301,754.6108926447092,925.6454197149602,171.034527070251,False,0.09450000000000024,0.492,40
569,668.42,689.6162149771411,621.1659795973037,765.5972940180026,144.43131442069887,True,0.09500000000000024,0.496,41
570,565.81,662.4808651611783,595.5113530110685,736.9689526661152,141.4575996550467,False,0.08550000000000024,0.488,40
571,537.93,524.3950725577611,469.67430107789414,585.4777015354656,115.80340045757146,True,0.08600000000000024,0.492,41
572,507.61,548.8020729927497,490.12707564266844,614.4869777268353,124.35990208416689,True,0.08650000000000024,0.496,41
573,552.18,493.11857391652615,439.6141038643916,553.1201766987579,113.50607283436625,True,0.08700000000000024,0.5,40
574,535.34,583.9523995696513,519.3628858451502,656.5590209639123,137.19613511876207,True,0.08750000000000024,0.5,40
575,524.95,522.6891579026476,464.5470639890775,588.0926080702734,123.54554408119589,True,0.08800000000000024,0.5,40
576,487.02,529.4207099308261,469.03731015691017,597.5612704438319,128.5239602869217,True,0.08850000000000025,0.5,40
577,480.26,475.23705944446067,420.7090320045087,536.8156965485196,116.10666454401087,True,0.08900000000000025,0.5,40
578,479.53,485.18161428221293,429.2423028381572,548.3940519256053,119.15174908744808,True,0.08950000000000025,0.5,40
579,471.33,480.50576805889625,424.8567167676113,543.4267885071453,118.57007173953394,True,0.09000000000000025,0.5,40
580,466.25,470.9047771284618,416.2168226489391,532.761120327705,116.54429767876593,True,0.09050000000000025,0.5,40
581,462.04,467.375473769794,412.84145663777673,529.0957188083069,116.25426217053013,True,0.09100000000000025,0.5,40
582,444.99,462.7374665427764,408.7844130161482,523.7940893911897,115.00967637504147,True,0.09150000000000025,0.5,40
583,369.77,440.9752559251107,388.789159095924,500.148177910189,111.35901881426503,False,0.08200000000000025,0.492,40
584,390.71,347.79233906644566,306.625512429445,394.4681613715139,87.84264894206888,True,0.08250000000000025,0.496,41
585,374.84,406.7191788958044,358.5343188140725,461.36178339746954,102.82746458339705,True,0.08300000000000025,0.5,40
586,369.68,368.9900443005684,325.6839035103244,418.03696940859606,92.35306589827167,True,0.08350000000000025,0.5,40
587,363.63,372.0209229583902,328.2015588740532,421.6729953546896,93.47143648063638,True,0.08400000000000026,0.5,40
588,394.64,363.1019616289084,320.1789360438469,411.7613102371096,91.58237419326275,True,0.08450000000000026,0.5,40
589,427.14,406.09139984236555,358.0063773771422,460.6168911437513,102.61051376660907,True,0.08500000000000026,0.5,40
590,408.69,435.89267884590913,384.3137927616734,494.37601927272806,110.06222651105463,True,0.08550000000000026,0.5,40
591,325.97,403.9249849426933,356.1699685099453,458.0650331405868,101.89506463064151,False,0.07600000000000026,0.492,40
592,330.01,307.0479716628844,270.80919525736965,348.11825832737105,77.3090630700014,True,0.07650000000000026,0.496,41
593,392.31,339.03432495031876,298.98490754381555,384.43053079272363,85.44562324890808,False,0.06700000000000027,0.488,40
594,437.52,415.4392367499214,364.70548508664285,473.2112026670042,108.50571758036136,True,0.06750000000000027,0.492,41
595,445.99,450.1243194508893,393.3006164321451,515.1370363595423,121.83641992739723,True,0.06800000000000027,0.496,41
596,454.1,449.431115319491,392.1890079304737,515.006769151178,122.81776122070431,True,0.06850000000000027,0.5,40
597,455.75,460.64229817888014,402.2856595191076,527.4433166356633,125.15765711655575,True,0.06900000000000027,0.5,40
598,365.4,458.9268055568978,400.31511800230476,526.0986737872099,125.78355578490516,False,0.05950000000000027,0.492,40
599,300.1,343.289799984364,296.3113695558261,397.6913334339068,101.37996387808067,True,0.06000000000000027,0.496,41
600,289.45,291.16478560264676,245.42314820858076,345.39709202152056,99.97394381293981,True,0.06050000000000027,0.5,40
601,290.78,294.5048305073591,245.21774653375456,353.6580459065801,108.44029937282556,True,0.06100000000000027,0.5,40
602,297.06,295.59438005261234,242.6788777710509,360.0006213236266,117.3217435525757,True,0.06150000000000027,0.5,40
603,288.71,304.5068366173621,248.0214593990617,373.80475556276195,125.78329616370024,True,0.06200000000000027,0.5,40
604,302.49,289.29007225858436,233.5893458176843,358.2163393361645,124.62699351848019,True,0.06250000000000026,0.5,40
605,304.82,313.770210379654,252.55141761198126,389.76999164752334,137.21857403554208,True,0.06300000000000026,0.5,40
606,255.57,307.2952212679435,249.7561559451669,378.0373285090318,128.28117256386489,True,0.06350000000000026,0.5,40
607,229.6,243.2149622461412,195.10140417023487,303.1332010713707,108.03179690113583,True,0.06400000000000027,0.5,40
608,228.0,230.37569435353944,185.0646007863477,286.7211017642994,101.65650097795171,True,0.06450000000000027,0.5,40
609,232.52,233.22095225117693,186.67883438798927,291.30496157087657,104.6261271828873,True,0.06500000000000027,0.5,40
610,238.0,239.6187236525226,190.35177342675541,301.5703349142498,111.21856148749441,True,0.06550000000000027,0.5,40
611,237.27,245.01037330494043,193.20064129646562,310.64214170253416,117.44150040606854,True,0.06600000000000027,0.5,40
612,219.23,241.70876492715263,189.3875407707741,308.4086111621574,119.02107039138329,True,0.06650000000000027,0.5,40
613,225.68,215.96962946000363,167.5653756495908,278.2733675382496,110.7079918886588,True,0.06700000000000027,0.5,40
614,240.94,237.26911177627187,183.4227582025716,306.8371139222117,123.4143557196401,True,0.06750000000000027,0.5,40
615,241.86,249.58838063446507,192.70328243057173,323.1790005882359,130.47571815766418,True,0.06800000000000027,0.5,40
616,254.26,245.133708030301,188.53977083396435,318.6258070915087,130.08603625754435,True,0.06850000000000027,0.5,40
617,245.23,265.5198690456755,203.53991976285062,346.28106219305016,142.74114243019955,True,0.06900000000000027,0.5,40
618,310.51,243.07747047599327,184.86472605423305,319.5224189584874,134.65769290425433,True,0.06950000000000027,0.5,40
619,286.88,345.9841937395734,263.3571609719411,454.436993885257,191.0798329133159,True,0.07000000000000027,0.5,40
620,241.26,280.11705036451605,214.97916257581565,364.900094542245,149.92093196642932,True,0.07050000000000027,0.5,40
621,229.18,238.83507288450394,182.75171576152843,312.0357828068689,129.28406704534046,True,0.07100000000000027,0.5,40
622,227.43,234.95605913001194,179.96405472582646,306.6592305832101,126.69517585738365,True,0.07150000000000027,0.5,40
623,230.59,233.8514150087617,177.47277554178584,308.0397791158021,130.56700357401627,True,0.07200000000000027,0.5,40
624,261.74,238.03611809448293,178.49675743593622,317.32477962212033,138.8280221861841,True,0.07250000000000027,0.5,40
625,278.04,280.0452744459874,210.53253686863064,372.400931401271,161.86839453264037,True,0.07300000000000027,0.5,40
626,306.65,280.9771118328593,210.46598534607716,374.9994377699847,164.53345242390753,True,0.07350000000000027,0.5,40
627,334.99,318.7775174679065,239.29388414965214,424.5524897764455,185.25860562679335,True,0.07400000000000027,0.5,40
628,323.46,337.5076994464588,253.690382776673,448.9088710585938,195.21848828192077,True,0.07450000000000027,0.5,40
629,316.59,313.80053662336803,237.6148287784717,414.31106162041436,176.69623284194267,True,0.07500000000000027,0.5,40
630,347.24,316.1728822669589,238.83924088319026,418.44194317444936,179.6027022912591,True,0.07550000000000028,0.5,40
631,360.1,353.64516499523575,270.306272817486,462.5838005083964,192.2775276909104,True,0.07600000000000028,0.5,40
632,382.28,351.25352398533346,270.38809475612845,456.2144009175771,185.82630616144866,True,0.07650000000000028,0.5,40
633,593.24,383.45389356865786,298.8885729881864,491.865716113576,192.9771431253896,False,0.06700000000000028,0.492,40
634,616.31,691.3766831496555,545.5428676577155,876.1232774910973,330.58040983338174,True,0.06750000000000028,0.496,41
635,632.5,566.9917293698687,451.8998802974745,711.3309558409993,259.4310755435248,True,0.06800000000000028,0.5,40
636,608.6,624.524111041683,501.46081717691646,777.7282114711005,276.26739429418404,True,0.06850000000000028,0.5,40
637,551.87,582.9306035450122,472.95059797218295,718.4314158802996,245.48081790811665,True,0.06900000000000028,0.5,40
638,507.11,525.137432201323,429.52756005264877,641.9799698062294,212.45240975358064,True,0.06950000000000028,0.5,40
639,508.49,486.1709551924476,399.5148745445148,591.5760930927507,192.06121854823596,True,0.07000000000000028,0.5,40
640,617.87,498.2872225343704,409.74007807212604,605.9233169457375,196.18323887361146,False,0.06050000000000028,0.492,40
641,635.21,631.6756062205399,519.9176511493184,767.410173514719,247.49252236540053,True,0.06100000000000028,0.496,41
642,613.27,615.8773916262451,507.14786871586614,747.8720109389646,240.7241422230985,True,0.061500000000000284,0.5,40
643,639.25,594.2741945262594,489.636724449102,721.2275647359268,231.59084028682474,True,0.062000000000000284,0.5,40
644,633.79,632.772524434825,521.4420693039384,767.8270840509491,246.3850147470107,True,0.06250000000000028,0.5,40
645,645.21,616.9712963904142,508.56078811380456,748.4464489233005,239.88566080949596,True,0.06300000000000028,0.5,40
646,640.64,636.5556996080605,524.7103518171178,772.196245228451,247.4858934113331,True,0.06350000000000028,0.5,40
647,692.2,628.6297126808931,517.6577067882813,763.3452895850832,245.68758279680185,True,0.06400000000000028,0.5,40
648,744.85,692.6612364479711,571.8161934837964,839.0005384347417,267.1843449509453,True,0.06450000000000028,0.5,40
649,771.13,742.2857159375961,614.0424914043958,897.269084230814,283.22659282641814,True,0.06500000000000028,0.5,40
650,774.2,763.1187689240795,630.5893385459386,923.4574874653026,292.868148919364,True,0.06550000000000028,0.5,40
651,804.14,762.2968628033012,629.358925845143,923.2704067118921,293.9114808667491,True,0.06600000000000028,0.5,40
652,798.71,800.0471882601396,659.7477885994173,970.136958596007,310.38916999658977,True,0.06650000000000028,0.5,40
653,800.89,785.5116886497581,647.5334096319096,952.8454414149539,305.3120317830443,True,0.06700000000000028,0.5,40
654,806.88,790.9173627664361,651.7554166963853,959.7474613154291,307.9920446190438,True,0.06750000000000028,0.5,40
655,801.54,797.1354117498527,656.7343743440601,967.5066804124218,310.7723060683617,True,0.06800000000000028,0.5,40
656,800.19,788.3339395253842,649.3709306566813,956.9888010332343,307.617870376553,True,0.06850000000000028,0.5,40
657,847.03,789.8170823080262,651.0061137229926,958.1806648854209,307.1745511624283,True,0.06900000000000028,0.5,40
658,874.81,851.2065319373804,701.5763335418188,1032.7040096633273,331.12767612150844,True,0.06950000000000028,0.5,40
659,883.43,867.5294326332337,712.6818446821196,1055.9743100109242,343.2924653288046,True,0.07000000000000028,0.5,40
660,885.96,876.209428431402,717.9297118748673,1069.3360406710817,351.40632879621444,True,0.07050000000000028,0.5,40
661,879.92,878.3656042972827,717.1666009078571,1075.7471851845976,358.5805842767405,True,0.07100000000000029,0.5,40
662,876.94,870.2572240316404,709.4249836116757,1067.500078035325,358.0750944236494,True,0.07150000000000029,0.5,40
663,874.61,869.0335898226152,706.2265927592083,1069.3195484581427,363.09295569893436,True,0.07200000000000029,0.5,40
664,880.56,865.8620597701055,702.8886718009329,1066.5691494597424,363.68047765880954,True,0.07250000000000029,0.5,40
665,907.64,873.822460040855,708.5367115900283,1077.6113305919166,369.0746190018883,True,0.07300000000000029,0.5,40
666,933.72,904.8313971748827,732.7676007556015,1117.2430503375374,384.4754495819359,True,0.07350000000000029,0.5,40
667,941.77,928.1089619875822,749.9153049222356,1148.588319198048,398.67301427581253,True,0.07400000000000029,0.5,40
668,966.05,932.1832838355757,751.664404515539,1155.9977748458411,404.33337033030216,True,0.07450000000000029,0.5,40
669,970.2,962.443821148277,774.7876939693227,1195.4922925749556,420.7045986056329,True,0.07500000000000029,0.5,40
670,949.29,958.9309708411275,774.4933421303574,1187.2338876677222,412.7405455373648,True,0.07550000000000029,0.5,40
671,799.21,931.159163061769,751.7004958295529,1153.4043216317777,401.70382580222486,True,0.07600000000000029,0.5,40
672,700.55,719.8742558079049,576.5443142858047,898.774579772663,322.23026548685823,True,0.07650000000000029,0.5,40
673,740.48,686.1988714742009,548.6055848351676,858.2385193775746,309.63293454240693,True,0.07700000000000029,0.5,40
674,830.12,772.0204441696362,609.7535091590873,977.3989746157492,367.6454654566619,True,0.07750000000000029,0.5,40
675,942.15,856.7403822617431,670.5412817491255,1094.5671428660896,424.02586111696417,True,0.07800000000000029,0.5,40
676,916.67,977.3250953669447,753.4857367110409,1267.5726789177288,514.0869422066879,True,0.07850000000000029,0.5,40
677,795.97,861.7469318358942,660.3627797441194,1124.452310273993,464.0895305298735,True,0.07900000000000029,0.5,40
678,586.1,750.2709606956876,572.8444194798852,982.5558859249396,409.7114664450544,True,0.07950000000000029,0.5,40
679,662.58,504.00704116492756,386.50921202222304,657.1317391018027,270.6225270795797,False,0.0700000000000003,0.492,40
680,648.48,751.0037809147613,569.6321419409567,990.0231915548311,420.39104961387443,True,0.0705000000000003,0.496,41
681,621.91,649.7496506031721,491.9167967906043,858.1208709409161,366.20407415031184,True,0.0710000000000003,0.5,40
682,664.8,636.6863976413019,481.6846980039177,841.462881915184,359.7781839112663,True,0.0715000000000003,0.5,40
683,710.01,695.8797420682362,525.0303265776168,922.2193475701328,397.1890209925159,True,0.0720000000000003,0.5,40
684,797.94,729.9934587100942,549.1450475443096,970.2919148543431,421.1468673100335,True,0.0725000000000003,0.5,40
685,764.23,822.1338563820797,614.3281018375484,1100.118807184452,485.79070534690356,True,0.0730000000000003,0.5,40
686,674.44,750.3215311817921,556.7125443994547,1011.1415573056358,454.42901290618113,True,0.0735000000000003,0.5,40
687,476.52,678.3986943247778,499.75825534892266,920.7673017264336,421.00904637751097,False,0.0640000000000003,0.492,40
688,373.13,460.3099304794177,339.8329358532812,623.372909930666,283.5399740773848,True,0.06450000000000031,0.496,41
689,626.33,378.20347138791794,282.1709802962102,506.803704186887,224.6327238906768,False,0.055000000000000306,0.488,40
690,636.98,864.7752772988447,623.5692351056834,1199.134090266321,575.5648551606375,True,0.055500000000000306,0.492,41
691,578.22,637.48118752272,455.00976223580295,892.9682010790426,437.95843884323966,True,0.056000000000000306,0.496,41
692,523.6,625.1060295745568,441.731134450576,884.4330083564014,442.7018739058254,True,0.05650000000000031,0.5,40
693,617.69,556.251489684165,392.08301895715107,788.9838145617556,396.9007956046045,True,0.05700000000000031,0.5,40
694,803.34,685.6235552921935,482.02180590819165,975.0468387046301,493.02503279643844,True,0.05750000000000031,0.5,40
695,692.97,834.4013743791821,580.5016986406172,1199.1606494806535,618.6589508400364,True,0.05800000000000031,0.5,40
696,491.21,663.2648893479188,461.61885716105337,952.8042740587842,491.1854168977309,True,0.05850000000000031,0.5,40
697,503.07,505.5263283570033,352.44945258341113,724.8998972654473,372.45044468203616,True,0.05900000000000031,0.5,40
698,497.46,586.8664154063216,410.2549851067343,839.3227556572638,429.0677705505295,True,0.05950000000000031,0.5,40
699,487.73,534.0958306186492,377.210300185734,756.0590959708143,378.84879578508026,True,0.06000000000000031,0.5,40
700,580.64,538.4028188511791,385.591404452242,751.6173568107394,366.02595235849736,True,0.06050000000000031,0.5,40
701,602.03,648.9182668827766,468.93788303427357,897.8289067070297,428.8910236727561,True,0.06100000000000031,0.5,40
702,627.63,617.984407579256,451.21382044098414,846.2578225331883,395.0440020922042,True,0.06150000000000031,0.5,40
703,611.52,659.6159708201881,486.6929377995258,893.8529434766892,407.16000567716344,True,0.06200000000000031,0.5,40
704,568.81,620.7710928283811,460.2791740266045,837.1026364192676,376.8234623926631,True,0.0625000000000003,0.5,40
705,599.67,589.2678627913717,440.32805360254923,788.4720197372042,348.14396613465493,True,0.0630000000000003,0.5,40
706,586.54,637.6148303614714,481.7672379414439,843.7733597180791,362.00612177663515,True,0.0635000000000003,0.5,40
707,473.16,598.2280275970893,455.4157439598522,785.726211376011,330.31046741615876,True,0.0640000000000003,0.5,40
708,426.64,490.29405358780014,378.7383611579109,634.6214482907105,255.88308713279963,True,0.06450000000000031,0.5,40
709,474.07,483.7134273872707,377.43177285602803,619.8440293381473,242.41225648211923,True,0.06500000000000031,0.5,40
710,643.44,543.3285220495758,427.861925244188,689.8832947759819,262.0213695317939,True,0.06550000000000031,0.5,40
711,640.14,693.0077592196461,552.2355689682535,869.5997894446891,317.36422047643566,True,0.06600000000000031,0.5,40
712,585.6,601.6263818665592,481.33415678574084,751.9190106329124,270.5848538471716,True,0.06650000000000031,0.5,40
713,529.61,596.2512173040133,480.63515672311786,739.6208030951327,258.98564637201486,True,0.06700000000000031,0.5,40
714,450.83,542.8820510180627,440.00169040630595,669.7631554588362,229.76146505253024,True,0.06750000000000031,0.5,40
715,446.87,488.4591060448041,397.40099725621593,600.3293594647018,202.9283622084859,True,0.06800000000000031,0.5,40
716,483.42,515.0531337798377,418.6791835186213,633.5581275945624,214.8789440759411,True,0.06850000000000031,0.5,40
717,465.63,537.0902022692829,435.00681881216246,663.0746274725944,228.06780866043198,True,0.06900000000000031,0.5,40
718,388.94,498.1922033670103,402.1648371474576,617.0917405038183,214.9269033563607,False,0.05950000000000031,0.492,40
719,362.75,432.1550720436034,348.00902152989096,536.5887294106242,188.57970788073322,True,0.06000000000000031,0.496,41
720,458.7,429.9401836299379,345.22702311065007,535.3805522703352,190.15352915968515,True,0.06050000000000031,0.5,40
721,499.29,538.5180707363439,431.65125742068386,671.7814692747752,240.13021185409133,True,0.06100000000000031,0.5,40
722,491.95,508.5360622026959,406.9276870002801,635.4534866319366,228.52579963165647,True,0.06150000000000031,0.5,40
723,478.7,517.499962691401,413.2797453933985,647.9388252754011,234.65907988200257,True,0.06200000000000031,0.5,40
724,480.03,496.61745210915046,395.3497442830648,623.7591482404372,228.40940395737238,True,0.0625000000000003,0.5,40
725,397.2,508.63197476713543,403.55637020589916,640.9989124701291,237.44254226422993,False,0.053000000000000304,0.492,40
726,354.93,422.58057283375626,331.4528182589886,538.6871129616964,207.23429470270776,True,0.053500000000000304,0.496,41
727,369.39,422.8113868037229,328.17958612937656,544.6477228630478,216.4681367336712,True,0.054000000000000305,0.5,40
728,487.7,406.53296211803047,313.70377154856993,526.7442796298473,213.04050808127732,True,0.054500000000000305,0.5,40
729,553.12,568.749096499259,439.901985909968,735.249877150719,295.34789124075104,True,0.055000000000000306,0.5,40
730,516.78,526.7181726704614,406.32440545173773,682.6969895231276,276.3725840713899,True,0.055500000000000306,0.5,40
731,414.46,510.38992809218513,391.66530190461185,665.0116320073015,273.34633010268965,True,0.056000000000000306,0.5,40
732,314.81,400.779092692446,302.4101789103302,531.0402891706314,228.63011026030114,True,0.05650000000000031,0.5,40
733,250.82,331.9163879126419,244.29242021471944,450.8416070247156,206.54918680999614,True,0.05700000000000031,0.5,40
734,274.8,260.11242432238515,185.1277661682031,365.3058958860524,180.1781297178493,True,0.05750000000000031,0.5,40
735,420.98,335.654266101227,234.49600038245055,480.26547669640036,245.7694763139498,True,0.05800000000000031,0.5,40
736,520.32,506.33254908899045,357.2001679969924,717.5544239256026,360.3542559286102,True,0.05850000000000031,0.5,40
737,622.38,510.94497340165094,362.95711504215683,719.1058722560203,356.1487572138635,True,0.05900000000000031,0.5,40
738,640.73,644.0318043123872,461.2238534916229,899.139673518676,437.9158200270531,True,0.05950000000000031,0.5,40
739,533.12,573.2117410593399,412.9288801643153,795.5598424529148,382.63096228859956,True,0.06000000000000031,0.5,40
740,530.91,489.10333190930254,351.9933428840141,679.4697051398073,327.47636225579316,True,0.06050000000000031,0.5,40
741,530.88,542.9876680977882,392.5450036611416,750.9408969482708,358.39589328712924,True,0.06100000000000031,0.5,40
742,523.15,504.8049479772001,364.8189111237373,698.3587198986587,333.5398087749214,True,0.06150000000000031,0.5,40
743,642.11,519.861285038923,375.33920981870506,719.882839667678,344.54362984897296,True,0.06200000000000031,0.5,40
744,648.6,666.0311307470596,483.8952646712765,916.5806855679056,432.68542089662907,True,0.0625000000000003,0.5,40
745,668.28,566.6463768777414,412.49041065593605,778.2742005099293,365.78378985399326,True,0.0630000000000003,0.5,40
746,639.96,663.124863065098,485.0485744899434,906.4439405651644,421.39536607522103,True,0.0635000000000003,0.5,40
747,684.35,562.8714715442077,411.6921299598189,769.4315477312035,357.73941777138464,True,0.0640000000000003,0.5,40
748,658.04,685.0525245566465,503.9241695618842,931.155945038124,427.23177547623976,True,0.06450000000000031,0.5,40
749,580.23,579.8719665474099,428.353600333368,784.8609809226577,356.50738058928977,True,0.06500000000000031,0.5,40
750,578.64,550.2430495763814,407.1457058348793,743.5108336609646,336.3651278260853,True,0.06550000000000031,0.5,40
751,578.93,572.0218630225621,424.45774185486255,770.7665544651442,346.3088126102816,True,0.06600000000000031,0.5,40
752,635.65,557.460963920028,416.23825003832206,746.483357994723,330.2451079564009,True,0.06650000000000031,0.5,40
753,413.78,640.8490851740155,481.0540631040085,853.6142013325037,372.56013822849525,False,0.05700000000000031,0.492,40
754,410.56,344.4560677799871,257.609553194641,460.4674643368281,202.85791114218705,True,0.05750000000000031,0.496,41
755,436.79,464.7868905637512,347.94415542061313,620.7540086307793,272.8098532101661,True,0.05800000000000031,0.5,40
756,488.82,441.70196119860844,332.18458987570585,587.2175598883676,255.0329700126618,True,0.05850000000000031,0.5,40
757,652.64,509.3705258359398,380.2753871606164,682.1756845933633,301.90029743274687,True,0.05900000000000031,0.5,40
758,657.16,661.7954533354572,497.86723472615444,879.5906308986199,381.72339617246547,True,0.05950000000000031,0.5,40
759,588.05,590.8120152701748,447.39724075092147,780.0963797002935,332.699138949372,True,0.06000000000000031,0.5,40
760,527.05,552.9272005531379,420.9580531910842,726.1702511474181,305.21219795633385,True,0.06050000000000031,0.5,40
761,508.73,506.4045567904344,387.37331715472715,661.917283138496,274.5439659837689,True,0.06100000000000031,0.5,40
762,504.13,508.1191425922414,389.73554865246837,662.3701546935549,272.63460604108656,True,0.06150000000000031,0.5,40
763,505.81,501.64040994619216,385.99426538354317,651.8452856025702,265.8510202190271,True,0.06200000000000031,0.5,40
764,508.82,507.4053641919939,390.2000995182042,659.7258399410657,269.52574042286153,True,0.0625000000000003,0.5,40
765,535.36,507.22109291011634,391.28209582690516,657.4258675744487,266.14377174754355,True,0.0630000000000003,0.5,40
766,522.15,537.3841087877004,415.7149870470244,694.5772112953002,278.8622242482758,True,0.0635000000000003,0.5,40
767,466.76,508.3296879949043,394.6653712928873,654.6467911895072,259.9814198966199,True,0.0640000000000003,0.5,40
768,443.33,462.8594992302197,360.8443519502066,593.6358810534069,232.79152910320033,True,0.06450000000000031,0.5,40
769,399.12,458.1886877022848,358.56057782669507,585.4220493476241,226.86147152092906,True,0.06500000000000031,0.5,40
770,391.01,407.9190581426319,319.7205811951426,520.3722034586713,200.65162226352868,True,0.06550000000000031,0.5,40
771,403.66,416.1433803959548,326.62225249678596,530.1257049301659,203.5034524333799,True,0.06600000000000031,0.5,40
772,440.77,422.71206187615564,333.4594231581427,535.7823387486228,202.32291559048008,True,0.06650000000000031,0.5,40
773,541.44,458.19289369181047,361.8550862495606,580.1083311425228,218.25324489296224,True,0.06700000000000031,0.5,40
774,582.23,560.3120407435601,440.92879522713525,711.9456384976341,271.0168432704989,True,0.06750000000000031,0.5,40
775,536.07,566.4598370657943,444.0639356305783,722.5155241830696,278.4515885524913,True,0.06800000000000031,0.5,40
776,547.11,524.9686441838419,412.2942172166642,668.3609616114283,256.06674439476404,True,0.06850000000000031,0.5,40
777,489.76,549.589045034388,432.26481296152616,698.6836286790704,266.4188157175442,True,0.06900000000000031,0.5,40
778,471.74,491.7571753305337,387.2916857645193,624.3279241909366,237.03623842641736,True,0.06950000000000031,0.5,40
779,456.99,486.79182418801383,383.9908446882266,617.0429145980329,233.05206990980628,True,0.07000000000000031,0.5,40
780,565.51,472.5533152605601,373.3519171073969,598.0425910652732,224.6906739578763,True,0.07050000000000031,0.5,40
781,644.12,576.8040302295418,456.2153987325966,729.197404275875,272.9820055432784,True,0.07100000000000031,0.5,40
782,656.54,615.6433566247968,487.4115858924139,777.5421973041742,290.13061141176036,True,0.07150000000000031,0.5,40
783,633.91,623.7712055712936,494.22359124419893,787.2077231626232,292.9841319184243,True,0.07200000000000031,0.5,40
784,527.64,602.0109448395065,477.3187431241699,759.2089711584629,281.890228034293,True,0.07250000000000031,0.5,40
785,505.37,508.8170575859217,403.70555345522365,641.2284794130546,237.52292595783098,True,0.07300000000000031,0.5,40
786,513.51,515.0172409594275,408.93617505564634,648.5493912710554,239.613216215409,True,0.07350000000000032,0.5,40
787,443.6,519.4535353544435,412.7990657418661,653.5976172694232,240.79855152755704,True,0.07400000000000032,0.5,40
788,467.55,452.5642854183203,360.00889141492564,568.8490145235413,208.84012310861567,True,0.07450000000000032,0.5,40
789,519.82,498.4995692379801,396.8197452455302,626.1680142848088,229.3482690392786,True,0.07500000000000032,0.5,40
790,535.07,525.8162413273292,419.55662402019584,658.9238634579847,239.36723943778884,True,0.07550000000000032,0.5,40
791,550.32,528.9094468194533,423.1236219512965,661.0805993700219,237.9569774187254,True,0.07600000000000032,0.5,40
792,527.78,541.2107765152759,433.8110015067513,675.1386559919729,241.32765448522156,True,0.07650000000000032,0.5,40
793,514.48,510.36939315232837,409.72765808436037,635.6716511681099,225.9439930837495,True,0.07700000000000032,0.5,40
794,371.42,512.8040916249428,412.20235648465126,637.8991747687163,225.69681828406505,False,0.06750000000000032,0.492,40
795,322.1,358.6449354810106,287.6407291491038,447.1158289699458,159.47509982084205,True,0.06800000000000032,0.496,41
796,321.78,370.7374739111848,296.1532417165597,464.0420392912302,167.8887975746705,True,0.06850000000000032,0.5,40
797,366.29,344.22712192078063,272.7473781876413,434.3713503988773,161.62397221123604,True,0.06900000000000032,0.5,40
798,520.23,408.4060939606093,323.41322201244844,515.6662096332547,192.2529876208062,False,0.05950000000000032,0.492,40
799,568.78,574.9507183701135,448.32976653687643,737.2534047270283,288.92363819015185,True,0.060000000000000324,0.496,41
800,559.02,532.3766632755697,416.1459485442775,680.9931151669415,264.847166622664,True,0.060500000000000324,0.5,40
801,589.87,545.5485981523041,427.29239529193813,696.4566287562368,269.16423346429866,True,0.061000000000000325,0.5,40
802,457.52,574.6562541570075,451.05392873264395,732.0544032193642,281.00047448672024,True,0.061500000000000325,0.5,40
803,434.42,413.9605066208599,325.2803462379422,526.7431633270008,201.46281708905866,True,0.062000000000000326,0.5,40
804,412.86,470.92744859350586,370.36854574049966,598.7156175192138,228.3470717787141,True,0.06250000000000032,0.5,40
805,418.94,417.15253421436097,327.71130235280714,530.9304222835133,203.21911993070614,True,0.06300000000000032,0.5,40
806,481.39,446.51523793133225,350.4382664371952,568.8579446428232,218.41967820562803,True,0.06350000000000032,0.5,40
807,515.72,500.87232316695,389.81604695686383,643.486915832277,253.67086887541313,True,0.06400000000000032,0.5,40
808,530.0,509.3426438531815,396.4237458685526,654.3448726770308,257.9211268084782,True,0.06450000000000032,0.5,40
809,545.92,520.639029280101,405.7109158912313,668.0434562642943,262.33254037306295,True,0.06500000000000032,0.5,40
810,598.49,532.5174890274341,415.5468696544342,682.3346541153346,266.7877844609004,True,0.06550000000000032,0.5,40
811,555.98,584.602853443208,454.2704540021939,752.2461176564179,297.97566365422404,True,0.06600000000000032,0.5,40
812,538.87,513.5250269600488,400.86765969080824,657.7641403439214,256.8964806531132,True,0.06650000000000032,0.5,40
813,560.08,531.6582175969753,416.4173013764631,678.714941948942,262.29764057247894,True,0.06700000000000032,0.5,40
814,592.35,550.2093980942146,427.03556636324157,708.8283984409537,281.79283207771215,True,0.06750000000000032,0.5,40
815,591.14,576.2106140633549,447.49746322155886,741.8628260106957,294.36536278913684,True,0.06800000000000032,0.5,40
816,471.68,560.6640842758032,438.1851336616997,717.2996859096274,279.11455224792775,True,0.06850000000000032,0.5,40
817,434.87,437.27952869205706,343.68437717134054,556.2893870239016,212.605009852561,True,0.06900000000000032,0.5,40
818,422.19,465.2751672581144,366.2222583446206,591.0461700269575,224.82391168233687,True,0.06950000000000033,0.5,40
819,460.62,429.6293980497715,339.95398138608766,542.8906379999682,202.9366566138806,True,0.07000000000000033,0.5,40
820,452.77,492.92744517032736,393.047991133167,618.1233722342209,225.07538110105395,True,0.07050000000000033,0.5,40
821,449.62,452.4113490189699,361.41184419448996,566.2602998837856,204.84845568929563,True,0.07100000000000033,0.5,40
822,406.38,467.9123054742263,376.38963411279667,581.6306033605451,205.24096924774847,True,0.07150000000000033,0.5,40
823,347.94,411.06219588679164,330.6405699091587,510.98577220378706,180.34520229462834,True,0.07200000000000033,0.5,40
824,319.51,364.92467814340523,293.17791075935395,454.16969553804984,160.9917847786959,True,0.07250000000000033,0.5,40
825,320.25,344.4638162328168,275.06783076646184,431.3040753962416,156.23624462977978,True,0.07300000000000033,0.5,40
826,336.11,349.2685618716476,278.6200862200107,437.76699665666644,159.14691043665573,True,0.07350000000000033,0.5,40
827,383.81,361.908144251478,288.336393230348,454.1875403354463,165.85114710509828,True,0.07400000000000033,0.5,40
828,391.98,415.20127644257605,330.5565651832465,521.4553536338256,190.89878845057905,True,0.07450000000000033,0.5,40
829,361.84,399.54412834846534,317.91082660452645,502.07354084715405,184.1627142426276,True,0.07500000000000033,0.5,40
830,321.07,368.5496110349204,292.8374101046155,463.7703468644064,170.9329367597909,True,0.07550000000000033,0.5,40
831,351.69,328.02726625407826,260.30518259180906,413.30078372286215,152.9956011310531,True,0.07600000000000033,0.5,40
832,463.57,390.7273630175401,309.5224430802386,493.1682327838194,183.64578970358082,True,0.07650000000000033,0.5,40
833,510.56,504.8627251624226,404.39254723639476,630.2328592452701,225.84031200887534,True,0.07700000000000033,0.5,40
834,419.44,494.3820218567063,399.122224435146,612.3209619267587,213.19873749161275,True,0.07750000000000033,0.5,40
835,349.71,386.9979017266131,314.383606877557,476.3309977480865,161.9473908705295,True,0.07800000000000033,0.5,40
836,403.46,352.27087861757786,287.81480398363277,431.1118999367771,143.29709595314432,True,0.07850000000000033,0.5,40
837,433.69,449.17503325671856,369.1676171733226,546.4751198260486,177.30750265272604,True,0.07900000000000033,0.5,40
838,413.87,434.8990197916022,357.80671691826024,528.5551797001763,170.74846278191603,True,0.07950000000000033,0.5,40
839,436.23,414.7273566207951,339.3011413952408,506.8714527207014,167.57031132546064,True,0.08000000000000033,0.5,40
840,467.88,452.54299716579425,372.4321962905923,549.8396231536017,177.4074268630094,True,0.08050000000000034,0.5,40
841,479.2,472.59280935758557,391.5152637519838,570.4176486571773,178.90238490519351,True,0.08100000000000034,0.5,40
842,479.29,473.61386124028814,394.2214758799751,568.9546482889615,174.73317240898638,True,0.08150000000000034,0.5,40
843,476.96,471.28161813024775,390.7541392666175,568.362016802899,177.60787753628148,True,0.08200000000000034,0.5,40
844,488.46,469.59040585637973,388.1140449706208,568.1270539997926,180.01300902917177,True,0.08250000000000034,0.5,40
845,517.08,485.8532471107792,400.47941857668826,589.3816565805704,188.90223800388213,True,0.08300000000000034,0.5,40
846,494.87,515.7334516721455,424.00870654077517,627.2540944873382,203.24538794656303,True,0.08350000000000034,0.5,40
847,494.25,470.103582479572,385.6823227272215,572.9558608725172,187.27353814529567,True,0.08400000000000034,0.5,40
848,633.65,497.12232454630447,406.99913994271225,607.1528756316828,200.15373568897058,False,0.07450000000000034,0.492,40
849,708.24,683.5274384667171,555.7611322997516,840.6137313290938,284.8525990293422,True,0.07500000000000034,0.496,41
850,741.16,660.7128610598297,530.9728352289613,822.0944918522555,291.12165662329414,True,0.07550000000000034,0.5,40
851,741.75,727.5702045641314,581.3784085920068,910.4598603714539,329.0814517794471,True,0.07600000000000035,0.5,40
852,706.12,691.1167212268157,549.821488071495,868.6566241068315,318.8351360353365,True,0.07650000000000035,0.5,40
853,732.46,667.9409704036992,530.8906090613783,840.3046108753632,309.4140018139849,True,0.07700000000000035,0.5,40
854,879.12,724.9886506350293,576.3339043554716,911.9197451850213,335.5858408295496,True,0.07750000000000035,0.5,40
855,1103.97,939.0921498871961,734.8695732746686,1199.9917006714666,465.12212739679796,True,0.07800000000000035,0.5,40
856,1181.34,1162.913775707505,897.3921697060647,1506.910824428633,609.5186547225684,True,0.07850000000000035,0.5,40
857,1192.31,1134.3924356649081,842.2460433988157,1527.7542622425344,685.5082188437187,True,0.07900000000000035,0.5,40
858,1204.61,1181.5516319328196,863.0200464371253,1617.513792537033,754.4937460999076,True,0.07950000000000035,0.5,40
859,1217.09,1178.1248212160529,817.3431636830613,1697.9637180451307,880.6205543620694,True,0.08000000000000035,0.5,40
860,1202.34,1204.2561530692994,801.621225098204,1808.8728878415466,1007.2516627433425,True,0.08050000000000035,0.5,40
861,1189.31,1159.4291576453932,776.3197426989683,1731.3576849315807,955.0379422326124,True,0.08100000000000035,0.5,40
862,1197.83,1176.1484109708158,779.2173055115687,1775.0159530716412,995.7986475600725,True,0.08150000000000035,0.5,40
863,1202.96,1179.9981454746528,787.7089307989967,1767.4047500281504,979.6958192291537,True,0.08200000000000035,0.5,40
864,1138.42,1191.4342132161976,788.3811441170718,1800.2836554880423,1011.9025113709705,True,0.08250000000000035,0.5,40
865,1053.36,1068.2836182682786,685.3689546197288,1664.8204725042744,979.4515178845456,True,0.08300000000000035,0.5,40
866,1056.45,1016.4705164382544,658.4391943085158,1568.888870355487,910.4496760469711,True,0.08350000000000035,0.5,40
867,1057.6,1066.8408303711162,687.6868489572697,1654.7366250483246,967.0497760910549,True,0.08400000000000035,0.5,40
868,1053.24,1025.666807483371,644.235439199178,1632.5815882901677,988.3461490909897,True,0.08450000000000035,0.5,40
869,1114.06,1053.4510395467526,669.6687932763152,1656.84811511744,987.1793218411249,True,0.08500000000000035,0.5,40
870,1146.74,1143.2639224781974,714.8951952336498,1827.9547590242662,1113.0595637906163,True,0.08550000000000035,0.5,40
871,1184.5,1126.55720816573,717.4054698022334,1768.7321514499174,1051.326681647684,True,0.08600000000000035,0.5,40
872,1117.6,1214.442457597838,740.7853492139499,1990.5469741980314,1249.7616249840817,True,0.08650000000000035,0.5,40
873,986.63,1024.5820139759069,644.1294186055115,1629.399168068401,985.2697494628894,True,0.08700000000000035,0.5,40
874,989.85,942.177494722667,585.1555290601825,1516.658270625969,931.5027415657864,True,0.08750000000000036,0.5,40
875,987.67,1018.647332019987,574.9865473845697,1804.0433407107207,1229.056793326151,True,0.08800000000000036,0.5,40
876,1049.05,948.6184318803793,496.5580434925403,1811.4019457851866,1314.8439022926464,True,0.08850000000000036,0.5,40
877,1198.54,1127.9195904167889,578.2502990248739,2199.1878009770057,1620.9375019521317,True,0.08900000000000036,0.5,40
878,1469.52,1244.6893793645315,633.2096920680913,2445.7333900267654,1812.5236979586741,True,0.08950000000000036,0.5,40
879,1700.04,1650.6126484007464,896.5940752358919,3038.04004673877,2141.445971502878,True,0.09000000000000036,0.5,40
880,1588.13,1678.541855529504,851.5610993602983,3307.690540293316,2456.129440933018,True,0.09050000000000036,0.5,40
881,1557.9,1490.1551639251845,754.7482589833335,2941.175117799087,2186.4268588157533,True,0.09100000000000036,0.5,40
882,1592.23,1596.14262886612,761.1425935844244,3345.9649884602827,2584.822394875858,True,0.09150000000000036,0.5,40
883,1640.49,1555.7579698084232,696.0448281949427,3475.8142284878436,2779.769400292901,True,0.09200000000000036,0.5,40
884,1745.97,1696.094305821066,713.9806489865501,4027.2615857264495,3313.2809367398995,True,0.09250000000000036,0.5,40
885,1879.29,1759.152326378553,682.6812085421319,4530.550923656709,3847.8697151145766,True,0.09300000000000036,0.5,40
886,1921.88,1966.3464125982034,722.6900357078318,5347.2177675382545,4624.527731830422,True,0.09350000000000036,0.5,40
887,2026.36,1841.4644638567172,652.3801164958217,5194.559544696566,4542.179428200745,True,0.09400000000000036,0.5,40
888,1999.55,2126.9321306921647,810.195218726187,5581.004243001487,4770.8090242753005,True,0.09450000000000036,0.5,40
889,1930.38,1861.9474174458335,738.596132389332,4691.524647142355,3952.928514753023,True,0.09500000000000036,0.5,40
890,1786.32,1938.5477679527066,817.0358786959283,4597.631480769851,3780.5956020739227,True,0.09550000000000036,0.5,40
891,1565.42,1652.5462727468841,744.4879997358214,3666.6851633883302,2922.1971636525086,True,0.09600000000000036,0.5,40
892,1464.66,1486.2862654973333,695.6092757476415,3174.4105386594733,2478.801262911832,True,0.09650000000000036,0.5,40
893,1464.92,1427.2701840789628,714.645802993265,2849.510280639699,2134.864477646434,True,0.09700000000000036,0.5,40
894,1468.99,1469.8851239225085,760.5995741614129,2839.735632184061,2079.1360580226483,True,0.09750000000000036,0.5,40
895,1466.01,1453.6315322825164,803.4179154342443,2629.4149299911337,1825.9970145568896,True,0.09800000000000036,0.5,40
896,1364.19,1461.2441441585888,825.0043258878749,2587.555374486412,1762.551048598537,True,0.09850000000000037,0.5,40
897,1320.86,1293.6421511363976,762.8772172813525,2193.198572205533,1430.3213549241805,True,0.09900000000000037,0.5,40
898,1278.68,1339.7360591265947,803.3861278748116,2233.7142969651904,1430.3281690903789,True,0.09950000000000037,0.5,40
899,1265.47,1241.8998163428053,774.6381470816012,1990.6503066248206,1216.0121595432192,True,0.10000000000000037,0.5,40
900,1307.23,1286.1085316406336,829.1653778541646,1994.5642772097535,1165.398899355589,True,0.10050000000000037,0.5,40
901,1431.3,1322.9975282049186,876.8703303457011,1995.8432627201594,1118.9729323744582,True,0.10100000000000037,0.5,40
902,1472.86,1500.6831281156328,1010.5576265900029,2228.286951124094,1217.729324534091,True,0.10150000000000037,0.5,40
903,1368.14,1443.0873972042307,993.4135071589567,2096.1038665012225,1102.6903593422658,True,0.10200000000000037,0.5,40
904,1183.47,1317.3247322905768,897.6145989395487,1933.0661745535892,1035.4515756140404,True,0.10250000000000037,0.5,40
905,1092.73,1109.4403787603308,769.8242544614675,1598.6873835305955,828.863129069128,True,0.10300000000000037,0.5,40
906,994.07,1096.2993309252367,769.5423348252839,1561.6212438048424,792.0789089795585,True,0.10350000000000037,0.5,40
907,955.66,949.3082613978107,684.4690374250823,1316.4713114297765,632.0022740046942,True,0.10400000000000037,0.5,40
908,940.44,978.5537693837467,709.7143938088649,1349.0860478871282,639.3716540782633,True,0.10450000000000037,0.5,40
909,939.23,935.8506633961731,690.8679046464757,1267.5791024723474,576.7111978258716,True,0.10500000000000037,0.5,40
910,980.97,961.637992205203,721.6535134859422,1281.3184095055135,559.6648960195713,True,0.10550000000000037,0.5,40
911,944.16,1013.1851154228983,765.8438517851525,1340.304942265526,574.4610904803735,True,0.10600000000000037,0.5,40
912,930.21,920.4013394660619,711.4485336305461,1190.6375545663038,479.18902093575775,True,0.10650000000000037,0.5,40
913,846.17,951.6081621666625,744.1074074092279,1216.89463049607,472.7872230868421,True,0.10700000000000037,0.5,40
914,775.88,798.1401670941365,635.2316826629725,1002.7617177287597,367.53003506578716,True,0.10750000000000037,0.5,40
915,688.84,774.5249829011639,624.6898418745882,960.2414312208087,335.55158934622057,True,0.10800000000000037,0.5,40
916,677.98,652.3318238353586,529.0025933644478,804.3592140492127,275.35662068476495,True,0.10850000000000037,0.5,40
917,696.03,703.8426006829827,577.7071282343339,857.4706624459993,279.7635342116654,True,0.10900000000000037,0.5,40
918,647.63,704.9951200362416,583.9582137719315,851.0764351713489,267.1182213994174,True,0.10950000000000037,0.5,40
919,651.02,624.7536758516691,520.7064634452162,749.5516804527646,228.8452170075484,True,0.11000000000000038,0.5,40
920,655.71,671.2281570912842,562.4216566564143,801.047081164855,238.6254245084407,True,0.11050000000000038,0.5,40
921,586.28,653.4325365055514,549.8768444556811,776.4549777278683,226.5781332721872,True,0.11100000000000038,0.5,40
922,518.32,556.8412624022186,471.76577506816466,657.2263151211255,185.46054005296082,True,0.11150000000000038,0.5,40
923,489.41,501.52998951921796,429.52393199329344,585.5792156941446,156.0552837008512,True,0.11200000000000038,0.5,40
924,422.16,486.12990869510077,420.17018674774755,562.4196232589018,142.24943651115422,True,0.11250000000000038,0.5,40
925,348.06,390.76728573878773,337.7793605093243,452.04296561747793,114.26360510815363,True,0.11300000000000038,0.5,40
926,325.97,326.4799159142933,281.41909629247505,378.73032537492065,97.3112290824456,True,0.11350000000000038,0.5,40
927,247.29,327.74544301058165,284.0075958734168,378.19538940366823,94.18779353025144,False,0.10400000000000038,0.492,40
928,366.94,208.71479504033888,179.34654569362948,242.86547072281905,63.518925029189575,False,0.09450000000000039,0.484,41
929,432.51,391.8106996857293,337.3565176442576,455.02859038116975,117.67207273691213,True,0.09500000000000039,0.488,41
930,424.63,445.0783244738152,384.05961913859863,515.7663958389344,131.70677670033575,True,0.09550000000000039,0.492,41
931,365.67,427.6988000833154,368.2279647555344,496.7484880229937,128.52052326745928,False,0.0860000000000004,0.484,41
932,343.37,360.09867309123285,309.43594776953216,419.0294864209875,109.59353865145533,True,0.0865000000000004,0.488,41
933,313.61,345.65568929082735,298.2337445473692,400.5929657247446,102.35922117737539,True,0.0870000000000004,0.492,41
934,308.44,312.04506984993407,270.6412106320863,359.7597519143682,89.11854128228191,True,0.0875000000000004,0.496,41
935,290.89,312.3509943583738,271.6484453732815,359.1298570800643,87.48141170678281,True,0.0880000000000004,0.5,40
936,251.68,290.88181329001895,253.5070386174777,333.7451347210753,80.23809610359763,False,0.0785000000000004,0.492,40
937,261.92,247.60329948192782,216.08920108356443,283.6921919875275,67.60299090396308,True,0.0790000000000004,0.496,41
938,282.07,269.08128012691736,235.09364370197494,307.96171845724376,72.86807475526882,True,0.0795000000000004,0.5,40
939,297.77,289.51438494908166,253.1744180217657,331.0499699348811,77.87555191311543,True,0.0800000000000004,0.5,40
940,295.88,304.4109762983155,266.40617963789106,347.817161106,81.41098146810896,True,0.0805000000000004,0.5,40
941,361.36,298.38148797112996,261.34818450593133,340.64244554847085,79.29426104253952,False,0.07100000000000041,0.492,40
942,400.83,381.033990988275,333.30834806643895,435.57291573653407,102.26456767009512,True,0.07150000000000041,0.496,41
943,361.1,410.6984050769708,358.71988779437703,470.1876726699318,111.4677848755548,True,0.07200000000000041,0.5,40
944,295.45,357.207776321968,311.3998905981539,409.7325734712895,98.33268287313564,False,0.06250000000000042,0.492,40
945,298.77,288.98145757241394,250.5679964543028,333.26050579170743,82.69250933740463,True,0.06300000000000042,0.496,41
946,330.63,307.22407260631803,265.06151302916726,356.06809997585077,91.00658694668351,True,0.06350000000000042,0.5,40
947,302.05,342.97341403347974,294.55450523040923,399.3245001107638,104.76999488035455,True,0.06400000000000042,0.5,40
948,257.92,300.10553269555425,257.12782049100366,350.23893909387175,93.11111860286809,True,0.06450000000000042,0.5,40
949,228.48,254.82145777190448,217.5531167546814,298.4449094496406,80.89179269495918,True,0.06500000000000042,0.5,40
950,225.79,227.75567820096109,194.0861549885971,267.2361560318842,73.15000104328712,True,0.06550000000000042,0.5,40
951,222.53,231.2670100130143,196.70760792850808,271.8674151977677,75.1598072692596,True,0.06600000000000042,0.5,40
952,222.24,226.05527534137528,191.51669209108428,266.7902757437587,75.2735836526744,True,0.06650000000000042,0.5,40
953,208.2,227.41355927745397,192.22654266981695,269.0082159568891,76.78167328707215,True,0.06700000000000042,0.5,40
954,220.4,209.58956043783766,176.1252526622832,249.37628626539185,73.25103360310865,True,0.06750000000000042,0.5,40
955,226.53,230.20136453077126,191.99607188899586,275.96973538215514,83.97366349315928,True,0.06800000000000042,0.5,40
956,220.75,232.84854747734377,194.67607840696277,278.4676978528288,83.79161944586602,True,0.06850000000000042,0.5,40
957,241.66,224.65863645239844,188.6784415287308,267.4639318793778,78.78549035064702,True,0.06900000000000042,0.5,40
958,234.99,253.78415252294135,213.3567013370133,301.8361790041433,88.47947766712997,True,0.06950000000000042,0.5,40
959,293.35,237.9417481545272,199.56647026675887,283.65953923009187,84.093068963333,False,0.06000000000000042,0.492,40
960,344.58,312.49884477236003,259.34041658797815,376.51159409546204,117.17117750748389,True,0.06050000000000042,0.496,41
961,317.17,351.75728285451646,288.89568446530876,428.24992428368677,139.354239818378,True,0.06100000000000042,0.5,40
962,236.99,308.7858487698465,248.81621398997504,383.15149507431613,134.3352810843411,False,0.05150000000000042,0.492,40
963,235.56,234.44127154467964,181.1963463204669,303.2464542569622,122.0501079364953,True,0.05200000000000042,0.496,41
964,233.26,252.17044722678716,189.60764197829198,335.2681300905613,145.66048811226935,True,0.05250000000000042,0.5,40
965,235.49,242.5400340945598,176.5740276893194,333.011392198358,156.43736450903862,True,0.05300000000000042,0.5,40
966,284.37,249.07227342992186,177.41099973824527,349.5173001113113,172.106300373066,True,0.05350000000000042,0.5,40
967,303.08,303.48621134652393,212.49200218438804,433.26382230509495,220.7718201207069,True,0.05400000000000042,0.5,40
968,236.14,297.2535110271663,203.95306859731693,433.02695772663606,229.07388912931913,True,0.05450000000000042,0.5,40
969,185.13,219.72073999378856,143.83551924967728,335.3653150538497,191.52979580417244,True,0.055000000000000424,0.5,40
970,161.21,188.11490082688636,115.11803402630477,307.00078570621656,191.8827516799118,True,0.055500000000000424,0.5,40
971,176.07,168.54957877096234,98.16279657722,288.89762949076237,190.73483291354236,True,0.056000000000000424,0.5,40
972,193.63,201.75069641259515,116.38401993861066,349.19966872229156,232.8156487836809,True,0.056500000000000425,0.5,40
973,229.98,206.6677410265373,119.11270438987106,358.04520576843925,238.9325013785682,True,0.057000000000000425,0.5,40
974,238.52,253.0710573610788,147.22183272671782,434.5100797302495,287.2882470035317,True,0.057500000000000426,0.5,40
975,251.57,237.29416223893546,138.80055842783716,405.179405831681,266.3788474038438,True,0.058000000000000426,0.5,40
976,236.79,261.1731859827646,153.59909977093486,443.6001273629385,290.00102759200365,True,0.05850000000000043,0.5,40
977,231.82,230.09768527213942,135.37855745613032,390.6021780426902,255.22362058655986,True,0.05900000000000043,0.5,40
978,237.68,239.36486554405045,141.64646391018442,404.0241906058528,262.3777266956684,True,0.05950000000000043,0.5,40
979,231.35,241.84744905333383,144.29813633570538,404.8887815013162,260.5906451656108,True,0.06000000000000043,0.5,40
980,316.73,232.27515138574884,139.7685458067078,385.5728380029268,245.804292196219,True,0.06050000000000043,0.5,40
981,352.22,349.66141042186626,212.32234394613852,575.420746577299,363.0984026311605,True,0.06100000000000043,0.5,40
982,336.23,321.7981730089685,197.08328166165575,525.0346033438033,327.9513216821475,True,0.06150000000000043,0.5,40
983,339.39,316.02777910422014,194.83562283860985,512.2192563688106,317.38363353020077,True,0.06200000000000043,0.5,40
984,335.02,320.50357440065886,199.05733468014924,515.6746248902034,316.6172902100542,True,0.06250000000000043,0.5,40
985,321.54,312.43399817450927,195.14445553901004,499.85979204301145,304.7153365040014,True,0.06300000000000043,0.5,40
986,322.96,303.39624935028775,190.3343312095141,483.26790964691855,292.93357843740444,True,0.06350000000000043,0.5,40
987,330.92,310.14296743279345,196.67393324594929,488.7456361250817,292.07170287913243,True,0.06400000000000043,0.5,40
988,357.5,315.8399279196123,201.75598227445323,494.1150580021812,292.35907572772794,True,0.06450000000000043,0.5,40
989,322.37,346.0272996438709,226.16412923174698,529.1362812227254,302.97215199097843,True,0.06500000000000043,0.5,40
990,345.73,292.5004002404301,193.39505534865532,442.13104974194266,248.73599439328734,True,0.06550000000000043,0.5,40
991,322.96,343.63882067651593,232.75208884320867,507.127723286228,274.3756344430193,True,0.06600000000000043,0.5,40
992,322.19,297.73186984574994,205.17722489612535,431.8350529817185,226.65782808559314,True,0.06650000000000043,0.5,40
993,352.6,314.86638605622744,221.667534290028,447.0741844936751,225.4066502036471,True,0.06700000000000043,0.5,40
994,504.69,344.1452853436986,245.72681751995972,481.8225370569867,236.09571953702695,False,0.05750000000000043,0.492,40
995,570.17,525.3889804967403,380.63905594566563,725.0403631955492,344.40130724988353,True,0.05800000000000043,0.496,41
996,561.59,522.646360416887,382.97102608164676,713.1307342277066,330.15970814605987,True,0.058500000000000434,0.5,40
997,493.83,523.6603624821773,387.3276700182926,707.8562500502807,320.52858003198804,True,0.059000000000000434,0.5,40
998,538.46,442.7829709038239,330.19247974723703,593.6491460631277,263.45666631589063,True,0.059500000000000434,0.5,40
999,563.27,537.7511593365489,406.88811594437396,710.5990889179495,303.71097297357556,True,0.060000000000000435,0.5,40
1000,586.87,538.7222412340353,411.9776092001768,704.3653544240759,292.3877452238991,True,0.060500000000000435,0.5,40
1001,577.01,572.711343413551,441.99545247879973,741.9979330930788,300.0024806142791,True,0.061000000000000436,0.5,40
1002,511.21,552.6641289055472,429.4024841418284,711.2262973178482,281.8238131760198,True,0.061500000000000436,0.5,40
1003,561.38,477.8543259459758,371.82344993879263,614.0403509082378,242.21690096944513,True,0.06200000000000044,0.5,40
1004,632.2,569.3771577994505,442.247500882549,732.9693996956901,290.7218988131411,True,0.06250000000000043,0.5,40
1005,645.39,628.9260420020408,484.9531669751503,815.5536215399293,330.600454564779,True,0.06300000000000043,0.5,40
1006,646.48,626.7288362349591,484.49362429718144,810.6347406442834,326.14111634710196,True,0.06350000000000043,0.5,40
1007,645.51,630.8076190857688,488.7809515740048,814.0191759234077,325.2382243494029,True,0.06400000000000043,0.5,40
1008,661.88,631.1078499952738,489.93246311215046,812.8804500576906,322.94798694554015,True,0.06450000000000043,0.5,40
1009,667.51,655.9743879250184,510.2507530954912,843.2341527638505,332.9833996683593,True,0.06500000000000043,0.5,40
1010,658.04,659.9055803754698,514.0970672110235,846.9881054971938,332.8910382861703,True,0.06550000000000043,0.5,40
1011,646.92,647.1197989509806,504.8691158089262,829.3714551155199,324.5023393065937,True,0.06600000000000043,0.5,40
1012,668.19,636.399773213523,497.2531708739291,814.405690605127,317.1525197311979,True,0.06650000000000043,0.5,40
1013,684.82,664.4577218139893,520.0076677860501,848.9567413347802,328.9490735487301,True,0.06700000000000043,0.5,40
1014,677.15,677.5753742531676,531.0857878622162,864.3952972374146,333.30950937519845,True,0.06750000000000043,0.5,40
1015,659.19,664.3994696304801,521.569166819421,846.2686149459008,324.69944812647987,True,0.06800000000000044,0.5,40
1016,667.86,646.415568162638,506.1732528983037,825.4373476008147,319.26409470251104,True,0.06850000000000044,0.5,40
1017,670.96,662.157580593122,516.8646352828215,848.214151219164,331.3495159363425,True,0.06900000000000044,0.5,40
1018,672.64,661.1687506202153,514.6483212915848,849.3226640972534,334.67434280566863,True,0.06950000000000044,0.5,40
1019,688.95,665.0107556975196,517.6366709636515,854.2621739619885,336.6255029983371,True,0.07000000000000044,0.5,40
1020,719.39,684.2408019779028,530.9129801667007,881.7664941512834,350.8535139845827,True,0.07050000000000044,0.5,40
1021,708.45,716.6773976845924,554.3482878431455,926.4555417244828,372.10725388133733,True,0.07100000000000044,0.5,40
1022,715.18,695.3642877494099,536.5526341008208,901.0944006048588,364.54176650403804,True,0.07150000000000044,0.5,40
1023,717.45,709.2748515819491,546.1108583790729,921.098980605896,374.9881222268232,True,0.07200000000000044,0.5,40
1024,697.66,708.6329145327958,544.5981542962436,921.9849284183647,377.3867741221211,True,0.07250000000000044,0.5,40
1025,710.66,685.1282113859793,525.0428073773263,893.930822848495,368.8880154711687,True,0.07300000000000044,0.5,40
1026,699.25,707.2370915229927,541.4332807113618,923.7216121236813,382.2883314123195,True,0.07350000000000044,0.5,40
1027,688.72,687.7455933138114,525.9576853209829,899.206042199087,373.2483568781041,True,0.07400000000000044,0.5,40
1028,684.94,679.1180616045415,518.4564097817606,889.4704398874482,371.01403010568754,True,0.07450000000000044,0.5,40
1029,676.8,677.5742600996505,517.0878263683476,887.7740707931831,370.68624442483554,True,0.07500000000000044,0.5,40
1030,687.57,667.1060446863274,508.49377451282766,875.0964496047453,366.60267509191766,True,0.07550000000000044,0.5,40
1031,706.89,686.5163461695013,521.8133877624202,903.1060105083973,381.29262274597704,True,0.07600000000000044,0.5,40
1032,663.88,704.4433954417206,535.3143824135253,926.907959381612,391.5935769680867,True,0.07650000000000044,0.5,40
1033,643.62,635.8630534942135,482.2746340224288,838.2630615227984,355.98842750036954,True,0.07700000000000044,0.5,40
1034,647.33,656.1024840535739,469.82595065665555,916.0770513969622,446.2511007403067,True,0.07750000000000044,0.5,40
1035,659.25,646.764797639086,462.99044720136726,903.3273101661599,440.33686296479266,True,0.07800000000000044,0.5,40
1036,657.24,670.556369325635,462.16191537075315,972.7155457197308,510.55363034897766,True,0.07850000000000044,0.5,40
1037,662.35,649.7969913659505,453.60488843461127,930.6589740805065,477.0540856458952,True,0.07900000000000044,0.5,40
1038,652.17,663.416425966273,465.2360892953728,945.8361571086496,480.6000678132768,True,0.07950000000000045,0.5,40
1039,686.24,644.3299350020962,451.7637255712732,918.7970188189312,467.033293247658,True,0.08000000000000045,0.5,40
1040,653.09,693.3053921129092,486.6487087470178,987.5394319113095,500.8907231642917,True,0.08050000000000045,0.5,40
1041,667.51,632.7029222258185,442.1202747557825,905.2537114982266,463.13343674244413,True,0.08100000000000045,0.5,40
1042,679.37,672.4889780405168,477.02169035943916,947.8845646334446,470.86287427400543,True,0.08150000000000045,0.5,40
1043,669.6,676.2486786225238,483.55882515119356,945.563655202937,462.0048300517434,True,0.08200000000000045,0.5,40
1044,552.74,670.5158650995152,475.88039725493076,944.590466028928,468.7100687739972,True,0.08250000000000045,0.5,40
1045,521.97,571.1389064221152,398.4240672486035,818.5373165587291,420.11324931012564,True,0.08300000000000045,0.5,40
1046,429.32,544.1721589897891,382.43663909084995,774.1285418167028,391.6919027258528,True,0.08350000000000045,0.5,40
1047,436.96,420.8751296046204,300.7863277426438,588.7504579156788,287.964130173035,True,0.08400000000000045,0.5,40
1048,714.26,445.789129058946,325.3077154744151,610.7554577433925,285.44774226897744,False,0.07450000000000045,0.492,40
1049,699.28,810.6553037160518,582.9783364383684,1127.097210023685,544.1188735853166,True,0.07500000000000046,0.496,41
1050,486.52,613.2763102696299,424.134130309305,886.5678484904081,462.4337181811031,True,0.07550000000000046,0.5,40
1051,410.68,509.0549990976833,346.340746761688,747.9939044872035,401.6531577255155,True,0.07600000000000046,0.5,40
1052,500.06,462.353419925909,313.311209579674,682.0694713184033,368.7582617387293,True,0.07650000000000046,0.5,40
1053,677.74,607.7007308788179,407.181397972675,906.725294716176,499.543896743501,True,0.07700000000000046,0.5,40
1054,706.74,707.1436055040392,475.15380901804735,1052.162563270083,577.0087542520356,True,0.07750000000000046,0.5,40
1055,503.89,663.9739537500363,444.28857192103527,992.042236090377,547.7536641693416,True,0.07800000000000046,0.5,40
1056,340.45,478.25306988089926,322.4393490817189,709.1285160335738,386.6891669518549,True,0.07850000000000046,0.5,40
1057,331.83,369.5240778354905,250.87467103890233,544.0650980091457,293.1904269702434,True,0.07900000000000046,0.5,40
1058,505.75,409.4341072945792,284.2756465944358,589.5031096824927,305.2274630880569,True,0.07950000000000046,0.5,40
1059,678.95,646.4730615333171,441.5065525752967,946.3788873216566,504.8723347463599,True,0.08000000000000046,0.5,40
1060,546.19,667.3452742591304,458.1634039636687,971.8244929115829,513.6610889479141,True,0.08050000000000046,0.5,40
1061,299.82,496.5009021015761,346.1178366843044,712.0349450091325,365.91710832482806,False,0.07100000000000047,0.492,40
1062,408.03,282.0394825148626,196.86857189043366,403.8715159608142,207.00294407038052,False,0.061500000000000464,0.484,41
1063,583.21,639.8318938059721,441.6199572066374,926.8061448260211,485.18618761938365,True,0.062000000000000464,0.488,41
1064,570.67,549.5020435447278,383.95665165280803,786.2379880845497,402.28133643174164,True,0.06250000000000046,0.492,41
1065,560.82,592.370392558367,409.4623019903026,856.7850415436907,447.3227395533881,True,0.06300000000000046,0.496,41
1066,561.94,550.6623519297171,388.05333387826346,781.2355549634071,393.1822210851437,True,0.06350000000000046,0.5,40
1067,681.11,579.0147932472071,406.7625998655164,824.0319192994983,417.26931943398193,True,0.06400000000000046,0.5,40
1068,777.21,679.3464192041567,486.0174506188069,949.4202560622654,463.4028054434585,True,0.06450000000000046,0.5,40
1069,776.82,697.0394185318,499.4107321765314,972.7181848696276,473.30745269309625,True,0.06500000000000046,0.5,40
1070,645.21,687.665994450043,509.7527938623751,927.5526337025943,417.79983984021925,True,0.06550000000000046,0.5,40
1071,592.88,569.4838260787009,424.82241549012844,763.2899574527876,338.46754196265914,True,0.06600000000000046,0.5,40
1072,577.9,598.8616087883868,458.3634502880868,782.331694048632,323.9682437605452,True,0.06650000000000046,0.5,40
1073,710.9,558.3880993020402,427.37703698706616,729.4664317247169,302.08939473765076,True,0.06700000000000046,0.5,40
1074,577.9,733.6617903462852,568.52029605082,946.6886950955081,378.16839904468816,True,0.06750000000000046,0.5,40
1075,597.31,484.34234561438245,382.76095913033095,612.8122882022293,230.05132907189835,True,0.06800000000000046,0.5,40
1076,703.88,661.0033816458401,531.8777048310831,821.4184899036982,289.5407850726151,True,0.06850000000000046,0.5,40
1077,767.03,623.5652899886344,509.01848663369475,763.8385532714059,254.82006663771114,False,0.05900000000000046,0.492,40
1078,774.79,707.834651979199,582.3292537690601,860.3429904295364,278.0137366604763,True,0.05950000000000046,0.496,41
1079,757.47,663.4144015271221,552.6496592211491,796.3390565753297,243.68939735418053,True,0.06000000000000046,0.5,40
1080,780.25,683.4988865108688,574.0307677149929,813.8063580953374,239.7755903803445,True,0.06050000000000046,0.5,40
1081,789.89,695.2275484103859,589.9689564267051,819.2339461221011,229.26498969539603,True,0.061000000000000464,0.5,40
1082,719.98,701.172954936557,599.6726685293119,819.8245263622748,220.15185783296295,True,0.061500000000000464,0.5,40
1083,554.27,637.5358594033232,549.3587414207349,739.8404974024809,190.481755981746,True,0.062000000000000464,0.5,40
1084,639.55,519.4139614467672,449.94764880969313,599.5812248574603,149.63357604776712,False,0.05250000000000046,0.492,40
1085,780.36,689.3184218608784,600.2609589066652,791.5668821521932,191.305923245528,True,0.05300000000000046,0.496,41
1086,765.97,695.8994261351946,608.9047053805441,795.3027762583586,186.39807087781446,True,0.053500000000000464,0.5,40
1087,603.74,684.5353869926982,599.8288660207681,781.1840683716154,181.3552023508472,True,0.054000000000000464,0.5,40
1088,585.92,549.9647999160567,480.7645845080847,629.1048696979224,148.3402851898377,True,0.054500000000000465,0.5,40
1089,564.51,620.6337777413142,541.5163357180612,711.2892495347083,169.77291381664713,True,0.055000000000000465,0.5,40
1090,546.43,551.1664510778659,478.2663358931873,635.1552374166224,156.8889015234351,True,0.055500000000000466,0.5,40
1091,572.83,569.6476619513488,491.11927522973974,660.7069691865261,169.58769395678632,True,0.056000000000000466,0.5,40
1092,586.28,587.1440570092166,502.89654665774134,685.4770836189383,182.58053696119697,True,0.056500000000000467,0.5,40
1093,704.59,593.8347204848416,505.23126075242897,697.9460590963355,192.71479834390652,False,0.047000000000000465,0.492,40
1094,759.66,711.8956375519929,601.0421130585365,843.1605313268975,242.11841826836098,True,0.047500000000000465,0.496,41
1095,753.79,687.1555116328808,576.0845646331426,819.6041838803238,243.51961924718125,True,0.048000000000000466,0.5,40
1096,594.53,701.2238969131141,580.3324244781605,847.255457002064,266.92303252390343,True,0.048500000000000466,0.5,40
1097,555.63,548.6069328157429,448.06261651853873,671.6629416204325,223.60032510189382,True,0.04900000000000047,0.5,40
1098,549.11,605.83427133246,489.94471651912585,749.080040527846,259.13532400872015,True,0.04950000000000047,0.5,40
1099,544.24,573.2769320414253,458.4743993503765,716.7635906182977,258.28919126792124,True,0.05000000000000047,0.5,40
1100,643.17,583.7936694699362,462.743609077574,736.4411833563548,273.69757427878085,True,0.05050000000000047,0.5,40
1101,708.66,671.5482957756026,528.2233546895628,853.6886794442294,325.46532475466654,True,0.05100000000000047,0.5,40
1102,741.19,682.445957135346,530.4032316126701,877.9904700186479,347.5872384059778,True,0.05150000000000047,0.5,40
1103,770.1,707.3467857867622,546.00181864145,916.2824510540225,370.2806324125726,True,0.05200000000000047,0.5,40
1104,700.75,723.5915248944202,555.2077189642756,942.9510816687232,387.7433627044476,True,0.05250000000000047,0.5,40
1105,509.26,662.6565248061592,505.4162237149508,868.7193381499976,363.30311443504684,True,0.05300000000000047,0.5,40
1106,357.94,529.7513635911005,401.98406663255207,698.0276620804186,296.04359544786655,False,0.04350000000000047,0.492,40
1107,416.35,402.11280501319584,299.0820460200146,540.518347134865,241.43630111485044,True,0.04400000000000047,0.496,41
1108,602.71,528.5945876685888,391.22501641349265,714.0753153189603,322.85029890546764,True,0.04450000000000047,0.5,40
1109,747.09,667.5433876500708,493.08814856747847,903.5961990112219,410.5080504437434,True,0.04500000000000047,0.5,40
1110,620.61,729.8314113010838,538.0930196345108,989.7651041492762,451.6720845147654,True,0.04550000000000047,0.5,40
1111,552.5,569.5907982502266,419.1378196510762,773.9215705413508,354.7837508902746,True,0.04600000000000047,0.5,40
1112,555.13,595.4161789343965,437.766282321085,809.7101042791599,371.94382195807486,True,0.04650000000000047,0.5,40
1113,562.24,574.3942525886982,422.3878419133649,780.9746179198343,358.58677600646934,True,0.04700000000000047,0.5,40
1114,555.89,590.6779953455019,434.8055462381952,802.3005848547174,367.4950386165222,True,0.04750000000000047,0.5,40
1115,557.02,570.6242178463341,420.2391567340387,774.69770332329,354.45854658925134,True,0.04800000000000047,0.5,40
1116,559.94,584.7664671692418,430.97002436863335,793.3198247643259,362.3498003956925,True,0.04850000000000047,0.5,40
1117,560.64,578.345117549735,426.4694789262754,784.1806544686748,357.71117554239936,True,0.049000000000000474,0.5,40
1118,564.8,581.949860745837,429.1298298042582,789.0650375683999,359.93520776414175,True,0.049500000000000474,0.5,40
1119,557.43,582.2624701261926,430.0312198244531,788.2586277074306,358.2274078829775,True,0.050000000000000475,0.5,40
1120,598.99,572.3614316222372,422.6899599299356,774.9054081108382,352.21544818090257,True,0.050500000000000475,0.5,40
1121,617.81,625.6237493696772,462.9315342279447,845.3691176491284,382.43758342118366,True,0.051000000000000476,0.5,40
1122,640.82,607.2980337135749,450.05948933500207,819.3496580136966,369.29016867869456,True,0.051500000000000476,0.5,40
1123,639.4,643.8264867003297,478.02138751674505,867.0221985615527,389.0008110448077,True,0.052000000000000476,0.5,40
1124,623.59,614.74331750162,456.30637798690213,828.0718242699863,371.7654462830842,True,0.05250000000000048,0.5,40
1125,504.81,619.1917222992114,458.9377941614985,835.2821609598011,376.3443667983026,True,0.05300000000000048,0.5,40
1126,485.54,485.26758139122023,359.19777217612824,655.4620299662639,296.2642577901357,True,0.05350000000000048,0.5,40
1127,405.49,541.0109686245448,400.07214604241244,731.476421033365,331.40427499095256,True,0.05400000000000048,0.5,40
1128,346.53,410.80184020690024,303.6316611506287,555.6747558584799,252.0430947078512,True,0.05450000000000048,0.5,40
1129,428.76,391.6457387779957,282.3664052218437,543.068292286871,260.70188706502734,True,0.05500000000000048,0.5,40
1130,461.74,512.5242556240617,372.7008293387172,704.6638369812827,331.96300764256546,True,0.05550000000000048,0.5,40
1131,484.69,473.17484264749197,346.4833154620488,646.0577762871909,299.5744608251421,True,0.05600000000000048,0.5,40
1132,404.84,530.1266170523382,388.11119631616594,723.97395606229,335.862759746124,True,0.05650000000000048,0.5,40
1133,362.22,387.79350213209506,280.94572950731515,535.1329202051897,254.1871906978746,True,0.05700000000000048,0.5,40
1134,354.79,415.3399725234402,293.3109584755658,587.9654045457836,294.6544460702178,True,0.05750000000000048,0.5,40
1135,360.77,378.4013381727101,266.8289956446435,536.4525452734415,269.623549628798,True,0.05800000000000048,0.5,40
1136,370.12,399.0629186053191,283.6166444875708,561.3365391407937,277.71989465322287,True,0.05850000000000048,0.5,40
1137,371.48,395.7736395112201,280.89160447257154,557.4746708066566,276.58306633408506,True,0.05900000000000048,0.5,40
1138,361.51,396.0741596309111,284.5430061844145,551.1686220000303,266.6256158156158,True,0.05950000000000048,0.5,40
1139,363.58,377.9834329404501,272.2541039267939,524.622270184851,252.3681662580571,True,0.060000000000000484,0.5,40
1140,384.7,388.52830591254167,280.4054010756271,538.1947010509473,257.7892999753202,True,0.060500000000000484,0.5,40
1141,490.56,411.0413068678182,299.3434758876677,564.2795955149652,264.9361196272975,True,0.061000000000000484,0.5,40
1142,589.05,551.4897439592846,404.432881355234,751.886436245276,347.45355489004197,True,0.061500000000000485,0.5,40
1143,606.69,588.878680383035,436.24690055443375,794.7903352298615,358.54343467542776,True,0.062000000000000485,0.5,40
1144,435.58,586.1771209860309,437.38530291616536,785.4701875632392,348.0848846470738,False,0.052500000000000484,0.492,40
1145,345.49,379.3308621014855,283.8104599487417,506.88712146629933,223.07666151755762,True,0.053000000000000484,0.496,41
1146,337.35,359.7187299201172,270.3157684883978,478.58142219347883,208.26565370508104,True,0.053500000000000485,0.5,40
1147,349.42,357.304398899653,268.92325102572056,474.62424423603414,205.70099321031358,True,0.054000000000000485,0.5,40
1148,360.63,372.1658476788716,281.5452234002544,491.8511910343816,210.30596763412723,True,0.054500000000000486,0.5,40
1149,437.88,376.1844164870119,284.2395502869108,497.76703247339304,213.52748218648225,True,0.055000000000000486,0.5,40
1150,528.73,480.3205676988738,365.3129073913121,631.4360518437486,266.1231444524365,True,0.055500000000000486,0.5,40
1151,523.95,540.9323066907532,413.34008052456807,707.8153882273195,294.4753077027515,True,0.05600000000000049,0.5,40
1152,500.44,502.39243813796406,386.479971273186,652.9794713565361,266.49950008335014,True,0.05650000000000049,0.5,40
1153,457.25,492.09039719681044,378.70859800835603,639.3282440350683,260.6196460267123,True,0.05700000000000049,0.5,40
1154,445.84,442.8893320291942,341.28886081910423,574.6475352946305,233.3586744755263,True,0.05750000000000049,0.5,40
1155,474.51,452.70620948684444,350.2735905477017,585.0085416781902,234.73495113048853,True,0.05800000000000049,0.5,40
1156,503.18,483.75545326051486,375.6609999098132,622.870933072636,247.20993316282284,True,0.05850000000000049,0.5,40
1157,661.29,502.36172472022474,391.37904641881875,644.7353628482833,253.35631642946458,False,0.04900000000000049,0.492,40
1158,726.62,698.9343376355705,546.8805758197697,893.1877091888446,346.3071333690749,True,0.04950000000000049,0.496,41
1159,830.01,659.2603895670447,517.7714634135135,839.3387864912961,321.5673230777826,True,0.05000000000000049,0.5,40
1160,900.39,831.0973970331663,653.6828106827671,1056.590128916449,402.90731823368185,True,0.05050000000000049,0.5,40
1161,956.46,845.0682219029084,665.4216603258208,1073.1419115398671,407.72025121404636,True,0.05100000000000049,0.5,40
1162,964.81,932.3278779032972,734.221896755096,1183.8136345177945,449.5917377626985,True,0.05150000000000049,0.5,40
1163,957.05,908.3323416637289,714.3168534084058,1154.970677407674,440.6538239992682,True,0.05200000000000049,0.5,40
1164,925.9,919.6306303881956,721.841187557475,1171.5407630311254,449.6995754736504,True,0.05250000000000049,0.5,40
1165,823.75,876.0187790035986,688.3480090716461,1114.78176567276,426.43375660111394,True,0.05300000000000049,0.5,40
1166,665.03,759.0831058224217,597.3667770826908,964.5053553830917,367.1385783004009,True,0.05350000000000049,0.5,40
1167,641.5,602.6879720700447,474.8680990249619,764.8407200834998,289.9726210585379,True,0.05400000000000049,0.5,40
1168,660.16,645.841910611067,509.9416499914243,817.8889226979209,307.94727270649656,True,0.05450000000000049,0.5,40
1169,706.47,647.4581521663716,512.0981716446369,818.5273309261662,306.42915928152934,True,0.05500000000000049,0.5,40
1170,804.49,716.8697508526502,566.7727729773482,906.6465158532814,339.8737428759332,True,0.05550000000000049,0.5,40
1171,828.15,824.5505862859657,651.9436405036772,1042.7865203670108,390.84287986333356,True,0.056000000000000494,0.5,40
1172,864.22,797.9434657048863,629.0411574171535,1012.1253393179614,383.08418190080795,True,0.056500000000000494,0.5,40
1173,918.5,869.4814320483309,686.3932289158103,1101.335448860987,414.9422199451768,True,0.057000000000000495,0.5,40
1174,954.66,911.4747051223271,719.4961328230895,1154.6066015589797,435.1104687358902,True,0.057500000000000495,0.5,40
1175,906.7,943.1910775182049,745.1707343416438,1193.7624716903003,448.5917373486566,True,0.058000000000000496,0.5,40
1176,867.85,856.0105087901053,676.4108620967487,1083.2268012994714,406.8159392027227,True,0.058500000000000496,0.5,40
1177,782.43,846.1046460410678,668.3034313022418,1071.1389548955076,402.83552359326575,True,0.059000000000000496,0.5,40
1178,736.77,728.6911974668717,575.7313444098398,922.2188415309457,346.4874971211059,True,0.0595000000000005,0.5,40
1179,810.42,725.5021080657455,571.5384644727069,920.8687403126131,349.3302758399062,True,0.0600000000000005,0.5,40
1180,818.59,840.0132678743071,661.4836015010383,1066.6540749658277,405.17047346478944,True,0.0605000000000005,0.5,40
1181,830.6,782.4608713887526,616.1442708230785,993.5987770065348,377.45450618345626,True,0.0610000000000005,0.5,40
1182,844.99,834.6305756207191,657.3034567711213,1059.7242780360964,402.4208212649751,True,0.0615000000000005,0.5,40
1183,860.21,829.0712396546841,652.6388493110799,1053.1268525089552,400.4880031978753,True,0.0620000000000005,0.5,40
1184,872.3,856.6137410120227,674.8666434081945,1087.2343964538954,412.36775304570097,True,0.0625000000000005,0.5,40
1185,884.04,864.9287758826914,680.6716329272043,1098.990976127022,418.3193431998176,True,0.0630000000000005,0.5,40
1186,899.85,879.5149497950156,685.9203590293963,1127.6702550321995,441.7498960028032,True,0.0635000000000005,0.5,40
1187,916.76,895.0824510119569,694.9142976121915,1152.8256388275263,457.9113412153348,True,0.0640000000000005,0.5,40
1188,936.76,912.0291360910206,696.8046127119896,1193.6355586720417,496.8309459600521,True,0.0645000000000005,0.5,40
1189,944.93,931.2056380839796,716.8740285213999,1209.5290303724291,492.6550018510293,True,0.0650000000000005,0.5,40
1190,951.18,932.4329045695782,721.2752610666615,1205.322622827288,484.04736176062636,True,0.0655000000000005,0.5,40
1191,954.22,940.4204618278259,730.3081127143226,1210.9002518085417,480.5921390942191,True,0.0660000000000005,0.5,40
1192,938.05,941.4377784844228,733.5130902432242,1208.22142588438,474.70833564115594,True,0.0665000000000005,0.5,40
1193,930.74,920.299961215364,719.7917760475697,1176.5850484723258,456.7932724247561,True,0.0670000000000005,0.5,40
1194,870.83,921.2722387284256,723.1694860449677,1173.5676926745355,450.39820662956777,True,0.0675000000000005,0.5,40
1195,847.53,832.5203117139705,651.7171822589844,1063.4060382098078,411.6888559508234,True,0.0680000000000005,0.5,40
1196,819.54,847.8949629628619,662.6550037470018,1084.8392599695278,422.18425622252596,True,0.0685000000000005,0.5,40
1197,779.27,795.6803630863793,614.8544867115967,1029.5999462900293,414.7454595784326,True,0.0690000000000005,0.5,40
1198,738.6,779.5273812852786,596.6916182311742,1018.2931845673306,421.60156633615645,True,0.0695000000000005,0.5,40
1199,714.03,735.2547227760034,560.5406972080993,964.3281044545298,403.78740724643046,True,0.0700000000000005,0.5,40
1200,695.21,728.8059166194853,557.6774946044046,952.352660661495,394.67516605709034,True,0.0705000000000005,0.5,40
1201,641.61,702.3483423837444,537.0387530440508,918.4484373757708,381.40968433172,True,0.07100000000000051,0.5,40
1202,609.49,633.070091978708,485.1248130744947,826.0404446116539,340.91563153715924,True,0.07150000000000051,0.5,40
1203,541.03,623.5909200925347,480.9024025251032,808.5286834385876,327.6262809134844,True,0.07200000000000051,0.5,40
1204,517.34,513.0219680817683,394.75645173422754,666.6292515582079,271.87279982398036,True,0.07250000000000051,0.5,40
1205,604.09,541.0871502737892,419.75121164847207,697.4138615802009,277.6626499317288,True,0.07300000000000051,0.5,40
1206,790.66,664.5116748381123,515.9348227121504,855.7923263944178,339.8575036822674,True,0.07350000000000051,0.5,40
1207,839.56,885.2081255530243,690.707986753336,1134.3994125215547,443.6914257682188,True,0.07400000000000051,0.5,40
1208,653.23,799.8000446435578,601.9312888384056,1062.604963571557,460.6736747331513,True,0.07450000000000051,0.5,40
1209,535.78,582.6213304764542,441.75346257174067,768.3081730149447,326.55471044320404,True,0.07500000000000051,0.5,40
1210,578.08,534.4821454154052,408.4677957970722,699.2776066931303,290.80981089605814,True,0.07550000000000051,0.5,40
1211,654.97,652.9385494672455,502.89043224386546,847.6678831646564,344.7774509207909,True,0.07600000000000051,0.5,40
1212,686.98,682.1574658931615,525.3743303794786,885.6392152313081,360.2648848518295,True,0.07650000000000051,0.5,40
1213,725.94,710.7553671058799,537.6174486718123,939.5482571224725,401.93080845066015,True,0.07700000000000051,0.5,40
1214,732.93,751.8292548463463,552.0533199232856,1023.7689807397226,471.715660816437,True,0.07750000000000051,0.5,40
1215,702.4,727.7007757955791,529.9663620840229,999.0724312570483,469.1060691730254,True,0.07800000000000051,0.5,40
1216,725.29,695.3164572424348,499.3794442073471,967.9778711727831,468.59842696543603,True,0.07850000000000051,0.5,40
1217,724.76,762.378874846882,546.6791465127276,1063.0304825791811,516.3513360664535,True,0.07900000000000051,0.5,40
1218,707.74,692.2937678459149,479.8246402312784,998.649785632425,518.8251454011466,True,0.07950000000000051,0.5,40
1219,679.51,729.7183316316728,500.6975969876615,1063.2851059852833,562.5875089976219,True,0.08000000000000052,0.5,40
1220,669.19,656.0973427601649,447.99690960013436,960.6478613338332,512.6509517336989,True,0.08050000000000052,0.5,40
1221,718.95,696.6593626452104,482.7236381731011,1005.2121175735158,522.4884794004147,True,0.08100000000000052,0.5,40
1222,936.87,745.1902035231386,524.9153011897303,1057.7252711117278,532.8099699219975,True,0.08150000000000052,0.5,40
1223,1172.79,1081.821092603543,779.6801226214117,1500.897492471102,721.2173698496903,True,0.08200000000000052,0.5,40
1224,1252.19,1153.382347571646,814.9748099343262,1632.1369402105424,817.1621302762162,True,0.08250000000000052,0.5,40
1225,1329.89,1242.6392726525157,846.6282801387922,1823.666161717055,977.0378815782628,True,0.08300000000000052,0.5,40
1226,1346.79,1317.5640200207808,834.0369620829421,2081.076786824522,1247.03982474158,True,0.08350000000000052,0.5,40
1227,1332.25,1296.281623663095,784.2993513221082,2142.054885071031,1357.755533748923,True,0.08400000000000052,0.5,40
1228,1324.4,1296.680724309664,762.3620942535836,2204.9980118497333,1442.6359175961497,True,0.08450000000000052,0.5,40
1229,1297.0,1289.2911379425989,736.6330083509947,2256.0183299891123,1519.3853216381176,True,0.08500000000000052,0.5,40
1230,1284.73,1251.9858113147827,724.8215070493206,2162.0296541343496,1437.208147085029,True,0.08550000000000052,0.5,40
1231,1275.67,1265.138953234412,741.1772226846099,2159.006801473584,1417.829578788974,True,0.08600000000000052,0.5,40
1232,1289.98,1241.4454952180072,725.3227359065321,2124.3235404518146,1399.0008045452823,True,0.08650000000000052,0.5,40
1233,1298.03,1288.4775282615615,764.0141625892273,2172.4921746597224,1408.478012070495,True,0.08700000000000052,0.5,40
1234,1315.91,1265.9103989682112,733.3102159534773,2184.8091092055324,1451.498893252055,True,0.08750000000000052,0.5,40
1235,1353.81,1317.182244036465,779.3499729494409,2225.6989027057866,1446.3489297563456,True,0.08800000000000052,0.5,40
1236,1430.47,1342.3466746505271,773.0534470138168,2330.3380946192174,1557.2846476054006,True,0.08850000000000052,0.5,40
1237,1483.89,1463.2737612843687,857.1144950514968,2497.6148822217506,1640.5003871702538,True,0.08900000000000052,0.5,40
1238,1522.44,1455.551983971266,862.1839488054779,2456.811785015861,1594.627836210383,True,0.08950000000000052,0.5,40
1239,1458.55,1537.5095108490955,931.4560191963129,2537.469875515693,1606.01385631938,True,0.09000000000000052,0.5,40
1240,1321.3,1356.5661616976997,846.082272598258,2174.686994055051,1328.604721456793,True,0.09050000000000052,0.5,40
1241,1298.15,1264.1392977961782,821.7570559437277,1944.3828214117173,1122.6257654679896,True,0.09100000000000052,0.5,40
1242,1275.61,1299.0323440796867,869.3692154173601,1940.8013249042758,1071.4321094869156,True,0.09150000000000053,0.5,40
1243,1277.8,1230.7962899164481,855.2757319951985,1771.0017549912704,915.726022996072,True,0.09200000000000053,0.5,40
1244,1337.53,1296.3737876325151,916.5954338085551,1833.3364437307266,916.7410099221715,True,0.09250000000000053,0.5,40
1245,1512.09,1347.8426555108001,972.0647513853322,1868.7383773641152,896.673625978783,True,0.09300000000000053,0.5,40
1246,1721.6,1637.405020232837,1138.2749585533275,2355.209965092911,1216.9350065395834,True,0.09350000000000053,0.5,40
1247,1914.45,1758.5992623575555,1169.3909592541054,2644.4318871896166,1475.0409279355113,True,0.09400000000000053,0.5,40
1248,1977.28,2006.9230475426452,1319.4199096701639,3052.388498102894,1732.9685884327303,True,0.09450000000000053,0.5,40
1249,2021.7,1915.6365786120552,1216.768542614034,3015.5796257048046,1798.8110830907706,True,0.09500000000000053,0.5,40
1250,1925.01,2089.946396026955,1315.3190523662488,3320.426384582667,2005.1073322164184,True,0.09550000000000053,0.5,40
1251,1901.53,1731.1038561933892,1049.7991564378103,2854.1448202628717,1804.3456638250614,True,0.09600000000000053,0.5,40
1252,2085.24,1950.510592558302,1226.4894359219072,3101.58767319407,1875.0982372721626,True,0.09650000000000053,0.5,40
1253,2361.33,2080.98927424325,1244.8370292239097,3478.3309529130083,2233.4939236890987,True,0.09700000000000053,0.5,40
1254,2514.65,2498.8896928090962,1535.6825267054692,4065.844235947356,2530.161709241887,True,0.09750000000000053,0.5,40
1255,2534.44,2497.4600848010814,1572.8147558726023,3965.351676429148,2392.5369205565457,True,0.09800000000000053,0.5,40
1256,2714.31,2539.2827811219777,1594.7827381307734,4042.806499388256,2448.0237612574824,True,0.09850000000000053,0.5,40
1257,2752.81,2831.3154292248278,1781.0712889536417,4500.509417917405,2719.438128963763,True,0.09900000000000053,0.5,40
1258,2567.3,2665.8284353714275,1641.452163200558,4329.095002491211,2687.642839290653,True,0.09950000000000053,0.5,40
1259,2621.43,2466.6092120489275,1520.418249627207,4001.2493649466473,2480.8311153194404,True,0.10000000000000053,0.5,40
1260,2716.55,2725.881754932578,1676.0906523113354,4432.799744298957,2756.709091987622,True,0.10050000000000053,0.5,40
1261,2798.26,2685.269701453105,1652.4396151548058,4363.262742228628,2710.823127073822,True,0.10100000000000053,0.5,40
1262,2882.77,2850.370239038645,1791.6198665660625,4534.435756187234,2742.8158896211717,True,0.10150000000000053,0.5,40
1263,2901.97,2886.8597654340488,1859.370142143869,4481.835880822183,2622.4657386783138,True,0.10200000000000053,0.5,40
1264,2922.29,2901.4588359078216,1915.0218322533426,4395.749114404408,2480.727282151065,True,0.10250000000000054,0.5,40
1265,2908.43,2931.4433867522516,1976.980713297757,4346.476271479965,2369.4955581822087,True,0.10300000000000054,0.5,40
1266,2889.11,2877.423733827746,1974.4422888494753,4193.161094064834,2218.7188052153588,True,0.10350000000000054,0.5,40
1267,2871.41,2876.6900962989907,2001.449914865394,4134.48435287279,2133.0344380073957,True,0.10400000000000054,0.5,40
1268,2877.81,2847.5612646580007,2001.640201340684,4050.801852912867,2049.1616515721835,True,0.10450000000000054,0.5,40
1269,2837.64,2879.68058763671,2048.4536832725857,4048.0403446132764,1999.5866613406906,True,0.10500000000000054,0.5,40
1270,2791.98,2789.7004040672373,1987.318539684668,3915.881822414716,1928.5632827300483,True,0.10550000000000054,0.5,40
1271,2763.42,2775.445383719869,2005.1830052561395,3841.4455538617067,1836.2625486055672,True,0.10600000000000054,0.5,40
1272,2745.49,2737.309647644761,1984.0910461520548,3776.327866608096,1792.2368204560412,True,0.10650000000000054,0.5,40
1273,2742.28,2733.694703867688,1994.3336682722484,3747.022319413689,1752.6886511414405,True,0.10700000000000054,0.5,40
1274,2675.25,2730.8830367549144,1997.4745037310845,3733.4409010851723,1735.9663973540878,True,0.10750000000000054,0.5,40
1275,2339.98,2619.9973207924463,1924.5140575266598,3566.6846547800747,1642.1705972534148,True,0.10800000000000054,0.5,40
1276,2021.55,2150.9424730785945,1593.0012038409448,2904.1774843588523,1311.1762805179076,True,0.10850000000000054,0.5,40
1277,1928.58,1932.656289961508,1429.76871359926,2612.2991392450567,1182.5304256457966,True,0.10900000000000054,0.5,40
1278,1723.76,1924.6145519009744,1429.930682620307,2590.3144833142796,1160.3838006939727,True,0.10950000000000054,0.5,40
1279,1687.77,1589.2965701686774,1177.3002994462233,2145.3485855675813,968.0482861213579,True,0.11000000000000054,0.5,40
1280,1778.53,1779.618101969774,1308.5602219720697,2420.1187632805654,1111.5585413084957,True,0.11050000000000054,0.5,40
1281,1868.58,1776.1158100178059,1278.5499448648306,2467.1651661114815,1188.615221246651,True,0.11100000000000054,0.5,40
1282,1866.02,1940.447144952475,1377.192723480372,2733.8983581379334,1356.7056346575614,True,0.11150000000000054,0.5,40
1283,1758.24,1811.702445730803,1270.6354101542483,2582.9876198161696,1312.3522096619213,True,0.11200000000000054,0.5,40
1284,1554.36,1725.6463427701153,1183.899859074102,2515.084013488745,1331.1841544146428,True,0.11250000000000054,0.5,40
1285,1424.31,1444.1571036945968,998.8539709871549,2087.78407743583,1088.9301064486754,True,0.11300000000000054,0.5,40
1286,1398.41,1420.3320455108092,1007.9945821468865,2001.1760466716248,993.1814645247383,True,0.11350000000000054,0.5,40
1287,1389.35,1398.5348067636485,1026.2801205692826,1905.6831296779314,879.4030091086488,True,0.11400000000000055,0.5,40
1288,1388.2,1400.2999268882736,1046.0014252049841,1874.4907470280045,828.4893218230204,True,0.11450000000000055,0.5,40
1289,1356.88,1396.8351440654533,1049.4772722290693,1859.0527033186545,809.5754310895852,True,0.11500000000000055,0.5,40
1290,1263.22,1343.28562282889,1010.3440160860266,1785.8339625304523,775.4899464444256,True,0.11550000000000055,0.5,40
1291,1148.33,1218.8922806399578,922.8000280476668,1609.8866975355534,687.0866694878865,True,0.11600000000000055,0.5,40
1292,1119.78,1108.6930165599379,855.4637085453074,1436.7942447712617,581.3305362259542,True,0.11650000000000055,0.5,40
1293,1076.33,1138.9862706468716,883.5443043855425,1468.1957099493402,584.6514055637977,True,0.11700000000000055,0.5,40
1294,1026.04,1041.6980505848014,827.2456006813215,1311.6773312155112,484.4317305341897,True,0.11750000000000055,0.5,40
1295,996.69,1022.3145632675171,823.1013381803297,1269.6843768845417,446.5830387042121,True,0.11800000000000055,0.5,40
1296,996.01,986.1535160350975,807.0150611515501,1205.0073024278504,397.9922412763003,True,0.11850000000000055,0.5,40
1297,921.3,1009.9513941739037,837.8716952460971,1217.3302013573507,379.45850611125354,True,0.11900000000000055,0.5,40
1298,713.82,871.417822893822,732.7798348785893,1036.2496238312806,303.46978895269126,False,0.10950000000000056,0.492,40
1299,657.39,619.4995036913266,527.0263137293981,728.1675131904443,201.1411994610462,True,0.11000000000000056,0.496,41
1300,679.22,693.9332712567983,597.8618614106504,805.4167759190789,207.5549145084285,True,0.11050000000000056,0.5,40
1301,680.22,673.9367985059384,587.6907957545228,772.8182510456651,185.12745529114227,True,0.11100000000000056,0.5,40
1302,622.0,689.9272049801222,607.2920922138944,783.7881119812123,176.49601976731788,True,0.11150000000000056,0.5,40
1303,623.21,582.5347490040629,509.52830309919904,665.9812451692238,156.4529420700248,True,0.11200000000000056,0.5,40
1304,675.18,654.1773204895642,573.0936430527164,746.7130716886694,173.619428635953,True,0.11250000000000056,0.5,40
1305,730.69,693.7041687396094,608.4907991782179,790.8312839421109,182.34048476389296,True,0.11300000000000056,0.5,40
1306,719.1,762.4678878695995,669.8135737959889,867.9198289618045,198.10625516581558,True,0.11350000000000056,0.5,40
1307,631.85,697.7325023769536,614.4305644723863,792.3098192750964,177.87925480271008,True,0.11400000000000056,0.5,40
1308,495.63,595.6336419401911,519.6937800101134,682.648847673775,162.95506766366157,False,0.10450000000000056,0.492,40
1309,373.66,439.2906607401035,377.1206171990842,511.682612683058,134.56199548397376,False,0.09500000000000057,0.484,41
1310,401.83,336.46298109364045,274.2431257444875,412.7478939776483,138.5047682331608,True,0.09550000000000057,0.488,41
1311,388.24,467.099431313373,369.05998038375486,591.1123310028746,222.05235061911975,True,0.09600000000000057,0.492,41
1312,314.05,354.56395794582295,278.3156055643846,451.62679804317906,173.31119247879445,True,0.09650000000000057,0.496,41
1313,341.57,297.95761858938874,223.23774614421043,397.5754372288406,174.33769108463017,True,0.09700000000000057,0.5,40
1314,341.1,385.8339407513362,273.0125219542027,545.1082458932974,272.0957239390947,True,0.09750000000000057,0.5,40
1315,328.12,313.02913227321807,210.90417587157447,464.372121670863,253.46794579928854,True,0.09800000000000057,0.5,40
1316,317.18,348.5392968109305,223.23316161783188,543.8690957821457,320.63593416431377,True,0.09850000000000057,0.5,40
1317,319.51,300.1877699411867,183.0106861195444,491.9826341890377,308.9719480694933,True,0.09900000000000057,0.5,40
1318,315.82,338.04910446163524,205.85727864764107,554.7179132770523,348.8606346294112,True,0.09950000000000057,0.5,40
1319,287.87,308.41688611807643,189.20854358833512,502.33601009117876,313.1274665028436,True,0.10000000000000057,0.5,40
1320,262.05,279.62424820388173,169.6113935499319,460.5750861735182,290.96369262358627,True,0.10050000000000057,0.5,40
1321,252.28,254.08010048031198,152.67200864127048,422.4073481328325,269.73533949156206,True,0.10100000000000058,0.5,40
1322,252.79,254.4809939094141,152.471188723183,424.29505890953243,271.82387018634944,True,0.10150000000000058,0.5,40
1323,293.05,255.03012697454164,152.595636261527,425.7792205176039,273.18358425607687,True,0.10200000000000058,0.5,40
1324,376.97,326.77765566624777,201.7071441785976,529.0167983196563,327.3096541410588,True,0.10250000000000058,0.5,40
1325,427.32,422.76305469530604,262.3137896839591,680.9814744234664,418.66768473950725,True,0.10300000000000058,0.5,40
1326,348.74,437.8917291647056,275.49710310381147,695.665345737324,420.1682426335125,True,0.10350000000000058,0.5,40
1327,274.16,300.4099457324278,185.08034899987447,487.2189649509221,302.13861595104765,True,0.10400000000000058,0.5,40
1328,259.79,263.0546145422739,154.8957614027282,446.25295180378555,291.3571904010573,True,0.10450000000000058,0.5,40
1329,264.31,263.6118585870985,149.37858033346475,464.62107149602275,315.242491162558,True,0.10500000000000058,0.5,40
1330,307.0,271.3267217468529,150.1095307409431,489.78203746478647,339.6725067238434,True,0.10550000000000058,0.5,40
1331,341.19,345.71002218600205,191.1895196230824,624.4651123535085,433.2755927304261,True,0.10600000000000058,0.5,40
1332,351.16,345.3813281598438,187.4535103490203,635.6558217757346,448.2023114267143,True,0.10650000000000058,0.5,40
1333,306.27,363.56101675922883,196.60338792963174,671.5832807474497,474.97989281781804,True,0.10700000000000058,0.5,40
1334,247.1,275.0414110123431,144.64276792682224,522.1901431039211,377.54737517709884,True,0.10750000000000058,0.5,40
1335,247.21,235.667920914414,116.30023367171701,476.5071884912762,360.2069548195592,True,0.10800000000000058,0.5,40
1336,256.69,266.8904068292845,123.75227170885884,574.2622304036438,450.5099586947849,True,0.10850000000000058,0.5,40
1337,242.23,257.4809343670977,110.69502800317046,597.1680171958183,486.4729891926478,True,0.10900000000000058,0.5,40
1338,274.08,239.24726423171677,95.1202126464714,599.4850216375713,504.36480899109995,True,0.10950000000000058,0.5,40
1339,350.21,318.9104994473116,124.1743032791237,816.6017359442884,692.4274326651647,True,0.11000000000000058,0.5,40
1340,364.76,384.8292049688204,146.51916074298842,1008.1175590825586,861.5983983395702,True,0.11050000000000058,0.5,40
1341,337.09,351.2168682218059,129.77521373871846,947.6256509420459,817.8504372033275,True,0.11100000000000058,0.5,40
1342,336.94,331.00178817804823,115.89846154206795,941.9139263201948,826.0154647781269,True,0.11150000000000058,0.5,40
1343,369.86,347.6460341036489,118.94526511040249,1012.4127177452102,893.4674526348077,True,0.11200000000000059,0.5,40
1344,412.69,390.9214827119751,131.89337782012228,1154.8322252825978,1022.9388474624756,True,0.11250000000000059,0.5,40
1345,421.18,425.7723980651551,143.03444479359598,1263.5216914001753,1120.4872466065794,True,0.11300000000000059,0.5,40
1346,420.3,407.19162327268566,132.2048653136066,1249.8582244178,1117.6533591041934,True,0.11350000000000059,0.5,40
1347,401.51,416.2282201171004,139.51802009912024,1237.8403105828666,1098.3222904837462,True,0.11400000000000059,0.5,40
1348,368.15,368.81476530574554,113.84710031131685,1189.82641414036,1075.9793138290431,True,0.11450000000000059,0.5,40
1349,342.63,349.5988889927439,117.06352551456224,1040.130869396113,923.0673438815508,True,0.11500000000000059,0.5,40
1350,337.59,326.3002779918085,99.72614517307996,1062.5319339327348,962.8057887596548,True,0.11550000000000059,0.5,40
1351,236.42,345.313295794882,96.77009780494895,1225.6828154716504,1128.9127176667014,True,0.11600000000000059,0.5,40
1352,240.86,191.90632659409508,54.25184683213864,672.5132484002667,618.261401568128,True,0.11650000000000059,0.5,40
1353,235.82,305.3064855039423,94.57726436348169,980.6525267448974,886.0752623814157,True,0.11700000000000059,0.5,40
1354,222.74,236.23106070537358,81.36149122039832,682.3117677871552,600.9502765667569,True,0.11750000000000059,0.5,40
1355,217.28,242.8570790461557,91.89871423657559,639.1194622509671,547.2207480143916,True,0.11800000000000059,0.5,40
1356,197.52,228.77859478873373,94.93369697853863,549.361387979206,454.4276910006674,True,0.11850000000000059,0.5,40
1357,239.56,205.28484832551013,92.77452739992349,452.78462391177504,360.01009651185154,True,0.11900000000000059,0.5,40
1358,371.81,279.81178346069834,135.35075399331845,577.3265249434722,441.9757709501538,True,0.11950000000000059,0.5,40
1359,388.26,409.77415638242564,209.7182879846437,799.7629957775199,590.0447077928762,True,0.12000000000000059,0.5,40
1360,391.21,341.5278453437271,183.2018662142637,635.9388500078677,452.736983793604,True,0.12050000000000059,0.5,40
1361,394.52,385.7532643798892,216.36839880642498,687.131707873993,470.76330906756806,True,0.1210000000000006,0.5,40
1362,379.18,364.87925863427523,212.2896848288683,626.632939709085,414.3432548802167,True,0.1215000000000006,0.5,40
1363,357.06,360.40428053580865,216.90216978417857,598.4114428459859,381.50927306180733,True,0.1220000000000006,0.5,40
1364,357.12,339.9169091255835,210.73494517487114,547.9142986376296,337.17935346275846,True,0.1225000000000006,0.5,40
1365,391.63,353.9353253863389,227.2085655368639,551.0348673624002,323.8263018255363,True,0.1230000000000006,0.5,40
1366,402.81,388.41994455768634,257.32917625173155,586.0335492864988,328.70437303476723,True,0.1235000000000006,0.5,40
1367,497.81,382.10384943514117,260.30478818449603,560.6757368732041,300.37094868870804,True,0.1240000000000006,0.5,40
1368,384.75,508.550778537585,357.45509853062543,723.3361775926194,365.88107906199394,True,0.1245000000000006,0.5,40
1369,546.63,328.38773642808377,235.08136702169827,458.5715548328085,223.49018781111022,False,0.1150000000000006,0.492,40
1370,618.19,521.9577800962606,381.85592673606726,713.3283430263926,331.4724162903254,True,0.1155000000000006,0.496,41
1371,641.94,572.6863960005289,426.83549177322783,768.2584820207533,341.42299024752543,True,0.1160000000000006,0.5,40
1372,635.54,599.5073213299278,453.4216428128504,792.556047944131,339.13440513128063,True,0.1165000000000006,0.5,40
1373,626.6,596.0853929170964,456.3357641434953,778.5387861315463,322.20302198805103,True,0.1170000000000006,0.5,40
1374,628.96,595.38824613692,460.44810523983506,769.7886024267222,309.3404971868871,True,0.1175000000000006,0.5,40
1375,675.33,600.856612378376,468.0497697770025,771.2664100992698,303.2166403222673,True,0.1180000000000006,0.5,40
1376,706.65,650.0325970701189,509.431336243544,829.3632875816106,319.9319513380666,True,0.1185000000000006,0.5,40
1377,740.28,680.5305537651217,535.5477632146468,864.6897438776124,329.1419806629656,True,0.1190000000000006,0.5,40
1378,720.75,714.0303890728621,564.4509342910854,903.1782872614293,338.7273529703439,True,0.1195000000000006,0.5,40
1379,705.91,695.0613195416328,551.3206402437312,876.2103109314103,324.8896706876791,True,0.1200000000000006,0.5,40
1380,720.99,682.8331735315626,543.1549394772107,858.3651831434539,315.2102436662432,True,0.1205000000000006,0.5,40
1381,808.92,700.3279826151853,558.2922652646114,878.4345456688504,320.14228040423905,True,0.12100000000000061,0.5,40
1382,760.39,789.9364908249361,630.4864818923548,989.6475442574916,359.1610623651368,True,0.12150000000000061,0.5,40
1383,758.6,737.504290675021,589.2239656228654,923.036669317325,333.81270369445963,True,0.12200000000000061,0.5,40
1384,789.48,739.7795175822781,591.5408519026258,925.1037309198241,333.56287901719827,True,0.12250000000000061,0.5,40
1385,799.42,771.411613857195,617.2522177372426,964.0102079780004,346.75799024075775,True,0.12300000000000061,0.5,40
1386,795.08,780.9924588186545,625.2784203402601,975.4222840649812,350.1438637247211,True,0.12350000000000061,0.5,40
1387,767.95,777.0215564112832,622.3091119511473,970.1353975651137,347.82628561396643,True,0.12400000000000061,0.5,40
1388,773.67,751.0915919570878,601.5272291117554,937.7820755029026,336.2548463911471,True,0.12450000000000061,0.5,40
1389,785.2,758.0208372894992,607.6398859990983,945.5574713263303,337.917585327232,True,0.1250000000000006,0.5,40
1390,771.16,769.6727880192481,617.5425693808785,959.2193536782011,341.67678429732257,True,0.1255000000000006,0.5,40
1391,784.97,760.3723892000116,611.182054998514,945.9207898254077,334.73873482689373,True,0.1260000000000006,0.5,40
1392,787.77,774.4733969906255,622.1349580641202,964.0541694987055,341.91921143458535,True,0.1265000000000006,0.5,40
1393,807.44,777.2514590050124,624.0585034579502,967.9898307001854,343.93132724223517,True,0.1270000000000006,0.5,40
1394,810.6,797.5252353008746,640.1423618339988,993.5412896885016,353.39892785450274,True,0.1275000000000006,0.5,40
1395,840.63,800.6490629770826,642.5055402991799,997.6568567432327,355.1513164440528,True,0.1280000000000006,0.5,40
1396,856.76,832.166228023647,668.1498999360264,1036.3848424478836,368.2349425118572,True,0.1285000000000006,0.5,40
1397,873.99,844.592058256592,675.7140915211968,1055.614511128771,379.90041960757424,True,0.12900000000000061,0.5,40
1398,875.73,862.4483030918211,686.9835838293614,1082.6638978540805,395.6803140247191,True,0.12950000000000061,0.5,40
1399,881.39,867.2378378460439,687.0047603540547,1094.6856500231781,407.6808896691234,True,0.13000000000000062,0.5,40
1400,866.41,872.7317980624213,688.3407170503094,1106.4454708145097,418.10475376420027,True,0.13050000000000062,0.5,40
1401,764.35,862.0101416345416,678.1402264970316,1095.6608595777634,417.52063308073184,True,0.13100000000000062,0.5,40
1402,693.29,778.0500104495153,611.661823323015,989.6263058623823,377.9644825393673,True,0.13150000000000062,0.5,40
1403,646.71,701.5819044003276,551.9822980444058,891.6530453804006,339.67074733599486,True,0.13200000000000062,0.5,40
1404,680.67,650.8231133959684,512.6542289866554,826.1583239865656,313.5040949999102,True,0.13250000000000062,0.5,40
1405,609.01,672.6615407516174,528.4478766282372,856.1568449343355,327.7089683060983,True,0.13300000000000062,0.5,40
1406,513.01,619.8603635913728,489.0002195957419,785.6682006731113,296.6679810773694,True,0.13350000000000062,0.5,40
1407,409.0,520.3268034968711,413.3625119650558,654.9030515462877,241.54053958123188,False,0.12400000000000062,0.492,40
1408,364.76,382.37381379368196,305.1659590290473,479.05167383343405,173.88571480438674,True,0.12450000000000062,0.496,41
1409,489.44,363.35942125155833,290.31027432206326,454.72641803906237,164.4161437169991,False,0.11500000000000063,0.488,40
1410,522.18,593.8529082450362,467.66550011611827,754.0160665974055,286.3505664812872,True,0.11550000000000063,0.492,41
1411,395.9,520.3449130233041,408.45885228638275,662.8042304313755,254.3453781449927,False,0.10600000000000064,0.484,41
1412,457.79,364.39704868568305,286.0847169635825,464.07178995928297,177.9870729957005,True,0.10650000000000064,0.488,41
1413,468.85,564.6562265530162,439.6540604483801,725.1182758933849,285.46421544500475,True,0.10700000000000064,0.492,41
1414,363.02,477.39196713268115,371.45698399037315,613.4571965470019,242.00021255662875,False,0.09750000000000064,0.484,41
1415,325.79,350.02327893168376,270.2446910545976,453.2663742943039,183.0216832397063,True,0.09800000000000064,0.488,41
1416,318.12,339.9331474441299,261.524867120797,441.75962235865734,180.23475523786033,True,0.09850000000000064,0.492,41
1417,331.28,329.8990205702303,251.9832407101891,431.8119187142965,179.8286780041074,True,0.09900000000000064,0.496,41
1418,365.43,357.21473879285935,270.30324506687646,471.9681690936133,201.66492402673686,True,0.09950000000000064,0.5,40
1419,446.7,395.7373422453314,298.54353778891345,524.467916596513,225.9243788075995,True,0.10000000000000064,0.5,40
1420,470.97,510.9920967151817,381.8701500190944,683.6600788432704,301.789928824176,True,0.10050000000000064,0.5,40
1421,315.94,458.3096337375249,339.7050128992226,618.2023353249015,278.4973224256789,False,0.09100000000000065,0.492,40
1422,282.89,252.28012258220244,184.58639318964302,344.6655382579823,160.07914506833927,True,0.09150000000000065,0.496,41
1423,247.62,336.7626898854959,244.76089931149195,463.2057992068514,218.44489989535944,True,0.09200000000000065,0.5,40
1424,197.79,230.4598734799104,166.46246237946303,318.91451857396197,152.45205619449894,True,0.09250000000000065,0.5,40
1425,170.94,198.28986802333483,142.3658184415752,276.0287361972796,133.66291775570443,True,0.09300000000000065,0.5,40
1426,189.63,166.79711394007384,118.00749875458064,235.5890531375813,117.58155438300065,True,0.09350000000000065,0.5,40
1427,306.72,216.62401252802695,154.01922882980952,304.5118464096737,150.49261757986417,False,0.08400000000000066,0.492,40
1428,324.23,402.75283931578895,287.1369796253537,564.7599224768758,277.62294285152205,True,0.08450000000000066,0.496,41
1429,338.95,290.9415129257737,208.37464278380514,406.0686203266545,197.69397754284938,True,0.08500000000000066,0.5,40
1430,407.32,395.2129161968386,284.8951418575401,548.0987847545433,263.2036428970032,True,0.08550000000000066,0.5,40
1431,588.84,426.4329155619237,305.49664184715965,595.0877620214608,289.5911201743011,True,0.08600000000000066,0.5,40
1432,493.57,700.5131295499584,491.5405045018413,998.1476161513069,506.6071116494656,True,0.08650000000000066,0.5,40
1433,276.97,425.98432996722147,303.5171937591149,597.703855723089,294.1866619639741,False,0.07700000000000067,0.492,40
1434,232.48,244.58632027947468,176.1195050999816,339.5194739809544,163.39996888097278,True,0.07750000000000067,0.496,41
1435,297.12,253.53885891016586,184.4402451810462,348.3849494862051,163.94470430515887,True,0.07800000000000067,0.5,40
1436,482.45,357.9577207836175,258.060304800131,496.37703122668586,238.31672642655485,True,0.07850000000000067,0.5,40
1437,400.48,582.6793893890407,405.6686313723073,836.7376648106099,431.0690334383026,False,0.06900000000000067,0.492,40
1438,402.73,303.27071395889493,207.90109602684169,442.17942382245803,234.27832779561635,True,0.06950000000000067,0.496,41
1439,387.0,485.206892611088,339.3725705275374,693.5246558973372,354.1520853697998,True,0.07000000000000067,0.5,40
1440,413.26,360.6261255982931,257.6152737217353,504.66794773282396,247.05267401108864,True,0.07050000000000067,0.5,40
1441,338.75,441.50583769014287,320.86671713054307,607.361803095154,286.4950859646109,True,0.07100000000000067,0.5,40
1442,317.68,314.49370210682326,231.58527113094118,426.9560592339996,195.37078810305843,True,0.07150000000000067,0.5,40
1443,374.87,343.80431637404814,255.25080949761127,462.95957469661363,207.70876519900236,True,0.07200000000000067,0.5,40
1444,512.89,392.6320688006835,293.04889861657716,525.9402684971352,232.89136988055805,True,0.07250000000000068,0.5,40
1445,725.62,513.2197044044889,384.243012585751,685.376899150072,301.13388656432096,False,0.06300000000000068,0.492,40
1446,521.35,644.7427796739142,471.8209016346482,880.90631179668,409.08541016203185,True,0.06350000000000068,0.496,41
1447,352.63,389.57169168375106,285.08688047049117,532.2165043494249,247.12962387893373,True,0.06400000000000068,0.5,40
1448,302.23,338.94151076761995,247.91148096344324,463.2623566244572,215.35087566101396,True,0.06450000000000068,0.5,40
1449,407.7,311.40395717219246,227.86622903029604,425.4335235056711,197.56729447537504,True,0.06500000000000068,0.5,40
1450,490.71,449.19913788589446,329.2092521773559,612.7903841784037,283.58113200104776,True,0.06550000000000068,0.5,40
1451,435.08,442.1938799815357,324.18118076452043,603.035002244874,278.8538214803536,True,0.06600000000000068,0.5,40
1452,347.83,392.54657755341384,287.81425567378267,535.2578392908061,247.44358361702348,True,0.06650000000000068,0.5,40
1453,213.26,331.61711045702305,242.35654710144183,453.6174881527319,211.26094105129005,False,0.05700000000000068,0.492,40
1454,219.77,213.65121531769637,155.5992651129095,293.22324685970557,137.62398174679606,True,0.05750000000000068,0.496,41
1455,297.82,283.2086480840592,204.66228039373456,391.7533794292663,187.09109903553176,True,0.05800000000000068,0.5,40
1456,509.14,331.48597111654334,239.28374556587468,459.0682444373003,219.7844988714256,False,0.04850000000000068,0.492,40
1457,687.18,535.5647006442995,386.828839799094,741.3421067052354,354.51326690614144,True,0.04900000000000068,0.496,41
1458,674.15,565.1313363089582,409.7259919930511,779.3370037423617,369.61101174931065,True,0.04950000000000068,0.5,40
1459,555.42,554.099901437562,404.33131614150915,759.2074853461725,354.8761692046633,True,0.05000000000000068,0.5,40
1460,550.2,461.14092392744965,338.79381807193755,627.5406685159326,288.746850443995,True,0.05050000000000068,0.5,40
