step,true_value,prediction,lower_bound,upper_bound,width,covered,k_adap,t_adap,n_cal
80,252.68,264.1640017435962,220.59643537009703,316.29728731081394,95.70085194071692,True,0.202,0.404,48
81,231.03,270.2776145809237,226.499329210891,322.48026883409887,95.98093962320786,True,0.20400000000000001,0.40800000000000003,48
82,243.66,235.94466103998406,198.14636184317735,280.9171381075188,82.77077626434144,True,0.20600000000000002,0.41200000000000003,47
83,254.98,268.7578053452064,225.5427296742112,320.2165477537551,94.6738180795439,True,0.20800000000000002,0.41600000000000004,47
84,307.74,266.23592845348713,223.65955714617965,316.881163675265,93.22160652908534,True,0.21000000000000002,0.42000000000000004,47
85,493.27,336.67502497022707,283.3959881281523,399.9354113577112,116.5394232295589,False,0.202,0.41200000000000003,46
86,521.03,530.4483193646033,446.1454081759333,630.6453462143884,184.49993803845507,True,0.20400000000000001,0.41600000000000004,47
87,488.52,441.71459452728004,371.9470934205091,524.533556006193,152.58646258568388,True,0.20600000000000002,0.42000000000000004,47
88,529.58,454.0875320050137,383.56079168708516,537.5485630967138,153.98777140962864,True,0.20800000000000002,0.42400000000000004,46
89,410.36,504.4475547539239,427.17577330538813,595.6643760213559,168.48860271596777,False,0.2,0.41600000000000004,46
90,388.18,345.62281342764004,292.5776571740176,408.2524476999809,115.67479052596332,True,0.202,0.42000000000000004,47
91,399.36,393.92743994251566,334.3097737494802,464.14505400632123,129.83528025684103,True,0.20400000000000001,0.42400000000000004,46
92,448.79,383.47323415997,326.29621038611185,450.63880025083097,124.34258986471912,True,0.20600000000000002,0.42800000000000005,46
93,467.37,448.24947665490043,382.4689915727256,525.3139829036878,142.84499133096222,True,0.20800000000000002,0.43200000000000005,46
94,456.79,436.1187801109713,372.9030471048495,510.02238776921007,137.11934066436055,True,0.21000000000000002,0.43600000000000005,45
95,484.81,434.63685737445945,372.2580777119072,507.4403602634773,135.1822825515701,True,0.21200000000000002,0.44000000000000006,45
96,479.44,471.0476709983622,404.01106991592013,549.18003271179,145.16896279586985,True,0.21400000000000002,0.44400000000000006,45
97,488.7,446.59651629925236,383.3806691595158,520.2089407131081,136.8282715535923,True,0.21600000000000003,0.44800000000000006,44
98,594.12,472.1208623758411,405.1233993012765,550.170779128648,145.04737982737146,False,0.20800000000000002,0.44000000000000006,44
99,706.65,603.1017407941735,515.9601287502803,704.9324170952376,188.9722883449573,False,0.2,0.43200000000000005,45
100,868.74,688.5249698359843,590.1780385995717,803.2326557894222,213.05461718985055,False,0.192,0.42400000000000004,45
101,948.11,883.1180575212658,756.1722094597567,1031.3473707426413,275.1751612828846,True,0.194,0.42800000000000005,46
102,946.84,908.3564042830602,777.0910565958892,1061.7664500198616,284.6753934239724,True,0.196,0.43200000000000005,46
103,963.69,903.829250008074,774.3299441577757,1054.9581476754745,280.6282035176988,True,0.198,0.43600000000000005,45
104,958.35,935.3536045335944,800.7193232470839,1092.597281866742,291.877958619658,True,0.2,0.44000000000000006,45
105,874.99,912.3130997101474,773.8381596500384,1075.5355419238822,301.6973822738438,True,0.202,0.44400000000000006,45
106,783.84,807.4501260374146,686.2116084801694,950.0776567575576,263.86604827738824,True,0.20400000000000001,0.44800000000000006,44
107,786.65,732.0960404012047,617.0955395970774,868.4930961680508,251.3975565709734,True,0.20600000000000002,0.45200000000000007,44
108,706.5,785.4600429444615,658.6159857135558,936.6961937620503,278.08020804849446,True,0.20800000000000002,0.45600000000000007,44
109,707.74,636.245085728702,530.0824280839125,763.629514763796,233.54708667988348,True,0.21000000000000002,0.4600000000000001,44
110,719.01,725.0869873441684,600.8200820036527,875.0131623313473,274.1930803276946,True,0.21200000000000002,0.4640000000000001,43
111,738.74,692.7402185563756,571.0268060419675,840.3512894137665,269.32448337179903,True,0.21400000000000002,0.4680000000000001,43
112,897.49,737.7454776025018,611.8281543035769,889.5349351945775,277.7067808910007,False,0.20600000000000002,0.4600000000000001,43
113,1108.78,959.0083026199037,790.6110411349958,1163.2282550503016,372.6172139153058,True,0.20800000000000002,0.4640000000000001,43
114,1218.27,1155.089549097126,952.6943983559876,1400.437449811572,447.74305145558435,True,0.21000000000000002,0.4680000000000001,43
115,1335.31,1210.3479354117135,988.8920391999302,1481.347329323107,492.45529012317684,True,0.21200000000000002,0.4720000000000001,43
116,1445.43,1364.405481164788,1111.1511760817696,1675.3297725072705,564.1785964255009,True,0.21400000000000002,0.4760000000000001,42
117,1482.24,1447.4760214830437,1176.368496154557,1781.0102981045998,604.6418019500427,True,0.21600000000000003,0.4800000000000001,42
118,1412.24,1455.9361864011553,1180.082001966536,1796.219031117946,616.1370291514102,True,0.21800000000000003,0.4840000000000001,42
119,1368.79,1341.5072254416446,1090.1558383426132,1650.7582429844533,560.6024046418402,True,0.22000000000000003,0.4880000000000001,41
120,1345.14,1345.0261561704572,1095.554830891695,1651.2533685084493,555.6985376167543,True,0.22200000000000003,0.4920000000000001,41
121,1241.46,1310.1436321552019,1074.884427607322,1596.8459953772785,521.9615677699564,True,0.22400000000000003,0.4960000000000001,41
122,1112.47,1172.1518752862091,960.1940502147737,1430.849606414049,470.65555619927534,True,0.22600000000000003,0.5,40
123,1047.16,1049.6733084197879,866.0917022620691,1272.1230135704106,406.0313113083415,True,0.22800000000000004,0.5,40
124,1014.3,1018.8661561798586,837.3089566914151,1239.744200832814,402.4352441413988,True,0.23000000000000004,0.5,40
125,986.63,995.5495625953334,826.3704951949652,1199.322028011078,372.9515328161127,True,0.23200000000000004,0.5,40
126,1038.49,968.9265029177702,805.4305503511321,1165.5696700759604,360.13911972482833,True,0.23400000000000004,0.5,40
127,1108.81,1062.6676676629222,885.1125748457839,1275.8004194369819,390.687844591198,True,0.23600000000000004,0.5,40
128,1130.22,1113.8676515459892,917.0229847034204,1352.9202189640323,435.89723426061187,True,0.23800000000000004,0.5,40
129,1189.69,1123.6332815688847,916.0460396014147,1378.2110356445482,462.16499604313356,True,0.24000000000000005,0.5,40
130,1228.86,1223.476632854027,992.3460908854659,1508.3863439569443,516.0402530714784,True,0.24200000000000005,0.5,40
131,1257.03,1215.473564921302,974.6244215312394,1515.7803321587496,541.1559106275103,True,0.24400000000000005,0.5,40
132,1347.58,1269.1996034479728,1018.3908949572511,1581.716738574604,563.3258436173529,True,0.24600000000000005,0.5,40
133,1379.65,1385.1497791712486,1100.0568229320752,1744.060899926901,644.0040769948257,True,0.24800000000000005,0.5,40
134,1626.45,1353.526144298712,1074.213103253426,1705.3976155397447,631.1845122863187,True,0.25000000000000006,0.5,40
135,1829.53,1812.962173393991,1424.8163108238723,2306.7718648084074,881.9555539845351,True,0.25200000000000006,0.5,40
136,1959.38,1796.906745906825,1421.1615190250145,2271.9265443726385,850.765025347624,True,0.25400000000000006,0.5,40
137,2026.04,2040.9220874057442,1599.9958966983565,2603.282634099091,1003.2867374007344,True,0.25600000000000006,0.5,40
138,2048.63,1988.3465983498331,1570.7123017896395,2516.954388891543,946.2420871019037,True,0.25800000000000006,0.5,40
139,2040.05,2050.024491262264,1628.6063165019918,2580.4219183854557,951.8156018834638,True,0.26000000000000006,0.5,40
140,2025.77,2002.807318773396,1605.370956969762,2498.574431016938,893.2034740471761,True,0.26200000000000007,0.5,40
141,1886.96,2004.0885034607406,1617.389496050231,2483.185615713888,865.7961196636572,True,0.26400000000000007,0.5,40
142,1756.2,1785.910271812599,1451.2608630633158,2197.6740817170707,746.4132186537549,True,0.26600000000000007,0.5,40
143,1664.5,1709.4400476232859,1396.4060321208058,2092.5970571655794,696.1910250447736,True,0.26800000000000007,0.5,40
144,1584.83,1611.5017193705855,1323.1815907868925,1962.5991113786392,639.4175205917468,True,0.2700000000000001,0.5,40
145,1549.22,1546.8889079181167,1274.795117265107,1877.0132004205389,602.2180831554319,True,0.2720000000000001,0.5,40
146,1467.05,1530.3428014071285,1266.750205295352,1848.7419804204308,581.9917751250787,True,0.2740000000000001,0.5,40
147,1455.75,1410.0840882840973,1163.2305684894015,1709.2783229546242,546.0477544652226,True,0.2760000000000001,0.5,40
148,1365.61,1474.6850926564423,1224.6077159789584,1775.7891506370374,551.1814346580791,True,0.2780000000000001,0.5,40
149,1356.96,1285.747773337379,1071.7102871726443,1542.49207981654,470.78179264389564,True,0.2800000000000001,0.5,40
150,1451.77,1394.4466029123803,1168.9602583086964,1663.3909122132857,494.43065390458924,True,0.2820000000000001,0.5,40
151,1458.23,1476.841800337965,1241.1459690214394,1757.2606563918746,516.1146873704351,True,0.2840000000000001,0.5,40
152,1444.1,1431.9182771129963,1210.451139851637,1693.872142458782,483.42100260714506,True,0.2860000000000001,0.5,40
153,1461.29,1442.358206901704,1225.772267895743,1697.182268991061,471.41000109531797,True,0.2880000000000001,0.5,40
154,1469.7,1465.5927894188385,1251.558683103518,1716.2005104351415,464.6418273316235,True,0.2900000000000001,0.5,40
155,1401.12,1466.543208842316,1258.6419519196181,1708.7581312984366,450.1161793788185,True,0.2920000000000001,0.5,40
156,1335.08,1365.660264478712,1179.4923261937136,1581.1875645115642,401.6952383178507,True,0.2940000000000001,0.5,40
157,1278.12,1324.2371450167539,1145.9128244880121,1530.2876907764612,384.3748662884491,True,0.2960000000000001,0.5,40
158,1280.45,1261.3811169420858,1098.2238243715544,1448.7557722814468,350.5319479098923,True,0.2980000000000001,0.5,40
159,1258.36,1299.5544710451975,1133.8843580477153,1489.409062528059,355.52470448034364,True,0.3000000000000001,0.5,40
160,1237.39,1244.2402283519239,1091.659639052857,1418.1273941902605,326.4677551374034,True,0.3020000000000001,0.5,40
161,1135.21,1241.7087252101874,1094.6129303705081,1408.5534407313705,313.9405103608624,True,0.3040000000000001,0.5,40
162,1025.19,1093.598368447813,970.063286051856,1232.849127465243,262.78584141338706,True,0.3060000000000001,0.5,40
163,1009.41,999.8818156822869,891.1025972876968,1121.925111987326,230.82251469962932,True,0.3080000000000001,0.5,40
164,974.48,1022.2574761856719,916.3783443692969,1140.3566376364902,223.9782932671933,True,0.3100000000000001,0.5,40
165,997.93,956.4603714850546,860.3712110382346,1063.2686349586006,202.897423920366,True,0.3120000000000001,0.5,40
166,1021.65,1025.372818125077,926.5133327882262,1134.7692925224383,208.25595973421207,True,0.3140000000000001,0.5,40
167,1147.15,1027.490086526947,931.6121176776796,1133.2248701617132,201.61275248403354,False,0.3060000000000001,0.492,40
168,1227.3,1214.196643111816,1105.0504333745866,1334.1135146023767,229.06308122779,True,0.3080000000000001,0.496,41
169,1207.0,1238.6106407714392,1129.4139780966486,1358.3555728151111,228.9415947184625,True,0.3100000000000001,0.5,40
170,1177.42,1199.927205994716,1096.1903446039942,1313.4721526134224,217.28180800942823,True,0.3120000000000001,0.5,40
171,1128.16,1174.6458094998109,1075.9626990032864,1282.3713467268826,206.40864772359623,True,0.3140000000000001,0.5,40
172,1048.4,1114.7248836499432,1023.167262494683,1214.4674940140865,191.3002315194035,True,0.3160000000000001,0.5,40
173,959.29,1022.7352236829446,940.6699095937046,1111.9524237015878,171.28251410788323,True,0.3180000000000001,0.5,40
174,930.0,934.1348537536653,861.0486539823243,1013.4174469331282,152.36879295080394,True,0.3200000000000001,0.5,40
175,938.05,936.239076362374,864.3598820755717,1014.0887560834302,149.7288740078585,True,0.3220000000000001,0.5,40
176,909.91,946.5729613493314,875.5650927348086,1023.3329611483693,147.7678684135608,True,0.3240000000000001,0.5,40
177,817.74,896.6287112354519,830.9650458416993,967.4749464673166,136.50990062561732,False,0.3160000000000001,0.492,40
178,763.17,781.3576506178531,725.4649898686371,841.5505730027908,116.0855831341537,True,0.3180000000000001,0.496,41
179,761.78,758.0628969372237,705.3015643492264,814.7655463181778,109.46398196895143,True,0.3200000000000001,0.5,40
180,767.53,768.7868521357924,716.7924019883335,824.5476041257449,107.7552021374114,True,0.3220000000000001,0.5,40
181,693.88,771.6326347710522,720.3704566597332,826.5376164938255,106.16715983409222,False,0.3140000000000001,0.492,40
182,674.41,658.9829114830422,615.8858047697216,705.0908843772643,89.20507960754264,True,0.3160000000000001,0.496,41
183,735.17,686.8858251405592,642.6433078808495,734.1694682995193,91.52616041866975,False,0.3080000000000001,0.488,40
184,820.42,770.1784570353085,721.6581199133092,821.9565214969175,100.29840158360832,True,0.3100000000000001,0.492,41
185,801.07,863.2170515770885,809.6792691199478,920.290503761592,110.61123464164427,False,0.3020000000000001,0.484,41
186,789.33,776.1896275024973,729.4744782868884,825.8922940525306,96.41781576564222,True,0.3040000000000001,0.488,41
187,735.06,804.6547186525852,758.1262266871961,854.0350427487396,95.90881606154346,False,0.2960000000000001,0.48,41
188,663.38,708.7368858328089,669.1628738901436,750.6477959867215,81.48492209657786,False,0.2880000000000001,0.472,42
189,700.84,647.4715599190886,611.6409643006813,685.3977248140873,73.756760513406,False,0.2800000000000001,0.46399999999999997,42
190,586.13,743.8313764855724,703.1704098576313,786.8402324652583,83.669822607627,False,0.2720000000000001,0.45599999999999996,43
191,532.0,544.8572463963094,514.7923712433972,576.6745645250285,61.88219328163132,True,0.2740000000000001,0.45999999999999996,44
192,556.43,536.1840072239143,506.58037318508224,567.5142154066712,60.93384222158892,True,0.2760000000000001,0.46399999999999997,43
193,583.62,573.9667843951465,542.2360813142222,607.5508944065789,65.31481309235664,True,0.2780000000000001,0.46799999999999997,43
194,575.75,598.2714647343297,565.2257305728607,633.2457946612467,68.020064088386,True,0.2800000000000001,0.472,43
195,627.63,575.3268239327242,543.5066908051537,609.0064766756719,65.49978587051828,False,0.2720000000000001,0.46399999999999997,42
196,648.51,662.5574011725938,625.9347030812036,701.3194321305513,75.3847290493477,True,0.2740000000000001,0.46799999999999997,43
197,519.61,653.385790450678,617.5367527176052,691.3125600254574,73.77580730785223,False,0.26600000000000007,0.45999999999999996,43
198,402.01,478.20398716888604,452.42867051668946,505.4445110118056,53.01584049511615,False,0.25800000000000006,0.45199999999999996,43
199,440.03,377.51366708563415,356.5942168338358,399.65691620843273,43.062699374596946,False,0.25000000000000006,0.44399999999999995,44
200,468.79,500.50358689157906,471.4878445960547,531.3012021190517,59.81335752299702,False,0.24200000000000005,0.43599999999999994,44
201,433.42,470.3280609110495,442.22086595721504,500.2176954313666,57.99682947415158,False,0.23400000000000004,0.42799999999999994,45
202,445.99,427.02522049956576,401.42269677967766,454.25660170207817,52.83390492240051,True,0.23600000000000004,0.43199999999999994,46
203,405.25,470.89168802101057,442.2681664939516,501.3635398513493,59.095373357397705,False,0.22800000000000004,0.42399999999999993,45
204,367.85,383.9813104557059,360.5673728125565,408.91145923177044,48.34408641921391,True,0.23000000000000004,0.42799999999999994,46
205,366.56,371.2340448249219,348.53630740767505,395.40569860777657,46.86939120010152,True,0.23200000000000004,0.43199999999999994,46
206,427.44,375.21996784604954,352.2048693070018,399.73474775076295,47.52987844376116,False,0.22400000000000003,0.42399999999999993,45
207,350.74,475.2800500765758,444.7667204952991,507.88205797170474,63.115337476405614,False,0.21600000000000003,0.4159999999999999,46
208,314.32,331.56704266537355,310.27562216496113,354.31480781549686,44.03918565053573,True,0.21800000000000003,0.41999999999999993,47
209,317.44,322.0033843240007,301.3571177067405,344.05946834018334,42.70235063344285,True,0.22000000000000003,0.42399999999999993,46
210,333.64,327.21987779517076,306.3351313647153,349.5238327343561,43.188701369640796,True,0.22200000000000003,0.42799999999999994,46
211,293.04,348.1275534852579,325.68582374928104,372.11092107917,46.425097329888956,False,0.21400000000000002,0.41999999999999993,46
212,305.11,287.1289710426079,268.4874979468854,307.0599455876593,38.57244764077387,True,0.21600000000000003,0.42399999999999993,46
213,234.51,320.46701294293536,299.6016036046589,342.78073560234236,43.17913199768344,False,0.20800000000000002,0.4159999999999999,46
214,217.26,234.0775371145801,219.26668363393063,249.8842805646352,30.617596930704565,False,0.2,0.4079999999999999,47
215,217.48,221.02345906744569,207.3431394746778,235.60206187046063,28.258922395782832,True,0.202,0.4119999999999999,47
216,236.25,221.84155534275334,208.4442981761557,236.09577782734206,27.65147965118635,False,0.194,0.4039999999999999,47
217,247.45,243.62167240389078,228.38590740640169,259.869393792613,31.483486386211297,True,0.196,0.4079999999999999,48
218,311.18,253.19428995568677,236.84092882963859,270.67206823497645,33.831139405337865,False,0.188,0.3999999999999999,47
219,362.25,328.56461246847454,307.1184190289507,351.50354111836,44.385122089409265,False,0.18,0.3919999999999999,48
220,311.57,375.92946345760356,349.97983500631926,403.79767283461996,53.817837828300696,False,0.172,0.3839999999999999,49
221,271.5,306.75510424431,283.53045455472073,331.87545383023644,48.344999275515704,False,0.16399999999999998,0.3759999999999999,49
222,276.36,273.2150969178179,250.1766922434715,298.36662795432073,48.18993571084923,True,0.16599999999999998,0.3799999999999999,50
223,252.95,287.4241716191432,261.1428270882831,316.3403739411613,55.19754685287819,False,0.15799999999999997,0.3719999999999999,50
224,313.62,254.39902547960887,229.51096585079338,281.97422630277606,52.46326045198268,False,0.14999999999999997,0.3639999999999999,50
225,289.17,336.3656020073444,301.06501664703575,375.79156189997286,74.72654525293711,False,0.14199999999999996,0.35599999999999987,51
226,351.22,292.7066195818303,256.96720589752863,333.3974598866344,76.43025398910578,False,0.13399999999999995,0.34799999999999986,52
227,388.77,350.7105302198826,302.996151615526,405.9140231222362,102.91787150671018,True,0.13599999999999995,0.35199999999999987,52
228,338.26,383.14331988115407,327.00947215416596,448.88362451910507,121.8741523649391,True,0.13799999999999996,0.35599999999999987,52
229,248.54,331.4075860998306,276.9332075954317,396.5588388759791,119.6256312805474,False,0.12999999999999995,0.34799999999999986,52
230,205.82,252.325322619673,204.67167723004948,311.020205915768,106.34852868571849,True,0.13199999999999995,0.35199999999999987,52
231,244.62,223.09470226472786,175.9238136834164,282.8421495535744,106.91833587015802,True,0.13399999999999995,0.35599999999999987,52
232,252.17,270.95517538319143,206.29520691045184,355.78402081747976,149.48881390702792,True,0.13599999999999995,0.3599999999999999,52
233,268.38,264.08224574385616,195.57088961136358,356.4720404813388,160.90115086997523,True,0.13799999999999996,0.3639999999999999,51
234,279.46,280.18278044240327,201.85868708350958,388.74794303372903,186.88925595021945,True,0.13999999999999996,0.3679999999999999,51
235,253.01,284.9493110066672,201.6829491783169,402.42322231186057,200.74027313354367,True,0.14199999999999996,0.3719999999999999,51
236,268.67,258.84800379136664,180.80061020106965,370.4013115780005,189.60070137693086,True,0.14399999999999996,0.3759999999999999,50
237,261.72,279.24362036409747,190.47371172207596,409.16850850403983,218.69479678196387,True,0.14599999999999996,0.3799999999999999,50
238,267.81,266.3219727275384,180.068348748131,393.66332794775894,213.59497919962794,True,0.14799999999999996,0.3839999999999999,50
239,260.49,274.1633477682989,185.37963990784561,405.24001630486345,219.86037639701783,True,0.14999999999999997,0.3879999999999999,49
240,232.72,265.37574819397355,179.4274313102957,392.26636038990296,212.83892907960725,True,0.15199999999999997,0.3919999999999999,49
241,229.12,244.34218008064042,165.18051622245775,361.213252762702,196.03273654024423,True,0.15399999999999997,0.3959999999999999,49
242,221.78,246.26374886775724,166.48207510195869,364.0501790529959,197.5681039510372,True,0.15599999999999997,0.3999999999999999,48
243,246.43,236.66854210803834,159.98284039202335,349.8842046158807,189.90136422385737,True,0.15799999999999997,0.4039999999999999,48
244,256.55,262.23181682211276,177.2979151456799,387.62478751282936,210.32687236714946,True,0.15999999999999998,0.4079999999999999,48
245,280.88,261.00661225097707,176.46803286435966,385.81594513250565,209.347912268146,True,0.16199999999999998,0.4119999999999999,47
246,316.47,280.8129601104887,189.88370036471906,415.05723450714703,225.17353414242797,True,0.16399999999999998,0.4159999999999999,47
247,279.23,304.28120502730553,205.7797238443746,449.7048003075237,243.92507646314914,True,0.16599999999999998,0.41999999999999993,47
248,258.43,265.1754010879371,179.2917278389486,391.9705760411407,212.6788482021921,True,0.16799999999999998,0.42399999999999993,46
249,232.39,261.07228094173877,176.51251301419288,385.91289572647906,209.4003827122862,True,0.16999999999999998,0.42799999999999994,46
250,208.46,241.29773008286122,163.11838295178202,356.71855015507634,193.60016720329432,True,0.172,0.43199999999999994,46
251,283.13,225.10224228876876,152.14850194227856,332.8081882595037,180.65968631722515,True,0.174,0.43599999999999994,45
252,272.2,299.5600502294291,202.58188831026706,442.73467867750935,240.1527903672423,True,0.176,0.43999999999999995,45
253,399.71,265.90116157857966,179.78331576300323,393.04205941980723,213.258743656804,False,0.16799999999999998,0.43199999999999994,45
254,389.77,359.0055610220432,242.846818162025,530.4976219237775,287.6508037617525,True,0.16999999999999998,0.43599999999999994,45
255,362.96,338.21687565101405,228.76577239399427,499.8060492540239,271.0402768600296,True,0.172,0.43999999999999995,45
256,349.51,327.06187285688037,221.2100226155306,483.3372551587234,262.1272325431928,True,0.174,0.44399999999999995,45
257,320.54,322.228602000646,217.9362461875719,476.20160992338555,258.26536373581365,True,0.176,0.44799999999999995,44
258,336.2,303.2478327845781,205.07977761951446,448.1791714033135,243.09939378379903,True,0.178,0.45199999999999996,44
259,354.31,318.18028511799287,216.15329907292042,468.1434799422185,251.9901808692981,True,0.18,0.45599999999999996,44
260,388.0,334.1847574660063,231.35685584882805,482.5184278385997,251.16157198977163,True,0.182,0.45999999999999996,44
261,377.62,362.2813518827905,255.710732312007,513.0935847800358,257.38285246802883,True,0.184,0.46399999999999997,43
262,463.84,349.7078133818017,251.2842142207165,486.5293951584259,235.24518093770942,True,0.186,0.46799999999999997,43
263,549.08,436.5888104083922,321.29089763694606,593.1339590990698,271.8430614621237,True,0.188,0.472,43
264,555.39,517.7818142484401,389.2996790913419,688.5587806310173,299.2591015396754,True,0.19,0.476,42
265,571.97,523.8727079709281,401.4859685468691,683.4744440840166,281.98847553714745,True,0.192,0.48,42
266,575.16,545.277901943979,424.57050902277166,700.2223352543153,275.6518262315437,True,0.194,0.484,42
267,564.71,550.4125301634876,434.36707005628165,697.3894725478267,263.02240249154505,True,0.196,0.488,41
268,552.27,548.4136554595035,437.6675858022573,687.1186907241524,249.45110492189514,True,0.198,0.492,41
269,455.31,539.0769381662416,432.5949947210404,671.7086398372307,239.11364511619036,True,0.2,0.496,41
270,437.23,441.78370974298196,356.72164159656546,547.0725536725247,190.35091207595923,True,0.202,0.5,40
271,530.32,427.46994486010334,346.7096081136962,526.9879800974315,180.27837198373533,False,0.194,0.492,40
272,558.25,517.1899470802165,421.30845276844303,634.8405082699844,213.53205550154138,True,0.196,0.496,41
273,540.61,543.7479813521408,444.3342833594095,665.3541844312451,221.01990107183565,True,0.198,0.5,40
274,454.72,525.7408774894458,430.8039498441071,641.5507504470963,210.74680060298925,True,0.2,0.5,40
275,533.92,440.8857617862294,361.8691053500282,537.1087108009459,175.23960545091774,True,0.202,0.5,40
276,651.85,521.6461283990175,428.91758700424117,634.375206289915,205.45761928567384,False,0.194,0.492,40
277,721.31,639.3861360677042,526.5903623137448,776.2969950953186,249.70663278157383,True,0.196,0.496,41
278,814.61,704.5061010231981,581.9940513195014,852.7631858411131,270.7691345216117,True,0.198,0.5,40
279,790.3,800.1909848243635,662.8196398775317,965.9900611591712,303.1704212816395,True,0.2,0.5,40
280,839.39,767.7154626352069,637.6643267043394,924.2488948987751,286.58456819443575,True,0.202,0.5,40
281,826.76,824.4747489816848,686.5661080409297,990.0444293827994,303.4783213418697,True,0.20400000000000001,0.5,40
282,796.76,807.3839783748599,673.9295540170272,967.2264654196484,293.2969114026213,True,0.20600000000000002,0.5,40
283,841.57,775.9979986339036,648.9081998782517,927.9402564765126,279.03205659826085,True,0.20800000000000002,0.5,40
284,854.49,826.0666820510954,691.97008909773,986.1122972272145,294.1422081294845,True,0.21000000000000002,0.5,40
285,866.49,835.6480132414198,699.8867788741709,997.7060951344914,297.81931626032053,True,0.21200000000000002,0.5,40
286,880.03,846.8776417467063,711.624499098104,1007.8012638967505,296.17676479864645,True,0.21400000000000002,0.5,40
287,868.12,862.9173745886303,727.3474680725507,1023.7213903155459,296.37392224299526,True,0.21600000000000003,0.5,40
288,869.18,851.1780987254992,719.2968565073485,1007.2058603847286,287.9090038773801,True,0.21800000000000003,0.5,40
289,885.08,855.529695035465,724.6412158246133,1010.0273541227124,285.3861382980991,True,0.22000000000000003,0.5,40
290,912.98,874.171988424456,741.4376305583999,1030.636837624664,289.1992070662641,True,0.22200000000000003,0.5,40
291,898.38,901.4784208809128,764.5737630069232,1062.865220454715,298.2914574477918,True,0.22400000000000003,0.5,40
292,890.62,874.2404987499812,740.5823733603613,1031.9883208805272,291.4059475201659,True,0.22600000000000003,0.5,40
293,904.52,877.2390407392851,741.3190781738867,1038.0461936881318,296.72711551424504,True,0.22800000000000004,0.5,40
294,914.69,895.8620444969102,755.3935977483678,1062.4166249603393,307.02302721197145,True,0.23000000000000004,0.5,40
295,911.8,903.9685304160706,759.5036518153394,1075.8758823031649,316.3722304878255,True,0.23200000000000004,0.5,40
296,888.26,897.6571631345636,752.0211038883226,1071.4595800608945,319.4384761725719,True,0.23400000000000004,0.5,40
297,815.32,869.9709954233349,728.08195104356,1039.4735349475027,311.39158390394266,True,0.23600000000000004,0.5,40
298,738.95,780.9030514591424,650.7153717404748,937.097225247862,286.3818535073872,True,0.23800000000000004,0.5,40
299,781.37,712.1011573686663,591.8158467469779,856.7929612221922,264.9771144752143,True,0.24000000000000005,0.5,40
300,770.69,808.1512223517715,668.4966132532827,976.9372855254034,308.44067227212065,True,0.24200000000000005,0.5,40
301,656.01,741.0358305099854,606.4228506662413,905.4808364662422,299.0579858000009,True,0.24400000000000005,0.5,40
302,605.6,617.1869866600467,507.5814955673225,750.4137926892815,242.83229712195902,True,0.24600000000000005,0.5,40
303,644.86,606.679689614458,498.5608691753294,738.1984199633555,239.6375507880261,True,0.24800000000000005,0.5,40
304,652.94,669.3405939573948,550.7836106471569,813.3708932929833,262.58728264582635,True,0.25000000000000006,0.5,40
305,579.58,649.5446965293647,535.3220599273178,788.0937811505206,252.7717212232028,True,0.25200000000000006,0.5,40
306,602.84,558.2208928478464,459.45369955215966,678.173622237597,218.71992268543733,True,0.25400000000000006,0.5,40
307,581.64,637.3248074327976,525.8340681104402,772.4096643474899,246.5755962370497,True,0.25600000000000006,0.5,40
308,576.48,572.2444038054921,473.2499658017134,691.9028364584161,218.6528706567027,True,0.25800000000000006,0.5,40
309,605.24,582.0240998876997,484.63786802399017,698.9394475413328,214.30157951734265,True,0.26000000000000006,0.5,40
310,565.89,615.9780772440491,515.4557522409315,736.0659464011187,220.61019416018723,True,0.26200000000000007,0.5,40
311,525.93,552.509735797715,461.6612452255937,661.1973004751432,199.53605524954946,True,0.26400000000000007,0.5,40
312,478.79,527.2036654170627,441.1446093549696,630.0132618534985,188.86865249852895,True,0.26600000000000007,0.5,40
313,429.65,468.415636095961,389.71599507870025,562.9672861792907,173.25129110059044,True,0.26800000000000007,0.5,40
314,452.3,418.82190441117973,352.4790293722616,497.61637262168097,145.13734324941936,True,0.2700000000000001,0.5,40
315,466.22,471.6494286677188,397.20801167725233,560.007001036897,162.79898935964468,True,0.2720000000000001,0.5,40
316,441.92,470.96389804629683,397.1225989083372,558.5008212792782,161.378222370941,True,0.2740000000000001,0.5,40
317,425.28,439.6183909042488,372.1888099102414,519.2314786709298,147.04266876068846,True,0.2760000000000001,0.5,40
318,394.61,426.0895019926691,360.78230779268506,503.1856353486233,142.40332755593823,True,0.2780000000000001,0.5,40
319,354.84,382.1561967912956,323.401852400781,451.5518891248371,128.15003672405606,True,0.2800000000000001,0.5,40
320,403.6,343.3663245989596,290.3426399771702,406.04019681804425,115.69755684087403,True,0.2820000000000001,0.5,40
321,406.38,453.8263550446164,384.1043047276241,536.1713863065852,152.0670815789611,True,0.2840000000000001,0.5,40
322,384.67,404.16894459396383,342.3357337804566,477.13803665527746,134.80230287482084,True,0.2860000000000001,0.5,40
323,360.24,383.3966123078163,325.0870197163621,452.13289588236705,127.04587616600497,True,0.2880000000000001,0.5,40
324,315.11,356.0433991622868,302.9512884478725,418.40927290138075,115.45798445350823,True,0.2900000000000001,0.5,40
325,292.02,301.92357116755034,258.5674725640239,352.5215297296857,93.95405716566182,True,0.2920000000000001,0.5,40
326,252.78,290.98121326771883,251.2521661551594,336.9674799258226,85.71531377066322,True,0.2940000000000001,0.5,40
327,281.86,238.8849249318419,207.64987350430494,274.7958883131944,67.14601480888945,False,0.2860000000000001,0.492,40
328,358.97,296.9359775698236,259.43800624925063,339.83292223306916,80.39491598381852,False,0.2780000000000001,0.484,41
329,365.61,392.39287144436383,343.6916686813634,447.9750271460771,104.28335846471367,True,0.2800000000000001,0.488,41
330,362.84,357.3756683692991,312.74433387999693,408.3559813203377,95.61164744034079,True,0.2820000000000001,0.492,41
331,319.32,373.91895772379496,329.51584977704465,424.2873953110475,94.77154553400283,False,0.2740000000000001,0.484,41
332,279.63,301.48218396776576,267.6760783375527,339.541935046999,71.86585670944629,True,0.2760000000000001,0.488,41
333,259.48,276.4751905936823,246.7743819755159,309.73624634288643,62.96186436737054,True,0.2780000000000001,0.492,41
334,310.6,256.1423257228352,228.98447986324152,286.5071209912413,57.522641127999805,False,0.2700000000000001,0.484,41
335,432.36,351.0853151827619,315.7547090088202,390.35667329224435,74.60196428342414,False,0.26200000000000007,0.476,41
336,545.39,489.5058349449975,442.4094371185583,541.6045410277518,99.1951039091935,False,0.25400000000000006,0.46799999999999997,42
337,511.32,581.8717029860754,524.6088317276649,645.3731231934813,120.76429146581643,False,0.24600000000000005,0.45999999999999996,43
338,437.14,463.7416353707428,417.98100043189083,514.5001955325722,96.51919510068137,True,0.24800000000000005,0.46399999999999997,43
339,417.5,421.33875422432556,378.47613917720906,469.04279032273865,90.56665114552959,True,0.25000000000000006,0.46799999999999997,43
340,393.28,417.64244549390725,375.6669602436491,464.29564752839013,88.62868728474103,True,0.25200000000000006,0.472,43
341,363.72,383.4326664837091,345.16097819526584,425.9356870617831,80.77470886651724,True,0.25400000000000006,0.476,42
342,384.73,360.287266709205,324.89406211904526,399.5242938072548,74.63023168820956,True,0.25600000000000006,0.48,42
343,463.6,411.1317866718279,370.3682005890259,456.3698268077622,86.0016262187363,False,0.24800000000000005,0.472,42
344,507.9,497.59445367266045,448.11830626654915,552.5210339112701,104.40272764472098,True,0.25000000000000006,0.476,42
345,421.92,496.58010887538694,446.7592064621475,551.9444424039381,105.18523594179055,False,0.24200000000000005,0.46799999999999997,42
346,350.8,371.9800234812279,332.3588499604923,416.31034869044055,83.95149872994824,True,0.24400000000000005,0.472,43
347,390.42,349.026884876275,310.2406424959153,392.6465981874362,82.40595569152089,True,0.24600000000000005,0.476,42
348,410.59,428.79734540146774,378.7829704303474,485.39821291836324,106.61524248801584,True,0.24800000000000005,0.48,42
349,339.39,391.855521395345,343.042536973662,447.59412457658823,104.55158760292625,False,0.24000000000000005,0.472,42
350,380.09,318.6963213568555,276.37534137872296,367.47449157189516,91.09915019317219,False,0.23200000000000004,0.46399999999999997,42
351,505.66,438.4608955164762,375.96086382855304,511.32341927139555,135.3625554428425,True,0.23400000000000004,0.46799999999999997,43
352,660.02,501.0272903038692,426.246042300901,588.8975654696518,162.65152316875077,False,0.22600000000000003,0.45999999999999996,43
353,689.19,677.6007660842847,575.900656837143,797.2292865722551,221.32862973511214,True,0.22800000000000004,0.46399999999999997,43
354,430.95,576.8460058963994,490.0170578555319,679.0293415237404,189.0122836682085,False,0.22000000000000003,0.45599999999999996,43
355,370.42,331.29610491205744,279.2003026549149,393.0777375808742,113.87743492595934,True,0.22200000000000003,0.45999999999999996,44
356,399.18,408.9785197598756,330.1748587411135,506.53365549373524,176.35879675262174,True,0.22400000000000003,0.46399999999999997,43
357,469.53,379.3395381179764,302.6823401392563,475.3469755582801,172.6646354190238,True,0.22600000000000003,0.46799999999999997,43
358,519.73,523.5372673488919,416.9784553566567,657.262025977079,240.28357062042232,True,0.22800000000000004,0.472,43
359,565.3,452.2359128651583,357.2678375684672,572.3777112254901,215.1098736570229,True,0.23000000000000004,0.476,42
360,491.65,566.5979383468975,451.60070916178984,710.8137755733925,259.21306641160265,True,0.23200000000000004,0.48,42
361,390.15,410.84133332440604,328.569631169798,513.650828816924,185.08119764712598,True,0.23400000000000004,0.484,42
362,415.93,380.72701061153526,305.69470308011745,474.1158372381608,168.42113415804334,True,0.23600000000000004,0.488,41
363,473.95,436.0908981562891,352.3247051866673,539.7163734846603,187.39166829799296,True,0.23800000000000004,0.492,41
364,514.89,500.0468702831455,394.29763306455044,634.0859332859708,239.78830022142034,True,0.24000000000000005,0.496,41
365,543.65,464.1848146616906,360.64681691590346,597.3653157443714,236.71849882846794,True,0.24200000000000005,0.5,40
366,533.86,515.0635744564181,406.6368731688187,652.330526285439,245.69365311662028,True,0.24400000000000005,0.5,40
367,492.89,491.91242843653276,393.9272535417328,614.2086490063559,220.28139546462313,True,0.24600000000000005,0.5,40
368,470.91,461.1543125795343,373.0963974739723,569.9400306393546,196.84363316538236,True,0.24800000000000005,0.5,40
369,414.58,457.1852131835394,373.71350234122644,559.2512006329383,185.53769829171188,True,0.25000000000000006,0.5,40
370,352.78,389.3281453258824,320.25750983534124,473.24902568544604,152.9915158501048,True,0.25200000000000006,0.5,40
371,403.4,356.606595287805,295.9038151969944,429.7202213231463,133.8164061261519,True,0.25400000000000006,0.5,40
372,576.72,458.32618394256974,382.3662004594409,549.3368398215496,166.97063936210867,False,0.24600000000000005,0.492,40
373,701.46,587.0329234287009,491.39651872183754,701.2444430226412,209.8479243008037,False,0.23800000000000004,0.484,41
374,590.11,616.7452662551735,516.815968105095,735.9591466581124,219.1431785530175,True,0.24000000000000005,0.488,41
375,444.46,488.15317628060865,409.6169834411781,581.710505201703,172.09352176052488,True,0.24200000000000005,0.492,41
376,391.13,421.2520698294449,351.41584341052845,504.92734069436506,153.5114972838366,True,0.24400000000000005,0.496,41
377,370.45,406.22592923846474,339.1240690838044,486.5660751996675,147.44200611586314,True,0.24600000000000005,0.5,40
378,565.63,388.69233067127493,323.567529508294,466.88448867350314,143.31695916520914,False,0.23800000000000004,0.492,40
379,654.83,663.6067120100861,554.4421931866972,794.2260146365782,239.78382144988097,True,0.24000000000000005,0.496,41
380,681.55,505.3213436504969,421.7010646384701,605.4836937548444,183.78262911637427,False,0.23200000000000004,0.488,40
381,670.19,649.6128061709024,546.1291057208281,772.669357245935,226.5402515251069,True,0.23400000000000004,0.492,41
382,645.48,551.7264528707259,466.09109266910934,653.0619945400623,186.97090187095296,True,0.23600000000000004,0.496,41
383,659.6,597.9350795649459,507.8812709417116,703.9251957526986,196.04392481098705,True,0.23800000000000004,0.5,40
384,497.76,594.3021659289456,506.81991661302453,696.8550016771924,190.03508506416784,False,0.23000000000000004,0.492,40
385,444.37,433.4694441039098,369.8860751068495,507.95331620519585,138.06724109834636,True,0.23200000000000004,0.496,41
386,537.22,474.1267781471051,404.5651256575766,555.6194947024316,151.05436904485498,True,0.23400000000000004,0.5,40
387,648.37,553.1460676763922,472.7427198458621,647.1954264566223,174.45270661076017,False,0.22600000000000003,0.492,40
388,748.12,617.831963928103,528.16774139149,722.6892380705347,194.52149667904462,False,0.21800000000000003,0.484,41
389,736.18,680.9366183783633,581.0130249203484,798.0157119747628,217.00268705441442,True,0.22000000000000003,0.488,41
390,637.19,631.1878464951153,537.7962976302898,740.7672968687888,202.97099923849896,True,0.22200000000000003,0.492,41
391,581.38,570.422808973859,484.6432298240917,671.3537085729539,186.71047874886222,True,0.22400000000000003,0.496,41
392,600.4,554.6449797111218,470.7547939910179,653.4530069662659,182.698212975248,True,0.22600000000000003,0.5,40
393,623.0,595.6768742479255,502.84323443373137,705.6152087214365,202.77197428770512,True,0.22800000000000004,0.5,40
394,704.41,592.9344221784401,498.7579974096118,704.8578345456867,206.09983713607494,True,0.23000000000000004,0.5,40
395,695.15,698.6490263135196,585.7155629063986,833.3203947012901,247.60483179489142,True,0.23200000000000004,0.5,40
396,617.75,612.0156660770157,511.80659970283784,731.8068848443246,220.00028514148676,True,0.23400000000000004,0.5,40
397,658.6,580.7045688772429,483.59364256215565,697.276196244686,213.6825536825304,True,0.23600000000000004,0.5,40
398,639.61,657.5477659760815,547.6174792678823,789.5055461426981,241.88806687481576,True,0.23800000000000004,0.5,40
399,738.71,582.2000144806964,481.12829542934287,704.4600613876027,223.33176595825978,False,0.23000000000000004,0.492,40
400,784.61,765.4427992158953,631.0085252030874,928.4725324806863,297.46400727759885,True,0.23200000000000004,0.496,41
401,752.93,690.7676221714536,569.9840126685392,837.10129962876,267.1172869602208,True,0.23400000000000004,0.5,40
402,648.51,704.3805117938167,582.1180900668419,852.277706341561,270.15961627471916,True,0.23600000000000004,0.5,40
403,620.02,583.6749042326229,483.0003873592715,705.2902273788407,222.28984001956917,True,0.23800000000000004,0.5,40
404,542.95,621.4047455398515,514.7088582347568,750.1751273703812,235.46626913562443,True,0.24000000000000005,0.5,40
405,509.97,515.0195875784235,426.5262038931152,621.8301618470558,195.3039579539406,True,0.24200000000000005,0.5,40
406,524.57,534.4786274226167,442.64395505248774,645.3231543242496,202.67919927176183,True,0.24400000000000005,0.5,40
407,545.42,539.486281212983,447.0069458680188,651.055560463339,204.0486145953202,True,0.24600000000000005,0.5,40
408,545.98,561.0871129722715,465.5875416767826,676.1332158464795,210.5456741696969,True,0.24800000000000005,0.5,40
409,533.18,549.2534826803357,457.05035311636095,660.0166178060382,202.96626468967725,True,0.25000000000000006,0.5,40
410,425.08,540.178669912462,450.6079320999618,647.5146339356035,196.90670183564168,False,0.24200000000000005,0.492,40
411,415.31,431.22729084062377,359.7106614193686,516.9232302485909,157.21256882922233,True,0.24400000000000005,0.496,41
412,435.19,477.87303417579926,399.5176074834979,571.5575569612994,172.03994947780149,True,0.24600000000000005,0.5,40
413,445.08,470.39600107667104,394.02683165875936,561.5293575577538,167.5025258989944,True,0.24800000000000005,0.5,40
414,542.95,477.79141214949436,400.71349713309877,569.658486668057,168.9449895349582,True,0.25000000000000006,0.5,40
415,628.54,591.2642249653701,496.0918121995102,704.6581974700571,208.5663852705469,True,0.25200000000000006,0.5,40
416,518.26,625.3118911990412,524.470098077829,745.506007653398,221.035909575569,False,0.24400000000000005,0.492,40
417,417.23,490.88196733831035,411.6772400172237,585.2883782553856,173.6111382381619,True,0.24600000000000005,0.496,41
418,378.74,432.3402872689779,362.9784348707867,514.9201386121242,151.9417037413375,True,0.24800000000000005,0.5,40
419,385.55,403.000114662636,338.6566341693946,479.5326209704575,140.87598680106294,True,0.25000000000000006,0.5,40
420,378.53,422.62987858059006,355.9346648749753,501.7874613665399,145.85279649156462,True,0.25200000000000006,0.5,40
421,384.16,396.69521033968607,334.79864156675274,470.0009533963125,135.2023118295598,True,0.25400000000000006,0.5,40
422,503.95,415.2033667201151,351.37672099497377,490.5910505666733,139.21432957169952,False,0.24600000000000005,0.492,40
423,526.31,572.7560143059801,485.0538716354193,676.282875753345,191.22900411792574,True,0.24800000000000005,0.496,41
424,445.69,511.2187145703332,433.55269147343915,602.7657036859499,169.21301221251076,True,0.25000000000000006,0.5,40
425,377.29,435.23216572618776,369.75936900055353,512.2668742185609,142.5075052180074,True,0.25200000000000006,0.5,40
426,359.06,378.4200263894444,322.390273822735,444.15734726232824,121.76707343959322,True,0.25400000000000006,0.5,40
427,351.81,379.8537180371194,324.2690915989142,444.93709728053926,120.66800568162506,True,0.25600000000000006,0.5,40
428,333.67,364.67413977321974,311.2687949839034,427.2130608208131,115.94426583690972,True,0.25800000000000006,0.5,40
429,366.33,342.4819719893197,292.5415077200693,400.9188495624312,108.37734184236189,True,0.26000000000000006,0.5,40
430,356.32,401.52629091765704,344.15650064950887,468.43173480733,124.2752341578211,True,0.26200000000000007,0.5,40
431,381.42,357.2240138696276,306.9257213888314,415.73830797274064,108.81258658390925,True,0.26400000000000007,0.5,40
432,368.27,411.5457995250049,354.51272429727896,477.7283972525542,123.21567295527524,True,0.26600000000000007,0.5,40
433,371.22,368.9994968007437,318.3137056863115,427.730822369684,109.41711668337251,True,0.26800000000000007,0.5,40
434,418.97,387.9683111694893,335.3829239627535,448.7741600902345,113.39123612748097,True,0.2700000000000001,0.5,40
435,416.88,444.5190254634709,384.80110672429953,513.4806445352251,128.67953781092558,True,0.2720000000000001,0.5,40
436,446.46,414.78531724399693,359.3649264411325,478.7287897659253,119.36386332479276,True,0.2740000000000001,0.5,40
437,500.0,470.9340106437093,408.85646213977975,542.4139289630097,133.5574668232299,True,0.2760000000000001,0.5,40
438,444.49,511.64915412449466,444.6722367882336,588.6915570027683,144.01932021453467,False,0.26800000000000007,0.492,40
439,467.73,415.63714403345006,361.21214374289514,478.23989514709564,117.0277514042005,True,0.2700000000000001,0.496,41
440,464.75,500.51242573977925,435.28998710456915,575.4851832621018,140.19519615753268,True,0.2720000000000001,0.5,40
441,457.46,452.5188795832627,393.74196111168595,520.0476574601204,126.30569634843442,True,0.2740000000000001,0.5,40
442,425.05,463.9230562018927,403.46714143781696,533.415348103969,129.94820666615203,True,0.2760000000000001,0.5,40
443,402.66,415.51218556278275,361.3710329844494,477.74246264527085,116.37142966082143,True,0.2780000000000001,0.5,40
444,388.56,411.95282176080497,357.0130007001573,475.3235767045043,118.31057600434701,True,0.2800000000000001,0.5,40
445,306.23,395.7569910659182,341.4151654398955,458.72294993842064,117.30778449852517,False,0.2720000000000001,0.492,40
446,296.32,303.37615127157414,260.24960322538675,353.6219413124586,93.37233808707185,True,0.2740000000000001,0.496,41
447,301.39,339.0130435697778,289.58280914592245,396.8517178541284,107.26890870820597,True,0.2760000000000001,0.5,40
448,427.88,320.43125446382396,272.9308252293937,376.1684010357999,103.2375758064062,False,0.26800000000000007,0.492,40
449,542.18,477.51509223748724,406.09667728453536,561.4626932020141,155.3660159174787,True,0.2700000000000001,0.496,41
450,551.26,504.6300494907745,427.548295371129,595.5762778886715,168.0279825175425,True,0.2720000000000001,0.5,40
451,436.11,509.3767251728977,432.14375762485986,600.3809434229771,168.23718579811725,True,0.2740000000000001,0.5,40
452,412.98,395.2807274831518,335.40844183459194,465.80878196210654,130.4003401275146,True,0.2760000000000001,0.5,40
453,332.53,424.00904995469676,359.49414367083443,500.0697003397893,140.57555666895485,False,0.26800000000000007,0.492,40
454,302.49,327.5912361739007,277.42933718421136,386.79031542519095,109.36097824097959,True,0.2700000000000001,0.496,41
455,305.41,330.1250991668626,279.40183372769206,390.02394531678954,110.62211158909747,True,0.2720000000000001,0.5,40
456,317.03,331.51097310729824,280.46255529807775,391.8179615923408,111.35540629426305,True,0.2740000000000001,0.5,40
457,296.32,341.2844471295608,288.33263377268486,403.92716365633055,115.59452988364569,True,0.2760000000000001,0.5,40
458,296.77,310.6108225412711,262.4491485371709,367.57703000375113,105.12788146658022,True,0.2780000000000001,0.5,40
459,300.16,320.422422574982,270.43409478269285,379.61678956242054,109.18269477972768,True,0.2800000000000001,0.5,40
460,307.53,318.4521664549201,269.58946641022334,376.13843042962725,106.54896401940391,True,0.2820000000000001,0.5,40
461,308.95,325.72464387341967,275.76841910517265,384.69788149726736,108.9294623920947,True,0.2840000000000001,0.5,40
462,318.24,322.0909797584744,274.33419065668426,378.1311967188726,103.79700606218836,True,0.2860000000000001,0.5,40
463,309.15,332.917688432746,283.8561972541061,390.42916223375636,106.57296497965024,True,0.2880000000000001,0.5,40
464,297.41,318.13153448724995,271.4818417992417,372.7677917606847,101.28594996144301,True,0.2900000000000001,0.5,40
465,302.28,307.49430873243614,263.4607554206607,358.8595881227248,95.39883270206411,True,0.2920000000000001,0.5,40
466,316.38,315.0124426216668,271.3329989758054,365.69762484635345,94.36462587054802,True,0.2940000000000001,0.5,40
467,332.34,328.0956344660525,284.0217626109604,378.98479706422546,94.96303445326504,True,0.2960000000000001,0.5,40
468,320.25,340.99072776331184,296.8441545113325,391.68072280273554,94.83656829140307,True,0.2980000000000001,0.5,40
469,317.15,323.22382997182353,282.21377283742294,370.17224515045757,87.95847231303463,True,0.3000000000000001,0.5,40
470,319.63,325.31197510404286,285.35057841829394,370.85014845948325,85.49957004118932,True,0.3020000000000001,0.5,40
471,393.87,327.3087966342508,288.58852687653587,371.2062718091866,82.61774493265074,False,0.2940000000000001,0.492,40
472,445.96,412.10194802159435,364.7883095898396,465.535465965521,100.74715637568136,True,0.2960000000000001,0.496,41
473,440.3,436.6934292705296,387.71272452040824,491.84606842485283,104.13334390444459,True,0.2980000000000001,0.5,40
474,460.97,423.9794543094101,377.97068368068307,475.57389967742756,97.6032159967445,True,0.3000000000000001,0.5,40
475,462.57,453.1184238080393,405.16190018462413,506.7372908393364,101.5753906547123,True,0.3020000000000001,0.5,40
476,428.97,444.7254340242781,399.01854157349425,495.6548844327254,96.63634285923115,True,0.3040000000000001,0.5,40
477,426.58,412.3324796738197,370.7883253189041,458.5188367110939,87.73051139218978,True,0.3060000000000001,0.5,40
478,436.4,420.6656710271684,379.21806727168456,466.6314815827622,87.41341431107764,True,0.3080000000000001,0.5,40
479,538.76,428.5949400358567,386.99694310768894,474.65274877227273,87.6558056645838,False,0.3000000000000001,0.492,40
480,743.61,549.2934848262468,496.2830612046837,607.954824860949,111.67176365626528,False,0.2920000000000001,0.484,41
481,900.24,768.9646819099858,696.0199072175105,849.54329905063,153.5233918331195,False,0.2840000000000001,0.476,41
482,939.35,891.1217185866986,806.6446337634711,984.4348404018104,177.79020663833933,True,0.2860000000000001,0.48,42
483,970.74,907.4089500926793,821.7780208523375,1001.9519502157221,180.17392936338467,True,0.2880000000000001,0.484,42
484,1061.05,957.6302894582741,867.1365401124922,1057.5570234698046,190.42048335731238,False,0.2800000000000001,0.476,41
485,1122.41,1077.4237830977197,973.9780397498563,1191.8451806454846,217.86714089562827,True,0.2820000000000001,0.48,42
486,1276.06,1111.3318239198857,1002.2115319089467,1232.3212360015389,230.1097040925922,False,0.2740000000000001,0.472,42
487,1351.54,1329.9418121618855,1196.3759816342622,1478.406748198695,282.0307665644327,True,0.2760000000000001,0.476,42
488,1381.8,1328.9049248259055,1193.429544901468,1479.7462831322532,286.3167382307852,True,0.2780000000000001,0.48,42
489,1380.15,1398.823701046757,1253.0909189264555,1561.491494388337,308.40057546188154,True,0.2800000000000001,0.484,42
490,1398.23,1347.8998292887595,1204.9168612599092,1507.8359802468046,302.91911898689546,True,0.2820000000000001,0.488,41
491,1413.95,1412.4248489822428,1257.7152734522874,1586.1498867580897,328.43461330580226,True,0.2840000000000001,0.492,41
492,1433.63,1395.8695656032312,1238.4343830846642,1573.3024479056044,334.86806482094016,True,0.2860000000000001,0.496,41
493,1499.58,1442.4885721756882,1277.1935998286276,1629.1593579260384,351.9657580974108,True,0.2880000000000001,0.5,40
494,1551.26,1523.029982511402,1342.9279812561597,1727.2677494538987,384.339768197739,True,0.2900000000000001,0.5,40
495,1561.11,1555.6390420705413,1368.431714855866,1768.438432754078,400.00671789821195,True,0.2920000000000001,0.5,40
496,1565.24,1549.6222973782858,1359.2715355323626,1766.6099560413893,407.3384205090267,True,0.2940000000000001,0.5,40
497,1487.46,1561.9978279251598,1363.9364321556423,1788.7992555159512,424.862823360309,True,0.2960000000000001,0.5,40
498,1469.91,1425.9676345062446,1244.1082943017825,1634.3891779913045,390.28088368952194,True,0.2980000000000001,0.5,40
499,1497.63,1486.9925722145656,1297.7234855347342,1703.844733791874,406.12124825713977,True,0.3000000000000001,0.5,40
500,1696.85,1491.7847539836005,1299.626137706695,1712.3334915559014,412.70735384920636,True,0.3020000000000001,0.5,40
501,1751.22,1831.515462444531,1593.5887691910277,2104.9429145496506,511.3541453586229,True,0.3040000000000001,0.5,40
502,1751.87,1689.630135658241,1468.0509737969894,1944.6304148577392,476.5794410607498,True,0.3060000000000001,0.5,40
503,1772.43,1775.6959281473744,1550.707602199868,2033.306216338861,482.59861413899307,True,0.3080000000000001,0.5,40
504,1888.79,1754.2645765744362,1525.8706459397263,2016.8223623395638,490.95171639983755,True,0.3100000000000001,0.5,40
505,1962.74,1963.1685593437821,1716.1111647343798,2245.772491349689,529.6613266153092,True,0.3120000000000001,0.5,40
506,2093.64,1946.4647059472582,1696.6742122610576,2233.0085945341766,536.334382273119,True,0.3140000000000001,0.5,40
507,2416.9,2178.768367741844,1901.705505759327,2496.1757965832817,594.4702908239547,True,0.3160000000000001,0.5,40
508,2440.97,2565.4426691794392,2232.3144014360296,2948.2614071487906,715.947005712761,True,0.3180000000000001,0.5,40
509,2486.66,2338.2368376695476,2036.9915407779847,2684.0106456385624,647.0191048605777,True,0.3200000000000001,0.5,40
510,2458.43,2575.0693096421596,2228.615283872444,2975.357910748824,746.7426268763802,True,0.3220000000000001,0.5,40
511,2462.23,2373.021539033703,2066.8441536309524,2724.5333811784944,657.689227547542,True,0.3240000000000001,0.5,40
512,2459.55,2498.6869964527136,2165.6494101032144,2882.916083099539,717.2666729963244,True,0.3260000000000001,0.5,40
513,2412.53,2417.8311099322314,2115.022945593023,2763.971878287595,648.9489326945718,True,0.3280000000000001,0.5,40
514,2370.91,2390.6896455403553,2095.340926179117,2727.649376230421,632.3084500513037,True,0.3300000000000001,0.5,40
515,2383.24,2339.047968422731,2065.989939662899,2648.1781065041823,582.1881668412834,True,0.33200000000000013,0.5,40
516,2459.61,2394.0944091050333,2123.120486103366,2699.6364592102673,576.5159731069011,True,0.33400000000000013,0.5,40
517,2680.95,2485.1484707183563,2210.5922238945036,2793.789270677985,583.1970467834813,True,0.33600000000000013,0.5,40
518,2740.95,2794.647363682375,2495.013507708433,3130.2507556257915,635.2372479173587,True,0.33800000000000013,0.5,40
519,2635.91,2695.623858263377,2417.072196988766,3006.263489490031,589.1912925012653,True,0.34000000000000014,0.5,40
520,2593.14,2585.216324101675,2335.5058045400297,2861.61427729117,526.1084727511402,True,0.34200000000000014,0.5,40
521,2576.86,2583.860818129661,2343.4217678572318,2848.9588003777753,505.53703252054356,True,0.34400000000000014,0.5,40
522,2611.43,2562.329383129115,2333.9713146873605,2813.020662730438,479.0493480430773,True,0.34600000000000014,0.5,40
523,2539.49,2621.639828667655,2397.262702039311,2867.009273990353,469.7465719510419,True,0.34800000000000014,0.5,40
524,2573.38,2490.1034534405335,2283.668190897572,2715.1915417159003,431.52335081832825,True,0.35000000000000014,0.5,40
525,2508.81,2597.135500016322,2391.5680675989256,2820.3651130182357,428.79704541931005,True,0.35200000000000015,0.5,40
526,2473.97,2466.177431143374,2278.0397480119077,2669.846123703243,391.80637569133523,True,0.35400000000000015,0.5,40
527,2303.16,2464.672088321284,2279.909186232377,2664.4015354153,384.4923491829227,True,0.35600000000000015,0.5,40
528,1968.99,2236.623174098641,2072.2320006107516,2414.0492891235917,341.81728851284015,False,0.34800000000000014,0.492,40
529,1887.64,1859.265132745874,1725.568686834603,2003.3143319449835,277.74564511038034,True,0.35000000000000014,0.496,41
530,1667.15,1896.2499534958401,1762.159922033211,2040.5376626126408,278.3777405794299,False,0.34200000000000014,0.488,40
531,1590.52,1589.928468289543,1479.2339893644928,1708.900873375273,229.66688401078022,True,0.34400000000000014,0.492,41
532,1568.75,1596.8788098215837,1487.7848487874442,1713.966869092155,226.18202030471093,True,0.34600000000000014,0.496,41
533,1572.88,1565.9330202862072,1460.142111439553,1679.3834964719854,219.2413850324324,True,0.34800000000000014,0.5,40
534,1529.34,1584.3464505829568,1479.180197872562,1696.984726446372,217.80452857380988,True,0.35000000000000014,0.5,40
535,1597.57,1518.7898507547645,1418.6522014140394,1625.9908842155567,207.33868280151728,True,0.35200000000000015,0.5,40
536,1634.38,1638.042865500039,1530.1305931232314,1753.5606671385751,223.43007401534373,True,0.35400000000000015,0.5,40
537,1639.25,1640.2759984477916,1533.283326604101,1754.7297640997483,221.4464374956474,True,0.35600000000000015,0.5,40
538,1631.14,1645.4707215079818,1539.6019830722817,1758.614661391635,219.01267831935343,True,0.35800000000000015,0.5,40
539,1596.95,1631.6845736941943,1528.0303831648166,1742.3655645622691,214.33518139745252,True,0.36000000000000015,0.5,40
540,1591.35,1593.419497404845,1494.226013421938,1699.1934897365531,204.96747631461517,True,0.36200000000000015,0.5,40
541,1610.13,1602.0249590299425,1503.7807986806529,1706.6832861809346,202.90248750028172,True,0.36400000000000016,0.5,40
542,1735.47,1624.699537138255,1526.2612215894,1729.4826101072008,203.22138851780073,False,0.35600000000000015,0.492,40
543,1846.58,1788.236419353557,1678.6198147284344,1905.006904817769,226.3870900893346,True,0.35800000000000015,0.496,41
544,1878.17,1876.3099146988304,1762.329296922737,1997.6581757456909,235.3288788229538,True,0.36000000000000015,0.5,40
545,1909.7,1886.4911487790234,1773.6907315597007,2006.461228801324,232.7704972416234,True,0.36200000000000015,0.5,40
546,1874.48,1925.4859898507868,1812.112820534705,2045.9483349617774,233.83551442707244,True,0.36400000000000016,0.5,40
547,1821.71,1864.1926607951377,1756.123606018075,1978.9083285710858,222.78472255301085,True,0.36600000000000016,0.5,40
548,1889.64,1816.2141873180776,1711.739734763153,1927.0614185358158,215.32168377266294,True,0.36800000000000016,0.5,40
549,1763.28,1928.8889998810387,1818.9429080117293,2045.4771369838113,226.53422897208202,False,0.36000000000000015,0.492,40
550,1636.71,1721.6975760046232,1626.4589713557957,1822.509526571904,196.05055521610825,True,0.36200000000000015,0.496,41
551,1555.92,1621.5553860731288,1532.0066534513521,1716.3349997847642,184.32834633341213,True,0.36400000000000016,0.5,40
552,1493.65,1545.455089678723,1464.2941240047317,1631.111468417725,166.8173444129934,True,0.36600000000000016,0.5,40
553,1380.86,1488.099702134957,1413.391302285845,1566.7542129358221,153.36291064997704,False,0.35800000000000015,0.492,40
554,1370.24,1353.5504112916772,1286.4379331186988,1424.1613763514042,137.72344323270545,True,0.36000000000000015,0.496,41
555,1268.62,1390.9106655692221,1324.1076064713127,1461.081487921259,136.97388144994625,False,0.35200000000000015,0.488,40
556,1153.41,1239.9449982832775,1183.1987587883257,1299.4104904990422,116.21173171071655,False,0.34400000000000014,0.48,41
557,1052.77,1131.5257274657536,1081.9197178286345,1183.4040719321358,101.48435410350135,False,0.33600000000000013,0.472,42
558,1075.42,1029.655706008319,985.9350233594183,1075.3131910262139,89.37816766679555,False,0.3280000000000001,0.46399999999999997,42
559,1064.65,1102.474778936814,1057.1050406285312,1149.7898941926812,92.68485356414999,True,0.3300000000000001,0.46799999999999997,43
560,1017.02,1058.6271778315172,1016.367113695552,1102.642668299565,86.275554604013,True,0.33200000000000013,0.472,43
561,927.38,1008.4166986678016,969.6089384481925,1048.776105687275,79.16716723908257,False,0.3240000000000001,0.46399999999999997,42
562,824.73,902.9382219388294,869.274581966659,937.9040263998385,68.62944443317951,False,0.3160000000000001,0.45599999999999996,43
563,774.2,799.5249983833894,770.3900993096336,829.7603035225038,59.37020421287025,True,0.3180000000000001,0.45999999999999996,44
564,815.41,768.7187953475199,741.2067779882126,797.2506243302544,56.043846342041775,False,0.3100000000000001,0.45199999999999996,43
565,867.14,846.5759167266359,816.2106507389968,878.0694712132885,61.85882047429163,True,0.3120000000000001,0.45599999999999996,44
566,893.4,885.0572873069513,852.8150238711977,918.5171019949037,65.70207812370597,True,0.3140000000000001,0.45999999999999996,44
567,853.78,905.2987504812451,871.7975428593514,940.0858587353156,68.28831587596414,False,0.3060000000000001,0.45199999999999996,43
568,733.26,836.2471062150231,803.9812904648999,869.8062226646193,65.82493219971946,False,0.2980000000000001,0.44399999999999995,44
569,668.42,689.6631491278945,661.2883280708347,719.2536498759514,57.96532180511667,True,0.3000000000000001,0.44799999999999995,44
570,565.81,663.0154501217515,633.8802032584583,693.4877407382259,59.60753747976753,False,0.2920000000000001,0.43999999999999995,44
571,537.93,524.0451696038381,499.3293211141553,549.98196026258,50.65263914842467,True,0.2940000000000001,0.44399999999999995,45
572,507.61,548.9093779522788,521.5182800082238,577.7363534058613,56.21807339763757,False,0.2860000000000001,0.43599999999999994,44
573,552.18,493.26298862999295,468.4065936187399,519.435599436581,51.029005817841096,False,0.2780000000000001,0.42799999999999994,45
574,535.34,584.0873735548854,554.2278248853474,615.5527362827023,61.32491139735487,False,0.2700000000000001,0.41999999999999993,46
575,524.95,523.0422193940867,496.2669194736674,551.259233327148,54.992313853480596,True,0.2720000000000001,0.42399999999999993,46
576,487.02,529.4426852169645,503.18243887244813,557.0706914930186,53.88825262057043,False,0.26400000000000007,0.4159999999999999,46
577,480.26,475.76376704596163,451.8384299567887,500.9531791715337,49.11474921474502,True,0.26600000000000007,0.41999999999999993,47
578,479.53,484.9334440665392,460.1004213130306,511.10387401069886,51.00345269766825,True,0.26800000000000007,0.42399999999999993,46
579,471.33,480.5638999521388,456.5796458120861,505.80530014735245,49.22565433526637,True,0.2700000000000001,0.42799999999999994,46
580,466.25,470.869154065749,448.0889842725466,494.8048546200716,46.71587034752497,True,0.2720000000000001,0.43199999999999994,46
581,462.04,467.2973917403505,445.2955043964058,490.38394841644623,45.08844402004041,True,0.2740000000000001,0.43599999999999994,45
582,444.99,462.83786878137704,441.5923981726371,485.10317168558885,43.510773512951744,True,0.2760000000000001,0.43999999999999995,45
583,369.77,440.8912002404088,421.2074414011925,461.492636799266,40.28519539807348,False,0.26800000000000007,0.43199999999999994,45
584,390.71,347.53517375671083,332.6420595748476,363.09308676614586,30.451027191298238,False,0.26000000000000006,0.42399999999999993,45
585,374.84,407.3435512701312,389.41461803002727,426.0958313632553,36.681213333228015,False,0.25200000000000006,0.4159999999999999,46
586,369.68,369.6180244787629,353.2735744911767,386.71652744865344,33.442952957476734,True,0.25400000000000006,0.41999999999999993,47
587,363.63,372.41160255111515,355.7760015295655,389.8228813653463,34.04687983578077,True,0.25600000000000006,0.42399999999999993,46
588,394.64,363.79063582100855,347.29867779832136,381.06348879610084,33.76481099777948,False,0.24800000000000005,0.4159999999999999,46
589,427.14,405.5648342556113,386.5953669601648,425.4626942000596,38.86732723989479,False,0.24000000000000005,0.4079999999999999,47
590,408.69,436.7766964684327,415.52100309458297,459.1170998507728,43.59609675618981,False,0.23200000000000004,0.3999999999999999,47
591,325.97,405.5298761133591,385.08603552020077,427.05624904321616,41.97021352301539,False,0.22400000000000003,0.3919999999999999,48
592,330.01,310.52306181563796,294.3494056462042,327.58240506920424,33.232999423000024,False,0.21600000000000003,0.3839999999999999,49
593,392.31,338.20767316424246,320.0763154282558,357.3629187348452,37.28660330658943,False,0.20800000000000002,0.3759999999999999,49
594,437.52,415.45623935380956,391.32429210172916,441.07254760494374,49.74825550321458,True,0.21000000000000002,0.3799999999999999,50
595,445.99,450.5306133178091,423.51030919278566,479.2707739909505,55.76046479816483,True,0.21200000000000002,0.3839999999999999,50
596,454.1,450.18897505963974,422.2195564091006,480.00681580647006,57.78725939736944,True,0.21400000000000002,0.3879999999999999,49
597,455.75,460.5658766990773,431.19348983396094,491.9344461316024,60.740956297641446,True,0.21600000000000003,0.3919999999999999,49
598,365.4,459.37475821939495,429.48050671203623,491.34498357284247,61.864476860806235,False,0.20800000000000002,0.3839999999999999,49
599,300.1,349.0787393845666,322.91320198176135,377.3579150811767,54.44471309941537,False,0.2,0.3759999999999999,49
600,289.45,304.08286383728307,274.9832613919279,336.2507207057759,61.26745931384801,True,0.202,0.3799999999999999,50
601,290.78,305.264337632997,271.2093074230912,343.57985802810805,72.37055060501683,True,0.20400000000000001,0.3839999999999999,50
602,297.06,303.52176602074917,266.94711871353985,345.08883434024375,78.1417156267039,True,0.20600000000000002,0.3879999999999999,49
603,288.71,312.0888395997134,271.0854499684782,359.27145697519467,88.18600700671647,True,0.20800000000000002,0.3919999999999999,49
604,302.49,293.8592765852575,255.0107681213471,338.60287540394216,83.59210728259507,True,0.21000000000000002,0.3959999999999999,49
605,304.82,320.1301447094818,276.69457803137107,370.3596807406256,93.66510270925454,True,0.21200000000000002,0.3999999999999999,48
606,255.57,311.10295852095265,268.1045927971952,360.9717363610404,92.86714356384522,False,0.20400000000000001,0.3919999999999999,48
607,229.6,248.09988392351275,212.71213368713353,289.3473523012384,76.63521861410487,True,0.20600000000000002,0.3959999999999999,49
608,228.0,236.0156123014698,202.56848847882392,274.9582334889928,72.38974501016887,True,0.20800000000000002,0.3999999999999999,48
609,232.52,237.388327440862,203.94539208027845,276.28847222772083,72.34308014744238,True,0.21000000000000002,0.4039999999999999,48
610,238.0,242.37217589689425,208.4476791088866,281.7914649271269,73.34378581824032,True,0.21200000000000002,0.4079999999999999,48
611,237.27,246.99333450003522,212.74970981209833,286.7229354393509,73.97322562725259,True,0.21400000000000002,0.4119999999999999,47
612,219.23,243.09788355708332,209.61809095977745,281.89961458451523,72.28152362473779,True,0.21600000000000003,0.4159999999999999,47
613,225.68,218.04896312909983,188.72856374117657,251.90049796292303,63.171934221746454,True,0.21800000000000003,0.41999999999999993,47
614,240.94,238.79705134205116,206.96294851711878,275.5041861656857,68.54123764856695,True,0.22000000000000003,0.42399999999999993,46
615,241.86,250.85224615482156,217.07814257068145,289.8569980720128,72.77885550133135,True,0.22200000000000003,0.42799999999999994,46
616,254.26,246.0550386746363,213.2326551739568,283.906108664735,70.67345349077817,True,0.22400000000000003,0.43199999999999994,46
617,245.23,267.33237869388546,231.78945666318265,308.3020899125044,76.51263324932177,True,0.22600000000000003,0.43599999999999994,45
618,310.51,237.7087864748383,204.87509759088044,275.77890821708604,70.9038106262056,False,0.21800000000000003,0.42799999999999994,45
619,286.88,399.563677442538,311.7661412652783,512.0071274249599,200.2409861596816,False,0.21000000000000002,0.41999999999999993,46
620,241.26,273.6244010894521,215.71771498269638,347.0036769479688,131.28596196527243,True,0.21200000000000002,0.42399999999999993,46
621,229.18,240.5706993775069,191.3062682418743,302.45554167969044,111.14927343781613,True,0.21400000000000002,0.42799999999999994,46
622,227.43,234.38440057107385,188.17477510960066,291.88162758541,103.70685247580934,True,0.21600000000000003,0.43199999999999994,46
623,230.59,234.0912822829884,189.78645438040263,288.6846696215808,98.89821524117815,True,0.21800000000000003,0.43599999999999994,45
624,261.74,238.08032459849196,194.72620131769284,291.03755667511285,96.31135535742001,True,0.22000000000000003,0.43999999999999995,45
625,278.04,280.0152216154769,230.81828469145688,339.6528302316691,108.83454554021222,True,0.22200000000000003,0.44399999999999995,45
626,306.65,280.8427195151173,233.07517628564753,338.35814896809165,105.28297268244413,True,0.22400000000000003,0.44799999999999995,44
627,334.99,315.68803600444477,263.33452666862365,378.41056513620026,115.07603846757661,True,0.22600000000000003,0.45199999999999996,44
628,323.46,335.46758781771126,280.9813291876092,400.4820342113769,119.5007050237677,True,0.22800000000000004,0.45599999999999996,44
629,316.59,313.8886735642955,264.19152825838466,372.8991112961635,108.70758303777882,True,0.23000000000000004,0.45999999999999996,44
630,347.24,314.7941562932667,266.35827423268785,372.00491049019286,105.64663625750501,True,0.23200000000000004,0.46399999999999997,43
631,360.1,355.68717530618073,302.7237757019178,417.8863408334705,115.1625651315527,True,0.23400000000000004,0.46799999999999997,43
632,382.28,355.0820042028943,303.67595118557364,415.1614765581595,111.48552537258587,True,0.23600000000000004,0.472,43
633,593.24,384.74079657515097,330.7775629999576,447.4810871386473,116.70352413868972,False,0.22800000000000004,0.46399999999999997,42
634,616.31,695.5531253134905,601.743450311073,803.9631333755494,202.21968306447638,True,0.23000000000000004,0.46799999999999997,43
635,632.5,573.5870683056828,499.45654965584725,658.698228130207,159.24167847435973,True,0.23200000000000004,0.472,43
636,608.6,620.0883999480789,543.4274740772232,707.5439639208008,164.1164898435776,True,0.23400000000000004,0.476,42
637,551.87,584.6049665997826,515.303841006645,663.208068329902,147.90422732325692,True,0.23600000000000004,0.48,42
638,507.11,524.8712203115738,464.3523254839583,593.260574639627,128.90824915566867,True,0.23800000000000004,0.484,42
639,508.49,486.01746669054876,431.0203321389209,548.0158569328862,116.99552479396533,True,0.24000000000000005,0.488,41
640,617.87,498.2146594576364,442.772938102228,560.5828610080644,117.80992290583634,False,0.23200000000000004,0.48,41
641,635.21,631.556897277804,562.8700578845892,708.6107032085378,145.74064532394857,True,0.23400000000000004,0.484,42
642,613.27,615.7143267789959,550.0043884892411,689.260493019461,139.2561045302199,True,0.23600000000000004,0.488,41
643,639.25,594.4434515587811,532.0680187202886,664.11756765186,132.0495489315714,True,0.23800000000000004,0.492,41
644,633.79,633.1560864982898,568.4711439280568,705.1884457724725,136.71730184441572,True,0.24000000000000005,0.496,41
645,645.21,616.9712963904142,555.1995837602609,685.6033961777556,130.4038124174947,True,0.24200000000000005,0.5,40
646,640.64,636.5556996080605,574.275004667696,705.5790566331359,131.30405196543995,True,0.24400000000000005,0.5,40
647,692.2,628.6297126808931,567.5264696527634,696.3001192587429,128.77364960597959,True,0.24600000000000005,0.5,40
648,744.85,692.6612364479711,627.0887292786232,765.0795179419316,137.99078866330842,True,0.24800000000000005,0.5,40
649,771.13,742.2857159375961,673.4356326611161,818.1643928079146,144.72876014679855,True,0.25000000000000006,0.5,40
650,774.2,763.1187689240795,693.998744294797,839.1130186422149,145.1142743474179,True,0.25200000000000006,0.5,40
651,804.14,762.2968628033012,694.7157240305363,836.4427666950204,141.7270426644841,True,0.25400000000000006,0.5,40
652,798.71,800.0471882601396,730.5851765297967,876.1044280355791,145.51925150578234,True,0.25600000000000006,0.5,40
653,800.89,785.5116886497581,718.4178690905694,858.8627626037138,140.4448935131444,True,0.25800000000000006,0.5,40
654,806.88,790.9173627664361,724.2414897813511,863.723155372727,139.48166559137587,True,0.26000000000000006,0.5,40
655,801.54,797.1354117498527,730.868017755288,869.4030235436588,138.53500578837088,True,0.26200000000000007,0.5,40
656,800.19,788.3339395253842,723.5874043577093,858.8659931702052,135.27858881249597,True,0.26400000000000007,0.5,40
657,847.03,789.8170823080262,725.2452278214677,860.1301440784393,134.88491625697168,True,0.26600000000000007,0.5,40
658,874.81,851.2065319373804,782.031670506522,926.492463500157,144.46079299363498,True,0.26800000000000007,0.5,40
659,883.43,867.5294326332337,796.4869694163145,944.9005655005438,148.4135960842293,True,0.2700000000000001,0.5,40
660,885.96,876.209428431402,803.6862349066589,955.2688510736189,151.58261616695995,True,0.2720000000000001,0.5,40
661,879.92,878.3656042972827,801.0850795456851,963.0920717028257,162.00699215714064,True,0.2740000000000001,0.5,40
662,876.94,870.2572240316404,796.1411532796886,951.2644105177473,155.1232572380586,True,0.2760000000000001,0.5,40
663,874.61,869.0335898226152,794.0506659884206,951.088313112175,157.03764712375437,True,0.2780000000000001,0.5,40
664,880.56,865.8620597701055,792.683171181467,945.7881617677126,153.10499058624566,True,0.2800000000000001,0.5,40
665,907.64,873.822460040855,798.893867517626,955.7698511891258,156.87598367149985,True,0.2820000000000001,0.5,40
666,933.72,904.8313971748827,826.6002975125413,990.457497748623,163.85720023608178,True,0.2840000000000001,0.5,40
667,941.77,928.1089619875822,846.9984583665617,1016.9776327759441,169.97917440938238,True,0.2860000000000001,0.5,40
668,966.05,932.1832838355757,849.6766300100531,1022.6922121862657,173.01558217621255,True,0.2880000000000001,0.5,40
669,970.2,962.443821148277,877.360326449657,1055.769037213561,178.40871076390397,True,0.2900000000000001,0.5,40
670,949.29,958.9309708411275,876.9983112846091,1048.509386221689,171.5110749370799,True,0.2920000000000001,0.5,40
671,799.21,931.159163061769,852.6630457587524,1016.8731638871683,164.21011812841584,False,0.2840000000000001,0.492,40
672,700.55,734.4725494974144,672.0132368694194,802.7284282555323,130.7151913861129,True,0.2860000000000001,0.496,41
673,740.48,686.1988714742009,626.7064536282232,751.3298290559142,124.62337542769092,True,0.2880000000000001,0.5,40
674,830.12,772.0204441696362,704.027781521867,846.5702983141067,142.54251679223967,True,0.2900000000000001,0.5,40
675,942.15,856.7403822617431,778.3192990563214,943.0527961432542,164.73349708693286,True,0.2920000000000001,0.5,40
676,916.67,977.3250953669447,882.6785510447477,1082.1087742179166,199.43022317316888,True,0.2940000000000001,0.5,40
677,795.97,861.7469318358942,773.7474532627682,959.7418072270793,185.99435396431113,True,0.2960000000000001,0.5,40
678,586.1,750.2709606956876,669.0747848028492,841.3060667037076,172.23128190085845,False,0.2880000000000001,0.492,40
679,662.58,520.3978360725399,463.24810641768426,584.5827944218656,121.33468800418137,False,0.2800000000000001,0.484,41
680,648.48,751.0037809147613,657.6589497375306,857.5773968993308,199.91844716180015,False,0.2720000000000001,0.476,41
681,621.91,651.4547488634317,564.2685006018902,752.0884860224252,187.81998542053498,True,0.2740000000000001,0.48,42
682,664.8,642.1250667395514,551.7197809788673,747.3174398720613,195.59765889319397,True,0.2760000000000001,0.484,42
683,710.01,696.6232509579327,592.9662594776346,818.3701115365127,225.4038520588781,True,0.2780000000000001,0.488,41
684,797.94,732.4620407608786,616.3774371223384,870.3738677341887,253.99643061185031,True,0.2800000000000001,0.492,41
685,764.23,822.3126287736408,682.8967374215267,990.1491715164699,307.25243409494317,True,0.2820000000000001,0.496,41
686,674.44,750.3215311817921,616.5761529370578,913.0314769810805,296.45532404402263,True,0.2840000000000001,0.5,40
687,476.52,678.3986943247778,552.5592255930302,832.8449880511298,280.2857624580996,False,0.2760000000000001,0.492,40
688,373.13,460.3099304794177,376.59529805463615,562.5844859703022,185.9891879156661,False,0.26800000000000007,0.484,41
689,626.33,378.3077641277963,313.47324208721835,456.5091316917983,143.03588960457995,False,0.26000000000000006,0.476,41
690,636.98,864.3142769129541,703.7169329008923,1061.5100134137,357.7930805128078,False,0.25200000000000006,0.46799999999999997,42
691,578.22,637.3764965316957,514.249758310624,789.9262348035909,275.6764764929669,True,0.25400000000000006,0.472,43
692,523.6,624.9329666245703,499.86090196206993,781.2372981652813,281.3763962032114,True,0.25600000000000006,0.476,42
693,617.69,556.2593330809808,445.1823730475997,694.9888670293361,249.80649398173642,True,0.25800000000000006,0.48,42
694,803.34,685.098390321963,547.2748723064257,857.5675269453196,310.29265463889396,True,0.26000000000000006,0.484,42
695,692.97,833.7303501465589,666.339414511216,1043.108503565821,376.76908905460493,True,0.26200000000000007,0.488,41
696,491.21,663.5697948463362,530.830284581819,829.439756866,298.60947228418104,False,0.25400000000000006,0.48,41
697,503.07,506.2422000664332,405.91364170178616,631.3077507359618,225.39410903417564,True,0.25600000000000006,0.484,42
698,497.46,587.1758964835403,472.0882801816975,730.2607386328576,258.17245845116014,True,0.25800000000000006,0.488,41
699,487.73,534.3650478050128,432.6231389731465,659.9788746283053,227.3557356551588,True,0.26000000000000006,0.492,41
700,580.64,538.8708962098913,440.4270795453965,659.2689279385208,218.84184839312434,True,0.26200000000000007,0.496,41
701,602.03,648.9182668827766,536.088520762835,785.4509057612698,249.3623849984349,True,0.26400000000000007,0.5,40
702,627.63,617.984407579256,515.37202648399,740.9877088135054,225.61568232951538,True,0.26600000000000007,0.5,40
703,611.52,659.6159708201881,554.9435669686732,783.9959723111447,229.0524053424715,True,0.26800000000000007,0.5,40
704,568.81,620.7710928283811,527.6802756627662,730.2534809291859,202.57320526641968,True,0.2700000000000001,0.5,40
705,599.67,589.2678627913717,505.44304058398626,686.9670997996741,181.52405921568783,True,0.2720000000000001,0.5,40
706,586.54,637.6148303614714,551.171270918733,737.5913085971363,186.42003767840333,True,0.2740000000000001,0.5,40
707,473.16,598.2280275970893,520.8899091304489,687.0267711176335,166.1368619871846,False,0.26600000000000007,0.492,40
708,426.64,493.27786516014635,430.03071072879135,565.8055707079174,135.774859979126,False,0.25800000000000006,0.484,41
709,474.07,488.1529550980694,426.68924153371626,558.449689740001,131.7604482062847,True,0.26000000000000006,0.488,41
710,643.44,543.0977998227108,474.6400908491423,621.4084585540327,146.76836770489035,False,0.25200000000000006,0.48,41
711,640.14,689.5544919140799,602.2363379122784,789.51190442718,187.27556651490158,True,0.25400000000000006,0.484,42
712,585.6,601.5170712959307,524.2256682040612,690.1825586216058,165.95689041754463,True,0.25600000000000006,0.488,41
713,529.61,596.6560480430616,519.2851807872903,685.5326266297836,166.24744584249333,True,0.25800000000000006,0.492,41
714,450.83,543.3036280479313,471.850497613631,625.5541455519876,153.70364793835665,False,0.25000000000000006,0.484,41
715,446.87,497.50678786062736,428.77893852976854,577.2252112987328,148.44627276896426,True,0.25200000000000006,0.488,41
716,483.42,517.8485238282573,442.7928341401424,605.5978762373426,162.80504209720016,True,0.25400000000000006,0.492,41
717,465.63,531.960725564256,451.67443556925457,626.4865834576643,174.81214788840975,True,0.25600000000000006,0.496,41
718,388.94,498.1922033670103,420.5322750930029,590.1596113190408,169.62733622603787,False,0.24800000000000005,0.488,40
719,362.75,432.1550720436034,363.0762072851571,514.340779437823,151.2645721526659,False,0.24000000000000005,0.48,41
720,458.7,429.75546091805177,359.57099020198046,513.6012079529299,154.03021775094948,True,0.24200000000000005,0.484,42
721,499.29,538.4513767582845,449.1559975772308,645.4598704729732,196.30387289574242,True,0.24400000000000005,0.488,41
722,491.95,508.1873650760825,422.52859571171183,611.1706429702454,188.64204725853352,True,0.24600000000000005,0.492,41
723,478.7,518.0580988675221,429.0337316648498,625.5120388508079,196.4783071859581,True,0.24800000000000005,0.496,41
724,480.03,496.61745210915046,409.6034614330976,602.0712156671616,192.467754234064,True,0.25000000000000006,0.5,40
725,397.2,508.63197476713543,417.2156138796876,620.0307341125907,202.8151202329031,False,0.24200000000000005,0.492,40
726,354.93,422.58057283375626,343.39421041531995,519.9742099491223,176.57999953380232,True,0.24400000000000005,0.496,41
727,369.39,422.8113868037229,340.6372127574285,524.7509570891712,184.11374433174268,True,0.24600000000000005,0.5,40
728,487.7,406.53296211803047,328.1871927680927,503.52483833324305,175.33764556515035,True,0.24800000000000005,0.5,40
729,553.12,568.749096499259,461.6525961337315,700.6366830629241,238.98408692919264,True,0.25000000000000006,0.5,40
730,516.78,526.7181726704614,429.13985896074905,646.4323733668757,217.29251440612666,True,0.25200000000000006,0.5,40
731,414.46,510.38992809218513,416.5235167741483,625.359110439268,208.8355936651197,False,0.24400000000000005,0.492,40
732,314.81,400.866422228914,327.0751364047135,491.254984894209,164.1798484894955,False,0.23600000000000004,0.484,41
733,250.82,327.16521498777297,266.4990770660727,401.5898313711604,135.09075430508773,False,0.22800000000000004,0.476,41
734,274.8,260.04850292343497,212.31180683564764,318.46811519472976,106.15630835908212,True,0.23000000000000004,0.48,42
735,420.98,330.31814975282396,270.048179804672,403.98968277426,133.94150296958804,False,0.22200000000000003,0.472,42
736,520.32,506.9696713649377,415.3376560506977,618.7690342839946,203.43137823329693,True,0.22400000000000003,0.476,42
737,622.38,509.98395306259835,418.5989511747511,621.2718134934923,202.67286231874124,False,0.21600000000000003,0.46799999999999997,42
738,640.73,647.8085183357625,534.1038852537531,785.6743357047885,251.5704504510354,True,0.21800000000000003,0.472,43
739,533.12,575.386886305902,475.0323932658339,696.8975536227593,221.86516035692546,True,0.22000000000000003,0.476,42
740,530.91,488.3828369160583,402.04109906856723,593.2211889097325,191.18008984116528,True,0.22200000000000003,0.48,42
741,530.88,541.2186240987697,445.50638710523134,657.4475492626573,211.94116215742594,True,0.22400000000000003,0.484,42
742,523.15,503.8193789464172,413.8038848109721,613.3688974272245,199.56501261625243,True,0.22600000000000003,0.488,41
743,642.11,517.7845186512391,425.1899396471298,630.4963159736574,205.30637632652758,False,0.21800000000000003,0.48,41
744,648.6,666.383382491494,548.5285898191544,809.5139340836945,260.9853442645401,True,0.22000000000000003,0.484,42
745,668.28,567.1736575690446,467.99227382079926,687.329687236458,219.33741341565872,True,0.22200000000000003,0.488,41
746,639.96,661.5134200265719,546.6653118860942,800.4457410196435,253.78042913354932,True,0.22400000000000003,0.492,41
747,684.35,563.3187919062547,467.15324064289473,679.2381597555818,212.0849191126871,False,0.21600000000000003,0.484,41
748,658.04,685.7216713364129,570.0017144438252,824.893586576036,254.89187213221078,True,0.21800000000000003,0.488,41
749,580.23,589.6390257674983,490.54143391693225,708.7152644481524,218.17383053122018,True,0.22000000000000003,0.492,41
750,578.64,549.8873061381629,455.87614870483725,663.2430884703981,207.36693976556086,True,0.22200000000000003,0.496,41
751,578.93,572.0218630225621,472.8612659169757,691.9328879971765,219.07162208020083,True,0.22400000000000003,0.5,40
752,635.65,557.460963920028,462.1469064689002,672.3903300797048,210.24342361080454,True,0.22600000000000003,0.5,40
753,413.78,640.8490851740155,532.872342423148,770.6643388358792,237.79199641273124,False,0.21800000000000003,0.492,40
754,410.56,344.4560677799871,286.6175545737243,413.92562908019914,127.30807450647484,True,0.22000000000000003,0.496,41
755,436.79,464.7868905637512,386.901019294066,558.3113104365768,171.41029114251086,True,0.22200000000000003,0.5,40
756,488.82,441.70196119860844,367.65140760038327,530.6269581738347,162.97555057345147,True,0.22400000000000003,0.5,40
757,652.64,509.3705258359398,423.87068738709354,612.0761226291329,188.20543524203936,False,0.21600000000000003,0.492,40
758,657.16,663.2530387417466,553.3757166177128,794.9080570296876,241.53234041197481,True,0.21800000000000003,0.496,41
759,588.05,590.8120152701748,494.59892980371967,705.7034256043645,211.10449580064483,True,0.22000000000000003,0.5,40
760,527.05,552.9272005531379,464.108283231489,658.7073296153733,194.59904638388429,True,0.22200000000000003,0.5,40
761,508.73,506.4045567904344,425.70900629726776,602.3605582543939,176.65155195712617,True,0.22400000000000003,0.5,40
762,504.13,508.1191425922414,427.7453077936696,603.5600888035797,175.81478100991006,True,0.22600000000000003,0.5,40
763,505.81,501.64040994619216,423.3089316310888,594.4326267412581,171.1236951101693,True,0.22800000000000004,0.5,40
764,508.82,507.4053641919939,429.042827662318,600.047146267387,171.004318605069,True,0.23000000000000004,0.5,40
765,535.36,507.22109291011634,429.3049214923969,599.2457010785474,169.94077958615054,True,0.23200000000000004,0.5,40
766,522.15,537.3841087877004,455.3201603620476,634.2063173477836,178.88615698573602,True,0.23400000000000004,0.5,40
767,466.76,508.3296879949043,431.27177286820256,599.1241518772066,167.85237900900404,True,0.23600000000000004,0.5,40
768,443.33,462.8594992302197,393.20632469047945,544.819844963301,151.61352027282152,True,0.23800000000000004,0.5,40
769,399.12,458.1886877022848,389.7470767456383,538.6182427514478,148.87116600580953,True,0.24000000000000005,0.5,40
770,391.01,407.9190581426319,347.12556020695257,479.32898248796164,132.20342228100907,True,0.24200000000000005,0.5,40
771,403.66,416.1433803959548,353.9133273884465,489.28477202749514,135.37144463904866,True,0.24400000000000005,0.5,40
772,440.77,422.71206187615564,359.3049529681521,497.27766701617406,137.97271404802194,True,0.24600000000000005,0.5,40
773,541.44,458.19289369181047,388.9718884968396,539.700803921581,150.72891542474144,False,0.23800000000000004,0.492,40
774,582.23,559.6529671777565,475.7630393380962,658.3039385805123,182.54089924241612,True,0.24000000000000005,0.496,41
775,536.07,566.4598370657943,482.1467295630964,665.4862804182243,183.33955085512787,True,0.24200000000000005,0.5,40
776,547.11,524.9686441838419,447.67433590153644,615.5786463108498,167.90431040931333,True,0.24400000000000005,0.5,40
777,489.76,549.589045034388,469.17453448556114,643.7569450854402,174.58241059987904,True,0.24600000000000005,0.5,40
778,471.74,491.7571753305337,420.0491235341072,575.6776850208962,155.628561486789,True,0.24800000000000005,0.5,40
779,456.99,486.79182418801383,415.84816411562946,569.8094318934503,153.96126777782086,True,0.25000000000000006,0.5,40
780,565.51,472.5533152605601,403.5507033130382,553.3254295636274,149.7747262505892,False,0.24200000000000005,0.492,40
781,644.12,577.8180760953311,493.7294762260262,676.1991185373313,182.4696423113051,True,0.24400000000000005,0.496,41
782,656.54,615.6433566247968,526.4560101363954,719.9113593589866,193.45534922259117,True,0.24600000000000005,0.5,40
783,633.91,623.7712055712936,533.8072615259334,728.8686599678483,195.0613984419149,True,0.24800000000000005,0.5,40
784,527.64,602.0109448395065,515.1741644380859,703.4564115138896,188.28224707580375,True,0.25000000000000006,0.5,40
785,505.37,508.8170575859217,435.2180243537015,594.8337750730348,159.61575071933328,True,0.25200000000000006,0.5,40
786,513.51,515.0172409594275,440.588916487975,601.9902088238458,161.40129233587083,True,0.25400000000000006,0.5,40
787,443.6,519.4535353544435,444.8717000540514,606.5108207811847,161.63912072713333,False,0.24600000000000005,0.492,40
788,467.55,450.84157689573914,386.0509521444504,526.4778668815514,140.42691473710107,True,0.24800000000000005,0.496,41
789,519.82,498.4995692379801,426.86490257481614,582.1275670602599,155.2626644854438,True,0.25000000000000006,0.5,40
790,535.07,525.8162413273292,450.5052571735368,613.6890821685018,163.18382499496505,True,0.25200000000000006,0.5,40
791,550.32,528.9094468194533,452.7545182370974,617.8456765553842,165.09115831828683,True,0.25400000000000006,0.5,40
792,527.78,541.2107765152759,465.5215931353882,629.1798898384102,163.65829670302202,True,0.25600000000000006,0.5,40
793,514.48,510.36939315232837,438.2997946023752,594.2624141098717,155.96261950749647,True,0.25800000000000006,0.5,40
794,371.42,512.8040916249428,439.60387761281777,598.1655044001197,158.56162678730198,False,0.25000000000000006,0.492,40
795,322.1,358.6449354810106,306.3043038909043,419.9003192583292,113.59601536742491,True,0.25200000000000006,0.496,41
796,321.78,370.7374739111848,315.3018549448478,435.88883688008775,120.58698193523998,True,0.25400000000000006,0.5,40
797,366.29,344.22712192078063,292.3048327667499,405.34095451296105,113.03612174621117,True,0.25600000000000006,0.5,40
798,520.23,408.4060939606093,346.41255392414774,481.4619832496873,135.04942932553956,False,0.24800000000000005,0.492,40
799,568.78,574.9507183701135,486.1261207753818,679.971961559024,193.84584078364213,True,0.25000000000000006,0.496,41
800,559.02,532.3766632755697,449.3718968467181,630.6794340829076,181.30753723618955,True,0.25200000000000006,0.5,40
801,589.87,545.5485981523041,460.04718713213686,646.9062848216367,186.8590976894999,True,0.25400000000000006,0.5,40
802,457.52,574.6562541570075,484.33459889602585,681.7869344239137,197.4523355278879,False,0.24600000000000005,0.492,40
803,434.42,413.9961476808463,349.37024745917745,490.54231513339,141.17206767421254,True,0.24800000000000005,0.496,41
804,412.86,470.92744859350586,396.77634336078694,558.9013627966584,162.12501943587148,True,0.25000000000000006,0.5,40
805,418.94,417.15253421436097,351.6872978644898,494.7693200991722,143.08202223468243,True,0.25200000000000006,0.5,40
806,481.39,446.51523793133225,377.3515375835824,528.3222526854272,150.9707151018448,True,0.25400000000000006,0.5,40
807,515.72,500.87232316695,422.34206615388683,593.9699992002057,171.6279330463189,True,0.25600000000000006,0.5,40
808,530.0,509.3426438531815,430.6759543362946,602.3451979865284,171.66924365023385,True,0.25800000000000006,0.5,40
809,545.92,520.639029280101,441.4722173743301,613.9703104140528,172.49809303972273,True,0.26000000000000006,0.5,40
810,598.49,532.5174890274341,452.7928821930287,626.2485141736121,173.4556319805834,True,0.26200000000000007,0.5,40
811,555.98,584.602853443208,498.51073432786194,685.533198174955,187.0224638470931,True,0.26400000000000007,0.5,40
812,538.87,513.5250269600488,439.2503635160377,600.3305730265341,161.08020951049645,True,0.26600000000000007,0.5,40
813,560.08,531.6582175969753,458.19863967938676,616.8693755967652,158.6707359173784,True,0.26800000000000007,0.5,40
814,592.35,550.2093980942146,476.0378202515869,635.9134430204031,159.87562276881619,True,0.2700000000000001,0.5,40
815,591.14,576.2106140633549,499.84046250326224,664.2259909715764,164.38552846831413,True,0.2720000000000001,0.5,40
816,471.68,560.6640842758032,489.03048961548524,642.7692148766404,153.73872526115514,False,0.26400000000000007,0.492,40
817,434.87,437.3852550355472,381.7388091549536,501.12214501293533,119.38333585798176,True,0.26600000000000007,0.496,41
818,422.19,465.2751672581144,405.45862850170056,533.8946149895129,128.43598648781233,True,0.26800000000000007,0.5,40
819,460.62,429.6293980497715,374.75536855599285,492.51704322243137,117.76167466643852,True,0.2700000000000001,0.5,40
820,452.77,492.92744517032736,432.32920487334013,561.9999509582933,129.67074608495318,True,0.2720000000000001,0.5,40
821,449.62,452.4113490189699,397.85085105305006,514.4354086907997,116.58455763774964,True,0.2740000000000001,0.5,40
822,406.38,467.9123054742263,412.7659865682056,530.4084708819076,117.64248431370203,False,0.26600000000000007,0.492,40
823,347.94,412.4742077431176,365.50268269602947,465.46567280543087,99.9629901094014,False,0.25800000000000006,0.484,41
824,319.51,364.8439081726801,323.70277413011695,411.1977876709684,87.49501354085146,False,0.25000000000000006,0.476,41
825,320.25,341.90007925568466,303.9452771813383,384.57889940244786,80.63362222110953,True,0.25200000000000006,0.48,42
826,336.11,346.9575453119761,308.72066971779776,389.9149926927802,81.19432297498241,True,0.25400000000000006,0.484,42
827,383.81,361.98186570167394,322.64494440851485,406.0999318993276,83.45498749081275,True,0.25600000000000006,0.488,41
828,391.98,416.04690647556384,370.75547428477006,466.8562502286281,96.10077594385803,True,0.25800000000000006,0.492,41
829,361.84,399.26867382547385,356.22756559145813,447.49565564946585,91.26809005800772,True,0.26000000000000006,0.496,41
830,321.07,368.5496110349204,329.2137592123658,412.57124349331724,83.35748428095144,False,0.25200000000000006,0.488,40
831,351.69,327.5934600663455,293.17139924699785,366.0433708877118,72.87197164071392,True,0.25400000000000006,0.492,41
832,463.57,391.5597685802783,350.875342859125,436.9481968121238,86.0728539529988,False,0.24600000000000005,0.484,41
833,510.56,501.23400421030885,450.3948247013039,557.7990406226559,107.40421592135198,True,0.24800000000000005,0.488,41
834,419.44,494.36235095080826,444.81218376339615,549.4198128190753,104.60762905567918,False,0.24000000000000005,0.48,41
835,349.71,389.0824917716468,350.794080399947,431.53812063518683,80.74404023523982,False,0.23200000000000004,0.472,42
836,403.46,352.478671786895,318.43044110831096,390.15611829199753,71.72567718368657,False,0.22400000000000003,0.46399999999999997,42
837,433.69,450.08812114551705,406.8892353749834,497.86213067507816,90.97289530009476,True,0.22600000000000003,0.46799999999999997,43
838,413.87,428.32962549437696,386.7798785540634,474.33133491722407,87.5514563631607,True,0.22800000000000004,0.472,43
839,436.23,416.11190301172405,375.515440203374,461.08553768760646,85.57009748423246,True,0.23000000000000004,0.476,42
840,467.88,451.43696612944717,407.781405818083,499.7546953138919,91.9732894958089,True,0.23200000000000004,0.48,42
841,479.2,469.3026747631706,424.28609480985284,519.0842646602052,94.7981698503524,True,0.23400000000000004,0.484,42
842,479.29,473.16371508214365,427.9881695986334,523.0965710333111,95.10840143467766,True,0.23600000000000004,0.488,41
843,476.96,471.17532650920526,426.4451023833086,520.5863691523738,94.14126676906517,True,0.23800000000000004,0.492,41
844,488.46,469.3091542037403,424.6422379056121,518.6634187814968,94.02118087588474,True,0.24000000000000005,0.496,41
845,517.08,485.8532471107792,439.6351991071099,536.9190874959878,97.28388838887793,True,0.24200000000000005,0.5,40
846,494.87,515.7334516721455,466.4289701141182,570.2385777283355,103.80960761421727,True,0.24400000000000005,0.5,40
847,494.25,470.103582479572,425.5204582157044,519.3468700037029,93.82641178799844,True,0.24600000000000005,0.5,40
848,633.65,497.12232454630447,449.7437189878882,549.4809934313942,99.73727444350595,False,0.23800000000000004,0.492,40
849,708.24,683.5274384667171,615.873293382572,758.601394711706,142.728101329134,True,0.24000000000000005,0.496,41
850,741.16,660.7128610598297,593.5531695352114,735.4587944830623,141.90562494785092,False,0.23200000000000004,0.488,40
851,741.75,725.509991798367,649.9322085138083,809.8628844591373,159.93067594532897,True,0.23400000000000004,0.492,41
852,706.12,691.5511910409592,618.52306543984,773.1877243452308,154.66465890539075,True,0.23600000000000004,0.496,41
853,732.46,667.9409704036992,595.5265948068086,749.1459713285116,153.61937652170297,True,0.23800000000000004,0.5,40
854,879.12,724.9886506350293,647.0173951785926,812.3416244260138,165.32422924742127,False,0.23000000000000004,0.492,40
855,1103.97,945.3342569453683,837.2786932898341,1067.3183683862371,230.03967509640302,False,0.22200000000000003,0.484,41
856,1181.34,1161.3854022989785,1019.5465382596531,1322.937491162205,303.39095290255204,True,0.22400000000000003,0.488,41
857,1192.31,1139.7595173800828,982.2305026297306,1322.527161751715,340.2966591219845,True,0.22600000000000003,0.492,41
858,1204.61,1177.5724260076677,990.1337000281766,1400.458716726221,410.32501669804435,True,0.22800000000000004,0.496,41
859,1217.09,1178.1248212160529,971.4759078281153,1428.6861575860553,457.21024975794,True,0.23000000000000004,0.5,40
860,1202.34,1204.2561530692994,976.6588005790395,1484.8377929509227,508.17899237188317,True,0.23200000000000004,0.5,40
861,1189.31,1159.4291576453932,937.1712053020689,1434.3412493405453,497.1700440384765,True,0.23400000000000004,0.5,40
862,1197.83,1176.1484109708158,947.4583168617042,1459.9797360796024,512.5214192178981,True,0.23600000000000004,0.5,40
863,1202.96,1179.9981454746528,950.0393674126087,1465.5603416703293,515.5209742577206,True,0.23800000000000004,0.5,40
864,1138.42,1191.4342132161976,952.748440403644,1489.8536597415123,537.1052193378682,True,0.24000000000000005,0.5,40
865,1053.36,1068.2836182682786,851.5934970418256,1340.0464192653953,488.4529222235698,True,0.24200000000000005,0.5,40
866,1056.45,1016.4705164382544,802.0146415553145,1288.1997209615222,486.1850794062077,True,0.24400000000000005,0.5,40
867,1057.6,1066.8408303711162,847.49057300292,1342.8971218879421,495.4065488850222,True,0.24600000000000005,0.5,40
868,1053.24,1025.666807483371,795.2981729356709,1322.6809645088165,527.3827915731456,True,0.24800000000000005,0.5,40
869,1114.06,1053.4510395467526,828.0918682819904,1340.0660957333857,511.97422745139534,True,0.25000000000000006,0.5,40
870,1146.74,1143.2639224781974,895.237149608773,1459.930206761397,564.6930571526239,True,0.25200000000000006,0.5,40
871,1184.5,1126.55720816573,893.8478050346766,1419.7837919848585,525.9359869501818,True,0.25400000000000006,0.5,40
872,1117.6,1214.442457597838,936.9721012382252,1573.9939318890988,637.0218306508737,True,0.25600000000000006,0.5,40
873,986.63,1024.5820139759069,802.7249398176829,1307.6796430996305,504.9547032819477,True,0.25800000000000006,0.5,40
874,989.85,942.177494722667,738.4563797955727,1202.024019885064,463.5676400894913,True,0.26000000000000006,0.5,40
875,987.67,1018.647332019987,733.7788253765954,1413.9573256450485,680.1785002684531,True,0.26200000000000007,0.5,40
876,1049.05,948.6184318803793,624.6026490294145,1440.4503640066125,815.847714977198,True,0.26400000000000007,0.5,40
877,1198.54,1127.9195904167889,766.1657422690188,1660.2569766963097,894.0912344272909,True,0.26600000000000007,0.5,40
878,1469.52,1244.6893793645315,857.0621006301541,1807.4262534401703,950.3641528100162,True,0.26800000000000007,0.5,40
879,1700.04,1650.6126484007464,1173.4081294457087,2321.722631053987,1148.314501608278,True,0.2700000000000001,0.5,40
880,1588.13,1678.541855529504,1157.9545633782539,2432.970177616731,1275.015614238477,True,0.2720000000000001,0.5,40
881,1557.9,1490.1551639251845,988.1492875425246,2246.9354238074516,1258.7861362649269,True,0.2740000000000001,0.5,40
882,1592.23,1596.14262886612,972.680020556088,2618.81813643925,1646.1381158831618,True,0.2760000000000001,0.5,40
883,1640.49,1555.7579698084232,864.3484070022638,2799.6007256169864,1935.2523186147228,True,0.2780000000000001,0.5,40
884,1745.97,1696.094305821066,873.8732540516238,3291.0529568278903,2417.1797027762664,True,0.2800000000000001,0.5,40
885,1879.29,1759.152326378553,843.3808660377283,3668.121763255828,2824.7408972180992,True,0.2820000000000001,0.5,40
886,1921.88,1966.3464125982034,914.0345567525485,4228.842336118134,3314.8077793655857,True,0.2840000000000001,0.5,40
887,2026.36,1841.4644638567172,849.2137713822315,3991.7314927585076,3142.5177213762763,True,0.2860000000000001,0.5,40
888,1999.55,2126.9321306921647,1018.9358006768501,4438.588403335935,3419.652602659085,True,0.2880000000000001,0.5,40
889,1930.38,1861.9474174458335,974.0141369902933,3558.510522463995,2584.4963854737016,True,0.2900000000000001,0.5,40
890,1786.32,1938.5477679527066,1076.3185020636502,3490.860148103229,2414.541646039579,True,0.2920000000000001,0.5,40
891,1565.42,1652.5462727468841,984.2052038924583,2774.274902439077,1790.0696985466186,True,0.2940000000000001,0.5,40
892,1464.66,1486.2862654973333,924.9809502845502,2387.840110433437,1462.859160148887,True,0.2960000000000001,0.5,40
893,1464.92,1427.2701840789628,936.5510988650226,2174.8341718104507,1238.283072945428,True,0.2980000000000001,0.5,40
894,1468.99,1469.8851239225085,1001.2275919266473,2157.6943576533254,1156.4667657266782,True,0.3000000000000001,0.5,40
895,1466.01,1453.6315322825164,1031.2243554316829,2048.8963074996195,1017.6719520679367,True,0.3020000000000001,0.5,40
896,1364.19,1461.2441441585888,1070.308479720232,1994.837779314932,924.5292995947,True,0.3040000000000001,0.5,40
897,1320.86,1293.6421511363976,974.9322534363556,1716.433042711078,741.5007892747225,True,0.3060000000000001,0.5,40
898,1278.68,1339.7360591265947,1034.6835679527646,1734.6393746746157,699.9558067218511,True,0.3080000000000001,0.5,40
899,1265.47,1241.8998163428053,979.3600480853531,1574.7475597684536,595.3875116831005,True,0.3100000000000001,0.5,40
900,1307.23,1286.1085316406336,1032.6146045119413,1601.7718310001578,569.1572264882166,True,0.3120000000000001,0.5,40
901,1431.3,1322.9975282049186,1078.3411847873745,1623.11059579651,544.7694110091356,True,0.3140000000000001,0.5,40
902,1472.86,1500.6831281156328,1239.7731420026832,1816.4573102278478,576.6841682251645,True,0.3160000000000001,0.5,40
903,1368.14,1443.0873972042307,1206.3731959943639,1726.2111205405824,519.8379245462186,True,0.3180000000000001,0.5,40
904,1183.47,1317.3247322905768,1113.3530242040047,1558.6315189349268,445.27849473092215,True,0.3200000000000001,0.5,40
905,1092.73,1109.4403787603308,944.5458773172471,1303.090964131683,358.5450868144359,True,0.3220000000000001,0.5,40
906,994.07,1096.2993309252367,944.3437525093051,1272.6804135563593,328.33666104705424,True,0.3240000000000001,0.5,40
907,955.66,949.3082613978107,822.2497665290894,1095.9766751206475,273.7269085915582,True,0.3260000000000001,0.5,40
908,940.44,978.5537693837467,857.4315382841894,1116.7660003403198,259.3344620561304,True,0.3280000000000001,0.5,40
909,939.23,935.8506633961731,827.5308254534962,1058.3319385859263,230.80111313243015,True,0.3300000000000001,0.5,40
910,980.97,961.637992205203,859.0404561896664,1076.474783154275,217.43432696460854,True,0.33200000000000013,0.5,40
911,944.16,1013.1851154228983,912.5898385160064,1124.8569272356642,212.26708871965786,True,0.33400000000000013,0.5,40
912,930.21,920.4013394660619,835.1049040142428,1014.3994125543257,179.29450854008292,True,0.33600000000000013,0.5,40
913,846.17,951.6081621666625,869.7861775288545,1041.1184144215204,171.33223689266583,False,0.3280000000000001,0.492,40
914,775.88,798.2423765338143,734.2012138318677,867.8619719737068,133.6607581418391,True,0.3300000000000001,0.496,41
915,688.84,774.5249829011639,715.5133601396681,838.3967685216835,122.88340838201543,False,0.3220000000000001,0.488,40
916,677.98,652.0984423272872,604.8015813789254,703.0879200074787,98.28633862855327,True,0.3240000000000001,0.492,41
917,696.03,696.3090202096472,647.964910429555,748.2544848748329,100.28957444527794,True,0.3260000000000001,0.496,41
918,647.63,704.9951200362416,657.9796726102461,755.3649232770543,97.38525066680825,False,0.3180000000000001,0.488,40
919,651.02,625.0774739248058,584.1041638482695,668.9200374477476,84.8158735994781,True,0.3200000000000001,0.492,41
920,655.71,671.3403788273696,627.247347439161,718.5280439214368,91.28069648227586,True,0.3220000000000001,0.496,41
921,586.28,653.4325365055514,610.7538289077075,699.0887033298858,88.33487442217825,False,0.3140000000000001,0.488,40
922,518.32,556.7460705958296,520.7800074827651,595.1912583922898,74.41125090952471,False,0.3060000000000001,0.48,41
923,489.41,501.11532774140153,469.66559780252936,534.6665189254675,65.00092112293811,True,0.3080000000000001,0.484,42
924,422.16,485.81453081991475,456.07798916223203,517.4856699220726,61.40768075984056,False,0.3000000000000001,0.476,41
925,348.06,390.7104360589976,367.11365382046307,415.819816719878,48.70616289941495,False,0.2920000000000001,0.46799999999999997,42
926,325.97,326.5270546827171,306.1122991691387,348.2988455342051,42.18654636506642,True,0.2940000000000001,0.472,43
927,247.29,327.83192284855727,307.4401283921015,349.5718728881469,42.13174449604543,False,0.2860000000000001,0.46399999999999997,42
928,366.94,211.78220398287817,198.4620299439373,225.99190590077194,27.529875956834644,False,0.2780000000000001,0.45599999999999996,43
929,432.51,390.0422376511241,365.5206078982969,416.20445817231973,50.68385027402286,False,0.2700000000000001,0.44799999999999995,44
930,424.63,445.7607631865343,417.3226818352831,476.1320996684714,58.80941783318832,True,0.2720000000000001,0.45199999999999996,44
931,365.67,428.12052367433944,400.46080219109183,457.6859360453531,57.22513385426129,False,0.26400000000000007,0.44399999999999995,44
932,343.37,360.88320011659846,337.26536571295463,386.1500419518553,48.88467623890068,True,0.26600000000000007,0.44799999999999995,44
933,313.61,346.3445752257424,323.63611795765604,370.64150032895657,47.00538237130053,False,0.25800000000000006,0.43999999999999995,44
934,308.44,313.03724911655274,292.46006207038175,335.05729221525036,42.597230144868604,True,0.26000000000000006,0.44399999999999995,45
935,290.89,313.2287839321265,292.56076689752746,335.3519236408381,42.79115674331064,False,0.25200000000000006,0.43599999999999994,44
936,251.68,291.34425765356815,272.050927969189,312.00082229590413,39.94989432671514,False,0.24400000000000005,0.42799999999999994,45
937,261.92,248.27551961774134,231.65789012277187,266.0800661344648,34.422176011692926,True,0.24600000000000005,0.43199999999999994,46
938,282.07,268.81951888825154,250.78331262397234,288.1477279187882,37.36441529481584,True,0.24800000000000005,0.43599999999999994,45
939,297.77,289.6517918843911,270.05182031177264,310.66905290817635,40.61723259640371,True,0.25000000000000006,0.43999999999999995,45
940,295.88,304.719674697538,283.62510038969305,327.37764262253035,43.7525422328373,True,0.25200000000000006,0.44399999999999995,45
941,361.36,299.3589559014713,278.2739460017079,322.03587098551,43.76192498380209,False,0.24400000000000005,0.43599999999999994,44
942,400.83,380.4044681555911,353.01238300334154,409.9160450686162,56.90366206527466,True,0.24600000000000005,0.43999999999999995,45
943,361.1,410.9393683855876,380.7758472727038,443.4860627987915,62.71021552608772,False,0.23800000000000004,0.43199999999999994,45
944,295.45,358.3315063245028,331.36453644816737,387.48648781026753,56.12195136210016,False,0.23000000000000004,0.42399999999999993,45
945,298.77,289.6454649224823,267.17336309948735,314.000659661591,46.82729656210364,True,0.23200000000000004,0.42799999999999994,46
946,330.63,308.76522197489925,284.4535434743184,335.14749208321325,50.69394860889486,True,0.23400000000000004,0.43199999999999994,46
947,302.05,343.8762488054098,316.2542052436194,373.9032322479609,57.64902700434146,False,0.22600000000000003,0.42399999999999993,45
948,257.92,302.03762776820446,276.48578969429644,329.9423662543263,53.45657656002987,False,0.21800000000000003,0.4159999999999999,46
949,228.48,258.72588474765786,234.86527344978288,285.0002840660465,50.13501061626363,False,0.21000000000000002,0.4079999999999999,47
950,225.79,231.97579306187413,209.37192191365563,257.00838657112604,47.63646465747041,True,0.21200000000000002,0.4119999999999999,47
951,222.53,236.24581642588936,211.57442633006193,263.7805683087805,52.20614197871859,True,0.21400000000000002,0.4159999999999999,47
952,222.24,231.02671419119508,204.94952518564227,260.4057791579493,55.45625397230705,True,0.21600000000000003,0.41999999999999993,47
953,208.2,231.36408795393015,203.8602918443619,262.5604434835123,58.70015163915039,True,0.21800000000000003,0.42399999999999993,46
954,220.4,212.7838927861519,186.7702452514374,242.4014651980705,55.63121994663311,True,0.22000000000000003,0.42799999999999994,46
955,226.53,234.63222369762164,204.07463328393206,269.74311413159205,65.66848084765999,True,0.22200000000000003,0.43199999999999994,46
956,220.75,235.82792970812417,204.00130697009334,272.59566199262593,68.5943550225326,True,0.22400000000000003,0.43599999999999994,45
957,241.66,229.44683047901214,196.20810995215334,268.28781828854335,72.07970833639001,True,0.22600000000000003,0.43999999999999995,45
958,234.99,257.6080337643224,216.2028315454189,306.9062765968783,90.7034450514594,True,0.22800000000000004,0.44399999999999995,45
959,293.35,241.35852453339024,199.9246762448677,291.3366881149934,91.41201187012572,False,0.22000000000000003,0.43599999999999994,44
960,344.58,309.61429713160834,248.73096520646305,385.34072271653616,136.6097575100731,True,0.22200000000000003,0.43999999999999995,45
961,317.17,338.8665745544063,265.41247026613496,432.5731296059711,167.16065933983612,True,0.22400000000000003,0.44399999999999995,45
962,236.99,301.6647029150088,230.73055846541817,394.3122238053948,163.58166533997664,True,0.22600000000000003,0.44799999999999995,44
963,235.56,217.6115404225984,164.77010104361318,287.2968961535942,122.52679510998104,True,0.22800000000000004,0.45199999999999996,44
964,233.26,258.08723994099506,194.95561073609645,341.55818268273555,146.6025719466391,True,0.23000000000000004,0.45599999999999996,44
965,235.49,234.82348389635817,178.34687225506735,309.08466920975025,130.7377969546829,True,0.23200000000000004,0.45999999999999996,44
966,284.37,246.43802609234365,188.0024128066849,322.94071508017186,134.93830227348695,True,0.23400000000000004,0.46399999999999997,43
967,303.08,305.92567780244883,233.3205164261108,401.02784259481666,167.70732616870586,True,0.23600000000000004,0.46799999999999997,43
968,236.14,295.6627932900907,223.37520763885396,391.2394717705836,167.8642641317296,True,0.23800000000000004,0.472,43
969,185.13,221.49487844206817,164.9427357875522,297.3196022290969,132.3768664415447,True,0.24000000000000005,0.476,42
970,161.21,191.6459325760454,141.61962577622342,259.2198339541666,117.60020817794316,True,0.24200000000000005,0.48,42
971,176.07,170.18689961952586,126.07139910031862,229.61802111905874,103.54662201874012,True,0.24400000000000005,0.484,42
972,193.63,201.5706967982026,149.52068072529997,271.6195962148081,122.09891548950813,True,0.24600000000000005,0.488,41
973,229.98,206.60427968076127,153.61736897395883,277.74964648393876,124.13227750997993,True,0.24800000000000005,0.492,41
974,238.52,252.90730858645242,188.34444114538834,339.4848907294481,151.14044958405978,True,0.25000000000000006,0.496,41
975,251.57,237.29416223893546,176.80583871309221,318.36019743863994,141.55435872554773,True,0.25200000000000006,0.5,40
976,236.79,261.1731859827646,195.0140455126162,349.6625214973651,154.6484759847489,True,0.25400000000000006,0.5,40
977,231.82,230.09768527213942,171.9710646311599,307.75765407366265,135.78658944250276,True,0.25600000000000006,0.5,40
978,237.68,239.36486554405045,179.61157149890536,318.8868605623068,139.27528906340146,True,0.25800000000000006,0.5,40
979,231.35,241.84744905333383,182.60547658703086,320.2043813069861,137.59890471995521,True,0.26000000000000006,0.5,40
980,316.73,232.27515138574884,176.08875077928786,306.2882722057613,130.19952142647344,False,0.25200000000000006,0.492,40
981,352.22,350.29224032901965,267.52628657618607,458.5685572867331,191.04227071054703,True,0.25400000000000006,0.496,41
982,336.23,321.7981730089685,247.14843823987752,418.90455888826625,171.75612064838873,True,0.25600000000000006,0.5,40
983,339.39,316.02777910422014,243.60403856924648,409.89514838611774,166.29110981687126,True,0.25800000000000006,0.5,40
984,335.02,320.50357440065886,247.71537289105876,414.593725272765,166.87835238170626,True,0.26000000000000006,0.5,40
985,321.54,312.43399817450927,242.3072857153561,402.7728295838611,160.465543868505,True,0.26200000000000007,0.5,40
986,322.96,303.39624935028775,236.86789616716692,388.5316606886948,151.66376452152787,True,0.26400000000000007,0.5,40
987,330.92,310.14296743279345,243.55179761682197,394.86683527295855,151.31503765613658,True,0.26600000000000007,0.5,40
988,357.5,315.8399279196123,250.71529637946304,397.81382406244404,147.098527682981,True,0.26800000000000007,0.5,40
989,322.37,346.0272996438709,277.7692904201435,430.9986126040482,153.22932218390474,True,0.2700000000000001,0.5,40
990,345.73,292.5004002404301,237.30458510761846,360.48060224015705,123.17601713253859,True,0.2720000000000001,0.5,40
991,322.96,343.63882067651593,283.0704326156646,417.12136385907706,134.0509312434125,True,0.2740000000000001,0.5,40
992,322.19,297.73186984574994,248.48574810370795,356.6987092041903,108.21296110048237,True,0.2760000000000001,0.5,40
993,352.6,314.86638605622744,265.76147290673987,373.0104324401522,107.24895953341235,True,0.2780000000000001,0.5,40
994,504.69,344.1452853436986,293.21053389172675,403.89803821511964,110.68750432339289,False,0.2700000000000001,0.492,40
995,570.17,525.3889804967403,451.910315057025,610.7885806012397,158.87826554421468,True,0.2720000000000001,0.496,41
996,561.59,522.646360416887,453.1007073245595,602.8429501539387,149.74224282937917,True,0.2740000000000001,0.5,40
997,493.83,523.6603624821773,456.7196193270725,600.3910794661201,143.6714601390476,True,0.2760000000000001,0.5,40
998,538.46,442.7829709038239,388.3080859140374,504.8803872563567,116.57230134231929,False,0.26800000000000007,0.492,40
999,563.27,538.8651815848702,474.2506737826496,612.2645998540095,138.0139260713599,True,0.2700000000000001,0.496,41
1000,586.87,538.7222412340353,475.2013756760201,610.7162036106212,135.51482793460104,True,0.2720000000000001,0.5,40
1001,577.01,572.711343413551,506.41584254243713,647.6685632679153,141.25272072547813,True,0.2740000000000001,0.5,40
1002,511.21,552.6641289055472,489.74218375872937,623.6537953775111,133.9116116187817,True,0.2760000000000001,0.5,40
1003,561.38,477.8543259459758,423.7504378116236,538.8498625653443,115.09942475372071,False,0.26800000000000007,0.492,40
1004,632.2,569.4911216646043,505.8079678516506,641.1764071266631,135.36843927501252,True,0.2700000000000001,0.496,41
1005,645.39,628.9260420020408,558.3356771695626,708.425188824608,150.08951165504538,True,0.2720000000000001,0.5,40
1006,646.48,626.7288362349591,556.9988744721697,705.1725567343398,148.17368226217002,True,0.2740000000000001,0.5,40
1007,645.51,630.8076190857688,560.6894377361224,709.678963705848,148.9895259697256,True,0.2760000000000001,0.5,40
1008,661.88,631.1078499952738,561.2359386772553,709.6630980681765,148.42715939092125,True,0.2780000000000001,0.5,40
1009,667.51,655.9743879250184,583.6506983944848,737.2448145101268,153.594116115642,True,0.2800000000000001,0.5,40
1010,658.04,659.9055803754698,587.458325949207,741.27208097849,153.8137550292829,True,0.2820000000000001,0.5,40
1011,646.92,647.1197989509806,576.2253089415595,726.721510622099,150.49620168053946,True,0.2840000000000001,0.5,40
1012,668.19,636.399773213523,566.898198786826,714.4072186891311,147.5090199023051,True,0.2860000000000001,0.5,40
1013,684.82,664.4577218139893,591.7698909223358,746.0588272167902,154.2889362944544,True,0.2880000000000001,0.5,40
1014,677.15,677.5753742531676,602.835811823077,761.5657993894239,158.72998756634684,True,0.2900000000000001,0.5,40
1015,659.19,664.3994696304801,590.8649259092924,747.0700997855376,156.20517387624523,True,0.2920000000000001,0.5,40
1016,667.86,646.415568162638,574.7271667663917,727.030466676632,152.3032999102403,True,0.2940000000000001,0.5,40
1017,670.96,662.157580593122,588.6498129028306,744.8290786748624,156.17926577203184,True,0.2960000000000001,0.5,40
1018,672.64,661.1687506202153,587.4993671674416,744.0601967651443,156.56082959770265,True,0.2980000000000001,0.5,40
1019,688.95,665.0107556975196,591.0106654393204,748.2607018753886,157.25003643606817,True,0.3000000000000001,0.5,40
1020,719.39,684.2408019779028,608.0089571825696,770.0148613701845,162.00590418761487,True,0.3020000000000001,0.5,40
1021,708.45,716.6773976845924,635.7948980848421,807.8331874146163,172.03828932977422,True,0.3040000000000001,0.5,40
1022,715.18,695.3642877494099,616.7685197774576,783.9594236809438,167.19090390348617,True,0.3060000000000001,0.5,40
1023,717.45,709.2748515819491,629.6618290867858,798.938004049293,169.27617496250718,True,0.3080000000000001,0.5,40
1024,697.66,708.6329145327958,629.3891044602747,797.8381617405388,168.44905728026413,True,0.3100000000000001,0.5,40
1025,710.66,685.1282113859793,608.3292789411425,771.6067640764013,163.27748513525876,True,0.3120000000000001,0.5,40
1026,699.25,707.2370915229927,629.9250027331277,794.0228246400903,164.09782190696262,True,0.3140000000000001,0.5,40
1027,688.72,687.7455933138114,614.6136622671044,769.5652447059771,154.95158243887272,True,0.3160000000000001,0.5,40
1028,684.94,679.1180616045415,607.3635917335741,759.3357334429244,151.97214170935024,True,0.3180000000000001,0.5,40
1029,676.8,677.5742600996505,606.0255210709254,757.556288798914,151.53076772798863,True,0.3200000000000001,0.5,40
1030,687.57,667.1060446863274,596.0613703359263,746.6043655198611,150.54299518393475,True,0.3220000000000001,0.5,40
1031,706.89,686.5163461695013,612.7343053579904,769.1683320024756,156.43402664448524,True,0.3240000000000001,0.5,40
1032,663.88,704.4433954417206,627.502030762955,790.8039398667225,163.30190910376757,True,0.3260000000000001,0.5,40
1033,643.62,635.8630534942135,565.6038426117545,714.8344479917214,149.23060537996685,True,0.3280000000000001,0.5,40
1034,647.33,656.1024840535739,565.5382834938695,761.143860581753,195.6055770878835,True,0.3300000000000001,0.5,40
1035,659.25,646.764797639086,557.4824817251607,750.3203131533469,192.83783142818618,True,0.33200000000000013,0.5,40
1036,657.24,670.556369325635,566.8280912628993,793.2332620050411,226.40517074214176,True,0.33400000000000013,0.5,40
1037,662.35,649.7969913659505,551.1556865871004,766.0603314599057,214.9046448728053,True,0.33600000000000013,0.5,40
1038,652.17,663.416425966273,563.5736465724412,780.9160348235506,217.34238825110936,True,0.33800000000000013,0.5,40
1039,686.24,644.3299350020962,545.0487996936891,761.6621013422638,216.61330164857463,True,0.34000000000000014,0.5,40
1040,653.09,693.3053921129092,585.7301576208282,820.6042268421966,234.87406922136836,True,0.34200000000000014,0.5,40
1041,667.51,632.7029222258185,529.3317133270717,756.2230427597974,226.89132943272568,True,0.34400000000000014,0.5,40
1042,679.37,672.4889780405168,569.3919722452166,794.2205248552455,224.82855261002885,True,0.34600000000000014,0.5,40
1043,669.6,676.2486786225238,575.9038623413957,794.0471519369529,218.14328959555723,True,0.34800000000000014,0.5,40
1044,552.74,670.5158650995152,570.0218853503073,788.6957518602181,218.6738665099108,False,0.34000000000000014,0.492,40
1045,521.97,572.0173513826812,479.66509987221093,682.1136379007289,202.448538028518,True,0.34200000000000014,0.496,41
1046,429.32,544.1721589897891,457.56737729125547,647.1330719450972,189.56569465384172,False,0.33400000000000013,0.488,40
1047,436.96,421.0562864949846,357.94397514312783,495.26549351861144,137.3215183754836,True,0.33600000000000013,0.492,41
1048,714.26,445.8846963211052,383.3508186835621,518.5928357587948,135.24201707523264,False,0.3280000000000001,0.484,41
1049,699.28,810.6553037160518,686.32154148237,957.4805542826048,271.1590128002348,True,0.3300000000000001,0.488,41
1050,486.52,612.8390727597846,509.16500286839,737.581449390006,228.41644652161602,False,0.3220000000000001,0.48,41
1051,410.68,509.30959172492743,418.195289292589,620.2280673428504,202.0327780502614,False,0.3140000000000001,0.472,42
1052,500.06,462.5808316822782,379.54090592683673,563.7413567269718,184.20045080013512,True,0.3160000000000001,0.476,42
1053,677.74,606.8926533650142,497.1156188217941,740.8628608539208,243.74724203212668,True,0.3180000000000001,0.48,42
1054,706.74,728.1310281519175,601.3923120380337,881.534596789984,280.14228475195034,True,0.3200000000000001,0.484,42
1055,503.89,663.94283133849,550.9413902797977,800.0795652130878,249.1381749332901,False,0.3120000000000001,0.476,41
1056,340.45,478.29178611822454,394.7183317689315,579.5154772929164,184.79714552398497,False,0.3040000000000001,0.46799999999999997,42
1057,331.83,370.1488432847172,307.7328587678472,445.1833587177913,137.45049994994412,True,0.3060000000000001,0.472,43
1058,505.75,409.53313208262733,343.2101645579854,488.6353155462386,145.42515098825316,False,0.2980000000000001,0.46399999999999997,42
1059,678.95,644.4021447054687,541.323369315046,767.072983682251,225.74961436720503,True,0.3000000000000001,0.46799999999999997,43
1060,546.19,664.2512440094168,561.1551865314001,786.25453088274,225.09934435133994,False,0.2920000000000001,0.45999999999999996,43
1061,299.82,495.74596547289127,420.56304521181636,584.3372514889461,163.77420627712974,False,0.2840000000000001,0.45199999999999996,43
1062,408.03,284.2296957725812,241.45698941386306,334.54808853807987,93.09109912421681,False,0.2760000000000001,0.44399999999999995,44
1063,583.21,634.2946166515611,542.9188999108588,741.0210071990485,198.1021072881897,True,0.2780000000000001,0.44799999999999995,44
1064,570.67,543.3546659691975,467.81936583903405,631.0600725017338,163.24070666269972,True,0.2800000000000001,0.45199999999999996,44
1065,560.82,588.174082552034,509.8724718050715,678.4770098387302,168.60453803365868,True,0.2820000000000001,0.45599999999999996,44
1066,561.94,545.1433908017797,475.0272981002594,625.5871820940072,150.5598839937478,True,0.2840000000000001,0.45999999999999996,44
1067,681.11,576.739840007961,504.9383455856029,658.7312214911954,153.79287590559244,False,0.2760000000000001,0.45199999999999996,43
1068,777.21,666.8261746359422,587.5333546767663,756.8020786499401,169.2687239731738,False,0.26800000000000007,0.44399999999999995,44
1069,776.82,688.5013528574045,607.2821154533171,780.5651710191976,173.28305556588043,True,0.2700000000000001,0.44799999999999995,44
1070,645.21,678.4949203679622,602.2763961970326,764.3429667005666,162.06657050353408,True,0.2720000000000001,0.45199999999999996,44
1071,592.88,565.8246502118534,503.39762905815775,635.9779824059101,132.58035334775235,True,0.2740000000000001,0.45599999999999996,44
1072,577.9,594.4930662596075,531.1794234411652,665.3391637171653,134.1597402760001,True,0.2760000000000001,0.45999999999999996,44
1073,710.9,555.2653484466107,496.7286665244509,620.68638998258,123.95772345812907,False,0.26800000000000007,0.45199999999999996,43
1074,577.9,729.3170330561416,654.6535678054269,812.4829046338801,157.82933682845328,False,0.26000000000000006,0.44399999999999995,44
1075,597.31,476.9651226780994,428.9279704492647,530.3696111885091,101.4416407392444,False,0.25200000000000006,0.43599999999999994,44
1076,703.88,657.6030601527004,592.2301647579172,730.1799308443925,137.94976608647528,True,0.25400000000000006,0.43999999999999995,45
1077,767.03,609.9624707762862,549.4088371847224,677.1779569643604,127.769119779638,False,0.24600000000000005,0.43199999999999994,45
1078,774.79,700.3370607949416,631.4865411129789,776.6824341257026,145.19589301272367,True,0.24800000000000005,0.43599999999999994,45
1079,757.47,654.8852995100713,591.4001444766195,725.1739047911293,133.7737603145098,False,0.24000000000000005,0.42799999999999994,45
1080,780.25,676.7727249423439,612.0373528397145,748.3440074211583,136.3066545814438,False,0.23200000000000004,0.41999999999999993,46
1081,789.89,691.0592094551695,626.2369052517822,762.5806270032184,136.3437217514362,False,0.22400000000000003,0.4119999999999999,46
1082,719.98,709.0995235251775,644.1798482487741,780.551585467769,136.3717372189949,True,0.22600000000000003,0.4159999999999999,47
1083,554.27,643.3702179448674,584.9261668252874,707.643855289919,122.71768846463158,False,0.21800000000000003,0.4079999999999999,47
1084,639.55,517.7767447238144,470.59809597819935,569.6751430113466,99.07704703314721,False,0.21000000000000002,0.3999999999999999,47
1085,780.36,692.2497315915887,630.0198916794187,760.6165459899158,130.59665431049712,False,0.202,0.3919999999999999,48
1086,765.97,712.3081101546635,648.5832434391352,782.2844599232524,133.70121648411714,True,0.20400000000000001,0.3959999999999999,49
1087,603.74,691.9739822095777,630.825952953254,759.039909368726,128.2139564154719,False,0.196,0.3879999999999999,48
1088,585.92,557.1774429150956,507.64899612145297,611.5286005771286,103.87960445567563,True,0.198,0.3919999999999999,49
1089,564.51,629.1302425460666,573.8577890112506,689.7171306735027,115.85934166225206,False,0.19,0.3839999999999999,49
1090,546.43,576.4258334466442,523.1009350606425,635.176298927939,112.07536386729646,True,0.192,0.3879999999999999,49
1091,572.83,587.3467963723517,532.9219186026498,647.3194278810257,114.39750927837588,True,0.194,0.3919999999999999,49
1092,586.28,586.5390839537351,529.0834078689954,650.2223737787834,121.138965909788,True,0.196,0.3959999999999999,49
1093,704.59,587.4606846224192,526.208928048411,655.8287426924769,129.61981464406585,False,0.188,0.3879999999999999,48
1094,759.66,710.9499597987449,630.5155345786494,801.6291001623937,171.11356558374428,True,0.19,0.3919999999999999,49
1095,753.79,709.5950431190917,624.1742604453789,806.6873077687121,182.51304732333324,True,0.192,0.3959999999999999,49
1096,594.53,709.797959873809,619.3768582995878,813.3981081847273,194.02124988513958,False,0.184,0.3879999999999999,48
1097,555.63,593.7105294395573,513.9305912013742,685.8510433631711,171.9204521617969,True,0.186,0.3919999999999999,49
1098,549.11,613.6232817774318,527.6993318215183,713.5115489391002,185.8122171175819,True,0.188,0.3959999999999999,49
1099,544.24,593.492084422691,507.44173788039546,694.1058737124644,186.6641358320689,True,0.19,0.3999999999999999,48
1100,643.17,590.8922617055571,501.9881187425803,695.5103874475712,193.52226870499095,True,0.192,0.4039999999999999,48
1101,708.66,675.515640409298,572.4906969985589,797.0485369923146,224.5578399937557,True,0.194,0.4079999999999999,48
1102,741.19,688.9615834600635,582.0996030944888,815.4076671024192,233.3080640079304,True,0.196,0.4119999999999999,47
1103,770.1,706.8155108281553,596.2808081560146,837.8061202161657,241.52531206015112,True,0.198,0.4159999999999999,47
1104,700.75,721.772806487568,608.3514746424056,856.3057611856656,247.95428654325997,True,0.2,0.41999999999999993,47
1105,509.26,661.6415453986067,556.7428797693443,786.2692482777044,229.52636850836006,False,0.192,0.4119999999999999,46
1106,357.94,513.0556126809552,428.8320596488755,613.7823713862975,184.95031173742206,False,0.184,0.4039999999999999,47
1107,416.35,375.2910131297638,310.46652162774,453.60721050288726,143.14068887514725,True,0.186,0.4079999999999999,48
1108,602.71,530.8829901926115,437.31876859165334,644.4195793741804,207.1008107825271,True,0.188,0.4119999999999999,47
1109,747.09,668.7789596554899,550.2642991561283,812.7727320341804,262.5084328780521,True,0.19,0.4159999999999999,47
1110,620.61,744.3541212764493,612.0345995593364,905.2339491166277,293.1993495572914,True,0.192,0.41999999999999993,47
1111,552.5,562.2156912794695,460.78405681538635,685.9269525912343,225.142895775848,True,0.194,0.42399999999999993,46
1112,555.13,591.854958181035,484.95790793022064,722.2663481840199,237.30844025379923,True,0.196,0.42799999999999994,46
1113,562.24,571.0995883804275,467.7032864155651,697.305193309149,229.60190689358387,True,0.198,0.43199999999999994,46
1114,555.89,592.8740696579223,485.291632995682,724.2569994663971,238.96536647071514,True,0.2,0.43599999999999994,45
1115,557.02,569.7746708692774,466.11650270054673,696.4356997076196,230.3191970070729,True,0.202,0.43999999999999995,45
1116,559.94,586.3643360809318,480.2764753898783,715.8371631302248,235.56068774034645,True,0.20400000000000001,0.44399999999999995,45
1117,560.64,574.0139616919796,470.45178468342004,700.3252826325196,229.87349794909954,True,0.20600000000000002,0.44799999999999995,44
1118,564.8,582.1525007651088,477.68783185883655,709.4146304033999,231.72679854456334,True,0.20800000000000002,0.45199999999999996,44
1119,557.43,575.2739132778488,472.1226190149079,700.9144927292125,228.7918737143046,True,0.21000000000000002,0.45599999999999996,44
1120,598.99,568.3827333338481,466.5527137486445,692.3906861954639,225.83797244681938,True,0.21200000000000002,0.45999999999999996,44
1121,617.81,623.1557143608235,511.4883803505644,759.1545141429095,247.66613379234514,True,0.21400000000000002,0.46399999999999997,43
1122,640.82,605.7064366280755,496.92761422147424,738.2494204633775,241.3218062419033,True,0.21600000000000003,0.46799999999999997,43
1123,639.4,645.6435646725723,529.3996527280505,787.3638263746119,257.96417364656145,True,0.21800000000000003,0.472,43
1124,623.59,615.950063327554,504.7981621838842,751.5282001746277,246.73003799074354,True,0.22000000000000003,0.476,42
1125,504.81,614.4358123269857,504.7597999649593,747.895501621162,243.13570165620268,True,0.22200000000000003,0.48,42
1126,485.54,485.256976036564,399.2701832035922,589.7156132685469,190.44543006495473,True,0.22400000000000003,0.484,42
1127,405.49,541.2728198285429,444.32703851592606,659.3232808516814,214.9962423357553,False,0.21600000000000003,0.476,41
1128,346.53,408.2878307065429,334.120955150516,498.8688556769881,164.7479005264721,True,0.21800000000000003,0.48,42
1129,428.76,394.38826841555476,321.9100857194569,483.1344068034819,161.224321084025,True,0.22000000000000003,0.484,42
1130,461.74,513.5829670988045,418.70666664472003,629.9064188688662,211.1997522241462,True,0.22200000000000003,0.488,41
1131,484.69,471.83348580970966,385.2080320095982,577.8888028548423,192.68077084524413,True,0.22400000000000003,0.492,41
1132,404.84,531.5371878262922,434.3130363277597,650.4756801457428,216.1626438179831,False,0.21600000000000003,0.484,41
1133,362.22,387.25477979886006,315.1834131986779,475.7542120937913,160.5707988951134,True,0.21800000000000003,0.488,41
1134,354.79,415.16058341293746,336.4186263089215,512.2782178658798,175.85959155695832,True,0.22000000000000003,0.492,41
1135,360.77,380.3023729102558,308.274928725033,469.10438313367126,160.82945440863824,True,0.22200000000000003,0.496,41
1136,370.12,399.0629186053191,324.3712009127902,490.90075333650924,166.52955242371905,True,0.22400000000000003,0.5,40
1137,371.48,395.7736395112201,322.8163241932248,485.1685753589119,162.3522511656871,True,0.22600000000000003,0.5,40
1138,361.51,396.0741596309111,322.92358438993136,485.7440836194176,162.82049922948624,True,0.22800000000000004,0.5,40
1139,363.58,377.9834329404501,307.89908640084786,463.9688159224494,156.06972952160152,True,0.23000000000000004,0.5,40
1140,384.7,388.52830591254167,317.8042056606505,474.94196818283297,157.13776252218247,True,0.23200000000000004,0.5,40
1141,490.56,411.0413068678182,338.03820381226956,499.7637388833859,161.72553507111633,True,0.23400000000000004,0.5,40
1142,589.05,551.4897439592846,454.6469383783193,668.9154355488151,214.26849717049583,True,0.23600000000000004,0.5,40
1143,606.69,588.878680383035,489.0150068683352,709.0942883243679,220.07928145603267,True,0.23800000000000004,0.5,40
1144,435.58,586.1771209860309,489.9339711490474,701.2878669456952,211.3538957966478,False,0.23000000000000004,0.492,40
1145,345.49,379.3308621014855,317.66152486772665,452.934828583095,135.27330371536834,True,0.23200000000000004,0.496,41
1146,337.35,359.7187299201172,302.2544019777042,428.07209678278286,125.81769480507865,True,0.23400000000000004,0.5,40
1147,349.42,357.304398899653,299.8395665370139,425.7458690645538,125.90630252753988,True,0.23600000000000004,0.5,40
1148,360.63,372.1658476788716,311.41139756521954,444.73517790694615,133.3237803417266,True,0.23800000000000004,0.5,40
1149,437.88,376.1844164870119,313.30906604677966,451.6375450445118,138.32847899773213,True,0.24000000000000005,0.5,40
1150,528.73,480.3205676988738,400.11729972244893,576.5604518934203,176.44315217097142,True,0.24200000000000005,0.5,40
1151,523.95,540.9323066907532,451.20349336702816,648.4656263010962,197.26213293406806,True,0.24400000000000005,0.5,40
1152,500.44,502.39243813796406,419.65674341872466,601.4007715056262,181.7440280869015,True,0.24600000000000005,0.5,40
1153,457.25,492.09039719681044,411.70684410810617,588.1303797811981,176.42353567309198,True,0.24800000000000005,0.5,40
1154,445.84,442.8893320291942,371.7986361807672,527.5366414103031,155.73800522953593,True,0.25000000000000006,0.5,40
1155,474.51,452.70620948684444,381.3602717254831,537.3648348139857,156.0045630885026,True,0.25200000000000006,0.5,40
1156,503.18,483.75545326051486,408.85009646483206,572.3507238199975,163.50062735516542,True,0.25400000000000006,0.5,40
1157,661.29,502.36172472022474,425.754206788359,592.7212144202133,166.9670076318543,False,0.24600000000000005,0.492,40
1158,726.62,698.9343376355705,594.3114411403893,821.94416526393,227.6327241235407,True,0.24800000000000005,0.496,41
1159,830.01,659.2603895670447,562.096094137277,773.1907403906574,211.09464625338046,False,0.24000000000000005,0.488,40
1160,900.39,829.8587172054206,707.8317371345438,972.8929167405576,265.06117960601375,True,0.24200000000000005,0.492,41
1161,956.46,846.7225573711792,721.220828489119,994.0329676579787,272.81213916885974,True,0.24400000000000005,0.496,41
1162,964.81,932.3278779032972,793.067811283373,1096.0107531038163,302.94294182044337,True,0.24600000000000005,0.5,40
1163,957.05,908.3323416637289,771.274221178124,1069.7146307877608,298.44040960963684,True,0.24800000000000005,0.5,40
1164,925.9,919.6306303881956,780.4821229325192,1083.555529470702,303.07340653818267,True,0.25000000000000006,0.5,40
1165,823.75,876.0187790035986,749.1214503583042,1024.3832074226966,275.26175706439244,True,0.25200000000000006,0.5,40
1166,665.03,759.0831058224217,652.2685484089034,883.3626853975521,231.09413698864876,True,0.25400000000000006,0.5,40
1167,641.5,602.6879720700447,522.5864722378977,695.0438952220594,172.45742298416167,True,0.25600000000000006,0.5,40
1168,660.16,645.841910611067,562.2290000566716,741.8673901394924,179.63839008282082,True,0.25800000000000006,0.5,40
1169,706.47,647.4581521663716,563.9004623275916,743.3753424779002,179.47488015030854,True,0.26000000000000006,0.5,40
1170,804.49,716.8697508526502,618.7541795820022,830.5183602905574,211.76418070855527,True,0.26200000000000007,0.5,40
1171,828.15,824.5505862859657,707.669810955424,960.7084853639557,253.03867440853162,True,0.26400000000000007,0.5,40
1172,864.22,797.9434657048863,681.5515252474679,934.1831148001714,252.63158955270353,True,0.26600000000000007,0.5,40
1173,918.5,869.4814320483309,739.5143745407646,1022.2588989387676,282.744524398003,True,0.26800000000000007,0.5,40
1174,954.66,911.4747051223271,774.6069204538445,1072.4949180196563,297.8879975658118,True,0.2700000000000001,0.5,40
1175,906.7,943.1910775182049,805.3842464665277,1104.5483719720635,299.1641255055358,True,0.2720000000000001,0.5,40
1176,867.85,856.0105087901053,732.9576275383183,999.6940245856771,266.73639704735876,True,0.2740000000000001,0.5,40
1177,782.43,846.1046460410678,719.5766401587667,994.8500475206284,275.2734073618617,True,0.2760000000000001,0.5,40
1178,736.77,728.6911974668717,624.3399699584719,850.4556389158948,226.11566895742294,True,0.2780000000000001,0.5,40
1179,810.42,725.5021080657455,624.4009621735544,842.9470754723613,218.54611329880697,True,0.2800000000000001,0.5,40
1180,818.59,840.0132678743071,723.7051067996227,974.9877639943096,251.28265719468686,True,0.2820000000000001,0.5,40
1181,830.6,782.4608713887526,679.8139928472293,900.583903160109,220.7699103128797,True,0.2840000000000001,0.5,40
1182,844.99,834.6305756207191,727.5351068440426,957.4691970948418,229.93409025079916,True,0.2860000000000001,0.5,40
1183,860.21,829.0712396546841,728.5903239705508,943.3906261696468,214.800302199096,True,0.2880000000000001,0.5,40
1184,872.3,856.6137410120227,756.9475503551769,969.3855213041829,212.43797094900606,True,0.2900000000000001,0.5,40
1185,884.04,864.9287758826914,769.2396788666397,972.5056054305448,203.26592656390517,True,0.2920000000000001,0.5,40
1186,899.85,879.5149497950156,787.1963497673248,982.6464949899718,195.45014522264694,True,0.2940000000000001,0.5,40
1187,916.76,895.0824510119569,805.782788899825,994.2663468522466,188.4835579524215,True,0.2960000000000001,0.5,40
1188,936.76,912.0291360910206,825.2275367762769,1007.9499154236502,182.72237864737326,True,0.2980000000000001,0.5,40
1189,944.93,931.2056380839796,846.164759968327,1024.7831684453556,178.61840847702865,True,0.3000000000000001,0.5,40
1190,951.18,932.4329045695782,851.4382690616839,1021.123265643944,169.68499658226017,True,0.3020000000000001,0.5,40
1191,954.22,940.4204618278259,859.7242155833335,1028.6822953301817,168.95807974684817,True,0.3040000000000001,0.5,40
1192,938.05,941.4377784844228,861.7728254710784,1028.4586710350993,166.68584556402095,True,0.3060000000000001,0.5,40
1193,930.74,920.299961215364,842.74064629011,1004.9887742371294,162.24812794701938,True,0.3080000000000001,0.5,40
1194,870.83,921.2722387284256,843.19787908792,1006.5671870298038,163.3693079418838,True,0.3100000000000001,0.5,40
1195,847.53,832.5203117139705,761.1983615439374,910.5161421134922,149.31778056955477,True,0.3120000000000001,0.5,40
1196,819.54,847.8949629628619,775.9664185389545,926.4823736897312,150.51595515077668,True,0.3140000000000001,0.5,40
1197,779.27,795.6803630863793,723.1098615508381,875.523901453432,152.4140399025939,True,0.3160000000000001,0.5,40
1198,738.6,779.5273812852786,703.8009657286842,863.3901222612363,159.58915653255212,True,0.3180000000000001,0.5,40
1199,714.03,735.2547227760034,659.6069244590003,819.565145080632,159.95822062163165,True,0.3200000000000001,0.5,40
1200,695.21,728.8059166194853,651.3352107804332,815.4769694028955,164.14175862246236,True,0.3220000000000001,0.5,40
1201,641.61,702.3483423837444,626.959214943166,786.7882495581088,159.82903461494277,True,0.3240000000000001,0.5,40
1202,609.49,633.070091978708,565.4568943718673,708.7537085989691,143.29681422710178,True,0.3260000000000001,0.5,40
1203,541.03,623.5909200925347,557.1017754044899,698.0012120626209,140.89943665813098,False,0.3180000000000001,0.492,40
1204,517.34,513.977635847699,460.23880822601683,573.9775619343174,113.73875370830052,True,0.3200000000000001,0.496,41
1205,604.09,541.0871502737892,486.44620079132807,601.8531518245566,115.4069510332285,False,0.3120000000000001,0.488,40
1206,790.66,664.8480692384538,598.565119959417,738.4587119053659,139.89359194594897,False,0.3040000000000001,0.48,41
1207,839.56,891.7378842276693,800.5708495579522,993.2738441334437,192.70299457549152,True,0.3060000000000001,0.484,42
1208,653.23,800.1257295572995,714.599243051043,895.8741104620427,181.27486741099972,False,0.2980000000000001,0.476,41
1209,535.78,584.0854659646031,520.1552500307366,655.85801392738,135.70276389664332,True,0.3000000000000001,0.48,42
1210,578.08,534.6951320956603,474.24990544058306,602.8281570723311,128.57825163174806,True,0.3020000000000001,0.484,42
1211,654.97,652.6786984932933,579.3442603678295,735.2799463081798,155.93568594035025,True,0.3040000000000001,0.488,41
1212,686.98,682.131270054478,601.2209805109509,773.9121123782539,172.69113186730306,True,0.3060000000000001,0.492,41
1213,725.94,710.1834992417488,626.6627901238569,804.8179926420878,178.1552025182309,True,0.3080000000000001,0.496,41
1214,732.93,751.8292548463463,656.0895752544179,861.5184575985166,205.42888234409872,True,0.3100000000000001,0.5,40
1215,702.4,727.7007757955791,634.5567515990806,834.495523112695,199.93877151361437,True,0.3120000000000001,0.5,40
1216,725.29,695.3164572424348,596.6868224327594,810.221848012556,213.53502557979664,True,0.3140000000000001,0.5,40
1217,724.76,762.378874846882,653.4638220439575,889.4194348627432,235.95561281878565,True,0.3160000000000001,0.5,40
1218,707.74,692.2937678459149,570.0937672764171,840.6415588393933,270.54779156297616,True,0.3180000000000001,0.5,40
1219,679.51,729.7183316316728,605.8569263679792,878.8602388511011,273.00331248312193,True,0.3200000000000001,0.5,40
1220,669.19,656.0973427601649,541.5178515106195,794.8759636391759,253.3581121285564,True,0.3220000000000001,0.5,40
1221,718.95,696.6593626452104,582.317434618665,833.4146041249612,251.09716950629627,True,0.3240000000000001,0.5,40
1222,936.87,745.1902035231386,624.7482107551607,888.8144817097442,264.0662709545835,False,0.3160000000000001,0.492,40
1223,1172.79,1081.2035605263184,917.7794453079804,1273.6960681333694,355.916622825389,True,0.3180000000000001,0.496,41
1224,1252.19,1153.382347571646,974.6802287084716,1364.8149106383073,390.13468192983566,True,0.3200000000000001,0.5,40
1225,1329.89,1242.6392726525157,1055.6556404296214,1462.7111479903112,407.0555075606899,True,0.3220000000000001,0.5,40
1226,1346.79,1317.5640200207808,1100.0110537043054,1578.1041053074612,478.0930516031558,True,0.3240000000000001,0.5,40
1227,1332.25,1296.281623663095,1097.618193216232,1530.8694169510418,433.25122373480986,True,0.3260000000000001,0.5,40
1228,1324.4,1296.680724309664,1078.4516877415242,1559.0283749318512,480.576687190327,True,0.3280000000000001,0.5,40
1229,1297.0,1289.2911379425989,1086.8564231710632,1529.3960938156015,442.5396706445383,True,0.3300000000000001,0.5,40
1230,1284.73,1251.9858113147827,1045.6071889243146,1499.059869615225,453.45268069091026,True,0.33200000000000013,0.5,40
1231,1275.67,1265.138953234412,1074.3729633493174,1489.7459119155749,415.3729485662575,True,0.33400000000000013,0.5,40
1232,1289.98,1241.4454952180072,1047.0808681829299,1471.8546770096084,424.77380882667853,True,0.33600000000000013,0.5,40
1233,1298.03,1288.4775282615615,1102.422160973816,1505.904931494305,403.4827705204889,True,0.33800000000000013,0.5,40
1234,1315.91,1265.9103989682112,1080.839698534034,1482.6412096808426,401.8015111468087,True,0.34000000000000014,0.5,40
1235,1353.81,1317.182244036465,1137.8715566791857,1524.7246686884152,386.85311200922956,True,0.34200000000000014,0.5,40
1236,1430.47,1342.3466746505271,1160.212902175716,1553.0477417306188,392.8348395549028,True,0.34400000000000014,0.5,40
1237,1483.89,1463.2737612843687,1277.4474730779548,1676.1104743347823,398.66300125682756,True,0.34600000000000014,0.5,40
1238,1522.44,1455.551983971266,1281.2233668995768,1653.581983746354,372.35861684677707,True,0.34800000000000014,0.5,40
1239,1458.55,1537.5095108490955,1360.3150575275042,1737.7683342548346,377.4532767273304,True,0.35000000000000014,0.5,40
1240,1321.3,1356.5661616976997,1208.6665629851102,1522.548670171278,313.8821071861678,True,0.35200000000000015,0.5,40
1241,1298.15,1264.1392977961782,1135.0135049069288,1407.9422668961483,272.92876198921954,True,0.35400000000000015,0.5,40
1242,1275.61,1299.0323440796867,1172.158971572336,1439.6266640813185,267.4676925089825,True,0.35600000000000015,0.5,40
1243,1277.8,1230.7962899164481,1116.5545106370969,1356.7164115126066,240.16190087550967,True,0.35800000000000015,0.5,40
1244,1337.53,1296.3737876325151,1179.7437668872647,1424.5241416799665,244.78037479270188,True,0.36000000000000015,0.5,40
1245,1512.09,1347.8426555108001,1224.3014650250466,1483.8399036952405,259.53843867019395,False,0.35200000000000015,0.492,40
1246,1721.6,1634.4881787313252,1478.6489863131612,1806.7406246428452,328.091638329684,True,0.35400000000000015,0.496,41
1247,1914.45,1758.5992623575555,1582.5116907666134,1954.2678910695752,371.7562003029618,True,0.35600000000000015,0.5,40
1248,1977.28,2006.9230475426452,1801.1348284397866,2236.210502359288,435.07567391950147,True,0.35800000000000015,0.5,40
1249,2021.7,1915.6365786120552,1708.7556561980489,2147.5501516879945,438.7944954899456,True,0.36000000000000015,0.5,40
1250,1925.01,2089.946396026955,1854.0564302996245,2355.832255691514,501.7758253918896,True,0.36200000000000015,0.5,40
1251,1901.53,1731.1038561933892,1446.6248380626444,2071.4870765931,624.8622385304557,True,0.36400000000000016,0.5,40
1252,2085.24,1950.510592558302,1655.4308533975998,2298.1563970543302,642.7255436567305,True,0.36600000000000016,0.5,40
1253,2361.33,2080.98927424325,1662.2069755373072,2605.2176276428822,943.010652105575,True,0.36800000000000016,0.5,40
1254,2514.65,2498.8896928090962,2034.0192972363109,3069.952931355644,1035.9336341193332,True,0.37000000000000016,0.5,40
1255,2534.44,2497.4600848010814,2070.2036082285886,3012.8528006346028,942.6491924060142,True,0.37200000000000016,0.5,40
1256,2714.31,2539.2827811219777,2132.072547399568,3024.2307245394486,892.1581771398805,True,0.37400000000000017,0.5,40
1257,2752.81,2831.3154292248278,2401.20473739218,3338.4367123485363,937.2319749563562,True,0.37600000000000017,0.5,40
1258,2567.3,2665.8284353714275,2277.7688590888474,3119.972043890971,842.2031848021234,True,0.37800000000000017,0.5,40
1259,2621.43,2466.6092120489275,2123.1646282455595,2865.5834758852848,742.4188476397253,True,0.38000000000000017,0.5,40
1260,2716.55,2725.881754932578,2359.2841779672435,3149.4189939485245,790.134815981281,True,0.3820000000000002,0.5,40
1261,2798.26,2685.269701453105,2337.3601707905464,3084.9424476535473,747.582276863001,True,0.3840000000000002,0.5,40
1262,2882.77,2850.370239038645,2505.65574086572,3242.489765079327,736.8340242136069,True,0.3860000000000002,0.5,40
1263,2901.97,2886.8597654340488,2558.885346767864,3256.8545110790324,697.9691643111682,True,0.3880000000000002,0.5,40
1264,2922.29,2901.4588359078216,2586.4565311062443,3254.810172214822,668.3536411085779,True,0.3900000000000002,0.5,40
1265,2908.43,2931.4433867522516,2631.458696606691,3265.613158106388,634.1544614996969,True,0.3920000000000002,0.5,40
1266,2889.11,2877.423733827746,2592.0298316283465,3194.228643497678,602.1988118693316,True,0.3940000000000002,0.5,40
1267,2871.41,2876.6900962989907,2606.572960457367,3174.788526693724,568.2155662363571,True,0.3960000000000002,0.5,40
1268,2877.81,2847.5612646580007,2587.5353028166323,3133.707596871743,546.1722940551108,True,0.3980000000000002,0.5,40
1269,2837.64,2879.68058763671,2626.695694846337,3157.021936962622,530.3262421162849,True,0.4000000000000002,0.5,40
1270,2791.98,2789.7004040672373,2553.892679729056,3047.27236269155,493.3796829624939,True,0.4020000000000002,0.5,40
1271,2763.42,2775.445383719869,2547.6357795987115,3023.617730978069,475.9819513793577,True,0.4040000000000002,0.5,40
1272,2745.49,2737.309647644761,2520.5479263197685,2972.7050198876436,452.1570935678751,True,0.4060000000000002,0.5,40
1273,2742.28,2733.694703867688,2524.3026236978217,2960.4490767094967,436.146453011675,True,0.4080000000000002,0.5,40
1274,2675.25,2730.8830367549144,2528.435971431773,2949.5332456724573,421.0972742406843,True,0.4100000000000002,0.5,40
1275,2339.98,2619.9973207924463,2428.4198224966603,2826.682104174741,398.26228167808085,False,0.4020000000000002,0.492,40
1276,2021.55,2147.9548845215004,1997.4329322973815,2309.8141489642053,312.3812166668238,True,0.4040000000000002,0.496,41
1277,1928.58,1932.656289961508,1801.9577206122904,2072.829355487004,270.87163487471344,True,0.4060000000000002,0.5,40
1278,1723.76,1924.6145519009744,1800.639630791306,2057.1204693328086,256.48083854150264,False,0.3980000000000002,0.492,40
1279,1687.77,1577.8313421345363,1474.1691668046608,1688.7780017364075,214.60883493174674,True,0.4000000000000002,0.496,41
1280,1778.53,1779.618101969774,1667.1850736670801,1899.6289380666149,232.44386439953473,True,0.4020000000000002,0.5,40
1281,1868.58,1776.1158100178059,1662.8075911101553,1897.1405176232013,234.332926513046,True,0.4040000000000002,0.5,40
1282,1866.02,1940.447144952475,1821.2695942013218,2067.4189807250323,246.14938652371052,True,0.4060000000000002,0.5,40
1283,1758.24,1811.702445730803,1699.8553901632013,1930.9044850974342,231.04909493423293,True,0.4080000000000002,0.5,40
1284,1554.36,1725.6463427701153,1618.4185075141208,1839.9741392778412,221.55563176372038,False,0.4000000000000002,0.492,40
1285,1424.31,1454.6674337028714,1364.762771599426,1550.4902892407952,185.7275176413691,True,0.4020000000000002,0.496,41
1286,1398.41,1420.3320455108092,1336.3769228979395,1509.5575316930376,173.18060879509812,True,0.4040000000000002,0.5,40
1287,1389.35,1398.5348067636485,1319.229025127516,1482.6044641222602,163.37543899474417,True,0.4060000000000002,0.5,40
1288,1388.2,1400.2999268882736,1323.8461045026272,1481.1657235685273,157.31961906590004,True,0.4080000000000002,0.5,40
1289,1356.88,1396.8351440654533,1322.140251633918,1475.746767828734,153.60651619481587,True,0.4100000000000002,0.5,40
1290,1263.22,1343.28562282889,1270.79257031413,1419.910829269985,149.11825895585503,False,0.4020000000000002,0.492,40
1291,1148.33,1219.763773811244,1154.8401966254678,1288.3341102003283,133.49391357486047,False,0.3940000000000002,0.484,41
1292,1119.78,1108.3670283145636,1049.6099202088399,1170.4102254686961,120.80030525985626,True,0.3960000000000002,0.488,41
1293,1076.33,1138.0216971332961,1077.953071507003,1201.4345273222511,123.48145581524818,False,0.3880000000000002,0.48,41
1294,1026.04,1043.3328817212775,988.4645684260468,1101.2437817850798,112.77921335903306,True,0.3900000000000002,0.484,42
1295,996.69,1021.6150242818837,969.7393816420695,1076.2628654645669,106.52348382249738,True,0.3920000000000002,0.488,41
1296,996.01,984.6880571473536,933.8765188221467,1038.2612569059086,104.38473808376182,True,0.3940000000000002,0.492,41
1297,921.3,1009.279736399366,959.0039025469927,1062.188538162438,103.18463561544525,False,0.3860000000000002,0.484,41
1298,713.82,871.4800586167995,827.9878898349735,917.2540083130891,89.26611847811557,False,0.37800000000000017,0.476,41
1299,657.39,619.5899762684478,588.8754769643942,651.9037630566219,63.02828609222763,False,0.37000000000000016,0.46799999999999997,42
1300,679.22,693.7193257647424,660.1467258536048,728.9967204222173,68.84999456861249,True,0.37200000000000016,0.472,43
1301,680.22,674.1001786600367,642.0774105602188,707.7175567709284,65.64014621070953,True,0.37400000000000017,0.476,42
1302,622.0,689.9249926191076,658.0641834767993,723.3260328719088,65.2618493951095,False,0.36600000000000016,0.46799999999999997,42
1303,623.21,582.8820571586839,555.206493714692,611.9346933635978,56.72819964890584,False,0.35800000000000015,0.45999999999999996,43
1304,675.18,654.7418782130763,622.7803988362039,688.3410111068983,65.56061227069449,True,0.36000000000000015,0.46399999999999997,43
1305,730.69,694.0963339127891,659.5355278211478,730.4654444292418,70.929916608094,False,0.35200000000000015,0.45599999999999996,43
1306,719.1,762.9309243940504,724.179686349276,803.7529022544455,79.57321590516949,False,0.34400000000000014,0.44799999999999995,44
1307,631.85,698.3549067921933,662.7988057894848,735.8155552383267,73.01674944884189,False,0.33600000000000013,0.43999999999999995,44
1308,495.63,596.1854845907674,565.0278401912124,629.0582368624036,64.03039667119128,False,0.3280000000000001,0.43199999999999994,45
1309,373.66,439.39200620604197,415.7498881747656,464.3753357429838,48.62544756821819,False,0.3200000000000001,0.42399999999999993,45
1310,401.83,337.45251804866797,318.15056478302927,357.9218369435112,39.77127216048194,False,0.3120000000000001,0.4159999999999999,46
1311,388.24,470.99140185861296,439.0451219772664,505.25690935387235,66.21178737660597,False,0.3040000000000001,0.4079999999999999,47
1312,314.05,356.0925073634185,331.67946688172316,382.2970516945919,50.617584812868756,False,0.2960000000000001,0.3999999999999999,47
1313,341.57,301.92126092162437,277.6345844676379,328.324841328175,50.69025686053709,False,0.2880000000000001,0.3919999999999999,48
1314,341.1,388.1968751574419,352.22456661783883,427.83259531662355,75.60802869878472,False,0.2800000000000001,0.3839999999999999,49
1315,328.12,313.3114985433638,278.49865202792415,352.4604456936877,73.96179366576354,True,0.2820000000000001,0.3879999999999999,49
1316,317.18,348.76472312446083,310.80467525576546,391.3461424751959,80.54146721943044,True,0.2840000000000001,0.3919999999999999,49
1317,319.51,304.6676958987215,272.23621053538545,340.9486023940932,68.71239185870775,True,0.2860000000000001,0.3959999999999999,49
1318,315.82,336.3447531250665,302.09489431429984,374.46486132162795,72.36996700732811,True,0.2880000000000001,0.3999999999999999,48
1319,287.87,311.25147441347144,280.79122856454353,345.0043230233281,64.21309445878455,True,0.2900000000000001,0.4039999999999999,48
1320,262.05,279.81972559735567,253.3930283571048,308.99166444873885,55.598636091634035,True,0.2920000000000001,0.4079999999999999,48
1321,252.28,255.58886166240922,231.76141856655963,281.85548496253136,50.09406639597174,True,0.2940000000000001,0.4119999999999999,47
1322,252.79,254.9619608847535,232.15909289199428,279.9949404388751,47.83584754688084,True,0.2960000000000001,0.4159999999999999,47
1323,293.05,256.247286011693,233.98028549920855,280.62433295113465,46.6440474519261,False,0.2880000000000001,0.4079999999999999,47
1324,376.97,327.0000855769797,299.484929399801,357.0347818221637,57.54985242236273,False,0.2800000000000001,0.3999999999999999,47
1325,427.32,423.44325302244846,388.799252379785,461.16629184489653,72.36703946511153,True,0.2820000000000001,0.4039999999999999,48
1326,348.74,438.35452870646844,402.5883280590341,477.2903480465559,74.7020199875218,False,0.2740000000000001,0.3959999999999999,48
1327,274.16,302.3536635307077,277.2864748294712,329.6788273986082,52.39235256913696,False,0.26600000000000007,0.3879999999999999,48
1328,259.79,267.3409102274418,242.53432116092813,294.67431710830465,52.13999594737652,True,0.26800000000000007,0.3919999999999999,49
1329,264.31,265.1017059734515,237.69461645494079,295.65569744991836,57.96108099497758,True,0.2700000000000001,0.3959999999999999,49
1330,307.0,275.3210635256644,244.3982064655455,310.14053866842113,65.74233220287562,True,0.2720000000000001,0.3999999999999999,48
1331,341.19,346.53319770184555,304.12305865589985,394.8380727989424,90.71501414304254,True,0.2740000000000001,0.4039999999999999,48
1332,351.16,345.28617358171255,299.3689567863069,398.22272693171516,98.85377014540825,True,0.2760000000000001,0.4079999999999999,48
1333,306.27,363.71167012554383,311.31399075571863,424.9002358616812,113.58624510596258,False,0.26800000000000007,0.3999999999999999,47
1334,247.1,274.51215864616336,229.6472866984172,328.10402133245475,98.45673463403756,True,0.2700000000000001,0.4039999999999999,48
1335,247.21,240.1630932257427,194.68236720713656,296.2145030964608,101.53213588932425,True,0.2720000000000001,0.4079999999999999,48
1336,256.69,268.99877741338105,211.94802670135422,341.3339531901701,129.3859264888159,True,0.2740000000000001,0.4119999999999999,47
1337,242.23,259.96488601845755,199.59633974031138,338.50106877718264,138.90472903687126,True,0.2760000000000001,0.4159999999999999,47
1338,274.08,241.21952115014858,181.41569674831555,320.6296485008988,139.21395175258323,True,0.2780000000000001,0.41999999999999993,47
1339,350.21,319.07925795214146,237.8783791986403,427.8823949445847,190.0040157459444,True,0.2800000000000001,0.42399999999999993,46
1340,364.76,381.730042336167,274.12097539796883,531.4286346933534,257.30765929538455,True,0.2820000000000001,0.42799999999999994,46
1341,337.09,347.544373964784,247.12717116075225,488.60047403997845,241.4733028792262,True,0.2840000000000001,0.43199999999999994,46
1342,336.94,329.1778036647428,234.11543419660543,462.67599135032634,228.5605571537209,True,0.2860000000000001,0.43599999999999994,45
1343,369.86,340.0532145401397,232.29431541575917,497.5860668781013,265.2917514623421,True,0.2880000000000001,0.43999999999999995,45
1344,412.69,370.08484183939686,252.8371739284645,541.4893356312635,288.65216170279905,True,0.2900000000000001,0.44399999999999995,45
1345,421.18,400.95669377645964,273.95478037878013,586.6209297002345,312.6661493214543,True,0.2920000000000001,0.44799999999999995,44
1346,420.3,386.7857686858083,264.2612893724304,565.9044388309172,301.64314945848685,True,0.2940000000000001,0.45199999999999996,44
1347,401.51,409.00384987935536,279.4593635172213,598.3850759971891,318.92571247996784,True,0.2960000000000001,0.45599999999999996,44
1348,368.15,363.0799858172602,248.04556657629863,531.2489289609036,283.20336238460504,True,0.2980000000000001,0.45999999999999996,44
1349,342.63,355.61529462605694,242.9394132049254,520.3362887545948,277.3968755496694,True,0.3000000000000001,0.46399999999999997,43
1350,337.59,323.4772432261866,220.955674654803,473.3536363078407,252.3979616530377,True,0.3020000000000001,0.46799999999999997,43
1351,236.42,344.8211797569847,235.5557981808163,504.55636043678743,269.0005622559711,True,0.3040000000000001,0.472,43
1352,240.86,192.32423885698537,130.91449626120428,282.32186673121845,151.40737047001417,True,0.3060000000000001,0.476,42
1353,235.82,304.5685849589088,207.50425273326755,446.8189719863303,239.31471925306278,True,0.3080000000000001,0.48,42
1354,222.74,236.15581711424983,160.82290609292713,346.5582224362596,185.73531634333247,True,0.3100000000000001,0.484,42
1355,217.28,242.64224253087946,165.24890847332986,356.06425317672887,190.815344703399,True,0.3120000000000001,0.488,41
1356,197.52,228.76645653933642,155.7807872996743,335.7289159591588,179.94812865948452,True,0.3140000000000001,0.492,41
1357,239.56,205.3152526915189,139.77889451792038,301.36054657857034,161.58165206064996,True,0.3160000000000001,0.496,41
1358,371.81,279.81178346069834,190.6114874081136,410.53721416724983,219.92572675913624,True,0.3180000000000001,0.5,40
1359,388.26,409.77415638242564,279.2911121579253,601.0005638160312,321.70945165810593,True,0.3200000000000001,0.5,40
1360,391.21,341.5278453437271,232.72334706244106,500.983761187845,268.26041412540394,True,0.3220000000000001,0.5,40
1361,394.52,385.7532643798892,262.9004935423078,565.7973011369927,302.8968075946849,True,0.3240000000000001,0.5,40
1362,379.18,364.87925863427523,252.55485087356368,526.9632057424947,274.408354868931,True,0.3260000000000001,0.5,40
1363,357.06,360.40428053580865,254.28741482429962,510.6313864492666,256.34397162496697,True,0.3280000000000001,0.5,40
1364,357.12,339.9169091255835,244.80478713612032,471.83187720578985,227.02709006966953,True,0.3300000000000001,0.5,40
1365,391.63,353.9353253863389,260.7297687955252,480.33265767535465,219.60288887982944,True,0.33200000000000013,0.5,40
1366,402.81,388.41994455768634,291.82483486547636,516.8792068267655,225.05437196128918,True,0.33400000000000013,0.5,40
1367,497.81,382.10384943514117,292.1059709768837,499.735481310268,207.6295103333843,True,0.33600000000000013,0.5,40
1368,384.75,508.550778537585,396.37509538346035,652.3927237128657,256.0176283294054,False,0.3280000000000001,0.492,40
1369,546.63,331.21296325620426,261.13769138535287,420.02092366880004,158.88323228344717,False,0.3200000000000001,0.484,41
1370,618.19,521.9577800962606,417.1443580571421,653.0440747160229,235.89971665888083,True,0.3220000000000001,0.488,41
1371,641.94,573.2080671827227,465.10852541183044,706.3779741024871,241.26944869065665,True,0.3240000000000001,0.492,41
1372,635.54,600.0209648335828,494.27527470122084,728.3443033016408,234.06902860041998,True,0.3260000000000001,0.496,41
1373,626.6,596.0853929170964,497.34742666392975,714.3863898155204,217.03896315159062,True,0.3280000000000001,0.5,40
1374,628.96,595.38824613692,502.2954540747655,705.7000849116247,203.4046308368592,True,0.3300000000000001,0.5,40
1375,675.33,600.856612378376,511.143195475069,706.2853550803605,195.14215960529157,True,0.33200000000000013,0.5,40
1376,706.65,650.0325970701189,557.0178895918635,758.5517103544198,201.53382076255627,True,0.33400000000000013,0.5,40
1377,740.28,680.5305537651217,587.1402470309217,788.7502305958886,201.6099835649669,True,0.33600000000000013,0.5,40
1378,720.75,714.0303890728621,619.9118948586224,822.4154660768758,202.50357121825334,True,0.33800000000000013,0.5,40
1379,705.91,695.0613195416328,606.8579728728308,796.0634295906502,189.2054567178194,True,0.34000000000000014,0.5,40
1380,720.99,682.8331735315626,599.1039755529755,778.2446447156846,179.14066916270906,True,0.34200000000000014,0.5,40
1381,808.92,700.3279826151853,617.2167804065498,794.6124045607912,177.39562415424143,False,0.33400000000000013,0.492,40
1382,760.39,789.1785520217385,697.2826421198049,893.168215580598,195.88557346079313,True,0.33600000000000013,0.496,41
1383,758.6,737.504290675021,652.899272632584,833.0559627015542,180.1566900689702,True,0.33800000000000013,0.5,40
1384,789.48,739.7795175822781,656.4962402086805,833.612063325663,177.11582311698248,True,0.34000000000000014,0.5,40
1385,799.42,771.411613857195,685.8026691918122,867.6915878232425,181.88891863143022,True,0.34200000000000014,0.5,40
1386,795.08,780.9924588186545,695.5939885724445,876.8602969319898,181.2663083595453,True,0.34400000000000014,0.5,40
1387,767.95,777.0215564112832,692.8422095725292,871.4138339948602,178.57162442233096,True,0.34600000000000014,0.5,40
1388,773.67,751.0915919570878,671.1639067894226,840.5235584343156,169.359651644893,True,0.34800000000000014,0.5,40
1389,785.2,758.0208372894992,679.1818432844019,845.9979566901857,166.81611340578377,True,0.35000000000000014,0.5,40
1390,771.16,769.6727880192481,691.2044069053434,857.0363549672976,165.83194806195422,True,0.35200000000000015,0.5,40
1391,784.97,760.3723892000116,683.4578107570837,845.930089664602,162.47227890751822,True,0.35400000000000015,0.5,40
1392,787.77,774.4733969906255,696.6280372310437,861.0051909424898,164.3771537114461,True,0.35600000000000015,0.5,40
1393,807.44,777.2514590050124,699.5533612739617,863.5670221922926,164.01366091833086,True,0.35800000000000015,0.5,40
1394,810.6,797.5252353008746,718.2911844123679,885.4873714992706,167.19618708690268,True,0.36000000000000015,0.5,40
1395,840.63,800.6490629770826,721.5803488631277,888.3699104648149,166.78956160168718,True,0.36200000000000015,0.5,40
1396,856.76,832.166228023647,750.6852661787458,922.4795395791139,171.79427340036807,True,0.36400000000000016,0.5,40
1397,873.99,844.592058256592,759.9568836427686,938.6405293867987,178.68364574403006,True,0.36600000000000016,0.5,40
1398,875.73,862.4483030918211,773.9130242424789,961.0989050235098,187.18588078103096,True,0.36800000000000016,0.5,40
1399,881.39,867.2378378460439,776.2859907337123,968.8321493688513,192.54615863513902,True,0.37000000000000016,0.5,40
1400,866.41,872.7317980624213,779.5518643117949,977.0352720295921,197.48340771779715,True,0.37200000000000016,0.5,40
1401,764.35,862.0101416345416,768.5545627660634,966.8150719905209,198.26050922445745,False,0.36400000000000016,0.492,40
1402,693.29,777.9808967793487,692.9531191064351,873.4268464828219,180.47372737638682,True,0.36600000000000016,0.496,41
1403,646.71,701.5819044003276,625.4968160686838,786.9071684486817,161.4103523799979,True,0.36800000000000016,0.5,40
1404,680.67,650.8231133959684,581.36632996819,728.5637630362678,147.19743306807777,True,0.37000000000000016,0.5,40
1405,609.01,672.6615407516174,601.7079985902598,751.9680584119217,150.2600598216619,True,0.37200000000000016,0.5,40
1406,513.01,619.8603635913728,555.1168655257483,692.1413430779407,137.02447755219248,False,0.36400000000000016,0.492,40
1407,409.0,490.5502401655028,438.82743497047454,548.3555412771909,109.52810630671638,False,0.35600000000000015,0.484,41
1408,364.76,382.37381379368196,342.27541878110134,427.1561482747343,84.88072949363294,True,0.35800000000000015,0.488,41
1409,489.44,363.3257489069652,325.1007565721935,406.03141173864776,80.93065516645424,False,0.35000000000000014,0.48,41
1410,522.18,593.8399861771353,528.0921302978567,667.7580269924267,139.66589669457005,False,0.34200000000000014,0.472,42
1411,395.9,520.4452356097836,462.5963809633082,585.5126323358054,122.91625137249719,False,0.33400000000000013,0.46399999999999997,42
1412,457.79,364.5325656228976,323.45745876778335,410.80762815037195,87.3501693825886,False,0.3260000000000001,0.45599999999999996,43
1413,468.85,576.9256720190036,508.64830456876405,654.3501294608004,145.70182489203637,False,0.3180000000000001,0.44799999999999995,44
1414,363.02,477.9584819342093,421.86404549447116,541.4940471079178,119.63000161344667,False,0.3100000000000001,0.43999999999999995,44
1415,325.79,356.0220938542887,310.8610376292716,407.7229891527063,96.8619515234347,True,0.3120000000000001,0.44399999999999995,45
1416,318.12,333.0463654218384,288.7921026102831,384.05871363100704,95.26661102072393,True,0.3140000000000001,0.44799999999999995,44
1417,331.28,330.32899788992694,284.5697699545265,383.42060887685756,98.85083892233104,True,0.3160000000000001,0.45199999999999996,44
1418,365.43,356.0865942295234,305.0702072851622,415.60649335804146,110.53628607287925,True,0.3180000000000001,0.45599999999999996,44
1419,446.7,395.9002709861501,337.8654363834722,463.87427809135727,126.0088417078851,True,0.3200000000000001,0.45999999999999996,44
1420,470.97,510.89476398464524,434.3053258950241,600.9596678633031,166.65434196827903,True,0.3220000000000001,0.46399999999999997,43
1421,315.94,458.3174493009031,388.28601901287084,540.9473315976251,152.66131258475423,False,0.3140000000000001,0.45599999999999996,43
1422,282.89,252.91984354091122,212.46473375700955,301.04186803631046,88.5771342793009,True,0.3160000000000001,0.45999999999999996,44
1423,247.62,337.05129143411983,283.0034018381864,401.38488307047663,118.38148123229024,False,0.3080000000000001,0.45199999999999996,43
1424,197.79,231.41344022607737,194.64451896149097,275.09261677477656,80.44809781328559,True,0.3100000000000001,0.45599999999999996,44
1425,170.94,199.32164633287366,167.66276606143407,236.92306343948096,69.26029737804689,True,0.3120000000000001,0.45999999999999996,44
1426,189.63,167.20126064624574,140.37367549146546,199.11974637169436,58.7460708802289,True,0.3140000000000001,0.46399999999999997,43
1427,306.72,217.91232918705114,183.94503233079274,258.1181134532203,74.17308112242756,False,0.3060000000000001,0.45599999999999996,43
1428,324.23,402.243218718429,339.4717061323076,476.58768353929025,137.11597740698267,False,0.2980000000000001,0.44799999999999995,44
1429,338.95,291.3071992239022,245.9779958663154,344.955915701782,98.97791983546657,True,0.3000000000000001,0.45199999999999996,44
1430,407.32,393.90890239510475,333.67384810479433,464.9851436676157,131.31129556282139,True,0.3020000000000001,0.45599999999999996,44
1431,588.84,425.3190002957999,359.95429240413233,502.5205117043499,142.56621930021754,False,0.2940000000000001,0.44799999999999995,44
1432,493.57,695.9766175378887,592.6541145716524,817.2818807632883,224.62776619163594,False,0.2860000000000001,0.43999999999999995,44
1433,276.97,421.568474687314,361.71848981978786,491.29394368144966,129.5754538616618,False,0.2780000000000001,0.43199999999999994,45
1434,232.48,252.04746917000838,215.78262077922489,294.3789442307678,78.5963234515429,True,0.2800000000000001,0.43599999999999994,45
1435,297.12,255.96352236570573,219.20067529390568,298.8639842428223,79.66330894891664,True,0.2820000000000001,0.43999999999999995,45
1436,482.45,362.65055337527093,309.1905409646894,425.3241701660869,116.13362920139753,False,0.2740000000000001,0.43199999999999994,45
1437,400.48,547.5641637312357,457.56076483836364,655.2328589891921,197.67209415082846,False,0.26600000000000007,0.42399999999999993,45
1438,402.73,305.38665162284354,239.9778522408167,388.5494105360674,148.5715582952507,False,0.25800000000000006,0.4159999999999999,46
1439,387.0,487.6001584965861,367.5926612182785,646.68005443688,279.0873932186015,True,0.26000000000000006,0.41999999999999993,47
1440,413.26,334.40574201408515,251.6705594038618,444.2319733705376,192.56141396667581,True,0.26200000000000007,0.42399999999999993,46
1441,338.75,421.8410735294792,317.5480250802836,560.2798051989206,242.731780118637,True,0.26400000000000007,0.42799999999999994,46
1442,317.68,309.63015560804644,232.66270081792644,411.9503478103957,179.2876469924693,True,0.26600000000000007,0.43199999999999994,46
1443,374.87,338.1328330256907,253.78099123015414,450.411535376816,196.63054414666186,True,0.26800000000000007,0.43599999999999994,45
1444,512.89,383.7345787712037,288.149996646612,510.9166447135075,222.76664806689547,False,0.26000000000000006,0.42799999999999994,45
1445,725.62,495.54604529094945,372.8290762609006,658.5473459694326,285.71826970853203,False,0.25200000000000006,0.41999999999999993,46
1446,521.35,651.9246028166133,493.867125877098,860.4646531786555,366.5975273015575,True,0.25400000000000006,0.42399999999999993,46
1447,352.63,391.52795196517303,296.9103165166304,516.1965673279126,219.28625081128217,True,0.25600000000000006,0.42799999999999994,46
1448,302.23,334.4093092784115,253.33160244913685,441.3335663648782,188.00196391574136,True,0.25800000000000006,0.43199999999999994,46
1449,407.7,307.8707562565612,232.90821331966774,406.8571791753257,173.94896585565797,False,0.25000000000000006,0.42399999999999993,45
1450,490.71,440.1214959756108,332.6282304202917,582.248527759855,249.62029733956336,True,0.25200000000000006,0.42799999999999994,46
1451,435.08,440.554282202414,333.0152850897498,582.7163532168914,249.70106812714164,True,0.25400000000000006,0.43199999999999994,46
1452,347.83,390.32187116035504,294.90810022296245,516.50123343382,221.5931332108575,True,0.25600000000000006,0.43599999999999994,45
1453,213.26,330.6734667194771,249.36273445096685,438.39162418463224,189.02888973366538,False,0.24800000000000005,0.42799999999999994,45
1454,219.77,213.63920508399093,160.8738340280454,283.6042946700433,122.73046064199792,True,0.25000000000000006,0.43199999999999994,46
1455,297.82,284.1803072354691,213.8186524700717,377.5882031181956,163.76955064812392,True,0.25200000000000006,0.43599999999999994,45
1456,509.14,330.44615487425534,248.19795329405082,439.84051304907524,191.64255975502442,False,0.24400000000000005,0.42799999999999994,45
1457,687.18,534.4376745180407,401.55433002308126,711.1858638977976,309.63153387471635,True,0.24600000000000005,0.43199999999999994,46
1458,674.15,569.9374578825783,429.8930070040346,755.4977280087738,325.60472100473925,True,0.24800000000000005,0.43599999999999994,45
1459,555.42,556.0143527473372,422.07638572573495,732.3545421929279,310.2781564671929,True,0.25000000000000006,0.43999999999999995,45
1460,550.2,456.0953607843571,347.3819955824967,598.7329698431721,251.3509742606754,True,0.25200000000000006,0.44399999999999995,45
