step,true_value,prediction,lower_bound,upper_bound,width,covered,k_adap,t_adap,n_cal
80,7.72,7.981836783754947,6.148122924216874,10.28595476956655,4.137831845349676,True,0.101,0.404,48
81,7.93,7.451592752239625,5.7294024597367175,9.614526397712874,3.8851239379761564,True,0.10200000000000001,0.40800000000000003,48
82,6.8,7.833299541123292,6.028476327540417,10.101578371611904,4.0731020440714865,True,0.10300000000000001,0.41200000000000003,47
83,6.26,6.4367977890456896,4.877560375343998,8.409679837090227,3.5321194617462295,True,0.10400000000000001,0.41600000000000004,47
84,7.77,6.083264678265908,4.566275105389725,8.013682858360374,3.4474077529706495,True,0.10500000000000001,0.42000000000000004,47
85,6.56,7.9635118771876705,6.060772112085287,10.379002734696105,4.318230622610818,True,0.10600000000000001,0.42400000000000004,46
86,5.81,6.277249024342979,4.755431185033674,8.201457138435233,3.4460259534015583,True,0.10700000000000001,0.42800000000000005,46
87,5.28,5.63175903720448,4.262555102495636,7.357200460796461,3.0946453583008253,True,0.10800000000000001,0.43200000000000005,46
88,4.96,5.14282185145532,3.854008373276237,6.773835023949091,2.919826650672854,True,0.10900000000000001,0.43600000000000005,45
89,4.77,4.870151992580146,3.6534154443659803,6.405030740960976,2.751615296594996,True,0.11000000000000001,0.44000000000000006,45
90,4.68,4.705867518023839,3.5366549257926367,6.1764162506918545,2.6397613248992178,True,0.11100000000000002,0.44400000000000006,45
91,4.66,4.63523196498898,3.4896528398785325,6.073116882705951,2.5834640428274183,True,0.11200000000000002,0.44800000000000006,44
92,5.41,4.62309678397057,3.498237071855222,6.029246555219765,2.531009483364543,True,0.11300000000000002,0.45200000000000007,44
93,5.14,5.455836794126495,4.1851985753969405,7.0378462090445435,2.852647633647603,True,0.11400000000000002,0.45600000000000007,44
94,5.87,5.022625081769224,3.853385460545579,6.473548756928602,2.620163296383023,True,0.11500000000000002,0.4600000000000001,44
95,6.74,5.862166304054067,4.5472009641165085,7.4888444981720355,2.941643534055527,True,0.11600000000000002,0.4640000000000001,43
96,9.71,6.706063701355812,5.244833978727286,8.509206805439545,3.2643728267122594,False,0.10700000000000001,0.45600000000000007,43
97,8.91,10.042545522028583,7.918541709814708,12.672393489160111,4.753851779345403,True,0.10800000000000001,0.4600000000000001,44
98,9.37,8.469008145971426,6.668338968678869,10.692508069178446,4.024169100499577,True,0.10900000000000001,0.4640000000000001,43
99,9.16,9.18464814295548,7.266367314705606,11.548082349459518,4.281715034753912,True,0.11000000000000001,0.4680000000000001,43
100,16.07,8.882361771878614,7.03709949498581,11.151283463793954,4.114183968808144,False,0.101,0.4600000000000001,43
101,16.21,16.31842478121506,13.103553129199389,20.26611883934739,7.162565710148,True,0.10200000000000001,0.4640000000000001,43
102,13.27,15.670191085833203,12.628436629680891,19.390840005299985,6.762403375619094,True,0.10300000000000001,0.4680000000000001,43
103,11.73,12.514491542194847,10.109943744005173,15.439460527656387,5.329516783651213,True,0.10400000000000001,0.4720000000000001,43
104,10.09,11.180255187217274,9.056932445735757,13.75187560682471,4.694943161088952,True,0.10500000000000001,0.4760000000000001,42
105,8.49,9.579666300318273,7.773220283108408,11.758067780606648,3.98484749749824,True,0.10600000000000001,0.4800000000000001,42
106,7.44,8.06509033149042,6.5502437998434555,9.883868772526911,3.333624972683456,True,0.10700000000000001,0.4840000000000001,42
107,6.57,7.164371615678531,5.821648992664736,8.77138576766013,2.9497367749953938,True,0.10800000000000001,0.4880000000000001,41
108,6.03,6.370291059756416,5.175395873989763,7.7963899665641705,2.6209940925744073,True,0.10900000000000001,0.4920000000000001,41
109,5.76,5.982834667666676,4.876220144402569,7.297847731660328,2.421627587257759,True,0.11000000000000001,0.4960000000000001,41
110,5.08,5.773558088256468,4.7203068847161775,7.0207391141150435,2.300432229398866,True,0.11100000000000002,0.5,40
111,4.67,5.057236617859368,4.127280501397398,6.155862729713501,2.028582228316103,True,0.11200000000000002,0.5,40
112,4.41,4.739758277646654,3.863239340664281,5.774255342595019,1.9110160019307383,True,0.11300000000000002,0.5,40
113,4.05,4.513356605680668,3.685854795436806,5.4869916778053085,1.8011368823685023,True,0.11400000000000002,0.5,40
114,3.74,4.162169306460766,3.3944898209275545,5.063955779727115,1.6694659587995604,True,0.11500000000000002,0.5,40
115,3.49,3.8877847205568514,3.1739115973893464,4.7237531071457655,1.549841509756419,True,0.11600000000000002,0.5,40
116,3.28,3.651017840159845,2.9847691988703935,4.428662456941648,1.4438932580712547,True,0.11700000000000002,0.5,40
117,3.14,3.435009028921656,2.81284470186828,4.158695573669372,1.3458508718010922,True,0.11800000000000002,0.5,40
118,2.99,3.2872600246020207,2.6973795249354366,3.971250150164523,1.2738706252290863,True,0.11900000000000002,0.5,40
119,2.83,3.118973640401368,2.5620054594358357,3.763031400015998,1.2010259405801622,True,0.12000000000000002,0.5,40
120,2.72,2.9444155475726324,2.418541175016576,3.551185203102685,1.132644028086109,True,0.12100000000000002,0.5,40
121,2.61,2.831750968983616,2.3269625197807056,3.4131292135129474,1.0861666937322418,True,0.12200000000000003,0.5,40
122,2.52,2.7068520792780806,2.224085010307127,3.2619075780322815,1.0378225677251547,True,0.12300000000000003,0.5,40
123,2.45,2.60911363601698,2.1421841691601524,3.145428955287887,1.0032447861277345,True,0.12400000000000003,0.5,40
124,2.37,2.5302060710259933,2.0794991986976115,3.046877138068224,0.9673779393706123,True,0.12500000000000003,0.5,40
125,2.28,2.439280478880207,2.0023912097823247,2.9397431533461136,0.9373519435637889,True,0.12600000000000003,0.5,40
126,2.2,2.3401413631351216,1.9139385742714854,2.8286820539844073,0.9147434797129219,True,0.12700000000000003,0.5,40
127,2.12,2.255529167948611,1.838286032453945,2.7341092624836256,0.8958232300296807,True,0.12800000000000003,0.5,40
128,2.04,2.16982559058087,1.7619818835559538,2.6378928965910458,0.875911013035092,True,0.12900000000000003,0.5,40
129,1.97,2.0856174487561856,1.6892921306979027,2.5403498680516394,0.8510577373537367,True,0.13000000000000003,0.5,40
130,1.92,2.0142616213353746,1.6253439743520137,2.4607934086419703,0.8354494342899565,True,0.13100000000000003,0.5,40
131,1.86,1.964341989987627,1.5804540776025715,2.4053399786784286,0.8248859010758571,True,0.13200000000000003,0.5,40
132,1.82,1.900489953226213,1.5247830266362774,2.332104929418222,0.8073219027819447,True,0.13300000000000003,0.5,40
133,1.85,1.861783125620112,1.4922091804864444,2.2861618206885357,0.7939526402020913,True,0.13400000000000004,0.5,40
134,1.91,1.9050850428938353,1.530396612613396,2.3352554553608624,0.8048588427474663,True,0.13500000000000004,0.5,40
135,1.87,1.966175705040492,1.5836677392988214,2.4053133765412857,0.8216456372424643,True,0.13600000000000004,0.5,40
136,2.05,1.8889238436033455,1.5149973142267985,2.3184452829945688,0.8034479687677702,True,0.13700000000000004,0.5,40
137,1.83,2.1480773552863623,1.7322971296738938,2.6271278578145005,0.8948307281406067,True,0.13800000000000004,0.5,40
138,1.88,1.7581995385944902,1.3764777994909667,2.201235330846513,0.8247575313555462,True,0.13900000000000004,0.5,40
139,1.83,2.3888317320699284,1.8260861561373902,3.0636342538050236,1.2375480976676334,True,0.14000000000000004,0.5,40
140,1.78,1.7567229389420635,1.2886238811022395,2.320563691063694,1.0319398099614547,True,0.14100000000000004,0.5,40
141,1.69,1.8134046788370544,1.313802510214559,2.4208822282625357,1.1070797180479768,True,0.14200000000000004,0.5,40
142,1.63,1.644609198097347,1.1579709295574894,2.2409879646039834,1.083017035046494,True,0.14300000000000004,0.5,40
143,1.6,1.6302064194253951,1.133325042999234,2.242818449766374,1.10949340676714,True,0.14400000000000004,0.5,40
144,1.63,1.5954329410643155,1.0972186738198473,2.2120027518601115,1.1147840780402642,True,0.14500000000000005,0.5,40
145,1.67,1.6508180395171133,1.1422554269261322,2.280111321137826,1.1378558942116936,True,0.14600000000000005,0.5,40
146,1.55,1.6847690730867697,1.1743655372580784,2.3149830846255117,1.1406175473674334,True,0.14700000000000005,0.5,40
147,1.48,1.5142234866195676,1.045241130590664,2.090745460826843,1.045504330236179,True,0.14800000000000005,0.5,40
148,1.45,1.4749935980303674,1.016193341556578,2.038197371271008,1.02200402971443,True,0.14900000000000005,0.5,40
149,1.4,1.4475311209138226,1.0020669355889478,1.9921120424874679,0.9900451068985201,True,0.15000000000000005,0.5,40
150,1.36,1.3915453191446958,0.9670719492424216,1.9076155631855007,0.9405436139430792,True,0.15100000000000005,0.5,40
151,1.32,1.3561491188476977,0.9485399954273532,1.8490247484138718,0.9004847529865185,True,0.15200000000000005,0.5,40
152,1.29,1.3154256707141685,0.925915856647213,1.7837124961083983,0.8577966394611853,True,0.15300000000000005,0.5,40
153,1.24,1.2884759077721193,0.9149187874518285,1.7349055295563915,0.819986742104563,True,0.15400000000000005,0.5,40
154,1.21,1.234719858638416,0.8740604255942386,1.6647875267999335,0.7907271012056949,True,0.15500000000000005,0.5,40
155,1.21,1.2094387836764557,0.8597736140876298,1.624846218827837,0.7650726047402072,True,0.15600000000000006,0.5,40
156,1.26,1.213558981924813,0.8725036212215285,1.6167337199933427,0.7442300987718142,True,0.15700000000000006,0.5,40
157,1.5,1.2699380831040679,0.929881669188259,1.6699144218999957,0.7400327527117367,True,0.15800000000000006,0.5,40
158,1.67,1.5441398673716331,1.1663005451688373,1.9878807348244862,0.8215801896556489,True,0.15900000000000006,0.5,40
159,1.34,1.7026565457316467,1.308815807842707,2.1636791377529154,0.8548633299102084,True,0.16000000000000006,0.5,40
160,1.23,1.317791191074635,0.9862267279596428,1.704704316884174,0.7184775889245312,True,0.16100000000000006,0.5,40
161,1.18,1.2325485283689068,0.9167088184500065,1.600433035808134,0.6837242173581275,True,0.16200000000000006,0.5,40
162,1.14,1.1842627687925362,0.8780680125610625,1.5403786291142714,0.6623106165532089,True,0.16300000000000006,0.5,40
163,1.09,1.1459059851175404,0.8545772990395608,1.4829984165923147,0.6284211175527539,True,0.16400000000000006,0.5,40
164,1.08,1.0939187843830056,0.8155972957061446,1.414905489208019,0.5993081935018745,True,0.16500000000000006,0.5,40
165,1.07,1.0921480120745137,0.8194878275007498,1.4056678139142629,0.5861799864135131,True,0.16600000000000006,0.5,40
166,1.05,1.0812392471827943,0.8145416290687955,1.3871355358415869,0.5725939067727914,True,0.16700000000000007,0.5,40
167,1.02,1.060060223948775,0.7999235241511464,1.357793578089547,0.5578700539384005,True,0.16800000000000007,0.5,40
168,1.0,1.028854012735791,0.7759149482684842,1.317818547001623,0.5419035987331389,True,0.16900000000000007,0.5,40
169,0.99,1.0125787478699442,0.7637472310054163,1.296515705410235,0.5327684744048187,True,0.17000000000000007,0.5,40
170,0.98,1.0020698708122278,0.7577194014450304,1.2803888745375738,0.5226694730925434,True,0.17100000000000007,0.5,40
171,0.96,0.9918760023616329,0.7584601375561262,1.2562752058162725,0.4978150682601463,True,0.17200000000000007,0.5,40
172,0.94,0.970227315505706,0.7432193553481272,1.2267970252026092,0.48357766985448203,True,0.17300000000000007,0.5,40
173,0.94,0.9497102644351423,0.7366292294756176,1.188935928708048,0.4523066992324305,True,0.17400000000000007,0.5,40
174,0.93,0.9517244005277801,0.7481220848639829,1.1790401074372956,0.4309180225733127,True,0.17500000000000007,0.5,40
175,0.91,0.940319609823036,0.753979897781091,1.1464557222272664,0.39247582444617546,True,0.17600000000000007,0.5,40
176,0.91,0.9130359400833041,0.7358511113804229,1.1083066883196313,0.3724555769392084,True,0.17700000000000007,0.5,40
177,0.96,0.9246934412109387,0.7575703362058794,1.10770787736285,0.3501375411569705,True,0.17800000000000007,0.5,40
178,0.93,0.9943710054775992,0.8246062687964151,1.1799309667578104,0.3553246979613953,True,0.17900000000000008,0.5,40
179,0.86,0.9146026486582166,0.7546298677173786,1.0891604375900776,0.334530569872699,True,0.18000000000000008,0.5,40
180,0.83,0.8496034599488669,0.6972437611656228,1.0156403206957987,0.31839655953017587,True,0.18100000000000008,0.5,40
181,0.81,0.8374948948618288,0.6875331660162145,1.0007828922343336,0.3132497262181191,True,0.18200000000000008,0.5,40
182,0.84,0.8142374673999433,0.6669618053655955,0.97452489764508,0.30756309227948453,True,0.18300000000000008,0.5,40
183,0.94,0.8718388944921529,0.7210823055408118,1.035800865335502,0.3147185597946902,True,0.18400000000000008,0.5,40
184,0.85,0.994610651110077,0.835351569205457,1.1676891317580576,0.3323375625526006,True,0.18500000000000008,0.5,40
185,0.81,0.8017561655856116,0.6583312041692475,0.9575855969326916,0.2992543927634441,True,0.18600000000000008,0.5,40
186,0.79,0.8327129866013141,0.6991514587860632,0.9767730968825972,0.27762163809653395,True,0.18700000000000008,0.5,40
187,0.78,0.7933054414881353,0.664954955600328,0.9315503975970281,0.26659544199670004,True,0.18800000000000008,0.5,40
188,0.77,0.7959959568002932,0.6705555896502347,0.9308555170668387,0.260299927416604,True,0.18900000000000008,0.5,40
189,0.75,0.7806641243508854,0.6629119605756351,0.9067544157014247,0.24384245512578961,True,0.19000000000000009,0.5,40
190,0.92,0.7589420922460348,0.6469650006423227,0.878532502310756,0.23156750166843332,False,0.18100000000000008,0.492,40
191,1.02,1.0116909117861272,0.8856029638059177,1.146210205564485,0.2606072417585672,True,0.18200000000000008,0.496,41
192,0.81,1.0273291765280335,0.9042030204182057,1.1584166950324297,0.25421367461422406,False,0.17300000000000007,0.488,40
193,0.75,0.7352292461382677,0.6221902647410906,0.8561451157112903,0.23395485097019963,True,0.17400000000000007,0.492,41
194,0.71,0.8044129834912426,0.6812925369029112,0.9365494960141991,0.2552569591112879,True,0.17500000000000007,0.496,41
195,0.78,0.7108815630840941,0.5967061988060856,0.8332212432630266,0.23651504445694105,True,0.17600000000000007,0.5,40
196,0.91,0.8432343093484682,0.7220616833770985,0.9729332299505875,0.250871546573489,True,0.17700000000000007,0.5,40
197,0.78,0.9543120236689155,0.8301282592416945,1.0869223053467394,0.25679404610504486,False,0.16800000000000007,0.492,40
198,1.07,0.7133689027636811,0.5890245466813091,0.8474434539659654,0.25841890728465633,False,0.15900000000000006,0.484,41
199,0.8,1.0218032743056025,0.874963001748327,1.1801435421292328,0.3051805403809058,False,0.15000000000000005,0.476,41
200,0.73,0.8752437370761514,0.730180940821864,1.0324689692702993,0.3022880284484353,False,0.14100000000000004,0.46799999999999997,42
201,0.69,0.8282525486461869,0.6745889565281973,0.9960166156601522,0.3214276591319549,True,0.14200000000000004,0.472,43
202,0.66,0.7515491685335431,0.5896175013256055,0.9299765429307107,0.3403590416051052,True,0.14300000000000004,0.476,42
203,0.65,0.7216788403535945,0.5513719790832075,0.9106816864598757,0.35930970737666823,True,0.14400000000000004,0.48,42
204,0.64,0.7066450563816835,0.5296349085222791,0.9041389106932882,0.3745040021710091,True,0.14500000000000005,0.484,42
205,0.61,0.6878704748778155,0.5118343006840116,0.8844040902335055,0.37256978954949393,True,0.14600000000000005,0.488,41
206,0.61,0.6590620317824936,0.48810724902469316,0.8496562173904052,0.36154896836571204,True,0.14700000000000005,0.492,41
207,0.6,0.6509277337863328,0.4837082966419622,0.8369934227324669,0.3532851260905047,True,0.14800000000000005,0.496,41
208,0.6,0.6360866513993144,0.4746725001007085,0.8151688125358136,0.34049631243510514,True,0.14900000000000005,0.5,40
209,0.58,0.6317170942534471,0.47565379402936403,0.8042854539809028,0.32863165995153876,True,0.15000000000000005,0.5,40
210,0.57,0.6136394394870119,0.4636589889151174,0.7789883165326315,0.31532932761751403,True,0.15100000000000005,0.5,40
211,0.56,0.6007180944453205,0.4525050304752779,0.7640547634084556,0.31154973293317767,True,0.15200000000000005,0.5,40
212,0.55,0.5889024699899448,0.44740693703942985,0.7442303159773873,0.29682337893795746,True,0.15300000000000005,0.5,40
213,0.65,0.5770925160777791,0.4426789424624092,0.7240293256261678,0.28135038316375865,True,0.15400000000000005,0.5,40
214,0.61,0.6481841463199522,0.5101503680143318,0.7988347635555784,0.2886843955412466,True,0.15500000000000005,0.5,40
215,0.55,0.6348419503671185,0.5028176296399671,0.7784647650962611,0.27564713545629393,True,0.15600000000000006,0.5,40
216,0.53,0.5899110256343003,0.466799004597052,0.7233561391241439,0.2565571345270919,True,0.15700000000000006,0.5,40
217,0.53,0.5616914123625518,0.4454933359851528,0.6872302394841292,0.24173690349897642,True,0.15800000000000006,0.5,40
218,0.52,0.5543334897979375,0.44333789947781266,0.6738648644794167,0.23052696500160408,True,0.15900000000000006,0.5,40
219,0.53,0.5454517230191875,0.4384270925952302,0.6604394066811914,0.22201231408596117,True,0.16000000000000006,0.5,40
220,0.54,0.5482242186211639,0.44351039910461154,0.6605340928696717,0.21702369376506014,True,0.16100000000000006,0.5,40
221,0.77,0.555774374530895,0.4512813670297737,0.667790932505882,0.21650956547610828,False,0.15200000000000005,0.492,40
222,0.61,0.7229483576073754,0.6085699337674955,0.8454597345539039,0.23688980078640842,True,0.15300000000000005,0.496,41
223,0.57,0.6478455514016279,0.5444519024774643,0.7581609093286457,0.21370900685118133,True,0.15400000000000005,0.5,40
224,0.53,0.6095925927045887,0.5091900927202859,0.7166746104326951,0.20748451771240917,True,0.15500000000000005,0.5,40
225,0.51,0.5709491273509384,0.4726765126878806,0.6757795343801467,0.20310302169226613,True,0.15600000000000006,0.5,40
226,0.5,0.5445788247307686,0.44752327713293105,0.6481418872462061,0.2006186101132751,True,0.15700000000000006,0.5,40
227,0.5,0.5298093350869615,0.4334480887582039,0.6326483114896946,0.19920022273149068,True,0.15800000000000006,0.5,40
228,0.51,0.5251274852192431,0.4289372336673111,0.6277928738700089,0.1988556402026978,True,0.15900000000000006,0.5,40
229,0.5,0.5294805981252497,0.43372244953422817,0.6316344218516916,0.19791197231746344,True,0.16000000000000006,0.5,40
230,0.5,0.5182474025663677,0.4255887384649755,0.6169285805957945,0.19133984213081895,True,0.16100000000000006,0.5,40
231,0.48,0.5160039253323134,0.4251881070383458,0.6126067080358717,0.18741860099752589,True,0.16200000000000006,0.5,40
232,0.48,0.5036279801986139,0.4120420063137782,0.601154280628218,0.18911227431443978,True,0.16300000000000006,0.5,40
233,0.54,0.49940714526445756,0.40523807976434584,0.5998867520350217,0.1946486722706759,True,0.16400000000000006,0.5,40
234,0.51,0.5366109876408522,0.4345731252114048,0.6459065667988468,0.21133344158744205,True,0.16500000000000006,0.5,40
235,0.48,0.5255197652114125,0.4250313538850202,0.6330942808423679,0.20806292695734763,True,0.16600000000000006,0.5,40
236,0.47,0.502902474204385,0.40578617089387886,0.6067278891593035,0.20094171826542467,True,0.16700000000000007,0.5,40
237,0.46,0.4907858008228298,0.3973422851423232,0.5904781008674651,0.19313581572514188,True,0.16800000000000007,0.5,40
238,0.45,0.4702530323362166,0.37910410525765,0.56742625219725,0.18832214693959998,True,0.16900000000000007,0.5,40
239,0.45,0.4649900639492328,0.3735493639459772,0.5625182056102564,0.18896884166427924,True,0.17000000000000007,0.5,40
240,0.45,0.46610338002327667,0.371873782364572,0.5668053056680276,0.19493152330345553,True,0.17100000000000007,0.5,40
241,0.5,0.4671157400760972,0.3713086422241901,0.5696164441054707,0.19830780188128067,True,0.17200000000000007,0.5,40
242,0.48,0.5055284246744858,0.40485496304906626,0.6134162579910922,0.20856129494202597,True,0.17300000000000007,0.5,40
243,0.46,0.49639184398194164,0.39387610955048075,0.6064473272720088,0.21257121772152804,True,0.17400000000000007,0.5,40
244,0.44,0.4814510690349828,0.3776339196328051,0.5930917776254148,0.21545785799260964,True,0.17500000000000007,0.5,40
245,0.44,0.46483166288853933,0.35973509704715223,0.5780513463692663,0.21831624932211402,True,0.17600000000000007,0.5,40
246,0.44,0.4612855106863803,0.35454779212383275,0.5764341104523694,0.2218863183285366,True,0.17700000000000007,0.5,40
247,0.44,0.46002488375542244,0.35172155259087856,0.577005750259145,0.22528419766826646,True,0.17800000000000007,0.5,40
248,0.44,0.4588333044513221,0.34936053031398995,0.5771875361443561,0.2278270058303662,True,0.17900000000000008,0.5,40
249,0.45,0.45789742655947435,0.34731370168970266,0.5775575530057586,0.23024385131605596,True,0.18000000000000008,0.5,40
250,0.54,0.46434557462402015,0.3517569219881496,0.5863118043199116,0.23455488233176197,True,0.18100000000000008,0.5,40
251,0.81,0.5252642071910485,0.40667034938638674,0.6538565007451573,0.2471861513587706,False,0.17200000000000007,0.492,40
252,0.96,0.7617982831033487,0.6256042716774286,0.9094027029979568,0.2837984313205282,False,0.16300000000000006,0.484,41
253,0.64,0.9054287412826632,0.7628250422904532,1.059568363851179,0.2967433215607258,False,0.15400000000000005,0.476,41
254,0.55,0.5176700875136304,0.39697840710190274,0.6487889024082925,0.2518104953063897,True,0.15500000000000005,0.48,42
255,1.04,0.5461834958016256,0.41808271758705645,0.6858561020736584,0.267773384486602,False,0.14600000000000005,0.472,42
256,0.7,1.0038311326971248,0.8336804229529315,1.189770451876233,0.35609002892330155,False,0.13700000000000004,0.46399999999999997,42
257,1.48,0.7047764188911358,0.5612863716959482,0.8614539210064047,0.3001675493104565,False,0.12800000000000003,0.45599999999999996,43
258,1.45,1.0581066179318968,0.8916901340269423,1.239163156049289,0.34747302202234676,False,0.11900000000000002,0.44799999999999995,44
259,1.3,1.3131563784116675,1.1260469620589135,1.5167329445088296,0.39068598244991604,True,0.12000000000000002,0.45199999999999996,44
260,2.38,1.2670480629603769,1.0839103084296138,1.4662802899830223,0.3823699815534085,False,0.11100000000000002,0.44399999999999995,44
261,1.62,1.9395171382924628,1.7011546947069287,2.1989137916636863,0.4977590969567576,False,0.10200000000000001,0.43599999999999994,44
262,1.26,1.675388482762255,1.458300663194596,1.911646911568329,0.45334624837373294,False,0.093,0.42799999999999994,45
263,1.07,1.3499908993778793,1.1588432869589331,1.5580630426111632,0.3992197556522301,False,0.08399999999999999,0.41999999999999993,46
264,1.07,1.097976060442336,0.9266155452795695,1.2845780316541804,0.3579624863746109,True,0.08499999999999999,0.42399999999999993,46
265,1.09,1.042237933106445,0.8749020666519967,1.2245086021301086,0.34960653547811193,True,0.086,0.42799999999999994,46
266,0.98,1.042599202755376,0.8751138883513949,1.2250443181161215,0.34993042976472655,True,0.087,0.43199999999999994,46
267,0.92,0.9722262089379687,0.8103715955436352,1.1485512857120384,0.3381796901684031,True,0.088,0.43599999999999994,45
268,0.92,0.9148894494882769,0.7584391122485561,1.0852593520128733,0.3268202397643172,True,0.089,0.43999999999999995,45
269,0.89,0.8998164556467227,0.745745766910741,1.0674846438454044,0.3217388769346634,True,0.09,0.44399999999999995,45
270,0.89,0.8769826045385769,0.7267737838765234,1.0402578094690047,0.31348402559248134,True,0.091,0.44799999999999995,44
271,0.9,0.8709963587553151,0.7229276350943503,1.031790136260684,0.30886250116633374,True,0.092,0.45199999999999996,44
272,0.83,0.8763109370196678,0.7334574769757287,1.0309368871982532,0.29747941022252444,True,0.093,0.45599999999999996,44
273,0.77,0.8336230389534987,0.6990282530148861,0.9788802469970499,0.27985199398216376,True,0.094,0.45999999999999996,44
274,0.74,0.7834542559067101,0.6566059669577637,0.9200154691902369,0.26340950223247317,True,0.095,0.46399999999999997,43
275,0.73,0.7512507454912312,0.6302214787123748,0.8812653456179205,0.2510438669055457,True,0.096,0.46799999999999997,43
276,0.78,0.7371369560944006,0.619936048687673,0.8628172431087908,0.24288119442111777,True,0.097,0.472,43
277,0.87,0.7649930244379213,0.6488358685389906,0.8893332173049182,0.24049734876592765,True,0.098,0.476,42
278,0.78,0.8309973895751295,0.7122045992670629,0.9580320261177042,0.2458274268506413,True,0.099,0.48,42
279,0.78,0.7933324853511934,0.680378483234428,0.9138791856139361,0.23350070237950815,True,0.1,0.484,42
280,1.57,0.782990505551707,0.6735415226498609,0.8995974105583369,0.22605588790847597,False,0.091,0.476,41
281,1.66,1.2449034409059712,1.105337603452972,1.3937212971097916,0.2883836936568196,False,0.08199999999999999,0.46799999999999997,42
282,1.36,1.4639824920527404,1.3037227266547524,1.6353908180427896,0.3316680913880372,True,0.08299999999999999,0.472,43
283,1.19,1.2897533824504066,1.1364973176921143,1.4540028714412974,0.3175055537491831,True,0.08399999999999999,0.476,42
284,1.06,1.1434893406816724,0.9956467791870547,1.3022844531072688,0.3066376739202141,True,0.08499999999999999,0.48,42
285,0.97,1.036848464123865,0.8924130691411678,1.192307659176425,0.2998945900352572,True,0.086,0.484,42
286,0.9,0.9655476203287139,0.8229761088546048,1.1192693798972884,0.29629327104268355,True,0.087,0.488,41
287,0.85,0.9149385764975335,0.771497056016871,1.069994832508193,0.2984977764913219,True,0.088,0.492,41
288,1.02,0.8841860727112887,0.736742530338867,1.044147071072472,0.307404540733605,True,0.089,0.496,41
289,1.86,0.9911243783079413,0.828845615348512,1.167802605435714,0.33895699008720204,False,0.07999999999999999,0.488,40
290,4.44,1.4848723845920988,1.2618572021743484,1.7298764757442342,0.4680192735698858,False,0.07099999999999998,0.48,41
291,13.62,3.767926788306168,3.324347544725727,4.257007126167381,0.9326595814416541,False,0.06199999999999998,0.472,42
292,6.65,18.842612395628116,15.435857745644014,22.955504651863055,7.519646906219041,False,0.05299999999999998,0.46399999999999997,42
293,4.27,2.3447709821022964,1.7392402045006068,3.0841591417694465,1.3449189372688397,False,0.04399999999999998,0.45599999999999996,43
294,5.37,3.5087940538314104,2.6311815128918945,4.598514904223329,1.9673333913314344,False,0.034999999999999976,0.44799999999999995,44
295,4.37,4.72709820024691,3.458620856142077,6.356457266396058,2.897836410253981,True,0.035999999999999976,0.45199999999999996,44
296,3.44,3.3370965333685296,2.3006762075876224,4.698955352395911,2.398279144808289,True,0.03699999999999998,0.45599999999999996,44
297,2.9,2.9419806210917527,1.9551416537610056,4.2583642470357335,2.303222593274728,True,0.03799999999999998,0.45999999999999996,44
298,2.5,2.512835400360896,1.6000540967278436,3.7460599245063966,2.146005827778553,True,0.03899999999999998,0.46399999999999997,43
299,2.21,2.2472985764048263,1.3741465847287069,3.4415741269512985,2.0674275422225916,True,0.03999999999999998,0.46799999999999997,43
300,2.01,2.027530017821364,1.1894014247020972,3.18650408526915,1.997102660567053,True,0.04099999999999998,0.472,43
301,1.82,1.8924443360221908,1.074425435690669,3.033036855914447,1.9586114202237779,True,0.04199999999999998,0.476,42
302,1.69,1.7284768733860325,0.9441310758768624,2.8292613810746707,1.8851303051978083,True,0.04299999999999998,0.48,42
303,1.61,1.6519880538840592,0.8800483543002866,2.740882845835796,1.8608344915355095,True,0.043999999999999984,0.484,42
304,1.52,1.5913849986143656,0.8290871018614951,2.6713813159632016,1.8422942141017065,True,0.044999999999999984,0.488,41
305,1.46,1.5082018382507774,0.7647159041220548,2.564923082922169,1.8002071788001142,True,0.045999999999999985,0.492,41
306,1.39,1.4739994371591125,0.7367853121387622,2.524139208389729,1.7873538962509667,True,0.046999999999999986,0.496,41
307,1.32,1.4014222879872458,0.68255947378889,2.427414659082334,1.7448551852934437,True,0.04799999999999999,0.5,40
308,1.27,1.3499047509290376,0.6445321335854151,2.357825746098171,1.7132936125127558,True,0.04899999999999999,0.5,40
309,1.22,1.3139339170311741,0.618521517323231,2.3081365400951537,1.6896150227719227,True,0.04999999999999999,0.5,40
310,1.17,1.2697062150087595,0.5878875859758654,2.2442890466225287,1.6564014606466633,True,0.05099999999999999,0.5,40
311,1.13,1.2305889668569736,0.5613098137685739,2.186764788888697,1.6254549751201233,True,0.05199999999999999,0.5,40
312,1.14,1.1999205045570451,0.5408253602735602,2.1409466323368966,1.6001212720633364,True,0.05299999999999999,0.5,40
313,1.13,1.2295641826880606,0.5626108008306074,2.1811865386333964,1.618575737802789,True,0.05399999999999999,0.5,40
314,1.08,1.2040467737414544,0.5457547979265995,2.1426861410077196,1.59693134308112,True,0.05499999999999999,0.5,40
315,1.07,1.1550525616424543,0.5124702900980593,2.0706398491573665,1.5581695590593072,True,0.055999999999999994,0.5,40
316,1.04,1.172221334046517,0.5254180597029001,2.093280228376111,1.5678621686732108,True,0.056999999999999995,0.5,40
317,1.02,1.1298595542657712,0.49667520619569644,2.030919268334596,1.5342440621388993,True,0.057999999999999996,0.5,40
318,1.31,1.131851496501652,0.49855683682916635,2.032778398150563,1.5342215613213968,True,0.059,0.5,40
319,1.32,1.520388054804851,0.7719331147345336,2.584986303365448,1.8130531886309145,True,0.06,0.5,40
320,1.3,1.3379823573881873,0.6433361168273204,2.3262589725171856,1.6829228556898652,True,0.061,0.5,40
321,1.43,1.4114081791312438,0.694227364998685,2.4321777150527697,1.7379503500540847,True,0.062,0.5,40
322,2.79,1.5361597532462548,0.7816814294242713,2.610132646476851,1.8284512170525795,False,0.053,0.492,40
323,2.35,3.278400706771917,1.9942572804586987,5.113273140276807,3.119015859818108,True,0.054,0.496,41
324,2.04,1.871890999340851,1.0116284738558998,3.100040350038218,2.088411876182318,True,0.055,0.5,40
325,1.8,2.054540884765611,1.1411628186278397,3.3575481208308746,2.216385302203035,True,0.056,0.5,40
326,1.66,1.712844123298963,0.9038731196597896,2.865553413891793,1.9616802942320035,True,0.057,0.5,40
327,1.67,1.7011952828991768,0.8967049133030363,2.8469115069936075,1.9502065936905713,True,0.058,0.5,40
328,1.71,1.7214180393632033,0.912053896020919,2.873382523570054,1.9613286275491348,True,0.059000000000000004,0.5,40
329,1.61,1.8031616619971471,0.9649139131328244,2.9990125016532683,2.034098588520444,True,0.060000000000000005,0.5,40
330,1.55,1.6975239582966295,0.899539716221256,2.8307361743715935,1.9311964581503376,True,0.061000000000000006,0.5,40
331,1.47,1.5821968517352598,0.8063550858302038,2.6912679203640533,1.8849128345338495,True,0.062000000000000006,0.5,40
332,1.4,1.498906680799474,0.7463631253593157,2.575736631555036,1.8293735061957201,True,0.063,0.5,40
333,1.36,1.4215312884583051,0.6591867060020549,2.5341494479014215,1.8749627418993666,True,0.064,0.5,40
334,1.33,1.3788917761432393,0.6015468545475675,2.533537633652699,1.9319907791051316,True,0.065,0.5,40
335,1.28,1.3535445517553133,0.5664125681092593,2.536215215499186,1.9698026473899266,True,0.066,0.5,40
336,1.24,1.306698975018262,0.5198304159580209,2.5009564919098626,1.9811260759518416,True,0.067,0.5,40
337,1.23,1.276286464880131,0.4909088752066766,2.475383476725365,1.9844746015186883,True,0.068,0.5,40
338,1.18,1.274693019396671,0.4901212032962111,2.4723540078795816,1.9822328045833704,True,0.069,0.5,40
339,1.15,1.2264739347352784,0.4663210899207335,2.380696230948685,1.9143751410279515,True,0.07,0.5,40
340,1.47,1.2040427215375544,0.4537672860864368,2.341528155747645,1.887760869661208,True,0.07100000000000001,0.5,40
341,1.33,1.5070547063106092,0.6704464114248423,2.76266084170457,2.0922144302797276,True,0.07200000000000001,0.5,40
342,1.25,1.3367231439227467,0.5779580387929315,2.4603423646937252,1.8823843259007937,True,0.07300000000000001,0.5,40
343,1.25,1.281307822808198,0.5588732649553088,2.338542971647593,1.7796697066922842,True,0.07400000000000001,0.5,40
344,1.51,1.2847333070817792,0.5777535615965761,2.308505467233148,1.7307519056365719,True,0.07500000000000001,0.5,40
345,4.8,1.507518774775218,0.7490602771079997,2.5948734804306377,1.845813203322638,False,0.066,0.492,40
346,8.39,4.813217315853975,2.9887095946429336,7.472287781173915,4.4835781865309805,False,0.057,0.484,41
347,5.51,7.58987340244577,4.55165693898299,12.290793339900091,7.739136400917101,True,0.058,0.488,41
348,4.17,3.567309647360669,1.875011613554372,6.255733269572524,4.380721656018151,True,0.059000000000000004,0.492,41
349,3.38,3.6061277914138063,1.8296169784276128,6.497980607475844,4.6683636290482315,True,0.060000000000000005,0.496,41
350,2.96,2.7228864096002754,1.241456480845144,5.183427310424757,3.941970829579613,True,0.061000000000000006,0.5,40
351,2.67,2.6935462387815656,1.190603161458637,5.227638149181519,4.037034987722882,True,0.062000000000000006,0.5,40
352,4.41,2.374477534129234,0.9869281856598877,4.731006641571744,3.7440784559118563,True,0.063,0.5,40
353,45.98,4.89329141957881,2.4257724984168383,9.138117394582249,6.71234489616541,False,0.054,0.492,40
354,41.81,143.6951313391525,62.37822906226469,329.34499926916175,266.9667702068971,False,0.045,0.484,41
355,22.01,10.153276204117958,3.769240316613974,25.082889900096543,21.31364958348257,True,0.046,0.488,41
356,13.24,14.993246811737505,5.850824780141763,36.33622619025135,30.48540141010959,True,0.047,0.492,41
357,9.5,8.835193526981431,3.297032019426858,21.511126581290757,18.2140945618639,True,0.048,0.496,41
358,7.44,7.463443787783831,2.757675420281646,18.062285252835352,15.304609832553705,True,0.049,0.5,40
359,6.1,6.004067631580351,2.1294941623213894,14.6756845813581,12.54619041903671,True,0.05,0.5,40
360,5.32,5.206022304868016,1.8131200310732285,12.69110184531502,10.87798181424179,True,0.051000000000000004,0.5,40
361,4.73,4.700748577533346,1.6178576932372142,11.41417149152257,9.796313798285356,True,0.052000000000000005,0.5,40
362,4.32,4.321889029011773,1.4694196757182443,10.469295039482555,8.99987536376431,True,0.053000000000000005,0.5,40
363,3.95,4.040174585825323,1.363438915820569,9.748473203835525,8.385034288014957,True,0.054000000000000006,0.5,40
364,4.93,3.733396209995912,1.2427987373934943,8.989768278023046,7.746969540629552,True,0.05500000000000001,0.5,40
365,11.3,5.071565194053829,1.905521288915927,11.687535295740384,9.782014006824458,True,0.05600000000000001,0.5,40
366,10.67,12.41698471619221,5.40949352797735,27.085757180153205,21.676263652175855,True,0.05700000000000001,0.5,40
367,10.73,7.755998986189022,3.220849428994452,17.164002183894052,13.9431527548996,True,0.05800000000000001,0.5,40
368,13.0,9.73203136371221,4.0906969909972,21.624897414909977,17.53420042391278,True,0.05900000000000001,0.5,40
369,12.22,11.40170256357427,5.033129610479833,24.49294253652414,19.459812926044307,True,0.06000000000000001,0.5,40
370,41.59,9.959161724742195,4.446690037826575,21.050681216473237,16.603991178646663,False,0.05100000000000001,0.492,40
371,49.66,49.45587443637649,25.416853668064178,95.37011648427494,69.95326281621077,True,0.05200000000000001,0.496,41
372,29.04,33.08537524384611,17.849844806316458,60.63513903968494,42.785294233368475,True,0.05300000000000001,0.5,40
373,18.49,19.94500267451253,10.761559637783627,36.298891519968976,25.53733188218535,True,0.05400000000000001,0.5,40
374,15.3,13.96298388188517,7.7335131793893925,24.63583314649659,16.902319967107196,True,0.055000000000000014,0.5,40
375,26.93,12.95976257708688,7.445146756367892,22.075380076929246,14.630233320561354,False,0.04600000000000001,0.492,40
376,21.72,27.215230472395742,16.02698402878357,45.75515224919628,29.72816822041271,True,0.047000000000000014,0.496,41
377,16.19,15.249305712398453,8.957577031459529,25.516484411899484,16.558907380439955,True,0.048000000000000015,0.5,40
378,11.72,13.690527766449957,8.10580059813289,22.700453763624974,14.594653165492085,True,0.049000000000000016,0.5,40
379,9.3,9.723358598256748,5.708619596185377,16.14069757244728,10.432077976261903,True,0.05000000000000002,0.5,40
380,7.92,8.643639348075023,5.065469442627943,14.332659863413225,9.267190420785282,True,0.05100000000000002,0.5,40
381,6.67,7.594259334612813,4.423635857363258,12.618409394189623,8.194773536826364,True,0.05200000000000002,0.5,40
382,7.06,6.669945372578759,3.842048433491919,11.149416270071786,7.307367836579867,True,0.05300000000000002,0.5,40
383,7.77,7.70754388238567,4.4663125667760255,12.870652206116109,8.404339639340083,True,0.05400000000000002,0.5,40
384,8.66,8.160723772079715,4.706774699318638,13.70512933310052,8.998354633781883,True,0.05500000000000002,0.5,40
385,10.95,9.170421110655269,5.273197888292945,15.488793659944566,10.215595771651621,True,0.05600000000000002,0.5,40
386,14.55,11.473983965102633,6.600737228092308,19.47173468733261,12.870997459240302,True,0.05700000000000002,0.5,40
387,21.48,14.142662909168411,8.137603894324288,24.094132185258303,15.956528290934015,True,0.058000000000000024,0.5,40
388,27.13,19.711853030391158,11.390703662756366,33.621185981708386,22.23048231895202,True,0.059000000000000025,0.5,40
389,20.7,22.11555637402441,12.673785283505287,38.076885836818185,25.403100553312896,True,0.060000000000000026,0.5,40
390,17.83,15.739681193866126,8.798514025843719,27.59790022580966,18.79938619996594,True,0.061000000000000026,0.5,40
391,17.78,16.221183002289134,7.954603517694938,32.11918203997422,24.16457852227928,True,0.06200000000000003,0.5,40
392,26.57,15.532643332572146,6.518413818893945,35.35451601176327,28.836102192869326,True,0.06300000000000003,0.5,40
393,20.14,28.859629978965348,12.80295106717751,63.59470138968217,50.79175032250466,True,0.06400000000000003,0.5,40
394,16.65,15.97359670523793,7.0011499102116765,35.00769743663532,28.006547526423642,True,0.06500000000000003,0.5,40
395,17.27,15.972787272312978,7.180246469006079,34.2159936601753,27.03574719116922,True,0.06600000000000003,0.5,40
396,28.25,16.596811883222077,7.755328164519085,34.3667826762167,26.611454511697616,True,0.06700000000000003,0.5,40
397,21.56,28.54885042002076,13.802808140555376,57.98438680378673,44.18157866323135,True,0.06800000000000003,0.5,40
398,14.53,17.40673233278224,8.45795516043952,34.82252076937807,26.364565608938555,True,0.06900000000000003,0.5,40
399,11.0,13.249339006809734,6.494381677818099,26.092783749186253,19.598402071368156,True,0.07000000000000003,0.5,40
400,10.64,10.702118002250012,5.315888368798358,20.681758407113442,15.365870038315084,True,0.07100000000000004,0.5,40
401,19.86,11.222992967566972,5.62760569886626,21.542312242677436,15.914706543811176,True,0.07200000000000004,0.5,40
402,31.69,21.99316507993288,11.568362165996202,41.064799964422384,29.496437798426182,True,0.07300000000000004,0.5,40
403,30.06,27.86541108611046,14.680660514563494,52.13627932932408,37.45561881476059,True,0.07400000000000004,0.5,40
404,19.52,23.74893912846063,12.339521334498505,44.916939043396106,32.5774177088976,True,0.07500000000000004,0.5,40
405,13.79,16.43162267540632,8.26796823558309,31.78620096377817,23.51823272819508,True,0.07600000000000004,0.5,40
406,10.72,13.71615171232992,6.718436350751082,27.05815988872368,20.339723537972596,True,0.07700000000000004,0.5,40
407,8.91,11.470177209331238,5.486218462454329,22.97472742126579,17.48850895881146,True,0.07800000000000004,0.5,40
408,7.67,10.387690615740842,4.87095346800676,21.088319770631635,16.217366302624875,True,0.07900000000000004,0.5,40
409,7.0,8.88644637304818,4.126251706343226,18.066918186286436,13.94066647994321,True,0.08000000000000004,0.5,40
410,7.06,8.048406446618337,3.7613922361531342,16.19531917608879,12.433926939935656,True,0.08100000000000004,0.5,40
411,7.31,8.16338525823301,3.79632144147922,16.506672648050426,12.710351206571206,True,0.08200000000000005,0.5,40
412,6.57,8.470170613862951,3.952141155920989,17.110172677215232,13.158031521294243,True,0.08300000000000005,0.5,40
413,5.94,7.275792034197794,3.38222897199225,14.628743781079809,11.246514809087559,True,0.08400000000000005,0.5,40
414,5.43,6.691105565316423,3.0604931666729938,13.56796068574817,10.507467519075178,True,0.08500000000000005,0.5,40
415,4.97,5.914747131400919,2.6022909656797912,12.273144325862157,9.670853360182367,True,0.08600000000000005,0.5,40
416,4.58,5.467152806098319,2.3365950788224175,11.534953876448894,9.198358797626476,True,0.08700000000000005,0.5,40
417,4.27,5.0267110260683,2.0878370150306176,10.762682296679792,8.674845281649175,True,0.08800000000000005,0.5,40
418,4.94,4.667610419167732,1.8857988822858935,10.130993244412922,8.245194362127028,True,0.08900000000000005,0.5,40
419,4.93,5.771310452673737,2.4371462846245446,12.339742172625366,9.902595888000821,True,0.09000000000000005,0.5,40
420,4.56,5.151217941433642,2.1062767533610405,11.180975865101,9.07469911173996,True,0.09100000000000005,0.5,40
421,4.36,4.816012098220709,1.930836223098884,10.541414856297955,8.61057863319907,True,0.09200000000000005,0.5,40
422,4.16,4.640445754706036,1.8104677915140823,10.320047291715042,8.50957950020096,True,0.09300000000000005,0.5,40
423,4.08,4.4183841530061905,1.709701168322276,9.8347323213232,8.125031153000924,True,0.09400000000000006,0.5,40
424,4.91,4.387600606242651,1.6613191297082999,9.9067116259626,8.2453924962543,True,0.09500000000000006,0.5,40
425,4.49,5.646713485169762,2.3370897705156963,12.238720919129008,9.901631148613312,True,0.09600000000000006,0.5,40
426,4.27,4.464284828024325,1.7783309791891302,9.746886855968167,7.968555876779037,True,0.09700000000000006,0.5,40
427,4.54,4.592207988137584,1.8780403407196737,9.866001334355806,7.987960993636133,True,0.09800000000000006,0.5,40
428,5.31,4.889136940437353,2.066433414759505,10.310186530152935,8.24375311539343,True,0.09900000000000006,0.5,40
429,4.92,5.896000916836848,2.6245096945818776,12.120348033860221,9.495838339278343,True,0.10000000000000006,0.5,40
430,5.27,4.8819915938736,2.1135199589066826,10.112125686372275,7.998605727465593,True,0.10100000000000006,0.5,40
431,5.17,5.893432215760732,2.6705707322010284,11.946054218874371,9.275483486673343,True,0.10200000000000006,0.5,40
432,4.88,5.038880192393962,2.2493450807473048,10.223207468534236,7.973862387786931,True,0.10300000000000006,0.5,40
433,4.57,5.17158038102799,2.3428101090014444,10.394127442933712,8.051317333932268,True,0.10400000000000006,0.5,40
434,4.26,4.558536583958057,1.9917335099214393,9.327567229078317,7.335833719156878,True,0.10500000000000007,0.5,40
435,3.98,4.440782662482745,1.9161140202650704,9.151220348264038,7.2351063279989685,True,0.10600000000000007,0.5,40
436,3.69,3.957702622878549,1.6940052105988013,8.12352181064775,6.429516600048949,True,0.10700000000000007,0.5,40
437,3.59,3.7158714573280545,1.5889002204720506,7.590305422426198,6.001405201954148,True,0.10800000000000007,0.5,40
438,3.47,3.7131994898375043,1.608123281574652,7.517331058673223,5.909207777098571,True,0.10900000000000007,0.5,40
439,3.21,3.527292391707186,1.5497345847179544,7.0386313629883315,5.488896778270377,True,0.11000000000000007,0.5,40
440,3.09,3.2084758818638806,1.4007035608745806,6.37753279366892,4.97682923279434,True,0.11100000000000007,0.5,40
441,3.02,3.1644921593420756,1.398718925480643,6.230107188046852,4.831388262566209,True,0.11200000000000007,0.5,40
442,2.96,3.0214350770062124,1.339474115310285,5.912639029746681,4.573164914436396,True,0.11300000000000007,0.5,40
443,2.84,2.972783039339271,1.326137152876993,5.785070716118857,4.458933563241864,True,0.11400000000000007,0.5,40
444,2.73,2.817782211132374,1.259615393707064,5.450416762175926,4.190801368468861,True,0.11500000000000007,0.5,40
445,2.64,2.7266908645100387,1.220014803054526,5.255915402236836,4.03590059918231,True,0.11600000000000008,0.5,40
446,2.57,2.642302737341828,1.1920497758557382,5.052038314352972,3.8599885384972334,True,0.11700000000000008,0.5,40
447,2.81,2.5798778378940304,1.1677186988437946,4.911987261576103,3.7442685627323082,True,0.11800000000000008,0.5,40
448,3.18,2.890563033388301,1.3660168435740534,5.397452646153923,4.031435802579869,True,0.11900000000000008,0.5,40
449,3.22,3.292790958139399,1.6244964827083668,6.021557975671747,4.397061492963381,True,0.12000000000000008,0.5,40
450,3.19,3.248894832656834,1.64017657525096,5.837840873299136,4.197664298048176,True,0.12100000000000008,0.5,40
451,3.16,3.2185913974092655,1.6373064825547972,5.747988334315894,4.110681851761097,True,0.12200000000000008,0.5,40
452,3.56,3.191068205869426,1.6306839303897385,5.676990916064663,4.046306985674924,True,0.12300000000000008,0.5,40
453,10.09,3.6751591027513033,1.9544733934508747,6.397972404993938,4.4434990115430635,False,0.11400000000000007,0.492,40
454,15.68,13.192151807870811,7.9879781933892495,21.409619672396975,13.421641479007725,True,0.11500000000000007,0.496,41
455,13.26,13.079911619215881,8.027998222891169,20.958789347373596,12.930791124482427,True,0.11600000000000008,0.5,40
456,10.26,11.069282732340904,6.799919865630027,17.67552336211293,10.875603496482903,True,0.11700000000000008,0.5,40
457,8.26,8.436773998366359,5.114702047207782,13.563702827827633,8.449000780619851,True,0.11800000000000008,0.5,40
458,6.85,7.277306799921275,4.41018828273694,11.663849071323405,7.253660788586465,True,0.11900000000000008,0.5,40
459,5.88,6.105273247982579,3.6867330077277227,9.771876239857239,6.085143232129516,True,0.12000000000000008,0.5,40
460,5.23,5.46201205932543,3.3140150476502352,8.67952114066266,5.365506093012424,True,0.12100000000000008,0.5,40
461,4.65,4.943308721038592,3.0263708445705317,7.7728924923062035,4.746521647735672,True,0.12200000000000008,0.5,40
462,4.24,4.452930286815145,2.7034093150499965,7.028939332206784,4.325530017156788,True,0.12300000000000008,0.5,40
463,3.94,4.153307789748156,2.475828527201871,6.640359979799615,4.164531452597744,True,0.12400000000000008,0.5,40
464,3.73,3.9159519847574336,2.3251868842168655,6.267737049952958,3.942550165736092,True,0.12500000000000008,0.5,40
465,3.62,3.7564036059577024,2.2249825587631964,6.015038019754024,3.7900554609908275,True,0.12600000000000008,0.5,40
466,3.55,3.6878459016246667,2.1791827523931677,5.9124365942274215,3.733253841834254,True,0.12700000000000009,0.5,40
467,3.34,3.617386720210046,2.1128390817086227,5.849136612699392,3.7362975309907696,True,0.12800000000000009,0.5,40
468,3.15,3.3509910767104687,1.85322651935557,5.634987871166257,3.781761351810687,True,0.1290000000000001,0.5,40
469,3.0,3.2282405613784064,1.812184051921713,5.35734287471995,3.545158822798237,True,0.1300000000000001,0.5,40
470,2.88,3.0690360470295515,1.639606980432665,5.272545297373007,3.632938316940342,True,0.1310000000000001,0.5,40
471,2.77,2.981751714800515,1.622347571136856,5.045860164693412,3.423512593556556,True,0.1320000000000001,0.5,40
472,2.7,2.8582043816654554,1.5022192056215,4.94901558474978,3.4467963791282803,True,0.1330000000000001,0.5,40
473,2.67,2.818648911472976,1.578198849328293,4.655917313318506,3.077718463990213,True,0.1340000000000001,0.5,40
474,2.62,2.7853473605402708,1.552005231279196,4.614743443439902,3.0627382121607063,True,0.1350000000000001,0.5,40
475,2.53,2.71765674237391,1.572290485173483,4.373021334013942,2.8007308488404594,True,0.1360000000000001,0.5,40
476,2.46,2.610006115048003,1.4724530589724427,4.270936935846283,2.7984838768738403,True,0.1370000000000001,0.5,40
477,2.6,2.5600566404029688,1.4786616567658117,4.113244580308903,2.6345829235430913,True,0.1380000000000001,0.5,40
478,2.81,2.808469054138223,1.7298971792273266,4.313180528079025,2.5832833488516984,True,0.1390000000000001,0.5,40
479,2.52,2.959336602231785,1.9090711215684903,4.388780705134526,2.479709583566035,True,0.1400000000000001,0.5,40
480,3.03,2.415359228040721,1.569515398445795,3.53964146843348,1.970126069987685,True,0.1410000000000001,0.5,40
481,2.76,3.6091405522878386,2.530017971963053,5.01814970900284,2.4881317370397866,True,0.1420000000000001,0.5,40
482,3.32,2.457205551402245,1.6887801905495667,3.4452388732466614,1.7564586826970947,True,0.1430000000000001,0.5,40
483,2.93,3.9357079011290876,2.8950236618573557,5.254445312830621,2.3594216509732657,True,0.1440000000000001,0.5,40
484,2.72,2.642219876585164,1.9137309838487782,3.5528450302811265,1.6391140464323484,True,0.1450000000000001,0.5,40
485,2.66,2.9004303126450397,2.157413332520357,3.818297454789188,1.6608841222688309,True,0.1460000000000001,0.5,40
486,2.46,2.689254800131273,2.016834683115728,3.5115501543607532,1.494715471245025,True,0.1470000000000001,0.5,40
487,3.22,2.513346906968194,1.8978206832662083,3.2596170839633114,1.361796400697103,True,0.1480000000000001,0.5,40
488,5.21,3.712824346899419,2.9207203754198314,4.664957252236996,1.7442368768171645,False,0.1390000000000001,0.492,40
489,4.79,5.869567690473924,4.7694576142163045,7.179444829912914,2.409987215696609,True,0.1400000000000001,0.496,41
490,4.07,4.113735269691126,3.334456553479205,5.033118128152079,1.6986615746728742,True,0.1410000000000001,0.5,40
491,3.68,4.0497336064199585,3.2997159925850896,4.930579959183779,1.6308639665986897,True,0.1420000000000001,0.5,40
492,3.28,3.4825376962962293,2.8224188648369957,4.256656821039828,1.434237956202832,True,0.1430000000000001,0.5,40
493,3.0,3.2401943788379075,2.644611533860356,3.9331041740091974,1.2884926401488412,True,0.1440000000000001,0.5,40
494,2.77,2.977961140746589,2.4366200431897997,3.6045750296568233,1.1679549864670236,True,0.1450000000000001,0.5,40
495,2.61,2.7541912101305663,2.2579434789755344,3.3260270576128823,1.068083578637348,True,0.1460000000000001,0.5,40
496,2.5,2.6238916564901493,2.1383869518142005,3.184503357811691,1.0461164059974903,True,0.1470000000000001,0.5,40
497,2.55,2.5345008842008565,2.069991578604129,3.0692934102760123,0.9993018316718834,True,0.1480000000000001,0.5,40
498,2.98,2.6380561459034735,2.176291456765025,3.1669515222088664,0.9906600654438416,True,0.1490000000000001,0.5,40
499,2.91,3.144829859363772,2.6283952304601534,3.7347693599781264,1.106374129517973,True,0.1500000000000001,0.5,40
500,2.65,2.925981166164574,2.456408204128366,3.4593483196426638,1.0029401155142978,True,0.1510000000000001,0.5,40
501,2.61,2.7013437350462355,2.268930175757061,3.1909568905959294,0.9220267148388683,True,0.1520000000000001,0.5,40
502,3.52,2.7216649077594997,2.2780629259612115,3.2252970728397843,0.9472341468785728,False,0.1430000000000001,0.492,40
503,3.15,3.6062010497584494,3.017282241195277,4.28145319072305,1.2641709495277729,True,0.1440000000000001,0.496,41
504,2.92,3.0020234467441202,2.4570017456983155,3.632971819646685,1.1759700739483696,True,0.1450000000000001,0.5,40
505,2.77,2.943701515465211,2.3739490503121705,3.6096670136864093,1.2357179633742388,True,0.1460000000000001,0.5,40
506,2.85,2.818227191578211,2.235019155497629,3.5065757529539665,1.2715565974563376,True,0.1470000000000001,0.5,40
507,2.91,2.916815849445386,2.2986545345380263,3.650819368271657,1.3521648337336307,True,0.1480000000000001,0.5,40
508,2.77,2.9323981765829985,2.2901244097318796,3.7000518805468126,1.409927470814933,True,0.1490000000000001,0.5,40
509,2.64,2.801965608258387,2.1830319282174715,3.5412496048930535,1.358217676675582,True,0.1500000000000001,0.5,40
510,2.59,2.720428346116791,2.117758180628453,3.439596106135224,1.3218379255067711,True,0.1510000000000001,0.5,40
511,2.59,2.693482375601405,2.0998934491399335,3.4007357938909557,1.3008423447510222,True,0.1520000000000001,0.5,40
512,2.43,2.6962094154506913,2.1081064478887344,3.3955907791210302,1.2874843312322959,True,0.1530000000000001,0.5,40
513,2.31,2.5461579461849233,1.9899363352247015,3.2058541618898415,1.21591782666514,True,0.1540000000000001,0.5,40
514,2.19,2.467917542584367,1.9344705791153731,3.0983379311268804,1.1638673520115073,True,0.1550000000000001,0.5,40
515,2.33,2.3597442381974663,1.857459654061239,2.950320463863025,1.092860809801786,True,0.1560000000000001,0.5,40
516,2.35,2.5158689014114333,2.0036867416241946,3.115387254140839,1.1117005125166446,True,0.1570000000000001,0.5,40
517,2.13,2.4871288023173768,1.9938431562969279,3.061691494551157,1.0678483382542292,True,0.1580000000000001,0.5,40
518,2.02,2.274331029900358,1.8255126179532817,2.7944419802784286,0.9689293623251469,True,0.1590000000000001,0.5,40
519,1.93,2.192679435694126,1.7678229902169025,2.6827506726885613,0.9149276824716588,True,0.16000000000000011,0.5,40
520,1.88,2.0920407855469128,1.6916388915664116,2.5520055269827324,0.8603666354163209,True,0.16100000000000012,0.5,40
521,1.82,2.042854470338024,1.656614642284271,2.4852489255629657,0.8286342832786948,True,0.16200000000000012,0.5,40
522,1.91,1.948894373707092,1.5813299723663357,2.3687975270010275,0.7874675546346919,True,0.16300000000000012,0.5,40
523,2.15,2.0896073233505583,1.7095910434853412,2.522920344548682,0.8133293010633409,True,0.16400000000000012,0.5,40
524,2.24,2.3199422578538376,1.916136103581116,2.779664667210909,0.8635285636297931,True,0.16500000000000012,0.5,40
525,3.36,2.315894952412106,1.917120713694131,2.7691821541070993,0.8520614404129683,False,0.1560000000000001,0.492,40
526,3.48,3.645212972634825,3.0869952008148545,4.279674308605182,1.1926791077903278,True,0.1570000000000001,0.496,41
527,3.15,3.2273457556517817,2.724652000239706,3.797885047160661,1.0732330469209552,True,0.1580000000000001,0.5,40
528,3.03,3.082804570850799,2.6066496033300677,3.6218221887618904,1.0151725854318228,True,0.1590000000000001,0.5,40
529,3.43,3.013028229560204,2.5459893623636076,3.5415803392350247,0.9955909768714171,True,0.16000000000000011,0.5,40
530,4.46,3.445775339007226,2.9347910586927224,4.02311763702427,1.0883265783315474,False,0.1510000000000001,0.492,40
531,6.25,4.453143070979556,3.795994666396986,5.200334116491468,1.404339450094482,False,0.1420000000000001,0.484,41
532,8.5,6.533898409235718,5.599441075188619,7.600671571124261,2.0012304959356415,False,0.1330000000000001,0.476,41
533,6.44,8.980232020004074,7.680683414959109,10.474330581100196,2.7936471661410867,False,0.12400000000000008,0.46799999999999997,42
534,5.09,5.200591715569548,4.376470007126271,6.151037311140854,1.7745673040145826,True,0.12500000000000008,0.472,43
535,4.4,4.68774487484859,3.916697941135088,5.579709013789416,1.663011072654328,True,0.12600000000000008,0.476,42
536,3.94,4.047349085664062,3.3513960342304303,4.854611391872396,1.5032153576419658,True,0.12700000000000009,0.48,42
537,3.59,3.7413741668823883,3.077976027133565,4.512692777201399,1.4347167500678335,True,0.12800000000000009,0.484,42
538,3.24,3.430981458642621,2.803207754435649,4.162378169832082,1.359170415396433,True,0.1290000000000001,0.488,41
539,2.89,3.1209345692854464,2.531541696646597,3.808693534740738,1.2771518380941407,True,0.1300000000000001,0.492,41
540,2.54,2.788950118981047,2.2363692505627477,3.4358791882694506,1.1995099377067029,True,0.1310000000000001,0.496,41
541,2.45,2.4732624826608802,1.957373817938171,3.079143529400053,1.1217697114618819,True,0.1320000000000001,0.5,40
542,2.3,2.5154472127084135,1.9796554246853328,3.1475833087795593,1.1679278840942264,True,0.1330000000000001,0.5,40
543,2.21,2.28089512670757,1.7666191513758944,2.8907678446092575,1.124148693233363,True,0.1340000000000001,0.5,40
544,2.2,2.265654911496921,1.7460649326901843,2.883557840905269,1.1374929082150849,True,0.1350000000000001,0.5,40
545,2.07,2.252221045559789,1.7303582883404345,2.87382922393342,1.1434709355929855,True,0.1360000000000001,0.5,40
546,1.99,2.0712714066807196,1.568623611702006,2.6722811433023934,1.1036575316003874,True,0.1370000000000001,0.5,40
547,2.03,2.047410185788438,1.5405017427986842,2.6554624954583335,1.1149607526596492,True,0.1380000000000001,0.5,40
548,2.0,2.1133809439211086,1.5949130408733212,2.7354395886456584,1.1405265477723372,True,0.1390000000000001,0.5,40
549,1.86,2.0306520665913035,1.5259563388617137,2.6361879290728996,1.110231590211186,True,0.1400000000000001,0.5,40
550,1.78,1.8668867478675621,1.3890429735828063,2.4403063134409404,1.0512633398581341,True,0.1410000000000001,0.5,40
551,1.72,1.8313342604428962,1.3591219871785327,2.398066627298598,1.0389446401200653,True,0.1420000000000001,0.5,40
552,1.65,1.7563531339396512,1.295810686541714,2.3092809627188275,1.0134702761771135,True,0.1430000000000001,0.5,40
553,1.68,1.6868985588969205,1.2382246140303925,2.225513570240952,0.9872889562105596,True,0.1440000000000001,0.5,40
554,1.67,1.7601951617763518,1.2975791017870821,2.315958664999909,1.018379563212827,True,0.1450000000000001,0.5,40
555,1.6,1.7043428926481172,1.2535617664048555,2.245294000831265,0.9917322344264097,True,0.1460000000000001,0.5,40
556,1.53,1.6301204608197253,1.1878770088175967,2.161756173013141,0.9738791641955444,True,0.1470000000000001,0.5,40
557,1.46,1.5592532724858765,1.1322507087159086,2.071766976536309,0.9395162678204003,True,0.1480000000000001,0.5,40
558,1.44,1.4858116554686718,1.059717047384761,2.000052650100534,0.940335602715773,True,0.1490000000000001,0.5,40
559,1.38,1.4887000724701704,1.070131625578135,1.9919005990661627,0.9217689734880277,True,0.1500000000000001,0.5,40
560,1.32,1.394629330303934,0.981746253587721,1.8935337302496098,0.9117874766618888,True,0.1510000000000001,0.5,40
561,1.27,1.3503809839537775,0.9669734981391935,1.8085232337688564,0.8415497356296628,True,0.1520000000000001,0.5,40
562,1.24,1.293389533994357,0.919913149381234,1.739517439281029,0.8196042898997951,True,0.1530000000000001,0.5,40
563,1.22,1.2840318498699088,0.9057872260875188,1.7373472861028545,0.8315600600153357,True,0.1540000000000001,0.5,40
564,1.19,1.2475334744174162,0.8743008611805916,1.6950885118011545,0.8207876506205629,True,0.1550000000000001,0.5,40
565,1.15,1.2120916764367902,0.8610897195244405,1.6292926846166846,0.7682029650922442,True,0.1560000000000001,0.5,40
566,1.13,1.1662645424826819,0.840479423206381,1.5497172143562126,0.7092377911498315,True,0.1570000000000001,0.5,40
567,1.11,1.1596508577851954,0.8558092710232281,1.5132387796299316,0.6574295086067035,True,0.1580000000000001,0.5,40
568,1.09,1.1292366726652943,0.8184557901925991,1.4931311680349397,0.6746753778423407,True,0.1590000000000001,0.5,40
569,1.08,1.113749140984082,0.7954736029722937,1.4884439535143033,0.6929703505420095,True,0.16000000000000011,0.5,40
570,1.07,1.0767794577093444,0.621652263484799,1.65964104209074,1.037988778605941,True,0.16100000000000012,0.5,40
571,1.04,1.117686743944326,0.5409949615193672,1.910195852331578,1.3692008908122109,True,0.16200000000000012,0.5,40
572,1.0,1.0109578782832176,0.35337621601386915,1.988046886282726,1.634670670268857,True,0.16300000000000012,0.5,40
573,0.97,0.9927205874886667,0.30941872341515336,2.03259398143048,1.7231752580153266,True,0.16400000000000012,0.5,40
574,0.94,0.9469217261617793,0.21136675654727613,2.129113612631015,1.917746856083739,True,0.16500000000000012,0.5,40
575,0.92,0.9358378969182588,0.20083050426191976,2.120730485979999,1.919899981718079,True,0.16600000000000012,0.5,40
576,0.9,0.9053781117083737,0.1342146536779158,2.2008630260637734,2.0666483723858575,True,0.16700000000000012,0.5,40
577,0.87,0.8982761192522579,0.13950443466706236,2.1622976754594734,2.022793240792411,True,0.16800000000000012,0.5,40
578,0.87,0.8529101472482685,0.1019728944324018,2.115572108099803,2.0135992136674012,True,0.16900000000000012,0.5,40
579,0.87,0.8989958858450724,0.12599496532592294,2.2026656295152165,2.0766706641892934,True,0.17000000000000012,0.5,40
580,0.85,0.8613748804224899,0.13601228421461828,2.04989346824112,1.9138811840265018,True,0.17100000000000012,0.5,40
581,0.84,0.8433455755112318,0.17431632404236447,1.893532893300946,1.7192165692585817,True,0.17200000000000013,0.5,40
582,0.82,0.8399755018812864,0.1994526622911067,1.822545610976042,1.6230929486849353,True,0.17300000000000013,0.5,40
583,0.86,0.8060242431445335,0.199657377268337,1.7188792638885335,1.5192218866201965,True,0.17400000000000013,0.5,40
584,0.83,0.9094274363015036,0.2924652185366286,1.8208984522066705,1.528433233670042,True,0.17500000000000013,0.5,40
585,0.8,0.760182292137739,0.13419119327956527,1.7316749767705022,1.597483783490937,True,0.17600000000000013,0.5,40
586,0.79,0.8062113827872617,0.21382067652185566,1.6877113089377587,1.4738906324159031,True,0.17700000000000013,0.5,40
587,0.76,0.7840524353463914,0.24293198688955572,1.5607540280868242,1.3178220411972685,True,0.17800000000000013,0.5,40
588,0.75,0.7484141570501537,0.2558295813031518,1.4342093147712411,1.1783797334680894,True,0.17900000000000013,0.5,40
589,0.74,0.7526390455194287,0.2926114448695049,1.3763859093707471,1.0837744645012422,True,0.18000000000000013,0.5,40
590,0.73,0.7346196327395542,0.3093495093831936,1.2980153493950874,0.9886658400118938,True,0.18100000000000013,0.5,40
591,0.71,0.7290033118017125,0.3305826237345859,1.2467244039537393,0.9161417802191534,True,0.18200000000000013,0.5,40
592,0.7,0.7016221867288,0.33130969698670865,1.1749395147661206,0.8436298177794119,True,0.18300000000000013,0.5,40
593,0.68,0.7004495671627806,0.34920355495396443,1.1431374975607356,0.7939339426067711,True,0.18400000000000014,0.5,40
594,0.66,0.6707835437536631,0.3411215822951801,1.0814799246617723,0.7403583423665923,True,0.18500000000000014,0.5,40
595,0.66,0.6557957846812663,0.34650985643445054,1.0361229941740997,0.6896131377396492,True,0.18600000000000014,0.5,40
596,0.66,0.6633819500601692,0.36451867718430475,1.0277036570106661,0.6631849798263614,True,0.18700000000000014,0.5,40
597,0.66,0.6594584071764127,0.3718337262369411,1.0073877412989365,0.6355540150619954,True,0.18800000000000014,0.5,40
598,0.8,0.6615094660521412,0.38313695714572077,0.9959077020671543,0.6127707449214335,True,0.18900000000000014,0.5,40
599,0.9,0.8785375311604853,0.5792612058560009,1.2345279190631246,0.6552667132071237,True,0.19000000000000014,0.5,40
600,0.71,0.9111184382555053,0.6137480133929676,1.263286247126591,0.6495382337336235,True,0.19100000000000014,0.5,40
601,0.66,0.5866197801941746,0.2975309946366121,0.9401172976283516,0.6425863029917396,True,0.19200000000000014,0.5,40
602,0.65,0.7396208351290712,0.43217830657005896,1.113061366822992,0.6808830602529331,True,0.19300000000000014,0.5,40
603,0.63,0.6447740503048147,0.3657921686205021,0.9807418278642892,0.6149496592437871,True,0.19400000000000014,0.5,40
604,0.62,0.6365221850205451,0.3842895729390062,0.9347143216417373,0.5504247487027312,True,0.19500000000000015,0.5,40
605,0.61,0.6254811249787127,0.38813883964132107,0.9034039047166003,0.5152650650752792,True,0.19600000000000015,0.5,40
606,0.61,0.6162359210785429,0.4043189029372082,0.8601320163967106,0.4558131134595024,True,0.19700000000000015,0.5,40
607,0.6,0.6209548739411439,0.4297541607150794,0.8377248169989104,0.40797065628383106,True,0.19800000000000015,0.5,40
608,0.6,0.6042215892862364,0.4334303357278247,0.7953623858709176,0.3619320501430929,True,0.19900000000000015,0.5,40
609,0.59,0.612856065651405,0.45853798552937447,0.7835015024064587,0.3249635168770842,True,0.20000000000000015,0.5,40
610,0.58,0.5939556396376322,0.45446309753650677,0.7468264306161552,0.2923633330796484,True,0.20100000000000015,0.5,40
611,0.57,0.5888559599174212,0.46219646195276226,0.7264870535890173,0.26429059163625507,True,0.20200000000000015,0.5,40
612,0.56,0.5776264076086235,0.4614107507066647,0.7030838734288642,0.24167312272219954,True,0.20300000000000015,0.5,40
613,0.56,0.5692468294564617,0.46131488650109775,0.6851505685097989,0.2238356820087012,True,0.20400000000000015,0.5,40
614,0.57,0.5740323602914885,0.4708017258045306,0.6845084063860176,0.213706680581487,True,0.20500000000000015,0.5,40
615,0.54,0.5864090877254831,0.4852407362874872,0.6944686017087951,0.2092278654213079,True,0.20600000000000016,0.5,40
616,0.52,0.5377637704852403,0.44551983632939884,0.6358941291471294,0.19037429281773055,True,0.20700000000000016,0.5,40
617,0.51,0.5321438775988949,0.4437152765219456,0.6259887942164433,0.18227351769449768,True,0.20800000000000016,0.5,40
618,0.5,0.519887697343387,0.4357209693573169,0.6089885582501822,0.17326758889286525,True,0.20900000000000016,0.5,40
619,0.5,0.5097826045653036,0.4322270331376675,0.5915378360470371,0.1593108029093696,True,0.21000000000000016,0.5,40
620,0.52,0.5152423185213746,0.4401138393127581,0.5942901326006935,0.15417629328793542,True,0.21100000000000016,0.5,40
621,0.53,0.5415710039305159,0.46899032106337823,0.6177377931524228,0.1487474720890446,True,0.21200000000000016,0.5,40
622,0.53,0.5415964710449168,0.4705794721736889,0.6160430119600178,0.14546353978632887,True,0.21300000000000016,0.5,40
623,0.55,0.5411553930091424,0.47315351562662605,0.6122962883409047,0.1391427727142786,True,0.21400000000000016,0.5,40
624,0.53,0.569710149569908,0.5023477377082426,0.6400929637112365,0.13774522600299388,True,0.21500000000000016,0.5,40
625,0.52,0.5251004892584747,0.4607120599911176,0.5923271711404796,0.13161511114936203,True,0.21600000000000016,0.5,40
626,0.54,0.5364983178062508,0.4711812325655172,0.6047153323894117,0.13353409982389447,True,0.21700000000000016,0.5,40
627,0.87,0.5584647645909804,0.49243025013713604,0.627421061887778,0.13499081175064198,False,0.20800000000000016,0.492,40
628,0.68,0.9811401232234127,0.8876837643943334,1.0792233645686915,0.19153960017435812,False,0.19900000000000015,0.484,41
629,0.59,0.6829619935839304,0.5944189870288634,0.7764220665271868,0.1820030794983234,False,0.19000000000000014,0.476,41
630,0.56,0.5930942916790756,0.4921837339569329,0.7008290362812024,0.20864530232426953,True,0.19100000000000014,0.48,42
631,2.57,0.5750974594019029,0.4631824813515135,0.6955725196509597,0.23239003829944616,False,0.18200000000000013,0.472,42
632,4.15,0.9782385021651268,0.827725320000843,1.1411464450504623,0.3134211250496193,False,0.17300000000000013,0.46399999999999997,42
633,3.43,3.4681202290220323,3.163188706035915,3.7953863710408697,0.6321976650049548,True,0.17400000000000013,0.46799999999999997,43
634,3.05,2.6950162721902524,2.467703720592001,2.9372294612931653,0.4695257407011644,False,0.16500000000000012,0.45999999999999996,43
635,2.49,2.6598965627434903,2.4546077144038043,2.87738462868954,0.4227769142857358,True,0.16600000000000012,0.46399999999999997,43
636,1.88,2.066315115446311,1.9084126377056285,2.2327903768949877,0.3243777391893592,False,0.1570000000000001,0.45599999999999996,43
637,1.58,1.584100531592623,1.4620387150246006,1.7122138724413016,0.25017515741670104,True,0.1580000000000001,0.45999999999999996,44
638,1.36,1.4218771335211926,1.316459542107114,1.532092075537578,0.21563253343046407,True,0.1590000000000001,0.46399999999999997,43
639,1.2,1.2297426579536994,1.1396249141509185,1.323656023921091,0.18403110977017256,True,0.16000000000000011,0.46799999999999997,43
640,1.1,1.1186403527316373,1.0382135558656822,1.2022407472000132,0.16402719133433097,True,0.16100000000000012,0.472,43
641,1.03,1.045060064051044,0.9716966169921599,1.1211532390599475,0.14945662206778754,True,0.16200000000000012,0.476,42
642,0.98,0.9920296909991524,0.9237997256214554,1.0626795175055528,0.13887979188409738,True,0.16300000000000012,0.48,42
643,0.93,0.9545108859303779,0.889897297275541,1.0213335448055254,0.1314362475299844,True,0.16400000000000012,0.484,42
644,0.89,0.9092607072531376,0.8480878758521386,0.9724583965359022,0.12437052068376353,True,0.16500000000000012,0.488,41
645,0.85,0.8801775554963134,0.8214289765742613,0.9408210178147258,0.11939204124046454,True,0.16600000000000012,0.492,41
646,0.83,0.8438908042600826,0.7875203486166062,0.9020389338035579,0.11451858518695168,True,0.16700000000000012,0.496,41
647,0.82,0.8347437962534285,0.7797018252662471,0.891488085307121,0.11178626004087389,True,0.16800000000000012,0.5,40
648,3.57,0.8269568060734347,0.7725227970266253,0.8830624784386953,0.11053968141207005,False,0.1590000000000001,0.492,40
649,4.81,4.600725264734642,4.411698617233801,4.796354473832617,0.3846558565988154,False,0.1500000000000001,0.484,41
650,8.74,3.5946602666966374,3.4232353011172423,3.7727289029883897,0.3494936018711474,False,0.1410000000000001,0.476,41
651,5.78,9.067450342873805,8.676436403563468,9.474264716802686,0.7978283132392185,False,0.1320000000000001,0.46799999999999997,42
652,5.07,4.34373080951334,4.118804158895228,4.5785410182024044,0.459736859307176,False,0.12300000000000008,0.45999999999999996,43
653,3.85,4.451990336263204,4.207526224801467,4.707930664879289,0.5004044400778218,False,0.11400000000000007,0.45199999999999996,43
654,3.17,3.2534965968758405,3.0446628801140356,3.4731127997308553,0.42844991961681966,True,0.11500000000000007,0.45599999999999996,44
655,2.9,2.815056159519614,2.612367853240391,3.029117213860884,0.41674936062049284,True,0.11600000000000008,0.45999999999999996,44
656,2.99,2.6447855123299133,2.439343917576102,2.862498705931198,0.4231547883550961,False,0.10700000000000007,0.45199999999999996,43
657,3.28,2.7846225148003705,2.556258728379643,3.0276505939319307,0.47139186555228774,False,0.09800000000000006,0.44399999999999995,44
658,2.97,3.0600858017195156,2.794949091983142,3.343746468733297,0.548797376750155,True,0.09900000000000006,0.44799999999999995,44
659,2.68,2.694913097932178,2.43907111308339,2.969787873630319,0.530716760546929,True,0.10000000000000006,0.45199999999999996,44
660,2.41,2.4883244289559694,2.2326594353340803,2.7642094891426265,0.5315500538085463,True,0.10100000000000006,0.45599999999999996,44
661,2.24,2.2671185292269107,2.0135733408063063,2.5419955902456577,0.5284222494393513,True,0.10200000000000006,0.45999999999999996,44
662,2.55,2.146131449836058,1.8889470573119964,2.426211316193937,0.5372642588819407,False,0.09300000000000005,0.45199999999999996,43
663,2.25,2.5178051534786627,2.204840264554468,2.8613322588049126,0.6564919942504446,True,0.09400000000000006,0.45599999999999996,44
664,2.1,2.1309636540370795,1.8359069379592405,2.456719002900551,0.6208120649413105,True,0.09500000000000006,0.45999999999999996,44
665,1.97,2.0680088625719337,1.7633254916740753,2.4062865229522963,0.642961031278221,True,0.09600000000000006,0.46399999999999997,43
666,1.85,1.9579993136404,1.6479645862141101,2.3043341988220933,0.6563696126079832,True,0.09700000000000006,0.46799999999999997,43
667,1.76,1.8577945880878315,1.5471893518770012,2.2062751446750184,0.6590857927980172,True,0.09800000000000006,0.472,43
668,1.82,1.7859355798617913,1.474502258941718,2.1365649504232924,0.6620626914815744,True,0.09900000000000006,0.476,42
669,1.68,1.8998647156837407,1.565658486605268,2.2776051111908244,0.7119466245855564,True,0.10000000000000006,0.48,42
670,1.6,1.748667315294925,1.4267590521850058,2.113276533724304,0.686517481539298,True,0.10100000000000006,0.484,42
671,1.52,1.6876508155628134,1.3694936579801937,2.048527638834405,0.6790339808542112,True,0.10200000000000006,0.488,41
672,2.05,1.605209326591389,1.2759904676932692,1.9820492360135158,0.7060587683202466,False,0.09300000000000005,0.48,41
673,4.05,2.1522094063294923,1.727312261951953,2.643302705001068,0.915990443049115,False,0.08400000000000005,0.472,42
674,12.57,4.064498721509019,3.332822073223441,4.919732420741798,1.5869103475183568,False,0.07500000000000004,0.46399999999999997,42
675,15.14,13.466263965717209,11.185949827848761,16.17328530662037,4.987335478771611,True,0.07600000000000004,0.46799999999999997,43
676,9.84,12.64773746325351,10.392871166542768,15.348884766895441,4.956013600352673,False,0.06700000000000003,0.45999999999999996,43
677,6.59,7.504559774051655,5.98190690704332,9.3592811983004,3.3773742912570794,True,0.06800000000000003,0.46399999999999997,43
678,5.01,5.4104674946931475,4.162800143412233,6.959652196289987,2.796852052877754,True,0.06900000000000003,0.46799999999999997,43
679,4.83,4.358837081517132,3.307110888655595,5.667377647945049,2.3602667592894537,True,0.07000000000000003,0.472,43
680,4.6,4.502009534235504,3.406650005690694,5.86964221704137,2.4629922113506755,True,0.07100000000000004,0.476,42
681,4.27,4.2224792336790635,3.1613990147663724,5.55411539470946,2.3927163799430877,True,0.07200000000000004,0.48,42
682,19.58,3.968379605213001,2.9415261039693674,5.262750835681981,2.3212247317126136,False,0.06300000000000003,0.472,42
683,15.67,22.56750366597808,16.949445305169025,29.943977354327494,12.994532049158469,False,0.05400000000000003,0.46399999999999997,42
684,21.11,10.039302781033221,7.284771885977959,13.709663412409377,6.424891526431418,False,0.045000000000000026,0.45599999999999996,43
685,19.64,18.19407223134202,12.66399133379211,25.962283554063912,13.298292220271803,True,0.04600000000000003,0.45999999999999996,44
686,16.31,16.200052017724648,10.695352167004792,24.29567174959209,13.600319582587296,True,0.04700000000000003,0.46399999999999997,43
687,18.43,14.068862391293457,8.847636005957888,22.05838818883629,13.210752182878402,True,0.04800000000000003,0.46799999999999997,43
688,22.07,16.650137439818018,10.193472903366223,26.831161457565134,16.63768855419891,True,0.04900000000000003,0.472,43
689,16.16,20.07404513647456,12.364867780988616,32.230061508421095,19.865193727432477,True,0.05000000000000003,0.476,42
690,11.51,13.817468369553056,8.397033380426091,22.36454070068972,13.967507320263628,True,0.05100000000000003,0.48,42
691,8.9,10.138618574967333,6.0639577524510235,16.563641814754405,10.49968406230338,True,0.05200000000000003,0.484,42
692,7.57,8.114543244197849,4.7803171889374365,13.372031124752835,8.591713935815399,True,0.05300000000000003,0.488,41
693,6.97,7.102173987030106,4.1382866162607765,11.775702917849012,7.637416301588235,True,0.054000000000000034,0.492,41
694,7.61,6.666075735280851,3.861719140182754,11.088052699986427,7.226333559803673,True,0.055000000000000035,0.496,41
695,7.1,7.414737073014816,4.3365097998190825,12.26855991351697,7.932050113697888,True,0.056000000000000036,0.5,40
696,6.39,6.767564091923919,3.9260816514643135,11.24808198301196,7.322000331547647,True,0.05700000000000004,0.5,40
697,5.72,6.169584643398339,3.5468513606711785,10.305173598475735,6.758322237804556,True,0.05800000000000004,0.5,40
698,5.09,5.581865779092376,3.1741281903934864,9.378444350053252,6.204316159659766,True,0.05900000000000004,0.5,40
699,6.53,5.0239968685090135,2.8203354476719493,8.498783226986008,5.678447779314059,True,0.06000000000000004,0.5,40
700,6.17,6.667548026679138,3.8626528470124475,11.090374244493264,7.227721397480816,True,0.06100000000000004,0.5,40
701,5.59,5.972857063478444,3.4220894520069223,9.994968816299089,6.572879364292167,True,0.06200000000000004,0.5,40
702,4.94,5.514885483664651,3.1316502139762434,9.272828208372733,6.1411779943964895,True,0.06300000000000004,0.5,40
703,4.38,4.917894277834178,2.7530466530240165,8.33147810869976,5.578431455675743,True,0.06400000000000004,0.5,40
704,4.01,4.434320801328177,2.3523667722690806,7.809251665431349,5.456884893162268,True,0.06500000000000004,0.5,40
705,3.73,4.1310332499560145,2.1652723501999254,7.317610397882911,5.152338047682985,True,0.06600000000000004,0.5,40
706,3.45,3.891792754680621,1.9791288779438685,7.03242737563658,5.053298497692712,True,0.06700000000000005,0.5,40
707,3.52,3.638551280947171,1.7573898488926925,6.803088850355006,5.045699001462314,True,0.06800000000000005,0.5,40
708,3.92,3.7943368984490835,1.7859973062608039,7.250426604568522,5.464429298307719,True,0.06900000000000005,0.5,40
709,3.55,4.230711745529835,2.0126474179332967,8.081827897269575,6.0691804793362785,True,0.07000000000000005,0.5,40
710,3.55,3.758406681091844,1.7172353136339256,7.332894110807938,5.615658797174013,True,0.07100000000000005,0.5,40
711,3.35,3.878642701173015,1.8831647652637673,7.255218325523369,5.372053560259602,True,0.07200000000000005,0.5,40
712,3.47,3.7020930504202534,1.8691487848994663,6.706006454309813,4.836857669410347,True,0.07300000000000005,0.5,40
713,3.62,3.916464362716413,2.0779495466288758,6.8531572605972295,4.775207713968354,True,0.07400000000000005,0.5,40
714,4.35,3.9763792203065558,2.169216447610617,6.814029288838757,4.6448128412281395,True,0.07500000000000005,0.5,40
715,8.37,4.69375944845761,2.6185933447231937,7.95897758287073,5.340384238147537,False,0.06600000000000006,0.492,40
716,15.47,8.15611281706657,4.73434178011852,13.619707916523595,8.885366136405075,False,0.05700000000000006,0.484,41
717,12.92,14.503587138805868,8.483098056781195,24.34627531333694,15.863177256555744,True,0.05800000000000006,0.488,41
718,15.19,11.679402970468901,6.61775254657111,20.1042901045532,13.486537557982091,True,0.05900000000000006,0.492,41
719,24.58,13.91731908915892,7.8312050086921925,24.197740125924096,16.366535117231905,False,0.05000000000000006,0.484,41
720,17.84,22.76498992016731,12.660574832404208,40.34340998344765,27.68283515104344,True,0.05100000000000006,0.488,41
721,15.38,12.836002094027487,6.547955038245304,24.362492618985776,17.81453758074047,True,0.05200000000000006,0.492,41
722,11.14,16.733050548352427,7.676999423953724,35.240763239227725,27.563763815274,True,0.05300000000000006,0.496,41
723,8.63,8.690464205508816,3.634913228386381,19.260378542391862,15.625465314005481,True,0.05400000000000006,0.5,40
724,7.26,8.600509007382934,3.49804859624039,19.49105767284934,15.99300907660895,True,0.05500000000000006,0.5,40
725,7.83,6.827415587923344,2.5528315296776407,16.24495920346227,13.69212767378463,True,0.056000000000000064,0.5,40
726,7.67,8.407071414224658,3.2910525986577115,19.62267720046226,16.33162460180455,True,0.057000000000000065,0.5,40
727,6.82,7.38420504322964,2.595137996734273,18.552766617240096,15.957628620505822,True,0.058000000000000065,0.5,40
728,5.96,6.725108682728851,2.353282735947462,16.796681299857944,14.443398563910481,True,0.059000000000000066,0.5,40
729,11.64,5.837386980651684,2.004737966349357,14.558714685521965,12.553976719172608,True,0.06000000000000007,0.5,40
730,25.67,14.370419166466881,5.930402235130784,33.08889950937086,27.158497274240077,True,0.06100000000000007,0.5,40
731,19.71,27.84650101177762,11.840846410525359,63.802630139740344,51.961783729214986,True,0.06200000000000007,0.5,40
732,26.87,13.20138865554778,5.293868805309343,31.04379468091068,25.749925875601335,True,0.06300000000000007,0.5,40
733,50.65,28.55386529594719,12.320692965570103,64.56948322347363,52.24879025790352,True,0.06400000000000007,0.5,40
734,43.27,51.907916051160186,21.71227863942377,122.24820531294925,100.53592667352548,True,0.06500000000000007,0.5,40
735,32.55,31.152533451481382,12.327634242831046,76.56706017834367,64.23942593551263,True,0.06600000000000007,0.5,40
736,32.65,27.62728506862763,10.511002522006908,70.19462000235838,59.68361748035147,True,0.06700000000000007,0.5,40
737,22.58,30.46556795959494,11.416730535009648,78.73773484318578,67.32100430817613,True,0.06800000000000007,0.5,40
738,15.7,16.05218816050802,5.663200286003292,42.639258701584566,36.97605841558128,True,0.06900000000000008,0.5,40
739,11.74,14.182053513271953,4.883403045585949,38.17711349943687,33.29371045385092,True,0.07000000000000008,0.5,40
740,9.54,9.950843324761708,3.2283764264842576,27.360996616185382,24.132620189701125,True,0.07100000000000008,0.5,40
741,9.44,9.224054184744732,2.9333254155851276,25.575803659267287,22.64247824368216,True,0.07200000000000008,0.5,40
742,36.26,9.54213351102366,3.0433989826904124,26.48592939752375,23.44253041483334,False,0.06300000000000008,0.492,40
743,48.16,65.4208125783019,23.20168486916965,181.28996730644866,158.08828243727902,True,0.06400000000000008,0.496,41
744,23.92,32.330138635168474,11.237788164509407,89.77605581221337,78.53826764770396,True,0.06500000000000009,0.5,40
745,15.9,17.482319411808867,5.9007908805610665,48.50101180465759,42.60022092409652,True,0.06600000000000009,0.5,40
746,11.76,13.698467513994848,4.573044952931209,37.76605142873117,33.19300647579996,True,0.06700000000000009,0.5,40
747,9.45,10.524378690377858,3.423345563348086,29.025079952991213,25.601734389643127,True,0.06800000000000009,0.5,40
748,7.84,9.255410244502356,2.9797932937048834,25.426859769175458,22.447066475470574,True,0.06900000000000009,0.5,40
749,6.75,7.836325225921895,2.4594059516886695,21.57053511171462,19.11112916002595,True,0.07000000000000009,0.5,40
750,6.02,7.173694048380646,2.229250856273297,19.688784293962886,17.45953343768959,True,0.07100000000000009,0.5,40
751,5.45,6.5659725859949924,2.009963509892703,18.01815121143058,16.008187701537878,True,0.07200000000000009,0.5,40
752,4.93,6.149745333824555,1.876200113344856,16.773053446930607,14.896853333585751,True,0.07300000000000009,0.5,40
753,4.51,5.6895215980277785,1.7106270245032595,15.508984381088286,13.798357356585026,True,0.0740000000000001,0.5,40
754,4.29,5.377527351957677,1.6379482588162046,14.41836728185885,12.780419023042647,True,0.0750000000000001,0.5,40
755,4.03,5.288902254694931,1.5954397046423714,14.238378105399548,12.642938400757176,True,0.0760000000000001,0.5,40
756,3.76,4.877235134900107,1.459632724052713,13.043516535261382,11.583883811208668,True,0.0770000000000001,0.5,40
757,3.63,4.546328481846084,1.4308443180213675,11.65476336780638,10.223919049785012,True,0.0780000000000001,0.5,40
758,3.76,4.387365317696753,1.484404893130657,10.682357069321492,9.197952176190835,True,0.0790000000000001,0.5,40
759,3.49,4.5601129990061136,1.6536073158530877,10.650124860986894,8.996517545133806,True,0.0800000000000001,0.5,40
760,3.69,3.882086754584968,1.3834742872806824,9.000011834189829,7.6165375469091465,True,0.0810000000000001,0.5,40
761,4.59,4.602206324971451,1.811500301342071,10.162977892112844,8.351477590770774,True,0.0820000000000001,0.5,40
762,16.43,5.540401238393687,2.3751936937735096,11.67389437177948,9.298700678005972,False,0.07300000000000009,0.492,40
763,25.84,28.838694247993544,15.09570256245107,54.315862788263416,39.22016022581235,True,0.0740000000000001,0.496,41
764,17.79,19.41317139154007,10.541979673063105,35.102781157454885,24.56080148439178,True,0.0750000000000001,0.5,40
765,12.95,14.86526912961542,8.298257420866227,26.070315776617747,17.77205835575152,True,0.0760000000000001,0.5,40
766,13.69,11.35655585043986,6.4659031351417,19.450904561882133,12.985001426740434,True,0.0770000000000001,0.5,40
767,13.88,14.60718335871144,8.720321681375983,24.059270709028446,15.338949027652463,True,0.0780000000000001,0.5,40
768,14.47,12.72583398032214,7.731058006335793,20.57797122853294,12.846913222197148,True,0.0790000000000001,0.5,40
769,12.06,14.687489417356334,9.194225602894022,23.140855206284897,13.946629603390875,True,0.0800000000000001,0.5,40
770,9.67,10.67927498300236,6.695785823492787,16.724695990392856,10.028910166900069,True,0.0810000000000001,0.5,40
771,7.95,9.638442406879681,6.091909969190047,14.958529836980096,8.86661986779005,True,0.0820000000000001,0.5,40
772,6.82,7.761655920801251,4.895728003489467,12.020718464127967,7.1249904606385,True,0.0830000000000001,0.5,40
773,6.05,7.101783564641469,4.477221472553283,10.983977141916837,6.506755669363554,True,0.0840000000000001,0.5,40
774,5.51,6.336699813421686,3.9489807494155293,9.876414130044607,5.927433380629077,True,0.0850000000000001,0.5,40
775,5.26,5.960749987385999,3.6918526287765436,9.326846177930491,5.634993549153948,True,0.0860000000000001,0.5,40
776,11.43,5.767970896879057,3.558192915979099,9.049032786749201,5.4908398707701025,False,0.0770000000000001,0.492,40
777,14.79,16.144620736710145,10.353995794103867,24.888508815396396,14.534513021292529,True,0.0780000000000001,0.496,41
778,11.8,12.297445684453235,7.662214526976172,19.413031930843843,11.750817403867671,True,0.0790000000000001,0.5,40
779,9.62,10.830230595928267,6.680804556168865,17.22131456794229,10.540510011773424,True,0.0800000000000001,0.5,40
780,8.97,8.747833822520818,5.329412230987577,14.012494172251886,8.683081941264309,True,0.0810000000000001,0.5,40
781,8.05,9.146367394346393,5.588940646085458,14.624479993186512,9.035539347101054,True,0.0820000000000001,0.5,40
782,8.75,7.817937415206455,4.720302948866607,12.592989908673294,7.872686959806687,True,0.0830000000000001,0.5,40
783,40.88,9.689083550578696,5.81500337054925,15.765436631331212,9.950433260781963,False,0.0740000000000001,0.492,40
784,32.62,67.56113076005971,38.1862836464178,118.95596963244334,80.76968598602554,False,0.06500000000000009,0.484,41
785,18.78,16.21316724397982,8.678792981172972,29.612611215630338,20.933818234457366,True,0.06600000000000009,0.488,41
786,14.55,15.005116879363907,7.890682503673956,27.812609854895072,19.921927351221115,True,0.06700000000000009,0.492,41
787,15.21,12.070197293033676,6.184861680712071,22.776387753910708,16.591526073198636,True,0.06800000000000009,0.496,41
788,12.48,14.057364537995495,7.217138240319185,26.59162864239186,19.374490402072674,True,0.06900000000000009,0.5,40
789,9.96,10.59480874980908,5.286416540095259,20.3857273197191,15.099310779623838,True,0.07000000000000009,0.5,40
790,8.72,9.339744233450569,4.575238469426533,18.175917119859275,13.60067865043274,True,0.07100000000000009,0.5,40
791,7.47,8.527806148458206,4.114643844099076,16.74885852654876,12.634214682449683,True,0.07200000000000009,0.5,40
792,6.71,7.494378163758178,3.5507928651518137,14.855360269517497,11.304567404365685,True,0.07300000000000009,0.5,40
793,6.45,7.06707324457288,3.3362313115106454,14.007887277727347,10.6716559662167,True,0.0740000000000001,0.5,40
794,7.66,6.974257110634653,3.299750228601363,13.788946586600144,10.48919635799878,True,0.0750000000000001,0.5,40
795,7.78,8.506273446946869,4.142344831868396,16.57354627174871,12.431201439880315,True,0.0760000000000001,0.5,40
796,7.66,7.973486901922678,3.8583951952137374,15.574087521390972,11.715692326177233,True,0.0770000000000001,0.5,40
797,6.95,8.146417681217589,3.958112417501745,15.872742962419988,11.914630544918243,True,0.0780000000000001,0.5,40
798,6.21,7.384932333734756,3.516347640106704,14.567245005003532,11.050897364896827,True,0.0790000000000001,0.5,40
799,5.59,6.964780323613105,3.2670613279482428,13.86684177420005,10.599780446251808,True,0.0800000000000001,0.5,40
800,5.02,6.589625819312629,3.039024799690642,13.261467293191368,10.222442493500726,True,0.0810000000000001,0.5,40
801,4.57,6.128806880067069,2.7751277176422504,12.461766418072619,9.686638700430368,True,0.0820000000000001,0.5,40
802,4.26,5.641112107126224,2.5344119592746495,11.478559524925851,8.944147565651202,True,0.0830000000000001,0.5,40
803,4.42,5.193226050427272,2.3179510226408278,10.560161271206042,8.242210248565215,True,0.0840000000000001,0.5,40
804,4.33,5.460973176092671,2.4677185139816955,11.037936243636345,8.57021772965465,True,0.0850000000000001,0.5,40
805,4.0,5.165512932499474,2.3103665290999746,10.483184531579171,8.172818002479197,True,0.0860000000000001,0.5,40
806,3.77,4.763512432325118,2.0926359720111916,9.74102346936227,7.648387497351079,True,0.0870000000000001,0.5,40
807,3.94,4.528088688403696,1.9703758329236032,9.288181114367044,7.317805281443441,True,0.0880000000000001,0.5,40
808,4.34,4.756786241716734,2.081794593472186,9.75366538153354,7.671870788061355,True,0.0890000000000001,0.5,40
809,5.91,5.113353183224572,2.2536667409550724,10.486452091854868,8.232785350899796,True,0.09000000000000011,0.5,40
810,6.43,6.828890991318547,3.120251465298044,13.875678018723812,10.755426553425767,True,0.09100000000000011,0.5,40
811,8.79,6.7150025036547225,3.0874562315975975,13.561932962431877,10.47447673083428,True,0.09200000000000011,0.5,40
812,7.84,9.300007696801597,4.590122841293787,17.97814441043991,13.388021569146122,True,0.09300000000000011,0.5,40
813,7.37,7.422457980405376,3.7725626861877064,13.863670337321203,10.091107651133497,True,0.09400000000000011,0.5,40
814,7.72,7.497232048944809,3.9474090416109204,13.59409397653219,9.646684934921268,True,0.09500000000000011,0.5,40
815,7.22,7.813743226846384,4.332165607935447,13.568577831335986,9.236412223400539,True,0.09600000000000011,0.5,40
816,6.4,7.287478987238433,4.131867863150869,12.38349111774459,8.25162325459372,True,0.09700000000000011,0.5,40
817,7.27,6.59060620668101,3.714214508635857,11.22203666790226,7.507822159266404,True,0.09800000000000011,0.5,40
818,7.91,7.670953271359998,4.456554901197201,12.778919482256567,8.322364581059366,True,0.09900000000000012,0.5,40
819,6.91,7.981611563750349,4.7489904740955975,13.031915106762195,8.282924632666598,True,0.10000000000000012,0.5,40
820,6.06,6.85990195854481,4.126318631255842,11.051154686575192,6.92483605531935,True,0.10100000000000012,0.5,40
821,5.45,6.24115840437202,3.7702206206766053,9.992023054432705,6.2218024337561,True,0.10200000000000012,0.5,40
822,4.99,5.590118514444298,3.4498277031402065,8.759852500305477,5.310024797165271,True,0.10300000000000012,0.5,40
823,4.56,4.944776745840454,2.965658576405881,7.911601913524986,4.945943337119106,True,0.10400000000000012,0.5,40
824,4.26,4.498105189806717,2.5292694346986964,7.565274269222892,5.036004834524196,True,0.10500000000000012,0.5,40
825,4.02,4.2769300379581185,2.3077900451867532,7.418306556676429,5.110516511489676,True,0.10600000000000012,0.5,40
826,3.77,4.058399704525025,2.1001164520308686,7.253692390805737,5.1535759387748685,True,0.10700000000000012,0.5,40
827,3.58,3.7846903295031344,1.8750411659707917,6.962759566787155,5.087718400816364,True,0.10800000000000012,0.5,40
828,3.72,3.6323482122587682,1.7702228192997698,6.7461819353004655,4.975959116000696,True,0.10900000000000012,0.5,40
829,3.33,3.898552203093076,1.9722599266432619,7.073255461721288,5.1009955350780265,True,0.11000000000000013,0.5,40
830,3.4,3.3303936743818134,1.6552064760954406,6.062467474356965,4.407260998261524,True,0.11100000000000013,0.5,40
831,3.1,3.5795093555832462,1.879312023061174,6.283651709125276,4.404339686064102,True,0.11200000000000013,0.5,40
832,2.94,3.136160978459376,1.6509344492864222,5.4535083635640635,3.8025739142776414,True,0.11300000000000013,0.5,40
833,2.8,3.0300676882778017,1.6383267637707326,5.155964376788676,3.517637613017943,True,0.11400000000000013,0.5,40
834,2.7,2.8518321840990946,1.561314060265957,4.792577882042713,3.231263821776756,True,0.11500000000000013,0.5,40
835,2.64,2.7584568802643172,1.534163334380461,4.574225595154716,3.040062260774255,True,0.11600000000000013,0.5,40
836,2.58,2.700915590861961,1.523996523851662,4.426622454211476,2.9026259303598136,True,0.11700000000000013,0.5,40
837,2.67,2.638317586108556,1.5052318940700533,4.283884054294512,2.7786521602244583,True,0.11800000000000013,0.5,40
838,2.8,2.765941095718125,1.6161279746663686,4.421108016792369,2.804980042126,True,0.11900000000000013,0.5,40
839,2.84,2.892566935372915,1.7250955136824273,4.560200466472257,2.83510495278983,True,0.12000000000000013,0.5,40
840,2.71,2.9054151365611376,1.7518297183449483,4.5425912756164735,2.790761557271525,True,0.12100000000000014,0.5,40
841,2.63,2.739876793170479,1.6339832239701542,4.310086374435311,2.676103150465157,True,0.12200000000000014,0.5,40
842,2.54,2.6707899916086353,1.6032447838122432,4.17611683937056,2.572872055558317,True,0.12300000000000014,0.5,40
843,2.39,2.5745144532676134,1.5313962090836442,4.04747282577481,2.516076616691166,True,0.12400000000000014,0.5,40
844,2.57,2.4112336807185035,1.4122515601040901,3.823922768637856,2.411671208533766,True,0.12500000000000014,0.5,40
845,2.59,2.6572381695114067,1.644837557083731,4.057169198428659,2.4123316413449283,True,0.12600000000000014,0.5,40
846,2.5,2.6253179383086884,1.6620753395809431,3.937099246744716,2.275023907163773,True,0.12700000000000014,0.5,40
847,2.26,2.5238036137214754,1.6278925463206928,3.725152071176508,2.097259524855815,True,0.12800000000000014,0.5,40
848,2.13,2.2603742398508517,1.4052492139291477,3.419517163678056,2.014267949748908,True,0.12900000000000014,0.5,40
849,2.06,2.142406054556453,1.3089304196878304,3.27674897758423,1.9678185578963996,True,0.13000000000000014,0.5,40
850,2.1,2.0763991111400903,1.2790101009358805,3.1527817218260816,1.873771620890201,True,0.13100000000000014,0.5,40
851,2.08,2.1400470762980937,1.3500441855154528,3.1956213853934665,1.8455771998780137,True,0.13200000000000014,0.5,40
852,1.95,2.0771614934239557,1.3072630567781403,3.103963277526552,1.796700220748412,True,0.13300000000000015,0.5,40
853,1.87,1.9191675912028856,1.1919962706869511,2.887570220572814,1.6955739498858629,True,0.13400000000000015,0.5,40
854,1.86,1.8671260347795924,1.1567465884367052,2.811487053409193,1.654740464972488,True,0.13500000000000015,0.5,40
855,1.8,1.872992843868146,1.1771127848492386,2.79130008254908,1.6141872976998415,True,0.13600000000000015,0.5,40
856,1.81,1.7870635221928555,1.1273481303503199,2.6513643281595383,1.5240161978092184,True,0.13700000000000015,0.5,40
857,2.04,1.8290870990504726,1.1607025142792207,2.7042275653961316,1.543525051116911,True,0.13800000000000015,0.5,40
858,1.83,2.137195515247414,1.409912880865122,3.0839632747866643,1.6740503939215423,True,0.13900000000000015,0.5,40
859,1.75,1.76193973203865,1.1223467970236274,2.594281148637748,1.4719343516141206,True,0.14000000000000015,0.5,40
860,1.66,1.7529918073005697,1.1164139946007232,2.5810403401220583,1.464626345521335,True,0.14100000000000015,0.5,40
861,1.6,1.649899032760723,1.0508781141750019,2.423882109469441,1.373003995294439,True,0.14200000000000015,0.5,40
862,1.55,1.5988314169975126,1.0237677814020172,2.3373022320250323,1.313534450623015,True,0.14300000000000015,0.5,40
863,1.52,1.5503083684967374,1.0082708305142605,2.2386432524934814,1.230372421979221,True,0.14400000000000016,0.5,40
864,1.48,1.5235245081867936,1.0096421803028073,2.1688108489342413,1.159168668631434,True,0.14500000000000016,0.5,40
865,1.45,1.482474281418503,0.9957912984889918,2.087837171436743,1.0920458729477511,True,0.14600000000000016,0.5,40
866,1.4,1.4543030029990223,0.9975937356285027,2.015429575641322,1.0178358400128191,True,0.14700000000000016,0.5,40
867,1.38,1.40129443990668,0.975667533479047,1.918616057314427,0.9429485238353801,True,0.14800000000000016,0.5,40
868,1.59,1.3841196447582202,0.9790178367879185,1.8721451494078631,0.8931273126199446,True,0.14900000000000016,0.5,40
869,1.44,1.6621258790147264,1.2217831438125368,2.189741634081768,0.9679584902692313,True,0.15000000000000016,0.5,40
870,1.4,1.4213182565696627,1.0359962038831645,1.8795643569549543,0.8435681530717898,True,0.15100000000000016,0.5,40
871,1.33,1.4058440349964787,1.0382499756919996,1.8397329031062748,0.8014829274142752,True,0.15200000000000016,0.5,40
872,1.28,1.3309343420183137,0.9894959819427211,1.7309705353085638,0.7414745533658427,True,0.15300000000000016,0.5,40
873,1.25,1.2814080651114832,0.9660512423547518,1.6473484756795416,0.6812972333247898,True,0.15400000000000016,0.5,40
874,1.35,1.2524564571445738,0.9569027315254028,1.5926480706465425,0.6357453391211396,True,0.15500000000000017,0.5,40
875,1.69,1.3684681605227733,1.0692689017897696,1.7109291704708807,0.641660268681111,True,0.15600000000000017,0.5,40
876,1.4,1.775188986096798,1.441457061811699,2.1545399790229753,0.7130829172112763,False,0.14700000000000016,0.492,40
877,2.0,1.4365038632620442,1.1515709678364883,1.7591704686647467,0.6075995008282584,False,0.13800000000000015,0.484,41
878,2.65,1.878777681342612,1.5398108508591397,2.262983515403514,0.7231726645443741,False,0.12900000000000014,0.476,41
879,2.2,2.6656586189503004,2.235807900507229,3.1526115034759323,0.9168036029687032,False,0.12000000000000013,0.46799999999999997,42
880,1.9,2.170213635777138,1.776174123250164,2.6201816061526846,0.8440074829025206,True,0.12100000000000014,0.472,43
881,1.71,1.8623327667232155,1.4761599574473738,2.308731668491777,0.8325717110444031,True,0.12200000000000014,0.476,42
882,1.57,1.7048597896422306,1.3156353917205679,2.1595071088403373,0.8438717171197694,True,0.12300000000000014,0.48,42
883,1.47,1.5873186528563026,1.190031674365584,2.0566762525739977,0.8666445782084136,True,0.12400000000000014,0.484,42
884,1.38,1.5046470481933043,1.1001988731623573,1.9869822882904065,0.8867834151280491,True,0.12500000000000014,0.488,41
885,1.3,1.4278676566126869,1.0143399244328175,1.926289295331184,0.9119493708983666,True,0.12600000000000014,0.492,41
886,1.37,1.362515485956814,0.9349494375349281,1.8845608640277507,0.9496114264928226,True,0.12700000000000014,0.496,41
887,1.46,1.4514415713923499,0.9852130857192896,2.0271640969831632,1.0419510112638737,True,0.12800000000000014,0.5,40
888,2.16,1.520926953857276,1.021994462201787,2.1429723599559063,1.1209778977541194,False,0.11900000000000013,0.492,40
889,1.65,2.2048705465123897,1.52199981418262,3.0726391660070433,1.5506393518244233,True,0.12000000000000013,0.496,41
890,1.53,1.615589759659228,1.0218825267330982,2.3836336683161394,1.3617511415830412,True,0.12100000000000014,0.5,40
891,1.44,1.5669431497475932,0.954350491238187,2.371553446312223,1.4172029550740362,True,0.12200000000000014,0.5,40
892,1.42,1.4961489854692203,0.8860692017432059,2.3035690057926907,1.4174998040494848,True,0.12300000000000014,0.5,40
893,1.39,1.4873766862988616,0.8663511232973053,2.3150475825858434,1.448696459288538,True,0.12400000000000014,0.5,40
894,2.33,1.461156567867167,0.8399598426348096,2.292078180837737,1.4521183382029272,False,0.11500000000000013,0.492,40
895,3.01,2.118639448078343,1.3043727570128194,3.220633132166596,1.9162603751537768,True,0.11600000000000013,0.496,41
896,2.66,2.517155790741918,1.6084021279866496,3.742514477971903,2.1341123499852532,True,0.11700000000000013,0.5,40
897,2.35,2.2244113808444066,1.415969588665353,3.3033773279664596,1.8874077393011066,True,0.11800000000000013,0.5,40
898,2.08,2.0872719102647777,1.3455041183239427,3.063624435126039,1.7181203168020964,True,0.11900000000000013,0.5,40
899,1.89,1.9009083495823766,1.2312601761297906,2.771532043956151,1.5402718678263603,True,0.12000000000000013,0.5,40
900,1.75,1.7918132853840745,1.1738176658157067,2.58549916260907,1.4116814967933635,True,0.12100000000000014,0.5,40
901,1.64,1.7005936334521126,1.1267791266729477,2.429225856871793,1.3024467301988452,True,0.12200000000000014,0.5,40
902,1.54,1.6291883102414109,1.095054359229835,2.2994996718134058,1.2044453125835708,True,0.12300000000000014,0.5,40
903,1.43,1.559425050989201,1.0649465126363613,2.172312963819925,1.1073664511835637,True,0.12400000000000014,0.5,40
904,1.36,1.4772965003604952,1.022540042072007,2.034302324324448,1.011762282252441,True,0.12500000000000014,0.5,40
905,1.29,1.4346985635462999,1.0087780496451968,1.9509268564445996,0.9421488067994028,True,0.12600000000000014,0.5,40
906,1.23,1.3769476574912352,0.9814029681856875,1.8514543771106289,0.8700514089249414,True,0.12700000000000014,0.5,40
907,1.18,1.3290530178241573,0.959051078385029,1.7689364609663807,0.8098853825813517,True,0.12800000000000014,0.5,40
908,1.13,1.2907903062933523,0.9428150299888336,1.7010910181386407,0.7582759881498071,True,0.12900000000000014,0.5,40
909,1.08,1.2389882579818337,0.9151272068658434,1.617616418067887,0.7024892112020436,True,0.13000000000000014,0.5,40
910,1.05,1.1903009368572328,0.8859382490007537,1.54378328481303,0.6578450358122763,True,0.13100000000000014,0.5,40
911,1.05,1.1612667919058386,0.8746019995339873,1.4917684644293296,0.6171664648953423,True,0.13200000000000014,0.5,40
912,1.07,1.1598314758547525,0.8856060845734366,1.4739377127902138,0.5883316282167772,True,0.13300000000000015,0.5,40
913,1.04,1.1752814836810015,0.9096917671250606,1.4778079974492258,0.5681162303241651,True,0.13400000000000015,0.5,40
914,0.99,1.1298400149972192,0.8804736606088059,1.4122744096371695,0.5318007490283636,True,0.13500000000000015,0.5,40
915,0.96,1.0828306018238303,0.8483695928836912,1.3470323968734537,0.4986628039897625,True,0.13600000000000015,0.5,40
916,0.93,1.0421775011938221,0.8208829414027481,1.2903663116144286,0.4694833702116805,True,0.13700000000000015,0.5,40
917,0.9,1.0034552718711836,0.7934232378850037,1.238084653749652,0.44466141586464825,True,0.13800000000000015,0.5,40
918,0.88,0.9527803455269086,0.753721039400111,1.1744342413663533,0.4207132019662423,True,0.13900000000000015,0.5,40
919,0.87,0.9379805404761818,0.740119100442814,1.1583399517358384,0.41822085129302433,True,0.14000000000000015,0.5,40
920,0.85,0.9278334303289248,0.7287492166599117,1.1498443494739274,0.4210951328140158,True,0.14100000000000015,0.5,40
921,0.82,0.9017196273142263,0.7034108119140441,1.1231152905789195,0.41970447866487537,True,0.14200000000000015,0.5,40
922,0.81,0.8670184770556961,0.6684463644661187,1.089223883911167,0.42077751944504826,True,0.14300000000000015,0.5,40
923,0.79,0.858585975963486,0.6631685324164942,1.0769643982075414,0.4137958657910472,True,0.14400000000000016,0.5,40
924,0.77,0.8318432648423892,0.6411010110722106,1.0447551517599853,0.4036541406877747,True,0.14500000000000016,0.5,40
925,0.76,0.8094588912223637,0.6195828252638731,1.0215955787813575,0.40201275351748444,True,0.14600000000000016,0.5,40
926,0.75,0.8009893755833701,0.6103395182932645,1.0142104780499346,0.4038709597566701,True,0.14700000000000016,0.5,40
927,0.75,0.7884730078707289,0.59801906423142,1.0016254946373762,0.4036064304059561,True,0.14800000000000016,0.5,40
928,0.75,0.778710409745127,0.5890710780338422,0.990981250285079,0.4019101722512368,True,0.14900000000000016,0.5,40
929,0.72,0.7745734685734837,0.5546685949880081,1.025583462300025,0.4709148673120169,True,0.15000000000000016,0.5,40
930,0.7,0.7188873906946762,0.4600686046050986,1.023585640133855,0.5635170355287564,True,0.15100000000000016,0.5,40
931,0.69,0.7406023430045052,0.3929408030289126,1.175036089031766,0.7820952860028534,True,0.15200000000000016,0.5,40
932,0.68,0.683577535572133,0.28297943422241817,1.2092585763083692,0.9262791420859511,True,0.15300000000000016,0.5,40
933,0.67,0.7030413976646335,0.24995371895498408,1.3203659128950207,1.0704121939400366,True,0.15400000000000016,0.5,40
934,0.65,0.6677069298252845,0.19184992607205764,1.3335542025440592,1.1417042764720016,True,0.15500000000000017,0.5,40
935,0.63,0.6458700912227124,0.15514094176084525,1.3450717217694241,1.189930780008579,True,0.15600000000000017,0.5,40
936,0.62,0.6208434306386525,0.14886057360508403,1.2867295536138244,1.1378689800087403,True,0.15700000000000017,0.5,40
937,0.61,0.6222436885996254,0.1383813918004888,1.3117688009982351,1.1733874091977463,True,0.15800000000000017,0.5,40
938,0.6,0.6035321187269838,0.13032906200526267,1.2748377815106355,1.144508719505373,True,0.15900000000000017,0.5,40
939,0.59,0.5993038269734179,0.12700744629532199,1.2695260260965298,1.1425185798012079,True,0.16000000000000017,0.5,40
940,0.57,0.5845174998504106,0.1275664579079793,1.2266498703680786,1.0990834124600992,True,0.16100000000000017,0.5,40
941,0.56,0.5597367048467865,0.1135348804337065,1.184734965373314,1.0712000849396075,True,0.16200000000000017,0.5,40
942,0.56,0.5615423920135127,0.12365912212287193,1.1700661651271167,1.0464070430042447,True,0.16300000000000017,0.5,40
943,0.58,0.5601345272519587,0.12622910409726223,1.1612119010853483,1.034982796988086,True,0.16400000000000017,0.5,40
944,0.55,0.5981611221327439,0.15855726595708752,1.2045686021282909,1.0460113361712033,True,0.16500000000000017,0.5,40
945,0.54,0.5139808226030826,0.10961816174560726,1.0656997246728608,0.9560815629272535,True,0.16600000000000018,0.5,40
946,0.52,0.5527007207452572,0.14933712274792282,1.0976260841890557,0.948288961441133,True,0.16700000000000018,0.5,40
947,0.52,0.5059638861012778,0.1388833076528652,0.9913604940924583,0.8524771864395931,True,0.16800000000000018,0.5,40
948,0.55,0.526601197917665,0.175662066629804,0.9822968552216529,0.8066347885918489,True,0.16900000000000018,0.5,40
949,0.58,0.5630225589968842,0.22268435271377574,0.998095023061992,0.7754106703482163,True,0.17000000000000018,0.5,40
950,0.59,0.5901706192733429,0.26136824969103883,1.0046822956099741,0.7433140459189354,True,0.17100000000000018,0.5,40
951,0.55,0.591242008214784,0.27650316708728795,0.9835838985695802,0.7070807314822922,True,0.17200000000000018,0.5,40
952,0.53,0.5298450048987238,0.23965966264238234,0.8879582917337716,0.6482986290913892,True,0.17300000000000018,0.5,40
953,0.51,0.5312522940978512,0.24795771983277895,0.878856591787514,0.630898871954735,True,0.17400000000000018,0.5,40
954,0.49,0.5016288662051132,0.24412451791149178,0.8124305239203307,0.5683060060088388,True,0.17500000000000018,0.5,40
955,0.48,0.4857935650355097,0.24677968766922614,0.7706275934185789,0.5238479057493528,True,0.17600000000000018,0.5,40
956,0.48,0.4785611740026675,0.25594113628774845,0.7406414059578024,0.4847002696700539,True,0.17700000000000018,0.5,40
957,0.48,0.4819572924830825,0.27541257603112773,0.7219505734983345,0.44653799746720674,True,0.17800000000000019,0.5,40
958,0.48,0.4804682150185609,0.2833900830740191,0.707809780195904,0.42441969712188493,True,0.1790000000000002,0.5,40
959,0.48,0.48116911955071673,0.29235668868365655,0.6975669178028754,0.40521022911921883,True,0.1800000000000002,0.5,40
960,0.48,0.4808750979096321,0.3016688880248975,0.6847533775939154,0.3830844895690179,True,0.1810000000000002,0.5,40
961,0.48,0.48104312627044654,0.31087250377653286,0.6733044102715167,0.3624319064949838,True,0.1820000000000002,0.5,40
962,0.48,0.4809963724577787,0.3186442159436588,0.6633374102835436,0.3446931943398848,True,0.1830000000000002,0.5,40
963,0.48,0.4810502240510312,0.3267076864358205,0.6533482006533329,0.3266405142175124,True,0.1840000000000002,0.5,40
964,0.49,0.4810919213291061,0.3330730095713988,0.6455462406606116,0.3124732310892128,True,0.1850000000000002,0.5,40
965,0.48,0.4954975711370508,0.35332863671658366,0.6526015371277423,0.2992729004111586,True,0.1860000000000002,0.5,40
966,0.48,0.4753993838329944,0.3425776311358272,0.6213612467036216,0.2787836155677944,True,0.1870000000000002,0.5,40
967,0.46,0.4836022592443862,0.3605520594990377,0.6177812883143146,0.2572292288152769,True,0.1880000000000002,0.5,40
968,0.46,0.4525996251018302,0.3388540851563698,0.5760086885043472,0.2371546033479774,True,0.1890000000000002,0.5,40
969,0.48,0.46394859863072785,0.35843797615343204,0.5776542890102545,0.21921631285682247,True,0.1900000000000002,0.5,40
970,0.46,0.4878477051521711,0.38895392686638147,0.5937827388708918,0.20482881200451036,True,0.1910000000000002,0.5,40
971,0.46,0.45273212103986027,0.3633741715911544,0.5479467482048226,0.18457257661366816,True,0.1920000000000002,0.5,40
972,0.46,0.46432500764759704,0.3815615453183483,0.5520464761691406,0.1704849308507923,True,0.1930000000000002,0.5,40
973,0.45,0.460910475195246,0.385118012645225,0.5408502359010581,0.15573222325583308,True,0.1940000000000002,0.5,40
974,0.45,0.4490289396519944,0.3805605277611674,0.5208930182539755,0.1403324904928081,True,0.1950000000000002,0.5,40
975,0.44,0.45282943602214115,0.3908953240382204,0.5175213646159418,0.12662604057772137,True,0.1960000000000002,0.5,40
976,0.43,0.43909049851261184,0.38377374743682474,0.4966185525237585,0.11284480508693379,True,0.1970000000000002,0.5,40
977,0.42,0.4302482508349867,0.38070737782692865,0.4815666895588618,0.10085931173193313,True,0.1980000000000002,0.5,40
978,0.42,0.42171343954414614,0.3778259585617849,0.466998855421701,0.08917289685991608,True,0.1990000000000002,0.5,40
979,0.42,0.42304562358239295,0.38331519848899664,0.4639171528000163,0.08060195431101963,True,0.2000000000000002,0.5,40
980,0.42,0.4238854711334198,0.38793171033905566,0.4607705982951844,0.07283888795612875,True,0.2010000000000002,0.5,40
981,0.41,0.42268224527453313,0.3903446419053595,0.455771979130022,0.06542733722466249,True,0.2020000000000002,0.5,40
982,0.4,0.40977239800592363,0.3808335822846103,0.4393176988722221,0.05848411658761182,True,0.2030000000000002,0.5,40
983,0.4,0.40066861020752953,0.3738704292146687,0.427989506071644,0.05411907685697531,True,0.2040000000000002,0.5,40
984,0.4,0.40347261508565707,0.37818395496721197,0.4292253034844209,0.05104134851720893,True,0.2050000000000002,0.5,40
985,0.4,0.40199152698690904,0.37762794976973596,0.4267859780803825,0.04915802831064653,True,0.2060000000000002,0.5,40
986,0.4,0.4033017590660253,0.37961118809065464,0.42739914259697964,0.047787954506325,True,0.2070000000000002,0.5,40
987,0.4,0.4034686634961072,0.38089847118147346,0.4264077559085762,0.04550928472710275,True,0.2080000000000002,0.5,40
988,0.4,0.40172048140107913,0.38014349744460885,0.4236347971187176,0.04349129967410875,True,0.2090000000000002,0.5,40
989,0.4,0.40095524141754885,0.3800966916607106,0.42212904379443006,0.042032352133719475,True,0.21000000000000021,0.5,40
990,0.4,0.4008240211128769,0.3803565363793911,0.421594991156335,0.04123845477694388,True,0.21100000000000022,0.5,40
991,1.1,0.4018990446519065,0.3820230495410829,0.4220608925795676,0.04003784303848468,False,0.2020000000000002,0.492,40
992,0.89,0.65629037765531,0.5991475873055674,0.7154750673987518,0.11632748009318439,False,0.1930000000000002,0.484,41
993,0.69,0.5399672066611125,0.4690645450031818,0.614291901372171,0.14522735636898926,False,0.1840000000000002,0.476,41
994,0.52,0.5810504341541705,0.49965172513595624,0.6668673355558405,0.1672156104198843,True,0.1850000000000002,0.48,42
995,0.48,0.48511714942342316,0.40175203891635636,0.5734401565176979,0.1716881176013415,True,0.1860000000000002,0.484,42
996,0.48,0.4765233857901849,0.3889044480395618,0.569669757961069,0.1807653099215072,True,0.1870000000000002,0.488,41
997,0.46,0.47818245001325693,0.3865885058337488,0.5758268198057443,0.18923831397199553,True,0.1880000000000002,0.492,41
998,0.45,0.4645428768648932,0.3704812368008899,0.5650603456509173,0.19457910885002744,True,0.1890000000000002,0.496,41
999,0.44,0.46030752036933287,0.36399504168413027,0.5634206788715488,0.19942563718741851,True,0.1900000000000002,0.5,40
1000,1.88,0.45401374039775655,0.3574768030901597,0.5574159001854107,0.19993909709525093,False,0.1810000000000002,0.492,40
1001,2.53,1.1593169953578832,1.0151452558514835,1.3138033711972938,0.2986581153458103,False,0.17200000000000018,0.484,41
1002,1.63,1.7916638025728084,1.6234053783142217,1.9707138862401958,0.3473085079259741,True,0.17300000000000018,0.488,41
1003,1.78,1.0934086111470904,0.9790626846793702,1.2143611959086487,0.23529851122927847,False,0.16400000000000017,0.48,41
1004,1.73,1.5711280532527323,1.4407770425684108,1.7084405297694856,0.2676634872010748,False,0.15500000000000017,0.472,42
1005,1.23,1.393105633773962,1.2796787129361928,1.5121761860137046,0.23249747307751178,False,0.14600000000000016,0.46399999999999997,42
1006,1.01,0.9684774554283859,0.8804656012866929,1.0606085481587342,0.18014294687204124,True,0.14700000000000016,0.46799999999999997,43
1007,0.89,0.8979646387693889,0.8172515288240076,0.9822626163094454,0.1650110874854378,True,0.14800000000000016,0.472,43
1008,1.4,0.8038805598259062,0.7305765002588231,0.8802896454627473,0.1497131452039242,False,0.13900000000000015,0.46399999999999997,42
1009,1.59,1.392961436938986,1.2959411291284084,1.4940815624706008,0.19814043334219233,False,0.13000000000000014,0.45599999999999996,43
1010,1.4,1.3499541086735887,1.2534373612123688,1.4506047551731562,0.19716739396078742,True,0.13100000000000014,0.45999999999999996,44
1011,1.17,1.192550316643211,1.1014722792443545,1.2875756860998617,0.1861034068555072,True,0.13200000000000014,0.46399999999999997,43
1012,1.04,1.0208920881685124,0.9358482167638367,1.1096720273086973,0.17382381054486062,True,0.13300000000000015,0.46799999999999997,43
1013,1.14,0.9531896711672023,0.8698963375592599,1.0401932529232214,0.17029691536396152,False,0.12400000000000014,0.45999999999999996,43
1014,1.02,1.0927646213802698,1.0006423406253862,1.1891287970701714,0.18848645644478523,True,0.12500000000000014,0.46399999999999997,43
1015,0.95,0.914450980788114,0.8278939010728377,1.0051068367203464,0.17721293564750873,True,0.12600000000000014,0.46799999999999997,43
1016,1.0,0.9118884443299795,0.8228661456820965,1.0052582753928592,0.18239212971076268,True,0.12700000000000014,0.472,43
1017,0.95,0.9690375681500778,0.8743972406153566,1.0684563873523065,0.1940591467369499,True,0.12800000000000014,0.476,42
1018,0.93,0.8957816228759468,0.8016004665118424,0.9948862294605398,0.19328576294869748,True,0.12900000000000014,0.48,42
1019,0.86,0.9075948783011507,0.8094079985022415,1.0111098341186389,0.20170183561639732,True,0.13000000000000014,0.484,42
1020,0.83,0.8290255719478983,0.7325457751180888,0.9308780125081091,0.19833223739002026,True,0.13100000000000014,0.488,41
1021,0.79,0.8312837148458503,0.7316298856537891,0.936672537268807,0.2050426516150179,True,0.13200000000000014,0.492,41
1022,0.77,0.7911368553260854,0.6897814000327178,0.8985717527990902,0.20879035276637237,True,0.13300000000000015,0.496,41
1023,1.05,0.7872106383375257,0.6830084290382543,0.8978644495631485,0.21485602052489416,False,0.12400000000000014,0.488,40
1024,1.11,1.1029595475009901,0.9729288177480158,1.2415602725462382,0.2686314547982225,True,0.12500000000000014,0.492,41
1025,2.99,1.0239227092417171,0.8913570812733063,1.1657798908213732,0.27442280954806697,False,0.11600000000000013,0.484,41
1026,2.58,2.9162432014314112,2.639005380108268,3.21460240113782,0.575597021029552,False,0.10700000000000012,0.476,41
1027,3.3,1.646170118166017,1.4368608245417507,1.873457615533507,0.4365967909917563,False,0.09800000000000011,0.46799999999999997,42
1028,3.49,2.8163706415710466,2.5013790847917288,3.159699513002531,0.6583204282108022,False,0.0890000000000001,0.45999999999999996,43
1029,4.98,2.9502735798346067,2.617698125680491,3.313422738278936,0.6957246125984446,False,0.0800000000000001,0.45199999999999996,43
1030,7.87,4.567555455883229,4.086393807205549,5.094233936511722,1.0078401293061736,False,0.07100000000000009,0.44399999999999995,44
1031,15.45,7.684881146719723,6.829175088223329,8.634113387769993,1.8049382995466638,False,0.06200000000000009,0.43599999999999994,44
1032,24.4,16.581020253967086,14.490731172571179,18.953368871167182,4.462637698596003,False,0.05300000000000009,0.42799999999999994,45
1033,10.55,25.46771938382371,21.53799978590295,30.08262383687707,8.544624050974118,False,0.04400000000000009,0.41999999999999993,46
1034,6.4,7.943211165072865,6.486786526703263,9.682957989761578,3.196171463058315,False,0.03500000000000009,0.4119999999999999,46
1035,4.7,5.562060662011127,4.267572028790688,7.17466565175752,2.9070936229668316,True,0.03600000000000009,0.4159999999999999,47
1036,3.92,4.115265030832396,2.984666060810788,5.566657264707546,2.581991203896758,True,0.03700000000000009,0.41999999999999993,47
1037,3.6,3.6259467655168427,2.513920739165785,5.089887924585349,2.5759671854195636,True,0.03800000000000009,0.42399999999999993,46
1038,11.25,3.4079893132374623,2.284667205413514,4.915475928152527,2.630808722739013,False,0.029000000000000088,0.4159999999999999,46
1039,14.65,13.404197323228562,9.282675636096277,19.177715204607296,9.895039568511018,True,0.03000000000000009,0.41999999999999993,47
1040,12.2,12.74422331658141,8.619279359358607,18.63802770654285,10.018748347184243,True,0.03100000000000009,0.42399999999999993,46
1041,14.94,10.421139032972636,6.993403805342474,15.318757313787724,8.32535350844525,True,0.03200000000000009,0.42799999999999994,46
1042,14.37,14.462003359500528,9.821515799364295,21.09242700576659,11.270911206402296,True,0.03300000000000009,0.43199999999999994,46
1043,12.08,12.62270292188846,8.534229910038269,18.464396878308914,9.930166968270646,True,0.03400000000000009,0.43599999999999994,45
1044,14.18,10.631036992458977,7.140306766881421,15.61866381625023,8.478357049368809,True,0.035000000000000094,0.43999999999999995,45
1045,23.96,13.75038276248454,9.323468207812724,20.075648925343017,10.752180717530294,False,0.026000000000000092,0.43199999999999994,45
1046,63.95,25.064327142982055,17.24184883547272,36.24124432471685,18.999395489244133,False,0.01700000000000009,0.42399999999999993,45
1047,33.83,78.12005033196807,54.374381624862664,112.04834800579475,57.673966380932086,False,0.00800000000000009,0.4159999999999999,46
1048,29.46,23.347864095529452,16.040534131604144,33.78872677558296,17.748192643978815,True,0.009000000000000091,0.41999999999999993,47
1049,27.67,26.903139701943708,18.52879326927058,38.86857736116883,20.339784091898252,True,0.010000000000000092,0.42399999999999993,46
1050,20.38,24.565461978726365,16.892704088105404,35.5284555630803,18.635751474974896,True,0.011000000000000093,0.42799999999999994,46
1051,14.04,17.402189240349376,11.87928717755532,25.293424796659384,13.414137619104064,True,0.012000000000000094,0.43199999999999994,46
1052,11.19,12.163851826299654,8.213090128535189,17.80878103732651,9.595690908791322,True,0.013000000000000095,0.43599999999999994,45
1053,15.13,10.221902493559659,6.853962537032088,15.034084066633227,8.180121529601138,False,0.004000000000000094,0.42799999999999994,45
1054,12.46,15.283109709453292,10.39619005937941,22.265640571857087,11.869450512477677,True,0.005000000000000094,0.43199999999999994,46
1055,9.69,10.992004330149044,7.3929398608632155,16.13442133964281,8.741481478779594,True,0.006000000000000094,0.43599999999999994,45
1056,7.88,8.953366271807603,5.966141958638474,13.221573537975992,7.255431579337518,True,0.007000000000000094,0.43999999999999995,45
1057,7.42,7.467072485368018,4.925917654032418,11.097926542008604,6.172008887976187,True,0.008000000000000094,0.44399999999999995,45
1058,6.22,7.329531209496302,4.829655542629114,10.901404750696948,6.071749208067834,True,0.009000000000000095,0.44799999999999995,44
1059,5.7,6.090903467520038,3.962767250880608,9.131628070360483,5.168860819479875,True,0.010000000000000096,0.45199999999999996,44
1060,7.06,5.872827127865884,3.810140421085948,8.820036130850662,5.009895709764714,True,0.011000000000000097,0.45599999999999996,44
1061,7.02,7.964271403444473,5.27389623237655,11.80833453698559,6.534438304609041,True,0.012000000000000097,0.45999999999999996,44
1062,8.53,7.179084912410101,4.724361490945065,10.686444000826036,5.962082509880971,True,0.013000000000000098,0.46399999999999997,43
1063,9.18,9.317490365773692,6.220984396850862,13.741841499374663,7.520857102523801,True,0.0140000000000001,0.46799999999999997,43
1064,8.34,9.306282298980625,6.213140117616051,13.725827184040197,7.512687066424146,True,0.0150000000000001,0.472,43
1065,7.42,8.408799528379365,5.465419652947787,12.692151989681019,7.226732336733232,True,0.0160000000000001,0.476,42
1066,6.5,7.736476815763089,4.878415751905091,11.9841151721244,7.105699420219309,True,0.017000000000000102,0.48,42
1067,5.76,7.038727265355819,4.390540925957921,10.987875972816513,6.597335046858592,True,0.018000000000000103,0.484,42
1068,6.1,6.403994763166628,3.956494250908179,10.060062955375027,6.1035687044668485,True,0.019000000000000104,0.488,41
1069,6.42,7.135487601136802,4.37808782233767,11.306634010948855,6.928546188611185,True,0.020000000000000104,0.492,41
1070,6.14,7.245650215990732,4.385739009522377,11.624218768168202,7.238479758645825,True,0.021000000000000105,0.496,41
1071,6.04,6.8276022581666185,4.106013488210643,10.99984239241153,6.893828904200887,True,0.022000000000000106,0.5,40
1072,6.27,6.779044734741929,4.015577798576162,11.065117802039659,7.0495400034634965,True,0.023000000000000107,0.5,40
1073,6.17,6.904241551838026,3.938868429078961,11.650070640058335,7.711202210979374,True,0.024000000000000108,0.5,40
1074,6.1,6.590936695615671,3.5767842077496432,11.590132569343234,8.013348361593591,True,0.02500000000000011,0.5,40
1075,30.08,6.498050052698303,3.4375048641242145,11.669451936221085,8.23194707209687,False,0.016000000000000108,0.492,40
1076,26.26,37.598410452000465,21.665666679473574,64.73101557036136,43.06534889088779,True,0.01700000000000011,0.496,41
1077,18.32,19.58792375047771,10.80069994281361,34.91842911094506,24.117729168131454,True,0.01800000000000011,0.5,40
1078,13.47,16.012148107748768,8.138527746908453,30.669563331783714,22.531035584875262,True,0.01900000000000011,0.5,40
1079,10.29,12.61434878567632,5.6527301223561555,26.86081645416301,21.208086331806854,True,0.02000000000000011,0.5,40
1080,8.31,10.16866937915106,3.8644267833814334,24.643139727570524,20.778712944189092,True,0.021000000000000112,0.5,40
1081,7.0,8.675975430882374,2.4958017425948436,25.781982341351057,23.286180598756214,True,0.022000000000000113,0.5,40
1082,10.16,7.591116644714555,2.1923288109323367,22.12020144990505,19.927872638972712,True,0.023000000000000114,0.5,40
1083,12.88,11.06798824848968,3.5899736485272795,30.729232348079663,27.139258699552382,True,0.024000000000000115,0.5,40
1084,11.17,12.823075045662627,4.380695028129241,34.51165838597149,30.130963357842244,True,0.025000000000000116,0.5,40
1085,10.49,11.013778598689969,3.783674791094552,29.171548552387442,25.38787376129289,True,0.026000000000000117,0.5,40
1086,16.77,10.766295596695295,3.735769765039569,28.23404619262658,24.498276427587008,True,0.027000000000000118,0.5,40
1087,28.62,17.162338578857973,6.226305438263943,44.64857456846181,38.42226913019787,True,0.02800000000000012,0.5,40
1088,20.42,26.220347456994034,9.754617379890531,67.89573933749966,58.14112195760913,True,0.02900000000000012,0.5,40
1089,15.61,15.55368593886735,5.4693690743775925,41.35722448545231,35.887855411074725,True,0.03000000000000012,0.5,40
1090,11.55,13.580414495989686,4.632066240532766,36.74609136251144,32.11402512197868,True,0.03100000000000012,0.5,40
1091,8.99,10.495476300775882,3.3871802695744124,29.120935831642747,25.733755562068335,True,0.03200000000000012,0.5,40
1092,7.5,8.901603457491966,2.745151542662012,25.17831345743886,22.43316191477685,True,0.03300000000000012,0.5,40
1093,6.56,7.914882593360495,2.3577406247447574,22.669228965368145,20.311488340623388,True,0.03400000000000012,0.5,40
1094,5.84,7.225308986422094,2.089474044016699,20.898778548776953,18.809304504760256,True,0.03500000000000012,0.5,40
1095,5.1,6.59896293252773,1.8506671005211741,19.256394595978367,17.405727495457192,True,0.03600000000000012,0.5,40
1096,4.65,5.881306071121807,1.5824722247942233,17.336062936061573,15.75359071126735,True,0.03700000000000012,0.5,40
1097,5.29,5.511174773830756,1.448778789898177,16.312873302505555,14.864094512607377,True,0.038000000000000124,0.5,40
1098,17.02,6.295828069417023,1.75359827772688,18.330745391965614,16.577147114238734,True,0.039000000000000125,0.5,40
1099,10.61,18.50895555707955,6.350601429451448,50.77798722743535,44.4273857979839,True,0.040000000000000126,0.5,40
1100,8.92,8.680951094145703,2.6695114699495064,24.540406360558546,21.87089489060904,True,0.04100000000000013,0.5,40
1101,75.1,9.171325814708883,2.899640033366524,25.529594512253176,22.629954478886653,False,0.032000000000000126,0.492,40
1102,79.17,58.435435546326154,18.715512697948487,178.1772322993698,159.4617196014213,True,0.033000000000000126,0.496,41
1103,34.45,23.014069092653312,7.028585175121767,70.8277880608,63.799202885678234,True,0.03400000000000013,0.5,40
1104,20.62,20.861640306524205,6.115742551756555,66.1653468932577,60.04960434150115,True,0.03500000000000013,0.5,40
1105,15.32,14.231407214595448,4.103957841778799,44.4540913010317,40.3501334592529,True,0.03600000000000013,0.5,40
1106,23.67,13.350177443735772,3.915448504814144,40.89395788909585,36.97850938428171,True,0.03700000000000013,0.5,40
1107,46.37,21.756610615572203,7.010674468466643,63.64665725055981,56.635982782093166,True,0.03800000000000013,0.5,40
1108,32.1,34.04901290095395,11.50470327478984,97.23770131417866,85.73299803938883,True,0.03900000000000013,0.5,40
1109,22.67,17.80140198208157,5.8392727988456645,50.685716725831334,44.84644392698567,True,0.04000000000000013,0.5,40
1110,16.27,18.792855296268264,6.423196783644268,51.77471852048755,45.35152173684329,True,0.041000000000000134,0.5,40
1111,12.64,12.885144022636563,4.4515600507962,34.365514225822736,29.913954175026536,True,0.042000000000000134,0.5,40
1112,10.5,13.082087569355618,4.702567218681421,33.77472210434606,29.07215488566464,True,0.043000000000000135,0.5,40
1113,9.48,10.213123493339149,3.6813889168479337,25.858297977415955,22.176909060568022,True,0.044000000000000136,0.5,40
1114,8.53,12.009455352498916,4.620291067431848,29.11337429646654,24.493083229034692,True,0.04500000000000014,0.5,40
1115,13.9,9.207892639639047,3.514972829276191,22.079003148530976,18.564030319254783,True,0.04600000000000014,0.5,40
1116,12.61,19.095822105136946,7.693742126902162,45.452041041296866,37.7582989143947,True,0.04700000000000014,0.5,40
1117,9.7,10.11334440032759,3.757042914904188,24.962856751478384,21.205813836574194,True,0.04800000000000014,0.5,40
1118,8.11,11.771671104951146,4.570041186643897,28.28444823786405,23.714407051220157,True,0.04900000000000014,0.5,40
1119,7.03,8.589960284203407,3.269381440391337,20.54113881287891,17.27175737248757,True,0.05000000000000014,0.5,40
1120,6.27,9.03454677667337,3.5088466970518146,21.332125214877042,17.823278517825226,True,0.05100000000000014,0.5,40
1121,5.65,7.551170370435221,2.921520660335413,17.646469325997373,14.724948665661959,True,0.05200000000000014,0.5,40
1122,5.14,7.509877041421877,2.9048268713708265,17.545766469460943,14.640939598090117,True,0.053000000000000144,0.5,40
1123,4.68,6.711613721088068,2.571341490139771,15.651722146275723,13.080380656135953,True,0.054000000000000145,0.5,40
1124,4.45,6.358925221262422,2.377742910743894,15.032534696433036,12.654791785689142,True,0.055000000000000146,0.5,40
1125,4.64,6.029270963811526,2.33718397527946,13.806091198057523,11.468907222778062,True,0.05600000000000015,0.5,40
1126,5.1,6.372304742392655,2.2246578668010772,15.854773268899486,13.630115402098408,True,0.05700000000000015,0.5,40
1127,4.49,6.683870755129365,2.375826133311103,16.48960623265939,14.113780099348288,True,0.05800000000000015,0.5,40
1128,4.18,5.401890664245288,1.8768147658744976,13.24638268793526,11.369567922060762,True,0.05900000000000015,0.5,40
1129,4.11,5.5917336137188505,1.9607811009533402,13.675503035411921,11.71472193445858,True,0.06000000000000015,0.5,40
1130,4.03,5.197121671577544,1.7869215781677057,12.780192924404217,10.993271346236511,True,0.06100000000000015,0.5,40
1131,4.19,5.174850204532273,1.8026885836974564,12.604356641761013,10.801668058063557,True,0.06200000000000015,0.5,40
1132,4.03,5.318784369861889,1.9811104489669509,12.393343385397507,10.412232936430556,True,0.06300000000000015,0.5,40
1133,3.98,4.875489409887385,1.8182267273564348,11.249325247894692,9.431098520538256,True,0.06400000000000015,0.5,40
1134,3.88,5.025529442189239,1.9331424223528928,11.378193701744904,9.445051279392011,True,0.06500000000000015,0.5,40
1135,3.67,4.687606474836564,1.8196763025611729,10.47254647039436,8.652870167833186,True,0.06600000000000016,0.5,40
1136,3.54,4.540631821500512,1.846678737161957,9.784006140443354,7.937327403281397,True,0.06700000000000016,0.5,40
1137,3.41,4.3305788080609835,1.8178966545933273,9.0837872753888,7.265890620795473,True,0.06800000000000016,0.5,40
1138,3.28,4.100744503837808,1.7749341107373051,8.375932348360763,6.6009982376234575,True,0.06900000000000016,0.5,40
1139,3.16,3.9169544303850543,1.7353231508303129,7.838604997418459,6.103281846588146,True,0.07000000000000016,0.5,40
1140,3.46,3.5769329490574515,1.4491917431127983,7.553154435162146,6.103962692049347,True,0.07100000000000016,0.5,40
1141,3.41,3.814283269869092,1.496923628105694,8.282351747428116,6.785428119322422,True,0.07200000000000016,0.5,40
1142,3.22,3.401840526404304,1.180138124043339,7.887602031361078,6.70746390731774,True,0.07300000000000016,0.5,40
1143,3.0,3.316237716398616,1.0771977660570924,7.968769526372528,6.891571760315435,True,0.07400000000000016,0.5,40
1144,2.89,3.0674304656091005,0.9209421998261389,7.612435394496737,6.691493194670598,True,0.07500000000000016,0.5,40
1145,2.85,3.0123784983480535,0.8831183820848763,7.549213563611293,6.6660951815264164,True,0.07600000000000016,0.5,40
1146,3.15,2.9621396283940555,0.8683169873719716,7.402509071532139,6.534192084160167,True,0.07700000000000017,0.5,40
1147,3.02,3.3392722035150095,1.009238815301471,8.37135153511994,7.3621127198184695,True,0.07800000000000017,0.5,40
1148,2.94,2.9624737152040272,0.8197195287486085,7.62836151155682,6.808641982808211,True,0.07900000000000017,0.5,40
1149,2.81,2.982279693979879,0.837300668805006,7.631440585823656,6.79413991701865,True,0.08000000000000017,0.5,40
1150,2.74,2.822224193593616,0.7862847013155618,7.178650231585619,6.392365530270057,True,0.08100000000000017,0.5,40
1151,2.51,2.777126795196433,0.7850326772236964,6.992395326443096,6.2073626492194,True,0.08200000000000017,0.5,40
1152,2.6,2.516044082946933,0.6697047482145702,6.404043143822604,5.7343383956080345,True,0.08300000000000017,0.5,40
1153,5.31,2.6661153556599233,0.7517853261393943,6.672402320337733,5.920616994198339,True,0.08400000000000017,0.5,40
1154,58.89,7.840997683192269,3.0697760557312908,18.205784044096756,15.136007988365465,False,0.07500000000000018,0.492,40
1155,45.27,225.47869623201254,93.58011284375019,541.31908066857,447.73896782481984,False,0.06600000000000017,0.484,41
1156,31.65,11.657819780901912,4.334880714888075,29.032611818041964,24.697731103153888,False,0.05700000000000017,0.476,41
1157,20.63,22.849792870778213,9.26024966560457,54.438477475441324,45.178227809836756,True,0.05800000000000017,0.48,42
1158,15.71,14.487225136263502,5.768399342739392,34.437350882466575,28.668951539727182,True,0.05900000000000017,0.484,42
1159,12.61,12.50695124663526,4.986698637218668,29.47384594320247,24.487147305983804,True,0.06000000000000017,0.488,41
1160,10.41,10.364946807036555,4.101592794113959,24.31797835291618,20.216385558802223,True,0.06100000000000017,0.492,41
1161,8.78,8.930746613000965,3.509719803558454,20.868260687462868,17.358540883904414,True,0.06200000000000017,0.496,41
1162,8.22,7.787537946066836,3.0277765167611266,18.172072440518736,15.14429592375761,True,0.06300000000000017,0.5,40
1163,7.93,7.572618980955239,2.964787237815423,17.53562165750073,14.570834419685307,True,0.06400000000000017,0.5,40
1164,7.07,7.360154869210408,2.9006527965030773,16.918075020632607,14.017422224129529,True,0.06500000000000017,0.5,40
1165,6.48,6.571725306648216,2.5620745970640284,15.094840957735983,12.532766360671953,True,0.06600000000000017,0.5,40
1166,6.08,6.2151805732583325,2.352437844625806,14.5286490361569,12.176211191531094,True,0.06700000000000017,0.5,40
1167,6.27,5.9020223993125285,2.1539256665370123,14.104323385312359,11.950397718775346,True,0.06800000000000017,0.5,40
1168,9.01,6.195401640234167,2.246479299095016,14.947677466699673,12.701198167604657,True,0.06900000000000017,0.5,40
1169,14.55,9.043379350448204,3.615931616294345,20.852461683127586,17.23653006683324,True,0.07000000000000017,0.5,40
1170,14.92,13.767655484775402,5.918188962219574,30.523228074280418,24.605039112060844,True,0.07100000000000017,0.5,40
1171,11.83,12.533232479253435,5.4539602978290125,27.37767399950193,21.923713701672916,True,0.07200000000000017,0.5,40
1172,9.52,10.022384105543114,4.339277626272096,21.754567166973924,17.415289540701828,True,0.07300000000000018,0.5,40
1173,10.05,8.494131028961995,3.6633269088122953,18.32923120289167,14.665904294079375,True,0.07400000000000018,0.5,40
1174,9.28,9.552559519054308,4.25336536781691,20.19717640150718,15.943811033690269,True,0.07500000000000018,0.5,40
1175,10.03,8.453721325363809,3.7640128573457323,17.759992798892757,13.995979941547024,True,0.07600000000000018,0.5,40
1176,9.79,9.612995758822098,4.38907948062003,19.90072699462521,15.51164751400518,True,0.07700000000000018,0.5,40
1177,9.15,9.021281891046215,4.148275676247513,18.506743044694453,14.35846736844694,True,0.07800000000000018,0.5,40
1178,8.25,8.582406412998969,3.9756303754745383,17.45444812711322,13.478817751638683,True,0.07900000000000018,0.5,40
1179,7.13,7.813426368145988,3.6965525822160235,15.539042837689276,11.842490255473253,True,0.08000000000000018,0.5,40
1180,6.31,6.911928943800485,3.3205260496215985,13.488656911866183,10.168130862244585,True,0.08100000000000018,0.5,40
1181,5.67,6.3360192254956615,3.101306352006385,12.121960043417452,9.020653691411066,True,0.08200000000000018,0.5,40
1182,5.12,5.834228917906988,2.805949026409792,11.27202061253438,8.466071586124588,True,0.08300000000000018,0.5,40
1183,4.65,5.393597136806329,2.591686897026279,10.381305085814386,7.789618188788107,True,0.08400000000000019,0.5,40
1184,4.26,5.02098724547808,2.4307264046072525,9.566942138412774,7.136215733805521,True,0.08500000000000019,0.5,40
1185,3.91,4.707899621595073,2.416158134592308,8.53706380284218,6.120905668249872,True,0.08600000000000019,0.5,40
1186,3.58,4.434750248985644,2.413111617249371,7.653836610433798,5.240724993184427,True,0.08700000000000019,0.5,40
1187,3.37,4.141354116386581,2.337008786897375,6.921322309331447,4.584313522434072,True,0.08800000000000019,0.5,40
1188,3.19,3.989527912927133,2.3530670577877206,6.42466176930694,4.07159471151922,True,0.08900000000000019,0.5,40
1189,11.85,3.816599334571351,2.335497120292145,5.9553737608267525,3.6198766405346077,False,0.08000000000000018,0.492,40
1190,9.36,14.814696237363538,10.10505060575645,21.521699896661023,11.416649290904573,False,0.07100000000000017,0.484,41
1191,7.44,7.422301724729364,4.933902411321364,10.95421856062903,6.020316149307666,True,0.07200000000000017,0.488,41
1192,6.26,7.779591290723847,5.20974144209948,11.412952125441999,6.203210683342519,True,0.07300000000000018,0.492,41
1193,5.79,6.312324023257597,4.278396770456133,9.1299854759667,4.851588705510567,True,0.07400000000000018,0.496,41
1194,5.26,5.984928690873661,4.127160689324657,8.515837667848967,4.38867697852431,True,0.07500000000000018,0.5,40
1195,5.36,5.451985426896501,3.761706743066182,7.742267887349872,3.9805611442836897,True,0.07600000000000018,0.5,40
1196,5.63,5.750645424321066,3.885035331066657,8.328737779048238,4.443702447981581,True,0.07700000000000018,0.5,40
1197,5.65,6.056013090273289,4.1359388120493685,8.693908465829567,4.557969653780199,True,0.07800000000000018,0.5,40
1198,5.55,6.033613191510137,4.178652018291072,8.553010002033467,4.374357983742395,True,0.07900000000000018,0.5,40
1199,5.27,5.926700946265087,4.1714874270733695,8.277637560871316,4.1061501337979465,True,0.08000000000000018,0.5,40
1200,5.06,5.647508948690394,4.021292035677493,7.8003993611490205,3.7791073254715277,True,0.08100000000000018,0.5,40
1201,5.15,5.459924813686771,3.9310553387548755,7.462818956930086,3.5317636181752103,True,0.08200000000000018,0.5,40
1202,4.9,5.55339586198913,4.048701217347773,7.506543658469363,3.4578424411215902,True,0.08300000000000018,0.5,40
1203,7.4,5.26879977615866,3.872445969860628,7.065323017771901,3.1928770479112725,False,0.07400000000000018,0.492,40
1204,13.88,7.617893576608566,5.686091255459687,10.107848645814668,4.421757390354981,False,0.06500000000000017,0.484,41
1205,11.23,12.850966114391737,9.655184096554118,17.005250830351404,7.350066733797286,True,0.06600000000000017,0.488,41
1206,10.52,9.18522605486766,6.772791478249266,12.34640586706194,5.573614388812674,True,0.06700000000000017,0.492,41
1207,10.57,9.544334227208571,7.021085643569988,12.861338631162823,5.8402529875928355,True,0.06800000000000017,0.496,41
1208,9.32,9.638512243524735,7.0693176042627694,13.025714230883331,5.9563966266205615,True,0.06900000000000017,0.5,40
1209,8.34,8.788674036414895,6.391326213322438,11.963592273667532,5.572266060345093,True,0.07000000000000017,0.5,40
1210,8.6,8.034800613216234,5.721058081728721,11.145055306467013,5.423997224738292,True,0.07100000000000017,0.5,40
1211,8.47,8.258092017889718,5.8105239499864005,11.585267806287424,5.774743856301024,True,0.07200000000000017,0.5,40
1212,7.84,8.023266804372527,5.5871751371541505,11.360282234436946,5.773107097282796,True,0.07300000000000018,0.5,40
1213,6.96,7.528182624928828,5.19120774619274,10.747287745087048,5.556079998894308,True,0.07400000000000018,0.5,40
1214,6.19,6.833776830967733,4.669375270523819,9.824483564612718,5.155108294088899,True,0.07500000000000018,0.5,40
1215,7.66,6.2822016889813135,4.263131049804658,9.075839065601551,4.812708015796893,True,0.07600000000000018,0.5,40
1216,7.23,7.599881944361593,5.221175008004677,10.888103029057392,5.6669280210527155,True,0.07700000000000018,0.5,40
1217,6.94,6.963253079949028,4.763878682767527,10.001862305830095,5.237983623062568,True,0.07800000000000018,0.5,40
1218,6.16,6.812267860410531,4.6466033687462724,9.808538361417492,5.1619349926712195,True,0.07900000000000018,0.5,40
1219,5.51,6.187646557066366,4.183385023682617,8.96689668879811,4.783511665115493,True,0.08000000000000018,0.5,40
1220,6.28,5.735762756336161,3.8469765339458624,8.360577587263409,4.513601053317546,True,0.08100000000000018,0.5,40
1221,9.32,6.434820700267731,4.34267900409739,9.346224956194641,5.003545952097251,True,0.08200000000000018,0.5,40
1222,14.26,8.698490754144183,5.9416981447903865,12.550102719290814,6.608404574500428,False,0.07300000000000018,0.492,40
1223,12.23,12.000972071666425,8.2471697423877,17.278595453208,9.031425710820299,True,0.07400000000000018,0.496,41
1224,9.82,9.769073620527285,6.620762817318124,14.218023369102767,7.597260551784642,True,0.07500000000000018,0.5,40
1225,8.2,8.517975966799304,5.683243156155227,12.555075640355023,6.871832484199796,True,0.07600000000000018,0.5,40
1226,6.94,7.570187146226878,4.962378306022626,11.318592338758872,6.356214032736246,True,0.07700000000000018,0.5,40
1227,6.84,6.848945134258946,4.393363540928183,10.42254536581915,6.029181824890967,True,0.07800000000000018,0.5,40
1228,6.68,7.018481848253508,4.452004943630339,10.793102136836662,6.341097193206323,True,0.07900000000000018,0.5,40
1229,6.21,6.767248619815508,4.043369720611865,10.962270161448053,6.918900440836189,True,0.08000000000000018,0.5,40
1230,6.43,6.34512369138513,3.600763579888982,10.726497374822497,7.125733794933515,True,0.08100000000000018,0.5,40
1231,7.66,6.854362000984282,3.682013160591006,12.17617023415599,8.494157073564985,True,0.08200000000000018,0.5,40
1232,7.11,8.06711134783326,4.19280420996434,14.832006151175735,10.639201941211395,True,0.08300000000000018,0.5,40
1233,7.14,6.615745818412736,3.195195269842567,12.825240695613108,9.63004542577054,True,0.08400000000000019,0.5,40
1234,7.21,7.535224098703736,3.666568377417711,14.61105388868324,10.94448551126553,True,0.08500000000000019,0.5,40
1235,6.48,7.061829419182455,3.4001121205462335,13.770781244530518,10.370669123984285,True,0.08600000000000019,0.5,40
1236,5.76,6.495375151957072,3.0676496307257297,12.811575177027237,9.743925546301508,True,0.08700000000000019,0.5,40
1237,5.09,5.949947826753483,2.827739673853375,11.618876650503818,8.791136976650442,True,0.08800000000000019,0.5,40
1238,4.55,5.411370258057233,2.606206599426508,10.398589474168752,7.792382874742244,True,0.08900000000000019,0.5,40
1239,4.14,4.9710944744915615,2.4329933368015078,9.385679704383632,6.952686367582125,True,0.09000000000000019,0.5,40
1240,3.81,4.591360108408492,2.286897416714163,8.511494853147878,6.224597436433715,True,0.09100000000000019,0.5,40
1241,3.56,4.259432052280017,2.171496847553079,7.721946400133525,5.550449552580446,True,0.09200000000000019,0.5,40
1242,3.53,4.0004411467465655,2.0917200917351,7.087540566469398,4.995820474734298,True,0.0930000000000002,0.5,40
1243,3.41,4.007648506853293,2.1450805207368013,6.973259636072946,4.828179115336145,True,0.0940000000000002,0.5,40
1244,4.53,3.49500727801467,1.8572759440841793,6.0714522590085505,4.214176314924371,True,0.0950000000000002,0.5,40
1245,4.1,5.522231222415092,3.2187636379764966,9.08340446848311,5.864640830506613,True,0.0960000000000002,0.5,40
1246,3.74,3.893382572146149,2.1947479904786924,6.495174288785069,4.300426298306377,True,0.0970000000000002,0.5,40
1247,3.5,4.007835831187979,2.291173655361486,6.619901694119421,4.328728038757935,True,0.0980000000000002,0.5,40
1248,3.26,3.6014694027688643,2.0472178929372924,5.948476088202653,3.90125819526536,True,0.0990000000000002,0.5,40
1249,3.24,3.4053234499212355,1.9070730444247963,5.675743747011988,3.7686707025871917,True,0.1000000000000002,0.5,40
1250,3.25,3.4414623781365563,1.913819807066048,5.770009596532091,3.8561897894660433,True,0.1010000000000002,0.5,40
1251,8.85,3.420799406693268,1.8892360131527477,5.764233626208206,3.8749976130554584,False,0.09200000000000019,0.492,40
1252,8.89,11.92888387140374,7.642708160125116,18.34070144025596,10.697993280130843,True,0.0930000000000002,0.496,41
1253,6.8,7.786308260478835,4.995926162117512,11.875277440190334,6.879351278072822,True,0.0940000000000002,0.5,40
1254,5.48,6.344384821518176,4.048249279961538,9.68489003121445,5.636640751252913,True,0.0950000000000002,0.5,40
1255,5.35,5.320354681451868,3.3554149242728437,8.17177444489284,4.816359520619996,True,0.0960000000000002,0.5,40
1256,9.45,5.522722999753629,3.506982425498517,8.440000273976883,4.933017848478366,False,0.08700000000000019,0.492,40
1257,9.53,10.14541426692873,6.818270695648528,14.888457181534612,8.070186485886083,True,0.08800000000000019,0.496,41
1258,8.24,8.133812285811318,5.4842891546739,11.865947967836021,6.3816588131621215,True,0.08900000000000019,0.5,40
1259,7.39,7.537343744499921,5.125268609801179,10.899272155203944,5.774003545402765,True,0.09000000000000019,0.5,40
1260,7.23,6.906261469361088,4.72836233897021,9.912188636646372,5.183826297676162,True,0.09100000000000019,0.5,40
1261,6.43,7.0190970232474506,4.867736399247623,9.959237547975333,5.091501148727709,True,0.09200000000000019,0.5,40
1262,5.66,6.261083683925641,4.309037090802144,8.93086606162798,4.6218289708258355,True,0.0930000000000002,0.5,40
1263,5.07,5.6341046374600445,3.8295419670295185,8.112943761795012,4.283401794765494,True,0.0940000000000002,0.5,40
1264,4.53,5.149863599668599,3.4665185729599797,7.467629021738247,4.001110448778268,True,0.0950000000000002,0.5,40
1265,4.04,4.702690359876553,3.1321668780103016,6.870126812566714,3.7379599345564127,True,0.0960000000000002,0.5,40
1266,3.65,4.288139314349191,2.8205373070260236,6.319498583756416,3.4989612767303924,True,0.0970000000000002,0.5,40
1267,3.34,3.9609861605275016,2.5729749098850263,5.888205012818677,3.3152301029336506,True,0.0980000000000002,0.5,40
1268,3.12,3.6814586197275627,2.360526818365676,5.521612828217192,3.161086009851516,True,0.0990000000000002,0.5,40
1269,2.91,3.472782823407857,2.1993488640575465,5.253080559648689,3.0537316955911424,True,0.1000000000000002,0.5,40
1270,2.7,3.2499035332987045,2.0291626011502135,4.962598387913067,2.9334357867628533,True,0.1010000000000002,0.5,40
1271,2.54,3.0154906013174285,1.8548601913371359,4.647970019055995,2.793109827718859,True,0.1020000000000002,0.5,40
1272,2.39,2.8531435122354507,1.7319189840096292,4.434537046223702,2.7026180622140727,True,0.1030000000000002,0.5,40
1273,2.25,2.6831403746604083,1.6054254087137294,4.206644171844,2.601218763130271,True,0.1040000000000002,0.5,40
1274,2.15,2.524469591957942,1.4896710269374887,3.9893683825032014,2.4996973555657127,True,0.1050000000000002,0.5,40
1275,2.08,2.41518601542481,1.4097348553918199,3.8401572039579106,2.4304223485660907,True,0.1060000000000002,0.5,40
1276,1.98,2.328401690698754,1.3466153016794054,3.720951835061305,2.3743365333818995,True,0.1070000000000002,0.5,40
1277,1.89,2.1973716637396614,1.253390708945266,3.5368011483771715,2.2834104394319055,True,0.10800000000000021,0.5,40
1278,1.86,2.089697723084373,1.1778616096140762,3.3833051548782205,2.2054435452641443,True,0.10900000000000021,0.5,40
1279,1.83,2.0521926757380524,1.1529813874887114,3.3269673318891417,2.1739859444004304,True,0.11000000000000021,0.5,40
1280,1.76,2.0015313057046846,1.119898979247865,3.249820518486078,2.1299215392382127,True,0.11100000000000021,0.5,40
1281,1.66,1.9087615028505556,1.0580524960711002,3.1111164543264023,2.053063958255302,True,0.11200000000000021,0.5,40
1282,1.85,1.7952253621100107,1.008854572282241,2.8894228247226676,1.8805682524404266,True,0.11300000000000021,0.5,40
1283,1.62,2.04085808583999,1.2177772638449262,3.1694078341245957,1.9516305702796695,True,0.11400000000000021,0.5,40
1284,1.51,1.6982394931869322,0.9954674799152421,2.6485166688373765,1.6530491889221344,True,0.11500000000000021,0.5,40
1285,1.44,1.627461987953359,0.9607645691311837,2.5208492680989174,1.5600846989677337,True,0.11600000000000021,0.5,40
1286,1.37,1.5449535145608735,0.9163689136802713,2.3797189805367163,1.463350066856445,True,0.11700000000000021,0.5,40
1287,1.33,1.4666954095209652,0.8688521252574579,2.2557879572807686,1.3869358320233107,True,0.11800000000000022,0.5,40
1288,1.28,1.4248507135437145,0.8463806837897017,2.184555078265305,1.3381743944756033,True,0.11900000000000022,0.5,40
1289,1.24,1.3678478021131188,0.815655746372997,2.087977016112239,1.272321269739242,True,0.12000000000000022,0.5,40
1290,1.21,1.3126551495689256,0.7600574919138201,2.038749509831096,1.278692017917276,True,0.12100000000000022,0.5,40
1291,1.17,1.2305965612600147,0.70681781209604,1.9151096173497368,1.2082918052536968,True,0.12200000000000022,0.5,40
1292,1.14,1.183442419639507,0.6749881125567525,1.846241572785905,1.1712534602291524,True,0.12300000000000022,0.5,40
1293,1.12,1.1601839342797455,0.6486221856759582,1.830481519940867,1.1818593342649089,True,0.12400000000000022,0.5,40
1294,1.09,1.1408678901930802,0.6520262617131387,1.7743598449257743,1.1223335832126355,True,0.12500000000000022,0.5,40
1295,1.05,1.1056518262305315,0.5798852238744001,1.8063871642744438,1.2265019404000437,True,0.12600000000000022,0.5,40
1296,1.01,1.0393157094191192,0.5270029908163534,1.7235104238140742,1.1965074329977208,True,0.12700000000000022,0.5,40
1297,0.98,1.0001334607777372,0.4702444343506917,1.7209991532390978,1.250754718888406,True,0.12800000000000022,0.5,40
1298,0.95,0.9752082081335722,0.42911676842785146,1.7299710924042668,1.3008543239764154,True,0.12900000000000023,0.5,40
1299,0.95,0.9424112278228767,0.3835449430018968,1.7270248046920167,1.34347986169012,True,0.13000000000000023,0.5,40
1300,0.92,0.9593671915616131,0.3768811903166336,1.7882723784505932,1.4113911881339596,True,0.13100000000000023,0.5,40
1301,0.89,0.9058687671941694,0.3616887688506598,1.667522741508777,1.3058339726581172,True,0.13200000000000023,0.5,40
1302,0.86,0.8866613951739297,0.3489165665518812,1.6387778964998985,1.2898613299480173,True,0.13300000000000023,0.5,40
1303,0.83,0.852624447973219,0.3284764694607122,1.5835740595551266,1.2550975900944144,True,0.13400000000000023,0.5,40
1304,0.8,0.8244609858857919,0.32731771315063085,1.5078079317710436,1.1804902186204127,True,0.13500000000000023,0.5,40
1305,0.78,0.7944139259175718,0.3157197553308565,1.447269887436795,1.1315501321059385,True,0.13600000000000023,0.5,40
1306,0.75,0.7783259125129547,0.32304058942294045,1.3902842258939083,1.0672436364709679,True,0.13700000000000023,0.5,40
1307,0.73,0.7443887462667242,0.3148675861862031,1.3142194165177932,0.99935183033159,True,0.13800000000000023,0.5,40
1308,0.71,0.7286994314528095,0.316604955516939,1.2697785784437743,0.9531736229268353,True,0.13900000000000023,0.5,40
1309,0.71,0.7079148291637414,0.30998336015352157,1.2267252794230616,0.9167419192695401,True,0.14000000000000024,0.5,40
1310,0.7,0.7131235639934499,0.329472473761579,1.2074863552503539,0.8780138814887748,True,0.14100000000000024,0.5,40
1311,0.71,0.6999033673906989,0.33347536669801453,1.1670227517001046,0.83354738500209,True,0.14200000000000024,0.5,40
1312,0.69,0.7143561372744849,0.359226440718527,1.1622717726540412,0.8030453319355142,True,0.14300000000000024,0.5,40
1313,0.66,0.6887516129062754,0.35047048458604463,1.1117692260913978,0.7612987415053531,True,0.14400000000000024,0.5,40
1314,0.64,0.6580823097576503,0.33602025781317835,1.0577808830767768,0.7217606252635984,True,0.14500000000000024,0.5,40
1315,0.62,0.6397545743434581,0.3299715992565447,1.0216935952492023,0.6917219959926577,True,0.14600000000000024,0.5,40
1316,0.62,0.619826486680578,0.3209034174455142,0.9863964407224919,0.6654930232769777,True,0.14700000000000024,0.5,40
1317,0.63,0.6222519403985429,0.32930615265075236,0.9797556438590129,0.6504494912082606,True,0.14800000000000024,0.5,40
1318,0.62,0.6331874331241545,0.3447957959314869,0.9834246952468577,0.6386288993153708,True,0.14900000000000024,0.5,40
1319,0.59,0.6208697821300386,0.34136710645116164,0.9586128495226629,0.6172457430715013,True,0.15000000000000024,0.5,40
1320,0.58,0.5897043569383398,0.32528391405535534,0.9068819259532521,0.5815980118978967,True,0.15100000000000025,0.5,40
1321,0.57,0.5819575920030031,0.32494398984466527,0.8888268802889852,0.5638828904443198,True,0.15200000000000025,0.5,40
1322,0.54,0.5619040043521175,0.2649766628138034,0.928528952767143,0.6635522899533396,True,0.15300000000000025,0.5,40
1323,0.52,0.5267296845669354,0.22948826699817293,0.8958322680287258,0.6663440010305529,True,0.15400000000000025,0.5,40
1324,0.51,0.5168074591117016,0.19368739143506508,0.9273931219554574,0.7337057305203923,True,0.15500000000000025,0.5,40
1325,0.5,0.506782843207672,0.1693624187491965,0.9415661904146992,0.7722037716655028,True,0.15600000000000025,0.5,40
1326,0.5,0.49675418096031154,0.16154563672912964,0.9287000074579079,0.7671543707287782,True,0.15700000000000025,0.5,40
1327,0.5,0.5028701162592342,0.16510722399665032,0.9385499804879227,0.7734427564912724,True,0.15800000000000025,0.5,40
1328,0.49,0.49923417095151024,0.16451147335953606,0.9301682729361114,0.7656567995765753,True,0.15900000000000025,0.5,40
1329,0.47,0.4854376784126888,0.15938642380556015,0.9031834866630573,0.7437970628574971,True,0.16000000000000025,0.5,40
1330,0.45,0.4618069838065143,0.16203592678453613,0.8389101478286027,0.6768742210440666,True,0.16100000000000025,0.5,40
1331,0.44,0.44394628698819166,0.15599814828100872,0.8036195670446284,0.6476214187636198,True,0.16200000000000025,0.5,40
1332,0.43,0.43853655750884213,0.16333727356878786,0.7788370357472498,0.6154997621784619,True,0.16300000000000026,0.5,40
1333,0.43,0.42587873220105465,0.17432640286289416,0.7313160582838913,0.5569896554209972,True,0.16400000000000026,0.5,40
1334,0.44,0.43328620829205095,0.18794490378559736,0.7292968287786605,0.5413519249930632,True,0.16500000000000026,0.5,40
1335,0.42,0.4447866347374752,0.21892401324424426,0.7125008591472961,0.49357684590305184,True,0.16600000000000026,0.5,40
1336,0.41,0.40659051076916175,0.19578499896967969,0.654559027492883,0.45877402852320326,True,0.16700000000000026,0.5,40
1337,0.4,0.41247773372378893,0.21272958426910485,0.645126311871006,0.4323967276019012,True,0.16800000000000026,0.5,40
1338,0.39,0.39355036384141634,0.20340310307996617,0.6137424040143089,0.41033930093434273,True,0.16900000000000026,0.5,40
1339,0.39,0.38894139778343934,0.20662632850681062,0.5988033419293366,0.392177013422526,True,0.17000000000000026,0.5,40
1340,0.39,0.39145581398200113,0.21559500962290518,0.5927584984615348,0.37716348883862966,True,0.17100000000000026,0.5,40
1341,0.39,0.3899502364875469,0.22068681478460314,0.5826841385623491,0.36199732377774596,True,0.17200000000000026,0.5,40
1342,0.4,0.3908759260595769,0.22720377796413158,0.5763770259095695,0.3491732479454379,True,0.17300000000000026,0.5,40
1343,0.4,0.40594440256150777,0.24724644885078026,0.5848348695763845,0.33758842072560424,True,0.17400000000000027,0.5,40
1344,0.39,0.39733540453649485,0.24436582377116708,0.5691094977631221,0.32474367399195503,True,0.17500000000000027,0.5,40
1345,0.39,0.3866786526203529,0.23965839987090098,0.5511351238641609,0.3114767239932599,True,0.17600000000000027,0.5,40
1346,0.39,0.3930951057808338,0.24863753903345093,0.5542652796205263,0.30562774058707537,True,0.17700000000000027,0.5,40
1347,0.39,0.3891154353559243,0.24867894404946608,0.5453465455950195,0.2966676015455534,True,0.17800000000000027,0.5,40
1348,0.39,0.3919149171400648,0.24229087435839197,0.5595599843375327,0.31726910997914076,True,0.17900000000000027,0.5,40
1349,0.4,0.38961553837242524,0.23104748903345834,0.5686083288323918,0.3375608397989334,True,0.18000000000000027,0.5,40
1350,0.41,0.4088952607605341,0.24224565016313893,0.5979012327656881,0.35565558260254915,True,0.18100000000000027,0.5,40
1351,0.42,0.41202445202677557,0.24580465510951596,0.6004218999697384,0.3546172448602224,True,0.18200000000000027,0.5,40
1352,0.43,0.4266681871866612,0.259612027645758,0.6158801850555897,0.3562681574098317,True,0.18300000000000027,0.5,40
1353,0.43,0.4332948575661437,0.2683161559611851,0.6197334860634087,0.35141733010222365,True,0.18400000000000027,0.5,40
1354,0.42,0.4286126717052773,0.26157522609943595,0.6177665219909971,0.3561912958915612,True,0.18500000000000028,0.5,40
1355,0.44,0.4144815033207888,0.2655423480170471,0.5809490108107296,0.31540666279368246,True,0.18600000000000028,0.5,40
1356,0.43,0.45818865319786856,0.3035707908356727,0.6311458980696476,0.3275751072339749,True,0.18700000000000028,0.5,40
1357,0.42,0.42011392608443027,0.2873005770148387,0.5666298913153427,0.279329314300504,True,0.18800000000000028,0.5,40
1358,0.41,0.42115669072848383,0.30195873387993366,0.5512675532991129,0.24930881941917926,True,0.18900000000000028,0.5,40
1359,0.41,0.4070057696921719,0.3033610256477659,0.5188924610993138,0.21553143545154785,True,0.19000000000000028,0.5,40
1360,0.42,0.4123865788783755,0.32068618428675505,0.5104540896466523,0.18976790535989724,True,0.19100000000000028,0.5,40
1361,0.43,0.4243215400900471,0.3428297523693354,0.5107587882864448,0.16792903591710945,True,0.19200000000000028,0.5,40
1362,0.43,0.4331470323890507,0.36088008509760505,0.5092515783991596,0.14837149330155452,True,0.19300000000000028,0.5,40
1363,0.44,0.4297769443494927,0.36585798973494904,0.4966871563200144,0.13082916658506538,True,0.19400000000000028,0.5,40
1364,0.44,0.44391259431054,0.38659340087549354,0.503601256642503,0.11700785576700945,True,0.19500000000000028,0.5,40
1365,0.43,0.439145636421535,0.38810053990918353,0.4920678317484476,0.10396729183926406,True,0.19600000000000029,0.5,40
1366,0.45,0.4275733905123632,0.3819324887921464,0.4747216682634128,0.09278917947126636,True,0.19700000000000029,0.5,40
1367,0.52,0.4565387871993829,0.41462126253351017,0.4996983961747812,0.08507713364127101,False,0.18800000000000028,0.492,40
1368,0.5,0.5457558291490239,0.5041892058666089,0.5884711005964196,0.08428189472981074,False,0.17900000000000027,0.484,41
1369,0.48,0.4787059775106115,0.43667413500791624,0.5219675183430268,0.08529338333511055,True,0.18000000000000027,0.488,41
1370,0.47,0.4704016558831447,0.42675934452055325,0.5153789165126774,0.08861957199212417,True,0.18100000000000027,0.492,41
1371,0.46,0.46187428852396356,0.41732846055133177,0.5078201665520323,0.09049170600070056,True,0.18200000000000027,0.496,41
1372,0.47,0.4531293601803115,0.4083910297936682,0.4992888287050453,0.09089779891137711,True,0.18300000000000027,0.5,40
1373,0.48,0.46748897281009766,0.42308563108462993,0.5132777945891345,0.09019216350450454,True,0.18400000000000027,0.5,40
1374,0.49,0.47600367106952884,0.4328928686789986,0.5204115287552458,0.08751866007624715,True,0.18500000000000028,0.5,40
1375,0.48,0.4863681127209304,0.44560387592448003,0.5282818504486331,0.08267797452415304,True,0.18600000000000028,0.5,40
1376,0.47,0.4714126302914709,0.4329587314867926,0.5108984515798807,0.07793972009308808,True,0.18700000000000028,0.5,40
1377,0.47,0.46410622991778583,0.4280016814495408,0.5011236193420532,0.07312193789251237,True,0.18800000000000028,0.5,40
1378,0.46,0.4665779201559603,0.4325648723408213,0.5013985316940492,0.06883365935322794,True,0.18900000000000028,0.5,40
1379,0.46,0.45415981823964563,0.4220052827090666,0.48704143556644525,0.06503615285737863,True,0.19000000000000028,0.5,40
1380,0.46,0.457792743132378,0.4270605378403574,0.48918677629859675,0.062126238458239336,True,0.19100000000000028,0.5,40
1381,0.46,0.4568831569337374,0.42743320900764376,0.48694069856535566,0.0595074895577119,True,0.19200000000000028,0.5,40
1382,0.45,0.4571486598369687,0.4287272227112769,0.48613547996611206,0.05740825725483517,True,0.19300000000000028,0.5,40
1383,0.44,0.44570605380497036,0.4182252532201596,0.4737193469533335,0.05549409373317393,True,0.19400000000000028,0.5,40
1384,0.44,0.43743718980146756,0.410312051358226,0.465084037702454,0.054771986344227974,True,0.19500000000000028,0.5,40
1385,0.43,0.44023900923223824,0.41360348747640413,0.4673764051171976,0.05377291764079345,True,0.19600000000000029,0.5,40
1386,0.45,0.42798031651977136,0.40204998206607717,0.45439022178298094,0.05234023971690377,True,0.19700000000000029,0.5,40
1387,0.45,0.45415725821145525,0.42875754462069826,0.48000851478997897,0.05125097016928071,True,0.1980000000000003,0.5,40
1388,0.44,0.4471243417638589,0.4227353995081998,0.47193136633092675,0.04919596682272692,True,0.1990000000000003,0.5,40
1389,0.52,0.43865430178941933,0.41457849540936637,0.4631398729543397,0.04856137754497336,False,0.19000000000000028,0.492,40
1390,0.87,0.5163919935700056,0.49001000359118224,0.54324110081218,0.05323109722099778,False,0.18100000000000027,0.484,41
1391,0.54,1.0771574102682866,1.0385557132605912,1.1164900615502167,0.07793434828962553,False,0.17200000000000026,0.476,41
1392,0.63,0.4039355425275819,0.3720748134148514,0.43653610451944547,0.06446129110459409,False,0.16300000000000026,0.46799999999999997,42
1393,1.24,0.569809923385056,0.5336469737749556,0.6068255848296693,0.07317861105471368,False,0.15400000000000025,0.45999999999999996,43
1394,1.72,0.8994984684339529,0.8556798211498011,0.9443518167629341,0.08867199561313299,False,0.14500000000000024,0.45199999999999996,43
1395,0.71,1.65896307247188,1.596582632736577,1.7228421432203116,0.12625951048373452,False,0.13600000000000023,0.44399999999999995,44
1396,0.67,0.3843976378171054,0.3488045567222089,0.4209299709448586,0.07212541422264973,False,0.12700000000000022,0.43599999999999994,44
1397,0.62,0.6696457280024302,0.6221340001288307,0.7185490574856106,0.09641505735677991,False,0.11800000000000022,0.42799999999999994,45
1398,0.57,0.5581453586022054,0.5097607509957656,0.6080805895452799,0.09831983854951432,True,0.11900000000000022,0.43199999999999994,46
1399,4.06,0.5579901951286088,0.5061643779268175,0.6115992940013761,0.10543491607455868,False,0.11000000000000021,0.42399999999999993,45
1400,1.97,2.106912310786282,1.761057941331123,2.4960889311368923,0.7350309898057694,True,0.11100000000000021,0.42799999999999994,46
1401,1.58,1.270286125500975,1.0274477843187735,1.542210522760294,0.5147627384415205,False,0.1020000000000002,0.41999999999999993,46
1402,1.38,1.3235446707579608,1.0869556451454008,1.5869547585097692,0.4999991133643684,True,0.1030000000000002,0.42399999999999993,46
1403,22.37,1.2168018757226027,1.0014073330965614,1.4553775110856728,0.45397017798911143,False,0.0940000000000002,0.4159999999999999,46
1404,21.51,4.866785092989024,4.2315857989836205,5.579107874710781,1.3475220757271602,False,0.08500000000000019,0.4079999999999999,47
1405,12.87,15.696906620819181,13.925591622855302,17.678434848602862,3.7528432257475597,False,0.07600000000000018,0.3999999999999999,47
1406,8.55,9.04805191497845,7.978829596473529,10.244600000623226,2.2657704041496967,True,0.07700000000000018,0.4039999999999999,48
1407,5.88,6.320713282187868,5.534947192084409,7.200960372704667,1.6660131806202587,True,0.07800000000000018,0.4079999999999999,48
1408,4.52,4.578040623948187,3.9737804487788653,5.25571183184319,1.2819313830643244,True,0.07900000000000018,0.4119999999999999,47
1409,3.74,3.6907159209306544,3.176917314524953,4.267716402802369,1.0907990882774161,True,0.08000000000000018,0.4159999999999999,47
1410,3.27,3.168614749919133,2.7053890400687086,3.6897501842130804,0.9843611441443718,True,0.08100000000000018,0.41999999999999993,47
1411,2.91,2.847373966681675,2.41474477439493,3.3348148741578356,0.9200700997629054,True,0.08200000000000018,0.42399999999999993,46
1412,2.62,2.5944123339755385,2.1840370150406554,3.0576789671744793,0.8736419521338239,True,0.08300000000000018,0.42799999999999994,46
1413,2.42,2.3882756780663845,1.9941706768245377,2.8342543928563706,0.8400837160318329,True,0.08400000000000019,0.43199999999999994,46
1414,2.25,2.2428046825005032,1.8599537387286542,2.67690640112305,0.8169526623943959,True,0.08500000000000019,0.43599999999999994,45
1415,2.13,2.121923798944215,1.7467926696413802,2.548286812519696,0.8014941428783158,True,0.08600000000000019,0.43999999999999995,45
1416,2.04,2.0405948973214603,1.6680594515024039,2.4651466722044937,0.7970872207020898,True,0.08700000000000019,0.44399999999999995,45
1417,1.94,1.9727078860382767,1.60266313874825,2.3953653256734206,0.7927021869251707,True,0.08800000000000019,0.44799999999999995,44
1418,1.84,1.9025015700494952,1.5340786019407786,2.324488576513643,0.7904099745728645,True,0.08900000000000019,0.45199999999999996,44
1419,1.76,1.8329988325459952,1.4651293627282542,2.2557651969730363,0.7906358342447821,True,0.09000000000000019,0.45599999999999996,44
1420,1.69,1.7814223914934004,1.4109034030434602,2.208884482943097,0.7979810798996367,True,0.09100000000000019,0.45999999999999996,44
1421,2.85,1.7247550731083385,1.3542578436962627,2.153558658967128,0.7993008152708652,False,0.08200000000000018,0.45199999999999996,43
1422,3.13,2.7402715941910123,2.208287077586531,3.3604675205175303,1.1521804429309994,True,0.08300000000000018,0.45599999999999996,44
1423,2.57,2.8751048899908422,2.296230167362137,3.5556399723287804,1.2594098049666433,True,0.08400000000000019,0.45999999999999996,44
1424,2.72,2.419550979702994,1.888778750249879,3.0478450977861264,1.1590663475362475,True,0.08500000000000019,0.46399999999999997,43
1425,2.87,2.605120223326016,2.021274106326271,3.3017916836542307,1.2805175773279598,True,0.08600000000000019,0.46799999999999997,43
1426,4.56,2.7273765595261388,2.0947212890852183,3.489365832556671,1.3946445434714527,False,0.07700000000000018,0.45999999999999996,43
1427,4.33,4.063816471211866,3.1495952850587736,5.179454981174967,2.029859696116193,True,0.07800000000000018,0.46399999999999997,43
1428,4.04,3.7159214157575304,2.8192155650177644,4.8231630084742445,2.00394744345648,True,0.07900000000000018,0.46799999999999997,43
1429,14.21,3.575601426284323,2.6565688224741266,4.725621321151346,2.069052498677219,False,0.07000000000000017,0.45999999999999996,43
1430,8.25,10.239950104112934,7.830270107957761,13.307204286887561,5.476934178929801,True,0.07100000000000017,0.46399999999999997,43
1431,5.68,5.825664059584771,4.259361833792521,7.858430229112315,3.5990683953197937,True,0.07200000000000017,0.46799999999999997,43
1432,4.75,4.658445379639498,3.298144462844996,6.449261975985438,3.1511175131404423,True,0.07300000000000018,0.472,43
1433,4.12,4.167160897585786,2.8792916196894,5.882584337311892,3.0032927176224917,True,0.07400000000000018,0.476,42
1434,3.91,3.7992776670437234,2.545195906285332,5.496979781723477,2.9517838754381445,True,0.07500000000000018,0.48,42
1435,3.91,3.731274220483238,2.4204218173241796,5.54450151031991,3.1240796929957306,True,0.07600000000000018,0.484,42
1436,3.83,3.7506268424336877,2.3701168954621377,5.696638750554883,3.3265218550927456,True,0.07700000000000018,0.488,41
1437,7.67,3.7207277425088128,2.290442887451173,5.772726706147106,3.4822838186959326,False,0.06800000000000017,0.48,41
1438,9.2,6.694926456314566,4.158274204124981,10.479012325622227,6.320738121497246,True,0.06900000000000017,0.484,42
1439,21.13,6.906931225465224,4.124675884122732,11.199710346157708,7.075034462034976,False,0.06000000000000017,0.476,41
1440,18.82,16.182807240877327,9.835826593072861,26.247470429795673,16.41164383672281,True,0.06100000000000017,0.48,42
1441,14.6,17.35982146494085,10.578075624371504,28.113909354241304,17.5358337298698,True,0.06200000000000017,0.484,42
1442,10.86,13.465147625768946,8.122015344684087,21.93796797406455,13.815952629380462,True,0.06300000000000017,0.488,41
1443,8.35,10.040213307809067,5.883326681492055,16.70747133208908,10.824144650597027,True,0.06400000000000017,0.492,41
1444,6.83,7.739269149290013,4.393905432529666,13.159466868501157,8.765561435971492,True,0.06500000000000017,0.496,41
1445,5.86,6.509088813127217,3.466460134463051,11.62440794408008,8.157947809617028,True,0.06600000000000017,0.5,40
1446,5.21,5.660338391889952,2.8035962000859658,10.662675310665376,7.85907911057941,True,0.06700000000000017,0.5,40
1447,4.91,5.092767364584494,2.4170312507727165,9.863761971902154,7.446730721129438,True,0.06800000000000017,0.5,40
1448,4.41,4.83862265763328,2.274498251577859,9.410607036300062,7.136108784722204,True,0.06900000000000017,0.5,40
1449,7.21,4.386518958217211,2.020943113649166,8.604479593190714,6.583536479541548,True,0.07000000000000017,0.5,40
1450,7.78,6.911840710455713,3.437229478990073,13.107276561651187,9.670047082661114,True,0.07100000000000017,0.5,40
1451,6.36,7.231311702247611,3.6163996815180193,13.676912099014489,10.060512417496469,True,0.07200000000000017,0.5,40
1452,6.42,5.9788557167462795,2.9139797487380577,11.443709533976376,8.529729785238318,True,0.07300000000000018,0.5,40
1453,16.24,6.1263970593576795,2.948679525371062,11.861397011662882,8.91271748629182,False,0.06400000000000017,0.492,40
1454,22.03,14.612131500153048,7.650557004974315,27.1760642508817,19.525507245907384,True,0.06500000000000017,0.496,41
1455,26.83,18.788777953995126,9.850172644520619,35.0911983377777,25.24102569325708,True,0.06600000000000017,0.5,40
1456,39.43,23.21175252293602,12.133928338814131,43.63317791216362,31.499249573349488,True,0.06700000000000017,0.5,40
1457,31.84,35.660628604759566,18.552881712392704,67.73675755140894,49.18387583901624,True,0.06800000000000017,0.5,40
1458,20.68,26.717703503444774,13.628144966077551,51.52006247453001,37.89191750845246,True,0.06900000000000017,0.5,40
1459,20.44,17.105218998511994,8.448396444110037,33.693607208705096,25.245210764595058,True,0.07000000000000017,0.5,40
1460,19.16,18.26264499576916,8.830098317486817,36.74626460988378,27.916166292396966,True,0.07100000000000017,0.5,40
