step,true_value,prediction,lower_bound,upper_bound,width,covered,k_adap,t_adap,n_cal
80,7.72,7.981836783754947,4.57826909847855,13.462083235105446,8.883814136626896,True,0.0505,0.404,48
81,7.93,7.451592752239625,4.2508155622945845,12.603490582041124,8.352675019746538,True,0.051000000000000004,0.40800000000000003,48
82,6.8,7.833299541123292,4.485491901259064,13.224281466043125,8.73878956478406,True,0.051500000000000004,0.41200000000000003,47
83,6.26,6.4367977890456896,3.62271812771857,10.963948444862197,7.341230317143627,True,0.052000000000000005,0.41600000000000004,47
84,7.77,6.083264678265908,3.408970629815234,10.379671745391516,6.970701115576282,True,0.052500000000000005,0.42000000000000004,47
85,6.56,7.9635118771876705,4.580147429404782,13.398283591775026,8.818136162370244,True,0.053000000000000005,0.42400000000000004,46
86,5.81,6.277249024342979,3.554129734561023,10.628643988862022,7.074514254300999,True,0.053500000000000006,0.42800000000000005,46
87,5.28,5.63175903720448,3.1668969671855427,9.554671323502617,6.387774356317075,True,0.054000000000000006,0.43200000000000005,46
88,4.96,5.14282185145532,2.858094762921619,8.7805426298399,5.922447866918281,True,0.05450000000000001,0.43600000000000005,45
89,4.77,4.870151992580146,2.683605873582146,8.354606762661904,5.671000889079758,True,0.05500000000000001,0.44000000000000006,45
90,4.68,4.705867518023839,2.578478702599072,8.09797901258801,5.5195003099889375,True,0.05550000000000001,0.44400000000000006,45
91,4.66,4.63523196498898,2.5493551295402215,7.946932087730307,5.397576958190085,True,0.05600000000000001,0.44800000000000006,44
92,5.41,4.62309678397057,2.6027059158240062,7.7765191444076684,5.173813228583662,True,0.05650000000000001,0.45200000000000007,44
93,5.14,5.455836794126495,3.2707374983766746,8.758930097726536,5.488192599349861,True,0.05700000000000001,0.45600000000000007,44
94,5.87,5.022625081769224,3.097503452558608,7.852222651064853,4.754719198506245,True,0.05750000000000001,0.4600000000000001,44
95,6.74,5.862166304054067,3.7845816404009867,8.841890038383498,5.057308397982512,True,0.05800000000000001,0.4640000000000001,43
96,9.71,6.706063701355812,4.438100731816048,9.919881903239883,5.481781171423835,True,0.05850000000000001,0.4680000000000001,43
97,8.91,10.048000399938841,6.691736400935626,14.868759207895058,8.177022806959432,True,0.05900000000000001,0.4720000000000001,43
98,9.37,8.47430941664737,5.689637042083385,12.418147854314364,6.728510812230979,True,0.05950000000000001,0.4760000000000001,42
99,9.16,9.189447531284308,6.19734950113219,13.425427162660858,7.228077661528668,True,0.06000000000000001,0.4800000000000001,42
100,16.07,8.886618740100205,5.954359582112871,13.055245340420496,7.1008857583076255,False,0.05050000000000001,0.4720000000000001,42
101,16.21,16.332434153609817,10.756356817052975,24.553262661563732,13.796905844510757,True,0.05100000000000001,0.4760000000000001,42
102,13.27,15.689223083023915,10.58726834878336,23.037603922772995,12.450335573989635,True,0.05150000000000001,0.4800000000000001,42
103,11.73,12.53066843483834,8.571885330302933,18.12674274460165,9.554857414298716,True,0.05200000000000001,0.4840000000000001,42
104,10.09,11.191429676752051,7.754005968717948,15.978621912564005,8.224615943846057,True,0.05250000000000001,0.4880000000000001,41
105,8.49,9.588446617410227,6.698727795194237,13.562821904124412,6.864094108930176,True,0.05300000000000001,0.4920000000000001,41
106,7.44,8.079388197842192,5.6696907550925895,11.359686989111642,5.689996234019053,True,0.05350000000000001,0.4960000000000001,41
107,6.57,7.169693776800587,5.049695675915719,10.032603949386509,4.98290827347079,True,0.05400000000000001,0.5,40
108,6.03,6.373783027069198,4.495785889937771,8.893521548909806,4.397735658972035,True,0.054500000000000014,0.5,40
109,5.76,5.91772325186422,4.182727382601624,8.23353505917201,4.050807676570385,True,0.055000000000000014,0.5,40
110,5.08,5.773558088256468,4.093032358203145,8.008599582346218,3.9155672241430723,True,0.055500000000000015,0.5,40
111,4.67,5.057236617859368,3.5646347083765724,7.0379083516598335,3.473273643283261,True,0.056000000000000015,0.5,40
112,4.41,4.739758277646654,3.3389030180521155,6.592892707844703,3.2539896897925873,True,0.056500000000000015,0.5,40
113,4.05,4.513356605680668,3.1807177359906005,6.270785300744589,3.090067564753989,True,0.057000000000000016,0.5,40
114,3.74,4.162169306460766,2.9272918649478212,5.785335255168175,2.858043390220354,True,0.057500000000000016,0.5,40
115,3.49,3.8877847205568514,2.731750028342102,5.401939919090128,2.670189890748026,True,0.05800000000000002,0.5,40
116,3.28,3.651017840159845,2.5636817486132895,5.0701175007848684,2.506435752171579,True,0.05850000000000002,0.5,40
117,3.14,3.435009028921656,2.4104291024105944,4.767398909630977,2.3569698072203824,True,0.05900000000000002,0.5,40
118,2.99,3.2872600246020207,2.3064290983026146,4.559048136851436,2.252619038548821,True,0.05950000000000002,0.5,40
119,2.83,3.118973640401368,2.1843750210305175,4.327872420262494,2.143497399231977,True,0.06000000000000002,0.5,40
120,2.72,2.9444155475726324,2.0590572428758667,4.086015977035462,2.0269587341595954,True,0.06050000000000002,0.5,40
121,2.61,2.831750968983616,1.9599258589717392,3.960365964506769,2.00044010553503,True,0.06100000000000002,0.5,40
122,2.52,2.7068520792780806,1.8662466976730085,3.793988022316362,1.9277413246433532,True,0.06150000000000002,0.5,40
123,2.45,2.60911363601698,1.802713042819192,3.6475329577734508,1.8448199149542588,True,0.06200000000000002,0.5,40
124,2.37,2.5302060710259933,1.790101364498042,3.4666315935624956,1.6765302290644537,True,0.06250000000000001,0.5,40
125,2.28,2.439280478880207,1.728551531666496,3.3351390197794712,1.6065874881129751,True,0.06300000000000001,0.5,40
126,2.2,2.3401413631351216,1.6453220569696785,3.2174616494546644,1.572139592484986,True,0.06350000000000001,0.5,40
127,2.12,2.255529167948611,1.5806772583978606,3.1068561087502795,1.526178850352419,True,0.06400000000000002,0.5,40
128,2.04,2.16982559058087,1.5299259330522292,2.971576457410039,1.4416505243578097,True,0.06450000000000002,0.5,40
129,1.97,2.0856174487561856,1.4773137177855755,2.8432900006622126,1.365976282876637,True,0.06500000000000002,0.5,40
130,1.92,2.0142616213353746,1.426726106578296,2.744045567081477,1.3173194605031813,True,0.06550000000000002,0.5,40
131,1.86,1.964341989987627,1.3979673972489088,2.664488284405011,1.2665208871561022,True,0.06600000000000002,0.5,40
132,1.82,1.900489953226213,1.3554739453281943,2.571613256623824,1.2161393112956298,True,0.06650000000000002,0.5,40
133,1.85,1.861783125620112,1.331701845806276,2.512371306311711,1.180669460505435,True,0.06700000000000002,0.5,40
134,1.91,1.9050850428938353,1.3735606282150599,2.5556366271511988,1.182075998936139,True,0.06750000000000002,0.5,40
135,1.87,1.966175705040492,1.4302582994030972,2.620272921332441,1.1900146219293437,True,0.06800000000000002,0.5,40
136,2.05,1.8889238436033455,1.3686425483574753,2.5234868933378496,1.1548443449803742,True,0.06850000000000002,0.5,40
137,1.83,2.1480773552863623,1.5690091032205924,2.857670656924802,1.2886615537042094,True,0.06900000000000002,0.5,40
138,1.88,1.7581995385944902,1.238128528965921,2.399118770992931,1.16099024202701,True,0.06950000000000002,0.5,40
139,1.83,2.3888317320699284,1.6238966862382909,3.376765506247195,1.7528688200089042,True,0.07000000000000002,0.5,40
140,1.78,1.7567229389420635,1.1291164987118312,2.5693309251453686,1.4402144264335375,True,0.07050000000000002,0.5,40
141,1.69,1.8134046788370544,1.1644456693535798,2.6569390486323217,1.4924933792787418,True,0.07100000000000002,0.5,40
142,1.63,1.644609198097347,1.0199345236147903,2.462467584417043,1.4425330608022526,True,0.07150000000000002,0.5,40
143,1.6,1.6302064194253951,0.9975889191687008,2.4631678932547776,1.4655789740860767,True,0.07200000000000002,0.5,40
144,1.63,1.5954329410643155,0.9614061527432969,2.434409615846344,1.4730034631030473,True,0.07250000000000002,0.5,40
145,1.67,1.6508180395171133,0.999116605774858,2.5149706917199808,1.5158540859451228,True,0.07300000000000002,0.5,40
146,1.55,1.6847690730867697,1.0303774669186434,2.5500713996507405,1.519693932732097,True,0.07350000000000002,0.5,40
147,1.48,1.5142234866195676,0.8957023897496073,2.3345528152783532,1.438850425528746,True,0.07400000000000002,0.5,40
148,1.45,1.4749935980303674,0.8619131654351855,2.289945752577333,1.4280325871421473,True,0.07450000000000002,0.5,40
149,1.4,1.4475311209138226,0.8359014933704338,2.262924840724542,1.427023347354108,True,0.07500000000000002,0.5,40
150,1.36,1.3915453191446958,0.8016098839747687,2.1746545489106595,1.3730446649358907,True,0.07550000000000003,0.5,40
151,1.32,1.3561491188476977,0.7913562925893296,2.099014245916658,1.3076579533273285,True,0.07600000000000003,0.5,40
152,1.29,1.3154256707141685,0.77891488765535,2.0137451059664437,1.2348302183110937,True,0.07650000000000003,0.5,40
153,1.24,1.2884759077721193,0.7744170290799759,1.951460617557779,1.1770435884778032,True,0.07700000000000003,0.5,40
154,1.21,1.234719858638416,0.7468244064409673,1.8588865762230635,1.1120621697820963,True,0.07750000000000003,0.5,40
155,1.21,1.2094387836764557,0.7392043456209836,1.8068120638640144,1.0676077182430308,True,0.07800000000000003,0.5,40
156,1.26,1.213558981924813,0.7530595748666631,1.7950238752340715,1.0419643003674084,True,0.07850000000000003,0.5,40
157,1.5,1.2699380831040679,0.8071090092395432,1.8513049709682226,1.0441959617286793,True,0.07900000000000003,0.5,40
158,1.67,1.5441398673716331,1.032403248419334,2.1847260969415094,1.1523228485221755,True,0.07950000000000003,0.5,40
159,1.34,1.7026565457316467,1.1384054025941523,2.415794028262848,1.2773886256686957,True,0.08000000000000003,0.5,40
160,1.23,1.317791191074635,0.8418887514063249,1.9166560691146022,1.0747673177082773,True,0.08050000000000003,0.5,40
161,1.18,1.2325485283689068,0.7521469777363845,1.8446659982608318,1.0925190205244473,True,0.08100000000000003,0.5,40
162,1.14,1.1842627687925362,0.7055139203388892,1.7973995323270224,1.0918856119881333,True,0.08150000000000003,0.5,40
163,1.09,1.1459059851175404,0.7018229656312223,1.705870463591538,1.0040474979603158,True,0.08200000000000003,0.5,40
164,1.08,1.0939187843830056,0.6447412049122196,1.6657664211835717,1.021025216271352,True,0.08250000000000003,0.5,40
165,1.07,1.0921480120745137,0.6367173758819764,1.6743061257406553,1.0375887498586789,True,0.08300000000000003,0.5,40
166,1.05,1.0812392471827943,0.6322074011684613,1.653802942514008,1.0215955413455466,True,0.08350000000000003,0.5,40
167,1.02,1.060060223948775,0.627943258299287,1.6068771774818664,0.9789339191825794,True,0.08400000000000003,0.5,40
168,1.0,1.028854012735791,0.6194804872706801,1.5417092934112833,0.9222288061406032,True,0.08450000000000003,0.5,40
169,0.99,1.0125787478699442,0.6232511412684603,1.4952843792320292,0.8720332379635689,True,0.08500000000000003,0.5,40
170,0.98,1.0020698708122278,0.6257180868426881,1.4655466406224158,0.8398285537797276,True,0.08550000000000003,0.5,40
171,0.96,0.9918760023616329,0.6326259236549838,1.4301770242027656,0.7975511005477818,True,0.08600000000000003,0.5,40
172,0.94,0.970227315505706,0.6188969043660124,1.397802889298252,0.7789059849322395,True,0.08650000000000004,0.5,40
173,0.94,0.9497102644351423,0.6146077445441613,1.3543613785383903,0.739753633994229,True,0.08700000000000004,0.5,40
174,0.93,0.9517244005277801,0.6344748855607607,1.3305516464443201,0.6960767608835594,True,0.08750000000000004,0.5,40
175,0.91,0.940319609823036,0.6482970504771488,1.284078702424404,0.6357816519472552,True,0.08800000000000004,0.5,40
176,0.91,0.9130359400833041,0.5873213870450098,1.3055863405604309,0.7182649535154211,True,0.08850000000000004,0.5,40
177,0.96,0.9246934412109387,0.5821854260750441,1.3413468368433197,0.7591614107682756,True,0.08900000000000004,0.5,40
178,0.93,0.9943710054775992,0.6208645713028369,1.4539469724436245,0.8330824011407876,True,0.08950000000000004,0.5,40
179,0.86,0.9146026486582166,0.5686537555067366,1.3368466682852476,0.768192912778511,True,0.09000000000000004,0.5,40
180,0.83,0.8496034599488669,0.5172921134348702,1.254696329575081,0.7374042161402108,True,0.09050000000000004,0.5,40
181,0.81,0.8374948948618288,0.5016119196121942,1.2485087155643173,0.7468967959521231,True,0.09100000000000004,0.5,40
182,0.84,0.8142374673999433,0.47859445573751314,1.2260719126503168,0.7474774569128037,True,0.09150000000000004,0.5,40
183,0.94,0.8718388944921529,0.5335873652751704,1.284695952946199,0.7511085876710286,True,0.09200000000000004,0.5,40
184,0.85,0.994610651110077,0.6288698913223156,1.4424735644736146,0.813603673151299,True,0.09250000000000004,0.5,40
185,0.81,0.8017561655856116,0.48273067676319126,1.189423427397153,0.7066927506339616,True,0.09300000000000004,0.5,40
186,0.79,0.8327129866013141,0.5297670798185052,1.1956524856421984,0.6658854058236932,True,0.09350000000000004,0.5,40
187,0.78,0.7933054414881353,0.5118546996394131,1.1271517740679569,0.6152970744285438,True,0.09400000000000004,0.5,40
188,0.77,0.7959959568002932,0.5327629849927114,1.104435916332061,0.5716729313393496,True,0.09450000000000004,0.5,40
189,0.75,0.7806641243508854,0.5354674874483056,1.0650158662881197,0.5295483788398141,True,0.09500000000000004,0.5,40
190,0.92,0.7589420922460348,0.5287860360671013,1.0237477389799117,0.4949617029128104,True,0.09550000000000004,0.5,40
191,1.02,1.0124604152579302,0.7610367528148478,1.2997798975555677,0.5387431447407198,True,0.09600000000000004,0.5,40
192,0.81,1.0273291765280335,0.7836562800200673,1.304291267348658,0.5206349873285907,True,0.09650000000000004,0.5,40
193,0.75,0.7333356240940558,0.5215096671703807,0.9746521830131014,0.4531425158427207,True,0.09700000000000004,0.5,40
194,0.71,0.8020059509362876,0.5829056815882927,1.0514333134185971,0.46852763183030444,True,0.09750000000000004,0.5,40
195,0.78,0.7108815630840941,0.5076263576316551,0.9415392335666695,0.4339128759350144,True,0.09800000000000005,0.5,40
196,0.91,0.8432343093484682,0.6289410142737597,1.0857186904794447,0.456777676205685,True,0.09850000000000005,0.5,40
197,0.78,0.9543120236689155,0.7346336260874227,1.2018110501360728,0.46717742404865015,True,0.09900000000000005,0.5,40
198,1.07,0.6990929221825439,0.4937071772862012,0.9327193456054936,0.4390121683192924,False,0.08950000000000005,0.492,40
199,0.8,1.0218032743056025,0.7806845783119294,1.295571338000772,0.5148867596888427,True,0.09000000000000005,0.496,41
200,0.73,0.875730839055552,0.6514305983958999,1.13049593728103,0.47906533888513003,True,0.09050000000000005,0.5,40
201,0.69,0.8194451205282043,0.5986018999496752,1.07079733029099,0.4721954303413147,True,0.09100000000000005,0.5,40
202,0.66,0.7424803236800672,0.5284073794049162,0.9865369137345747,0.4581295343296585,True,0.09150000000000005,0.5,40
203,0.65,0.711161548331334,0.49818065048203175,0.9544197447387912,0.45623909425675946,True,0.09200000000000005,0.5,40
204,0.64,0.6958562531763814,0.48265752943911694,0.939711885134652,0.45705435569553504,True,0.09250000000000005,0.5,40
205,0.61,0.6830647320041892,0.46985536930865157,0.9272011051323372,0.45734573582368565,True,0.09300000000000005,0.5,40
206,0.61,0.654763921819838,0.44448891971364085,0.8956487651697647,0.4511598454561238,True,0.09350000000000006,0.5,40
207,0.6,0.6476688975748917,0.437735034087515,0.8882566896331248,0.45052165554560974,True,0.09400000000000006,0.5,40
208,0.6,0.6360866513993144,0.4277761014198208,0.8747894212721148,0.447013319852294,True,0.09450000000000006,0.5,40
209,0.58,0.6317170942534471,0.424469972761527,0.8691167427820865,0.4446467700205595,True,0.09500000000000006,0.5,40
210,0.57,0.6136394394870119,0.4100766652255139,0.8465891287205485,0.4365124634950346,True,0.09550000000000006,0.5,40
211,0.56,0.6007180944453205,0.4003895302874325,0.8297040662384427,0.4293145359510102,True,0.09600000000000006,0.5,40
212,0.55,0.5889024699899448,0.3916320865591383,0.8141368566618359,0.4225047701026976,True,0.09650000000000006,0.5,40
213,0.65,0.5770925160777791,0.3822429326237615,0.799409311898104,0.4171663792743425,True,0.09700000000000006,0.5,40
214,0.61,0.6481841463199522,0.44253502126656596,0.8831508005922069,0.4406157793256409,True,0.09750000000000006,0.5,40
215,0.55,0.6348419503671185,0.4389125425682601,0.857450069835203,0.4185375272669429,True,0.09800000000000006,0.5,40
216,0.53,0.5899110256343003,0.40227303248420077,0.8026568370607192,0.40038380457651845,True,0.09850000000000006,0.5,40
217,0.53,0.5616914123625518,0.38438202955974876,0.7617102904915178,0.3773282609317691,True,0.09900000000000006,0.5,40
218,0.52,0.5543334897979375,0.3842777337222377,0.7452802560155951,0.3610025222933574,True,0.09950000000000006,0.5,40
219,0.53,0.5454517230191875,0.3839686084999914,0.7257768807138301,0.34180827221383864,True,0.10000000000000006,0.5,40
220,0.54,0.5482242186211639,0.3931278209833361,0.7205874400191059,0.3274596190357698,True,0.10050000000000006,0.5,40
221,0.77,0.555774374530895,0.40512547424604506,0.722574922176072,0.31744944793002694,False,0.09100000000000007,0.492,40
222,0.61,0.7229483576073754,0.5546576154566656,0.9094564703302659,0.3547988548736003,True,0.09150000000000007,0.496,41
223,0.57,0.6478455514016279,0.4792204904108707,0.8356931768298468,0.35647268641897606,True,0.09200000000000007,0.5,40
224,0.53,0.6095925927045887,0.44325518471168907,0.7951006460489709,0.35184546133728184,True,0.09250000000000007,0.5,40
225,0.51,0.5709491273509384,0.4084809769539941,0.7521579638666889,0.34367698691269477,True,0.09300000000000007,0.5,40
226,0.5,0.5445788247307686,0.38415808390100703,0.7235919607411732,0.3394338768401661,True,0.09350000000000007,0.5,40
227,0.5,0.5298093350869615,0.3722315806097304,0.705482248615301,0.33325066800557057,True,0.09400000000000007,0.5,40
228,0.51,0.5251274852192431,0.36978238383947254,0.6980900569413095,0.328307673101837,True,0.09450000000000007,0.5,40
229,0.5,0.5294805981252497,0.3758240809910098,0.7002979758549941,0.3244738948639843,True,0.09500000000000007,0.5,40
230,0.5,0.5182474025663677,0.36966053587216563,0.6829536334210782,0.31329309754891255,True,0.09550000000000007,0.5,40
231,0.48,0.5160039253323134,0.3671632915381113,0.6810485739690557,0.31388528243094443,True,0.09600000000000007,0.5,40
232,0.48,0.5036279801986139,0.35443680980820175,0.669252553137804,0.3148157433296022,True,0.09650000000000007,0.5,40
233,0.54,0.49940714526445756,0.3493507724278228,0.6661507394589412,0.3167999670311184,True,0.09700000000000007,0.5,40
234,0.51,0.5366109876408522,0.3817079742517009,0.7088801478600055,0.32717217360830464,True,0.09750000000000007,0.5,40
235,0.48,0.5255197652114125,0.37073001182170773,0.6977891590465779,0.3270591472248702,True,0.09800000000000007,0.5,40
236,0.47,0.502902474204385,0.35334407971744747,0.6689886044657904,0.315644524748343,True,0.09850000000000007,0.5,40
237,0.46,0.4907858008228298,0.3453586417057049,0.6519329753717238,0.3065743336660189,True,0.09900000000000007,0.5,40
238,0.45,0.4702530323362166,0.33182666660284416,0.6230670501647573,0.2912403835619131,True,0.09950000000000007,0.5,40
239,0.45,0.4649900639492328,0.3297919643379746,0.6139335663217382,0.28414160198376365,True,0.10000000000000007,0.5,40
240,0.45,0.46610338002327667,0.3311946788457783,0.6146842795220455,0.2834896006762672,True,0.10050000000000008,0.5,40
241,0.5,0.4671157400760972,0.3311548605951363,0.6169633289824152,0.2858084683872789,True,0.10100000000000008,0.5,40
242,0.48,0.5055284246744858,0.3640992164811755,0.6616209511136522,0.29752173463247666,True,0.10150000000000008,0.5,40
243,0.46,0.49639184398194164,0.35312267186962004,0.6548304135956655,0.3017077417260455,True,0.10200000000000008,0.5,40
244,0.44,0.4814510690349828,0.33633461732751807,0.6423261370972939,0.30599151976977584,True,0.10250000000000008,0.5,40
245,0.44,0.46483166288853933,0.31945629416255533,0.6262242334920811,0.3067679393295258,True,0.10300000000000008,0.5,40
246,0.44,0.4612855106863803,0.314670451471047,0.6242514170396125,0.3095809655685655,True,0.10350000000000008,0.5,40
247,0.44,0.46002488375542244,0.31205747668505607,0.62467932927051,0.3126218525854539,True,0.10400000000000008,0.5,40
248,0.44,0.4588333044513221,0.30970154893046653,0.6249462420765235,0.31524469314605696,True,0.10450000000000008,0.5,40
249,0.45,0.45789742655947435,0.3075619286488942,0.6255175833736488,0.3179556547247546,True,0.10500000000000008,0.5,40
250,0.54,0.46434557462402015,0.311884292382413,0.6345252202287119,0.32264092784629894,True,0.10550000000000008,0.5,40
251,0.81,0.5252642071910485,0.36405407999986006,0.7055268818508837,0.3414728018510237,False,0.09600000000000009,0.492,40
252,0.96,0.7617982831033487,0.577845892156478,0.9671966735000279,0.38935078134354995,True,0.09650000000000009,0.496,41
253,0.64,0.9096731272550898,0.7189579612782844,1.121547783663245,0.40258982238496066,False,0.08700000000000009,0.488,40
254,0.55,0.5194332332370779,0.3648336388959819,0.6915448773176314,0.32671123842164945,True,0.08750000000000009,0.492,41
255,1.04,0.5459907985113273,0.38488550338868294,0.7258376546172047,0.3409521512285218,False,0.0780000000000001,0.484,41
256,0.7,1.0013918492787486,0.7905004826273339,1.2371227336849087,0.4466222510575748,False,0.0685000000000001,0.476,41
257,1.48,0.6959915487321948,0.5138239100003892,0.9000805274440999,0.38625661744371076,False,0.0590000000000001,0.46799999999999997,42
258,1.45,1.0728690481701237,0.8577203368590636,1.3129348404111765,0.4552145035521129,False,0.0495000000000001,0.45999999999999996,43
259,1.3,1.3148757457883726,1.0688452995556288,1.5901645326454665,0.5213192330898377,True,0.0500000000000001,0.46399999999999997,43
260,2.38,1.2673120238801414,1.0216705788185978,1.5427999336249587,0.5211293548063609,False,0.0405000000000001,0.45599999999999996,43
261,1.62,1.9395171382924628,1.6129482915178674,2.3069008806506734,0.693952589132806,True,0.0410000000000001,0.45999999999999996,44
262,1.26,1.6780000378993272,1.3753545510334217,2.0192057854557697,0.6438512344223479,False,0.0315000000000001,0.45199999999999996,43
263,1.07,1.3533354966330884,1.082837124217808,1.6589635335951312,0.5761264093773231,False,0.022000000000000096,0.44399999999999995,44
264,1.07,1.0994475199322484,0.8564762919887645,1.3742182477471379,0.5177419557583733,True,0.022500000000000096,0.44799999999999995,44
265,1.09,1.042921483246407,0.8052865039042558,1.311837028462628,0.5065505245583721,True,0.023000000000000097,0.45199999999999996,44
266,0.98,1.0428989036656482,0.8029383228830829,1.3147968389315485,0.5118585160484657,True,0.023500000000000097,0.45599999999999996,44
267,0.92,0.9720338475304857,0.7400927080970732,1.2348909789172815,0.49479827082020833,True,0.024000000000000098,0.45999999999999996,44
268,0.92,0.9141773350363278,0.6887518834071136,1.1696940243076943,0.48094214090058074,True,0.024500000000000098,0.46399999999999997,43
269,0.89,0.8993772317092221,0.6758839783229533,1.1526751941059339,0.47679121578298056,True,0.0250000000000001,0.46799999999999997,43
270,0.89,0.8771827068003111,0.6570036855611918,1.1266186342347826,0.46961494867359077,True,0.0255000000000001,0.472,43
271,0.9,0.8712919553336596,0.6523494499237812,1.1192451646702195,0.4668957147464383,True,0.0260000000000001,0.476,42
272,0.83,0.876184630321232,0.6573411746722746,1.1239252489757772,0.46658407430350257,True,0.0265000000000001,0.48,42
273,0.77,0.83306959339396,0.6199596284111231,1.0742147367716628,0.4542551083605397,True,0.0270000000000001,0.484,42
274,0.74,0.782747626647923,0.5759028634366536,1.016741751067042,0.44083888763038837,True,0.0275000000000001,0.488,41
275,0.73,0.7501331667211903,0.5476434703882751,0.9791160947999866,0.4314726244117115,True,0.0280000000000001,0.492,41
276,0.78,0.7353250420991682,0.5349225279854011,0.9618925039095663,0.4269699759241652,True,0.0285000000000001,0.496,41
277,0.87,0.7632065373165475,0.5603701787088102,0.9924100932308186,0.4320399145220084,True,0.029000000000000102,0.5,40
278,0.78,0.828849071210789,0.6194643181149213,1.0653057235381573,0.445841405423236,True,0.029500000000000103,0.5,40
279,0.78,0.7901724427641954,0.6000398306000754,1.0028984988645164,0.40285866826444106,True,0.030000000000000103,0.5,40
280,1.57,0.7809477136343044,0.6042339122164093,0.9771273593868444,0.37289344717043504,False,0.0205000000000001,0.492,40
281,1.66,1.2442290669763367,1.0110449145183682,1.504451327119018,0.4934064126006499,False,0.011000000000000102,0.484,41
282,1.36,1.472908545128731,1.1637610850336415,1.8262254621681664,0.6624643771345249,True,0.011500000000000102,0.488,41
283,1.19,1.2957550519466587,0.9815852630899162,1.6597347874500477,0.6781495243601314,True,0.012000000000000103,0.492,41
284,1.06,1.1474747852600538,0.8429664789345701,1.5022961654699953,0.6593296865354252,True,0.012500000000000103,0.496,41
285,0.97,1.038908377614288,0.7460245447801679,1.380921496627145,0.6348969518469771,True,0.013000000000000103,0.5,40
286,0.9,0.9640845026420612,0.6836005312360869,1.2912964577686799,0.607695926532593,True,0.013500000000000104,0.5,40
287,0.85,0.910573436985137,0.6413856053360876,1.2239081701741688,0.5825225648380812,True,0.014000000000000104,0.5,40
288,1.02,0.8760447720978057,0.6163495806874555,1.1774645961293828,0.5611150154419273,True,0.014500000000000105,0.5,40
289,1.86,0.9911243783079413,0.7105149376459503,1.3177677099671086,0.6072527723211583,False,0.005000000000000105,0.492,40
290,4.44,1.4848723845920988,1.0574415581993897,2.001101413112428,0.9436598549130384,False,0.001,0.484,41
291,13.62,3.7309431238586503,2.4309232821593976,5.523556780639668,3.09263349848027,False,0.001,0.476,41
292,6.65,18.842612395628116,9.823079156763717,35.37867384875214,25.555594691988425,False,0.001,0.46799999999999997,42
293,4.27,2.3447709821022964,0.8243928963968223,5.132173034004281,4.307780137607459,True,0.0015,0.472,43
294,5.37,3.486946079210732,1.4473880565307042,7.226192435654712,5.778804379124008,True,0.002,0.476,42
295,4.37,4.811137014920999,2.1651663185481813,9.669048639969878,7.503882321421697,True,0.0025,0.48,42
296,3.44,3.335684311162942,1.3591975003664079,6.968030842328768,5.60883334196236,True,0.003,0.484,42
297,2.9,2.921400947352389,1.133016204875195,6.209221080810288,5.076204875935092,True,0.0035,0.488,41
298,2.5,2.487061657376693,0.8967606532571799,5.410718706899485,4.513958053642305,True,0.004,0.492,41
299,2.21,2.2677024012027824,0.7746519726770316,5.016886210494013,4.242234237816981,True,0.0045000000000000005,0.496,41
300,2.01,2.047999875161912,0.6553340320050036,4.612343526662267,3.957009494657263,True,0.005000000000000001,0.5,40
301,1.82,1.8999738795948744,0.5749427990261888,4.339780281247347,3.7648374822211585,True,0.005500000000000001,0.5,40
302,1.69,1.7291594745918992,0.4821754403191645,4.025256278805192,3.5430808384860275,True,0.006000000000000002,0.5,40
303,1.61,1.6467198107770087,0.4374033974421644,3.87345846630458,3.436055068862416,True,0.006500000000000002,0.5,40
304,1.52,1.5877562032198251,0.40538093345370757,3.7648875887665243,3.3595066553128166,True,0.007000000000000003,0.5,40
305,1.46,1.5076980903332302,0.36190228377291034,3.6174749739310306,3.2555726901581203,True,0.007500000000000003,0.5,40
306,1.39,1.4727311500961893,0.3586049641567006,3.5004983066960076,3.1418933425393067,True,0.008000000000000004,0.5,40
307,1.32,1.4014222879872458,0.34736398319647355,3.280082499727155,2.9327185165306813,True,0.008500000000000004,0.5,40
308,1.27,1.3499047509290376,0.34617538376507884,3.102030392945081,2.755855009180002,True,0.009000000000000005,0.5,40
309,1.22,1.3139339170311741,0.350438497953008,2.964853031443679,2.6144145334906708,True,0.009500000000000005,0.5,40
310,1.17,1.2697062150087595,0.3473023260572083,2.823615682105374,2.476313356048166,True,0.010000000000000005,0.5,40
311,1.13,1.2305889668569736,0.3438319224483202,2.702492146487468,2.3586602240391477,True,0.010500000000000006,0.5,40
312,1.14,1.1999205045570451,0.34333522837426034,2.6027122077544242,2.259376979380164,True,0.011000000000000006,0.5,40
313,1.13,1.2295641826880606,0.37968728430708465,2.602958801799804,2.2232715174927193,True,0.011500000000000007,0.5,40
314,1.08,1.2040467737414544,0.3790071701656487,2.5226953752942296,2.143688205128581,True,0.012000000000000007,0.5,40
315,1.07,1.1550525616424543,0.36160080861016647,2.4108760174593704,2.049275208849204,True,0.012500000000000008,0.5,40
316,1.04,1.172221334046517,0.38277755284764553,2.4123677480659254,2.02959019521828,True,0.013000000000000008,0.5,40
317,1.02,1.1298595542657712,0.3664322797974456,2.319814518411138,1.9533822386136925,True,0.013500000000000009,0.5,40
318,1.31,1.131851496501652,0.3758966523070662,2.3031483836491287,1.9272517313420625,True,0.014000000000000009,0.5,40
319,1.32,1.520388054804851,0.6153978824185513,2.93237852787842,2.3169806454598687,True,0.01450000000000001,0.5,40
320,1.3,1.3379823573881873,0.4994183194348455,2.645521354920292,2.1461030354854462,True,0.01500000000000001,0.5,40
321,1.43,1.4114081791312438,0.5478831654925422,2.7566720383128804,2.208788872820338,True,0.01550000000000001,0.5,40
322,2.79,1.5361597532462548,0.6230564368272407,2.962959110996546,2.339902674169305,True,0.01600000000000001,0.5,40
323,2.35,3.279571111434124,1.654450730648493,5.899630377900117,4.245179647251623,True,0.01650000000000001,0.5,40
324,2.04,1.871890999340851,0.7768164997727183,3.641873774331791,2.8650572745590726,True,0.01700000000000001,0.5,40
325,1.8,2.054540884765611,0.882716564733919,3.9557220621911853,3.0730054974572663,True,0.017500000000000012,0.5,40
326,1.66,1.712844123298963,0.6787395283862987,3.383957792661329,2.7052182642750306,True,0.018000000000000013,0.5,40
327,1.67,1.7011952828991768,0.6788560229738794,3.3460879649655846,2.667231941991705,True,0.018500000000000013,0.5,40
328,1.71,1.7214180393632033,0.6995403802973221,3.357717080941505,2.6581767006441828,True,0.019000000000000013,0.5,40
329,1.61,1.8031616619971471,0.7545903367384552,3.4783760281599596,2.7237856914215044,True,0.019500000000000014,0.5,40
330,1.55,1.6975239582966295,0.7068342432466874,3.2632350120553744,2.556400768808687,True,0.020000000000000014,0.5,40
331,1.47,1.5821968517352598,0.6280313347999589,3.095584918167913,2.467553583367954,True,0.020500000000000015,0.5,40
332,1.4,1.498906680799474,0.5170939350750579,3.1161159866052053,2.5990220515301474,True,0.021000000000000015,0.5,40
333,1.36,1.4215312884583051,0.4126877380947792,3.150820894708671,2.738133156613892,True,0.021500000000000016,0.5,40
334,1.33,1.3788917761432393,0.33176441637810533,3.249344713678876,2.9175802973007703,True,0.022000000000000016,0.5,40
335,1.28,1.3535445517553133,0.2810818866872562,3.3238234922053556,3.042741605518099,True,0.022500000000000017,0.5,40
336,1.24,1.306698975018262,0.23893042578539778,3.2947207128093874,3.0557902870239895,True,0.023000000000000017,0.5,40
337,1.23,1.276286464880131,0.21847883111012353,3.252416979190172,3.0339381480800482,True,0.023500000000000017,0.5,40
338,1.18,1.274693019396671,0.21293759454004446,3.265865247959482,3.0529276534194376,True,0.024000000000000018,0.5,40
339,1.15,1.2264739347352784,0.18287438544216963,3.19079679386459,3.00792240842242,True,0.02450000000000002,0.5,40
340,1.47,1.2040427215375544,0.167340297697083,3.161429471719683,2.9940891740226,True,0.02500000000000002,0.5,40
341,1.33,1.5070547063106092,0.32469461296134433,3.7447337967075933,3.420039183746249,True,0.02550000000000002,0.5,40
342,1.25,1.3367231439227467,0.23108416503970156,3.43533854662822,3.2042543815885183,True,0.02600000000000002,0.5,40
343,1.25,1.281307822808198,0.20000623882766283,3.336948604109131,3.1369423652814685,True,0.02650000000000002,0.5,40
344,1.51,1.2847333070817792,0.20068608617730002,3.347519592825554,3.146833506648254,True,0.02700000000000002,0.5,40
345,4.8,1.507518774775218,0.31769763562767916,3.7716943825698817,3.4539967469422024,False,0.017500000000000022,0.492,40
346,8.39,4.813217315853975,1.87277617127689,10.763358349747092,8.890582178470202,True,0.018000000000000023,0.496,41
347,5.51,7.604559282878544,3.0485080980633397,17.287833112644297,14.239325014580956,True,0.018500000000000023,0.5,40
348,4.17,3.5681654603257194,1.1102990802405621,8.888710026132427,7.778410945891865,True,0.019000000000000024,0.5,40
349,3.38,3.607427573415804,1.0922118701617891,9.14638581638038,8.054173946218592,True,0.019500000000000024,0.5,40
350,2.96,2.7228864096002754,0.7058775020088395,7.124782232291034,6.418904730282195,True,0.020000000000000025,0.5,40
351,2.67,2.6935462387815656,0.7058331121488046,6.997431707039929,6.2915985948911235,True,0.020500000000000025,0.5,40
352,4.41,2.374477534129234,0.5705931042635664,6.25019013354334,5.6795970292797735,True,0.021000000000000026,0.5,40
353,45.98,4.89329141957881,1.673825025204387,11.989213366131322,10.315388340926935,False,0.011500000000000026,0.492,40
354,41.81,143.6951313391525,40.38733220855125,504.87172248151694,464.4843902729657,True,0.012000000000000026,0.496,41
355,22.01,11.531410084837983,2.428201985447195,44.80717220893108,42.37897022348388,True,0.012500000000000027,0.5,40
356,13.24,15.028756034774219,3.225177418263889,59.80715543724523,56.58197801898134,True,0.013000000000000027,0.5,40
357,9.5,8.877396096569607,1.6329971281012008,36.0539536892266,34.4209565611254,True,0.013500000000000028,0.5,40
358,7.44,7.463443787783831,1.3010528139901338,30.12917718075628,28.828124366766147,True,0.014000000000000028,0.5,40
359,6.1,6.004067631580351,0.965690671607117,23.95660385244816,22.990913180841044,True,0.014500000000000028,0.5,40
360,5.32,5.206022304868016,0.8506936733534936,19.810960453941515,18.96026678058802,True,0.015000000000000029,0.5,40
361,4.73,4.700748577533346,0.8078572164228406,16.976272710602917,16.168415494180078,True,0.01550000000000003,0.5,40
362,4.32,4.321889029011773,0.7717712866084916,14.98541699551444,14.213645708905949,True,0.016000000000000028,0.5,40
363,3.95,4.040174585825323,0.7456213882377885,13.552617209419196,12.806995821181408,True,0.01650000000000003,0.5,40
364,4.93,3.733396209995912,0.6952864808210821,12.216078777406507,11.520792296585425,True,0.01700000000000003,0.5,40
365,11.3,5.071565194053829,1.2064439545050418,15.707382859364479,14.500938904859437,True,0.01750000000000003,0.5,40
366,10.67,12.41698471619221,3.7381137796492183,36.99306796888752,33.254954189238305,True,0.01800000000000003,0.5,40
367,10.73,7.755998986189022,2.113213679025114,23.626487658936156,21.51327397991104,True,0.01850000000000003,0.5,40
368,13.0,9.73203136371221,2.750568289813139,29.709078809345158,26.95851051953202,True,0.01900000000000003,0.5,40
369,12.22,11.40170256357427,3.2178002945757784,35.46503289242004,32.24723259784426,True,0.01950000000000003,0.5,40
370,41.59,9.959161724742195,2.7346350168767675,31.159294058538357,28.42465904166159,False,0.010000000000000031,0.492,40
371,49.66,49.45587443637649,16.694837970017886,142.87219987280943,126.17736190279155,True,0.010500000000000032,0.496,41
372,29.04,33.08537524384611,10.989867055898682,95.89955694231129,84.90968988641261,True,0.011000000000000032,0.5,40
373,18.49,19.94500267451253,6.3057737234082305,59.04745748280328,52.74168375939505,True,0.011500000000000033,0.5,40
374,15.3,13.96298388188517,4.55458479624891,39.30740277846728,34.75281798221837,True,0.012000000000000033,0.5,40
375,26.93,12.95976257708688,4.42530543659959,34.91963134351691,30.49432590691732,True,0.012500000000000034,0.5,40
376,21.72,27.35442971545373,9.577562202646556,75.00746458266609,65.42990238001953,True,0.013000000000000034,0.5,40
377,16.19,15.249305712398453,5.123017552085867,42.122518250015005,36.999500697929136,True,0.013500000000000035,0.5,40
378,11.72,13.690527766449957,4.590912406451328,37.60042697285208,33.009514566400746,True,0.014000000000000035,0.5,40
379,9.3,9.723358598256748,3.1984649452326703,26.388681607876183,23.190216662643515,True,0.014500000000000035,0.5,40
380,7.92,8.643639348075023,2.881487692461137,22.959828613232684,20.07834092077155,True,0.015000000000000036,0.5,40
381,6.67,7.594259334612813,2.5552861241639486,19.775063083832247,17.219776959668298,True,0.015500000000000036,0.5,40
382,7.06,6.669945372578759,2.263156426084665,17.027962603352062,14.764806177267397,True,0.016000000000000035,0.5,40
383,7.77,7.70754388238567,2.7404194997280245,19.270806648608605,16.530387148880582,True,0.016500000000000035,0.5,40
384,8.66,8.160723772079715,2.9338984966789505,20.33223826166126,17.39833976498231,True,0.017000000000000036,0.5,40
385,10.95,9.170421110655269,3.334228104678484,22.865256527779223,19.53102842310074,True,0.017500000000000036,0.5,40
386,14.55,11.473983965102633,4.191461223539482,28.972346755881382,24.780885532341898,True,0.018000000000000037,0.5,40
387,21.48,14.142662909168411,5.103198895537449,36.57050096275987,31.467302067222423,True,0.018500000000000037,0.5,40
388,27.13,19.711853030391158,6.969164535850971,52.830091476046505,45.86092694019553,True,0.019000000000000038,0.5,40
389,20.7,22.11555637402441,7.4693388603874205,62.08980609807108,54.620467237683656,True,0.019500000000000038,0.5,40
390,17.83,15.739681193866126,5.033307129627124,45.44499616076952,40.411689031142394,True,0.02000000000000004,0.5,40
391,17.78,16.221183002289134,4.539687774585865,52.535353627489044,47.99566585290318,True,0.02050000000000004,0.5,40
392,26.57,15.532643332572146,3.750143911768551,56.54105573198892,52.790911820220366,True,0.02100000000000004,0.5,40
393,20.14,28.859629978965348,7.6088581583343124,102.56745181328864,94.95859365495433,True,0.02150000000000004,0.5,40
394,16.65,15.97359670523793,3.462326071268528,63.563409421616626,60.1010833503481,True,0.02200000000000004,0.5,40
395,17.27,15.972787272312978,3.1204719667194167,68.91323084295745,65.79275887623803,True,0.02250000000000004,0.5,40
396,28.25,16.596811883222077,2.984485435173631,76.71336939019635,73.72888395502272,True,0.02300000000000004,0.5,40
397,21.56,28.54885042002076,5.250620039987246,138.687671872396,133.43705183240877,True,0.02350000000000004,0.5,40
398,14.53,17.40673233278224,2.7065119356579674,90.40879647823046,87.70228454257249,True,0.024000000000000042,0.5,40
399,11.0,13.249339006809734,1.7783257609241727,72.08130133143555,70.30297557051138,True,0.024500000000000043,0.5,40
400,10.64,10.702118002250012,1.2809942352067782,59.03503368177952,57.75403944657274,True,0.025000000000000043,0.5,40
401,19.86,11.222992967566972,1.387577309487689,61.57454219032146,60.18696488083377,True,0.025500000000000043,0.5,40
402,31.69,21.99316507993288,3.3872149553258346,119.50598062245611,116.11876566713028,True,0.026000000000000044,0.5,40
403,30.06,27.86541108611046,4.4599890566407785,151.60322841796616,147.14323936132539,True,0.026500000000000044,0.5,40
404,19.52,23.74893912846063,3.6696127648726273,130.16933219642615,126.49971943155353,True,0.027000000000000045,0.5,40
405,13.79,16.43162267540632,2.30764589617968,90.8663843214592,88.55873842527951,True,0.027500000000000045,0.5,40
406,10.72,13.71615171232992,1.8186665240792625,75.8324735722518,74.01380704817254,True,0.028000000000000046,0.5,40
407,8.91,11.470177209331238,1.4527288158271303,62.400942912510025,60.9482140966829,True,0.028500000000000046,0.5,40
408,7.67,10.387690615740842,1.3267644658785023,54.73383101794524,53.40706655206674,True,0.029000000000000047,0.5,40
409,7.0,8.88644637304818,1.1212470158085361,45.07752947145676,43.95628245564822,True,0.029500000000000047,0.5,40
410,7.06,8.048406446618337,1.0510119288893485,38.918665547469544,37.86765361858019,True,0.030000000000000047,0.5,40
411,7.31,8.16338525823301,1.139458184533896,38.247146776600964,37.10768859206707,True,0.030500000000000048,0.5,40
412,6.57,8.470170613862951,1.2509951437189044,38.84199242096313,37.59099727724423,True,0.03100000000000005,0.5,40
413,5.94,7.275792034197794,1.0259102992140794,32.8063999279044,31.780489628690322,True,0.03150000000000005,0.5,40
414,5.43,6.691105565316423,0.9417022966434909,29.4645593297674,28.52285703312391,True,0.03200000000000005,0.5,40
415,4.97,5.914747131400919,0.797732729178583,25.59668320833443,24.798950479155845,True,0.03250000000000005,0.5,40
416,4.58,5.467152806098319,0.7264475140589128,23.225506467379446,22.499058953320535,True,0.03300000000000005,0.5,40
417,4.27,5.0267110260683,0.649559562533063,21.018753742943552,20.36919418041049,True,0.03350000000000005,0.5,40
418,4.94,4.667610419167732,0.5872619214271726,19.237244672622527,18.649982751195353,True,0.03400000000000005,0.5,40
419,4.93,5.771310452673737,0.9167028182897807,22.92162457787788,22.004921759588097,True,0.03450000000000005,0.5,40
420,4.56,5.151217941433642,0.7784430234802409,20.275622363752117,19.497179340271877,True,0.03500000000000005,0.5,40
421,4.36,4.816012098220709,0.7128135541680136,18.74879089690551,18.035977342737496,True,0.03550000000000005,0.5,40
422,4.16,4.640445754706036,0.688440923554436,17.842606731425644,17.15416580787121,True,0.03600000000000005,0.5,40
423,4.08,4.4183841530061905,0.6501763828047182,16.791362872160885,16.141186489356166,True,0.03650000000000005,0.5,40
424,4.91,4.387600606242651,0.6523104342499562,16.56706227275157,15.914751838501614,True,0.037000000000000054,0.5,40
425,4.49,5.646713485169762,1.0845946416808183,20.19299324223341,19.10839860055259,True,0.037500000000000054,0.5,40
426,4.27,4.464284828024325,0.7490349591094825,16.071361853727144,15.32232689461766,True,0.038000000000000055,0.5,40
427,4.54,4.592207988137584,0.8275036765856365,16.112299462520056,15.28479578593442,True,0.038500000000000055,0.5,40
428,5.31,4.889136940437353,0.9514463973613314,16.77242457190695,15.820978174545617,True,0.039000000000000055,0.5,40
429,4.92,5.896000916836848,1.3132688311587843,19.557415551738114,18.24414672057933,True,0.039500000000000056,0.5,40
430,5.27,4.8819915938736,1.0005221801245172,16.29439715996862,15.293874979844105,True,0.040000000000000056,0.5,40
431,5.17,5.893432215760732,1.370503315645181,19.04612581626132,17.67562250061614,True,0.04050000000000006,0.5,40
432,4.88,5.038880192393962,1.028346022528364,16.979217339174763,15.9508713166464,True,0.04100000000000006,0.5,40
433,4.57,5.17158038102799,1.0320988839796974,17.743381387472937,16.71128250349324,True,0.04150000000000006,0.5,40
434,4.26,4.558536583958057,0.7487600970830852,16.668134701115694,15.919374604032608,True,0.04200000000000006,0.5,40
435,3.98,4.440782662482745,0.6847565160710263,16.570560314203203,15.885803798132176,True,0.04250000000000006,0.5,40
436,3.69,3.957702622878549,0.5787547786921841,14.568481963524157,13.989727184831972,True,0.04300000000000006,0.5,40
437,3.59,3.7158714573280545,0.5967840256149055,12.92764659796571,12.330862572350805,True,0.04350000000000006,0.5,40
438,3.47,3.7131994898375043,0.7254259247157275,11.87464684099053,11.149220916274803,True,0.04400000000000006,0.5,40
439,3.21,3.527292391707186,0.7661487759384364,10.605124482856267,9.83897570691783,True,0.04450000000000006,0.5,40
440,3.09,3.2084758818638806,0.7387435530442912,9.186245819413722,8.447502266369431,True,0.04500000000000006,0.5,40
441,3.02,3.1644921593420756,0.8013961152814895,8.627529890898858,7.826133775617368,True,0.04550000000000006,0.5,40
442,2.96,3.0214350770062124,0.8126817942810631,7.921554863957795,7.108873069676731,True,0.04600000000000006,0.5,40
443,2.84,2.972783039339271,0.8490739233740972,7.535626876864793,6.686552953490696,True,0.04650000000000006,0.5,40
444,2.73,2.817782211132374,0.8318657574194754,6.956620703566757,6.124754946147282,True,0.04700000000000006,0.5,40
445,2.64,2.7266908645100387,0.8034563942153647,6.700893043030838,5.897436648815473,True,0.04750000000000006,0.5,40
446,2.57,2.642302737341828,0.7780345753571429,6.461254924012396,5.683220348655253,True,0.04800000000000006,0.5,40
447,2.81,2.5798778378940304,0.7614033622394221,6.275747059975729,5.514343697736307,True,0.048500000000000064,0.5,40
448,3.18,2.890563033388301,0.9266476388932428,6.856382459982504,5.92973482108926,True,0.049000000000000064,0.5,40
449,3.22,3.292790958139399,1.1479488263741011,7.579373020441702,6.431424194067601,True,0.049500000000000065,0.5,40
450,3.19,3.248894832656834,1.1564859812920565,7.371539372660999,6.215053391368943,True,0.050000000000000065,0.5,40
451,3.16,3.2185913974092655,1.1583995873378208,7.245235721271497,6.0868361339336765,True,0.050500000000000066,0.5,40
452,3.56,3.191068205869426,1.162677400281964,7.121901446771252,5.959224046489288,True,0.051000000000000066,0.5,40
453,10.09,3.6751591027513033,1.4260316897729886,8.009409369291301,6.583377679518312,False,0.041500000000000065,0.492,40
454,15.68,13.192151807870811,6.352439257346098,26.394605502712217,20.04216624536612,True,0.042000000000000065,0.496,41
455,13.26,13.079911619215881,6.333352944120758,26.033188326748274,19.699835382627516,True,0.042500000000000066,0.5,40
456,10.26,11.069282732340904,5.317530876468165,22.057676886989462,16.740146010521297,True,0.043000000000000066,0.5,40
457,8.26,8.436773998366359,3.9681616114921248,16.924679279806583,12.956517668314458,True,0.043500000000000066,0.5,40
458,6.85,7.277306799921275,3.4021357061049944,14.563765507048378,11.161629800943384,True,0.04400000000000007,0.5,40
459,5.88,6.105273247982579,2.809638623056222,12.251888938483146,9.442250315426925,True,0.04450000000000007,0.5,40
460,5.23,5.46201205932543,2.487450255193761,10.973676124176645,8.486225868982885,True,0.04500000000000007,0.5,40
461,4.65,4.943308721038592,2.225132776319537,9.952392041943547,7.72725926562401,True,0.04550000000000007,0.5,40
462,4.24,4.452930286815145,1.9718817411542817,9.005259731942434,7.033377990788153,True,0.04600000000000007,0.5,40
463,3.94,4.153307789748156,1.8217304516876536,8.411452167585939,6.5897217158982855,True,0.04650000000000007,0.5,40
464,3.73,3.9159519847574336,1.684598217756077,8.001936958983832,6.317338741227754,True,0.04700000000000007,0.5,40
465,3.62,3.7564036059577024,1.5718930776130753,7.796390277531971,6.224497199918896,True,0.04750000000000007,0.5,40
466,3.55,3.6878459016246667,1.5204485651803665,7.719042912032828,6.198594346852461,True,0.04800000000000007,0.5,40
467,3.34,3.617386720210046,1.4862345123987541,7.5753214419833625,6.089086929584608,True,0.04850000000000007,0.5,40
468,3.15,3.3509910767104687,1.229005253229674,7.4930815314069985,6.264076278177324,True,0.04900000000000007,0.5,40
469,3.0,3.2282405613784064,1.0918537191872333,7.546495426951694,6.454641707764461,True,0.04950000000000007,0.5,40
470,2.88,3.0690360470295515,0.9788069693247032,7.367190235678327,6.388383266353625,True,0.05000000000000007,0.5,40
471,2.77,2.981751714800515,1.0062781302491204,6.902367313523075,5.896089183273954,True,0.05050000000000007,0.5,40
472,2.7,2.8582043816654554,0.8645434941382257,6.983584774235887,6.119041280097662,True,0.05100000000000007,0.5,40
473,2.67,2.818648911472976,0.7769325996813723,7.206321112972153,6.429388513290781,True,0.051500000000000073,0.5,40
474,2.62,2.7853473605402708,0.7651934116268204,7.1174417180401655,6.352248306413345,True,0.052000000000000074,0.5,40
475,2.53,2.71765674237391,0.8463581222445813,6.4855313753088755,5.639173253064294,True,0.052500000000000074,0.5,40
476,2.46,2.610006115048003,0.7713475139283654,6.357192221294983,5.5858447073666175,True,0.053000000000000075,0.5,40
477,2.6,2.5600566404029688,0.6698054752292362,6.590107632829117,5.920302157599881,True,0.053500000000000075,0.5,40
478,2.81,2.808469054138223,0.7825153094469262,7.137061409491562,6.354546100044636,True,0.054000000000000076,0.5,40
479,2.52,2.959336602231785,0.9061517575708229,7.224080935586203,6.31792917801538,True,0.054500000000000076,0.5,40
480,3.03,2.415359228040721,0.7781721665298031,5.559926466134686,4.781754299604883,True,0.05500000000000008,0.5,40
481,2.76,3.6091405522878386,1.505364951235145,7.479473866779713,5.974108915544568,True,0.05550000000000008,0.5,40
482,3.32,2.457205551402245,0.8874032653078461,5.332653145376972,4.4452498800691265,True,0.05600000000000008,0.5,40
483,2.93,3.9357079011290876,1.7196688284963937,7.957418723196726,6.2377498947003325,True,0.05650000000000008,0.5,40
484,2.72,2.642219876585164,1.0633821242528798,5.42913664583354,4.36575452158066,True,0.05700000000000008,0.5,40
485,2.66,2.9004303126450397,1.2959120961349813,5.6262800955711585,4.330367999436177,True,0.05750000000000008,0.5,40
486,2.46,2.689254800131273,1.2622909470737875,5.016291139694735,3.754000192620947,True,0.05800000000000008,0.5,40
487,3.22,2.513346906968194,1.2301275800093099,4.534932888750449,3.304805308741139,True,0.05850000000000008,0.5,40
488,5.21,3.712824346899419,2.0989350164572405,6.167208478646845,4.068273462189605,True,0.05900000000000008,0.5,40
489,4.79,5.863460911220008,3.706040829822223,9.009920734500831,5.303879904678608,True,0.05950000000000008,0.5,40
490,4.07,4.113735269691126,2.6297209151317307,6.204490102659564,3.5747691875278336,True,0.06000000000000008,0.5,40
491,3.68,4.0497336064199585,2.683707528207533,5.922321954320613,3.23861442611308,True,0.06050000000000008,0.5,40
492,3.28,3.4825376962962293,2.3339935445272944,5.026749581353969,2.6927560368266747,True,0.06100000000000008,0.5,40
493,3.0,3.2401943788379075,2.227898547870163,4.569954601637552,2.342056053767389,True,0.06150000000000008,0.5,40
494,2.77,2.977961140746589,2.057456118036827,4.175601619901745,2.1181455018649182,True,0.06200000000000008,0.5,40
495,2.61,2.7541912101305663,1.9152744970252642,3.8345195818105724,1.9192450847853082,True,0.06250000000000008,0.5,40
496,2.5,2.6238916564901493,1.8431948043394328,3.6189556614043017,1.7757608570648689,True,0.06300000000000008,0.5,40
497,2.55,2.5345008842008565,1.797293447936966,3.4659942665758336,1.6687008186388677,True,0.06350000000000008,0.5,40
498,2.98,2.6380561459034735,1.8889890421777413,3.581343967566265,1.6923549253885235,True,0.06400000000000008,0.5,40
499,2.91,3.144829859363772,2.2867793250628976,4.226884090475027,1.940104765412129,True,0.06450000000000009,0.5,40
500,2.65,2.925981166164574,2.0987818200966255,3.9739959157880724,1.875214095691447,True,0.06500000000000009,0.5,40
501,2.61,2.7013437350462355,1.9061685642666752,3.714091816082588,1.8079232518159127,True,0.06550000000000009,0.5,40
502,3.52,2.7216649077594997,1.908384381633279,3.762365584520934,1.8539812028876548,True,0.06600000000000009,0.5,40
503,3.15,3.627800127668344,2.6361611469510513,4.889874831209025,2.2537136842579737,True,0.06650000000000009,0.5,40
504,2.92,3.0020234467441202,2.1094842338591078,4.150755065386639,2.0412708315275316,True,0.06700000000000009,0.5,40
505,2.77,2.943701515465211,2.039620112568522,4.116685989401578,2.077065876833056,True,0.06750000000000009,0.5,40
506,2.85,2.818227191578211,1.9211746208500418,3.9907522756256473,2.0695776547756055,True,0.06800000000000009,0.5,40
507,2.91,2.916815849445386,1.9697947638623146,4.165827142382907,2.196032378520593,True,0.06850000000000009,0.5,40
508,2.77,2.9323981765829985,1.9389054576097622,4.261739665409347,2.3228342077995845,True,0.06900000000000009,0.5,40
509,2.64,2.801965608258387,1.8112494989707995,4.1418212761519495,2.33057177718115,True,0.06950000000000009,0.5,40
510,2.59,2.720428346116791,1.7185471656072946,4.091538323741849,2.3729911581345546,True,0.07000000000000009,0.5,40
511,2.59,2.693482375601405,1.6760730915706379,4.097697855058048,2.4216247634874097,True,0.07050000000000009,0.5,40
512,2.43,2.6962094154506913,1.6666259318511019,4.123314777555831,2.456688845704729,True,0.07100000000000009,0.5,40
513,2.31,2.5461579461849233,1.5544397399506233,3.9228940431116026,2.3684543031609793,True,0.07150000000000009,0.5,40
514,2.19,2.467917542584367,1.5029094836301513,3.804988818341748,2.3020793347115966,True,0.07200000000000009,0.5,40
515,2.33,2.3597442381974663,1.4385718204296016,3.628890259263512,2.1903184388339105,True,0.07250000000000009,0.5,40
516,2.35,2.5158689014114333,1.5724123568071722,3.80534705067841,2.232934693871238,True,0.07300000000000009,0.5,40
517,2.13,2.4871288023173768,1.5734875137040039,3.725131643032345,2.151644129328341,True,0.07350000000000009,0.5,40
518,2.02,2.274331029900358,1.437882172494675,3.397769430504237,1.9598872580095619,True,0.0740000000000001,0.5,40
519,1.93,2.192679435694126,1.40553073055858,3.237402519791229,1.831871789232649,True,0.0745000000000001,0.5,40
520,1.88,2.0920407855469128,1.3609793715551488,3.049470459027365,1.688491087472216,True,0.0750000000000001,0.5,40
521,1.82,2.042854470338024,1.3537975251757484,2.933627777505955,1.5798302523302068,True,0.0755000000000001,0.5,40
522,1.91,1.948894373707092,1.311527750695598,2.7620045983287462,1.4504768476331482,True,0.0760000000000001,0.5,40
523,2.15,2.0896073233505583,1.4368729157439204,2.917181462697381,1.4803085469534607,True,0.0765000000000001,0.5,40
524,2.24,2.3199422578538376,1.647192100890174,3.163663298850601,1.5164711979604268,True,0.0770000000000001,0.5,40
525,3.36,2.315894952412106,1.6686861245038664,3.120064639477296,1.4513785149734297,False,0.0675000000000001,0.492,40
526,3.48,3.645212972634825,2.745028262049468,4.761773223395194,2.016744961345726,True,0.0680000000000001,0.496,41
527,3.15,3.2273457556517817,2.438042316378961,4.197856946871083,1.7598146304921216,True,0.0685000000000001,0.5,40
528,3.03,3.082804570850799,2.33726358601414,3.9948985850617644,1.6576349990476245,True,0.0690000000000001,0.5,40
529,3.43,3.013028229560204,2.265918477543634,3.931046406081623,1.6651279285379887,True,0.0695000000000001,0.5,40
530,4.46,3.445775339007226,2.5998297123575425,4.490514814374564,1.890685102017022,True,0.0700000000000001,0.5,40
531,6.25,4.501692107419222,3.4028969530630073,5.874704624595334,2.4718076715323267,False,0.0605000000000001,0.492,40
532,8.5,6.533898409235718,4.9911673243408226,8.473884164456955,3.482716840116132,False,0.0510000000000001,0.484,41
533,6.44,8.981418071415114,6.898153149472439,11.614177622401124,4.7160244729286855,False,0.0415000000000001,0.476,41
534,5.09,5.212363484933724,3.8506248950750166,6.956389311431392,3.105764416356376,True,0.0420000000000001,0.48,42
535,4.4,4.68774487484859,3.377771572565913,6.389705293007114,3.011933720441201,True,0.0425000000000001,0.484,42
536,3.94,4.040639419343175,2.8414438410117238,5.614191644448084,2.7727478034363604,True,0.0430000000000001,0.488,41
537,3.59,3.7423641686448397,2.5932147635326386,5.259024129672558,2.6658093661399196,True,0.0435000000000001,0.492,41
538,3.24,3.430981458642621,2.3560168036716758,4.8502676939383615,2.494250890266686,True,0.0440000000000001,0.496,41
539,2.89,3.12122413084034,2.1322126724635413,4.422520790474331,2.2903081180107896,True,0.0445000000000001,0.5,40
540,2.54,2.80720175751566,1.9012447083527437,3.9960574441375263,2.0948127357847826,True,0.0450000000000001,0.5,40
541,2.45,2.4732624826608802,1.649120379658498,3.5537954281317905,1.9046750484732926,True,0.0455000000000001,0.5,40
542,2.3,2.5154472127084135,1.692870829905528,3.5892914610289397,1.8964206311234117,True,0.0460000000000001,0.5,40
543,2.21,2.28089512670757,1.524616846871536,3.2637253434288027,1.7391084965572667,True,0.046500000000000104,0.5,40
544,2.2,2.265654911496921,1.5249371661373798,3.2236702536635393,1.6987330875261595,True,0.047000000000000104,0.5,40
545,2.07,2.252221045559789,1.524875372956274,3.189094575704897,1.664219202748623,True,0.047500000000000105,0.5,40
546,1.99,2.0712714066807196,1.3908384880124633,2.9453556151072786,1.5545171270948153,True,0.048000000000000105,0.5,40
547,2.03,2.047410185788438,1.3802607015527104,2.9015511344573075,1.521290432904597,True,0.048500000000000106,0.5,40
548,2.0,2.1133809439211086,1.439390110032678,2.973591949112742,1.534201839080064,True,0.049000000000000106,0.5,40
549,1.86,2.0306520665913035,1.3812816067877085,2.8571044779219883,1.4758228711342798,True,0.049500000000000106,0.5,40
550,1.78,1.8668867478675621,1.257421308252547,2.6408975121533445,1.3834762039007975,True,0.05000000000000011,0.5,40
551,1.72,1.8313342604428962,1.2340530133439227,2.588300566940765,1.3542475535968421,True,0.05050000000000011,0.5,40
552,1.65,1.7563531339396512,1.1784299949099455,2.487595477812456,1.3091654829025106,True,0.05100000000000011,0.5,40
553,1.68,1.6868985588969205,1.126778385860265,2.394535092983912,1.267756707123647,True,0.05150000000000011,0.5,40
554,1.67,1.7601951617763518,1.1871915753061058,2.4833150498155696,1.2961234745094639,True,0.05200000000000011,0.5,40
555,1.6,1.7043428926481172,1.1453824854476893,2.408935483823641,1.263552998375952,True,0.05250000000000011,0.5,40
556,1.53,1.6301204608197253,1.08689911071676,2.314742721820744,1.2278436111039839,True,0.05300000000000011,0.5,40
557,1.46,1.5592532724858765,1.0322663917997588,2.2228930907671205,1.1906266989673617,True,0.05350000000000011,0.5,40
558,1.44,1.4858116554686718,0.956961470097744,2.157578562931678,1.2006170928339341,True,0.05400000000000011,0.5,40
559,1.38,1.4887000724701704,0.9627165872240497,2.1556405499547604,1.1929239627307107,True,0.05450000000000011,0.5,40
560,1.32,1.394629330303934,0.8672440948990721,2.0709694812888486,1.2037253863897766,True,0.05500000000000011,0.5,40
561,1.27,1.3503809839537775,0.8376567791898741,2.006160253802615,1.1685034746127407,True,0.05550000000000011,0.5,40
562,1.24,1.293389533994357,0.7806744284256786,1.95373228854922,1.1730578601235415,True,0.05600000000000011,0.5,40
563,1.22,1.2840318498699088,0.758719196772013,1.966250383116972,1.207531186344959,True,0.05650000000000011,0.5,40
564,1.19,1.2475334744174162,0.7154870793486019,1.9445903612080393,1.2291032818594374,True,0.05700000000000011,0.5,40
565,1.15,1.2120916764367902,0.6752564477522753,1.9209555298392869,1.2456990820870115,True,0.057500000000000114,0.5,40
566,1.13,1.1662645424826819,0.6337951589082471,1.872270763217044,1.238475604308797,True,0.058000000000000114,0.5,40
567,1.11,1.1596508577851954,0.643346716592345,1.8381666391154652,1.1948199225231202,True,0.058500000000000114,0.5,40
568,1.09,1.1292366726652943,0.6106159568232243,1.814854024645908,1.2042380678226836,True,0.059000000000000115,0.5,40
569,1.08,1.113749140984082,0.5755461849078043,1.8358009900372387,1.2602548051294344,True,0.059500000000000115,0.5,40
570,1.07,1.0767794577093444,0.4330280308354788,2.0097198541531394,1.5766918233176606,True,0.060000000000000116,0.5,40
571,1.04,1.117686743944326,0.37326558374175517,2.265644459870813,1.8923788761290579,True,0.060500000000000116,0.5,40
572,1.0,1.0109578782832176,0.2154152841595424,2.3272179813221006,2.1118026971625583,True,0.06100000000000012,0.5,40
573,0.97,0.9927205874886667,0.17155514636814878,2.3894566142372207,2.217901467869072,True,0.06150000000000012,0.5,40
574,0.94,0.9469217261617793,0.09193504752302793,2.4713641772001314,2.3794291296771033,True,0.06200000000000012,0.5,40
575,0.92,0.9358378969182588,0.08437671656255363,2.455873135144663,2.3714964185821095,True,0.06250000000000011,0.5,40
576,0.9,0.9053781117083737,0.030433259294799484,2.5232420109012783,2.492808751606479,True,0.06300000000000011,0.5,40
577,0.87,0.8982761192522579,0.04223055972494128,2.457442493218019,2.4152119334930777,True,0.06350000000000011,0.5,40
578,0.87,0.8529101472482685,0.0,2.4333861996634165,2.4333861996634165,True,0.06400000000000011,0.5,40
579,0.87,0.8989958858450724,0.01304599076684179,2.55974497438833,2.546698983621488,True,0.06450000000000011,0.5,40
580,0.85,0.8613748804224899,0.0,2.4767721440700563,2.4767721440700563,True,0.06500000000000011,0.5,40
581,0.84,0.8433455755112318,0.03616482250916134,2.2793266447016367,2.243161822192475,True,0.06550000000000011,0.5,40
582,0.82,0.8399755018812864,0.03588343699536434,2.2682343655799198,2.2323509285845553,True,0.06600000000000011,0.5,40
583,0.86,0.8060242431445335,0.023335589575127182,2.187344992252249,2.164009402677122,True,0.06650000000000011,0.5,40
584,0.83,0.9094274363015036,0.09167196897244166,2.339751535374424,2.2480795664019824,True,0.06700000000000012,0.5,40
585,0.8,0.760182292137739,0.0,2.1876281792529997,2.1876281792529997,True,0.06750000000000012,0.5,40
586,0.79,0.8062113827872617,0.040550843672564875,2.135262038513966,2.094711194841401,True,0.06800000000000012,0.5,40
587,0.76,0.7840524353463914,0.06566860496110888,1.9867100121444854,1.9210414071833766,True,0.06850000000000012,0.5,40
588,0.75,0.7484141570501537,0.0765764669610058,1.8395122486771993,1.7629357817161935,True,0.06900000000000012,0.5,40
589,0.74,0.7526390455194287,0.10830037904783436,1.7715804144344496,1.6632800353866153,True,0.06950000000000012,0.5,40
590,0.73,0.7346196327395542,0.12198092522789188,1.6817793445769595,1.5597984193490677,True,0.07000000000000012,0.5,40
591,0.71,0.7290033118017125,0.1402025775408477,1.6218608088650743,1.4816582313242266,True,0.07050000000000012,0.5,40
592,0.7,0.7016221867288,0.14092384678630152,1.5378714578748238,1.3969476110885224,True,0.07100000000000012,0.5,40
593,0.68,0.7004495671627806,0.15643889913147913,1.5003731132148133,1.3439342140833341,True,0.07150000000000012,0.5,40
594,0.66,0.6707835437536631,0.15219079157367432,1.4227911475193826,1.2706003559457084,True,0.07200000000000012,0.5,40
595,0.66,0.6557957846812663,0.15319685041682604,1.3774429140846771,1.2242460636678512,True,0.07250000000000012,0.5,40
596,0.66,0.6633819500601692,0.16895190606902855,1.3669404168135082,1.1979885107444797,True,0.07300000000000012,0.5,40
597,0.66,0.6594584071764127,0.17444797139984292,1.3447630480098463,1.1703150766100032,True,0.07350000000000012,0.5,40
598,0.8,0.6615094660521412,0.1844170868903211,1.3307783519307743,1.1463612650404533,True,0.07400000000000012,0.5,40
599,0.9,0.8785375311604853,0.3576106362893206,1.5993485625774708,1.2417379262881503,True,0.07450000000000012,0.5,40
600,0.71,0.9111184382555053,0.3970080582891507,1.6144256386846112,1.2174175803954606,True,0.07500000000000012,0.5,40
601,0.66,0.5866197801941746,0.1298146224241971,1.2281197967698536,1.0983051743456564,True,0.07550000000000012,0.5,40
602,0.65,0.7396208351290712,0.24940405185304354,1.4221793146314545,1.172775262778411,True,0.07600000000000012,0.5,40
603,0.63,0.6447740503048147,0.19535784811208837,1.2631563266420547,1.0677984785299663,True,0.07650000000000012,0.5,40
604,0.62,0.6365221850205451,0.20613165747171228,1.2204913082859132,1.014359650814201,True,0.07700000000000012,0.5,40
605,0.61,0.6254811249787127,0.2073676513271298,1.1883880065510999,0.98102035522397,True,0.07750000000000012,0.5,40
606,0.61,0.6162359210785429,0.2066070717580981,1.1649289265132916,0.9583218547551935,True,0.07800000000000012,0.5,40
607,0.6,0.6209548739411439,0.20642104761456162,1.1779251187210766,0.971504071106515,True,0.07850000000000013,0.5,40
608,0.6,0.6042215892862364,0.19420561795608515,1.1550115564995562,0.9608059385434711,True,0.07900000000000013,0.5,40
609,0.59,0.612856065651405,0.22226899492194765,1.1282587542643547,0.9059897593424071,True,0.07950000000000013,0.5,40
610,0.58,0.5939556396376322,0.21865927424495904,1.0848276748287526,0.8661684005837936,True,0.08000000000000013,0.5,40
611,0.57,0.5888559599174212,0.25078480426684746,1.0183034305768004,0.7675186263099529,True,0.08050000000000013,0.5,40
612,0.56,0.5776264076086235,0.25137195714771027,0.9889410720511327,0.7375691149034225,True,0.08100000000000013,0.5,40
613,0.56,0.5692468294564617,0.2569829079844949,0.9590844045029236,0.7021014965184287,True,0.08150000000000013,0.5,40
614,0.57,0.5740323602914885,0.2795816110390836,0.9362406038586928,0.6566589928196092,True,0.08200000000000013,0.5,40
615,0.54,0.5864090877254831,0.3069170203974366,0.9256722150979924,0.6187551947005557,True,0.08250000000000013,0.5,40
616,0.52,0.5377637704852403,0.2849206957593103,0.8403605931645284,0.5554398974052182,True,0.08300000000000013,0.5,40
617,0.51,0.5321438775988949,0.29154762838900317,0.8175596548397213,0.5260120264507181,True,0.08350000000000013,0.5,40
618,0.5,0.519887697343387,0.30139870399708363,0.7750583318092501,0.4736596278121665,True,0.08400000000000013,0.5,40
619,0.5,0.5097826045653036,0.30453192035064325,0.7473267441668296,0.4427948238161864,True,0.08450000000000013,0.5,40
620,0.52,0.5152423185213746,0.3159445563680152,0.7447234176604216,0.4287788612924064,True,0.08500000000000013,0.5,40
621,0.53,0.5415710039305159,0.350839945385172,0.7592322230904505,0.4083922777052785,True,0.08550000000000013,0.5,40
622,0.53,0.5415964710449168,0.349150826298516,0.7614929578024121,0.4123421315038961,True,0.08600000000000013,0.5,40
623,0.55,0.5411553930091424,0.35140430695450814,0.757549486247951,0.4061451792934429,True,0.08650000000000013,0.5,40
624,0.53,0.569710149569908,0.38557226654951016,0.7783193364564489,0.39274706990693875,True,0.08700000000000013,0.5,40
625,0.52,0.5251004892584747,0.3521106022061295,0.7202228120550231,0.36811220984889365,True,0.08750000000000013,0.5,40
626,0.54,0.5364983178062508,0.3648289469820604,0.7297604112528173,0.3649314642707569,True,0.08800000000000013,0.5,40
627,0.87,0.5584647645909804,0.383899941972374,0.7550491540667363,0.37114921209436236,False,0.07850000000000014,0.492,40
628,0.68,0.9811401232234127,0.7629780506020012,1.2262989527892554,0.4633209021872542,False,0.06900000000000014,0.484,41
629,0.59,0.6829619935839304,0.49610118257045593,0.893161441782774,0.3970602592123181,True,0.06950000000000014,0.488,41
630,0.56,0.5939097593261238,0.4080062715005204,0.8043586682093291,0.39635239670880873,True,0.07000000000000015,0.492,41
631,2.57,0.5756358469956311,0.38503036253569406,0.7924721287643677,0.4074417662286736,False,0.060500000000000144,0.484,41
632,4.15,0.9797044735538845,0.7191088138126753,1.2798032161309871,0.5606944023183118,False,0.05100000000000014,0.476,41
633,3.43,3.4736694412145006,2.921087057768105,4.104124946577528,1.183037888809423,True,0.05150000000000014,0.48,42
634,3.05,2.6968623979010418,2.2794732533510906,3.1673740058862787,0.8879007525351881,True,0.05200000000000014,0.484,42
635,2.49,2.6568009071823444,2.274041926134001,3.084307158081981,0.8102652319479802,True,0.052500000000000144,0.488,41
636,1.88,2.0554463083733068,1.7696924842203265,2.3706818343698184,0.6009893501494918,True,0.053000000000000144,0.492,41
637,1.58,1.5833701909643243,1.3666162761049923,1.8199761874987512,0.453359911393759,True,0.053500000000000145,0.496,41
638,1.36,1.4211681411515604,1.239324305079045,1.6177785658073232,0.37845426072827815,True,0.054000000000000145,0.5,40
639,1.2,1.2329107684394396,1.0803897597453824,1.3966136520605774,0.316223892315195,True,0.054500000000000146,0.5,40
640,1.1,1.11842347692034,0.9850187297812945,1.2607937951606685,0.275775065379374,True,0.055000000000000146,0.5,40
641,1.03,1.0442524232584285,0.9169776913379575,1.179977361698581,0.26299967036062344,True,0.055500000000000146,0.5,40
642,0.98,0.991102979187132,0.8687712505229082,1.1214426712839,0.2526714207609919,True,0.05600000000000015,0.5,40
643,0.93,0.9532973169583219,0.8346375991374388,1.0796316450891386,0.2449940459516997,True,0.05650000000000015,0.5,40
644,0.89,0.9086946379560528,0.7934036929823032,1.0313971891648919,0.2379934961825887,True,0.05700000000000015,0.5,40
645,0.85,0.8791678140324535,0.766711288056658,0.9987825385888758,0.23207125053221778,True,0.05750000000000015,0.5,40
646,0.83,0.8431879177966513,0.7335139801610695,0.9598005780120049,0.2262865978509354,True,0.05800000000000015,0.5,40
647,0.82,0.8347437962534285,0.7262239288382009,0.9500858154341829,0.22386188659598205,True,0.05850000000000015,0.5,40
648,3.57,0.8269568060734347,0.7199492732017212,0.9406218679023688,0.2206725947006476,False,0.04900000000000015,0.492,40
649,4.81,4.600725264734642,4.150961915885376,5.089760321135125,0.9387984052497487,True,0.04950000000000015,0.496,41
650,8.74,3.6033691077898196,3.163606168832861,4.089580109949229,0.9259739411163679,False,0.04000000000000015,0.488,40
651,5.78,9.092720826488772,7.917489204930874,10.42283565929249,2.505346454361616,False,0.030500000000000145,0.48,41
652,5.07,4.35378489206637,3.6899630499569103,5.111564710681773,1.4216016607248632,True,0.031000000000000145,0.484,42
653,3.85,4.464342251163312,3.7627574389045586,5.269275019959059,1.5065175810545002,True,0.031500000000000146,0.488,41
654,3.17,3.2640880719253325,2.7155616635944404,3.8935931445546696,1.1780314809602292,True,0.032000000000000146,0.492,41
655,2.9,2.8183421247005325,2.32932576906005,3.379185935108654,1.049860166048604,True,0.03250000000000015,0.496,41
656,2.99,2.6457678492326,2.1822883449837467,3.1767501148818695,0.9944617698981228,True,0.03300000000000015,0.5,40
657,3.28,2.7863757610672986,2.3046508790109947,3.3383225426489194,1.0336716636379246,True,0.03350000000000015,0.5,40
658,2.97,3.0666048792191205,2.546124298097557,3.6634787315720327,1.1173544334744756,True,0.03400000000000015,0.5,40
659,2.68,2.6955769080003833,2.225065241747107,3.2347325276269894,1.0096672858798823,True,0.03450000000000015,0.5,40
660,2.41,2.4824662149008487,2.0401750203699818,2.9891028827840147,0.9489278624140329,True,0.03500000000000015,0.5,40
661,2.24,2.2559521844689763,1.8424396939913468,2.7296216521174754,0.8871819581261287,True,0.03550000000000015,0.5,40
662,2.55,2.1344415527686302,1.7354540762098178,2.5916244886609587,0.8561704124511409,True,0.03600000000000015,0.5,40
663,2.25,2.4925112892749453,2.044726791180262,3.006150943016018,0.961424151835756,True,0.03650000000000015,0.5,40
664,2.1,2.1091004842770924,1.7072383936354458,2.5706149277645527,0.8633765341291069,True,0.03700000000000015,0.5,40
665,1.97,2.043680472513722,1.645820683244982,2.5013676011480417,0.8555469179030597,True,0.03750000000000015,0.5,40
666,1.85,1.9302995724910375,1.5426519820043914,2.377047132408673,0.8343951504042817,True,0.03800000000000015,0.5,40
667,1.76,1.8529773464256283,1.4666083871270819,2.2998670488986974,0.8332586617716156,True,0.03850000000000015,0.5,40
668,1.82,1.7810649862703487,1.3978286602978822,2.2255525951124717,0.8277239348145895,True,0.03900000000000015,0.5,40
669,1.68,1.8714393314021645,1.4498680164860591,2.365554298614693,0.9156862821286338,True,0.03950000000000015,0.5,40
670,1.6,1.695963077720938,1.281735995600866,2.1853890767588826,0.9036530811580166,True,0.040000000000000153,0.5,40
671,1.52,1.6838298554477604,1.257143236036427,2.1911766067807057,0.9340333707442787,True,0.040500000000000154,0.5,40
672,2.05,1.609224366047222,1.1511809360724938,2.164797380923378,1.013616444850884,True,0.041000000000000154,0.5,40
673,4.05,2.1736781611425697,1.5323663052855343,2.9773997345844476,1.4450334292989133,False,0.03150000000000015,0.492,40
674,12.57,4.0843664020507155,2.8464003854472377,5.720772441711461,2.8743720562642237,False,0.02200000000000015,0.484,41
675,15.14,13.488058641736828,8.99285983485415,20.0053825106483,11.01252267579415,True,0.022500000000000152,0.488,41
676,9.84,12.667809029583907,7.748264176315805,20.353836590225956,12.605572413910151,True,0.023000000000000152,0.492,41
677,6.59,7.52398035501391,4.182821046565358,13.019052643311591,8.836231596746233,True,0.023500000000000153,0.496,41
678,5.01,5.422053645779047,2.755655389409054,9.981511548042599,7.225856158633546,True,0.024000000000000153,0.5,40
679,4.83,4.360791606259038,2.0457080200129614,8.435601330430574,6.389893310417612,True,0.024500000000000154,0.5,40
680,4.6,4.502740569980942,2.0516123341232784,8.922673808176752,6.871061474053473,True,0.025000000000000154,0.5,40
681,4.27,4.221684349263577,1.842424726406311,8.592509940559335,6.7500852141530245,True,0.025500000000000154,0.5,40
682,19.58,3.9636777829116934,1.6653344810442574,8.243904398414614,6.5785699173703565,False,0.016000000000000153,0.492,40
683,15.67,22.970349982069525,10.467906854286223,49.10309950748749,38.63519265320127,True,0.016500000000000153,0.496,41
684,21.11,10.695698788754163,4.287816824320903,24.86878000919274,20.580963184871838,True,0.017000000000000154,0.5,40
685,19.64,18.187761728999536,7.366624978961285,43.00462565187995,35.638000672918665,True,0.017500000000000154,0.5,40
686,16.31,15.80049938479453,6.325683933181438,37.52975123592338,31.20406730274194,True,0.018000000000000155,0.5,40
687,18.43,13.43850046046282,5.295758740253592,32.11281517410687,26.817056433853278,True,0.018500000000000155,0.5,40
688,22.07,16.291373849493826,6.539724664762978,38.655507713736675,32.1157830489737,True,0.019000000000000156,0.5,40
689,16.16,19.713333107845855,8.031834594637992,46.50332437346632,38.47148977882833,True,0.019500000000000156,0.5,40
690,11.51,13.932343142537515,5.511093732311513,33.245378870828894,27.734285138517382,True,0.020000000000000157,0.5,40
691,8.9,10.164276521273678,3.868067267780777,24.60381017501495,20.735742907234172,True,0.020500000000000157,0.5,40
692,7.57,8.13165390951827,2.981763208114875,19.942255670371487,16.960492462256614,True,0.021000000000000157,0.5,40
693,6.97,7.112463019508562,2.537355565414299,17.60487446790948,15.06751890249518,True,0.021500000000000158,0.5,40
694,7.61,6.668292783962699,2.3436797297376124,16.586228040204325,14.242548310466713,True,0.02200000000000016,0.5,40
695,7.1,7.414737073014816,2.6691590390177398,18.298100533392446,15.628941494374708,True,0.02250000000000016,0.5,40
696,6.39,6.767564091923919,2.3869659564801107,16.813893820429417,14.426927863949306,True,0.02300000000000016,0.5,40
697,5.72,6.169584643398339,2.1262232048449263,15.442506049852916,13.31628284500799,True,0.02350000000000016,0.5,40
698,5.09,5.581865779092376,1.8699544747992873,14.094649589177532,12.224695114378244,True,0.02400000000000016,0.5,40
699,6.53,5.0239968685090135,1.6267015082368323,12.815250099035804,11.188548590798971,True,0.02450000000000016,0.5,40
700,6.17,6.667548026679138,2.343354986029622,16.584520036637905,14.241165050608283,True,0.02500000000000016,0.5,40
701,5.59,5.972857063478444,2.0404421790298737,14.991337037435407,12.950894858405533,True,0.02550000000000016,0.5,40
702,4.94,5.514885483664651,1.840748409978457,13.941039029072721,12.100290619094263,True,0.026000000000000162,0.5,40
703,4.38,4.917894277834178,1.5804365713457869,12.571917664055423,10.991481092709636,True,0.026500000000000162,0.5,40
704,4.01,4.434320801328177,1.369579360127477,11.462905049172686,10.093325689045209,True,0.027000000000000163,0.5,40
705,3.73,4.1310332499560145,1.2601986724998566,10.64831327992732,9.388114607427465,True,0.027500000000000163,0.5,40
706,3.45,3.891792754680621,1.1794489139824758,9.979672981193914,8.800224067211438,True,0.028000000000000164,0.5,40
707,3.52,3.638551280947171,1.0881191429606796,9.304085405524106,8.215966262563427,True,0.028500000000000164,0.5,40
708,3.92,3.7943368984490835,1.182093035014017,9.533770067087321,8.351677032073304,True,0.029000000000000165,0.5,40
709,3.55,4.230711745529835,1.4101245001245064,10.352253945142806,8.942129445018299,True,0.029500000000000165,0.5,40
710,3.55,3.758406681091844,1.1922447708312487,9.328424290903435,8.136179520072186,True,0.030000000000000165,0.5,40
711,3.35,3.878642701173015,1.3539579723760733,9.111121305060502,7.757163332684429,True,0.030500000000000166,0.5,40
712,3.47,3.7020930504202534,1.3626747616452541,8.357902075110127,6.9952273134648735,True,0.031000000000000166,0.5,40
713,3.62,3.916464362716413,1.5645828904116268,8.425166922945843,6.8605840325342164,True,0.03150000000000017,0.5,40
714,4.35,3.9763792203065558,1.676993490725979,8.250807007970343,6.573813517244364,True,0.03200000000000017,0.5,40
715,8.37,4.69375944845761,2.041770981454311,9.657901878398617,7.616130896944306,True,0.03250000000000017,0.5,40
716,15.47,8.333520151017293,3.8284848968403526,17.0418082008399,13.213323303999546,True,0.03300000000000017,0.5,40
717,12.92,14.531337727789975,6.848058086720533,29.736578265499542,22.88852017877901,True,0.03350000000000017,0.5,40
718,15.19,11.68101261569488,5.275699891256692,24.62392780818768,19.348227916930988,True,0.03400000000000017,0.5,40
719,24.58,13.919529297226454,6.248857035055721,29.707234723258328,23.458377688202606,True,0.03450000000000017,0.5,40
720,17.84,22.30241449769656,10.149096167111164,47.703725690721704,37.554629523610544,True,0.03500000000000017,0.5,40
721,15.38,15.48003868267319,6.802642138283892,33.80765491599726,27.005012777713368,True,0.03550000000000017,0.5,40
722,11.14,16.148323385453143,6.853986016552885,36.44149713436136,29.58751111780848,True,0.03600000000000017,0.5,40
723,8.63,8.690464205508816,3.205670877509899,21.328208567249348,18.12253768973945,True,0.03650000000000017,0.5,40
724,7.26,8.600509007382934,2.9796907414231213,22.160034080407296,19.180343338984176,True,0.03700000000000017,0.5,40
725,7.83,6.827415587923344,2.1031524247894673,18.743933393868687,16.64078096907922,True,0.03750000000000017,0.5,40
726,7.67,8.407071414224658,2.6536981888254907,23.220115625031823,20.566417436206333,True,0.03800000000000017,0.5,40
727,6.82,7.38420504322964,2.0460887818086637,22.077099599565386,20.031010817756723,True,0.03850000000000017,0.5,40
728,5.96,6.725108682728851,1.9034365736597598,19.55402370465764,17.65058713099788,True,0.03900000000000017,0.5,40
729,11.64,5.837386980651684,1.656666967950784,16.597185227640924,14.94051825969014,True,0.039500000000000174,0.5,40
730,25.67,14.370419166466881,5.188602247708265,37.17498296006654,31.986380712358272,True,0.040000000000000174,0.5,40
731,19.71,27.84650101177762,10.32458523068574,72.4791256078612,62.154540377175465,True,0.040500000000000175,0.5,40
732,26.87,13.20138865554778,4.607542359222093,34.96574520997451,30.358202850752413,True,0.041000000000000175,0.5,40
733,50.65,28.55386529594719,10.566283837104578,74.5152619659073,63.94897812880272,True,0.041500000000000176,0.5,40
734,43.27,51.907916051160186,18.542690799482376,142.2375720210831,123.69488122160074,True,0.042000000000000176,0.5,40
735,32.55,31.152533451481382,10.43603323329045,89.39720209445228,78.96116886116184,True,0.042500000000000177,0.5,40
736,32.65,27.62728506862763,8.877217558458339,81.97088178428088,73.09366422582254,True,0.04300000000000018,0.5,40
737,22.58,30.46556795959494,9.687611317049107,91.63828349001498,81.95067217296588,True,0.04350000000000018,0.5,40
738,15.7,16.05218816050802,4.762002238431972,49.46459703224617,44.7025947938142,True,0.04400000000000018,0.5,40
739,11.74,14.182053513271953,4.1135525721692,44.07526726806995,39.96171469590075,True,0.04450000000000018,0.5,40
740,9.54,9.950843324761708,2.709470992606167,31.328321144041368,28.6188501514352,True,0.04500000000000018,0.5,40
741,9.44,9.224054184744732,2.4802703050829327,29.035392314191338,26.555122009108405,True,0.04550000000000018,0.5,40
742,36.26,9.54213351102366,2.6115327427146346,29.772690400893733,27.1611576581791,False,0.03600000000000018,0.492,40
743,48.16,65.4208125783019,20.392921325077072,205.22355762092332,184.83063629584623,True,0.03650000000000018,0.496,41
744,23.92,32.330138635168474,9.69107266635508,102.90895058973443,93.21787792337935,True,0.03700000000000018,0.5,40
745,15.9,17.482319411808867,4.959316716983367,56.32135864949369,51.36204193251032,True,0.03750000000000018,0.5,40
746,11.76,13.698467513994848,3.7692067179976396,44.29997545391967,40.53076873592203,True,0.03800000000000018,0.5,40
747,9.45,10.524378690377858,2.7598223520107634,34.32382430999896,31.564001957988197,True,0.03850000000000018,0.5,40
748,7.84,9.255410244502356,2.368705979154584,30.220723902249965,27.85201792309538,True,0.03900000000000018,0.5,40
749,6.75,7.836325225921895,1.9267424086298677,25.678344929855474,23.751602521225607,True,0.03950000000000018,0.5,40
750,6.02,7.173694048380646,1.7383740001805976,23.397425038408578,21.65905103822798,True,0.04000000000000018,0.5,40
751,5.45,6.5659725859949924,1.5668429215343518,21.301302776178343,19.73445985464399,True,0.04050000000000018,0.5,40
752,4.93,6.149745333824555,1.4984933541132017,19.459873649209598,17.961380295096397,True,0.04100000000000018,0.5,40
753,4.51,5.6895215980277785,1.3908653483051752,17.716946666277995,16.326081317972818,True,0.04150000000000018,0.5,40
754,4.29,5.377527351957677,1.3296392256567189,16.458864306984157,15.129225081327439,True,0.04200000000000018,0.5,40
755,4.03,5.288902254694931,1.3190589442413265,16.054457225987303,14.735398281745976,True,0.04250000000000018,0.5,40
756,3.76,4.877235134900107,1.2148151130974414,14.595835799854687,13.381020686757246,True,0.043000000000000184,0.5,40
757,3.63,4.546328481846084,1.1459272103281126,13.334950170017004,12.189022959688891,True,0.043500000000000184,0.5,40
758,3.76,4.387365317696753,1.1016291946183365,12.810097966207904,11.708468771589567,True,0.044000000000000185,0.5,40
759,3.49,4.5601129990061136,1.1783868097200099,13.191628605064068,12.013241795344058,True,0.044500000000000185,0.5,40
760,3.69,3.882086754584968,0.8890513933175839,11.617322728014805,10.728271334697222,True,0.045000000000000186,0.5,40
761,4.59,4.602206324971451,1.1795518904028475,13.399618493023944,12.220066602621095,True,0.045500000000000186,0.5,40
762,16.43,5.540401238393687,1.5779796767961605,15.593167410979564,14.015187734183403,False,0.036000000000000185,0.492,40
763,25.84,28.838694247993544,11.533361785534336,70.03821701316068,58.50485522762634,True,0.036500000000000185,0.496,41
764,17.79,19.41317139154007,8.287308974386645,43.86741718291004,35.58010820852339,True,0.037000000000000186,0.5,40
765,12.95,14.86526912961542,6.717235629261785,31.616182354303184,24.898946725041398,True,0.037500000000000186,0.5,40
766,13.69,11.35655585043986,5.3686870411185845,22.974246418335902,17.60555937721732,True,0.038000000000000186,0.5,40
767,13.88,14.60718335871144,7.4541214611873166,27.812476081722846,20.35835462053553,True,0.03850000000000019,0.5,40
768,14.47,12.72583398032214,6.671128578766024,23.55942649388777,16.888297915121747,True,0.03900000000000019,0.5,40
769,12.06,14.687489417356334,8.104918841490852,26.02905193379743,17.924133092306576,True,0.03950000000000019,0.5,40
770,9.67,10.67927498300236,5.985749992751195,18.526244751118593,12.540494758367398,True,0.04000000000000019,0.5,40
771,7.95,9.638442406879681,5.505417782431166,16.397261886876123,10.891844104444957,True,0.04050000000000019,0.5,40
772,6.82,7.761655920801251,4.455294412969225,13.071947114716547,8.616652701747322,True,0.04100000000000019,0.5,40
773,6.05,7.101783564641469,4.047699056520715,12.003726290595921,7.956027234075206,True,0.04150000000000019,0.5,40
774,5.51,6.336699813421686,3.563665296837957,10.794722147909754,7.231056851071797,True,0.04200000000000019,0.5,40
775,5.26,5.960749987385999,3.318411409191742,10.219875967297597,6.901464558105855,True,0.04250000000000019,0.5,40
776,11.43,5.767970896879057,3.189759242143203,9.932711741587067,6.742952499443864,False,0.03300000000000019,0.492,40
777,14.79,16.144620736710145,9.383482839999626,27.308229977836813,17.924747137837187,True,0.03350000000000019,0.496,41
778,11.8,12.297445684453235,6.903302913096042,21.37318544857793,14.46988253548189,True,0.03400000000000019,0.5,40
779,9.62,10.830230595928267,5.996138561074329,19.004514594883297,13.008376033808968,True,0.03450000000000019,0.5,40
780,8.97,8.747833822520818,4.741608010012758,15.549416829880322,10.807808819867564,True,0.03500000000000019,0.5,40
781,8.05,9.146367394346393,4.95193442302405,16.29669112327847,11.344756700254422,True,0.03550000000000019,0.5,40
782,8.75,7.817937415206455,4.168046202665259,14.045535045409936,9.877488842744677,True,0.03600000000000019,0.5,40
783,40.88,9.689083550578696,5.157753238936912,17.55490188024773,12.397148641310817,False,0.02650000000000019,0.492,40
784,32.62,67.56113076005971,33.99260610097118,133.33205396403852,99.33944786306733,False,0.01700000000000019,0.484,41
785,18.78,16.21316724397982,7.025271382325029,35.92001334955228,28.894741967227247,True,0.01750000000000019,0.488,41
786,14.55,15.005116879363907,5.9132447764914815,36.05405704614791,30.14081226965643,True,0.01800000000000019,0.492,41
787,15.21,12.070197293033676,4.412311031644965,30.56323727147374,26.150926239828774,True,0.01850000000000019,0.496,41
788,12.48,14.057364537995495,4.980219032357398,36.91236167159412,31.932142639236723,True,0.01900000000000019,0.5,40
789,9.96,10.59480874980908,3.537167408168778,28.63073165486517,25.093564246696392,True,0.01950000000000019,0.5,40
790,8.72,9.339744233450569,3.0516966908533254,25.386553330737595,22.33485663988427,True,0.02000000000000019,0.5,40
791,7.47,8.527806148458206,2.758996237157721,23.149821993766757,20.390825756609036,True,0.02050000000000019,0.5,40
792,6.71,7.494378163758178,2.407316828608728,20.176328477323842,17.769011648715114,True,0.021000000000000192,0.5,40
793,6.45,7.06707324457288,2.2865654564835065,18.801118095768608,16.5145526392851,True,0.021500000000000193,0.5,40
794,7.66,6.974257110634653,2.296547925404375,18.289504628908784,15.992956703504408,True,0.022000000000000193,0.5,40
795,7.78,8.506273446946869,2.983758686070702,21.68441488790601,18.700656201835308,True,0.022500000000000193,0.5,40
796,7.66,7.973486901922678,2.807814968085267,20.146896016186556,17.33908104810129,True,0.023000000000000194,0.5,40
797,6.95,8.146417681217589,2.924183745274868,20.31830766080247,17.394123915527604,True,0.023500000000000194,0.5,40
798,6.21,7.384932333734756,2.633909612041154,18.34750661060591,15.713596998564757,True,0.024000000000000195,0.5,40
799,5.59,6.964780323613105,2.2819387161138267,18.329344966724932,16.047406250611104,True,0.024500000000000195,0.5,40
800,5.02,6.589625819312629,2.1096892057518946,17.523529608885514,15.41384040313362,True,0.025000000000000196,0.5,40
801,4.57,6.128806880067069,1.9427802318265615,16.26934515315405,14.326564921327488,True,0.025500000000000196,0.5,40
802,4.26,5.641112107126224,1.8026788463855743,14.73650512126887,12.933826274883295,True,0.026000000000000197,0.5,40
803,4.42,5.193226050427272,1.5875127585044622,13.82352069013956,12.236007931635097,True,0.026500000000000197,0.5,40
804,4.33,5.460973176092671,1.6750106954931194,14.605236439809364,12.930225744316244,True,0.027000000000000197,0.5,40
805,4.0,5.165512932499474,1.5298145242182364,14.0262200477188,12.496405523500563,True,0.027500000000000198,0.5,40
806,3.77,4.763512432325118,1.3444384179821776,13.16888381574829,11.824445397766112,True,0.0280000000000002,0.5,40
807,3.94,4.528088688403696,1.230508544509867,12.700805864239411,11.470297319729545,True,0.0285000000000002,0.5,40
808,4.34,4.756786241716734,1.3066689803756613,13.367292452782646,12.060623472406984,True,0.0290000000000002,0.5,40
809,5.91,5.113353183224572,1.4342665408204809,14.352914940138488,12.918648399318007,True,0.0295000000000002,0.5,40
810,6.43,6.828890991318547,1.9941957146621991,19.470116183057698,17.4759204683955,True,0.0300000000000002,0.5,40
811,8.79,6.7150025036547225,1.9376224293124396,19.261713362983066,17.324090933670625,True,0.0305000000000002,0.5,40
812,7.84,9.300007696801597,2.9052599558117125,26.165965839557323,23.26070588374561,True,0.0310000000000002,0.5,40
813,7.37,7.422457980405376,2.0667652521028566,22.131147186128036,20.064381934025178,True,0.0315000000000002,0.5,40
814,7.72,7.497232048944809,1.9926543975613398,23.126725943514124,21.134071545952786,True,0.0320000000000002,0.5,40
815,7.22,7.813743226846384,2.020133548035411,24.72140219405612,22.70126864602071,True,0.0325000000000002,0.5,40
816,6.4,7.287478987238433,1.7790282649908384,23.714505004915807,21.93547673992497,True,0.0330000000000002,0.5,40
817,7.27,6.59060620668101,1.5441150643002088,21.647286435038914,20.103171370738707,True,0.0335000000000002,0.5,40
818,7.91,7.670953271359998,1.9933254043780249,24.11769369415794,22.124368289779916,True,0.034000000000000204,0.5,40
819,6.91,7.981611563750349,2.187824462192289,24.305454311815247,22.117629849622958,True,0.034500000000000204,0.5,40
820,6.06,6.85990195854481,1.8582393526268848,20.614025690731246,18.75578633810436,True,0.035000000000000205,0.5,40
821,5.45,6.24115840437202,1.6893439873562341,18.497087499302484,16.80774351194625,True,0.035500000000000205,0.5,40
822,4.99,5.590118514444298,1.496030977368647,16.39948839906054,14.903457421691893,True,0.036000000000000205,0.5,40
823,4.56,4.944776745840454,1.1067507445133038,15.774822864035425,14.66807211952212,True,0.036500000000000206,0.5,40
824,4.26,4.498105189806717,0.8836043212982025,15.048572588400766,14.164968267102564,True,0.037000000000000206,0.5,40
825,4.02,4.2769300379581185,0.7928616178044734,14.531589470694723,13.73872785289025,True,0.03750000000000021,0.5,40
826,3.77,4.058399704525025,0.7383259895803005,13.719567977532593,12.981241987952293,True,0.03800000000000021,0.5,40
827,3.58,3.7846903295031344,0.6780585016818852,12.64270764475455,11.964649143072664,True,0.03850000000000021,0.5,40
828,3.72,3.6323482122587682,0.6659058757286171,11.881069856501728,11.215163980773111,True,0.03900000000000021,0.5,40
829,3.33,3.898552203093076,0.8017781467563811,12.317851440048852,11.51607329329247,True,0.03950000000000021,0.5,40
830,3.4,3.3303936743818134,0.6241028007407634,10.54625764241831,9.922154841677546,True,0.04000000000000021,0.5,40
831,3.1,3.5795093555832462,0.747840684727076,10.998751442926403,10.250910758199328,True,0.04050000000000021,0.5,40
832,2.94,3.136160978459376,0.6027290723944883,9.674185633989163,9.071456561594674,True,0.04100000000000021,0.5,40
833,2.8,3.0300676882778017,0.5835983674840242,9.256038340014664,8.67243997253064,True,0.04150000000000021,0.5,40
834,2.7,2.8518321840990946,0.5335094376509784,8.674939592930214,8.141430155279235,True,0.04200000000000021,0.5,40
835,2.64,2.7584568802643172,0.5147332274308227,8.325733313954991,7.811000086524169,True,0.04250000000000021,0.5,40
836,2.58,2.700915590861961,0.5087313686840673,8.07833991854469,7.569608549860623,True,0.04300000000000021,0.5,40
837,2.67,2.638317586108556,0.49907536125053553,7.830346491949632,7.331271130699096,True,0.04350000000000021,0.5,40
838,2.8,2.765941095718125,0.5670895636506641,8.050096858139856,7.483007294489192,True,0.04400000000000021,0.5,40
839,2.84,2.892566935372915,0.6352131813182389,8.26611742093684,7.6309042396186015,True,0.04450000000000021,0.5,40
840,2.71,2.9054151365611376,0.6548020453015186,8.2169739771513,7.562171931849781,True,0.04500000000000021,0.5,40
841,2.63,2.739876793170479,0.6011633763104527,7.735322475539311,7.134159099228858,True,0.045500000000000214,0.5,40
842,2.54,2.6707899916086353,0.5650518388591825,7.609746225605074,7.044694386745891,True,0.046000000000000214,0.5,40
843,2.39,2.5745144532676134,0.5221671925601896,7.394053977164422,6.871886784604232,True,0.046500000000000215,0.5,40
844,2.57,2.4112336807185035,0.45441701634119863,7.000810698531076,6.546393682189877,True,0.047000000000000215,0.5,40
845,2.59,2.6572381695114067,0.5694100551595516,7.522559788984758,6.953149733825207,True,0.047500000000000216,0.5,40
846,2.5,2.6253179383086884,0.5649683930240725,7.398208048423246,6.833239655399174,True,0.048000000000000216,0.5,40
847,2.26,2.5238036137214754,0.5307830521252386,7.1116601668912605,6.580877114766022,True,0.04850000000000022,0.5,40
848,2.13,2.2603742398508517,0.4264708871403287,6.451985371529909,6.02551448438958,True,0.04900000000000022,0.5,40
849,2.06,2.142406054556453,0.38808149017495575,6.113930905071308,5.725849414896353,True,0.04950000000000022,0.5,40
850,2.1,2.0763991111400903,0.3748265012960171,5.883946070360025,5.5091195690640085,True,0.05000000000000022,0.5,40
851,2.08,2.1400470762980937,0.4017372948006051,6.034053868682121,5.632316573881516,True,0.05050000000000022,0.5,40
852,1.95,2.0771614934239557,0.38786898490442107,5.822634527900519,5.4347655429960975,True,0.05100000000000022,0.5,40
853,1.87,1.9191675912028856,0.322991027809856,5.441116565723225,5.118125537913369,True,0.05150000000000022,0.5,40
854,1.86,1.8671260347795924,0.29395202321026404,5.3529493766826866,5.058997353472423,True,0.05200000000000022,0.5,40
855,1.8,1.872992843868146,0.31076536192911874,5.297151359545865,4.986385997616746,True,0.05250000000000022,0.5,40
856,1.81,1.7870635221928555,0.2807548215720396,5.0649571220850005,4.784202300512961,True,0.05300000000000022,0.5,40
857,2.04,1.8290870990504726,0.30175944956908884,5.148396938207924,4.846637488638835,True,0.05350000000000022,0.5,40
858,1.83,2.137195515247414,0.4497094417944027,5.78894364425632,5.339234202461918,True,0.05400000000000022,0.5,40
859,1.75,1.76193973203865,0.3088771260375966,4.828133849742755,4.519256723705158,True,0.05450000000000022,0.5,40
860,1.66,1.7529918073005697,0.34717708359435473,4.625811174610316,4.278634091015961,True,0.05500000000000022,0.5,40
861,1.6,1.649899032760723,0.33947655784439046,4.242320100865827,3.9028435430214365,True,0.05550000000000022,0.5,40
862,1.55,1.5988314169975126,0.36307153787668633,3.9549304979943845,3.591858960117698,True,0.05600000000000022,0.5,40
863,1.52,1.5503083684967374,0.3891366519334871,3.682097161119258,3.2929605091857708,True,0.056500000000000224,0.5,40
864,1.48,1.5235245081867936,0.4457501305507055,3.404755572108214,2.959005441557508,True,0.057000000000000224,0.5,40
865,1.45,1.482474281418503,0.4845208360201841,3.151291385323825,2.666770549303641,True,0.057500000000000225,0.5,40
866,1.4,1.4543030029990223,0.529965380686904,2.9370846599323834,2.4071192792454794,True,0.058000000000000225,0.5,40
867,1.38,1.40129443990668,0.5427462476253588,2.7376302136545574,2.1948839660291988,True,0.058500000000000225,0.5,40
868,1.59,1.3841196447582202,0.5721069008342878,2.6155470582220928,2.043440157387805,True,0.059000000000000226,0.5,40
869,1.44,1.6621258790147264,0.7927285314688213,2.953144088086481,2.16041555661766,True,0.059500000000000226,0.5,40
870,1.4,1.4213182565696627,0.6612580211445385,2.5291219214450122,1.8678639003004738,True,0.06000000000000023,0.5,40
871,1.33,1.4058440349964787,0.6821908663836629,2.440801894954546,1.7586110285708831,True,0.06050000000000023,0.5,40
872,1.28,1.3309343420183137,0.6616291599733819,2.269836036632498,1.6082068766591162,True,0.06100000000000023,0.5,40
873,1.25,1.2814080651114832,0.6584868862158906,2.1382959990906993,1.4798091128748088,True,0.06150000000000023,0.5,40
874,1.35,1.2524564571445738,0.665643525152648,2.046005951884163,1.380362426731515,True,0.06200000000000023,0.5,40
875,1.69,1.3684681605227733,0.7758528769402515,2.158843562015901,1.3829906850756495,True,0.06250000000000022,0.5,40
876,1.4,1.775188986096798,1.0843733433027691,2.6949589349235183,1.6105855916207492,True,0.06300000000000022,0.5,40
877,2.0,1.4360688583245276,0.8508926110623456,2.2062538080436864,1.3553611969813408,True,0.06350000000000022,0.5,40
878,2.65,1.8797180189725484,1.2013166066830632,2.7671890738564437,1.5658724671733806,True,0.06400000000000022,0.5,40
879,2.2,2.681807635717867,1.8299962735604693,3.7900089456215813,1.960012672061112,True,0.06450000000000022,0.5,40
880,1.9,2.2079288582478656,1.4732626993670581,3.1608226906963885,1.6875599913293304,True,0.06500000000000022,0.5,40
881,1.71,1.8800345712709232,1.2152795509414958,2.7442674574369077,1.528987906495412,True,0.06550000000000022,0.5,40
882,1.57,1.7123613370954374,1.07779478943123,2.540726957441263,1.462932168010033,True,0.06600000000000023,0.5,40
883,1.47,1.5870771995989008,0.9683517531367647,2.4002908403025933,1.4319390871658286,True,0.06650000000000023,0.5,40
884,1.38,1.5029484716641948,0.8954948197319235,2.3050742141791463,1.4095793944472228,True,0.06700000000000023,0.5,40
885,1.3,1.4231097350305388,0.825562930542393,2.2162467202679768,1.3906837897255837,True,0.06750000000000023,0.5,40
886,1.37,1.3549371876808878,0.7650841091537146,2.1419064559939405,1.3768223468402259,True,0.06800000000000023,0.5,40
887,1.46,1.4514415713923499,0.8164110656246126,2.308483355822363,1.4920722901977503,True,0.06850000000000023,0.5,40
888,2.16,1.520926953857276,0.862335218712782,2.4124214818192904,1.5500862631065084,True,0.06900000000000023,0.5,40
889,1.65,2.2090742628855686,1.3463808846386822,3.388953938439694,2.0425730538010116,True,0.06950000000000023,0.5,40
890,1.53,1.615589759659228,0.8790377325431296,2.6408581224045165,1.761820389861387,True,0.07000000000000023,0.5,40
891,1.44,1.5669431497475932,0.8140081151381744,2.6323967236134393,1.818388608475265,True,0.07050000000000023,0.5,40
892,1.42,1.4961489854692203,0.7308973504690519,2.5997280578022472,1.8688307073331953,True,0.07100000000000023,0.5,40
893,1.39,1.4873766862988616,0.7109993176483169,2.6160404716273575,1.9050411539790406,True,0.07150000000000023,0.5,40
894,2.33,1.461156567867167,0.6924416902004431,2.5790253139169015,1.8865836237164584,True,0.07200000000000023,0.5,40
895,3.01,2.1170137759247503,1.1250962049549904,3.5719223706911887,2.4468261657361983,True,0.07250000000000023,0.5,40
896,2.66,2.517155790741918,1.4217177252451845,4.10810352808438,2.686385802839195,True,0.07300000000000023,0.5,40
897,2.35,2.2244113808444066,1.262989521863342,3.5942893912996112,2.331299869436269,True,0.07350000000000023,0.5,40
898,2.08,2.0872719102647777,1.213775224226398,3.3054271019048986,2.0916518776785007,True,0.07400000000000023,0.5,40
899,1.89,1.9009083495823766,1.1209536780493017,2.967681774368829,1.8467280963195272,True,0.07450000000000023,0.5,40
900,1.75,1.7918132853840745,1.0760804184895694,2.754296486317049,1.6782160678274796,True,0.07500000000000023,0.5,40
901,1.64,1.7005936334521126,1.0390338260783394,2.5767949897472064,1.537761163668867,True,0.07550000000000023,0.5,40
902,1.54,1.6291883102414109,1.0107040973734813,2.437915693184212,1.4272115958107308,True,0.07600000000000023,0.5,40
903,1.43,1.559425050989201,0.9787893297362424,2.310436585234784,1.3316472554985415,True,0.07650000000000023,0.5,40
904,1.36,1.4772965003604952,0.9327931562728726,2.1751964408507733,1.2424032845779007,True,0.07700000000000023,0.5,40
905,1.29,1.4346985635462999,0.9164443563886413,2.093101594926927,1.1766572385382859,True,0.07750000000000024,0.5,40
906,1.23,1.3769476574912352,0.8995633286262472,1.97430471588385,1.0747413872576028,True,0.07800000000000024,0.5,40
907,1.18,1.3290530178241573,0.8857267084052407,1.8766034524818838,0.9908767440766431,True,0.07850000000000024,0.5,40
908,1.13,1.2907903062933523,0.8789770214866697,1.7928602465055854,0.9138832250189157,True,0.07900000000000024,0.5,40
909,1.08,1.2389882579818337,0.8577060700327113,1.6985261555894327,0.8408200855567214,True,0.07950000000000024,0.5,40
910,1.05,1.1903009368572328,0.8359196910047282,1.61308717233281,0.7771674813280818,True,0.08000000000000024,0.5,40
911,1.05,1.1612667919058386,0.8283282464225503,1.5548334413881877,0.7265051949656374,True,0.08050000000000024,0.5,40
912,1.07,1.1598314758547525,0.8420567668321066,1.5324257580375078,0.6903689912054012,True,0.08100000000000024,0.5,40
913,1.04,1.1752814836810015,0.8685824919959739,1.5323203837744264,0.6637378917784524,True,0.08150000000000024,0.5,40
914,0.99,1.1298400149972192,0.8420232924861342,1.4626281915039905,0.6206048990178563,True,0.08200000000000024,0.5,40
915,0.96,1.0828306018238303,0.8095502778087542,1.3973820286149068,0.5878317508061526,True,0.08250000000000024,0.5,40
916,0.93,1.0421775011938221,0.7830993275310669,1.33889883866247,0.5557995111314031,True,0.08300000000000024,0.5,40
917,0.9,1.0034552718711836,0.755993777993248,1.2857900048913908,0.5297962268981429,True,0.08350000000000024,0.5,40
918,0.88,0.9527803455269086,0.712206350706732,1.2271562515243506,0.5149499008176186,True,0.08400000000000024,0.5,40
919,0.87,0.9379805404761818,0.6951132976948122,1.2156445709981925,0.5205312733033802,True,0.08450000000000024,0.5,40
920,0.85,0.9278334303289248,0.6865179647647843,1.2036775253752658,0.5171595606104815,True,0.08500000000000024,0.5,40
921,0.82,0.9017196273142263,0.6645293344822891,1.1727088048207897,0.5081794703385005,True,0.08550000000000024,0.5,40
922,0.81,0.8670184770556961,0.6309702073196488,1.1372297164127216,0.5062595090930728,True,0.08600000000000024,0.5,40
923,0.79,0.858585975963486,0.6258067605481894,1.1246939758593504,0.498887215311161,True,0.08650000000000024,0.5,40
924,0.77,0.8318432648423892,0.6041435901334231,1.0918637007235246,0.48772011059010145,True,0.08700000000000024,0.5,40
925,0.76,0.8094588912223637,0.5839227986261364,1.0671092567539224,0.48318645812778604,True,0.08750000000000024,0.5,40
926,0.75,0.8009893755833701,0.5730026001819988,1.0620199423630274,0.48901734218102866,True,0.08800000000000024,0.5,40
927,0.75,0.7884730078707289,0.5619114550054929,1.047898227285185,0.485986772279692,True,0.08850000000000025,0.5,40
928,0.75,0.778710409745127,0.5384732053663757,1.0564613739777418,0.5179881686113661,True,0.08900000000000025,0.5,40
929,0.72,0.7745734685734837,0.49476911810138136,1.1067541182312142,0.6119850001298328,True,0.08950000000000025,0.5,40
930,0.7,0.7188873906946762,0.40551893075123,1.1021231356236338,0.6966042048724038,True,0.09000000000000025,0.5,40
931,0.69,0.7406023430045052,0.34667732247129873,1.249756839235216,0.9030795167639174,True,0.09050000000000025,0.5,40
932,0.68,0.683577535572133,0.244937571634863,1.2767674322503848,1.0318298606155218,True,0.09100000000000025,0.5,40
933,0.67,0.7030413976646335,0.21528650734377452,1.3865565729835514,1.171270065639777,True,0.09150000000000025,0.5,40
934,0.65,0.6677069298252845,0.15925328603391375,1.3991706017091348,1.239917315675221,True,0.09200000000000025,0.5,40
935,0.63,0.6458700912227124,0.12167357952977083,1.4150416008880966,1.2933680213583258,True,0.09250000000000025,0.5,40
936,0.62,0.6208434306386525,0.10941930824788362,1.3680256933634345,1.258606385115551,True,0.09300000000000025,0.5,40
937,0.61,0.6222436885996254,0.08818471592297529,1.4184079657553244,1.330223249832349,True,0.09350000000000025,0.5,40
938,0.6,0.6035321187269838,0.07891812219016309,1.3832348376625432,1.30431671547238,True,0.09400000000000025,0.5,40
939,0.59,0.5993038269734179,0.07659363196357472,1.3758014677337043,1.2992078357701295,True,0.09450000000000025,0.5,40
940,0.57,0.5845174998504106,0.07325558067731777,1.3393269529963479,1.26607137231903,True,0.09500000000000025,0.5,40
941,0.56,0.5597367048467865,0.057663386119792555,1.300144469755495,1.2424810836357023,True,0.09550000000000025,0.5,40
942,0.56,0.5615423920135127,0.06542956004032115,1.2886680954891108,1.2232385354487896,True,0.09600000000000025,0.5,40
943,0.58,0.5601345272519587,0.06421434946897497,1.2871517794683256,1.2229374299993507,True,0.09650000000000025,0.5,40
944,0.55,0.5981611221327439,0.09925639507783938,1.3234970328425804,1.224240637764741,True,0.09700000000000025,0.5,40
945,0.54,0.5139808226030826,0.04128244414035452,1.2012643583002243,1.1599819141598697,True,0.09750000000000025,0.5,40
946,0.52,0.5527007207452572,0.07943533187342693,1.2334636054747352,1.1540282736013083,True,0.09800000000000025,0.5,40
947,0.52,0.5059638861012778,0.06366957361848123,1.1321726995781556,1.0685031259596744,True,0.09850000000000025,0.5,40
948,0.55,0.526601197917665,0.08674674110851255,1.144484201633273,1.0577374605247605,True,0.09900000000000025,0.5,40
949,0.58,0.5630225589968842,0.1264970171178788,1.1687048281615864,1.0422078110437076,True,0.09950000000000025,0.5,40
950,0.59,0.5901706192733429,0.15944379321720298,1.1809100304756783,1.0214662372584753,True,0.10000000000000026,0.5,40
951,0.55,0.591242008214784,0.1718373654962053,1.1607530219308564,0.9889156564346511,True,0.10050000000000026,0.5,40
952,0.53,0.5298450048987238,0.13642732814067865,1.0594592201885642,0.9230318920478855,True,0.10100000000000026,0.5,40
953,0.51,0.5312522940978512,0.1460665101190492,1.0458966102555163,0.899830100136467,True,0.10150000000000026,0.5,40
954,0.49,0.5016288662051132,0.1316110499140274,0.9926362967132267,0.8610252467991993,True,0.10200000000000026,0.5,40
955,0.48,0.4857935650355097,0.11807235201092507,0.9744540806598518,0.8563817286489268,True,0.10250000000000026,0.5,40
956,0.48,0.4785611740026675,0.12296376415980745,0.9467619660050217,0.8237982018452142,True,0.10300000000000026,0.5,40
957,0.48,0.4819572924830825,0.1509302291836193,0.9081933561703397,0.7572631269867204,True,0.10350000000000026,0.5,40
958,0.48,0.4804682150185609,0.15182120249015119,0.9028874715465962,0.751066269056445,True,0.10400000000000026,0.5,40
959,0.48,0.48116911955071673,0.15469059241604952,0.8999565555654665,0.745265963149417,True,0.10450000000000026,0.5,40
960,0.48,0.4808750979096321,0.15681401665712122,0.8957161860348231,0.7389021693777018,True,0.10500000000000026,0.5,40
961,0.48,0.48104312627044654,0.15999212463305784,0.8909514084561632,0.7309592838231054,True,0.10550000000000026,0.5,40
962,0.48,0.4809963724577787,0.1620803073617288,0.8874343204495594,0.7253540130878307,True,0.10600000000000026,0.5,40
963,0.48,0.4810502240510312,0.16633580096727213,0.8806845887286285,0.7143487877613564,True,0.10650000000000026,0.5,40
964,0.49,0.4810919213291061,0.16987416383794054,0.87510191030274,0.7052277464647995,True,0.10700000000000026,0.5,40
965,0.48,0.4954975711370508,0.1978067390098074,0.8671734867059435,0.6693667476961361,True,0.10750000000000026,0.5,40
966,0.48,0.4753993838329944,0.19588852751405458,0.8202393381428246,0.62435081062877,True,0.10800000000000026,0.5,40
967,0.46,0.4836022592443862,0.23028993341479884,0.7890706928940974,0.5587807594792985,True,0.10850000000000026,0.5,40
968,0.46,0.4525996251018302,0.22045385026057668,0.7289024655831651,0.5084486153225884,True,0.10900000000000026,0.5,40
969,0.48,0.46394859863072785,0.24887311748382543,0.7160634410569962,0.4671903235731707,True,0.10950000000000026,0.5,40
970,0.46,0.4878477051521711,0.28397622022353064,0.7240901808455571,0.44011396062202646,True,0.11000000000000026,0.5,40
971,0.46,0.45273212103986027,0.26616515998847856,0.6667893590755372,0.4006241990870586,True,0.11050000000000026,0.5,40
972,0.46,0.46432500764759704,0.28940783056892,0.6629709213694146,0.3735630908004946,True,0.11100000000000027,0.5,40
973,0.45,0.460910475195246,0.30189016267341534,0.6393544384362841,0.3374642757628688,True,0.11150000000000027,0.5,40
974,0.45,0.4490289396519944,0.30607291405034076,0.6076321967642104,0.30155928271386967,True,0.11200000000000027,0.5,40
975,0.44,0.45282943602214115,0.32560238286776894,0.5922673325361396,0.2666649496683707,True,0.11250000000000027,0.5,40
976,0.43,0.43909049851261184,0.32715737415465174,0.560464119206973,0.2333067450523213,True,0.11300000000000027,0.5,40
977,0.42,0.4302482508349867,0.3311917906628035,0.536675686677744,0.2054838960149405,True,0.11350000000000027,0.5,40
978,0.42,0.42171343954414614,0.333112322543667,0.5162031510771203,0.18309082853345332,True,0.11400000000000027,0.5,40
979,0.42,0.42304562358239295,0.3438658156867476,0.5068906606290509,0.16302484494230324,True,0.11450000000000027,0.5,40
980,0.42,0.4238854711334198,0.35140499758841603,0.5002533204500708,0.14884832286165472,True,0.11500000000000027,0.5,40
981,0.41,0.42268224527453313,0.35807070598031715,0.49036774161059155,0.1322970356302744,True,0.11550000000000027,0.5,40
982,0.4,0.40977239800592363,0.35141527898505426,0.4706495072869103,0.11923422830185604,True,0.11600000000000027,0.5,40
983,0.4,0.40066861020752953,0.347232760975428,0.45622390758984416,0.10899114661441617,True,0.11650000000000027,0.5,40
984,0.4,0.40347261508565707,0.3544270561280581,0.4542941772931764,0.09986712116511831,True,0.11700000000000027,0.5,40
985,0.4,0.40199152698690904,0.35618566500470605,0.44934450530139186,0.09315884029668581,True,0.11750000000000027,0.5,40
986,0.4,0.4033017590660253,0.35942654953523095,0.4485930318714623,0.08916648233623137,True,0.11800000000000027,0.5,40
987,0.4,0.4034686634961072,0.3618312496325887,0.44637912365938537,0.08454787402679664,True,0.11850000000000027,0.5,40
988,0.4,0.40172048140107913,0.3628269972331176,0.44172393999264287,0.07889694275952525,True,0.11900000000000027,0.5,40
989,0.4,0.40095524141754885,0.36411264453697034,0.4387929005096984,0.07468025597272804,True,0.11950000000000027,0.5,40
990,0.4,0.4008240211128769,0.3653935358317922,0.4371738891611346,0.0717803533293424,True,0.12000000000000027,0.5,40
991,1.1,0.4018990446519065,0.3679143967526878,0.43672801168072556,0.06881361492803778,False,0.11050000000000028,0.492,40
992,0.89,0.65629037765531,0.5795637598247958,0.7367439573429149,0.15718019751811907,False,0.10100000000000028,0.484,41
993,0.69,0.5399672066611125,0.4494526975201486,0.6361341088598469,0.1866814113396983,False,0.09150000000000029,0.476,41
994,0.52,0.5810504341541705,0.47904157962471683,0.6900947950181056,0.21105321539338873,True,0.09200000000000029,0.48,42
995,0.48,0.48511714942342316,0.3821271106642372,0.5957815532983624,0.21365444263412514,True,0.09250000000000029,0.484,42
996,0.48,0.4765233857901849,0.3692841360626457,0.5921613720394181,0.2228772359767724,True,0.09300000000000029,0.488,41
997,0.46,0.47818245001325693,0.36763372283256085,0.5976670646887134,0.2300333418561526,True,0.09350000000000029,0.492,41
998,0.45,0.4645428768648932,0.3534122724125074,0.5847985731297969,0.2313863007172895,True,0.09400000000000029,0.496,41
999,0.44,0.46030752036933287,0.34891137952951534,0.5809030054969364,0.23199162596742107,True,0.09450000000000029,0.5,40
1000,1.88,0.45401374039775655,0.3428627675841483,0.5743648631117433,0.231502095527595,False,0.0850000000000003,0.492,40
1001,2.53,1.1593169953578832,0.9944459781480397,1.3378170868137227,0.343371108665683,False,0.0755000000000003,0.484,41
1002,1.63,1.7916638025728084,1.5877728508655835,2.0116193482702567,0.4238464974046732,True,0.0760000000000003,0.488,41
1003,1.78,1.0934086111470904,0.9529960462447664,1.243916275023301,0.29092022877853463,False,0.06650000000000031,0.48,41
1004,1.73,1.5711280532527323,1.4108495567364665,1.7420622111202975,0.33121265438383096,True,0.06700000000000031,0.484,42
1005,1.23,1.393814139011639,1.2554327610252427,1.5406858635533944,0.2852531025281517,False,0.05750000000000031,0.476,41
1006,1.01,0.9676809058026432,0.8603250441283539,1.0812320724706517,0.2209070283422978,True,0.05800000000000031,0.48,42
1007,0.89,0.8976353531310419,0.7990125373321197,1.0016647236894616,0.20265218635734183,True,0.05850000000000031,0.484,42
1008,1.4,0.8034934507475153,0.7150722379445511,0.89647325338744,0.1814010154428889,False,0.04900000000000031,0.476,41
1009,1.59,1.3923901557953293,1.27578391711871,1.5149710455783345,0.23918712845962453,False,0.039500000000000306,0.46799999999999997,42
1010,1.4,1.3508674159637968,1.2262251868925609,1.4824881328175432,0.25626294592498233,True,0.040000000000000306,0.472,43
1011,1.17,1.1923317556640134,1.0729435792259157,1.3185959208246496,0.24565234159873395,True,0.04050000000000031,0.476,42
1012,1.04,1.0203474918233049,0.9109531933181767,1.1360041690132037,0.22505097569502697,True,0.04100000000000031,0.48,42
1013,1.14,0.952188650147817,0.8474266270513233,1.0628914133649547,0.21546478631363142,False,0.031500000000000306,0.472,42
1014,1.02,1.0919891947474052,0.9786686989497617,1.2117996778656344,0.23313097891587264,True,0.032000000000000306,0.476,42
1015,0.95,0.9133851370185648,0.8093566384833628,1.0233947275492947,0.2140380890659319,True,0.032500000000000306,0.48,42
1016,1.0,0.9099331298446203,0.8051750134159494,1.0207705808952103,0.2155955674792609,True,0.03300000000000031,0.484,42
1017,0.95,0.9675501084767324,0.8585798651550536,1.0829093771786016,0.224329512023548,True,0.03350000000000031,0.488,41
1018,0.93,0.8939731927183754,0.7874831264487558,1.0068074499044362,0.21932432345568031,True,0.03400000000000031,0.492,41
1019,0.86,0.9054024642423866,0.79636687302698,1.021056280459716,0.22468940743273613,True,0.03450000000000031,0.496,41
1020,0.83,0.8269290167686614,0.7209660999899761,0.9394162571422808,0.21845015715230476,True,0.03500000000000031,0.5,40
1021,0.79,0.8284848803828788,0.7205769817792713,0.9431603428353323,0.22258336105606102,True,0.03550000000000031,0.5,40
1022,0.77,0.7877832209858644,0.6789133904085072,0.9037127605855306,0.22479937017702345,True,0.03600000000000031,0.5,40
1023,1.05,0.7872106383375257,0.6756611874044232,0.9061859818657481,0.2305247944613249,False,0.026500000000000308,0.492,40
1024,1.11,1.1029595475009901,0.955901329980835,1.2610746210131687,0.3051732910323337,True,0.02700000000000031,0.496,41
1025,2.99,1.0211018042004563,0.8718198228730334,1.1822893704975028,0.31046954762446943,False,0.017500000000000307,0.488,40
1026,2.58,2.9162432014314112,2.430360541054477,3.470947187389008,1.040586646334531,True,0.018000000000000307,0.492,41
1027,3.3,1.808967047243775,1.4139856678873253,2.2685761052619884,0.8545904373746631,False,0.008500000000000308,0.484,41
1028,3.49,2.7826982326968692,2.0293281349286514,3.7234255525722455,1.6940974176435941,True,0.009000000000000308,0.488,41
1029,4.98,2.927780641448365,1.9630867363096822,4.206550513114697,2.243463776805015,False,0.001,0.48,41
1030,7.87,4.55208278066186,2.6424439051816546,7.4628957935275615,4.820451888345907,False,0.001,0.472,42
1031,15.45,7.686604932552845,4.58685151340743,12.506194870790472,7.919343357383042,False,0.001,0.46399999999999997,42
1032,24.4,16.6408106435181,10.34581236360071,26.42846348832967,16.082651124728958,True,0.0015,0.46799999999999997,43
1033,10.55,25.392353031548033,15.974428861628247,40.035625069923356,24.061196208295108,False,0.001,0.45999999999999996,43
1034,6.4,7.067930302153707,4.188946541097791,11.54426092943309,7.355314388335299,True,0.0015,0.46399999999999997,43
1035,4.7,5.468873233502134,3.160501656889684,9.057998857379115,5.897497200489431,True,0.002,0.46799999999999997,43
1036,3.92,3.9698228170714946,2.1963767596787447,6.727230139029937,4.530853379351193,True,0.0025,0.472,43
1037,3.6,3.5578149605603926,1.9313909873825086,6.086627919688502,4.155236932305994,True,0.003,0.476,42
1038,11.25,3.3984090708082135,1.8288679598794846,5.838778843178014,4.009910883298529,False,0.001,0.46799999999999997,42
1039,14.65,13.439405638418473,8.286806050242951,21.45082260389585,13.1640165536529,True,0.0015,0.472,43
1040,12.2,12.757927803246117,7.84850875177615,20.391240348984056,12.542731597207906,True,0.002,0.476,42
1041,14.94,10.43045987915991,6.351581264564314,16.77242314913424,10.420841884569928,True,0.0025,0.48,42
1042,14.37,14.507015969049753,8.973447199199162,23.110775287773407,14.137328088574245,True,0.003,0.484,42
1043,12.08,12.623749197951154,7.762210831025799,20.182615413848197,12.420404582822398,True,0.0035,0.488,41
1044,14.18,10.642547337652756,6.487986816290869,17.102183114770575,10.614196298479706,True,0.004,0.492,41
1045,23.96,13.796323801710958,8.516360495994313,22.00576970967337,13.489409213679057,False,0.001,0.484,41
1046,63.95,25.295415505987886,15.912082805190003,39.88490368675084,23.972820881560835,False,0.001,0.476,41
1047,33.83,78.72537421897447,50.27593934231698,122.95941207282628,72.6834727305093,False,0.001,0.46799999999999997,42
1048,29.46,23.710501817504877,14.892734336153639,37.42063216798799,22.527897831834352,True,0.0015,0.472,43
1049,27.67,27.07746189055528,17.05821856454434,42.65568305632457,25.59746449178023,True,0.002,0.476,42
1050,20.38,24.80779238855371,15.598464542040908,39.126732583229405,23.528268041188497,True,0.0025,0.48,42
1051,14.04,17.511518232048612,10.905814118772906,27.782265860773137,16.87645174200023,True,0.003,0.484,42
1052,11.19,12.192152986879476,7.484626669695915,19.511556631102824,12.026929961406909,True,0.0035,0.488,41
1053,15.13,10.214942472325898,6.21296971725841,16.437330196553955,10.224360479295544,True,0.004,0.492,41
1054,12.46,15.317028149456977,9.494412272564897,24.37020661235176,14.87579433978686,True,0.0045000000000000005,0.496,41
1055,9.69,11.027131081168427,6.735334575993921,17.700145497587755,10.964810921593834,True,0.005000000000000001,0.5,40
1056,7.88,8.902660317297768,5.368966150760093,14.396954393937357,9.027988243177264,True,0.005500000000000001,0.5,40
1057,7.42,7.381104832730015,4.390366959511676,12.031194118103947,7.640827158592272,True,0.006000000000000002,0.5,40
1058,6.22,7.243604719834117,4.301932787612439,11.817404802951804,7.515472015339365,True,0.006500000000000002,0.5,40
1059,5.7,5.936782633113767,3.4614409027349033,9.785518478922674,6.32407757618777,True,0.007000000000000003,0.5,40
1060,7.06,5.678791907160724,3.2955123392826406,9.384386731061031,6.088874391778391,True,0.007500000000000003,0.5,40
1061,7.02,7.409520125846898,4.408642456623218,12.075375071321819,7.666732614698601,True,0.008000000000000004,0.5,40
1062,8.53,6.881195041007495,4.068846434733837,11.25391932349252,7.1850728887586826,True,0.008500000000000004,0.5,40
1063,9.18,8.94112692065849,5.393706219275945,14.456763426930255,9.06305720765431,True,0.009000000000000005,0.5,40
1064,8.34,9.018704028231898,5.443600485703104,14.577382649346166,9.133782163643062,True,0.009500000000000005,0.5,40
1065,7.42,8.266933744773715,4.960094101047164,13.408507579593032,8.448413478545866,True,0.010000000000000005,0.5,40
1066,6.5,7.527631732025462,4.4846067730452575,12.259018552513375,7.774411779468117,True,0.010500000000000006,0.5,40
1067,5.76,6.826245554224474,3.911674127591823,11.470314170669356,7.558640043077533,True,0.011000000000000006,0.5,40
1068,6.1,6.27423617513389,3.5652385133906117,10.590744224298328,7.025505710907717,True,0.011500000000000007,0.5,40
1069,6.42,7.022376926965309,3.9127502898240722,12.100305890086283,8.187555600262211,True,0.012000000000000007,0.5,40
1070,6.14,7.221955374414053,3.962789567242204,12.621482285903449,8.658692718661245,True,0.012500000000000008,0.5,40
1071,6.04,6.8276022581666185,3.717281678674257,11.988700121311142,8.271418442636886,True,0.013000000000000008,0.5,40
1072,6.27,6.779044734741929,3.4941186221509026,12.465051119668514,8.970932497517612,True,0.013500000000000009,0.5,40
1073,6.17,6.904241551838026,3.1977075418221528,13.883608228381389,10.685900686559236,True,0.014000000000000009,0.5,40
1074,6.1,6.590936695615671,2.477969370692695,15.56780545636839,13.089836085675696,True,0.01450000000000001,0.5,40
1075,30.08,6.498050052698303,1.5162449358737207,21.34311683701308,19.82687190113936,False,0.00500000000000001,0.492,40
1076,26.26,37.598410452000465,8.156741062415303,161.70387895277227,153.54713789035696,True,0.00550000000000001,0.496,41
1077,18.32,19.58792375047771,3.3427148620562113,96.60313946902595,93.26042460696974,True,0.0060000000000000105,0.5,40
1078,13.47,16.012148107748768,2.3347351223212485,85.78745766126235,83.4527225389411,True,0.006500000000000011,0.5,40
1079,10.29,12.61434878567632,1.5747872272747383,70.98672220159683,69.4119349743221,True,0.007000000000000011,0.5,40
1080,8.31,10.16866937915106,1.2674565647690428,54.012818167695336,52.745361602926295,True,0.007500000000000012,0.5,40
1081,7.0,8.675975430882374,1.1680318182634246,42.18409893727103,41.01606711900761,True,0.008000000000000012,0.5,40
1082,10.16,7.591116644714555,1.0564286728471517,34.891001802121515,33.83457312927436,True,0.008500000000000013,0.5,40
1083,12.88,11.06798824848968,1.9747517513414587,47.95747697266188,45.98272522132042,True,0.009000000000000013,0.5,40
1084,11.17,12.823075045662627,2.449558067249198,54.39185020021794,51.94229213296874,True,0.009500000000000014,0.5,40
1085,10.49,11.013778598689969,2.017396805982629,46.83291210893261,44.81551530294998,True,0.010000000000000014,0.5,40
1086,16.77,10.766295596695295,1.9429277919269414,46.04353006845641,44.10060227652947,True,0.010500000000000015,0.5,40
1087,28.62,17.162338578857973,3.304484232237767,75.63416215642246,72.3296779241847,True,0.011000000000000015,0.5,40
1088,20.42,26.220347456994034,5.102039392990394,120.42617704674784,115.32413765375745,True,0.011500000000000015,0.5,40
1089,15.61,15.55368593886735,2.7138258997241564,72.78496611351859,70.07114021379444,True,0.012000000000000016,0.5,40
1090,11.55,13.580414495989686,2.2857068467416015,63.700990316798254,61.41528347005665,True,0.012500000000000016,0.5,40
1091,8.99,10.495476300775882,1.6262762309519503,49.31686074156823,47.690584510616276,True,0.013000000000000017,0.5,40
1092,7.5,8.901603457491966,1.3059669058490688,41.516547302016626,40.21058039616756,True,0.013500000000000017,0.5,40
1093,6.56,7.914882593360495,1.1382503411040354,36.168300701575866,35.03005036047183,True,0.014000000000000018,0.5,40
1094,5.84,7.225308986422094,1.0260808318524939,32.392403135395554,31.36632230354306,True,0.014500000000000018,0.5,40
1095,5.1,6.59896293252773,0.921051871365197,29.058656151171206,28.13760427980601,True,0.015000000000000019,0.5,40
1096,4.65,5.881306071121807,0.79425082252,25.39116708217645,24.596916259656453,True,0.015500000000000019,0.5,40
1097,5.29,5.511174773830756,0.7477825611570115,23.256676933144785,22.508894371987772,True,0.016000000000000018,0.5,40
1098,17.02,6.295828069417023,0.99415243160563,25.692597002544538,24.698444570938907,True,0.016500000000000018,0.5,40
1099,10.61,18.50895555707955,4.120581094332473,73.32737416254527,69.20679306821279,True,0.01700000000000002,0.5,40
1100,8.92,8.680951094145703,1.5347283724586385,35.974697212361846,34.43996883990321,True,0.01750000000000002,0.5,40
1101,75.1,9.171325814708883,1.651980344226582,38.01079774372723,36.35881739950065,False,0.00800000000000002,0.492,40
1102,79.17,58.435435546326154,10.978257012945967,293.91527813800684,282.9370211250609,True,0.00850000000000002,0.496,41
1103,34.45,23.014069092653312,3.5476736549447807,125.80670561303266,122.25903195808789,True,0.00900000000000002,0.5,40
1104,20.62,20.861640306524205,2.9385567805258312,120.3468139535203,117.40825717299447,True,0.00950000000000002,0.5,40
1105,15.32,14.231407214595448,1.9437762193074568,77.8089000159832,75.86512379667575,True,0.010000000000000021,0.5,40
1106,23.67,13.350177443735772,1.9337443225742579,69.192753704593,67.25900938201875,True,0.010500000000000021,0.5,40
1107,46.37,21.756610615572203,3.769984807128205,107.56708095482509,103.79709614769688,True,0.011000000000000022,0.5,40
1108,32.1,34.04901290095395,6.29037692946315,167.5006574031414,161.21028047367824,True,0.011500000000000022,0.5,40
1109,22.67,17.80140198208157,3.200488482516235,83.15514480355547,79.95465632103924,True,0.012000000000000023,0.5,40
1110,16.27,18.792855296268264,3.8202672360547743,80.27290492293422,76.45263768687944,True,0.012500000000000023,0.5,40
1111,12.64,12.885144022636563,2.6725624091719298,51.4966503082056,48.82408789903367,True,0.013000000000000024,0.5,40
1112,10.5,13.082087569355618,2.9605221833685818,49.07046574407357,46.10994356070499,True,0.013500000000000024,0.5,40
1113,9.48,10.213123493339149,2.3410172510490463,36.63348975148066,34.292472500431614,True,0.014000000000000025,0.5,40
1114,8.53,12.009455352498916,3.061107931113562,40.67481668537068,37.61370875425712,True,0.014500000000000025,0.5,40
1115,13.9,9.207892639639047,2.3378217769420386,30.2182851889298,27.880463411987762,True,0.015000000000000025,0.5,40
1116,12.61,19.095822105136946,5.415763031370947,61.945290233859566,56.52952720248862,True,0.015500000000000026,0.5,40
1117,9.7,10.11334440032759,2.575699781782434,33.54049033689468,30.964790555112245,True,0.016000000000000025,0.5,40
1118,8.11,11.771671104951146,3.1676567122778634,38.13844015331388,34.97078344103602,True,0.016500000000000025,0.5,40
1119,7.03,8.589960284203407,2.170754179902291,28.004878030447863,25.834123850545573,True,0.017000000000000026,0.5,40
1120,6.27,9.03454677667337,2.3240883146594675,29.291652772637356,26.96756445797789,True,0.017500000000000026,0.5,40
1121,5.65,7.551170370435221,1.8715628879542954,24.464361240683754,22.59279835272946,True,0.018000000000000026,0.5,40
1122,5.14,7.509877041421877,1.8208980413028182,24.671969067933148,22.85107102663033,True,0.018500000000000027,0.5,40
1123,4.68,6.711613721088068,1.6306613317872238,21.606097358367148,19.975436026579924,True,0.019000000000000027,0.5,40
1124,4.45,6.358925221262422,1.442619713698238,21.170369013415065,19.727749299716827,True,0.019500000000000028,0.5,40
1125,4.64,6.029270963811526,1.2749692058417712,20.719261146834373,19.444291940992603,True,0.020000000000000028,0.5,40
1126,5.1,6.372304742392655,1.2552717411190093,23.09948044120736,21.84420870008835,True,0.02050000000000003,0.5,40
1127,4.49,6.683870755129365,1.2947616400330961,24.728977141469382,23.434215501436285,True,0.02100000000000003,0.5,40
1128,4.18,5.401890664245288,0.8680441066222666,20.9396340437899,20.071589937167634,True,0.02150000000000003,0.5,40
1129,4.11,5.5917336137188505,0.8883745162319041,22.00971108259488,21.121336566362977,True,0.02200000000000003,0.5,40
1130,4.03,5.197121671577544,0.7743533275341996,20.64412037691846,19.869767049384258,True,0.02250000000000003,0.5,40
1131,4.19,5.174850204532273,0.8501988016780542,19.607934138661758,18.757735336983703,True,0.02300000000000003,0.5,40
1132,4.03,5.318784369861889,1.0331870108215995,18.637660333407602,17.604473322586003,True,0.02350000000000003,0.5,40
1133,3.98,4.875489409887385,0.9172540399072175,17.005634666634695,16.088380626727478,True,0.02400000000000003,0.5,40
1134,3.88,5.025529442189239,1.0503968179552774,16.707306576341594,15.656909758386316,True,0.024500000000000032,0.5,40
1135,3.67,4.687606474836564,1.0591864817417584,14.709537576820425,13.650351095078667,True,0.025000000000000033,0.5,40
1136,3.54,4.540631821500512,1.1223113847878654,13.464701646263167,12.342390261475302,True,0.025500000000000033,0.5,40
1137,3.41,4.3305788080609835,1.1453711639384911,12.24482723855774,11.099456074619248,True,0.026000000000000034,0.5,40
1138,3.28,4.100744503837808,1.1825284991497744,10.920849832461304,9.738321333311529,True,0.026500000000000034,0.5,40
1139,3.16,3.9169544303850543,1.0831197820192222,10.605881274406775,9.522761492387552,True,0.027000000000000034,0.5,40
1140,3.46,3.5769329490574515,0.9207724047779022,9.906193345999252,8.98542094122135,True,0.027500000000000035,0.5,40
1141,3.41,3.814283269869092,0.9922759713858564,10.633590795365041,9.641314823979185,True,0.028000000000000035,0.5,40
1142,3.22,3.401840526404304,0.6828419057565951,10.51397523059892,9.831133324842325,True,0.028500000000000036,0.5,40
1143,3.0,3.316237716398616,0.5434067746875348,11.070640306884487,10.527233532196952,True,0.029000000000000036,0.5,40
1144,2.89,3.0674304656091005,0.3750682796416552,11.031395704129292,10.656327424487637,True,0.029500000000000037,0.5,40
1145,2.85,3.0123784983480535,0.2936782761014455,11.444501474138802,11.150823198037356,True,0.030000000000000037,0.5,40
1146,3.15,2.9621396283940555,0.22841152570057766,11.779553192434848,11.55114166673427,True,0.030500000000000037,0.5,40
1147,3.02,3.3392722035150095,0.30384873739075935,13.441309575433472,13.137460838042713,True,0.031000000000000038,0.5,40
1148,2.94,2.9624737152040272,0.16066999227371184,12.527702144624854,12.367032152351142,True,0.031500000000000035,0.5,40
1149,2.81,2.982279693979879,0.1421880459493239,12.884361351290208,12.742173305340884,True,0.032000000000000035,0.5,40
1150,2.74,2.822224193593616,0.07784330376855408,12.554287283700985,12.47644397993243,True,0.032500000000000036,0.5,40
1151,2.51,2.777126795196433,0.05034837959990108,12.582814144413058,12.532465764813157,True,0.033000000000000036,0.5,40
1152,2.6,2.516044082946933,0.0,11.7740154857752,11.7740154857752,True,0.03350000000000004,0.5,40
1153,5.31,2.6661153556599233,0.0,12.450276826911912,12.450276826911912,True,0.03400000000000004,0.5,40
1154,58.89,7.840997683192269,1.374670881969323,31.915399193925353,30.54072831195603,False,0.024500000000000036,0.492,40
1155,45.27,225.47869623201254,57.62655548041495,873.9038627058219,816.277307225407,False,0.015000000000000036,0.484,41
1156,31.65,11.657819780901912,2.259913928277351,48.148660096819675,45.888746168542326,True,0.015500000000000036,0.488,41
1157,20.63,23.063698303546136,5.141355719876381,93.28888383227297,88.14752811239659,True,0.016000000000000035,0.492,41
1158,15.71,14.554266217062581,2.946983890997736,60.29622117360527,57.34923728260753,True,0.016500000000000035,0.496,41
1159,12.61,12.553777616549082,2.4253602214772636,52.63082297944128,50.205462757964014,True,0.017000000000000036,0.5,40
1160,10.41,10.389195450838248,1.8765229779695831,44.09394641059122,42.217423432621636,True,0.017500000000000036,0.5,40
1161,8.78,8.943556080668063,1.5174103827539516,38.27619755870955,36.7587871759556,True,0.018000000000000037,0.5,40
1162,8.22,7.787537946066836,1.235831675456541,33.53785184333996,32.30202016788342,True,0.018500000000000037,0.5,40
1163,7.93,7.572618980955239,1.1973763460366613,32.44433752788196,31.2469611818453,True,0.019000000000000038,0.5,40
1164,7.07,7.360154869210408,1.1635476475978885,31.304437350747214,30.140889703149327,True,0.019500000000000038,0.5,40
1165,6.48,6.571725306648216,0.9817773365695384,27.929094637128696,26.947317300559156,True,0.02000000000000004,0.5,40
1166,6.08,6.2151805732583325,0.9134192748411543,26.207226032070878,25.293806757229724,True,0.02050000000000004,0.5,40
1167,6.27,5.9020223993125285,0.760755817203197,26.055377432334954,25.294621615131756,True,0.02100000000000004,0.5,40
1168,9.01,6.195401640234167,0.8612557253681625,26.81659933056406,25.955343605195896,True,0.02150000000000004,0.5,40
1169,14.55,9.043379350448204,1.6651272217626145,36.84790007521597,35.18277285345335,True,0.02200000000000004,0.5,40
1170,14.92,13.767655484775402,3.024734551473566,53.185846477047924,50.16111192557436,True,0.02250000000000004,0.5,40
1171,11.83,12.533232479253435,2.7870414919863826,47.36186287503677,44.57482138305039,True,0.02300000000000004,0.5,40
1172,9.52,10.022384105543114,2.164626477339855,37.39092930558267,35.22630282824281,True,0.02350000000000004,0.5,40
1173,10.05,8.494131028961995,1.7947999497141,31.25222757153687,29.45742762182277,True,0.024000000000000042,0.5,40
1174,9.28,9.552559519054308,2.1870698511272577,33.94009155895883,31.753021707831568,True,0.024500000000000043,0.5,40
1175,10.03,8.453721325363809,1.9216271873581676,29.590092837427473,27.668465650069304,True,0.025000000000000043,0.5,40
1176,9.79,9.612995758822098,2.3894327904422856,32.23142423546274,29.841991445020454,True,0.025500000000000043,0.5,40
1177,9.15,9.021281891046215,2.195926155582424,30.423157435722793,28.22723128014037,True,0.026000000000000044,0.5,40
1178,8.25,8.582406412998969,2.2444688173424514,27.301246778230926,25.056777960888475,True,0.026500000000000044,0.5,40
1179,7.13,7.813426368145988,2.140352319533157,23.734958515189255,21.594606195656098,True,0.027000000000000045,0.5,40
1180,6.31,6.911928943800485,1.9440011071534626,20.26311007820038,18.31910897104692,True,0.027500000000000045,0.5,40
1181,5.67,6.3360192254956615,1.832314584280665,18.001130162421614,16.16881557814095,True,0.028000000000000046,0.5,40
1182,5.12,5.834228917906988,1.6269410771903918,16.779875349282904,15.152934272092512,True,0.028500000000000046,0.5,40
1183,4.65,5.393597136806329,1.528229418846411,15.168660977938497,13.640431559092086,True,0.029000000000000047,0.5,40
1184,4.26,5.02098724547808,1.4454032673381803,13.824666301223319,12.379263033885138,True,0.029500000000000047,0.5,40
1185,3.91,4.707899621595073,1.345103075961294,12.892829882051165,11.547726806089871,True,0.030000000000000047,0.5,40
1186,3.58,4.434750248985644,1.370374670606418,11.460692663954735,10.090317993348316,True,0.030500000000000048,0.5,40
1187,3.37,4.141354116386581,1.327044125207085,10.359269840976008,9.032225715768924,True,0.03100000000000005,0.5,40
1188,3.19,3.989527912927133,1.3389454316874208,9.643851907189786,8.304906475502365,True,0.03150000000000005,0.5,40
1189,11.85,3.816599334571351,1.333564649268724,8.941712631387054,7.6081479821183295,False,0.022000000000000047,0.492,40
1190,9.36,14.814696237363538,7.154750835620231,29.66980489307104,22.515054057450808,True,0.022500000000000048,0.496,41
1191,7.44,7.778915908229633,3.676350436654727,15.480664904766986,11.80431446811226,True,0.023000000000000048,0.5,40
1192,6.26,7.901853678609621,3.925248767337438,15.089136337820754,11.163887570483316,True,0.02350000000000005,0.5,40
1193,5.79,6.65961681964303,3.378908362757805,12.398254762017585,9.01934639925978,True,0.02400000000000005,0.5,40
1194,5.26,5.984928690873661,3.113754991268678,10.860023000918561,7.746268009649883,True,0.02450000000000005,0.5,40
1195,5.36,5.451985426896501,2.5983454337657843,10.568682527880505,7.97033709411472,True,0.02500000000000005,0.5,40
1196,5.63,5.750645424321066,2.6799967038428187,11.38349306055612,8.703496356713302,True,0.02550000000000005,0.5,40
1197,5.65,6.056013090273289,2.9524096691459185,11.596700468265631,8.644290799119712,True,0.02600000000000005,0.5,40
1198,5.55,6.033613191510137,3.0692529219780456,11.157444001720455,8.088191079742408,True,0.02650000000000005,0.5,40
1199,5.27,5.926700946265087,3.1283843030396685,10.621782876091086,7.493398573051417,True,0.027000000000000052,0.5,40
1200,5.06,5.647508948690394,3.065630448813649,9.869009315840136,6.803378867026487,True,0.027500000000000052,0.5,40
1201,5.15,5.459924813686771,3.0378817984153947,9.334782116421193,6.2969003180057985,True,0.028000000000000053,0.5,40
1202,4.9,5.55339586198913,3.172733020968214,9.292294548471041,6.119561527502827,True,0.028500000000000053,0.5,40
1203,7.4,5.26879977615866,3.052756777593407,8.696572676365388,5.643815898771981,True,0.029000000000000054,0.5,40
1204,13.88,7.633896872854237,4.574349484959006,12.372712890036954,7.798363405077948,False,0.019500000000000052,0.492,40
1205,11.23,12.850966114391737,7.028261502284815,22.896738073047135,15.86847657076232,True,0.020000000000000052,0.496,41
1206,10.52,9.18151178533714,4.632225223735303,17.405368769363495,12.77314354562819,True,0.020500000000000053,0.5,40
1207,10.57,9.478414480279149,4.5056980948765775,18.94246108821284,14.436762993336263,True,0.021000000000000053,0.5,40
1208,9.32,9.638512243524735,4.3228472712456405,20.262669580436796,15.939822309191156,True,0.021500000000000054,0.5,40
1209,8.34,8.788674036414895,3.7565500951299535,19.144461316467055,15.387911221337102,True,0.022000000000000054,0.5,40
1210,8.6,8.034800613216234,3.3369543852776777,17.82141587600446,14.48446149072678,True,0.022500000000000055,0.5,40
1211,8.47,8.258092017889718,3.4211487447301874,18.3868772033238,14.965728458593611,True,0.023000000000000055,0.5,40
1212,7.84,8.023266804372527,3.3068475628561504,17.904626326940797,14.597778764084646,True,0.023500000000000056,0.5,40
1213,6.96,7.528182624928828,3.113273597725863,16.68175570045929,13.568482102733428,True,0.024000000000000056,0.5,40
1214,6.19,6.833776830967733,2.864794083778088,14.878739748384106,12.013945664606018,True,0.024500000000000056,0.5,40
1215,7.66,6.2822016889813135,2.6788317368722607,13.415027713142631,10.73619597627037,True,0.025000000000000057,0.5,40
1216,7.23,7.599881944361593,3.3491789070040348,16.00504187994029,12.655862972936255,True,0.025500000000000057,0.5,40
1217,6.94,6.963253079949028,3.077311557365473,14.552748109416443,11.47543655205097,True,0.026000000000000058,0.5,40
1218,6.16,6.812267860410531,3.0417252788285305,14.100365540057918,11.058640261229389,True,0.026500000000000058,0.5,40
1219,5.51,6.187646557066366,2.782547816407032,12.658059471243103,9.875511654836071,True,0.02700000000000006,0.5,40
1220,6.28,5.735762756336161,2.6213062574494597,11.528766330191702,8.907460072742243,True,0.02750000000000006,0.5,40
1221,9.32,6.434820700267731,3.0572772630407465,12.624052600167202,9.566775337126455,True,0.02800000000000006,0.5,40
1222,14.26,8.698490754144183,4.139782329483899,17.30052653565684,13.16074420617294,True,0.02850000000000006,0.5,40
1223,12.23,12.042295674186402,5.444397404794406,25.39524935665075,19.950851951856343,True,0.02900000000000006,0.5,40
1224,9.82,9.769073620527285,4.132680823376964,21.5950045668404,17.462323743463436,True,0.02950000000000006,0.5,40
1225,8.2,8.517975966799304,3.4707616192862503,19.26318426680776,15.792422647521509,True,0.03000000000000006,0.5,40
1226,6.94,7.570187146226878,3.0710657158489783,17.041494008660475,13.970428292811498,True,0.030500000000000062,0.5,40
1227,6.84,6.848945134258946,2.750707895689588,15.42514998072933,12.674442085039741,True,0.031000000000000062,0.5,40
1228,6.68,7.018481848253508,2.801483139721544,15.91341215720363,13.111929017482087,True,0.03150000000000006,0.5,40
1229,6.21,6.767248619815508,2.6432393473391866,15.559480552955602,12.916241205616416,True,0.03200000000000006,0.5,40
1230,6.43,6.34512369138513,2.363165543033735,15.041684939802547,12.678519396768813,True,0.032500000000000064,0.5,40
1231,7.66,6.854362000984282,2.5165873198321993,16.542860970518863,14.026273650686663,True,0.033000000000000064,0.5,40
1232,7.11,8.06711134783326,2.9710072474181293,19.703187647783725,16.732180400365596,True,0.033500000000000064,0.5,40
1233,7.14,6.615745818412736,2.2714355424008366,16.7290928153536,14.457657272952762,True,0.034000000000000065,0.5,40
1234,7.21,7.535224098703736,2.6354425964218815,19.03883942131127,16.403396824889388,True,0.034500000000000065,0.5,40
1235,6.48,7.061829419182455,2.428153680638661,17.958628941012808,15.530475260374146,True,0.035000000000000066,0.5,40
1236,5.76,6.495375151957072,2.17925185570683,16.67102803375893,14.491776178052099,True,0.035500000000000066,0.5,40
1237,5.09,5.949947826753483,1.9637317506265615,15.297620317487912,13.33388856686135,True,0.03600000000000007,0.5,40
1238,4.55,5.411370258057233,1.7449132309081596,13.97521601886883,12.230302787960671,True,0.03650000000000007,0.5,40
1239,4.14,4.9710944744915615,1.595907056121645,12.734686355285637,11.138779299163993,True,0.03700000000000007,0.5,40
1240,3.81,4.591360108408492,1.4838104499338285,11.586833211340549,10.10302276140672,True,0.03750000000000007,0.5,40
1241,3.56,4.259432052280017,1.3988284870338208,10.531306077974051,9.13247759094023,True,0.03800000000000007,0.5,40
1242,3.53,4.0004411467465655,1.3287697888409893,9.737176247258265,8.408406458417275,True,0.03850000000000007,0.5,40
1243,3.41,4.007648506853293,1.3846980991505404,9.515605131367616,8.130907032217076,True,0.03900000000000007,0.5,40
1244,4.53,3.49500727801467,1.1549736458167374,8.376026694631385,7.221053048814648,True,0.03950000000000007,0.5,40
1245,4.1,5.522231222415092,2.2164419818981984,12.22563887614145,10.009196894243251,True,0.04000000000000007,0.5,40
1246,3.74,3.893382572146149,1.4823735038747397,8.646087891289353,7.163714387414613,True,0.04050000000000007,0.5,40
1247,3.5,4.007835831187979,1.6025124508853832,8.63623428721674,7.033721836331356,True,0.04100000000000007,0.5,40
1248,3.26,3.6014694027688643,1.382445204916801,7.887306461832125,6.504861256915325,True,0.04150000000000007,0.5,40
1249,3.24,3.4053234499212355,1.2332074466237355,7.690135225800958,6.456927779177223,True,0.04200000000000007,0.5,40
1250,3.25,3.4414623781365563,1.2019742981869603,7.958591420728535,6.7566171225415745,True,0.04250000000000007,0.5,40
1251,8.85,3.420799406693268,1.168321314306799,8.013178658195082,6.844857343888283,False,0.03300000000000007,0.492,40
1252,8.89,11.92888387140374,5.52790765124981,24.606372989703775,19.078465338453967,True,0.03350000000000007,0.496,41
1253,6.8,7.786308260478835,3.5805253465119904,15.853790124083648,12.273264777571658,True,0.03400000000000007,0.5,40
1254,5.48,6.344384821518176,2.9315587423765668,12.719746273952575,9.788187531576009,True,0.03450000000000007,0.5,40
1255,5.35,5.320354681451868,2.427751412489683,10.653961589453735,8.226210176964052,True,0.03500000000000007,0.5,40
1256,9.45,5.522722999753629,2.5950144723665405,10.834699320002374,8.239684847635832,True,0.03550000000000007,0.5,40
1257,9.53,10.193818149906225,5.286302890453307,18.932473340325238,13.646170449871931,True,0.036000000000000074,0.5,40
1258,8.24,8.133812285811318,4.2159497822317,14.994503466393201,10.778553684161501,True,0.036500000000000074,0.5,40
1259,7.39,7.537343744499921,3.9460130732334786,13.736361819622573,9.790348746389094,True,0.037000000000000074,0.5,40
1260,7.23,6.906261469361088,3.6383653243113523,12.476508651500907,8.838143327189556,True,0.037500000000000075,0.5,40
1261,6.43,7.0190970232474506,3.7647781958604867,12.496098753164084,8.731320557303597,True,0.038000000000000075,0.5,40
1262,5.66,6.261083683925641,3.3583836379211114,11.096992978369256,7.738609340448145,True,0.038500000000000076,0.5,40
1263,5.07,5.6341046374600445,3.0171033120083752,9.955990155693838,6.938886843685463,True,0.039000000000000076,0.5,40
1264,4.53,5.149863599668599,2.7421116642409245,9.106812860754292,6.3647011965133675,True,0.03950000000000008,0.5,40
1265,4.04,4.702690359876553,2.477410422629188,8.35198132754225,5.874570904913062,True,0.04000000000000008,0.5,40
1266,3.65,4.288139314349191,2.2279759961327597,7.663142923450481,5.435166927317722,True,0.04050000000000008,0.5,40
1267,3.34,3.9609861605275016,2.0316052092918913,7.118268041469031,5.08666283217714,True,0.04100000000000008,0.5,40
1268,3.12,3.6814586197275627,1.864365367281546,6.651277682155871,4.786912314874325,True,0.04150000000000008,0.5,40
1269,2.91,3.472782823407857,1.7398771037530385,6.301709320454105,4.561832216701067,True,0.04200000000000008,0.5,40
1270,2.7,3.2499035332987045,1.607994198610243,5.9255062192889785,4.317512020678736,True,0.04250000000000008,0.5,40
1271,2.54,3.0154906013174285,1.472733319360489,5.52078598327729,4.048052663916801,True,0.04300000000000008,0.5,40
1272,2.39,2.8531435122354507,1.3797302867722903,5.238822528925853,3.859092242153563,True,0.04350000000000008,0.5,40
1273,2.25,2.6831403746604083,1.281698143241114,4.9453626938504724,3.6636645506093584,True,0.04400000000000008,0.5,40
1274,2.15,2.524469591957942,1.1905880085079459,4.670571488746978,3.479983480239032,True,0.04450000000000008,0.5,40
1275,2.08,2.41518601542481,1.1283418500656794,4.480085597900198,3.3517437478345182,True,0.04500000000000008,0.5,40
1276,1.98,2.328401690698754,1.0789281173629681,4.328831584950914,3.2499034675879455,True,0.04550000000000008,0.5,40
1277,1.89,2.1973716637396614,1.0013382604567873,4.108174743909599,3.1068364834528115,True,0.04600000000000008,0.5,40
1278,1.86,2.089697723084373,0.9382961626603858,3.925063673928028,2.986767511267642,True,0.04650000000000008,0.5,40
1279,1.83,2.0521926757380524,0.9194425839498317,3.853429952907881,2.933987368958049,True,0.04700000000000008,0.5,40
1280,1.76,2.0015313057046846,0.8923085875088401,3.7609519074188418,2.8686433199100017,True,0.047500000000000084,0.5,40
1281,1.66,1.9087615028505556,0.8380820692538744,3.6031097424827827,2.765027673228908,True,0.048000000000000084,0.5,40
1282,1.85,1.7952253621100107,0.7712229020117836,3.4112374654305713,2.640014563418788,True,0.048500000000000085,0.5,40
1283,1.62,2.04085808583999,0.9394952905520757,3.7676413256906383,2.8281460351385626,True,0.049000000000000085,0.5,40
1284,1.51,1.6982394931869322,0.7318825273792098,3.203804962228567,2.471922434849357,True,0.049500000000000086,0.5,40
1285,1.44,1.627461987953359,0.704782148374449,3.0495241604462633,2.3447420120718143,True,0.050000000000000086,0.5,40
1286,1.37,1.5449535145608735,0.6663882813336199,2.8867222386443636,2.2203339573107437,True,0.050500000000000086,0.5,40
1287,1.33,1.4666954095209652,0.6277483585862889,2.7380386294084844,2.110290270822196,True,0.05100000000000009,0.5,40
1288,1.28,1.4248507135437145,0.6109858209107799,2.6498775511563637,2.0388917302455836,True,0.05150000000000009,0.5,40
1289,1.24,1.3678478021131188,0.5831022259663565,2.5415926539737415,1.958490428007385,True,0.05200000000000009,0.5,40
1290,1.21,1.3126551495689256,0.4982442203500887,2.569761036406959,2.0715168160568704,True,0.05250000000000009,0.5,40
1291,1.17,1.2305965612600147,0.4717204684123763,2.380778568957736,1.9090581005453595,True,0.05300000000000009,0.5,40
1292,1.14,1.183442419639507,0.4052459472984756,2.3925881864640033,1.9873422391655278,True,0.05350000000000009,0.5,40
1293,1.12,1.1601839342797455,0.3632977453420854,2.4228726966385508,2.059574951296465,True,0.05400000000000009,0.5,40
1294,1.09,1.1408678901930802,0.37652749451686673,2.3296213417578127,1.9530938472409458,True,0.05450000000000009,0.5,40
1295,1.05,1.1056518262305315,0.2812757576750775,2.460433545822495,2.1791577881474176,True,0.05500000000000009,0.5,40
1296,1.01,1.0393157094191192,0.1927945343469159,2.4866093387665087,2.293814804419593,True,0.05550000000000009,0.5,40
1297,0.98,1.0001334607777372,0.12832067536493286,2.5455646149786584,2.4172439396137255,True,0.05600000000000009,0.5,40
1298,0.95,0.9752082081335722,0.09487588580443461,2.5633696166499633,2.4684937308455286,True,0.05650000000000009,0.5,40
1299,0.95,0.9424112278228767,0.07443732208964642,2.5115695447310373,2.4371322226413907,True,0.05700000000000009,0.5,40
1300,0.92,0.9593671915616131,0.09084637520498857,2.5193954700052132,2.428549094800225,True,0.05750000000000009,0.5,40
1301,0.89,0.9058687671941694,0.08080806175138737,2.3607593117692263,2.279951250017839,True,0.05800000000000009,0.5,40
1302,0.86,0.8866613951739297,0.04173562941206955,2.4168853589547763,2.3751497295427066,True,0.058500000000000094,0.5,40
1303,0.83,0.852624447973219,0.0008448296318900665,2.429320153944784,2.428475324312894,True,0.059000000000000094,0.5,40
1304,0.8,0.8244609858857919,0.0,2.4376678224323376,2.4376678224323376,True,0.059500000000000094,0.5,40
1305,0.78,0.7944139259175718,0.0,2.4001532697460917,2.4001532697460917,True,0.060000000000000095,0.5,40
1306,0.75,0.7783259125129547,0.0,2.3028780858659763,2.3028780858659763,True,0.060500000000000095,0.5,40
1307,0.73,0.7443887462667242,0.0,2.1773549575684243,2.1773549575684243,True,0.061000000000000096,0.5,40
1308,0.71,0.7286994314528095,0.0,2.0994576883979943,2.0994576883979943,True,0.061500000000000096,0.5,40
1309,0.71,0.7079148291637414,0.0,1.9949398840346992,1.9949398840346992,True,0.0620000000000001,0.5,40
1310,0.7,0.7131235639934499,0.002704233012752655,1.9268773870552658,1.924173154042513,True,0.0625000000000001,0.5,40
1311,0.71,0.6999033673906989,0.006738887525445229,1.8703286366229706,1.8635897490975253,True,0.0630000000000001,0.5,40
1312,0.69,0.7143561372744849,0.03480589025800603,1.8401625783922748,1.8053566881342689,True,0.0635000000000001,0.5,40
1313,0.66,0.6887516129062754,0.03963101488122141,1.7431674981525789,1.7035364832713575,True,0.0640000000000001,0.5,40
1314,0.64,0.6580823097576503,0.031521118426552065,1.665226040282005,1.633704921855453,True,0.0645000000000001,0.5,40
1315,0.62,0.6397545743434581,0.031114856634730837,1.60765815445213,1.5765432978173992,True,0.0650000000000001,0.5,40
1316,0.62,0.619826486680578,0.03163085232267727,1.5433883070135748,1.5117574546908974,True,0.0655000000000001,0.5,40
1317,0.63,0.6222519403985429,0.04794025963833586,1.5113085731004245,1.4633683134620887,True,0.0660000000000001,0.5,40
1318,0.62,0.6331874331241545,0.06918305149296056,1.4947095710039195,1.425526519510959,True,0.0665000000000001,0.5,40
1319,0.59,0.6208697821300386,0.0740818787223079,1.4460135699780459,1.371931691255738,True,0.0670000000000001,0.5,40
1320,0.58,0.5897043569383398,0.06525142408486737,1.3723600694922933,1.3071086454074259,True,0.0675000000000001,0.5,40
1321,0.57,0.5819575920030031,0.060913523260880405,1.3589008604620725,1.297987337201192,True,0.0680000000000001,0.5,40
1322,0.54,0.5619040043521175,0.0,1.4645096519359946,1.4645096519359946,True,0.0685000000000001,0.5,40
1323,0.52,0.5267296845669354,0.0,1.4156472044070578,1.4156472044070578,True,0.0690000000000001,0.5,40
1324,0.51,0.5168074591117016,0.0,1.448663994176139,1.448663994176139,True,0.0695000000000001,0.5,40
1325,0.5,0.506782843207672,0.0,1.490361045701547,1.490361045701547,True,0.0700000000000001,0.5,40
1326,0.5,0.49675418096031154,0.0,1.4832728782294895,1.4832728782294895,True,0.0705000000000001,0.5,40
1327,0.5,0.5028701162592342,0.0,1.5394611760979648,1.5394611760979648,True,0.0710000000000001,0.5,40
1328,0.49,0.49923417095151024,0.0,1.5204382009737443,1.5204382009737443,True,0.0715000000000001,0.5,40
1329,0.47,0.4854376784126888,0.0,1.5402486574032976,1.5402486574032976,True,0.0720000000000001,0.5,40
1330,0.45,0.4618069838065143,0.0,1.3851182637240118,1.3851182637240118,True,0.0725000000000001,0.5,40
1331,0.44,0.44394628698819166,0.0,1.3302756926016506,1.3302756926016506,True,0.0730000000000001,0.5,40
1332,0.43,0.43853655750884213,0.0,1.3769366144052646,1.3769366144052646,True,0.0735000000000001,0.5,40
1333,0.43,0.42587873220105465,0.0,1.2526976968497499,1.2526976968497499,True,0.07400000000000011,0.5,40
1334,0.44,0.43328620829205095,0.0,1.322076927532815,1.322076927532815,True,0.07450000000000011,0.5,40
1335,0.42,0.4447866347374752,0.0,1.2453609022898946,1.2453609022898946,True,0.07500000000000011,0.5,40
1336,0.41,0.40659051076916175,0.0,1.1798277174316159,1.1798277174316159,True,0.07550000000000011,0.5,40
1337,0.4,0.41247773372378893,0.0,1.166686011588661,1.166686011588661,True,0.07600000000000011,0.5,40
1338,0.39,0.39355036384141634,0.0,1.1574817411990894,1.1574817411990894,True,0.07650000000000011,0.5,40
1339,0.39,0.38894139778343934,0.0,1.1467012673240844,1.1467012673240844,True,0.07700000000000011,0.5,40
1340,0.39,0.39145581398200113,0.0,1.1493877077369872,1.1493877077369872,True,0.07750000000000011,0.5,40
1341,0.39,0.3899502364875469,0.0,1.1298503899750236,1.1298503899750236,True,0.07800000000000011,0.5,40
1342,0.4,0.3908759260595769,0.0,1.112543196786922,1.112543196786922,True,0.07850000000000011,0.5,40
1343,0.4,0.40594440256150777,0.0,1.0944575728360744,1.0944575728360744,True,0.07900000000000011,0.5,40
1344,0.39,0.39733540453649485,0.0,1.0513930421196291,1.0513930421196291,True,0.07950000000000011,0.5,40
1345,0.39,0.3866786526203529,0.0,0.9995343304451196,0.9995343304451196,True,0.08000000000000011,0.5,40
1346,0.39,0.3930951057808338,0.0,1.0010826877384833,1.0010826877384833,True,0.08050000000000011,0.5,40
1347,0.39,0.3891154353559243,0.0,0.972708227337892,0.972708227337892,True,0.08100000000000011,0.5,40
1348,0.39,0.3919149171400648,0.0,0.9985895354855558,0.9985895354855558,True,0.08150000000000011,0.5,40
1349,0.4,0.38961553837242524,0.0,1.0200482184664184,1.0200482184664184,True,0.08200000000000011,0.5,40
1350,0.41,0.4088952607605341,0.0,1.0580470159005482,1.0580470159005482,True,0.08250000000000011,0.5,40
1351,0.42,0.41202445202677557,0.0,1.0533876262864905,1.0533876262864905,True,0.08300000000000012,0.5,40
1352,0.43,0.4266681871866612,0.0,1.0528307432837543,1.0528307432837543,True,0.08350000000000012,0.5,40
1353,0.43,0.4332948575661437,0.002519285829265628,1.0491716995012665,1.046652413672001,True,0.08400000000000012,0.5,40
1354,0.42,0.4286126717052773,0.01159832288806533,1.0175341532102582,1.0059358303221928,True,0.08450000000000012,0.5,40
1355,0.44,0.4144815033207888,0.0022201824329427743,0.996325715951651,0.9941055335187082,True,0.08500000000000012,0.5,40
1356,0.43,0.45818865319786856,0.052994306448032324,1.0193026071408795,0.9663083006928472,True,0.08550000000000012,0.5,40
1357,0.42,0.42011392608443027,0.05994541928535484,0.902667369814822,0.8427219505294672,True,0.08600000000000012,0.5,40
1358,0.41,0.42115669072848383,0.08600034018811797,0.859747428120035,0.773747087931917,True,0.08650000000000012,0.5,40
1359,0.41,0.4070057696921719,0.10763524835261702,0.7872898491551363,0.6796546008025193,True,0.08700000000000012,0.5,40
1360,0.42,0.4123865788783755,0.13381613213750512,0.7593997753718988,0.6255836432343937,True,0.08750000000000012,0.5,40
1361,0.43,0.4243215400900471,0.17879854216906282,0.7209826590314272,0.5421841168623645,True,0.08800000000000012,0.5,40
1362,0.43,0.4331470323890507,0.2142667351848494,0.6914820746801349,0.4772153394952855,True,0.08850000000000012,0.5,40
1363,0.44,0.4297769443494927,0.23668461984140182,0.6530181404338464,0.4163335205924446,True,0.08900000000000012,0.5,40
1364,0.44,0.44391259431054,0.2734397502658188,0.6372062985888369,0.36376654832301814,True,0.08950000000000012,0.5,40
1365,0.43,0.439145636421535,0.29011905882978434,0.6053868429087419,0.31526778407895756,True,0.09000000000000012,0.5,40
1366,0.45,0.4275733905123632,0.2977405701211018,0.570395371941548,0.2726548018204462,True,0.09050000000000012,0.5,40
1367,0.52,0.4565387871993829,0.33996031107787694,0.5832597585742596,0.24329944749638266,True,0.09100000000000012,0.5,40
1368,0.5,0.547259251014234,0.43079248036880036,0.6732064381775682,0.24241395780876784,True,0.09150000000000012,0.5,40
1369,0.48,0.48450803715169527,0.38132427012905,0.5953995452219869,0.2140752750929369,True,0.09200000000000012,0.5,40
1370,0.47,0.47088519080149577,0.374033363018002,0.5745638372034256,0.20053047418542364,True,0.09250000000000012,0.5,40
1371,0.46,0.46196959394912124,0.370609321168026,0.5594196395879723,0.18881031841994628,True,0.09300000000000012,0.5,40
1372,0.47,0.4531293601803115,0.36676354804765815,0.5449526294685845,0.17818908142092632,True,0.09350000000000012,0.5,40
1373,0.48,0.46748897281009766,0.3848069324341655,0.5551076723264563,0.17030073989229078,True,0.09400000000000013,0.5,40
1374,0.49,0.47600367106952884,0.3979527617975656,0.5584123416369073,0.16045957983934173,True,0.09450000000000013,0.5,40
1375,0.48,0.4863681127209304,0.41309635264381767,0.5634391542941375,0.15034280165031982,True,0.09500000000000013,0.5,40
1376,0.47,0.4714126302914709,0.4038653334582539,0.5422099805313316,0.13834464707307775,True,0.09550000000000013,0.5,40
1377,0.47,0.46410622991778583,0.40190435071436753,0.5290679791326389,0.1271636284182714,True,0.09600000000000013,0.5,40
1378,0.46,0.4665779201559603,0.4089718963772176,0.5265391747126407,0.11756727833542308,True,0.09650000000000013,0.5,40
1379,0.46,0.45415981823964563,0.400779275325033,0.5095745734045771,0.10879529807954413,True,0.09700000000000013,0.5,40
1380,0.46,0.457792743132378,0.4075018471922893,0.5098805633319283,0.102378716139639,True,0.09750000000000013,0.5,40
1381,0.46,0.4568831569337374,0.4093450374449374,0.5060247679341892,0.09667973048925177,True,0.09800000000000013,0.5,40
1382,0.45,0.4571486598369687,0.4114563997912406,0.5043200889370119,0.09286368914577126,True,0.09850000000000013,0.5,40
1383,0.44,0.44570605380497036,0.40184731161111126,0.4909369777271066,0.08908966611599534,True,0.09900000000000013,0.5,40
1384,0.44,0.43743718980146756,0.39466721830826,0.4815187791756409,0.08685156086738088,True,0.09950000000000013,0.5,40
1385,0.43,0.44023900923223824,0.39705593594451055,0.4847568736121441,0.08770093766763354,True,0.10000000000000013,0.5,40
1386,0.45,0.42798031651977136,0.3868454972114114,0.4703352236915118,0.08348972648010039,True,0.10050000000000013,0.5,40
1387,0.45,0.45415725821145525,0.4134945882318815,0.49598969052590697,0.08249510229402546,True,0.10100000000000013,0.5,40
1388,0.44,0.4471243417638589,0.4081478355382392,0.48717968928668853,0.07903185374844934,True,0.10150000000000013,0.5,40
1389,0.52,0.43865430178941933,0.4017263080491108,0.4765551507253915,0.0748288426762807,False,0.09200000000000014,0.492,40
1390,0.87,0.5163919935700056,0.4765912484287188,0.5572655469887948,0.08067429856007602,False,0.08250000000000014,0.484,41
1391,0.54,1.0771574102682866,1.0081418795715313,1.1485448567772703,0.1404029772057389,False,0.07300000000000015,0.476,41
1392,0.63,0.4039355425275819,0.3494568599560666,0.46061357429120436,0.11115671433513774,False,0.06350000000000015,0.46799999999999997,42
1393,1.24,0.569809923385056,0.5109473791630035,0.6309655978378994,0.12001821867489593,False,0.05400000000000015,0.45999999999999996,43
1394,1.72,0.8994984684339529,0.8308459085636473,0.9707253432450738,0.1398794346814265,False,0.04450000000000015,0.45199999999999996,43
1395,0.71,1.65896307247188,1.5338340972831728,1.7902713237420649,0.2564372264588921,False,0.03500000000000015,0.44399999999999995,44
1396,0.67,0.3843976378171054,0.31853336109209174,0.4535520117641689,0.1350186506720772,False,0.025500000000000148,0.43599999999999994,44
1397,0.62,0.6696457280024302,0.5905672551541015,0.7526557572484909,0.1620885020943894,True,0.026000000000000148,0.43999999999999995,45
1398,0.57,0.5571463872622036,0.48354640402200394,0.6343977274928363,0.15085132347083235,True,0.02650000000000015,0.44399999999999995,45
1399,4.06,0.5566357492658689,0.483166266735221,0.6337445842982448,0.15057831756302376,False,0.017000000000000147,0.43599999999999994,44
1400,1.97,2.0911641415815025,1.6865361652666033,2.556734457453719,0.8701982921871156,True,0.017500000000000147,0.43999999999999995,45
1401,1.58,1.3702580083175242,1.054392607983829,1.7346881039972954,0.6802954960134664,True,0.018000000000000148,0.44399999999999995,45
1402,1.38,1.5060438611119862,1.1114776649227998,1.9743415893753684,0.8628639244525687,True,0.01850000000000015,0.44799999999999995,44
1403,22.37,1.330939316068414,0.9349441087993802,1.8079767629902226,0.8730326541908424,False,0.009000000000000149,0.43999999999999995,44
1404,21.51,4.895220629411013,3.2410810018776894,7.194520749319906,3.953439747442217,False,0.001,0.43199999999999994,45
1405,12.87,16.030307817677386,8.07629647422031,30.95481606276621,22.8785195885459,True,0.0015,0.43599999999999994,45
1406,8.55,9.231122317141816,3.5743582485474583,21.88318014916215,18.308821900614692,True,0.002,0.43999999999999995,45
1407,5.88,6.374615180374465,1.987654312019234,17.203226805665118,15.215572493645883,True,0.0025,0.44399999999999995,45
1408,4.52,4.594070276057538,1.1701018567511068,13.42034720910319,12.250245352352083,True,0.003,0.44799999999999995,44
1409,3.74,3.6929131118190703,0.7990782611388696,11.241509416684226,10.442431155545355,True,0.0035,0.45199999999999996,44
1410,3.27,3.163988797624005,0.607067519609821,9.78909410784924,9.182026588239419,True,0.004,0.45599999999999996,44
1411,2.91,2.8414072370947143,0.509188927325658,8.777708604947549,8.26851967762189,True,0.0045000000000000005,0.45999999999999996,44
1412,2.62,2.582894538027503,0.4431897231948432,7.894972756741414,7.451783033546571,True,0.005000000000000001,0.46399999999999997,43
1413,2.42,2.3734026414883984,0.4011208631527564,7.12195841263426,6.720837549481504,True,0.005500000000000001,0.46799999999999997,43
1414,2.25,2.231612367622345,0.3887987928491829,6.519677111142043,6.13087831829286,True,0.006000000000000002,0.472,43
1415,2.13,2.103250053543798,0.37909068814787084,5.982978695732448,5.603888007584577,True,0.006500000000000002,0.476,42
1416,2.04,2.0188841922618144,0.3859359581381038,5.575817383749649,5.189881425611545,True,0.007000000000000003,0.48,42
1417,1.94,1.9573586467582569,0.4002523714900176,5.245995610240735,4.8457432387507176,True,0.007500000000000003,0.484,42
1418,1.84,1.8784856506195613,0.4037565517479914,4.9025046974884585,4.498748145740467,True,0.008000000000000004,0.488,41
1419,1.76,1.8064309351485224,0.4091930087891703,4.589053128021123,4.179860119231953,True,0.008500000000000004,0.492,41
1420,1.69,1.7513840415513862,0.4210616706171373,4.327083476128167,3.90602180551103,True,0.009000000000000005,0.496,41
1421,2.85,1.695057200518554,0.42994404587771423,4.079452818455282,3.6495087725775677,True,0.009500000000000005,0.5,40
1422,3.13,2.688929139463263,0.9462193923623226,5.992119310589917,5.045899918227595,True,0.010000000000000005,0.5,40
1423,2.57,2.843955716051074,1.0148341583970342,6.3336038528933996,5.318769694496366,True,0.010500000000000006,0.5,40
1424,2.72,2.390773340811846,0.7895844734137427,5.424588511783652,4.635004038369909,True,0.011000000000000006,0.5,40
1425,2.87,2.5655585638910177,0.8873423807223495,5.736036875127449,4.8486944944051,True,0.011500000000000007,0.5,40
1426,4.56,2.6874228448171604,0.95371540617916,5.959604860295911,5.005889454116751,True,0.012000000000000007,0.5,40
1427,4.33,4.027555758203675,1.603691971186763,8.707875271561399,7.104183300374636,True,0.012500000000000008,0.5,40
1428,4.04,3.7106401852969153,1.4096888153086837,8.20871226789156,6.799023452582876,True,0.013000000000000008,0.5,40
1429,14.21,3.550467934903833,1.315061832596073,7.944365172038504,6.629303339442431,False,0.0035000000000000083,0.492,40
1430,8.25,10.660635301688815,3.9677766331683504,26.370476911372755,22.402700278204406,True,0.004000000000000009,0.496,41
1431,5.68,5.981665238652,1.7440770683062672,16.763221765009625,15.019144696703357,True,0.004500000000000009,0.5,40
1432,4.75,4.631126059508089,1.1244500010965917,13.926018819790231,12.801568818693639,True,0.00500000000000001,0.5,40
1433,4.12,4.159665777100985,0.9039121115888304,12.982867575316126,12.078955463727295,True,0.00550000000000001,0.5,40
1434,3.91,3.790282776667472,0.7512585043856732,12.103039341691343,11.35178083730567,True,0.0060000000000000105,0.5,40
1435,3.91,3.6759411780736357,0.7079041757347735,11.801904352390354,11.09400017665558,True,0.006500000000000011,0.5,40
1436,3.83,3.7175704834737022,0.7114879982671258,12.003580094675437,11.292092096408311,True,0.007000000000000011,0.5,40
1437,7.67,3.6926899740770525,0.6932393629595439,12.005449598285436,11.312210235325892,True,0.007500000000000012,0.5,40
1438,9.2,6.217323784521676,1.4756518135440846,20.040827440128503,18.56517562658442,True,0.008000000000000012,0.5,40
1439,21.13,6.921798255830422,1.580285365435497,23.320909790334852,21.740624424899355,True,0.008500000000000013,0.5,40
1440,18.82,14.915328203520126,3.630434725665811,53.70278425949336,50.07234953382755,True,0.009000000000000013,0.5,40
1441,14.6,11.651927869250514,2.4393181665782415,45.54157337469359,43.10225520811535,True,0.009500000000000014,0.5,40
1442,10.86,10.276117191618548,1.9263025422055589,42.45101611512854,40.52471357292298,True,0.010000000000000014,0.5,40
1443,8.35,10.091669918101095,1.7555970999176975,43.64554762950767,41.88995052958997,True,0.010500000000000015,0.5,40
1444,6.83,7.891801751620237,1.0095951577222815,38.34331653134044,37.33372137361816,True,0.011000000000000015,0.5,40
1445,5.86,6.509088813127217,0.5861647129187275,34.54890254724856,33.96273783432983,True,0.011500000000000015,0.5,40
1446,5.21,5.660338391889952,0.3427544492281563,32.03664904628122,31.693894597053063,True,0.012000000000000016,0.5,40
1447,4.91,5.092767364584494,0.19375604975778016,30.096650078948812,29.90289402919103,True,0.012500000000000016,0.5,40
1448,4.41,4.83862265763328,0.1209974118620046,29.409985052155623,29.28898764029362,True,0.013000000000000017,0.5,40
1449,7.21,4.386518958217211,0.023725271772423773,27.342161014545553,27.31843574277313,True,0.013500000000000017,0.5,40
1450,7.78,6.911840710455713,0.4720942715148156,41.52256437572474,41.05047010420993,True,0.014000000000000018,0.5,40
1451,6.36,7.231311702247611,0.5315357383166568,43.23957642283219,42.70804068451553,True,0.014500000000000018,0.5,40
1452,6.42,5.9788557167462795,0.22117052329610423,38.88339563233348,38.66222510903738,True,0.015000000000000019,0.5,40
1453,16.24,6.1263970593576795,0.23442178544172387,40.14115259999948,39.906730814557754,True,0.015500000000000019,0.5,40
1454,22.03,14.632849370411792,1.5246278740284587,95.80079268396351,94.27616480993505,True,0.016000000000000018,0.5,40
1455,26.83,18.788777953995126,1.9697478230340497,130.8616112368925,128.89186341385843,True,0.016500000000000018,0.5,40
1456,39.43,23.21175252293602,2.3756191527384485,172.65968544062233,170.2840662878839,True,0.01700000000000002,0.5,40
1457,31.84,35.660628604759566,3.699144224466222,285.00988296944246,281.3107387449762,True,0.01750000000000002,0.5,40
1458,20.68,26.717703503444774,2.365555019597339,227.27470744982563,224.9091524302283,True,0.01800000000000002,0.5,40
1459,20.44,17.105218998511994,1.1502878521694702,151.44422027188418,150.2939324197147,True,0.01850000000000002,0.5,40
1460,19.16,18.26264499576916,1.2413957506371056,164.54394382498572,163.3025480743486,True,0.01900000000000002,0.5,40
