step,true_value,prediction,lower_bound,upper_bound,width,covered,k_adap,t_adap,n_cal
80,7.72,7.981836783754947,6.666594965165057,9.522714761451672,2.856119796286615,True,0.202,0.404,48
81,7.93,7.451592752239625,6.230622930992648,8.878736691349388,2.6481137603567406,True,0.20400000000000001,0.40800000000000003,48
82,6.8,7.833299541123292,6.56085732681768,9.319885353007997,2.7590280261903173,True,0.20600000000000002,0.41200000000000003,47
83,6.26,6.4367977890456896,5.379835133943485,7.668869993348764,2.2890348594052794,True,0.20800000000000002,0.41600000000000004,47
84,7.77,6.083264678265908,5.09150938977513,7.2364870990080785,2.1449777092329487,False,0.2,0.40800000000000003,47
85,6.56,7.9520855045548355,6.71309288282735,9.390103697478663,2.6770108146513127,False,0.192,0.4,47
86,5.81,6.275730622165455,5.2752830517091285,7.435676231671884,2.160393179962756,True,0.194,0.404,48
87,5.28,5.629091975343064,4.712204522278603,6.693152485378476,1.9809479630998723,True,0.196,0.40800000000000003,48
88,4.96,5.140715435753895,4.281475761486714,6.139744224120305,1.8582684626335908,True,0.198,0.41200000000000003,47
89,4.77,4.866060523784751,4.053125048729716,5.809779242917445,1.7566541941877292,True,0.2,0.41600000000000004,47
90,4.68,4.701966253125082,3.944907796995393,5.574929298283857,1.6300215012884642,True,0.202,0.42000000000000004,47
91,4.66,4.631018901547365,3.9111850320477544,5.456359038128655,1.5451740060809005,True,0.20400000000000001,0.42400000000000004,46
92,5.41,4.619694820610359,3.9245377543418716,5.41298157353968,1.4884438191978084,True,0.20600000000000002,0.42800000000000005,46
93,5.14,5.451390711080058,4.673963649309484,6.335338165600554,1.6613745162910698,True,0.20800000000000002,0.43200000000000005,46
94,5.87,5.022359547387486,4.321335475837972,5.815735388736755,1.4943999128987828,False,0.2,0.42400000000000004,45
95,6.74,5.858955964576223,5.07947975897669,6.738372161619716,1.6588924026430263,False,0.192,0.41600000000000004,46
96,9.71,6.69909605985636,5.835451891502394,7.6718597511579,1.8364078596555062,False,0.184,0.40800000000000003,47
97,8.91,10.016450187445098,8.771777946942763,11.419661538709953,2.64788359176719,True,0.186,0.41200000000000003,47
98,9.37,8.420750601242052,7.369423594345754,9.604140284016799,2.2347166896710444,True,0.188,0.41600000000000004,47
99,9.16,9.151884776046856,8.028466575983146,10.415090662271101,2.3866240862879557,True,0.19,0.42000000000000004,47
100,16.07,8.853847339245666,7.7709185785728465,10.070483269833087,2.2995646912602403,False,0.182,0.41200000000000003,46
101,16.21,16.27524123917655,14.364357647561729,18.42378371536454,4.059426067802811,True,0.184,0.41600000000000004,47
102,13.27,15.601414853975424,13.769526420808349,17.660515395097658,3.890988974289309,False,0.176,0.40800000000000003,47
103,11.73,12.23332644391068,10.7715928845152,13.876570272954854,3.1049773884396537,True,0.178,0.41200000000000003,47
104,10.09,11.03216278142373,9.703454326807243,12.525814823732993,2.82236049692575,True,0.18,0.41600000000000004,47
105,8.49,9.480051054640468,8.318183751758909,10.78678946818782,2.468605716428911,True,0.182,0.42000000000000004,47
106,7.44,8.049925027877405,7.046097112200366,9.178990120068828,2.1328930078684625,True,0.184,0.42400000000000004,46
107,6.57,7.20115189157527,6.290160067296797,8.225982931487037,1.9358228641902402,True,0.186,0.42800000000000005,46
108,6.03,6.465391582660096,5.628228641719758,7.4082904339871956,1.7800617922674373,True,0.188,0.43200000000000005,46
109,5.76,6.034375205892364,5.241303135817038,6.928221632643966,1.6869184968269284,True,0.19,0.43600000000000005,45
110,5.08,5.863124051566717,5.0782152124868825,6.749391902153746,1.6711766896668632,True,0.192,0.44000000000000006,45
111,4.67,5.1939094977315,4.4765861567311065,6.005187861225523,1.5286017044944167,True,0.194,0.44400000000000006,45
112,4.41,4.854177165211644,4.174380362625103,5.623283925787521,1.4489035631624185,True,0.196,0.44800000000000006,44
113,4.05,4.6203823562194,3.969499469577146,5.356514981737228,1.3870155121600822,True,0.198,0.45200000000000007,44
114,3.74,4.235125772725302,3.634073508417078,4.914136192805953,1.2800626843888745,True,0.2,0.45600000000000007,44
115,3.49,3.920584988112794,3.3590456107454116,4.554462785513415,1.1954171747680036,True,0.202,0.4600000000000001,44
116,3.28,3.658958113639181,3.1297151869101922,4.256026074980843,1.126310888070651,True,0.20400000000000001,0.4640000000000001,43
117,3.14,3.4348700175401943,2.9334346798232263,4.000228470391396,1.0667937905681697,True,0.20600000000000002,0.4680000000000001,43
118,2.99,3.2904962203564248,2.807792907541678,3.834390489155372,1.0265975816136943,True,0.20800000000000002,0.4720000000000001,43
119,2.83,3.120799738914017,2.658407254533867,3.641634817225249,0.9832275626913822,True,0.21000000000000002,0.4760000000000001,42
120,2.72,2.941464005377013,2.500719880949312,3.4376982546429407,0.9369783736936288,True,0.21200000000000002,0.4800000000000001,42
121,2.61,2.824686673857225,2.395605068797915,3.3079886667620073,0.9123835979640922,True,0.21400000000000002,0.4840000000000001,42
122,2.52,2.7033765574046797,2.2918086469840127,3.1664019378830996,0.874593290899087,True,0.21600000000000003,0.4880000000000001,41
123,2.45,2.6043210345833057,2.207429432515204,3.0503245336101683,0.8428951010949643,True,0.21800000000000003,0.4920000000000001,41
124,2.37,2.5281153805196963,2.144446315272739,2.958597759421432,0.8141514441486932,True,0.22000000000000003,0.4960000000000001,41
125,2.28,2.439280478880207,2.066327491861327,2.8575951994045563,0.7912677075432293,True,0.22200000000000003,0.5,40
126,2.2,2.3401413631351216,1.9743519165447374,2.750916044489633,0.7765641279448956,True,0.22400000000000003,0.5,40
127,2.12,2.255529167948611,1.896882224111144,2.6585782035429917,0.7616959794318476,True,0.22600000000000003,0.5,40
128,2.04,2.16982559058087,1.8192933141707788,2.563940730890804,0.7446474167200252,True,0.22800000000000004,0.5,40
129,1.97,2.0856174487561856,1.7458391993376048,2.4674408619286403,0.7216016625910355,True,0.23000000000000004,0.5,40
130,1.92,2.0142616213353746,1.6813883753701542,2.3884584588016304,0.7070700834314763,True,0.23200000000000004,0.5,40
131,1.86,1.964341989987627,1.6361498356247282,2.3333930093246535,0.6972431736999254,True,0.23400000000000004,0.5,40
132,1.82,1.900489953226213,1.5779129223123936,2.263431396751703,0.6855184744393092,True,0.23600000000000004,0.5,40
133,1.85,1.861783125620112,1.54081703242031,2.223294929774083,0.6824778973537731,True,0.23800000000000004,0.5,40
134,1.91,1.9050850428938353,1.577385492661132,2.2744496818486137,0.6970641891874818,True,0.24000000000000005,0.5,40
135,1.87,1.966175705040492,1.6297044341099332,2.3456985503963517,0.7159941162864185,True,0.24200000000000005,0.5,40
136,2.05,1.8889238436033455,1.5603348383367832,2.259683401238835,0.6993485629020517,True,0.24400000000000005,0.5,40
137,1.83,2.1480773552863623,1.7874739961445605,2.555330398982785,0.7678564028382246,True,0.24600000000000005,0.5,40
138,1.88,1.7581995385944902,1.438549515189587,2.119749936310559,0.6812004211209719,True,0.24800000000000005,0.5,40
139,1.83,2.3888317320699284,1.9000794836622719,2.9599537091933925,1.0598742255311207,False,0.24000000000000005,0.492,40
140,1.78,1.7347690245655127,1.3324903554191838,2.2064276708998114,0.8739373154806276,True,0.24200000000000005,0.496,41
141,1.69,1.8134046788370544,1.394423709857095,2.305699761624324,0.9112760517672291,True,0.24400000000000005,0.5,40
142,1.63,1.644609198097347,1.2468035115359446,2.1128479970551277,0.8660444855191831,True,0.24600000000000005,0.5,40
143,1.6,1.6302064194253951,1.2349750798741983,2.095330176646066,0.8603550967718676,True,0.24800000000000005,0.5,40
144,1.63,1.5954329410643155,1.2066042455191024,2.0527776628912706,0.8461734173721682,True,0.25000000000000006,0.5,40
145,1.67,1.6508180395171133,1.257841262030599,2.1121923391149906,0.8543510770843916,True,0.25200000000000006,0.5,40
146,1.55,1.6847690730867697,1.2912211017996347,2.145914189661441,0.8546930878618064,True,0.25400000000000006,0.5,40
147,1.48,1.5142234866195676,1.1514682936065967,1.9381421792057925,0.7866738855991957,True,0.25600000000000006,0.5,40
148,1.45,1.4749935980303674,1.1221942051164855,1.886443330927424,0.7642491258109385,True,0.25800000000000006,0.5,40
149,1.4,1.4475311209138226,1.102879733117895,1.8486691338072014,0.7457894006893064,True,0.26000000000000006,0.5,40
150,1.36,1.3915453191446958,1.0604533514588863,1.7758400885287067,0.7153867370698204,True,0.26200000000000007,0.5,40
151,1.32,1.3561491188476977,1.0364189676625783,1.7260788464462093,0.689659878783631,True,0.26400000000000007,0.5,40
152,1.29,1.3154256707141685,1.0052456406979862,1.6735856833659701,0.668340042667984,True,0.26600000000000007,0.5,40
153,1.24,1.2884759077721193,0.9870629900372319,1.6356094430379868,0.648546453000755,True,0.26800000000000007,0.5,40
154,1.21,1.234719858638416,0.944518107407635,1.568231598136515,0.6237134907288799,True,0.2700000000000001,0.5,40
155,1.21,1.2094387836764557,0.9269576945345972,1.5333300013069122,0.606372306772315,True,0.2720000000000001,0.5,40
156,1.26,1.213558981924813,0.9351093985530523,1.5320756387849679,0.5969662402319156,True,0.2740000000000001,0.5,40
157,1.5,1.2699380831040679,0.9904879769912291,1.5886209616371243,0.5981329846458951,True,0.2760000000000001,0.5,40
158,1.67,1.5441398673716331,1.237004195222664,1.8934445802885431,0.6564403850658791,True,0.2780000000000001,0.5,40
159,1.34,1.7026565457316467,1.3821460664933465,2.0662907312558443,0.6841446647624978,False,0.2700000000000001,0.492,40
160,1.23,1.3238717568933729,1.0574845918418037,1.6247486683010441,0.5672640764592405,True,0.2720000000000001,0.496,41
161,1.18,1.2325485283689068,0.9821818736922185,1.514538649391413,0.5323567756991945,True,0.2740000000000001,0.5,40
162,1.14,1.1842627687925362,0.9444623457514529,1.4536365301995309,0.5091741844480779,True,0.2760000000000001,0.5,40
163,1.09,1.1459059851175404,0.9181032623930825,1.4007636018605463,0.4826603394674638,True,0.2780000000000001,0.5,40
164,1.08,1.0939187843830056,0.8785448105540383,1.33398524802764,0.45544043747360163,True,0.2800000000000001,0.5,40
165,1.07,1.0921480120745137,0.8844094620452005,1.3227877977627926,0.4383783357175921,True,0.2820000000000001,0.5,40
166,1.05,1.0812392471827943,0.8820775326650914,1.3014762829033724,0.419398750238281,True,0.2840000000000001,0.5,40
167,1.02,1.060060223948775,0.8700094712410251,1.2694260064252312,0.39941653518420606,True,0.2860000000000001,0.5,40
168,1.0,1.028854012735791,0.8480939214179173,1.2272940553995233,0.379200133981606,True,0.2880000000000001,0.5,40
169,0.99,1.0125787478699442,0.8412807926501049,1.1998128870654314,0.3585320944153265,True,0.2900000000000001,0.5,40
170,0.98,1.0020698708122278,0.8370644611035982,1.1818960915536705,0.34483163045007226,True,0.2920000000000001,0.5,40
171,0.96,0.9918760023616329,0.837294413310059,1.1594633827009835,0.32216896939092443,True,0.2940000000000001,0.5,40
172,0.94,0.970227315505706,0.8233513822040299,1.1289345063443479,0.30558312414031796,True,0.2960000000000001,0.5,40
173,0.94,0.9497102644351423,0.8134693706157465,1.0961865564638864,0.2827171858481399,True,0.2980000000000001,0.5,40
174,0.93,0.9517244005277801,0.8231607794730349,1.0893539278069264,0.2661931483338915,True,0.3000000000000001,0.5,40
175,0.91,0.940319609823036,0.8238294243708473,1.0642501639442226,0.24042073957337529,True,0.3020000000000001,0.5,40
176,0.91,0.9130359400833041,0.8035393099641603,1.0291803388101015,0.22564102884594117,True,0.3040000000000001,0.5,40
177,0.96,0.9246934412109387,0.8244357126786321,1.03046060592705,0.20602489324841788,True,0.3060000000000001,0.5,40
178,0.93,0.9943710054775992,0.8998338487705562,1.0936124019812095,0.1937785532106533,True,0.3080000000000001,0.5,40
179,0.86,0.9146026486582166,0.8286314725555042,1.004615668747216,0.1759841961917119,True,0.3100000000000001,0.5,40
180,0.83,0.8496034599488669,0.7723096236873093,0.930268229282265,0.15795860559495578,True,0.3120000000000001,0.5,40
181,0.81,0.8374948948618288,0.7660487753362759,0.9118313920862013,0.14578261674992543,True,0.3140000000000001,0.5,40
182,0.84,0.8142374673999433,0.7467096201427803,0.8843759432942886,0.13766632315150829,True,0.3160000000000001,0.5,40
183,0.94,0.8718388944921529,0.8049037122999656,0.9412563800806761,0.13635266778071053,True,0.3180000000000001,0.5,40
184,0.85,0.994610651110077,0.9258841520778025,1.0657897024748153,0.1399055503970128,False,0.3100000000000001,0.492,40
185,0.81,0.8070036910006693,0.7469211233878712,0.8691527027606107,0.12223157937273954,True,0.3120000000000001,0.496,41
186,0.79,0.8327129866013141,0.7741777714465274,0.8931794464534253,0.11900167500689784,True,0.3140000000000001,0.5,40
187,0.78,0.7933054414881353,0.7379665497584655,0.8504063883841106,0.1124398386256451,True,0.3160000000000001,0.5,40
188,0.77,0.7959959568002932,0.7416886769683608,0.8519965821087996,0.11030790514043876,True,0.3180000000000001,0.5,40
189,0.75,0.7806641243508854,0.7283184438642816,0.8345952014843474,0.10627675762006583,True,0.3200000000000001,0.5,40
190,0.92,0.7589420922460348,0.7087024563700273,0.8106588846647418,0.10195642829471452,False,0.3120000000000001,0.492,40
191,1.02,1.0116909117861272,0.9510028674841517,1.0742667230322631,0.12326385554811137,True,0.3140000000000001,0.496,41
192,0.81,1.0273291765280335,0.9632089257308301,1.0935436550502686,0.13033472931943857,False,0.3060000000000001,0.488,40
193,0.75,0.7352292461382677,0.673911911328599,0.7987927060413271,0.12488079471272817,True,0.3080000000000001,0.492,41
194,0.71,0.8044129834912426,0.734955419983218,0.8766512254379777,0.14169580545475968,False,0.3000000000000001,0.484,41
195,0.78,0.712127576010265,0.6440887515505804,0.7829821132041255,0.13889336165354504,True,0.3020000000000001,0.488,41
196,0.91,0.8165589286823121,0.7471655211571604,0.8887084832064973,0.14154296204933692,False,0.2940000000000001,0.48,41
197,0.78,0.9525179588625452,0.87431545490541,1.0339833242601921,0.15966786935478217,False,0.2860000000000001,0.472,42
198,1.07,0.7219567916053327,0.6417011207184034,0.8061358153049178,0.1644346945865145,False,0.2780000000000001,0.46399999999999997,42
199,0.8,1.011653850587606,0.9038507853424178,1.1255611236655358,0.22171033832311804,False,0.2700000000000001,0.45599999999999996,43
200,0.73,0.8749579230841014,0.7699455538001521,0.9862007652088405,0.21625521140868842,False,0.26200000000000007,0.44799999999999995,44
201,0.69,0.7998380145601025,0.6726922464865943,0.9366484692326895,0.2639562227460952,True,0.26400000000000007,0.45199999999999996,44
202,0.66,0.7638023412362058,0.6137488335555006,0.9278084880755557,0.31405965452005513,True,0.26600000000000007,0.45599999999999996,44
203,0.65,0.7352722229848483,0.5691501808672692,0.9189811941381567,0.3498310132708875,True,0.26800000000000007,0.45999999999999996,44
204,0.64,0.7127976741296156,0.5416123832023743,0.9029918963220371,0.3613795131196629,True,0.2700000000000001,0.46399999999999997,43
205,0.61,0.697539393735009,0.5242928999258969,0.8904765569808217,0.36618365705492484,True,0.2720000000000001,0.46799999999999997,43
206,0.61,0.6661740176983728,0.4971437868877477,0.8542880660942724,0.35714427920652475,True,0.2740000000000001,0.472,43
207,0.6,0.6537622811408068,0.49058345025303185,0.8348048088550699,0.34422135860203806,True,0.2760000000000001,0.476,42
208,0.6,0.6407203906484589,0.4846412245963887,0.8132080368585093,0.3285668122621206,True,0.2780000000000001,0.48,42
209,0.58,0.6358133754034103,0.485637745604845,0.8011695025016141,0.3155317568967691,True,0.2800000000000001,0.484,42
210,0.57,0.6154783596882538,0.4741453630600267,0.7703615912094977,0.29621622814947096,True,0.2820000000000001,0.488,41
211,0.56,0.6022857401002688,0.47035169664706905,0.7460581701528137,0.2757064735057447,True,0.2840000000000001,0.492,41
212,0.55,0.589853206775784,0.4666428846296892,0.7234142309519627,0.25677134632227344,True,0.2860000000000001,0.496,41
213,0.65,0.5770925160777791,0.463431779172545,0.6995809710206424,0.2361491918480974,True,0.2880000000000001,0.5,40
214,0.61,0.6481841463199522,0.5354239581480797,0.7692253437655707,0.23380138561749098,True,0.2900000000000001,0.5,40
215,0.55,0.6348419503671185,0.528529445659196,0.7485487180310926,0.22001927237189656,True,0.2920000000000001,0.5,40
216,0.53,0.5899110256343003,0.4937554122226254,0.6922563418011389,0.1985009295785135,True,0.2940000000000001,0.5,40
217,0.53,0.5616914123625518,0.4751133924823952,0.6533509083953686,0.17823751591297338,True,0.2960000000000001,0.5,40
218,0.52,0.5543334897979375,0.4739572057973918,0.6390927687757635,0.16513556297837167,True,0.2980000000000001,0.5,40
219,0.53,0.5454517230191875,0.4693690101443074,0.6254739358824557,0.15610492573814833,True,0.3000000000000001,0.5,40
220,0.54,0.5482242186211639,0.4766622932175748,0.6232541740482667,0.14659188083069186,True,0.3020000000000001,0.5,40
221,0.77,0.555774374530895,0.4884170225313318,0.6261799400349481,0.13776291750361636,False,0.2940000000000001,0.492,40
222,0.61,0.7229483576073754,0.6499620508182677,0.7991632240933997,0.14920117327513194,False,0.2860000000000001,0.484,41
223,0.57,0.6468156220354071,0.5790399673448425,0.7175003477208362,0.13846038037599362,False,0.2780000000000001,0.476,41
224,0.53,0.6089110099908768,0.5430177116814554,0.6776182272392859,0.13460051555783048,False,0.2700000000000001,0.46799999999999997,42
225,0.51,0.5696742149237852,0.5045820935760112,0.6375823901642936,0.13300029658828239,True,0.2720000000000001,0.472,43
226,0.5,0.5445093432325874,0.4804397836110868,0.6113516657286984,0.13091188211761157,True,0.2740000000000001,0.476,42
227,0.5,0.5301604580457899,0.4675188224127366,0.5954759772807807,0.1279571548680441,True,0.2760000000000001,0.48,42
228,0.51,0.5199163799034205,0.46146952014482706,0.5807006373077084,0.11923111716288132,True,0.2780000000000001,0.484,42
229,0.5,0.5243072018618253,0.4689528031576938,0.5817475147282836,0.11279471157058979,True,0.2800000000000001,0.488,41
230,0.5,0.5184556666563724,0.4661639071080205,0.5726124483236061,0.10644854121558561,True,0.2820000000000001,0.492,41
231,0.48,0.5172841992954131,0.4647527739958294,0.5716995948410324,0.10694682084520296,True,0.2840000000000001,0.496,41
232,0.48,0.5036279801986139,0.45080896990801306,0.5583699506486459,0.10756098074063286,True,0.2860000000000001,0.5,40
233,0.54,0.49940714526445756,0.44725589887906864,0.553437639474406,0.10618174059533741,True,0.2880000000000001,0.5,40
234,0.51,0.5366109876408522,0.48412314236407894,0.59095513029832,0.10683198793424109,True,0.2900000000000001,0.5,40
235,0.48,0.5255197652114125,0.4734003156007365,0.5794828665431837,0.10608255094244723,True,0.2920000000000001,0.5,40
236,0.47,0.502902474204385,0.45208406067246776,0.5554993737233358,0.10341531305086804,True,0.2940000000000001,0.5,40
237,0.46,0.4907858008228298,0.4427825974658305,0.5403861315201373,0.09760353405430677,True,0.2960000000000001,0.5,40
238,0.45,0.4702530323362166,0.42314007715328095,0.5189256586869471,0.09578558153366612,True,0.2980000000000001,0.5,40
239,0.45,0.4649900639492328,0.41845469491302695,0.5130521229665159,0.09459742805348897,True,0.3000000000000001,0.5,40
240,0.45,0.46610338002327667,0.4187069340432498,0.515083255982838,0.09637632193958817,True,0.3020000000000001,0.5,40
241,0.5,0.4671157400760972,0.4173043369148109,0.5186777735150678,0.10137343660025694,True,0.3040000000000001,0.5,40
242,0.48,0.5055284246744858,0.4496497777758347,0.563560987109905,0.11391120933407028,True,0.3060000000000001,0.5,40
243,0.46,0.49639184398194164,0.43737389863005494,0.5578330404286742,0.12045914179861927,True,0.3080000000000001,0.5,40
244,0.44,0.4814510690349828,0.4199122592705226,0.5456569626861416,0.125744703415619,True,0.3100000000000001,0.5,40
245,0.44,0.46483166288853933,0.4005571162444311,0.5320559052632889,0.13149878901885786,True,0.3120000000000001,0.5,40
246,0.44,0.4612855106863803,0.39440419305607444,0.5313747293472777,0.13697053629120326,True,0.3140000000000001,0.5,40
247,0.44,0.46002488375542244,0.39098423207005273,0.5324923259645402,0.14150809389448749,True,0.3160000000000001,0.5,40
248,0.44,0.4588333044513221,0.3883906855302744,0.5328499624466527,0.14445927691637833,True,0.3180000000000001,0.5,40
249,0.45,0.45789742655947435,0.3860634442629568,0.5334542694753486,0.14739082521239177,True,0.3200000000000001,0.5,40
250,0.54,0.46434557462402015,0.39025228855720234,0.5423876511984058,0.15213536264120348,True,0.3220000000000001,0.5,40
251,0.81,0.5252642071910485,0.4447021704847598,0.6103186866241916,0.16561651613943185,False,0.3140000000000001,0.492,40
252,0.96,0.7617982831033487,0.6677759032565513,0.8611212599277098,0.19334535667115849,False,0.3060000000000001,0.484,41
253,0.64,0.9054287412826632,0.809034801579751,1.0069590065019969,0.19792420492224583,False,0.2980000000000001,0.476,41
254,0.55,0.5176700875136304,0.4367650080271336,0.6031309794330209,0.16636597140588727,True,0.3000000000000001,0.48,42
255,1.04,0.5461834958016256,0.4610098541140906,0.6363225723340307,0.17531271821994004,False,0.2920000000000001,0.472,42
256,0.7,1.0038311326971248,0.8891963241129428,1.1254218829012457,0.23622555878830287,False,0.2840000000000001,0.46399999999999997,42
257,1.48,0.7047764188911358,0.6146474858306801,0.7999363105019262,0.18528882467124608,False,0.2760000000000001,0.45599999999999996,43
258,1.45,1.0581066179318968,0.9502713084673442,1.171904407548226,0.2216330990808817,False,0.26800000000000007,0.44799999999999995,44
259,1.3,1.3131563784116675,1.192255350898067,1.4407249952860863,0.24846964438801944,True,0.2700000000000001,0.45199999999999996,44
260,2.38,1.2670480629603769,1.148958786557913,1.3916265644184755,0.2426677778605626,False,0.26200000000000007,0.44399999999999995,44
261,1.62,1.9395171382924628,1.7862313304511765,2.101236035887912,0.3150047054367353,False,0.25400000000000006,0.43599999999999994,44
262,1.26,1.675388482762255,1.5328774919360475,1.8259177778968732,0.29304028596082565,False,0.24600000000000005,0.42799999999999994,45
263,1.07,1.3499908993778793,1.2238624860678677,1.4832728020532469,0.2594103159853791,False,0.23800000000000004,0.41999999999999993,46
264,1.07,1.097976060442336,0.9866840699643862,1.2155025133251542,0.22881844336076806,True,0.24000000000000005,0.42399999999999993,46
265,1.09,1.042237933106445,0.9354623896065364,1.1549040672739506,0.21944167766741418,True,0.24200000000000005,0.42799999999999994,46
266,0.98,1.042599202755376,0.9368741464664638,1.1540953038732393,0.2172211574067755,True,0.24400000000000005,0.43199999999999994,46
267,0.92,0.9722262089379687,0.8711229967873746,1.0787923754345456,0.20766937864717105,True,0.24600000000000005,0.43599999999999994,45
268,0.92,0.9148894494882769,0.8174905751819985,1.0175079055880838,0.20001733040608527,True,0.24800000000000005,0.43999999999999995,45
269,0.89,0.8998164556467227,0.8037885202489266,1.0009566113925508,0.1971680911436242,True,0.25000000000000006,0.44399999999999995,45
270,0.89,0.8769826045385769,0.7828699375886279,0.9760632132848923,0.19319327569626443,True,0.25200000000000006,0.44799999999999995,44
271,0.9,0.8709963587553151,0.7778144968949885,0.969062228140005,0.19124773124501648,True,0.25400000000000006,0.45199999999999996,44
272,0.83,0.8763109370196678,0.7855493782860017,0.971686011707551,0.1861366334215493,True,0.25600000000000006,0.45599999999999996,44
273,0.77,0.8336230389534987,0.7467789922996222,0.9247846830094895,0.17800569070986727,True,0.25800000000000006,0.45999999999999996,44
274,0.74,0.7834542559067101,0.7006575992571284,0.8702818746707959,0.16962427541366742,True,0.26000000000000006,0.46399999999999997,43
275,0.73,0.7512507454912312,0.67180153855091,0.834475625762322,0.16267408721141208,True,0.26200000000000007,0.46799999999999997,43
276,0.78,0.7371369560944006,0.6597470782247008,0.8181353314727045,0.15838825324800365,True,0.26400000000000007,0.472,43
277,0.87,0.7649930244379213,0.6876947732200616,0.8458316194052251,0.15813684618516355,False,0.25600000000000006,0.46399999999999997,42
278,0.78,0.8335075620432819,0.7535154776109105,0.9171487352082794,0.1636332575973689,True,0.25800000000000006,0.46799999999999997,43
279,0.78,0.7938455787435583,0.7164287516330148,0.8747541704345785,0.1583254188015637,True,0.26000000000000006,0.472,43
280,1.57,0.7835234315392656,0.7073199684322211,0.8631281128695345,0.1558081444373134,False,0.25200000000000006,0.46399999999999997,42
281,1.66,1.2453480460933455,1.1451159477299404,1.3502635619442587,0.20514761421431826,False,0.24400000000000005,0.45599999999999996,43
282,1.36,1.4572051091430596,1.33964685128264,1.5806702174256277,0.2410233661429877,True,0.24600000000000005,0.45999999999999996,44
283,1.19,1.2825510784378062,1.1667221149379947,1.40457204445282,0.2378499295148253,True,0.24800000000000005,0.46399999999999997,43
284,1.06,1.1389205943166805,1.02241754806139,1.2621348955251195,0.23971734746372952,True,0.25000000000000006,0.46799999999999997,43
285,0.97,1.0363640994042824,0.9166302530803692,1.1635778412022844,0.2469475881219152,True,0.25200000000000006,0.472,43
286,0.9,0.9679599732879167,0.8450387796380117,1.0990704906610236,0.2540317110230119,True,0.25400000000000006,0.476,42
287,0.85,0.9217874215770434,0.7927468971304128,1.0601161824033407,0.2673692852729279,True,0.25600000000000006,0.48,42
288,1.02,0.8968431686368832,0.7585241918152106,1.046041802069504,0.28751761025429334,True,0.25800000000000006,0.484,42
289,1.86,0.9954098290848064,0.8393287994664824,1.164735520458974,0.32540672099249157,False,0.25000000000000006,0.476,41
290,4.44,1.5027688308771685,1.2840835193183002,1.7423917592469458,0.45830823992864556,False,0.24200000000000005,0.46799999999999997,42
291,13.62,3.7969797443887305,3.3663468187398635,4.270084036686026,0.9037372179461629,False,0.23400000000000004,0.45999999999999996,43
292,6.65,19.826896554562403,17.675505786693073,22.226124371073876,4.550618584380803,False,0.22600000000000003,0.45199999999999996,43
293,4.27,3.0052128862113365,2.5738627277243356,3.4886251896104445,0.914762461886109,False,0.21800000000000003,0.44399999999999995,44
294,5.37,3.5087940538314104,3.014097533606548,4.064456867245147,1.0503593336385988,False,0.21000000000000002,0.43599999999999994,44
295,4.37,4.861020035600346,4.187729558706649,5.621693646318921,1.4339640876122717,True,0.21200000000000002,0.43999999999999995,45
296,3.44,3.3138876144021445,2.7954642480722813,3.9031225519102355,1.1076583038379542,True,0.21400000000000002,0.44399999999999995,45
297,2.9,2.9419806210917527,2.451646508852183,3.5019706326272564,1.0503241237750736,True,0.21600000000000003,0.44799999999999995,44
298,2.5,2.5075123503839047,2.033463290203087,3.055642581147562,1.0221792909444747,True,0.21800000000000003,0.45199999999999996,44
299,2.21,2.2447419520372764,1.8119645358027396,2.7441262865376492,0.9321617507349096,True,0.22000000000000003,0.45599999999999996,44
300,2.01,2.029160262081059,1.6139865418227064,2.5102751091338025,0.8962885673110961,True,0.22200000000000003,0.45999999999999996,44
301,1.82,1.8939877589998848,1.5019812607117347,2.3474132203766813,0.8454319596649467,True,0.22400000000000003,0.46399999999999997,43
302,1.69,1.7321886671901283,1.365570318694766,2.155625877670379,0.7900555589756131,True,0.22600000000000003,0.46799999999999997,43
303,1.61,1.6525161519767297,1.2999972223972551,2.0590654058112636,0.7590681834140085,True,0.22800000000000004,0.472,43
304,1.52,1.5919088686492677,1.2496096485332187,1.9862921275088619,0.7366824789756432,True,0.23000000000000004,0.476,42
305,1.46,1.5095223168835106,1.1797611571894802,1.8891707874345522,0.7094096302450721,True,0.23200000000000004,0.48,42
306,1.39,1.477820004055304,1.153714531480349,1.8506990516875037,0.6969845202071547,True,0.23400000000000004,0.484,42
307,1.32,1.4051250993831332,1.0905377157051324,1.7670520843636583,0.676514368658526,True,0.23600000000000004,0.488,41
308,1.27,1.3529293829559057,1.0455657861031287,1.7064769653407486,0.6609111792376199,True,0.23800000000000004,0.492,41
309,1.22,1.3174018653178052,1.016224373013881,1.6635683395448515,0.6473439665309706,True,0.24000000000000005,0.496,41
310,1.17,1.2697062150087595,0.9726193760932811,1.6115358922672276,0.6389165161739465,True,0.24200000000000005,0.5,40
311,1.13,1.2305889668569736,0.9401481680810151,1.5645088457266203,0.6243606776456052,True,0.24400000000000005,0.5,40
312,1.14,1.1999205045570451,0.9145458476062309,1.5278319829329603,0.6132861353267294,True,0.24600000000000005,0.5,40
313,1.13,1.2295641826880606,0.9415092105561356,1.560356869644504,0.6188476590883685,True,0.24800000000000005,0.5,40
314,1.08,1.2040467737414544,0.9200624598809513,1.5300334141949268,0.6099709543139755,True,0.25000000000000006,0.5,40
315,1.07,1.1550525616424543,0.8788563408023937,1.4718502647511125,0.5929939239487187,True,0.25200000000000006,0.5,40
316,1.04,1.172221334046517,0.8927472857636574,1.4929611890491032,0.6002139032854459,True,0.25400000000000006,0.5,40
317,1.02,1.1298595542657712,0.8584006705054752,1.4409707728222783,0.5825701023168031,True,0.25600000000000006,0.5,40
318,1.31,1.131851496501652,0.8555423989127577,1.4493058233534963,0.5937634244407386,True,0.25800000000000006,0.5,40
319,1.32,1.520388054804851,1.1906246690227547,1.8997920258228391,0.7091673568000845,True,0.26000000000000006,0.5,40
320,1.3,1.3379823573881873,1.0300156930825857,1.692669579887848,0.6626538868052623,True,0.26200000000000007,0.5,40
321,1.43,1.4114081791312438,1.0920077759120255,1.7795735146567604,0.6875657387447349,True,0.26400000000000007,0.5,40
322,2.79,1.5361597532462548,1.1966282114541027,1.9281724874726254,0.7315442760185227,False,0.25600000000000006,0.492,40
323,2.35,3.278400706771917,2.677811859348282,3.9770660674714566,1.2992542081231746,False,0.24800000000000005,0.484,41
324,2.04,1.8707443324752457,1.4659672667325396,2.341963672274725,0.8759964055421854,True,0.25000000000000006,0.488,41
325,1.8,2.0562732252176703,1.6246641509555815,2.5588576251866906,0.9341934742311091,True,0.25200000000000006,0.492,41
326,1.66,1.7129274758448245,1.3296618172065524,2.159246305551318,0.8295844883447656,True,0.25400000000000006,0.496,41
327,1.67,1.7011952828991768,1.3189727923921084,2.1464172327913307,0.8274444403992223,True,0.25600000000000006,0.5,40
328,1.71,1.7214180393632033,1.3358174562854321,2.170674200178787,0.8348567438933547,True,0.25800000000000006,0.5,40
329,1.61,1.8031616619971471,1.3978665966400343,2.2769609928680286,0.8790943962279942,True,0.26000000000000006,0.5,40
330,1.55,1.6975239582966295,1.3102806806810738,2.149675953416688,0.8393952727356142,True,0.26200000000000007,0.5,40
331,1.47,1.5821968517352598,1.190853559818542,2.0434442097826677,0.8525906499641258,True,0.26400000000000007,0.5,40
332,1.4,1.498906680799474,1.113542977795687,1.954534005197738,0.8409910274020511,True,0.26600000000000007,0.5,40
333,1.36,1.4215312884583051,1.0423533560313971,1.8711063948193671,0.82875303878797,True,0.26800000000000007,0.5,40
334,1.33,1.3788917761432393,0.9908437712355533,1.8425766824936645,0.8517329112581111,True,0.2700000000000001,0.5,40
335,1.28,1.3535445517553133,0.9761239101468939,1.803048902275246,0.8269249921283521,True,0.2720000000000001,0.5,40
336,1.24,1.306698975018262,0.9432103945292747,1.738180166352615,0.7949697718233404,True,0.2740000000000001,0.5,40
337,1.23,1.276286464880131,0.9374660268187647,1.674359187966898,0.7368931611481333,True,0.2760000000000001,0.5,40
338,1.18,1.274693019396671,0.953452919912638,1.648760192655856,0.6953072727432179,True,0.2780000000000001,0.5,40
339,1.15,1.2264739347352784,0.9289419723636185,1.5698990706191807,0.6409570982555621,True,0.2800000000000001,0.5,40
340,1.47,1.2040427215375544,0.9242295777531673,1.524545082627251,0.6003155048740838,True,0.2820000000000001,0.5,40
341,1.33,1.5070547063106092,1.2029890753039192,1.853088728806822,0.6500996535029029,True,0.2840000000000001,0.5,40
342,1.25,1.3367231439227467,1.0652458493944583,1.6438862244633916,0.5786403750689333,True,0.2860000000000001,0.5,40
343,1.25,1.281307822808198,1.0263811772310518,1.5683052334296677,0.5419240561986158,True,0.2880000000000001,0.5,40
344,1.51,1.2847333070817792,1.0382623205016692,1.5610080861447044,0.5227457656430352,True,0.2900000000000001,0.5,40
345,4.8,1.507518774775218,1.2448561991732867,1.8009145566498934,0.5560583574766067,False,0.2820000000000001,0.492,40
346,8.39,4.813217315853975,4.198112598562148,5.501108800662016,1.3029962020998678,False,0.2740000000000001,0.484,41
347,5.51,7.58987340244577,6.644926996111996,8.651619316648908,2.006692320536912,False,0.26600000000000007,0.476,41
348,4.17,3.5651398320748235,3.0452422331574054,4.151855064592672,1.1066128314352666,False,0.25800000000000006,0.46799999999999997,42
349,3.38,3.602033380043805,3.061386840409509,4.21465008462527,1.1532632442157613,True,0.26000000000000006,0.472,43
350,2.96,2.7223408841894283,2.272967670151945,3.233412320099358,0.9604446499474131,True,0.26200000000000007,0.476,42
351,2.67,2.6950817092841466,2.2420032014295415,3.2114791349575977,0.9694759335280563,True,0.26400000000000007,0.48,42
352,4.41,2.376252016587832,1.95763146761543,2.854123748792756,0.8964922811773262,False,0.25600000000000006,0.472,42
353,45.98,4.876223746586371,4.140841821555517,5.716799839116129,1.5759580175606125,False,0.24800000000000005,0.46399999999999997,42
354,41.81,151.15283934200878,121.67847227153732,187.70863070901058,66.03015843747326,False,0.24000000000000005,0.45599999999999996,43
355,22.01,5.782387658230219,3.903863025653883,8.380519420274762,4.476656394620879,False,0.23200000000000004,0.44799999999999995,44
356,13.24,14.991246706857364,10.858733905389897,20.563851021511628,9.70511711612173,True,0.23400000000000004,0.45199999999999996,44
357,9.5,8.75936733972349,6.3891238118506335,11.889924881067465,5.500801069216831,True,0.23600000000000004,0.45599999999999996,44
358,7.44,7.5687799803537565,5.601520050171959,10.122285442395762,4.520765392223804,True,0.23800000000000004,0.45999999999999996,44
359,6.1,6.0586598647803385,4.516469718278181,8.03198633023807,3.515516611959889,True,0.24000000000000005,0.46399999999999997,43
360,5.32,5.260550580161543,3.947741232906851,6.921694308926875,2.973953076020024,True,0.24200000000000005,0.46799999999999997,43
361,4.73,4.749846355683937,3.592205030686931,6.199315556044853,2.607110525357922,True,0.24400000000000005,0.472,43
362,4.32,4.314253781565598,3.28619525352076,5.588895648579316,2.3027003950585563,True,0.24600000000000005,0.476,42
363,3.95,4.039623056748013,3.0988400295229157,5.196338566807245,2.097498537284329,True,0.24800000000000005,0.48,42
364,4.93,3.737674226067143,2.8809306432692434,4.783550167604404,1.9026195243351607,False,0.24000000000000005,0.472,42
365,11.3,5.082079626035167,4.00685642796802,6.388207173426934,2.3813507454589136,False,0.23200000000000004,0.46399999999999997,42
366,10.67,12.399468437093912,10.04296954425943,15.258829083705198,5.215859539445768,True,0.23400000000000004,0.46799999999999997,43
367,10.73,7.7566465764732815,6.23123675439744,9.603837472010786,3.372600717613347,False,0.22600000000000003,0.45999999999999996,43
368,13.0,9.736030836449316,7.8784719425638166,11.982229246974065,4.103757304410248,False,0.21800000000000003,0.45199999999999996,43
369,12.22,11.350779272948687,9.205068887353535,13.94764516858223,4.742576281228695,True,0.22000000000000003,0.45599999999999996,44
370,41.59,9.936503028931865,8.033146829905423,12.240911584195755,4.2077647542903325,False,0.21200000000000002,0.44799999999999995,44
371,49.66,48.46721385065159,39.7484015899097,59.051564004219394,19.303162414309696,True,0.21400000000000002,0.45199999999999996,44
372,29.04,31.749163594266406,25.910729381056097,38.85427897316747,12.94354959211137,True,0.21600000000000003,0.45599999999999996,44
373,18.49,19.66430257020032,15.89122618697288,24.280189607674284,8.388963420701405,True,0.21800000000000003,0.45999999999999996,44
374,15.3,13.882997567377231,11.118291605133948,17.27845242614198,6.160160821008031,True,0.22000000000000003,0.46399999999999997,43
375,26.93,12.941592460378,10.289673157495832,16.216441753428192,5.92676859593236,False,0.21200000000000002,0.45599999999999996,43
376,21.72,26.69132427835622,21.15748215007196,33.607246215770516,12.449764065698556,True,0.21400000000000002,0.45999999999999996,44
377,16.19,14.969678805380564,11.642482741613396,19.172512500853525,7.530029759240129,True,0.21600000000000003,0.46399999999999997,43
378,11.72,13.728205752569128,10.519290774043604,17.83102431781615,7.311733543772547,True,0.21800000000000003,0.46799999999999997,43
379,9.3,9.80278492213989,7.334067465643479,13.002785861177626,5.668718395534148,True,0.22000000000000003,0.472,43
380,7.92,8.757346401629665,6.439739684617044,11.796927424523995,5.3571877399069505,True,0.22200000000000003,0.476,42
381,6.67,7.750712954970764,5.563772559458811,10.666305699447765,5.102533139988954,True,0.22400000000000003,0.48,42
382,7.06,6.894356502921745,4.815521890831939,9.716297825904588,4.900775935072649,True,0.22600000000000003,0.484,42
383,7.77,7.797313073642101,5.381012248677715,11.128595636485683,5.747583387807968,True,0.22800000000000004,0.488,41
384,8.66,8.372277214247424,5.658725519624802,12.191650552619702,6.5329250329949,True,0.23000000000000004,0.492,41
385,10.95,9.330597007862563,6.185873540779529,13.851532514901697,7.665658974122168,True,0.23200000000000004,0.496,41
386,14.55,11.473983965102633,7.523727243028748,17.25495719479967,9.73122995177092,True,0.23400000000000004,0.5,40
387,21.48,14.142662909168411,9.19314288357517,21.495538677299436,12.302395793724266,True,0.23600000000000004,0.5,40
388,27.13,19.711853030391158,12.775496007038276,30.140864599963983,17.365368592925705,True,0.23800000000000004,0.5,40
389,20.7,22.11555637402441,14.189213458160475,34.17818404175694,19.98897058359647,True,0.24000000000000005,0.5,40
390,17.83,15.739681193866126,9.87467977658243,24.767832453852595,14.893152677270164,True,0.24200000000000005,0.5,40
391,17.78,16.221183002289134,9.613481847624977,26.942681605913958,17.32919975828898,True,0.24400000000000005,0.5,40
392,26.57,15.532643332572146,8.921715442819508,26.548491703604935,17.626776260785427,False,0.23600000000000004,0.492,40
393,20.14,28.636918147801737,17.063326143987627,47.62597897518766,30.56265283120003,True,0.23800000000000004,0.496,41
394,16.65,15.97359670523793,9.535662222619266,26.34550320847689,16.809840985857626,True,0.24000000000000005,0.5,40
395,17.27,15.972787272312978,9.65604391453793,26.034001558324192,16.37795764378626,True,0.24200000000000005,0.5,40
396,28.25,16.596811883222077,10.17286641099927,26.714265709708037,16.541399298708768,False,0.23400000000000004,0.492,40
397,21.56,28.513608281216165,17.984588851840048,44.88211420194365,26.897525350103603,True,0.23600000000000004,0.496,41
398,14.53,17.40673233278224,10.957683471159102,27.33389895190538,16.376215480746275,True,0.23800000000000004,0.5,40
399,11.0,13.249339006809734,8.322147910849992,20.78078100377147,12.458633092921477,True,0.24000000000000005,0.5,40
400,10.64,10.702118002250012,6.7060713997629335,16.77034738385587,10.064275984092937,True,0.24200000000000005,0.5,40
401,19.86,11.222992967566972,7.0657301436163475,17.523004666035852,10.457274522419505,False,0.23400000000000004,0.492,40
402,31.69,22.187860661574103,14.039930950408461,34.749956820511414,20.710025870102953,True,0.23600000000000004,0.496,41
403,30.06,27.86541108611046,17.467460270883397,44.11784213684363,26.65038186596023,True,0.23800000000000004,0.5,40
404,19.52,23.74893912846063,14.565356486165442,38.35084869586195,23.785492209696507,True,0.24000000000000005,0.5,40
405,13.79,16.43162267540632,9.688687078273034,27.428324907686847,17.739637829413812,True,0.24200000000000005,0.5,40
406,10.72,13.71615171232992,7.809538990511852,23.58302545156542,15.773486461053567,True,0.24400000000000005,0.5,40
407,8.91,11.470177209331238,6.33469571032083,20.201332103431216,13.866636393110387,True,0.24600000000000005,0.5,40
408,7.67,10.387690615740842,5.595099410913235,18.66300877061004,13.067909359696806,True,0.24800000000000005,0.5,40
409,7.0,8.88644637304818,4.726079798524666,16.069587802870103,11.343508004345438,True,0.25000000000000006,0.5,40
410,7.06,8.048406446618337,4.365314035206939,14.25980747556493,9.89449344035799,True,0.25200000000000006,0.5,40
411,7.31,8.16338525823301,4.5558654392979445,14.113330282781734,9.557464843483789,True,0.25400000000000006,0.5,40
412,6.57,8.470170613862951,4.813636926675717,14.426510562460505,9.612873635784787,True,0.25600000000000006,0.5,40
413,5.94,7.275792034197794,4.171752556262399,12.242848154125172,8.071095597862772,True,0.25800000000000006,0.5,40
414,5.43,6.691105565316423,3.8877710441012816,11.102265896482429,7.214494852381147,True,0.26000000000000006,0.5,40
415,4.97,5.914747131400919,3.4714678868266136,9.693071962359657,6.221604075533043,True,0.26200000000000007,0.5,40
416,4.58,5.467152806098319,3.24941150105182,8.842319438132318,5.592907937080498,True,0.26400000000000007,0.5,40
417,4.27,5.0267110260683,2.9982498339333947,8.084286200295077,5.086036366361682,True,0.26600000000000007,0.5,40
418,4.94,4.667610419167732,2.819628205178784,7.409668726371532,4.590040521192748,True,0.26800000000000007,0.5,40
419,4.93,5.771310452673737,3.5952643124241392,8.977803697280915,5.382539384856776,True,0.2700000000000001,0.5,40
420,4.56,5.151217941433642,3.216723002383426,7.973196043854005,4.756473041470579,True,0.2720000000000001,0.5,40
421,4.36,4.816012098220709,3.027440073705473,7.398882691636876,4.371442617931403,True,0.2740000000000001,0.5,40
422,4.16,4.640445754706036,2.9397471009253406,7.075297093132942,4.1355499922076016,True,0.2760000000000001,0.5,40
423,4.08,4.4183841530061905,2.805479315697548,6.714898543382858,3.9094192276853095,True,0.2780000000000001,0.5,40
424,4.91,4.387600606242651,2.809083748194269,6.620268340423422,3.811184592229153,True,0.2800000000000001,0.5,40
425,4.49,5.646713485169762,3.76399250868334,8.273482288944152,4.509489780260812,True,0.2820000000000001,0.5,40
426,4.27,4.464284828024325,2.9679357449576007,6.52492242842402,3.556986683466419,True,0.2840000000000001,0.5,40
427,4.54,4.592207988137584,3.1157306958874544,6.598356766597581,3.4826260707101264,True,0.2860000000000001,0.5,40
428,5.31,4.889136940437353,3.369026635531992,6.9381374380201715,3.5691108024881792,True,0.2880000000000001,0.5,40
429,4.92,5.896000916836848,4.151261898789374,8.231685280104038,4.080423381314664,True,0.2900000000000001,0.5,40
430,5.27,4.8819915938736,3.4193288997796962,6.828750902003335,3.4094220022236383,True,0.2920000000000001,0.5,40
431,5.17,5.893432215760732,4.191435793083138,8.1534229849478,3.9619871918646625,True,0.2940000000000001,0.5,40
432,4.88,5.038880192393962,3.567655505462316,6.983980826591917,3.4163253211296016,True,0.2960000000000001,0.5,40
433,4.57,5.17158038102799,3.651162779792333,7.189006965090604,3.5378441852982707,True,0.2980000000000001,0.5,40
434,4.26,4.558536583958057,3.1581726781226784,6.430506462071593,3.2723337839489144,True,0.3000000000000001,0.5,40
435,3.98,4.440782662482745,3.0297470803244595,6.345899231469726,3.3161521511452667,True,0.3020000000000001,0.5,40
436,3.69,3.957702622878549,2.6547202931057075,5.7252247301284624,3.070504437022755,True,0.3040000000000001,0.5,40
437,3.59,3.7158714573280545,2.482502882445934,5.386051742883719,2.9035488604377853,True,0.3060000000000001,0.5,40
438,3.47,3.7131994898375043,2.477606761169745,5.38779797619568,2.9101912150259346,True,0.3080000000000001,0.5,40
439,3.21,3.527292391707186,2.3370064475934704,5.142144680239089,2.8051382326456187,True,0.3100000000000001,0.5,40
440,3.09,3.2084758818638806,2.097935278357358,4.717120487301191,2.6191852089438328,True,0.3120000000000001,0.5,40
441,3.02,3.1644921593420756,2.0718964619703915,4.645696448407441,2.5737999864370495,True,0.3140000000000001,0.5,40
442,2.96,3.0214350770062124,1.974778724305418,4.436350591875351,2.4615718675699334,True,0.3160000000000001,0.5,40
443,2.84,2.972783039339271,1.9443754517943561,4.3603914772633106,2.4160160254689544,True,0.3180000000000001,0.5,40
444,2.73,2.817782211132374,1.832901737013204,4.145064094953768,2.312162357940564,True,0.3200000000000001,0.5,40
445,2.64,2.7266908645100387,1.7661956739534208,4.020695003753535,2.2544993298001144,True,0.3220000000000001,0.5,40
446,2.57,2.642302737341828,1.7010623687617032,3.911537543107423,2.21047517434572,True,0.3240000000000001,0.5,40
447,2.81,2.5798778378940304,1.6541702176645616,3.8284489249982556,2.174278707333694,True,0.3260000000000001,0.5,40
448,3.18,2.890563033388301,1.8873274534113138,4.2423845098983,2.355057056486986,True,0.3280000000000001,0.5,40
449,3.22,3.292790958139399,2.20106034744065,4.756859355999707,2.5557990085590574,True,0.3300000000000001,0.5,40
450,3.19,3.248894832656834,2.1753637490734867,4.685366693578181,2.510002944504694,True,0.33200000000000013,0.5,40
451,3.16,3.2185913974092655,2.1740691123953093,4.606844951421151,2.432775839025842,True,0.33400000000000013,0.5,40
452,3.56,3.191068205869426,2.170715400046779,4.539775883382792,2.369060483336013,True,0.33600000000000013,0.5,40
453,10.09,3.6751591027513033,2.5602784271210144,5.13915823816985,2.578879811048836,False,0.3280000000000001,0.492,40
454,15.68,13.192151807870811,9.945232905156146,17.402273819387243,7.457040914231097,True,0.3300000000000001,0.496,41
455,13.26,13.079911619215881,9.975804446930518,17.061902629867923,7.0860981829374055,True,0.33200000000000013,0.5,40
456,10.26,11.069282732340904,8.517718611122257,14.304884670887144,5.787166059764887,True,0.33400000000000013,0.5,40
457,8.26,8.436773998366359,6.483613304599433,10.899693352876954,4.416080048277521,True,0.33600000000000013,0.5,40
458,6.85,7.277306799921275,5.599217054829267,9.382111588508062,3.782894533678795,True,0.33800000000000013,0.5,40
459,5.88,6.105273247982579,4.6971781778382455,7.861388279004652,3.1642101011664066,True,0.34000000000000014,0.5,40
460,5.23,5.46201205932543,4.1857468607903225,7.052379141488466,2.866632280698143,True,0.34200000000000014,0.5,40
461,4.65,4.943308721038592,3.7910579717112025,6.372676089944545,2.581618118233343,True,0.34400000000000014,0.5,40
462,4.24,4.452930286815145,3.408235487577291,5.745204242527335,2.3369687549500444,True,0.34600000000000014,0.5,40
463,3.94,4.153307789748156,3.1938072952535173,5.3323322475821255,2.1385249523286083,True,0.34800000000000014,0.5,40
464,3.73,3.9159519847574336,3.044577365450153,4.975057894275403,1.9304805288252496,True,0.35000000000000014,0.5,40
465,3.62,3.7564036059577024,2.9479636941004035,4.730390909261509,1.7824272151611051,True,0.35200000000000015,0.5,40
466,3.55,3.6878459016246667,2.912863357678477,4.616321652084884,1.7034582944064072,True,0.35400000000000015,0.5,40
467,3.34,3.617386720210046,2.873151682879834,4.504628238086371,1.6314765552065373,True,0.35600000000000015,0.5,40
468,3.15,3.3509910767104687,2.661157440838758,4.170802855524583,1.5096454146858247,True,0.35800000000000015,0.5,40
469,3.0,3.2282405613784064,2.5865930551820564,3.9846798813862323,1.398086826204176,True,0.36000000000000015,0.5,40
470,2.88,3.0690360470295515,2.4650639839647313,3.778282429602143,1.3132184456374119,True,0.36200000000000015,0.5,40
471,2.77,2.981751714800515,2.4072886768774135,3.653068237483901,1.2457795606064876,True,0.36400000000000016,0.5,40
472,2.7,2.8582043816654554,2.3087586183133997,3.4988899970860814,1.1901313787726817,True,0.36600000000000016,0.5,40
473,2.67,2.818648911472976,2.3007872182491456,3.4177581119053757,1.1169708936562301,True,0.36800000000000016,0.5,40
474,2.62,2.7853473605402708,2.290181537995329,3.3550346613030984,1.0648531233077692,True,0.37000000000000016,0.5,40
475,2.53,2.71765674237391,2.2514213317655574,3.250747671207919,0.9993263394423617,True,0.37200000000000016,0.5,40
476,2.46,2.610006115048003,2.183108177793515,3.0941568500878507,0.9110486722943358,True,0.37400000000000017,0.5,40
477,2.6,2.5600566404029688,2.155756431686026,3.0161538310185536,0.8603973993325278,True,0.37600000000000017,0.5,40
478,2.81,2.808469054138223,2.4000699746920104,3.265922949907038,0.8658529752150277,True,0.37800000000000017,0.5,40
479,2.52,2.959336602231785,2.552915173786334,3.4122489738661814,0.8593338000798476,False,0.37000000000000016,0.492,40
480,3.03,2.416068441346191,2.0871704998837846,2.7800061889684065,0.6928356890846219,False,0.36200000000000015,0.484,41
481,2.76,3.6094294251107817,3.1812608815443806,4.081443188311519,0.9001823067671388,False,0.35400000000000015,0.476,41
482,3.32,2.457836776086174,2.1510867684171893,2.7944480900663735,0.6433613216491842,False,0.34600000000000014,0.46799999999999997,42
483,2.93,3.940391487729391,3.5271513141385986,4.391352388819621,0.8642010746810227,False,0.33800000000000013,0.45999999999999996,43
484,2.72,2.6504590120235094,2.364744110733655,2.9604351950431274,0.5956910843094723,True,0.34000000000000014,0.46399999999999997,43
485,2.66,2.910262164485402,2.622469342808759,3.220919143279904,0.5984498004711449,True,0.34200000000000014,0.46799999999999997,43
486,2.46,2.710342775952888,2.452206232810532,2.9877813162564144,0.5355750834458823,True,0.34400000000000014,0.472,43
487,3.22,2.526665970533996,2.294781028237152,2.7748708521540246,0.4800898239168725,False,0.33600000000000013,0.46399999999999997,42
488,5.21,3.78186404154357,3.4799329610613183,4.104144171476682,0.6242112104153641,False,0.3280000000000001,0.45599999999999996,43
489,4.79,5.92298025431014,5.499106593185268,6.374499081431181,0.8753924882459128,False,0.3200000000000001,0.44799999999999995,44
490,4.07,4.523016423586654,4.1884319575033455,4.879177112671666,0.6907451551683206,False,0.3120000000000001,0.43999999999999995,44
491,3.68,3.9827280162769947,3.6836134956296105,4.300945201255157,0.6173317056255465,False,0.3040000000000001,0.43199999999999994,45
492,3.28,3.6486244134456305,3.3696556626864558,3.945403163414741,0.5757475007282853,False,0.2960000000000001,0.42399999999999993,45
493,3.0,3.2426079681580173,2.9972829856283267,3.5029892645062635,0.5057062788779367,True,0.2980000000000001,0.42799999999999994,46
494,2.77,3.019317360654993,2.793842014967916,3.258193140865208,0.4643511258972919,False,0.2900000000000001,0.41999999999999993,46
495,2.61,2.8277777426570823,2.614881703884289,3.0532121511575605,0.4383304472732714,False,0.2820000000000001,0.4119999999999999,46
496,2.5,2.713165734446628,2.4947544061045113,2.9452270944661754,0.4504726883616641,True,0.2840000000000001,0.4159999999999999,47
497,2.55,2.6266074966393296,2.396472953505941,2.872335247393743,0.4758622938878019,True,0.2860000000000001,0.41999999999999993,47
498,2.98,2.6934758508610033,2.453224216786558,2.9504425442689413,0.49721832748238315,False,0.2780000000000001,0.4119999999999999,46
499,2.91,3.0886549687092604,2.803960483837135,3.3946564440354097,0.5906959601982749,True,0.2800000000000001,0.4159999999999999,47
500,2.65,2.8935767215017885,2.604315375744359,3.206052497026513,0.6017371212821541,True,0.2820000000000001,0.41999999999999993,47
501,2.61,2.7035913314473716,2.412650941485033,3.019335403931839,0.6066844624468062,True,0.2840000000000001,0.42399999999999993,46
502,3.52,2.71445794451143,2.4080918228586103,3.048364462777702,0.6402726399190914,False,0.2760000000000001,0.4159999999999999,46
503,3.15,3.544054323004935,3.153490932444379,3.971343389515477,0.8178524570710977,False,0.26800000000000007,0.4079999999999999,47
504,2.92,2.967452712083185,2.611515911453357,3.3584692435376278,0.7469533320842707,True,0.2700000000000001,0.4119999999999999,47
505,2.77,2.922425209302922,2.557381862702408,3.3249277464093643,0.7675458837069562,True,0.2720000000000001,0.4159999999999999,47
506,2.85,2.8072574036302744,2.444034797889312,3.20878701527086,0.764752217381548,True,0.2740000000000001,0.41999999999999993,47
507,2.91,2.9080865249755603,2.527015248485453,3.330330098020993,0.80331484953554,True,0.2760000000000001,0.42399999999999993,46
508,2.77,2.9313012769256104,2.5469274908809223,3.357328919097375,0.8104014282164527,True,0.2780000000000001,0.42799999999999994,46
509,2.64,2.807275846312337,2.4334552531496763,3.2217964997843005,0.7883412466346242,True,0.2800000000000001,0.43199999999999994,46
510,2.59,2.727589361194904,2.373185916888304,3.1192281682805127,0.7460422513922089,True,0.2820000000000001,0.43599999999999994,45
511,2.59,2.705590467327272,2.3687360117220595,3.076128454045117,0.7073924423230573,True,0.2840000000000001,0.43999999999999995,45
512,2.43,2.7142666900904504,2.390122597560225,3.0694035829394197,0.6792809853791946,True,0.2860000000000001,0.44399999999999995,45
513,2.31,2.563277523058865,2.2628849111848885,2.891325330787022,0.6284404196021334,True,0.2880000000000001,0.44799999999999995,44
514,2.19,2.493998084944981,2.2096197662836072,2.8035728549038583,0.5939530886202511,False,0.2800000000000001,0.43999999999999995,44
515,2.33,2.3694896620528256,2.0932542838070343,2.670393553519161,0.5771392697121267,True,0.2820000000000001,0.44399999999999995,45
516,2.35,2.5664855479481234,2.2831569969455683,2.8742646713381363,0.5911076743925681,True,0.2840000000000001,0.44799999999999995,44
517,2.13,2.460430661651169,2.1840228987883714,2.760833619837433,0.5768107210490614,False,0.2760000000000001,0.43999999999999995,44
518,2.02,2.228769744794387,1.9664172436562453,2.514324927551451,0.5479076838952057,True,0.2780000000000001,0.44399999999999995,45
519,1.93,2.1832365658713,1.9214818670089513,2.468443582939089,0.5469617159301379,True,0.2800000000000001,0.44799999999999995,44
520,1.88,2.0607470383952364,1.8080878283908302,2.3361393964709523,0.5280515680801221,True,0.2820000000000001,0.45199999999999996,44
521,1.82,2.0291680284672045,1.7794868598582623,2.301278044234325,0.5217911843760628,True,0.2840000000000001,0.45599999999999996,44
522,1.91,1.935341983368342,1.6989948444344258,2.1923857050309867,0.4933908605965609,True,0.2860000000000001,0.45999999999999996,44
523,2.15,2.074682049369705,1.832776432297464,2.337245254137153,0.5044688218396889,True,0.2880000000000001,0.46399999999999997,43
524,2.24,2.308289580137957,2.0540367509401314,2.583709312823503,0.5296725618833715,True,0.2900000000000001,0.46799999999999997,43
525,3.36,2.2764473130462615,2.0182554121844696,2.556725833019714,0.5384704208352442,False,0.2820000000000001,0.45999999999999996,43
526,3.48,3.663021728165405,3.297192314575076,4.059995002688819,0.7628026881137426,True,0.2840000000000001,0.46399999999999997,43
527,3.15,3.3546699851900774,3.016814487853898,3.720942611927039,0.704128124073141,True,0.2860000000000001,0.46799999999999997,43
528,3.03,3.015165318812268,2.718912388662514,3.335018105438844,0.61610571677633,True,0.2880000000000001,0.472,43
529,3.43,2.963838388670213,2.681413395455027,3.267930026791692,0.5865166313366652,False,0.2800000000000001,0.46399999999999997,42
530,4.46,3.351332754642276,3.0465661444480183,3.6790528229967903,0.6324866785487719,False,0.2720000000000001,0.45599999999999996,43
531,6.25,4.406491106301716,4.034276151804914,4.806226198386002,0.7719500465810887,False,0.26400000000000007,0.44799999999999995,44
532,8.5,6.515947739267425,5.98341302425809,7.0890919988798,1.1056789746217097,False,0.25600000000000006,0.43999999999999995,44
533,6.44,8.995010890634816,8.253988076804289,9.795371884508356,1.541383807704067,False,0.24800000000000005,0.43199999999999994,45
534,5.09,5.190778462946471,4.719570317173566,5.700807202632884,0.9812368854593183,True,0.25000000000000006,0.43599999999999994,45
535,4.4,4.701916014822522,4.249704342075706,5.1930813854622775,0.9433770433865716,True,0.25200000000000006,0.43999999999999995,45
536,3.94,4.00109892284971,3.5933649920523445,4.445025701071811,0.8516607090194661,True,0.25400000000000006,0.44399999999999995,45
537,3.59,3.7392522764123157,3.3484896162360203,4.165129532704452,0.8166399164684321,True,0.25600000000000006,0.44799999999999995,44
538,3.24,3.429098498349587,3.053370594345232,3.8396545668559616,0.7862839725107298,True,0.25800000000000006,0.45199999999999996,44
539,2.89,3.1226408062240587,2.766419803231269,3.51255253133559,0.7461327281043211,True,0.26000000000000006,0.45599999999999996,44
540,2.54,2.7929623393134646,2.44891504350942,3.1713301504844607,0.7224151069750406,True,0.26200000000000007,0.45999999999999996,44
541,2.45,2.4745625180613318,2.143161231318564,2.840905319022475,0.6977440877039109,True,0.26400000000000007,0.46399999999999997,43
542,2.3,2.505064983725859,2.1664840523763416,2.879849175593135,0.7133651232167932,True,0.26600000000000007,0.46799999999999997,43
543,2.21,2.277566140075865,1.954248142240579,2.636268615683873,0.682020473443294,True,0.26800000000000007,0.472,43
544,2.2,2.263348162776707,1.9387816364965849,2.6237606425884867,0.6849790060919019,True,0.2700000000000001,0.476,42
545,2.07,2.255004433676758,1.9353621073266107,2.6094537831670883,0.6740916758404776,True,0.2720000000000001,0.48,42
546,1.99,2.0714164453802613,1.7725321269739611,2.402521070602879,0.6299889436289177,True,0.2740000000000001,0.484,42
547,2.03,2.046031988168353,1.7505818293606579,2.373217540341816,0.6226357109811582,True,0.2760000000000001,0.488,41
548,2.0,2.1120386505178974,1.8117440199092574,2.4444047871149417,0.6326607672056843,True,0.2780000000000001,0.492,41
549,1.86,2.0293307867772725,1.7381239058724516,2.3515083068501896,0.613384400977738,True,0.2800000000000001,0.496,41
550,1.78,1.8668867478675621,1.589829422585809,2.173583384844074,0.5837539622582653,True,0.2820000000000001,0.5,40
551,1.72,1.8313342604428962,1.5578375837208878,2.1340745578912728,0.576236974170385,True,0.2840000000000001,0.5,40
552,1.65,1.7563531339396512,1.489945063736788,2.051265150234683,0.5613200864978949,True,0.2860000000000001,0.5,40
553,1.68,1.6868985588969205,1.4276564816213129,1.9738243118239072,0.5461678302025943,True,0.2880000000000001,0.5,40
554,1.67,1.7601951617763518,1.4932321092534533,2.0557433071784224,0.5625111979249691,True,0.2900000000000001,0.5,40
555,1.6,1.7043428926481172,1.4378768865195926,1.999934295885375,0.5620574093657824,True,0.2920000000000001,0.5,40
556,1.53,1.6301204608197253,1.3684421374546156,1.9207104235431705,0.5522682860885548,True,0.2940000000000001,0.5,40
557,1.46,1.5592532724858765,1.3117413109380403,1.833265678014791,0.5215243670767507,True,0.2960000000000001,0.5,40
558,1.44,1.4858116554686718,1.251322905886323,1.7447238111901093,0.49340090530378644,True,0.2980000000000001,0.5,40
559,1.38,1.4887000724701704,1.2690460847411753,1.7296175658854116,0.4605714811442363,True,0.3000000000000001,0.5,40
560,1.32,1.394629330303934,1.1945048329943453,1.6130038737384016,0.4184990407440563,True,0.3020000000000001,0.5,40
561,1.27,1.3503809839537775,1.1649145836438377,1.5517361338263127,0.386821550182475,True,0.3040000000000001,0.5,40
562,1.24,1.293389533994357,1.1194969249915352,1.4815490377066056,0.36205211271507043,True,0.3060000000000001,0.5,40
563,1.22,1.2840318498699088,1.1107287298487147,1.4715641652321985,0.3608354353834837,True,0.3080000000000001,0.5,40
564,1.19,1.2475334744174162,1.0740306171963998,1.4355506985982367,0.3615200814018369,True,0.3100000000000001,0.5,40
565,1.15,1.2120916764367902,1.0477360961240416,1.38963877924654,0.3419026831224983,True,0.3120000000000001,0.5,40
566,1.13,1.1662645424826819,1.0059124026124278,1.339435192636576,0.3335227900241482,True,0.3140000000000001,0.5,40
567,1.11,1.1596508577851954,1.0051048162190517,1.326108734967396,0.3210039187483442,True,0.3160000000000001,0.5,40
568,1.09,1.1292366726652943,0.97578296744501,1.2946087110394902,0.3188257435944801,True,0.3180000000000001,0.5,40
569,1.08,1.113749140984082,0.9592820783552924,1.2803941710943056,0.3211120927390132,True,0.3200000000000001,0.5,40
570,1.07,1.0767794577093444,0.7601151055062305,1.4504152611786392,0.6903001556724087,True,0.3220000000000001,0.5,40
571,1.04,1.117686743944326,0.7007735151841941,1.636798553975506,0.936025038791312,True,0.3240000000000001,0.5,40
572,1.0,1.0109578782832176,0.48753142311539477,1.7185654873494602,1.2310340642340654,True,0.3260000000000001,0.5,40
573,0.97,0.9927205874886667,0.44993289328695524,1.7387028449290387,1.2887699516420834,True,0.3280000000000001,0.5,40
574,0.94,0.9469217261617793,0.3386783066458894,1.8315273273517199,1.4928490207058305,True,0.3300000000000001,0.5,40
575,0.92,0.9358378969182588,0.34873943272307956,1.7784969225514815,1.429757489828402,True,0.33200000000000013,0.5,40
576,0.9,0.9053781117083737,0.26875272559503205,1.8614446892121683,1.5926919636171362,True,0.33400000000000013,0.5,40
577,0.87,0.8982761192522579,0.2949172241562414,1.7827664639115417,1.4878492397553003,True,0.33600000000000013,0.5,40
578,0.87,0.8529101472482685,0.27477771134676526,1.6932350504845624,1.418457339137797,True,0.33800000000000013,0.5,40
579,0.87,0.8989958858450724,0.29964719223284925,1.7747417883933037,1.4750945961604545,True,0.34000000000000014,0.5,40
580,0.85,0.8613748804224899,0.30904557967326335,1.6467500439004032,1.3377044642271398,True,0.34200000000000014,0.5,40
581,0.84,0.8433455755112318,0.34341465557718676,1.5293180304758147,1.1859033748986278,True,0.34400000000000014,0.5,40
582,0.82,0.8399755018812864,0.37006971785688764,1.4710493220878047,1.100979604230917,True,0.34600000000000014,0.5,40
583,0.86,0.8060242431445335,0.3606430092332251,1.3971927571684595,1.0365497479352344,True,0.34800000000000014,0.5,40
584,0.83,0.9094274363015036,0.4649004151377121,1.4888470894167831,1.023946674279071,True,0.35000000000000014,0.5,40
585,0.8,0.760182292137739,0.2691074618095097,1.441276089526534,1.1721686277170242,True,0.35200000000000015,0.5,40
586,0.79,0.8062113827872617,0.35519504908796395,1.407328422211875,1.0521333731239109,True,0.35400000000000015,0.5,40
587,0.76,0.7840524353463914,0.3815297134787465,1.303854242881874,0.9223245294031275,True,0.35600000000000015,0.5,40
588,0.75,0.7484141570501537,0.3931572510787654,1.1942620348178972,0.8011047837391317,True,0.35800000000000015,0.5,40
589,0.74,0.7526390455194287,0.43195367353808545,1.1451417602704694,0.713188086732384,True,0.36000000000000015,0.5,40
590,0.73,0.7346196327395542,0.4481166292445861,1.0778058959623364,0.6296892667177503,True,0.36200000000000015,0.5,40
591,0.71,0.7290033118017125,0.4701422622428182,1.0334443332447596,0.5633020710019414,True,0.36400000000000016,0.5,40
592,0.7,0.7016221867288,0.4698863097600678,0.9698925332805801,0.5000062235205123,True,0.36600000000000016,0.5,40
593,0.68,0.7004495671627806,0.4887049096059998,0.9423115432791571,0.4536066336731573,True,0.36800000000000016,0.5,40
594,0.66,0.6707835437536631,0.47980084458611605,0.8864144187313294,0.4066135741452134,True,0.37000000000000016,0.5,40
595,0.66,0.6557957846812663,0.4807564026960973,0.8515264736160213,0.370770070919924,True,0.37200000000000016,0.5,40
596,0.66,0.6633819500601692,0.500551239568291,0.8438820606899049,0.34333082112161395,True,0.37400000000000017,0.5,40
597,0.66,0.6594584071764127,0.5077981705789714,0.8263732234739738,0.31857505289500243,True,0.37600000000000017,0.5,40
598,0.8,0.6615094660521412,0.5190025068830146,0.8173858787406723,0.2983833718576576,True,0.37800000000000017,0.5,40
599,0.9,0.8785375311604853,0.7297433010347096,1.0401311881754869,0.31038788714077725,True,0.38000000000000017,0.5,40
600,0.71,0.9111184382555053,0.7706353922486067,1.0627474753014248,0.2921120830528181,False,0.37200000000000016,0.492,40
601,0.66,0.5873975922920274,0.47950431543720573,0.7031590173293241,0.22365470189211833,True,0.37400000000000017,0.496,41
602,0.65,0.7396208351290712,0.62226838637666,0.8654623830612713,0.24319399668461128,True,0.37600000000000017,0.5,40
603,0.63,0.6447740503048147,0.543491360522049,0.7527028305756813,0.20921147005363228,True,0.37800000000000017,0.5,40
604,0.62,0.6365221850205451,0.5445227430321553,0.7340015704829685,0.18947882745081324,True,0.38000000000000017,0.5,40
605,0.61,0.6254811249787127,0.5421523645551753,0.7133124770224535,0.17116011246727814,True,0.3820000000000002,0.5,40
606,0.61,0.6162359210785429,0.540855199227841,0.6953043698678825,0.1544491706400415,True,0.3840000000000002,0.5,40
607,0.6,0.6209548739411439,0.5523208467376757,0.6926234733466583,0.14030262660898263,True,0.3860000000000002,0.5,40
608,0.6,0.6042215892862364,0.5419188421356964,0.669041740204362,0.1271228980686656,True,0.3880000000000002,0.5,40
609,0.59,0.612856065651405,0.5562111006485666,0.6715628666473394,0.11535176599877284,True,0.3900000000000002,0.5,40
610,0.58,0.5939556396376322,0.542411949780208,0.6472217953800599,0.10480984559985185,True,0.3920000000000002,0.5,40
611,0.57,0.5888559599174212,0.5419255978494291,0.6372147040596876,0.09528910621025855,True,0.3940000000000002,0.5,40
612,0.56,0.5776264076086235,0.5340323550568542,0.6224593137032286,0.0884269586463744,True,0.3960000000000002,0.5,40
613,0.56,0.5692468294564617,0.5272139144702956,0.6124366000248709,0.08522268555457524,True,0.3980000000000002,0.5,40
614,0.57,0.5740323602914885,0.5334123048064314,0.6157284400802747,0.0823161352738433,True,0.4000000000000002,0.5,40
615,0.54,0.5864090877254831,0.545964722772553,0.6279115276993696,0.08194680492681661,False,0.3920000000000002,0.492,40
616,0.52,0.5392053230538609,0.4996489108870124,0.5798051192635707,0.08015620837655829,True,0.3940000000000002,0.496,41
617,0.51,0.5321438775988949,0.49410460620323526,0.5711516127569343,0.077047006553699,True,0.3960000000000002,0.5,40
618,0.5,0.519887697343387,0.4833673379923484,0.557307184383818,0.07393984639146961,True,0.3980000000000002,0.5,40
619,0.5,0.5097826045653036,0.4752296550675975,0.545144856068897,0.06991520100129944,True,0.4000000000000002,0.5,40
620,0.52,0.5152423185213746,0.4809528493923665,0.5503257141373954,0.0693728647450289,True,0.4020000000000002,0.5,40
621,0.53,0.5415710039305159,0.5073839157324516,0.5765334466930438,0.06914953096059229,True,0.4040000000000002,0.5,40
622,0.53,0.5415964710449168,0.5069060791096656,0.5770854683539899,0.07017938924432432,True,0.4060000000000002,0.5,40
623,0.55,0.5411553930091424,0.50695258066828,0.5761344954516519,0.06918191478337188,True,0.4080000000000002,0.5,40
624,0.53,0.569710149569908,0.5348257645302608,0.605387406574385,0.07056164204412418,False,0.4000000000000002,0.492,40
625,0.52,0.5256555694979936,0.4902519763363098,0.5619002381480251,0.07164826181171535,True,0.4020000000000002,0.496,41
626,0.54,0.5364983178062508,0.49958708166074717,0.574318096956993,0.07473101529624582,True,0.4040000000000002,0.5,40
627,0.87,0.5584647645909804,0.5193761645457762,0.5985589870022239,0.0791828224564477,False,0.3960000000000002,0.492,40
628,0.68,0.9811401232234127,0.9229521088408303,1.0410888912941503,0.11813678245331993,False,0.3880000000000002,0.484,41
629,0.59,0.6829619935839304,0.6262211529276673,0.7416825914168748,0.11546143848920742,False,0.38000000000000017,0.476,41
630,0.56,0.5930942916790756,0.5261475940864182,0.6629777041320319,0.13683011004561374,True,0.3820000000000002,0.48,42
631,2.57,0.5750974594019029,0.4974175858489811,0.6568070457164634,0.15938945986748232,False,0.37400000000000017,0.472,42
632,4.15,0.9782385021651268,0.8735320747842066,1.0887966766724677,0.21526460188826113,False,0.36600000000000016,0.46399999999999997,42
633,3.43,3.4681202290220323,3.2565923646925947,3.6901597969759274,0.4335674322833327,True,0.36800000000000016,0.46799999999999997,43
634,3.05,2.6950162721902524,2.53706081843286,2.860025584123246,0.322964765690386,False,0.36000000000000015,0.45999999999999996,43
635,2.49,2.6598965627434903,2.5178199268991635,2.807711346324855,0.2898914194256914,False,0.35200000000000015,0.45199999999999996,43
636,1.88,2.063049171878123,1.9546386550885377,2.175437447548763,0.22079879246022527,False,0.34400000000000014,0.44399999999999995,44
637,1.58,1.584100531592623,1.4997751370734265,1.6712704908310068,0.1714953537575803,True,0.34600000000000014,0.44799999999999995,44
638,1.36,1.4222102718907372,1.3491987024922363,1.4974909934305098,0.14829229093827356,True,0.34800000000000014,0.45199999999999996,44
639,1.2,1.2299439936223013,1.1672743243889356,1.2944258411284508,0.1271515167395152,True,0.35000000000000014,0.45599999999999996,44
640,1.1,1.1192343114173067,1.0632551891016786,1.1767322289608733,0.11347703985919466,True,0.35200000000000015,0.45999999999999996,44
641,1.03,1.0456835476666404,0.994514307287679,1.0981655342873275,0.10365122699964857,True,0.35400000000000015,0.46399999999999997,43
642,0.98,0.9925926154951439,0.9447789024495057,1.0415818612207857,0.09680295877127998,True,0.35600000000000015,0.46799999999999997,43
643,0.93,0.9555329864238757,0.9098569983787999,1.002301357765536,0.09244435938673612,True,0.35800000000000015,0.472,43
644,0.89,0.9102769806288777,0.8667119637736997,0.9548587106837481,0.08814674691004831,True,0.36000000000000015,0.476,42
645,0.85,0.8808903456735637,0.8386933714207845,0.9240557166496712,0.08536234522888675,True,0.36200000000000015,0.48,42
646,0.83,0.8450069751725628,0.8038126477414846,0.8871420724860475,0.08332942474456284,True,0.36400000000000016,0.484,42
647,0.82,0.8358356129638314,0.7949404778435625,0.8776624848726728,0.08272200702911037,True,0.36600000000000016,0.488,41
648,3.57,0.8278558333742745,0.7871619530329708,0.8694763179857854,0.08231436495281463,False,0.35800000000000015,0.48,41
649,4.81,4.589164976848567,4.4411672174291175,4.741188221227019,0.30002100379790164,False,0.35000000000000014,0.472,42
650,8.74,3.583301262041183,3.4443673107426465,3.7265783833510655,0.28221107260841904,False,0.34200000000000014,0.46399999999999997,42
651,5.78,9.039617699801923,8.711024499179635,9.379329551345576,0.668305052165941,False,0.33400000000000013,0.45599999999999996,43
652,5.07,4.331649639111244,4.137061787350827,4.533608325333096,0.39654653798226835,False,0.3260000000000001,0.44799999999999995,44
653,3.85,4.444027067183025,4.226963736093223,4.670104520444451,0.44314078435122806,False,0.3180000000000001,0.43999999999999995,44
654,3.17,3.249316733447823,3.0633881793718443,3.4437528250010914,0.3803646456292471,True,0.3200000000000001,0.44399999999999995,45
655,2.9,2.815056159519614,2.63541848871967,3.0035703029651586,0.3681518142454885,True,0.3220000000000001,0.44799999999999995,44
656,2.99,2.644822803374497,2.460440185253986,2.8390298796693885,0.37858969441540236,False,0.3140000000000001,0.43999999999999995,44
657,3.28,2.784372058644254,2.576947326298538,3.0038252095446305,0.42687788324609244,False,0.3060000000000001,0.43199999999999994,45
658,2.97,3.0586126741920614,2.8179743183008874,3.314417925797656,0.49644360749676864,True,0.3080000000000001,0.43599999999999994,45
659,2.68,2.695057223179902,2.4599302416358397,2.946162763130935,0.4862325214950953,True,0.3100000000000001,0.43999999999999995,45
660,2.41,2.4902388303647736,2.2520562425145503,2.7458660565989765,0.49380981408442626,True,0.3120000000000001,0.44399999999999995,45
661,2.24,2.2671185292269107,2.031784565412925,2.520719646702212,0.488935081289287,True,0.3140000000000001,0.44799999999999995,44
662,2.55,2.150109518061239,1.9108506936273146,2.4090343408903494,0.49818364726303477,False,0.3060000000000001,0.43999999999999995,44
663,2.25,2.517596316304828,2.2288990638030337,2.8321061141835955,0.6032070503805618,True,0.3080000000000001,0.44399999999999995,45
664,2.1,2.1309636540370795,1.8583697430300221,2.4295540060221867,0.5711842629921646,True,0.3100000000000001,0.44799999999999995,44
665,1.97,2.077688157342683,1.7923445412108867,2.392190417067889,0.5998458758570022,True,0.3120000000000001,0.45199999999999996,44
666,1.85,1.9531976512654117,1.6670176858873367,2.270085689191025,0.6030680033036884,True,0.3140000000000001,0.45599999999999996,44
667,1.76,1.9057696954203358,1.6123165394908328,2.232187751821574,0.6198712123307413,True,0.3160000000000001,0.45999999999999996,44
668,1.82,1.8289587803283895,1.5343151357217533,2.1578581795108507,0.6235430437890974,True,0.3180000000000001,0.46399999999999997,43
669,1.68,1.9107418492261399,1.6031367305491968,2.254695772760634,0.6515590422114372,True,0.3200000000000001,0.46799999999999997,43
670,1.6,1.742774702738668,1.4496806548270467,2.070936228017981,0.6212555731909344,True,0.3220000000000001,0.472,43
671,1.52,1.6825737147539828,1.3934164311517607,2.006665134168075,0.6132487030163141,True,0.3240000000000001,0.476,42
672,2.05,1.602062543183894,1.3203164579197706,1.918019848340336,0.5977033904205653,False,0.3160000000000001,0.46799999999999997,42
673,4.05,2.1377437624335074,1.7971187150747716,2.5198491453471252,0.7227304302723536,False,0.3080000000000001,0.45999999999999996,43
674,12.57,4.0584394079141735,3.497285692993011,4.689611688091362,1.1923259950983507,False,0.3000000000000001,0.45199999999999996,43
675,15.14,13.440966958253451,11.830170532827719,15.253994922030568,3.4238243892028493,True,0.3020000000000001,0.45599999999999996,44
676,9.84,12.608254399488864,11.090741794613391,14.316230463519663,3.225488668906271,False,0.2940000000000001,0.44799999999999995,44
677,6.59,7.485912418445116,6.5208367269607015,8.574826869379702,2.053990142419001,True,0.2960000000000001,0.45199999999999996,44
678,5.01,5.402238731175643,4.655323137454333,6.247801721444337,1.5924785839900037,True,0.2980000000000001,0.45599999999999996,44
679,4.83,4.358303282088544,3.715091061308118,5.089259717260984,1.3741686559528663,True,0.3000000000000001,0.45999999999999996,44
680,4.6,4.5012160860720964,3.82505094121633,5.272136562775731,1.4470856215594008,True,0.3020000000000001,0.46399999999999997,43
681,4.27,4.2217260959518335,3.5605355609545537,4.978776627593562,1.4182410666390082,True,0.3040000000000001,0.46799999999999997,43
682,19.58,3.971292450469323,3.322557855979346,4.717389900035007,1.3948320440556614,False,0.2960000000000001,0.45999999999999996,43
683,15.67,22.81208373632017,19.46911826325316,26.701014014045157,7.231895750791995,False,0.2880000000000001,0.45199999999999996,43
684,21.11,9.60986701325423,7.94948665531285,11.578294417827154,3.6288077625143043,False,0.2800000000000001,0.44399999999999995,44
685,19.64,18.19407223134202,15.100877097082911,21.881511771102346,6.780634674019435,True,0.2820000000000001,0.44799999999999995,44
686,16.31,16.665439109647124,13.772615795545471,20.124744815386787,6.352129019841316,True,0.2840000000000001,0.45199999999999996,44
687,18.43,13.901796491316283,11.436258806889011,16.85613681066167,5.419878003772659,False,0.2760000000000001,0.44399999999999995,44
688,22.07,16.60882946466231,13.683348187745375,20.117177850099797,6.433829662354421,False,0.26800000000000007,0.43599999999999994,44
689,16.16,19.984893099974652,16.48525374618633,24.184978428660838,7.699724682474507,False,0.26000000000000006,0.42799999999999994,45
690,11.51,13.808993314437027,11.337030860541399,16.776261198183995,5.439230337642597,True,0.26200000000000007,0.43199999999999994,46
691,8.9,10.132041883354232,8.268047663412233,12.37092352059917,4.1028758571869375,True,0.26400000000000007,0.43599999999999994,45
692,7.57,8.121657759930844,6.585863913474695,9.968380297662737,3.382516384188042,True,0.26600000000000007,0.43999999999999995,45
693,6.97,7.119565251010705,5.746891265932225,8.771513615213316,3.02462234928109,True,0.26800000000000007,0.44399999999999995,45
694,7.61,6.686618958402893,5.382129740058255,8.257742073281555,2.875612333223301,True,0.2700000000000001,0.44799999999999995,44
695,7.1,7.434141890476472,5.997384253405342,9.165905837466571,3.168521584061229,True,0.2720000000000001,0.45199999999999996,44
696,6.39,6.780422125677256,5.450863699614834,8.384009843107146,2.933146143492312,True,0.2740000000000001,0.45599999999999996,44
697,5.72,6.171472219250995,4.942806978267774,7.654161910282966,2.7113549320151913,True,0.2760000000000001,0.45999999999999996,44
698,5.09,5.585306246652244,4.454836699795544,6.950056206782962,2.495219506987418,True,0.2780000000000001,0.46399999999999997,43
699,6.53,5.052930214489715,4.006305036271038,6.318364325792743,2.312059289521705,False,0.2700000000000001,0.45599999999999996,43
700,6.17,6.713566902546411,5.359817065980119,8.355475753906761,2.9956586879266425,True,0.2720000000000001,0.45999999999999996,44
701,5.59,6.00268187443229,4.762199093923322,7.510215047275333,2.7480159533520103,True,0.2740000000000001,0.46399999999999997,43
702,4.94,5.538493644963216,4.36807891686554,6.964096617675566,2.5960177008100267,True,0.2760000000000001,0.46799999999999997,43
703,4.38,4.9564326468223125,3.8782984199954145,6.272841228963605,2.3945428089681906,True,0.2780000000000001,0.472,43
704,4.01,4.463584670198735,3.4675282321353844,5.681716577348317,2.214188345212933,True,0.2800000000000001,0.476,42
705,3.73,4.167155509390113,3.2195856748371803,5.327516044392402,2.1079303695552216,True,0.2820000000000001,0.48,42
706,3.45,3.9492879264885117,3.0326404665621576,5.0742957827250645,2.041655316162907,True,0.2840000000000001,0.484,42
707,3.52,3.6746634878411415,2.8058265455115814,4.741848311591323,1.9360217660797412,True,0.2860000000000001,0.488,41
708,3.92,3.818831616845781,2.9198595921199155,4.923971919349846,2.0041123272299304,True,0.2880000000000001,0.492,41
709,3.55,4.272054652884342,3.2771730231060756,5.498348351317124,2.2211753282110482,True,0.2900000000000001,0.496,41
710,3.55,3.758406681091844,2.857241131705117,4.870111141496169,2.012870009791052,True,0.2920000000000001,0.5,40
711,3.35,3.878642701173015,2.946099535974013,5.031564685261774,2.085465149287761,True,0.2940000000000001,0.5,40
712,3.47,3.7020930504202534,2.78547434049947,4.840662771971981,2.0551884314725104,True,0.2960000000000001,0.5,40
713,3.62,3.916464362716413,2.932243974871996,5.1470300378926375,2.2147860630206413,True,0.2980000000000001,0.5,40
714,4.35,3.9763792203065558,2.9873491326569,5.210730317412057,2.2233811847551572,True,0.3000000000000001,0.5,40
715,8.37,4.69375944845761,3.567390084917628,6.097904066471908,2.5305139815542796,False,0.2920000000000001,0.492,40
716,15.47,8.15611281706657,6.318895336178057,10.454515752459063,4.1356204162810055,False,0.2840000000000001,0.484,41
717,12.92,14.503587138805868,11.36403448460066,18.44035455982554,7.07632007522488,True,0.2860000000000001,0.488,41
718,15.19,11.679402970468901,9.083643764354491,14.943369623572496,5.859725859218004,False,0.2780000000000001,0.48,41
719,24.58,13.978801679396483,10.903152116750974,17.849166804728053,6.94601468797708,False,0.2700000000000001,0.472,42
720,17.84,27.512647433372134,21.39984923660232,35.29359533060396,13.893746094001635,False,0.26200000000000007,0.46399999999999997,42
721,15.38,12.473281451449983,8.705231018891805,17.704275324990064,8.99904430609826,True,0.26400000000000007,0.46799999999999997,43
722,11.14,16.634081013809286,11.140370326984666,24.613783173517348,13.473412846532682,False,0.25600000000000006,0.45999999999999996,43
723,8.63,9.070102262245703,5.948947726227098,13.593138927977588,7.644191201750489,True,0.25800000000000006,0.46399999999999997,43
724,7.26,8.510296137304486,5.502979371907651,12.90835299431318,7.405373622405529,True,0.26000000000000006,0.46799999999999997,43
725,7.83,6.804973661658292,4.314819354803775,10.461840900409824,6.147021545606049,True,0.26200000000000007,0.472,43
726,7.67,8.493483538286052,5.5239252877684315,12.81472437470797,7.290799086939538,True,0.26400000000000007,0.476,42
727,6.82,7.380841748291669,4.82349120554797,11.061237139500298,6.237745933952327,True,0.26600000000000007,0.48,42
728,5.96,6.650752437773583,4.418496463934606,9.802630075280026,5.384133611345421,True,0.26800000000000007,0.484,42
729,11.64,5.834392552065391,3.927765807900016,8.478721874494287,4.550956066594271,False,0.26000000000000006,0.476,41
730,25.67,14.039581526924758,10.03172627782478,19.50350115735613,9.471774879531349,False,0.25200000000000006,0.46799999999999997,42
731,19.71,27.81722625185595,20.30625203647462,37.97600232218321,17.66975028570859,False,0.24400000000000005,0.45999999999999996,43
732,26.87,13.23921133183204,9.610522742796284,18.10887373482413,8.498350992027845,False,0.23600000000000004,0.45199999999999996,43
733,50.65,28.535003204277032,21.220839696902335,38.256680943441516,17.03584124653918,False,0.22800000000000004,0.44399999999999995,44
734,43.27,51.0610557721255,37.41970715552895,69.54591845628678,32.12621130075784,True,0.23000000000000004,0.44799999999999995,44
735,32.55,31.053941473569125,22.37201763519269,42.96091000906539,20.588892373872696,True,0.23200000000000004,0.45199999999999996,44
736,32.65,27.680731762431545,19.705638701643164,38.72755374907952,19.021915047436355,True,0.23400000000000004,0.45599999999999996,44
737,22.58,30.546549671921582,21.475378025130475,43.27889021889938,21.803512193768903,True,0.23600000000000004,0.45999999999999996,44
738,15.7,16.132342130019357,11.260262335560041,22.940527439507555,11.680265103947514,True,0.23800000000000004,0.46399999999999997,43
739,11.74,14.176989136722005,9.803706084787812,20.32055402548483,10.51684794069702,True,0.24000000000000005,0.46799999999999997,43
740,9.54,9.954432852172578,6.846272471683858,14.293835327006581,7.447562855322723,True,0.24200000000000005,0.472,43
741,9.44,9.219359702582299,6.294978130294601,13.31605562970282,7.021077499408219,True,0.24400000000000005,0.476,42
742,36.26,9.547500780704448,6.518286653254591,13.797224134943303,7.278937481688712,False,0.23600000000000004,0.46799999999999997,42
743,48.16,65.04063370521621,45.21468652820707,93.37184643727021,48.15715990906314,True,0.23800000000000004,0.472,43
744,23.92,31.83095729042443,22.220026398989695,45.41991951622292,23.199893117233223,True,0.24000000000000005,0.476,42
745,15.9,17.524935763633,12.15329330428167,25.090290629725335,12.936997325443665,True,0.24200000000000005,0.48,42
746,11.76,13.743223572493504,9.572210763315942,19.559809691152335,9.987598927836393,True,0.24400000000000005,0.484,42
747,9.45,10.639380246258689,7.38649676108315,15.153964685905372,7.767467924822222,True,0.24600000000000005,0.488,41
748,7.84,9.286697539683315,6.457703326403186,13.188838257791275,6.731134931388089,True,0.24800000000000005,0.492,41
749,6.75,7.9312148180772155,5.499202433666392,11.273290290735464,5.7740878570690715,True,0.25000000000000006,0.496,41
750,6.02,7.173694048380646,4.96586286709596,10.198593713075802,5.232730845979842,True,0.25200000000000006,0.5,40
751,5.45,6.5659725859949924,4.527123357479943,9.356913980318282,4.829790622838339,True,0.25400000000000006,0.5,40
752,4.93,6.149745333824555,4.239466681622111,8.756500316692517,4.517033635070406,True,0.25600000000000006,0.5,40
753,4.51,5.6895215980277785,3.916539268120748,8.101869581443376,4.185330313322628,True,0.25800000000000006,0.5,40
754,4.29,5.377527351957677,3.69693546303999,7.659445173352177,3.9625097103121867,True,0.26000000000000006,0.5,40
755,4.03,5.288902254694931,3.6389199954976164,7.5257541857788475,3.886834190281231,True,0.26200000000000007,0.5,40
756,3.76,4.877235134900107,3.3555920069920173,6.930470249613441,3.5748782426214234,True,0.26400000000000007,0.5,40
757,3.63,4.546328481846084,3.1306296229337365,6.4472326101919695,3.316602987258233,True,0.26600000000000007,0.5,40
758,3.76,4.387365317696753,3.032956247190236,6.196632764499413,3.1636765173091774,True,0.26800000000000007,0.5,40
759,3.49,4.5601129990061136,3.180670453557906,6.394712619696458,3.214042166138552,True,0.2700000000000001,0.5,40
760,3.69,3.882086754584968,2.6749249611788084,5.485784425826341,2.8108594646475327,True,0.2720000000000001,0.5,40
761,4.59,4.602206324971451,3.219911920464858,6.4372916542042065,3.2173797337393486,True,0.2740000000000001,0.5,40
762,16.43,5.540401238393687,3.9262111572497433,7.683519035969132,3.7573078787193888,False,0.26600000000000007,0.492,40
763,25.84,28.838694247993544,21.541639594753438,38.49791099634435,16.956271401590914,True,0.26800000000000007,0.496,41
764,17.79,19.41317139154007,14.514531176403187,25.85853420399617,11.344003027592985,True,0.2700000000000001,0.5,40
765,12.95,14.86526912961542,11.090986547524242,19.817719345380272,8.72673279785603,True,0.2720000000000001,0.5,40
766,13.69,11.35655585043986,8.43477382532392,15.18316191907202,6.748388093748101,True,0.2740000000000001,0.5,40
767,13.88,14.60718335871144,10.992095971808189,19.312059957247932,8.319963985439744,True,0.2760000000000001,0.5,40
768,14.47,12.72583398032214,9.553331401728677,16.852042287282433,7.298710885553756,True,0.2780000000000001,0.5,40
769,12.06,14.687489417356334,11.102532737831185,19.33436550437032,8.231832766539137,True,0.2800000000000001,0.5,40
770,9.67,10.67927498300236,8.03043173026429,14.105087796792708,6.0746560665284175,True,0.2820000000000001,0.5,40
771,7.95,9.638442406879681,7.246674009405096,12.723891197278007,5.4772171878729115,True,0.2840000000000001,0.5,40
772,6.82,7.761655920801251,5.798594966974333,10.291541097450619,4.492946130476286,True,0.2860000000000001,0.5,40
773,6.05,7.101783564641469,5.296554442574772,9.424573872413578,4.128019429838806,True,0.2880000000000001,0.5,40
774,5.51,6.336699813421686,4.687261040860325,8.464514423645873,3.777253382785548,True,0.2900000000000001,0.5,40
775,5.26,5.960749987385999,4.384131814169583,7.999044239478215,3.6149124253086313,True,0.2920000000000001,0.5,40
776,11.43,5.767970896879057,4.237578777051843,7.745535296136419,3.5079565190845754,False,0.2840000000000001,0.492,40
777,14.79,16.144620736710145,12.241774575906023,21.197781613082615,8.956007037176592,True,0.2860000000000001,0.496,41
778,11.8,12.297445684453235,9.20007091972116,16.335375716761956,7.135304797040796,True,0.2880000000000001,0.5,40
779,9.62,10.830230595928267,8.056586171867655,14.453323503681274,6.396737331813618,True,0.2900000000000001,0.5,40
780,8.97,8.747833822520818,6.475533629351981,11.710833626430716,5.2352999970787355,True,0.2920000000000001,0.5,40
781,8.05,9.146367394346393,6.772965905646852,12.244464539110623,5.471498633463772,True,0.2940000000000001,0.5,40
782,8.75,7.817937415206455,5.743603808076092,10.53033637079596,4.786732562719868,True,0.2960000000000001,0.5,40
783,40.88,9.689083550578696,7.129185249660395,13.05509945243593,5.925914202775536,False,0.2880000000000001,0.492,40
784,32.62,67.56113076005971,50.6087526260556,90.08200473585576,39.473252109800164,False,0.2800000000000001,0.484,41
785,18.78,16.21316724397982,11.822934149462935,22.106499894303024,10.28356574484009,True,0.2820000000000001,0.488,41
786,14.55,15.005116879363907,10.847947836512716,20.620939748963124,9.772991912450408,True,0.2840000000000001,0.492,41
787,15.21,12.070197293033676,8.635005105871596,16.730147042134995,8.0951419362634,True,0.2860000000000001,0.496,41
788,12.48,14.057364537995495,10.083086598240438,19.456776622685524,9.373690024445086,True,0.2880000000000001,0.5,40
789,9.96,10.59480874980908,7.533686745851959,14.753986986925359,7.220300241073399,True,0.2900000000000001,0.5,40
790,8.72,9.339744233450569,6.668248206948952,12.941947095073472,6.273698888124519,True,0.2920000000000001,0.5,40
791,7.47,8.527806148458206,6.116539199614593,11.756072503263141,5.639533303648548,True,0.2940000000000001,0.5,40
792,6.71,7.494378163758178,5.432969298118567,10.216353917627833,4.783384619509266,True,0.2960000000000001,0.5,40
793,6.45,7.06707324457288,5.181497613742681,9.52781620243987,4.34631858869719,True,0.2980000000000001,0.5,40
794,7.66,6.974257110634653,5.170281375823385,9.305652626420429,4.135371250597044,True,0.3000000000000001,0.5,40
795,7.78,8.506273446946869,6.422903444224182,11.17437833149293,4.751474887268748,True,0.3020000000000001,0.5,40
796,7.66,7.973486901922678,6.04411538030113,10.431310083898078,4.387194703596948,True,0.3040000000000001,0.5,40
797,6.95,8.146417681217589,6.210785479391932,10.601642655765751,4.390857176373819,True,0.3060000000000001,0.5,40
798,6.21,7.384932333734756,5.610950059620511,9.63494499387376,4.023994934253248,True,0.3080000000000001,0.5,40
799,5.59,6.964780323613105,5.257358585399765,9.13809976488052,3.880741179480755,True,0.3100000000000001,0.5,40
800,5.02,6.589625819312629,4.9283931298925,8.716363070918916,3.7879699410264163,True,0.3120000000000001,0.5,40
801,4.57,6.128806880067069,4.547059400528766,8.161590648992732,3.6145312484639662,True,0.3140000000000001,0.5,40
802,4.26,5.641112107126224,4.173483397461455,7.525081967221512,3.351598569760057,True,0.3160000000000001,0.5,40
803,4.42,5.193226050427272,3.849058475732181,6.909999251122546,3.060940775390365,True,0.3180000000000001,0.5,40
804,4.33,5.460973176092671,4.076500726831107,7.223021452859495,3.1465207260283883,True,0.3200000000000001,0.5,40
805,4.0,5.165512932499474,3.86934650508626,6.806704591901876,2.9373580868156157,True,0.3220000000000001,0.5,40
806,3.77,4.763512432325118,3.566311262899358,6.274597294200777,2.7082860313014185,True,0.3240000000000001,0.5,40
807,3.94,4.528088688403696,3.401392797714454,5.943203197570984,2.54181039985653,True,0.3260000000000001,0.5,40
808,4.34,4.756786241716734,3.6148703656878975,6.181260838705945,2.566390473018047,True,0.3280000000000001,0.5,40
809,5.91,5.113353183224572,3.9407274269985324,6.564288395797211,2.623560968798679,True,0.3300000000000001,0.5,40
810,6.43,6.828890991318547,5.363219248561455,8.632158151364186,3.2689389028027307,True,0.33200000000000013,0.5,40
811,8.79,6.7150025036547225,5.3091388499645085,8.434134363952614,3.1249955139881056,False,0.3240000000000001,0.492,40
812,7.84,9.29288361369555,7.463984318396969,11.516971806623982,4.0529874882270125,True,0.3260000000000001,0.496,41
813,7.37,7.422457980405376,5.958535831742871,9.194356995058653,3.235821163315782,True,0.3280000000000001,0.5,40
814,7.72,7.497232048944809,6.049303531287698,9.24256540708575,3.1932618757980524,True,0.3300000000000001,0.5,40
815,7.22,7.813743226846384,6.363440181695386,9.54969793356761,3.1862577518722253,True,0.33200000000000013,0.5,40
816,6.4,7.287478987238433,5.953636219545079,8.87717875877204,2.9235425392269603,True,0.33400000000000013,0.5,40
817,7.27,6.59060620668101,5.393081965917184,8.012445467158688,2.619363501241504,True,0.33600000000000013,0.5,40
818,7.91,7.670953271359998,6.3186794910871384,9.273086931279241,2.954407440192103,True,0.33800000000000013,0.5,40
819,6.91,7.981611563750349,6.600774988019107,9.613305407573682,3.012530419554575,True,0.34000000000000014,0.5,40
820,6.06,6.85990195854481,5.671091277417292,8.260562661923863,2.589471384506571,True,0.34200000000000014,0.5,40
821,5.45,6.24115840437202,5.164239725214458,7.5062193189417705,2.341979593727313,True,0.34400000000000014,0.5,40
822,4.99,5.590118514444298,4.661641873389745,6.670859974126069,2.009218100736324,True,0.34600000000000014,0.5,40
823,4.56,4.944776745840454,4.134381439411648,5.883082407281197,1.7487009678695493,True,0.34800000000000014,0.5,40
824,4.26,4.498105189806717,3.7659525456782834,5.342732200636585,1.576779654958302,True,0.35000000000000014,0.5,40
825,4.02,4.2769300379581185,3.581825242879714,5.07748858793297,1.4956633450532557,True,0.35200000000000015,0.5,40
826,3.77,4.058399704525025,3.405411709781853,4.808176228778828,1.4027645189969755,True,0.35400000000000015,0.5,40
827,3.58,3.7846903295031344,3.1781240931743993,4.479315845750115,1.3011917525757157,True,0.35600000000000015,0.5,40
828,3.72,3.6323482122587682,3.053662639631333,4.293644752235376,1.239982112604043,True,0.35800000000000015,0.5,40
829,3.33,3.898552203093076,3.288838340987696,4.594944779593144,1.3061064386054477,True,0.36000000000000015,0.5,40
830,3.4,3.3303936743818134,2.794585502757249,3.9418597529295587,1.1472742501723099,True,0.36200000000000015,0.5,40
831,3.1,3.5795093555832462,3.018501652093595,4.218837206884896,1.2003355547913008,True,0.36400000000000016,0.5,40
832,2.94,3.136160978459376,2.6281378609082533,3.7153190687873474,1.0871812078790941,True,0.36600000000000016,0.5,40
833,2.8,3.0300676882778017,2.5387428540315473,3.589608864514571,1.0508660104830239,True,0.36800000000000016,0.5,40
834,2.7,2.8518321840990946,2.3819967455917648,3.3869383357036806,1.0049415901119159,True,0.37000000000000016,0.5,40
835,2.64,2.7584568802643172,2.296065549676449,3.285715167950113,0.9896496182736643,True,0.37200000000000016,0.5,40
836,2.58,2.700915590861961,2.246237311709776,3.2192775498200152,0.9730402381102392,True,0.37400000000000017,0.5,40
837,2.67,2.638317586108556,2.1930709730226248,3.1456500557693667,0.952579082746742,True,0.37600000000000017,0.5,40
838,2.8,2.765941095718125,2.3069983227388495,3.2885756061324125,0.981577283393563,True,0.37800000000000017,0.5,40
839,2.84,2.892566935372915,2.4183257259848103,3.4326019697825068,1.0142762437976964,True,0.38000000000000017,0.5,40
840,2.71,2.9054151365611376,2.4303067880524623,3.446327495255968,1.0160207072035057,True,0.3820000000000002,0.5,40
841,2.63,2.739876793170479,2.2883912882339983,3.2533497999888352,0.9649585117548369,True,0.3840000000000002,0.5,40
842,2.54,2.6707899916086353,2.230941723627896,3.1705175503332574,0.9395758267053615,True,0.3860000000000002,0.5,40
843,2.39,2.5745144532676134,2.149903988682605,3.056362867733914,0.9064588790513093,True,0.3880000000000002,0.5,40
844,2.57,2.4112336807185035,2.0097430412043193,2.8662819600081444,0.856538918803825,True,0.3900000000000002,0.5,40
845,2.59,2.6572381695114067,2.235503338575467,3.1339444373499195,0.8984410987744527,True,0.3920000000000002,0.5,40
846,2.5,2.6253179383086884,2.2099075496761214,3.0944886886692036,0.8845811389930822,True,0.3940000000000002,0.5,40
847,2.26,2.5238036137214754,2.130973458912907,2.9659205263234183,0.8349470674105115,True,0.3960000000000002,0.5,40
848,2.13,2.2603742398508517,1.9048758552735925,2.6593784772540108,0.7545026219804183,True,0.3980000000000002,0.5,40
849,2.06,2.142406054556453,1.809011579074625,2.5153702766031634,0.7063586975285383,True,0.4000000000000002,0.5,40
850,2.1,2.0763991111400903,1.7577534521066713,2.431862802598881,0.6741093504922095,True,0.4020000000000002,0.5,40
851,2.08,2.1400470762980937,1.8178944626883249,2.4990294249564187,0.6811349622680938,True,0.4040000000000002,0.5,40
852,1.95,2.0771614934239557,1.7627762617247797,2.427321635773638,0.664545374048858,True,0.4060000000000002,0.5,40
853,1.87,1.9191675912028856,1.6205008051604244,2.2518743778854042,0.6313735727249798,True,0.4080000000000002,0.5,40
854,1.86,1.8671260347795924,1.5734875308452412,2.19426910011529,0.6207815692700489,True,0.4100000000000002,0.5,40
855,1.8,1.872992843868146,1.5817695531061648,2.197066086315474,0.615296533209309,True,0.4120000000000002,0.5,40
856,1.81,1.7870635221928555,1.51117205458208,2.0932659761661707,0.5820939215840908,True,0.4140000000000002,0.5,40
857,2.04,1.8290870990504726,1.5577980536123341,2.1291500135087995,0.5713519598964654,True,0.4160000000000002,0.5,40
858,1.83,2.137195515247414,1.8342451682523326,2.4725279983302615,0.6382828300779289,False,0.4080000000000002,0.492,40
859,1.75,1.7786358121526087,1.5174350284021814,2.0669379306592868,0.5495029022571054,True,0.4100000000000002,0.496,41
860,1.66,1.7529918073005697,1.4994741488488623,2.0322233556824605,0.5327492068335982,True,0.4120000000000002,0.5,40
861,1.6,1.649899032760723,1.4107884058019513,1.9127255079403582,0.5019371021384069,True,0.4140000000000002,0.5,40
862,1.55,1.5988314169975126,1.3686542697138577,1.8513763364837539,0.48272206676989615,True,0.4160000000000002,0.5,40
863,1.52,1.5503083684967374,1.3290093642655827,1.7926348748174523,0.4636255105518696,True,0.4180000000000002,0.5,40
864,1.48,1.5235245081867936,1.3093322528832911,1.7575832518116363,0.4482509989283452,True,0.4200000000000002,0.5,40
865,1.45,1.482474281418503,1.2757777218219553,1.707943969576501,0.4321662477545458,True,0.4220000000000002,0.5,40
866,1.4,1.4543030029990223,1.2532327572023543,1.6733160217362584,0.4200832645339041,True,0.4240000000000002,0.5,40
867,1.38,1.40129443990668,1.208541564125892,1.6108700333239678,0.40232846919807574,True,0.4260000000000002,0.5,40
868,1.59,1.3841196447582202,1.1988868679150442,1.5849563083304878,0.38606944041544367,False,0.4180000000000002,0.492,40
869,1.44,1.6681119151618478,1.4698477072478533,1.882291556251909,0.4124438490040556,False,0.4100000000000002,0.484,41
870,1.4,1.4301909256160554,1.2523471458790887,1.6220771277429273,0.36972998186383865,True,0.4120000000000002,0.488,41
871,1.33,1.4063565490950132,1.232886773090299,1.593302943596365,0.360416170506066,True,0.4140000000000002,0.492,41
872,1.28,1.3312728899035156,1.1641162710558777,1.511340707469207,0.34722443641332923,True,0.4160000000000002,0.496,41
873,1.25,1.2814080651114832,1.119875004504094,1.4552498371352298,0.3353748326311359,True,0.4180000000000002,0.5,40
874,1.35,1.2524564571445738,1.0934702201379443,1.4235167247795744,0.3300465046416301,True,0.4200000000000002,0.5,40
875,1.69,1.3684681605227733,1.2038044257529386,1.5454352309386863,0.34163080518574773,False,0.4120000000000002,0.492,40
876,1.4,1.773375796381789,1.5887800317076612,1.9711343620348591,0.3823543303271979,False,0.4040000000000002,0.484,41
877,2.0,1.4365038632620442,1.2753927087719874,1.609022632798529,0.3336299240265417,False,0.3960000000000002,0.476,41
878,2.65,1.8731937733628548,1.689964304754719,2.0689040909202037,0.3789397861654846,False,0.3880000000000002,0.46799999999999997,42
879,2.2,2.653735282600177,2.433516790899982,2.888078121737741,0.45456133083775896,False,0.38000000000000017,0.45999999999999996,43
880,1.9,2.170213635777138,1.9849316179862746,2.3669965623023237,0.3820649443160491,False,0.37200000000000016,0.45199999999999996,43
881,1.71,1.8600070717661623,1.6852640002241568,2.0461215172398877,0.3608575170157309,True,0.37400000000000017,0.45599999999999996,44
882,1.57,1.700847248877881,1.520840343921256,1.8937079967643835,0.3728676528431274,True,0.37600000000000017,0.45999999999999996,44
883,1.47,1.5885680342624946,1.4032061058556415,1.7882271319462522,0.3850210260906106,True,0.37800000000000017,0.46399999999999997,43
884,1.38,1.5103198222456506,1.307400454952384,1.731084496596182,0.4236840416437979,True,0.38000000000000017,0.46799999999999997,43
885,1.3,1.4357595617178744,1.2165890544161249,1.6766010734736096,0.4600120190574848,True,0.3820000000000002,0.472,43
886,1.37,1.3663851971485692,1.1388760236531756,1.6180941949685872,0.47921817131541156,True,0.3840000000000002,0.476,42
887,1.46,1.4567902729609887,1.2029758845333838,1.7398477158519539,0.5368718313185701,True,0.3860000000000002,0.48,42
888,2.16,1.5218142844524865,1.2431320655889024,1.835119422002912,0.5919873564140095,False,0.37800000000000017,0.472,42
889,1.65,2.193144527146265,1.8124523363667486,2.625367029123066,0.8129146927563173,False,0.37000000000000016,0.46399999999999997,42
890,1.53,1.592701337675039,1.2518081039446276,1.9852011877061946,0.733393083761567,True,0.37200000000000016,0.46799999999999997,43
891,1.44,1.5615834810773856,1.1976740723294852,1.9857520790484053,0.7880780067189201,True,0.37400000000000017,0.472,43
892,1.42,1.4935140368685658,1.1206128054041171,1.9319884498555147,0.8113756444513975,True,0.37600000000000017,0.476,42
893,1.39,1.4852051757995084,1.1011743826535323,1.9394251218791303,0.838250739225598,True,0.37800000000000017,0.48,42
894,2.33,1.4593176033027677,1.0742717374830701,1.9158393110315588,0.8415675735484887,False,0.37000000000000016,0.472,42
895,3.01,2.1283343113072717,1.6369846243586816,2.711237249129743,1.0742526247710615,False,0.36200000000000015,0.46399999999999997,42
896,2.66,2.4992260368721344,1.9611831808614726,3.1350305297768344,1.1738473489153618,True,0.36400000000000016,0.46799999999999997,43
897,2.35,2.2005919028486245,1.7245748031274664,2.75977510943051,1.0352003063030435,True,0.36600000000000016,0.472,43
898,2.08,2.0814069094547936,1.6408233449666447,2.595495533517283,0.9546721885506382,True,0.36800000000000016,0.476,42
899,1.89,1.8982568449874835,1.5067008539686624,2.350975337251715,0.8442744832830527,True,0.37000000000000016,0.48,42
900,1.75,1.790905065171526,1.432905997780856,2.201583246498161,0.7686772487173048,True,0.37200000000000016,0.484,42
901,1.64,1.7003795823266228,1.3698708972935436,2.0769819136452634,0.7071110163517198,True,0.37400000000000017,0.488,41
902,1.54,1.6297598795135868,1.320985862800557,1.9796118687059736,0.6586260059054165,True,0.37600000000000017,0.492,41
903,1.43,1.560052683680936,1.270338546753603,1.8867367611731112,0.6163982144195082,True,0.37800000000000017,0.496,41
904,1.36,1.4772965003604952,1.2072742827103768,1.780351313277912,0.5730770305675352,True,0.38000000000000017,0.5,40
905,1.29,1.4346985635462999,1.1782524458634391,1.7213361364939073,0.5430836906304681,True,0.3820000000000002,0.5,40
906,1.23,1.3769476574912352,1.1358522497606711,1.6452579606506759,0.5094057108900047,True,0.3840000000000002,0.5,40
907,1.18,1.3290530178241573,1.1013286591475389,1.581456230667127,0.48012757151958807,True,0.3860000000000002,0.5,40
908,1.13,1.2907903062933523,1.0753779538395718,1.5285612279435656,0.45318327410399384,True,0.3880000000000002,0.5,40
909,1.08,1.2389882579818337,1.037677731614544,1.460187075513872,0.4225093438993279,True,0.3900000000000002,0.5,40
910,1.05,1.1903009368572328,1.0019806029077296,1.3963360019721343,0.39435539906440464,True,0.3920000000000002,0.5,40
911,1.05,1.1612667919058386,0.9836194095063142,1.3548237748679308,0.3712043653616166,True,0.3940000000000002,0.5,40
912,1.07,1.1598314758547525,0.9900870492027005,1.3440542492660468,0.35396720006334625,True,0.3960000000000002,0.5,40
913,1.04,1.1752814836810015,1.0122541274201065,1.3515168729270202,0.3392627455069137,True,0.3980000000000002,0.5,40
914,0.99,1.1298400149972192,0.9780448939484232,1.293283890250084,0.31523899630166086,True,0.4000000000000002,0.5,40
915,0.96,1.0828306018238303,0.9425148490820814,1.2332819324103443,0.29076708332826295,True,0.4020000000000002,0.5,40
916,0.93,1.0421775011938221,0.912196869647868,1.1809935015479036,0.26879663190003567,True,0.4040000000000002,0.5,40
917,0.9,1.0034552718711836,0.8859841971835674,1.1282431912115127,0.24225899402794537,True,0.4060000000000002,0.5,40
918,0.88,0.9527803455269086,0.84844412722486,1.0630058662369866,0.2145617390121266,True,0.4080000000000002,0.5,40
919,0.87,0.9379805404761818,0.8424632435079358,1.0384496616136576,0.19598641810572182,True,0.4100000000000002,0.5,40
920,0.85,0.9278334303289248,0.8378966883797487,1.0221711909009508,0.18427450252120203,True,0.4120000000000002,0.5,40
921,0.82,0.9017196273142263,0.8179797063955312,0.9893167829043537,0.17133707650882246,True,0.4140000000000002,0.5,40
922,0.81,0.8670184770556961,0.789064953459125,0.9483686083770857,0.15930365491796072,True,0.4160000000000002,0.5,40
923,0.79,0.858585975963486,0.7854717522952019,0.9346941925054986,0.14922244021029663,True,0.4180000000000002,0.5,40
924,0.77,0.8318432648423892,0.762950404085798,0.9034283319436553,0.1404779278578574,True,0.4200000000000002,0.5,40
925,0.76,0.8094588912223637,0.7450322548529933,0.876264160687098,0.1312319058341047,True,0.4220000000000002,0.5,40
926,0.75,0.8009893755833701,0.7399229717380729,0.8641990384919533,0.12427606675388048,True,0.4240000000000002,0.5,40
927,0.75,0.7884730078707289,0.7296997147146442,0.8492433528613172,0.11954363814667301,True,0.4260000000000002,0.5,40
928,0.75,0.778710409745127,0.7171899232313554,0.8424349449839044,0.12524502175254892,True,0.4280000000000002,0.5,40
929,0.72,0.7745734685734837,0.7005334990213135,0.8518370835842359,0.15130358456292248,True,0.4300000000000002,0.5,40
930,0.7,0.7188873906946762,0.6301494328444159,0.8124558413849057,0.18230640854048974,True,0.4320000000000002,0.5,40
931,0.69,0.7406023430045052,0.5429452332734772,0.9635800747412393,0.4206348414677621,True,0.4340000000000002,0.5,40
932,0.68,0.683577535572133,0.4336065407742165,0.9771347560624313,0.5435282152882148,True,0.4360000000000002,0.5,40
933,0.67,0.7030413976646335,0.39059580666002397,1.0856887301606775,0.6950929235006535,True,0.4380000000000002,0.5,40
934,0.65,0.6677069298252845,0.33229931333357837,1.0875537320726019,0.7552544187390235,True,0.4400000000000002,0.5,40
935,0.63,0.6458700912227124,0.3083689268002861,1.070431589816374,0.762062663016088,True,0.4420000000000002,0.5,40
936,0.62,0.6208434306386525,0.30413084600363155,1.014470737115868,0.7103398911122365,True,0.44400000000000023,0.5,40
937,0.61,0.6222436885996254,0.3027502819513942,1.0200913572318124,0.7173410752804182,True,0.44600000000000023,0.5,40
938,0.6,0.6035321187269838,0.29903258704480945,0.9794078158105155,0.6803752287657061,True,0.44800000000000023,0.5,40
939,0.59,0.5993038269734179,0.2991364688183518,0.9688252869217651,0.6696888181034133,True,0.45000000000000023,0.5,40
940,0.57,0.5845174998504106,0.2975344335756989,0.9349742421966487,0.6374398086209498,True,0.45200000000000023,0.5,40
941,0.56,0.5597367048467865,0.28566922273393663,0.8922274449979297,0.6065582222639931,True,0.45400000000000024,0.5,40
942,0.56,0.5615423920135127,0.2879650266649668,0.893230477204237,0.6052654505392702,True,0.45600000000000024,0.5,40
943,0.58,0.5601345272519587,0.29737638189516197,0.8761091824164102,0.5787328005212482,True,0.45800000000000024,0.5,40
944,0.55,0.5981611221327439,0.3314259156241899,0.918333526728137,0.5869076111039471,True,0.46000000000000024,0.5,40
945,0.54,0.5139808226030826,0.281228521747259,0.7890156925979397,0.5077871708506807,True,0.46200000000000024,0.5,40
946,0.52,0.5527007207452572,0.33461072266186914,0.8064290112957908,0.47181828863392167,True,0.46400000000000025,0.5,40
947,0.52,0.5059638861012778,0.3153339471119617,0.7242216178035097,0.40888767069154797,True,0.46600000000000025,0.5,40
948,0.55,0.526601197917665,0.35235094970811515,0.7233035684906024,0.37095261878248725,True,0.46800000000000025,0.5,40
949,0.58,0.5630225589968842,0.4022728229798394,0.742199862892367,0.33992703991252754,True,0.47000000000000025,0.5,40
950,0.59,0.5901706192733429,0.44116256074545673,0.7545852683629244,0.31342270761746766,True,0.47200000000000025,0.5,40
951,0.55,0.591242008214784,0.4565408872137903,0.7384003092085982,0.2818594219948079,True,0.47400000000000025,0.5,40
952,0.53,0.5298450048987238,0.411361796037304,0.6582748276060857,0.2469130315687817,True,0.47600000000000026,0.5,40
953,0.51,0.5312522940978512,0.4233895215181692,0.647288779868963,0.22389925835079383,True,0.47800000000000026,0.5,40
954,0.49,0.5016288662051132,0.4048734713860934,0.6050479261991526,0.20017445481305918,True,0.48000000000000026,0.5,40
955,0.48,0.4857935650355097,0.3981926561330874,0.5788829302010008,0.18069027406791338,True,0.48200000000000026,0.5,40
956,0.48,0.4785611740026675,0.39883928903875737,0.5628265251045399,0.16398723606578253,True,0.48400000000000026,0.5,40
957,0.48,0.4819572924830825,0.407589795455386,0.560253863614627,0.15266406815924105,True,0.48600000000000027,0.5,40
958,0.48,0.4804682150185609,0.4118044934933503,0.5524714263069932,0.1406669328136429,True,0.48800000000000027,0.5,40
959,0.48,0.48116911955071673,0.4173578349526712,0.5478532707895203,0.13049543583684908,True,0.49000000000000027,0.5,40
960,0.48,0.4808750979096321,0.4212737857156478,0.5429757993493387,0.12170201363369093,True,0.49200000000000027,0.5,40
961,0.48,0.48104312627044654,0.42514810573233747,0.539130377432439,0.1139822717001015,True,0.49400000000000027,0.5,40
962,0.48,0.4809963724577787,0.4286910436391495,0.535216634134009,0.10652559049485949,True,0.4960000000000003,0.5,40
963,0.48,0.4810502240510312,0.43215197201961775,0.5316180189092132,0.09946604688959548,True,0.4980000000000003,0.5,40
964,0.49,0.4810919213291061,0.4356488862891607,0.5279733787112852,0.09232449242212454,True,0.5000000000000002,0.5,40
965,0.48,0.4954975711370508,0.4528610865482554,0.5393852901590084,0.08652420361075297,True,0.5020000000000002,0.5,40
966,0.48,0.4753993838329944,0.436283347802878,0.515580714031598,0.07929736622872002,True,0.5040000000000002,0.5,40
967,0.46,0.4836022592443862,0.44715838520451295,0.5209639014902923,0.0738055162857793,True,0.5060000000000002,0.5,40
968,0.46,0.4525996251018302,0.41913282481624076,0.48685565857389074,0.06772283375764998,True,0.5080000000000002,0.5,40
969,0.48,0.46394859863072785,0.4324608970251846,0.49612844852070853,0.06366755149552394,True,0.5100000000000002,0.5,40
970,0.46,0.4878477051521711,0.45797545100443354,0.5183320077176321,0.06035655671319856,True,0.5120000000000002,0.5,40
971,0.46,0.45273212103986027,0.4252008370415747,0.4807952399759977,0.055594402934423026,True,0.5140000000000002,0.5,40
972,0.46,0.46432500764759704,0.43849568443029097,0.4906181167108288,0.05212243228053781,True,0.5160000000000002,0.5,40
973,0.45,0.460910475195246,0.43681395404636664,0.48541111430932415,0.04859716026295752,True,0.5180000000000002,0.5,40
974,0.45,0.4490289396519944,0.42671407126291816,0.471692829166783,0.04497875790386485,True,0.5200000000000002,0.5,40
975,0.44,0.45282943602214115,0.432260439636068,0.47369382813417454,0.04143338849810657,True,0.5220000000000002,0.5,40
976,0.43,0.43909049851261184,0.42024549242981485,0.458185555911293,0.03794006348147816,True,0.5240000000000002,0.5,40
977,0.42,0.4302482508349867,0.4129901614107964,0.44771712845764267,0.03472696704684625,True,0.5260000000000002,0.5,40
978,0.42,0.42171343954414614,0.40637130181969466,0.4372229450111357,0.030851643191441014,True,0.5280000000000002,0.5,40
979,0.42,0.42304562358239295,0.40895748317177427,0.4372746310543669,0.028317147882592653,True,0.5300000000000002,0.5,40
980,0.42,0.4238854711334198,0.4111630743570907,0.4367225671834726,0.02555949282638187,True,0.5320000000000003,0.5,40
981,0.41,0.42268224527453313,0.4111420993452041,0.4343167650930205,0.023174665747816348,False,0.5240000000000002,0.492,40
982,0.4,0.4080819141224412,0.39748133989020257,0.4187628988552322,0.021281558965029646,True,0.5260000000000002,0.496,41
983,0.4,0.40066861020752953,0.3910964176310631,0.4103066694410872,0.01921025181002406,True,0.5280000000000002,0.5,40
984,0.4,0.40347261508565707,0.39441035838156685,0.4125937672906859,0.01818340890911907,True,0.5300000000000002,0.5,40
985,0.4,0.40199152698690904,0.3935311585683109,0.4105032597638413,0.016972101195530387,True,0.5320000000000003,0.5,40
986,0.4,0.4033017590660253,0.3952907391593952,0.4113587740030409,0.016068034843645662,True,0.5340000000000003,0.5,40
987,0.4,0.4034686634961072,0.39576685749266016,0.4112129678691038,0.015446110376443611,True,0.5360000000000003,0.5,40
988,0.4,0.40172048140107913,0.39434799857127467,0.4091319455347843,0.014783946963509653,True,0.5380000000000003,0.5,40
989,0.4,0.40095524141754885,0.393379292703544,0.4085723813558082,0.015193088652264208,True,0.5400000000000003,0.5,40
990,0.4,0.4008240211128769,0.3934043884776035,0.40828316198344616,0.014878773505842657,True,0.5420000000000003,0.5,40
991,1.1,0.4018990446519065,0.39474008034589764,0.4090947547076482,0.014354674361750586,False,0.5340000000000003,0.492,40
992,0.89,0.65629037765531,0.6288502774383602,0.6841927420289755,0.055342464590615315,False,0.5260000000000002,0.484,41
993,0.69,0.5399672066611125,0.5047075341416014,0.5760531158265991,0.07134558168499772,False,0.5180000000000002,0.476,41
994,0.52,0.5810504341541705,0.5414256833223416,0.621693800995498,0.08026811767315634,False,0.5100000000000002,0.46799999999999997,42
995,0.48,0.48506335739219364,0.4445644083575908,0.52669771088742,0.0821333025298292,True,0.5120000000000002,0.472,43
996,0.48,0.4764663039938092,0.4335178478145706,0.5207015037535283,0.08718365593895772,True,0.5140000000000002,0.476,42
997,0.46,0.4781285456827768,0.43319936023002265,0.5244662104870179,0.09126685025699527,True,0.5160000000000002,0.48,42
998,0.45,0.4644862847853892,0.41847870413403343,0.511986096142234,0.09350739200820057,True,0.5180000000000002,0.484,42
999,0.44,0.46025327323062976,0.4132164176538589,0.5088556822179837,0.0956392645641248,True,0.5200000000000002,0.488,41
1000,1.88,0.453940924323645,0.4063973581615997,0.5030917109986466,0.09669435283704686,False,0.5120000000000002,0.48,41
1001,2.53,1.158123172878863,1.0908297727564333,1.2275824124967136,0.1367526397402803,False,0.5040000000000002,0.472,42
1002,1.63,1.7901014886866462,1.7105484023891395,1.8719894137694997,0.16144101138036016,False,0.4960000000000002,0.46399999999999997,42
1003,1.78,1.0938550641555214,1.0379031802183514,1.1513431414440278,0.11343996122567646,False,0.4880000000000002,0.45599999999999996,43
1004,1.73,1.569438766060237,1.5038868296826764,1.6367068568230154,0.13282002714033903,False,0.4800000000000002,0.44799999999999995,44
1005,1.23,1.3924644114317029,1.3324377365870856,1.4540359085180374,0.12159817193095179,False,0.4720000000000002,0.43999999999999995,44
1006,1.01,0.9693358532000065,0.9211690790741138,1.0187102452055359,0.09754116613142205,True,0.4740000000000002,0.44399999999999995,45
1007,0.89,0.8987081364568377,0.8528837974461516,0.9456657737610599,0.09278197631490825,True,0.4760000000000002,0.44799999999999995,44
1008,1.4,0.8056971691351316,0.7624581524474028,0.8499969840957302,0.08753883164832743,False,0.4680000000000002,0.43999999999999995,44
1009,1.59,1.3933850878286251,1.3325749022952462,1.4557805937995023,0.12320569150425609,False,0.4600000000000002,0.43199999999999994,45
1010,1.4,1.3490714837812812,1.2855541707220728,1.414353991955942,0.12879982123386924,True,0.4620000000000002,0.43599999999999994,45
1011,1.17,1.1927620998754018,1.1299697459919074,1.2574055972850657,0.12743585129315838,True,0.4640000000000002,0.43999999999999995,45
1012,1.04,1.0220384374429132,0.9609554325008263,1.0850241544155317,0.12406872191470542,True,0.4660000000000002,0.44399999999999995,45
1013,1.14,0.9542672982546918,0.8926177603446694,1.0179249888958957,0.12530722855122622,False,0.4580000000000002,0.43599999999999994,44
1014,1.02,1.0949634546575102,1.0247187058889597,1.1676452455273685,0.14292653963840873,False,0.4500000000000002,0.42799999999999994,45
1015,0.95,0.9183298543681959,0.8494111238221902,0.9898168572463462,0.14040573342415597,True,0.4520000000000002,0.43199999999999994,46
1016,1.0,0.9165293988104692,0.8436489395436024,0.9922908628223415,0.14864192327873904,False,0.4440000000000002,0.42399999999999993,45
1017,0.95,0.976817785249319,0.8950967233136906,1.0620628530479355,0.16696612973424485,True,0.4460000000000002,0.42799999999999994,46
1018,0.93,0.9054000012303067,0.8202085268848667,0.9945787040685012,0.17437017718363457,True,0.4480000000000002,0.43199999999999994,46
1019,0.86,0.9164874283326931,0.8253130223473326,1.0122159969219524,0.1869029745746198,True,0.4500000000000002,0.43599999999999994,45
1020,0.83,0.8417613437841875,0.7484443140070649,0.940058839897391,0.19161452589032613,True,0.4520000000000002,0.43999999999999995,45
1021,0.79,0.8485285774935143,0.7491213909558814,0.9535853368889391,0.20446394593305772,True,0.4540000000000002,0.44399999999999995,45
1022,0.77,0.8043192306292457,0.7024476571776044,0.9122866258430185,0.20983896866541407,True,0.4560000000000002,0.44799999999999995,44
1023,1.05,0.8103460214664997,0.7021952148783339,0.9253683060516862,0.22317309117335227,False,0.4480000000000002,0.43999999999999995,44
1024,1.11,1.1546143840957552,1.0071858859587195,1.3128715564552387,0.3056856704965192,True,0.4500000000000002,0.44399999999999995,45
1025,2.99,0.9839857906300213,0.833858993489184,1.146402548612878,0.3125435551236939,False,0.44200000000000017,0.43599999999999994,44
1026,2.58,3.1797566212522446,2.833692609515396,3.5570595225970267,0.7233669130816307,False,0.43400000000000016,0.42799999999999994,45
1027,3.3,1.6710754818160591,1.4319097206975533,1.9337619603380833,0.50185223964053,False,0.42600000000000016,0.41999999999999993,46
1028,3.49,2.8182581419447557,2.474451624349243,3.1960852574132614,0.7216336330640183,False,0.41800000000000015,0.4119999999999999,46
1029,4.98,2.90847965911863,2.551853292581377,3.300913350686792,0.7490600581054152,False,0.41000000000000014,0.4039999999999999,47
1030,7.87,4.448820244344177,3.9592628134892154,4.986704712325186,1.0274418988359706,False,0.40200000000000014,0.3959999999999999,48
1031,15.45,7.6615116573065905,6.929934793846889,8.460580211563652,1.5306454177167632,False,0.39400000000000013,0.3879999999999999,48
1032,24.4,16.58792773000657,15.197269501431734,18.097984497238304,2.9007149958065703,False,0.3860000000000001,0.3799999999999999,49
1033,10.55,25.553482739091006,23.61505439336391,27.644561751010876,4.029507357646967,False,0.3780000000000001,0.3719999999999999,50
1034,6.4,7.559000859316166,6.923846784461116,8.245067162761512,1.3212203783003957,False,0.3700000000000001,0.3639999999999999,50
1035,4.7,5.5552820557158045,5.062101179591051,6.088585550940688,1.0264843713496372,False,0.3620000000000001,0.35599999999999987,51
1036,3.92,4.125932555974394,3.7299066568167083,4.5551169346081215,0.8252102777914132,True,0.3640000000000001,0.3599999999999999,52
1037,3.6,3.6317511416507484,3.2662353735850633,4.028582991696312,0.7623476181112485,True,0.3660000000000001,0.3639999999999999,51
1038,11.25,3.420266984466962,3.062363417060049,3.809702679951007,0.7473392628909581,False,0.3580000000000001,0.35599999999999987,51
1039,14.65,13.271009087970803,12.048522098726277,14.608028161965223,2.5595060632389455,False,0.3500000000000001,0.34799999999999986,52
1040,12.2,12.67190419216631,11.448392318687958,14.015671056507633,2.5672787378196755,True,0.3520000000000001,0.35199999999999987,52
1041,14.94,10.365096971587937,9.298140470658161,11.542597330228709,2.2444568595705476,False,0.3440000000000001,0.34399999999999986,52
1042,14.37,14.346143179350824,12.85831532430557,15.993704138633227,3.1353888143276567,True,0.3460000000000001,0.34799999999999986,52
1043,12.08,12.503275811046466,11.149630101718646,14.007737363411549,2.8581072616929024,True,0.3480000000000001,0.35199999999999987,52
1044,14.18,10.550998005019537,9.347713802734084,11.894206145971248,2.546492343237164,False,0.3400000000000001,0.34399999999999986,52
1045,23.96,13.610922668867182,12.043993192414616,15.36608192648858,3.3220887340739633,False,0.3320000000000001,0.33599999999999985,52
1046,63.95,24.47338051462156,21.649868044536046,27.648869546029758,5.999001501493712,False,0.32400000000000007,0.32799999999999985,53
1047,33.83,75.10842106756058,66.42947510540189,84.90444680672076,18.474971701318864,False,0.31600000000000006,0.31999999999999984,54
1048,29.46,21.71125762463855,18.830130305692286,25.01098504857735,6.180854742885064,False,0.30800000000000005,0.31199999999999983,54
1049,27.67,25.78628255628307,21.957905724538573,30.253065579850738,8.295159855312164,True,0.31000000000000005,0.31599999999999984,55
1050,20.38,22.305624266083097,18.45207717273627,26.922576987979195,8.470499815242924,True,0.31200000000000006,0.31999999999999984,55
1051,14.04,16.645849368788422,13.698692181216579,20.183925488546347,6.485233307329768,True,0.31400000000000006,0.32399999999999984,54
1052,11.19,12.083893761314098,9.865733488200412,14.754875282304228,4.889141794103816,True,0.31600000000000006,0.32799999999999985,54
1053,15.13,10.726961844945869,8.715161652174938,13.155362415614482,4.4402007634395435,False,0.30800000000000005,0.31999999999999984,54
1054,12.46,15.919140854573019,12.997111963475696,19.451170784648045,6.4540588211723495,False,0.30000000000000004,0.31199999999999983,54
1055,9.69,11.461356100908455,9.296817721190514,14.08091141150106,4.784093690310545,True,0.30200000000000005,0.31599999999999984,55
1056,7.88,10.348522153248519,8.364492750601878,12.752902425440483,4.388409674838606,False,0.29400000000000004,0.30799999999999983,55
1057,7.42,8.759538581440586,7.048770297714109,10.833931122332862,3.785160824618753,True,0.29600000000000004,0.31199999999999983,55
1058,6.22,8.409247151078917,6.733694715632447,10.447818307481068,3.7141235918486206,False,0.28800000000000003,0.3039999999999998,55
1059,5.7,6.732732312029359,5.335302550104318,8.438404643913701,3.103102093809383,True,0.29000000000000004,0.30799999999999983,56
1060,7.06,6.401678737328059,5.060060366130452,8.040313927697094,2.9802535615666415,True,0.29200000000000004,0.31199999999999983,55
1061,7.02,8.29838841406514,6.601068166409471,10.374720658460049,3.7736524920505783,True,0.29400000000000004,0.31599999999999984,55
1062,8.53,7.455827386232798,5.816084209627161,9.490043049171147,3.673958839543986,True,0.29600000000000004,0.31999999999999984,55
1063,9.18,9.515578320080472,7.296511577000313,12.32817852171633,5.031666944716017,True,0.29800000000000004,0.32399999999999984,54
1064,8.34,9.82052754687378,7.432597060995615,12.884668690529193,5.452071629533577,True,0.30000000000000004,0.32799999999999985,54
1065,7.42,8.89632068928716,6.672933980352783,11.763978347264521,5.091044366911738,True,0.30200000000000005,0.33199999999999985,54
1066,6.5,8.028451820271272,5.92743878488788,10.766678104580167,4.839239319692288,True,0.30400000000000005,0.33599999999999985,53
1067,5.76,7.045254116328433,5.041456632978564,9.713660252558705,4.6722036195801415,True,0.30600000000000005,0.33999999999999986,53
1068,6.1,6.331031123325741,4.410439418439713,8.933392313386186,4.522952894946473,True,0.30800000000000005,0.34399999999999986,53
1069,6.42,6.838302505715341,4.699386093206176,9.779930533981606,5.08054444077543,True,0.31000000000000005,0.34799999999999986,52
1070,6.14,7.044861288652619,4.791554476514429,10.174857012242457,5.383302535728028,True,0.31200000000000006,0.35199999999999987,52
1071,6.04,6.598789273679237,4.406108706653566,9.680806021291653,5.274697314638088,True,0.31400000000000006,0.35599999999999987,52
1072,6.27,6.544445240348619,4.2596715754809304,9.821712566609147,5.5620409911282165,True,0.31600000000000006,0.3599999999999999,52
1073,6.17,6.793171290462856,4.450020206047989,10.143723594840504,5.693703388792515,True,0.31800000000000006,0.3639999999999999,51
1074,6.1,6.496766064921464,4.339749232969558,9.525119997236855,5.185370764267297,True,0.32000000000000006,0.3679999999999999,51
1075,30.08,6.253028518610153,4.268827902417804,8.984464033761986,4.715636131344182,False,0.31200000000000006,0.3599999999999999,51
1076,26.26,44.91421069983897,32.38506769201419,62.14543866249142,29.760370970477233,False,0.30400000000000005,0.35199999999999987,51
1077,18.32,21.225022454406165,14.923483231803216,30.02032488170127,15.096841649898055,True,0.30600000000000005,0.35599999999999987,52
1078,13.47,14.747633876021823,9.954083319314831,21.6388612779642,11.684777958649368,True,0.30800000000000005,0.3599999999999999,52
1079,10.29,11.755071175717891,7.634114974951103,17.842908760147797,10.208793785196693,True,0.31000000000000005,0.3639999999999999,51
1080,8.31,9.633374134970222,5.998005716476996,15.157266809318326,9.15926109284133,True,0.31200000000000006,0.3679999999999999,51
1081,7.0,8.263599862614466,4.941888719266828,13.442256741761971,8.500368022495143,True,0.31400000000000006,0.3719999999999999,51
1082,10.16,7.408287323807759,4.281731567551834,12.385628333337754,8.10389676578592,True,0.31600000000000006,0.3759999999999999,50
1083,12.88,10.48808285846827,6.085250636654653,17.62687073909158,11.541620102436926,True,0.31800000000000006,0.3799999999999999,50
1084,11.17,11.54803072690788,6.610075220865534,19.690081313745065,13.08000609287953,True,0.32000000000000006,0.3839999999999999,50
1085,10.49,9.9510033533578,5.557586986654456,17.287896857383014,11.730309870728558,True,0.32200000000000006,0.3879999999999999,49
1086,16.77,9.822227149393964,5.416516724539925,17.25298764127784,11.836470916737916,True,0.32400000000000007,0.3919999999999999,49
1087,28.62,14.748737762475477,8.2792307703425,25.728804062501666,17.449573292159165,False,0.31600000000000006,0.3839999999999999,49
1088,20.42,22.798876694689586,13.049033597180554,39.31498166839782,26.265948071217267,True,0.31800000000000006,0.3879999999999999,49
1089,15.61,14.490971861861718,8.146224814577042,25.23707749262105,17.09085267804401,True,0.32000000000000006,0.3919999999999999,49
1090,11.55,13.15949147146708,7.372005476468226,22.947810270082055,15.575804793613829,True,0.32200000000000006,0.3959999999999999,49
1091,8.99,10.293882011420123,5.677254335884283,18.102428104678015,12.425173768793734,True,0.32400000000000007,0.3999999999999999,48
1092,7.5,8.934332812263287,4.87559209257897,15.796769903319241,10.921177810740271,True,0.32600000000000007,0.4039999999999999,48
1093,6.56,7.9593634275991985,4.334296723985764,14.047942996283961,9.713646272298197,True,0.32800000000000007,0.4079999999999999,48
1094,5.84,7.2896551860539045,3.9731538801930313,12.817867847878285,8.844713967685253,True,0.33000000000000007,0.4119999999999999,47
1095,5.1,6.733767876151464,3.683035025102214,11.77188089381989,8.088845868717677,True,0.3320000000000001,0.4159999999999999,47
1096,4.65,6.04064375836342,3.3387706054902377,10.425048484807094,7.086277879316857,True,0.3340000000000001,0.41999999999999993,47
1097,5.29,5.636319782406876,3.1671682346931638,9.568505463184795,6.401337228491632,True,0.3360000000000001,0.42399999999999993,46
1098,17.02,6.41848607404754,3.7667544044534473,10.545368391419661,6.778613986966214,False,0.32800000000000007,0.4159999999999999,46
1099,10.61,18.648673940818203,11.813340372939365,29.13034668523554,17.317006312296176,False,0.32000000000000006,0.4079999999999999,47
1100,8.92,8.808905916256109,5.4753912872445545,13.858505224771656,8.383113937527103,True,0.32200000000000006,0.4119999999999999,47
1101,75.1,9.334966548657496,5.887604428882649,14.507791520947885,8.620187092065237,False,0.31400000000000006,0.4039999999999999,47
1102,79.17,51.835465817163104,34.28760416146778,78.10954893233804,43.82194477087026,False,0.30600000000000005,0.3959999999999999,48
1103,34.45,20.4674846630616,13.420082997953605,30.959101610176997,17.539018612223394,False,0.29800000000000004,0.3879999999999999,48
1104,20.62,25.18304666024589,16.253563871677144,38.73393192915881,22.480368057481662,True,0.30000000000000004,0.3919999999999999,49
1105,15.32,11.187665357615947,6.665048932252991,18.378765638952242,11.713716706699252,True,0.30200000000000005,0.3959999999999999,49
1106,23.67,17.312189412257187,10.582758161453395,27.95133235073143,17.368574189278036,True,0.30400000000000005,0.3999999999999999,48
1107,46.37,21.19772560433994,10.830679666061451,40.6492573473259,29.81857768126445,False,0.29600000000000004,0.3919999999999999,48
1108,32.1,44.565707668208965,23.696914113450827,83.06854823104746,59.37163411759663,True,0.29800000000000004,0.3959999999999999,49
1109,22.67,14.456965927134906,7.264100333419831,27.91032127313743,20.6462209397176,True,0.30000000000000004,0.3999999999999999,48
1110,16.27,23.715280508012533,12.694538273494402,43.60501540033861,30.910477126844206,True,0.30200000000000005,0.4039999999999999,48
1111,12.64,11.37876616767478,6.079361743710756,20.64515070445459,14.565788960743834,True,0.30400000000000005,0.4079999999999999,48
1112,10.5,14.73851218495568,8.227490141001832,25.843785472644832,17.616295331643002,True,0.30600000000000005,0.4119999999999999,47
1113,9.48,9.961939299848828,5.65536437952705,17.055226785660896,11.399862406133845,True,0.30800000000000005,0.4159999999999999,47
1114,8.53,11.821123035477813,6.957172613058136,19.658241800749888,12.701069187691752,True,0.31000000000000005,0.41999999999999993,47
1115,13.9,9.135896224685427,5.425686284278417,14.988392170491602,9.562705886213186,True,0.31200000000000006,0.42399999999999993,46
1116,12.61,18.67905037052022,11.770960879897673,29.32387516706378,17.552914287166104,True,0.31400000000000006,0.42799999999999994,46
1117,9.7,10.351541651825608,6.490545218334639,16.202686068528976,9.712140850194338,True,0.31600000000000006,0.43199999999999994,46
1118,8.11,11.972958707522647,7.7174787158359965,18.305772128971366,10.58829341313537,True,0.31800000000000006,0.43599999999999994,45
1119,7.03,8.810055395552796,5.675741999536774,13.415953592947776,7.7402115934110025,True,0.32000000000000006,0.43999999999999995,45
1120,6.27,9.22715610130932,6.07609109774197,13.781426705193969,7.705335607451999,True,0.32200000000000006,0.44399999999999995,45
1121,5.65,7.708275772015913,5.114394274327237,11.402547745389437,6.2881534710622,True,0.32400000000000007,0.44799999999999995,44
1122,5.14,7.593032438466768,5.101916262703703,11.101150410711174,5.999234148007471,True,0.32600000000000007,0.45199999999999996,44
1123,4.68,6.693309660557518,4.52858371139029,9.705637577900346,5.177053866510056,True,0.32800000000000007,0.45599999999999996,44
1124,4.45,6.313777214943585,4.318505275988918,9.057588433976274,4.7390831579873565,True,0.33000000000000007,0.45999999999999996,44
1125,4.64,5.99847910417525,4.145279441705319,8.519154465076907,4.373875023371588,True,0.3320000000000001,0.46399999999999997,43
1126,5.1,6.30882227518765,4.43346592688981,8.8314563427946,4.397990415904789,True,0.3340000000000001,0.46799999999999997,43
1127,4.49,6.60733181691019,4.668433650231132,9.209433671366048,4.5410000211349155,False,0.32600000000000007,0.45999999999999996,43
1128,4.18,5.3355807858938755,3.781265506454173,7.395179861985014,3.6139143555308406,True,0.32800000000000007,0.46399999999999997,43
1129,4.11,5.5356647620518515,3.937788314809344,7.6506166645128015,3.7128283497034573,True,0.33000000000000007,0.46799999999999997,43
1130,4.03,5.160385208334502,3.723997746808122,7.033523288767139,3.309525541959017,True,0.3320000000000001,0.472,43
1131,4.19,5.16180983147844,3.7523859470628516,6.989229162410494,3.2368432153476423,True,0.3340000000000001,0.476,42
1132,4.03,5.340024528238517,3.953781514248421,7.1141872936970785,3.1604057794486575,True,0.3360000000000001,0.48,42
1133,3.98,4.885399394443608,3.63843650413122,6.467586545868839,2.829150041737619,True,0.3380000000000001,0.484,42
1134,3.88,5.006060420423938,3.7612273724103593,6.576357722971173,2.815130350560814,True,0.3400000000000001,0.488,41
1135,3.67,4.7415998903859995,3.588916656894922,6.183823931896565,2.594907275001643,True,0.3420000000000001,0.492,41
1136,3.54,4.482027516342627,3.39990348962404,5.8302920190882705,2.4303885294642305,True,0.3440000000000001,0.496,41
1137,3.41,4.3305788080609835,3.3237000735414277,5.571933747863975,2.248233674322547,True,0.3460000000000001,0.5,40
1138,3.28,4.100744503837808,3.168736387048569,5.2411225075932055,2.0723861205446363,True,0.3480000000000001,0.5,40
1139,3.16,3.9169544303850543,3.0659896011960948,4.946016404806155,1.8800268036100602,True,0.3500000000000001,0.5,40
1140,3.46,3.5769329490574515,2.7522236512451044,4.582906875291519,1.8306832240464144,True,0.3520000000000001,0.5,40
1141,3.41,3.814283269869092,2.978355866154488,4.825854745604956,1.8474988794504679,True,0.3540000000000001,0.5,40
1142,3.22,3.401840526404304,2.6327574222683165,4.3337445272623505,1.700987104994034,True,0.3560000000000001,0.5,40
1143,3.0,3.316237716398616,2.529774891417663,4.277930915583009,1.748156024165346,True,0.3580000000000001,0.5,40
1144,2.89,3.0674304656091005,2.303622514384556,4.007833225657474,1.7042107112729177,True,0.3600000000000001,0.5,40
1145,2.85,3.0123784983480535,2.2542828343410526,3.947074988110442,1.6927921537693895,True,0.3620000000000001,0.5,40
1146,3.15,2.9621396283940555,2.211607832266294,3.8880658084000217,1.6764579761337277,True,0.3640000000000001,0.5,40
1147,3.02,3.3392722035150095,2.481593797524759,4.408236672981409,1.92664287545665,True,0.3660000000000001,0.5,40
1148,2.94,2.9624737152040272,2.155395513346419,3.975984112695615,1.820588599349196,True,0.3680000000000001,0.5,40
1149,2.81,2.982279693979879,2.120934177053291,4.081347654713349,1.9604134776600586,True,0.3700000000000001,0.5,40
1150,2.74,2.822224193593616,1.9565229351437328,3.9414119580919564,1.9848890229482237,True,0.3720000000000001,0.5,40
1151,2.51,2.777126795196433,1.9021875296400905,3.9158390632186793,2.0136515335785887,True,0.3740000000000001,0.5,40
1152,2.6,2.516044082946933,1.689700977701511,3.596260363406861,1.90655938570535,True,0.3760000000000001,0.5,40
1153,5.31,2.6661153556599233,1.8056212174020927,3.7905261471649503,1.9849049297628576,False,0.3680000000000001,0.492,40
1154,58.89,8.020930603160263,5.777155052884553,11.007573725555666,5.230418672671113,False,0.3600000000000001,0.484,41
1155,45.27,225.47869623201254,161.44159515368418,314.76025708455313,153.31866193086896,False,0.3520000000000001,0.476,41
1156,31.65,11.057634514095854,7.626619234412747,15.853247619362751,8.226628384950004,False,0.3440000000000001,0.46799999999999997,42
1157,20.63,22.709748037518217,16.55318119399043,31.025656534273082,14.472475340282653,True,0.3460000000000001,0.472,43
1158,15.71,14.487225136263502,10.808383018261614,19.312191944517604,8.50380892625599,True,0.3480000000000001,0.476,42
1159,12.61,12.472943002928433,9.536214096714252,16.22821798170994,6.692003884995687,True,0.3500000000000001,0.48,42
1160,10.41,10.349093706457637,8.067702556373252,13.204472098329656,5.136769541956404,True,0.3520000000000001,0.484,42
1161,8.78,8.930746613000965,7.0802833054003145,11.204983979425494,4.1247006740251795,True,0.3540000000000001,0.488,41
1162,8.22,7.77913979436927,6.255525112696999,9.622703985160443,3.3671788724634446,True,0.3560000000000001,0.492,41
1163,7.93,7.570044269083732,6.181874922409632,9.226529919768188,3.044654997358556,True,0.3580000000000001,0.496,41
1164,7.07,7.360154869210408,6.094783711922352,8.851207912051349,2.756424200128997,True,0.3600000000000001,0.5,40
1165,6.48,6.571725306648216,5.4953498625335335,7.826472065813382,2.3311222032798486,True,0.3620000000000001,0.5,40
1166,6.08,6.2151805732583325,5.2510861648675276,7.327965625767002,2.076879460899474,True,0.3640000000000001,0.5,40
1167,6.27,5.9020223993125285,5.02696483423107,6.904129941167906,1.8771651069368351,True,0.3660000000000001,0.5,40
1168,9.01,6.195401640234167,5.330363086063733,7.178646952852413,1.8482838667886794,False,0.3580000000000001,0.492,40
1169,14.55,9.046182296368478,7.89738926408503,10.343302595432327,2.445913331347297,False,0.3500000000000001,0.484,41
1170,14.92,13.779598790726963,12.169126867777287,15.587017697379515,3.4178908296022286,True,0.3520000000000001,0.488,41
1171,11.83,12.534511258070804,11.112525773657552,14.123434898543923,3.0109091248863713,True,0.3540000000000001,0.492,41
1172,9.52,10.03004135561451,8.895534494550112,11.294617574580801,2.399083080030689,True,0.3560000000000001,0.496,41
1173,10.05,8.494131028961995,7.547648780314402,9.545417378717268,1.9977685984028657,False,0.3480000000000001,0.488,40
1174,9.28,9.55892019027426,8.512750041300004,10.720143502198571,2.207393460898567,True,0.3500000000000001,0.492,41
1175,10.03,8.463331037838943,7.528272955356275,9.500910887881481,1.9726379325252061,False,0.3420000000000001,0.484,41
1176,9.79,9.623074460048047,8.562328995301637,10.801488009790582,2.239159014488944,True,0.3440000000000001,0.488,41
1177,9.15,9.03274205396265,8.008997238022276,10.172820954649046,2.1638237166267693,True,0.3460000000000001,0.492,41
1178,8.25,8.594019798112154,7.603267973987554,9.698866542908075,2.0955985689205203,True,0.3480000000000001,0.496,41
1179,7.13,7.813426368145988,6.892201898094404,8.84218160529905,1.9499797072046459,True,0.3500000000000001,0.5,40
1180,6.31,6.911928943800485,6.071861632665472,7.85178795391019,1.7799263212447176,True,0.3520000000000001,0.5,40
1181,5.67,6.3360192254956615,5.548438682705139,7.218322058810248,1.6698833761051093,True,0.3540000000000001,0.5,40
1182,5.12,5.834228917906988,5.089276832784563,6.670317212528116,1.5810403797435528,True,0.3560000000000001,0.5,40
1183,4.65,5.393597136806329,4.679565590101426,6.1973962971784395,1.5178307070770138,False,0.3480000000000001,0.492,40
1184,4.26,5.057196629033609,4.358488813384575,5.847010842148589,1.488522028764014,False,0.3400000000000001,0.484,41
1185,3.91,4.77158302873819,4.080501261811504,5.556670088443451,1.4761688266319473,False,0.3320000000000001,0.476,41
1186,3.58,4.526950049274198,3.8372644745843685,5.314969340144827,1.477704865560458,False,0.32400000000000007,0.46799999999999997,42
1187,3.37,4.32078291031386,3.611706651073476,5.13888369766496,1.5271770465914845,False,0.31600000000000006,0.45999999999999996,43
1188,3.19,4.1520328626968,3.4284099417376392,4.993899157378496,1.5654892156408566,False,0.30800000000000005,0.45199999999999996,43
1189,11.85,4.068628049486081,3.310310427128326,4.960357319589457,1.6500468924611313,False,0.30000000000000004,0.44399999999999995,44
1190,9.36,24.81125729684598,21.040189162753588,29.227553780248527,8.18736461749494,False,0.29200000000000004,0.43599999999999994,44
1191,7.44,8.898214568747438,7.465030377329997,10.574046079190419,3.1090157018604216,False,0.28400000000000003,0.42799999999999994,45
1192,6.26,7.4402201433229855,6.162837646025849,8.945404264087935,2.782566618062086,True,0.28600000000000003,0.43199999999999994,46
1193,5.79,6.478894830932236,5.310208056982028,7.864029107607005,2.5538210506249763,True,0.28800000000000003,0.43599999999999994,45
1194,5.26,6.177114661104403,5.020189417976297,7.556371117630933,2.5361816996546356,True,0.29000000000000004,0.43999999999999995,45
1195,5.36,5.685501549581181,4.582564230385848,7.0063442398338776,2.4237800094480297,True,0.29200000000000004,0.44399999999999995,45
1196,5.63,5.850840739581627,4.697532482039292,7.237604434387086,2.5400719523477937,True,0.29400000000000004,0.44799999999999995,44
1197,5.65,6.035875999071737,4.836572245906776,7.481613691842991,2.645041445936215,True,0.29600000000000004,0.45199999999999996,44
1198,5.55,5.986519923514072,4.786444190786138,7.43548456224333,2.6490403714571915,True,0.29800000000000004,0.45599999999999996,44
1199,5.27,5.878645722509311,4.697094571007516,7.305245136105922,2.6081505650984065,True,0.30000000000000004,0.45999999999999996,44
1200,5.06,5.617732309223127,4.484387596767992,6.9852818831302415,2.500894286362249,True,0.30200000000000005,0.46399999999999997,43
1201,5.15,5.432729886172712,4.339037575108697,6.750463113685266,2.4114255385765695,True,0.30400000000000005,0.46799999999999997,43
1202,4.9,5.522329080675336,4.423504564230317,6.843780001070285,2.420275436839968,True,0.30600000000000005,0.472,43
1203,7.4,5.246859469928082,4.205810217070092,6.496096017690214,2.290285800620122,False,0.29800000000000004,0.46399999999999997,42
1204,13.88,7.608362666900266,6.165596498080446,9.341624430671416,3.17602793259097,False,0.29000000000000004,0.45599999999999996,43
1205,11.23,13.281400319210595,10.89828867464383,16.1418260772408,5.243537402596971,True,0.29200000000000004,0.45999999999999996,44
1206,10.52,9.862385380817681,8.046787092622024,12.042355805811752,3.995568713189728,True,0.29400000000000004,0.46399999999999997,43
1207,10.57,9.682109153510801,7.886101386231754,11.841115693809085,3.955014307577331,True,0.29600000000000004,0.46799999999999997,43
1208,9.32,9.596206063304749,7.790875431993324,11.77228687911882,3.9814114471254953,True,0.29800000000000004,0.472,43
1209,8.34,8.607667324186965,6.951279700062312,10.609108834585019,3.657829134522707,True,0.30000000000000004,0.476,42
1210,8.6,7.834854317133697,6.286638493983904,9.712024600838985,3.425386106855081,True,0.30200000000000005,0.48,42
1211,8.47,8.151920848984402,6.52607533463206,10.128995060766314,3.602919726134254,True,0.30400000000000005,0.484,42
1212,7.84,8.011721102913825,6.392521695383606,9.98557712551809,3.5930554301344833,True,0.30600000000000005,0.488,41
1213,6.96,7.478212087853182,5.935653049768044,9.363851780190148,3.4281987304221033,True,0.30800000000000005,0.492,41
1214,6.19,6.826935076466353,5.386747582517608,8.5918794190189,3.205131836501292,True,0.31000000000000005,0.496,41
1215,7.66,6.2822016889813135,4.929938435889659,7.942835075326752,3.012896639437092,True,0.31200000000000006,0.5,40
1216,7.23,7.599881944361593,5.980659028765183,9.594697313276315,3.614038284511132,True,0.31400000000000006,0.5,40
1217,6.94,6.963253079949028,5.442254470140555,8.843355289555046,3.4011008194144905,True,0.31600000000000006,0.5,40
1218,6.16,6.812267860410531,5.30193599399089,8.684568231254483,3.382632237263593,True,0.31800000000000006,0.5,40
1219,5.51,6.187646557066366,4.786572089667687,7.927956349417029,3.1413842597493415,True,0.32000000000000006,0.5,40
1220,6.28,5.735762756336161,4.41523461874703,7.378307331796286,2.9630727130492556,True,0.32200000000000006,0.5,40
1221,9.32,6.434820700267731,4.969337585834895,8.260082555273737,3.290744969438842,False,0.31400000000000006,0.492,40
1222,14.26,8.699586504620578,6.77032691859978,11.107853291914171,4.337526373314391,False,0.30600000000000005,0.484,41
1223,12.23,12.000972071666425,9.42456116269029,15.214138146476145,5.789576983785855,True,0.30800000000000005,0.488,41
1224,9.82,9.690459669118532,7.582763734087889,12.315749038173347,4.732985304085458,True,0.31000000000000005,0.492,41
1225,8.2,8.510998469892122,6.658756731940313,10.811197960765217,4.1524412288249035,True,0.31200000000000006,0.496,41
1226,6.94,7.570187146226878,5.928181778993823,9.601354015283825,3.673172236290002,True,0.31400000000000006,0.5,40
1227,6.84,6.848945134258946,5.342959028542895,8.7124921418197,3.3695331132768054,True,0.31600000000000006,0.5,40
1228,6.68,7.018481848253508,5.47070452431466,8.936483872686313,3.4657793483716537,True,0.31800000000000006,0.5,40
1229,6.21,6.767248619815508,5.294706568200008,8.584267426666962,3.2895608584669542,True,0.32000000000000006,0.5,40
1230,6.43,6.34512369138513,4.969145583483897,8.03828551125045,3.069139927766553,True,0.32200000000000006,0.5,40
1231,7.66,6.854362000984282,5.4077585612166885,8.627547894187838,3.2197893329711498,True,0.32400000000000007,0.5,40
1232,7.11,8.06711134783326,6.404674350774472,10.102785119160288,3.698110768385816,True,0.32600000000000007,0.5,40
1233,7.14,6.615745818412736,5.230612863856502,8.308808882529677,3.078196018673175,True,0.32800000000000007,0.5,40
1234,7.21,7.535224098703736,5.996749755483395,9.411984558687408,3.4152348032040125,True,0.33000000000000007,0.5,40
1235,6.48,7.061829419182455,5.612109407549496,8.829403837418159,3.217294429868663,True,0.3320000000000001,0.5,40
1236,5.76,6.495375151957072,5.1462323410365,8.140664646449274,2.994432305412774,True,0.3340000000000001,0.5,40
1237,5.09,5.949947826753483,4.702916395504094,7.469662089501133,2.7667456939970396,True,0.3360000000000001,0.5,40
1238,4.55,5.411370258057233,4.26803579422945,6.802845347202764,2.5348095529733143,True,0.3380000000000001,0.5,40
1239,4.14,4.9710944744915615,3.924170605464133,6.2406039676488945,2.3164333621847613,True,0.3400000000000001,0.5,40
1240,3.81,4.591360108408492,3.6290947434442993,5.753654784486051,2.124560041041752,True,0.3420000000000001,0.5,40
1241,3.56,4.259432052280017,3.3745799568397805,5.323264355769896,1.9486843989301157,True,0.3440000000000001,0.5,40
1242,3.53,4.0004411467465655,3.183970391669628,4.976240107210226,1.7922697155405984,True,0.3460000000000001,0.5,40
1243,3.41,4.007648506853293,3.2193011738922532,4.943293103454196,1.7239919295619428,True,0.3480000000000001,0.5,40
1244,4.53,3.49500727801467,2.8185806362508496,4.291256713971759,1.4726760777209091,False,0.3400000000000001,0.492,40
1245,4.1,5.549664380842459,4.603752439980431,6.655246009016456,2.051493569036025,False,0.3320000000000001,0.484,41
1246,3.74,3.896540689041596,3.2089062769202643,4.696518083786773,1.487611806866509,True,0.3340000000000001,0.488,41
1247,3.5,4.0089958083781045,3.337965279404628,4.783826608172611,1.4458613287679833,True,0.3360000000000001,0.492,41
1248,3.26,3.606698274923473,3.0212673069144342,4.277358448589816,1.2560911416753822,True,0.3380000000000001,0.496,41
1249,3.24,3.4053234499212355,2.869961783298412,4.014745825703023,1.144784042404611,True,0.3400000000000001,0.5,40
1250,3.25,3.4414623781365563,2.93181054349919,4.017176651356751,1.0853661078575607,True,0.3420000000000001,0.5,40
1251,8.85,3.420799406693268,2.9345566480085603,3.967133311986065,1.0325766639775047,False,0.3340000000000001,0.492,40
1252,8.89,11.92888387140374,10.507335151768974,13.526042385629792,3.018707233860818,False,0.32600000000000007,0.484,41
1253,6.8,7.62673204732581,6.696086619707435,8.669915308098135,1.9738286883907001,True,0.32800000000000007,0.488,41
1254,5.48,6.3744519547514935,5.59327327464311,7.248185592744418,1.6549123181013083,False,0.32000000000000006,0.48,41
1255,5.35,5.304878646975695,4.63993951962573,6.0482129488736085,1.4082734292478785,True,0.32200000000000006,0.484,42
1256,9.45,5.516750142855721,4.829327419944244,6.2852371062760195,1.4559096863317755,False,0.31400000000000006,0.476,41
1257,9.53,10.133890003303428,8.968519541705367,11.435498178744895,2.466978637039528,True,0.31600000000000006,0.48,42
1258,8.24,8.126960392060997,7.176182956580579,9.188300144532032,2.0121171879514534,True,0.31800000000000006,0.484,42
1259,7.39,7.545389911028767,6.658767117360413,8.5346532428159,1.8758861254554864,True,0.32000000000000006,0.488,41
1260,7.23,6.987794393799359,6.1628582648282055,7.907737235415304,1.7448789705870986,True,0.32200000000000006,0.492,41
1261,6.43,7.128619876220284,6.288257309543361,8.065879302253023,1.777621992709662,True,0.32400000000000007,0.496,41
1262,5.66,6.261083683925641,5.508376669538499,7.100842797211627,1.592466127673128,True,0.32600000000000007,0.5,40
1263,5.07,5.6341046374600445,4.933743962025696,6.4171289867626875,1.4833850247369913,True,0.32800000000000007,0.5,40
1264,4.53,5.149863599668599,4.496818297088586,5.880493451013432,1.3836751539248464,True,0.33000000000000007,0.5,40
1265,4.04,4.702690359876553,4.087904268036937,5.391762821664961,1.3038585536280243,False,0.32200000000000006,0.492,40
1266,3.65,4.286084179196366,3.7123711479734576,4.929644561542398,1.2172734135689405,False,0.31400000000000006,0.484,41
1267,3.34,3.9605027486140596,3.42819138938348,4.556803072694994,1.1286116833115143,False,0.30600000000000005,0.476,41
1268,3.12,3.6770757155231033,3.1926716865797466,4.217445792084171,1.0247741055044246,False,0.29800000000000004,0.46799999999999997,42
1269,2.91,3.4726378559213495,3.021245553413186,3.97469978505569,0.9534542316425041,False,0.29000000000000004,0.45999999999999996,43
1270,2.7,3.2545406098861562,2.829464042911598,3.726801348265936,0.8973373053543381,False,0.28200000000000003,0.45199999999999996,43
1271,2.54,3.039181364751741,2.6368176812460433,3.4860610366830125,0.8492433554369692,False,0.274,0.44399999999999995,44
1272,2.39,2.8689000798987045,2.47849243019176,3.30312502575003,0.8246325955582701,False,0.266,0.43599999999999994,44
1273,2.25,2.6820775435604234,2.30462139276263,3.10264699807498,0.79802560531235,False,0.258,0.42799999999999994,45
1274,2.15,2.5107686262918447,2.149899721633986,2.912980550682855,0.7630808290488691,True,0.26,0.43199999999999994,46
1275,2.08,2.396889104863564,2.0462000016430006,2.7879507532391763,0.7417507515961757,True,0.262,0.43599999999999994,45
1276,1.98,2.3060598548448437,1.959547701391231,2.6931426240160596,0.7335949226248286,True,0.264,0.43999999999999995,45
1277,1.89,2.183934914678976,1.8426578573473815,2.566184201419,0.7235263440716184,True,0.266,0.44399999999999995,45
1278,1.86,2.0805734655505157,1.7454827781687112,2.4565625223057777,0.7110797441370664,True,0.268,0.44799999999999995,44
1279,1.83,2.042677964462813,1.7088115338744623,2.4176940992959524,0.7088825654214901,True,0.27,0.45199999999999996,44
1280,1.76,2.004297655248117,1.6770081945677413,2.371601334521405,0.6945931399536636,True,0.272,0.45599999999999996,44
1281,1.66,1.9091215553321002,1.5911789580951265,2.266076315284422,0.6748973571892956,True,0.274,0.45999999999999996,44
1282,1.85,1.793194145634922,1.4916738090664978,2.1312018077246577,0.6395279986581599,True,0.276,0.46399999999999997,43
1283,1.62,2.041182114874881,1.7173960040736782,2.403548338913392,0.6861523348397136,False,0.268,0.45599999999999996,43
1284,1.51,1.6889528656645476,1.4112233493209305,1.9986718218376116,0.5874484725166811,True,0.27,0.45999999999999996,44
1285,1.44,1.6203288167391428,1.3557952937540017,1.9145669515674544,0.5587716578134527,True,0.272,0.46399999999999997,43
1286,1.37,1.5439821442236945,1.293091438048629,1.8223231933726924,0.5292317553240635,True,0.274,0.46799999999999997,43
1287,1.33,1.5060775304385863,1.2353689012592661,1.8095696352540145,0.5742007339947484,True,0.276,0.472,43
1288,1.28,1.3956576391360511,1.1190780123038109,1.7083361210054853,0.5892581087016744,True,0.278,0.476,42
1289,1.24,1.297099744800911,1.0361790134450484,1.5914554676785126,0.5552764542334643,True,0.28,0.48,42
1290,1.21,1.2594289500968987,0.9973840563003118,1.555852573486459,0.5584685171861472,True,0.28200000000000003,0.484,42
1291,1.17,1.2292156465365625,0.9681728351216501,1.524881102962826,0.5567082678411759,True,0.28400000000000003,0.488,41
1292,1.14,1.1862678064547407,0.9251994822090526,1.4827385243506943,0.5575390421416417,True,0.28600000000000003,0.492,41
1293,1.12,1.1604291719770252,0.9004148216604577,1.456018630212124,0.5556038085516664,True,0.28800000000000003,0.496,41
1294,1.09,1.1408678901930802,0.8852897069334729,1.4310933785952629,0.54580367166179,True,0.29000000000000004,0.5,40
1295,1.05,1.1056518262305315,0.834577021161889,1.4167803053043486,0.5822032841424596,True,0.29200000000000004,0.5,40
1296,1.01,1.0393157094191192,0.761052939472644,1.3615465892405152,0.6004936497678712,True,0.29400000000000004,0.5,40
1297,0.98,1.0001334607777372,0.7264258517595124,1.3172346827670154,0.590808831007503,True,0.29600000000000004,0.5,40
1298,0.95,0.9752082081335722,0.7037372101936803,1.2899349982704917,0.5861977880768114,True,0.29800000000000004,0.5,40
1299,0.95,0.9424112278228767,0.6804047621497207,1.2452693916111457,0.564864629461425,True,0.30000000000000004,0.5,40
1300,0.92,0.9593671915616131,0.6954332115825035,1.2643886914216105,0.568955479839107,True,0.30200000000000005,0.5,40
1301,0.89,0.9058687671941694,0.6539309157829793,1.1961834820934207,0.5422525663104414,True,0.30400000000000005,0.5,40
1302,0.86,0.8866613951739297,0.6417420491410009,1.1681184458313965,0.5263763966903956,True,0.30600000000000005,0.5,40
1303,0.83,0.852624447973219,0.615895002292483,1.1240348787258831,0.5081398764334002,True,0.30800000000000005,0.5,40
1304,0.8,0.8244609858857919,0.5990641367621332,1.0816287555290884,0.4825646187669552,True,0.31000000000000005,0.5,40
1305,0.78,0.7944139259175718,0.5762781191222182,1.0427368105065051,0.46645869138428697,True,0.31200000000000006,0.5,40
1306,0.75,0.7783259125129547,0.5665304886182523,1.0187561455662726,0.4522256569480203,True,0.31400000000000006,0.5,40
1307,0.73,0.7443887462667242,0.5434705868889527,0.9714610203459093,0.42799043345695664,True,0.31600000000000006,0.5,40
1308,0.71,0.7286994314528095,0.5354924994016468,0.9462170772372978,0.410724577835651,True,0.31800000000000006,0.5,40
1309,0.71,0.7079148291637414,0.5219886524690116,0.9165537528452781,0.39456510037626646,True,0.32000000000000006,0.5,40
1310,0.7,0.7131235639934499,0.5331630588894267,0.9142075779176988,0.3810445190282721,True,0.32200000000000006,0.5,40
1311,0.71,0.6999033673906989,0.5264053014558083,0.89312200089335,0.3667166994375417,True,0.32400000000000007,0.5,40
1312,0.69,0.7143561372744849,0.5443875676830037,0.9030307073890833,0.35864313970607964,True,0.32600000000000007,0.5,40
1313,0.66,0.6887516129062754,0.5253803255946823,0.8696202922256235,0.34423996663094125,True,0.32800000000000007,0.5,40
1314,0.64,0.6580823097576503,0.5025443217300236,0.8297210313009631,0.3271767095709395,True,0.33000000000000007,0.5,40
1315,0.62,0.6397545743434581,0.4904293054808154,0.8040406574083596,0.3136113519275442,True,0.3320000000000001,0.5,40
1316,0.62,0.619826486680578,0.47595394704052235,0.7777233850778866,0.3017694380373643,True,0.3340000000000001,0.5,40
1317,0.63,0.6222519403985429,0.4812572991093945,0.7766672675362662,0.2954099684268717,True,0.3360000000000001,0.5,40
1318,0.62,0.6331874331241545,0.4939769461009951,0.7853697131510833,0.2913927670500882,True,0.3380000000000001,0.5,40
1319,0.59,0.6208697821300386,0.485025786984898,0.7691402221078041,0.2841144351229061,True,0.3400000000000001,0.5,40
1320,0.58,0.5897043569383398,0.4582050959636736,0.7330620702560595,0.2748569742923859,True,0.3420000000000001,0.5,40
1321,0.57,0.5819575920030031,0.45534628509217767,0.7195837502944757,0.26423746520229807,True,0.3440000000000001,0.5,40
1322,0.54,0.5619040043521175,0.42161550123389985,0.7160365209114294,0.2944210196775296,True,0.3460000000000001,0.5,40
1323,0.52,0.5267296845669354,0.3898073425873779,0.6771414701252443,0.28733412753786636,True,0.3480000000000001,0.5,40
1324,0.51,0.5168074591117016,0.37602453396304514,0.6719940751279401,0.29596954116489493,True,0.3500000000000001,0.5,40
1325,0.5,0.506782843207672,0.3631710246804433,0.6655243512949707,0.30235332661452735,True,0.3520000000000001,0.5,40
1326,0.5,0.49675418096031154,0.3558301833812445,0.6523257157730886,0.2964955323918441,True,0.3540000000000001,0.5,40
1327,0.5,0.5028701162592342,0.3634605731386131,0.6565338454531366,0.29307327231452357,True,0.3560000000000001,0.5,40
1328,0.49,0.49923417095151024,0.36726043414653153,0.6439465687835242,0.27668613463699265,True,0.3580000000000001,0.5,40
1329,0.47,0.4854376784126888,0.36095893534788887,0.6213017447760434,0.2603428094281545,True,0.3600000000000001,0.5,40
1330,0.45,0.4618069838065143,0.34705780261865155,0.5863310792984906,0.23927327667983905,True,0.3620000000000001,0.5,40
1331,0.44,0.44394628698819166,0.3375095263979451,0.5588531061323052,0.22134357973436009,True,0.3640000000000001,0.5,40
1332,0.43,0.43853655750884213,0.3382969224046338,0.5462842308350697,0.2079873084304359,True,0.3660000000000001,0.5,40
1333,0.43,0.42587873220105465,0.3324015757373908,0.5259139556466617,0.19351237990927084,True,0.3680000000000001,0.5,40
1334,0.44,0.43328620829205095,0.34497786459040225,0.5273926872438313,0.182414822653429,True,0.3700000000000001,0.5,40
1335,0.42,0.4447866347374752,0.3607174714789668,0.5340498403737184,0.17333236889475157,True,0.3720000000000001,0.5,40
1336,0.41,0.40659051076916175,0.33017760326469814,0.48739300686612236,0.15721540360142422,True,0.3740000000000001,0.5,40
1337,0.4,0.41247773372378893,0.3405533062395052,0.4882611075437865,0.1477078013042813,True,0.3760000000000001,0.5,40
1338,0.39,0.39355036384141634,0.32797600502394897,0.46236273036237713,0.13438672533842816,True,0.3780000000000001,0.5,40
1339,0.39,0.38894139778343934,0.32829565807273614,0.45235602838278294,0.1240603703100468,True,0.3800000000000001,0.5,40
1340,0.39,0.39145581398200113,0.3347278125337376,0.45059484344518647,0.11586703091144884,True,0.3820000000000001,0.5,40
1341,0.39,0.3899502364875469,0.3371032138662912,0.4448859593459786,0.10778274547968736,True,0.3840000000000001,0.5,40
1342,0.4,0.3908759260595769,0.3411687196016231,0.44242541107483807,0.10125669147321498,True,0.3860000000000001,0.5,40
1343,0.4,0.40594440256150777,0.3594132291850213,0.4540682852402944,0.09465505605527313,True,0.3880000000000001,0.5,40
1344,0.39,0.39733540453649485,0.3542237692718671,0.441819496212953,0.08759572694108592,True,0.3900000000000001,0.5,40
1345,0.39,0.3866786526203529,0.3465451651327997,0.4280083100245347,0.081463144891735,True,0.3920000000000001,0.5,40
1346,0.39,0.3930951057808338,0.35441662734329704,0.4328781370302902,0.07846150968699317,True,0.39400000000000013,0.5,40
1347,0.39,0.3891154353559243,0.3525319679225783,0.42668841735985913,0.07415644943728084,True,0.39600000000000013,0.5,40
1348,0.39,0.3919149171400648,0.3523662896740597,0.4326201054774756,0.0802538158034159,True,0.39800000000000013,0.5,40
1349,0.4,0.38961553837242524,0.3474978876273387,0.43304962643483375,0.08555173880749506,True,0.40000000000000013,0.5,40
1350,0.41,0.4088952607605341,0.36367401806790733,0.4556160999575828,0.09194208188967545,True,0.40200000000000014,0.5,40
1351,0.42,0.41202445202677557,0.36941730599584816,0.4559572486719843,0.08653994267613613,True,0.40400000000000014,0.5,40
1352,0.43,0.4266681871866612,0.3851835032268216,0.4693952906521032,0.08421178742528163,True,0.40600000000000014,0.5,40
1353,0.43,0.4332948575661437,0.3944356887420339,0.47323692681649177,0.07880123807445788,True,0.40800000000000014,0.5,40
1354,0.42,0.4286126717052773,0.3917548839043228,0.46644656279661073,0.07469167889228795,True,0.41000000000000014,0.5,40
1355,0.44,0.4144815033207888,0.381273109316949,0.44848828934781054,0.06721518003086152,True,0.41200000000000014,0.5,40
1356,0.43,0.45818865319786856,0.42600296604269977,0.4911007893733541,0.06509782333065434,True,0.41400000000000015,0.5,40
1357,0.42,0.42011392608443027,0.39123978516076197,0.44958732820158415,0.05834754304082218,True,0.41600000000000015,0.5,40
1358,0.41,0.42115669072848383,0.394445747932103,0.4483792880414564,0.05393354010935336,True,0.41800000000000015,0.5,40
1359,0.41,0.4070057696921719,0.3824135408722967,0.4320354781087439,0.0496219372364472,True,0.42000000000000015,0.5,40
1360,0.42,0.4123865788783755,0.38939552482578554,0.43575807792089405,0.046362553095108505,True,0.42200000000000015,0.5,40
1361,0.43,0.4243215400900471,0.40283715179349483,0.44613496083337134,0.04329780903987651,True,0.42400000000000015,0.5,40
1362,0.43,0.4331470323890507,0.4131784531634115,0.45339777283459687,0.04021931967118536,True,0.42600000000000016,0.5,40
1363,0.44,0.4297769443494927,0.41140348175133995,0.448389590237336,0.03698610848599604,True,0.42800000000000016,0.5,40
1364,0.44,0.44391259431054,0.4268896734599439,0.46113860012255636,0.03424892666261248,True,0.43000000000000016,0.5,40
1365,0.43,0.439145636421535,0.42351135689799213,0.4549516256367748,0.031440268738782695,True,0.43200000000000016,0.5,40
1366,0.45,0.4275733905123632,0.4133635906582916,0.4419260541088062,0.028562463450514608,False,0.42400000000000015,0.492,40
1367,0.52,0.4558010238201057,0.442440471648404,0.46928532761819414,0.026844855969790138,False,0.41600000000000015,0.484,41
1368,0.5,0.5457558291490239,0.5319989240834619,0.559636267223655,0.02763734314019306,False,0.40800000000000014,0.476,41
1369,0.48,0.4878014395472865,0.4735151111060228,0.5022262797545942,0.028711168648571428,True,0.41000000000000014,0.48,42
1370,0.47,0.47004388682471243,0.45277531022085454,0.48751772830045054,0.034742418079595994,True,0.41200000000000014,0.484,42
1371,0.46,0.46187428852396356,0.4422414443266562,0.48177438933963534,0.03953294501297916,True,0.41400000000000015,0.488,41
1372,0.47,0.4528901678345257,0.4312760307332989,0.47483070663088267,0.04355467589758377,True,0.41600000000000015,0.492,41
1373,0.48,0.46831925031094324,0.4456328466723825,0.4913616730529967,0.04572882638061421,True,0.41800000000000015,0.496,41
1374,0.49,0.47600367106952884,0.4531305280565469,0.4992368510242658,0.04610632296771888,True,0.42000000000000015,0.5,40
1375,0.48,0.4863681127209304,0.4644041273850919,0.508661526691127,0.04425739930603506,True,0.42200000000000015,0.5,40
1376,0.47,0.4714126302914709,0.4503866425181576,0.4927434279333281,0.04235678541517052,True,0.42400000000000015,0.5,40
1377,0.47,0.46410622991778583,0.44430602987269613,0.48417787376613936,0.039871843893443226,True,0.42600000000000016,0.5,40
1378,0.46,0.4665779201559603,0.4478662539242896,0.48553140876053075,0.037665154836241166,True,0.42800000000000016,0.5,40
1379,0.46,0.45415981823964563,0.43665301243289445,0.47187995896227636,0.03522694652938191,True,0.43000000000000016,0.5,40
1380,0.46,0.457792743132378,0.44112438118658004,0.4746538950230157,0.033529513836435654,True,0.43200000000000016,0.5,40
1381,0.46,0.4568831569337374,0.4410386244918196,0.4729019034487803,0.03186327895696073,True,0.43400000000000016,0.5,40
1382,0.45,0.4571486598369687,0.441943563055844,0.47251409227480473,0.03057052921896075,True,0.43600000000000017,0.5,40
1383,0.44,0.44570605380497036,0.43120201219695553,0.4603570818070609,0.02915506961010539,True,0.43800000000000017,0.5,40
1384,0.44,0.43743718980146756,0.42331666928086614,0.45169779798075826,0.028381128699892122,True,0.44000000000000017,0.5,40
1385,0.43,0.44023900923223824,0.4261805103420483,0.45443608903109467,0.02825557868904638,True,0.44200000000000017,0.5,40
1386,0.45,0.42798031651977136,0.4145142089809762,0.4415746207575429,0.027060411776566706,False,0.43400000000000016,0.492,40
1387,0.45,0.45424081656617415,0.44074018772612755,0.4678679546690493,0.02712776694292174,True,0.43600000000000017,0.496,41
1388,0.44,0.4471243417638589,0.43401334579390316,0.46035520985064543,0.02634186405674227,True,0.43800000000000017,0.5,40
1389,0.52,0.43865430178941933,0.4258890372570652,0.4515338472891721,0.025644810032106946,False,0.43000000000000016,0.492,40
1390,0.87,0.5163919935700056,0.5023120518422508,0.5306038950719061,0.028291843229655278,False,0.42200000000000015,0.484,41
1391,0.54,1.0771574102682866,1.0578891264779635,1.096606105508112,0.03871697903014848,False,0.41400000000000015,0.476,41
1392,0.63,0.4039355425275819,0.3856868442725139,0.4224245656362638,0.03673772136374992,False,0.40600000000000014,0.46799999999999997,42
1393,1.24,0.569809923385056,0.5475413332573233,0.5923989509031315,0.0448576176458082,False,0.39800000000000013,0.45999999999999996,43
1394,1.72,0.8994984684339529,0.8717655592760152,0.9276422806809825,0.055876721404967356,False,0.3900000000000001,0.45199999999999996,43
1395,0.71,1.65896307247188,1.6189105016358054,1.6996281913234657,0.08071768968766024,False,0.3820000000000001,0.44399999999999995,44
1396,0.67,0.3843976378171054,0.35965199733368364,0.4095936484865274,0.04994165115284377,False,0.3740000000000001,0.43599999999999994,44
1397,0.62,0.6696457280024302,0.6349559799934401,0.7050715072144944,0.0701155272210543,False,0.3660000000000001,0.42799999999999994,45
1398,0.57,0.5581453586022054,0.5215309439282467,0.5956408696266962,0.07410992569844943,True,0.3680000000000001,0.43199999999999994,46
1399,4.06,0.5579901951286088,0.5177668016086261,0.5992795767730841,0.08151277516445798,False,0.3600000000000001,0.42399999999999993,45
1400,1.97,2.106912310786282,1.8251727220283733,2.4167483041479008,0.5915755821195274,True,0.3620000000000001,0.42799999999999994,46
1401,1.58,1.270286125500975,1.0693705561988245,1.4907086245152006,0.4213380683163761,False,0.3540000000000001,0.41999999999999993,46
1402,1.38,1.3235446707579608,1.1255059486093124,1.5400351575304292,0.4145292089211168,True,0.3560000000000001,0.42399999999999993,46
1403,22.37,1.2168018757226027,1.0343487233242823,1.415618571125334,0.38126984780105166,False,0.3480000000000001,0.4159999999999999,46
1404,21.51,4.866785092989024,4.393377332342938,5.381746576660563,0.9883692443176253,False,0.3400000000000001,0.4079999999999999,47
1405,12.87,15.696906620819181,14.327927194780441,17.18815337270714,2.8602261779267,False,0.3320000000000001,0.3999999999999999,47
1406,8.55,9.04805191497845,8.190907938250676,9.98513312987429,1.7942251916236138,True,0.3340000000000001,0.4039999999999999,48
1407,5.88,6.320713282187868,5.670603057540836,7.034182591545063,1.3635795340042272,True,0.3360000000000001,0.4079999999999999,48
1408,4.52,4.578040623948187,4.065652326343732,5.142256751535497,1.076604425191765,True,0.3380000000000001,0.4119999999999999,47
1409,3.74,3.6907159209306544,3.245304734561791,4.182858999907223,0.9375542653454323,True,0.3400000000000001,0.4159999999999999,47
1410,3.27,3.168614749919133,2.7594347115383697,3.6223302880907067,0.862895576552337,True,0.3420000000000001,0.41999999999999993,47
1411,2.91,2.847373966681675,2.4594557724444983,3.2787904841576836,0.8193347117131853,True,0.3440000000000001,0.42399999999999993,46
1412,2.62,2.5944123339755385,2.221679618471063,3.0102684179275787,0.7885887994565155,True,0.3460000000000001,0.42799999999999994,46
1413,2.42,2.3882756780663845,2.0263204022250636,2.793521684662136,0.7672012824370724,True,0.3480000000000001,0.43199999999999994,46
1414,2.25,2.2428046825005032,1.8879192427112552,2.6413006476506227,0.7533814049393674,True,0.3500000000000001,0.43599999999999994,45
1415,2.13,2.121923798944215,1.773019244235408,2.514727936589424,0.7417086923540159,True,0.3520000000000001,0.43999999999999995,45
1416,2.04,2.0405948973214603,1.7007796176984962,2.4231661365601282,0.7223865188616321,True,0.3540000000000001,0.44399999999999995,45
1417,1.94,1.9727078860382767,1.6404796229370744,2.3467375013803524,0.706257878443278,True,0.3560000000000001,0.44799999999999995,44
1418,1.84,1.9025015700494952,1.57811952773885,2.267697743839107,0.6895782161002568,True,0.3580000000000001,0.45199999999999996,44
1419,1.76,1.8329988325459952,1.5163843794660363,2.1894500898586973,0.6730657103926609,True,0.3600000000000001,0.45599999999999996,44
1420,1.69,1.7814223914934004,1.470572094221795,2.1313842401096683,0.6608121458878733,True,0.3620000000000001,0.45999999999999996,44
1421,2.85,1.7247550731083385,1.420237885406662,2.067586972832696,0.6473490874260341,False,0.3540000000000001,0.45199999999999996,43
1422,3.13,2.7402715941910123,2.32226081650882,3.210876981360273,0.8886161648514528,True,0.3560000000000001,0.45599999999999996,44
1423,2.57,2.8751048899908422,2.4420252143916445,3.362675161601044,0.9206499472093994,True,0.3580000000000001,0.45999999999999996,44
1424,2.72,2.419550979702994,2.037383768485083,2.8498029205640476,0.8124191520789648,True,0.3600000000000001,0.46399999999999997,43
1425,2.87,2.605120223326016,2.202213891462099,3.0587207054741654,0.8565068140120666,True,0.3620000000000001,0.46799999999999997,43
1426,4.56,2.7273765595261388,2.3108069241066835,3.196359478211974,0.8855525541052907,False,0.3540000000000001,0.45999999999999996,43
1427,4.33,4.063816471211866,3.497887017196109,4.700951837180971,1.2030648199848617,True,0.3560000000000001,0.46399999999999997,43
1428,4.04,3.7159214157575304,3.188872529374378,4.30928421517809,1.1204116858037123,True,0.3580000000000001,0.46799999999999997,43
1429,14.21,3.575601426284323,3.064234627804934,4.1513089989892125,1.0870743711842783,False,0.3500000000000001,0.45999999999999996,43
1430,8.25,10.239950104112934,8.983779217638707,11.65417389436508,2.6703946767263727,False,0.3420000000000001,0.45199999999999996,43
1431,5.68,5.880037532169199,5.11112817174433,6.745691975978604,1.6345638042342738,True,0.3440000000000001,0.45599999999999996,44
1432,4.75,4.650487873299491,4.018992333277728,5.3614389276130945,1.3424465943353665,True,0.3460000000000001,0.45999999999999996,44
1433,4.12,4.175691726455539,3.597259153008446,4.8269033691020855,1.2296442160936394,True,0.3480000000000001,0.46399999999999997,43
1434,3.91,3.8190670666941733,3.2804906768458917,4.425407773673439,1.1449170968275473,True,0.3500000000000001,0.46799999999999997,43
1435,3.91,3.7594053861060353,3.2274967541658173,4.358239390006316,1.130742635840499,True,0.3520000000000001,0.472,43
1436,3.83,3.7757330972272785,3.241999688916768,4.376621473014815,1.134621784098047,True,0.3540000000000001,0.476,42
1437,7.67,3.8560598748696773,3.313349188320027,4.467055060641592,1.1537058723215656,False,0.3460000000000001,0.46799999999999997,42
1438,9.2,6.858450950053303,5.980194622862807,7.847210525064963,1.867015902202156,False,0.3380000000000001,0.45999999999999996,43
1439,21.13,6.331953787667004,5.512538505238704,7.254468868205819,1.741930362967115,False,0.33000000000000007,0.45199999999999996,43
1440,18.82,21.17232896785045,18.694361194261212,23.962077571819506,5.267716377558294,True,0.3320000000000001,0.45599999999999996,44
1441,14.6,16.748791431317454,14.34023313380181,19.535515629046753,5.195282495244943,True,0.3340000000000001,0.45999999999999996,44
1442,10.86,13.018891323487153,10.808137094954535,15.64354947434662,4.835412379392086,True,0.3360000000000001,0.46399999999999997,43
1443,8.35,9.683942766163112,7.920035422694131,11.796656921366038,3.8766214986719074,True,0.3380000000000001,0.46799999999999997,43
1444,6.83,7.600838305103055,6.089149403246559,9.434879467577668,3.345730064331109,True,0.3400000000000001,0.472,43
1445,5.86,6.396658677995899,5.068274496108203,8.015834671595664,2.947560175487461,True,0.3420000000000001,0.476,42
1446,5.21,5.59818008285221,4.394631873634807,7.070241200056868,2.6756093264220615,True,0.3440000000000001,0.48,42
1447,4.91,5.058717933672575,3.926195985441888,6.4516042618456435,2.5254082764037555,True,0.3460000000000001,0.484,42
1448,4.41,4.825514413036156,3.711134290580131,6.203492000715822,2.492357710135691,True,0.3480000000000001,0.488,41
1449,7.21,4.380451312330982,3.1867804588246766,5.914443355477705,2.7276628966530287,False,0.3400000000000001,0.48,41
1450,7.78,6.90388128506889,5.1764178116803,9.114493752401586,3.938075940721286,True,0.3420000000000001,0.484,42
1451,6.36,7.2297345446750025,5.45443366646409,9.493334376913745,4.0389007104496555,True,0.3440000000000001,0.488,41
1452,6.42,5.979166637325958,4.487541918580181,7.876245079174977,3.3887031605947957,True,0.3460000000000001,0.492,41
1453,16.24,6.128894286845209,4.613448676583996,8.053460124256612,3.4400114476726156,False,0.3380000000000001,0.484,41
1454,22.03,14.612131500153048,11.282878324300938,18.8437730589457,7.560894734644762,False,0.33000000000000007,0.476,41
1455,26.83,18.52370404499933,14.341870461361905,23.845407253092276,9.50353679173037,False,0.32200000000000006,0.46799999999999997,42
1456,39.43,22.661977201862257,17.589182189504626,29.11908535801862,11.529903168513993,False,0.31400000000000006,0.45999999999999996,43
1457,31.84,35.015547835886586,27.458604330992447,44.57917425720083,17.120569926208386,True,0.31600000000000006,0.46399999999999997,43
1458,20.68,25.909044975153332,20.2431334490797,33.08615321324897,12.84301976416927,True,0.31800000000000006,0.46799999999999997,43
1459,20.44,16.802903469006775,12.955877470785317,21.710386544325154,8.754509073539836,True,0.32000000000000006,0.472,43
1460,19.16,18.048848825419046,13.86881003687266,23.40401354740747,9.53520351053481,True,0.32200000000000006,0.476,42
