step,true_value,prediction,lower_bound,upper_bound,width,covered,k_adap,t_adap,n_cal
80,252.68,264.1640017435962,231.26479767399786,301.72322161951683,70.45842394551897,True,0.303,0.404,48
81,231.03,270.2776145809237,236.61125788792336,308.7140464928134,72.10278860489004,False,0.296,0.396,48
82,243.66,235.9657788659238,206.20037469030035,270.00713711287784,63.80676242257749,True,0.299,0.4,48
83,254.98,268.830577328688,234.6146316837473,308.0153609783453,73.40072929459802,True,0.302,0.404,48
84,307.74,266.9102125228334,233.316024724794,305.3208419412675,72.00481721647347,False,0.295,0.396,48
85,493.27,332.9498839090289,290.8969133596204,381.06133692635814,90.16442356673775,False,0.288,0.388,48
86,521.03,528.3454210488261,462.0440549959856,604.1402059093239,142.09615091333825,True,0.291,0.392,49
87,488.52,442.4913047060441,387.35238489966486,505.45894037881317,118.10655547914831,True,0.294,0.396,49
88,529.58,456.2947289501185,401.05282885270384,519.126844331134,118.07401547843011,False,0.287,0.388,48
89,410.36,508.01640708454045,447.8824310580968,576.206156343688,128.3237252855912,False,0.27999999999999997,0.38,49
90,388.18,342.1822671777507,301.05979858205086,388.90315513061944,87.84335654856858,True,0.283,0.384,50
91,399.36,398.39637356298226,350.4824425252815,452.84191047832354,102.35946795304204,True,0.286,0.388,49
92,448.79,379.6150891292923,334.1811935836822,431.2075607047178,97.0263671210356,False,0.27899999999999997,0.38,49
93,467.37,448.8624896313375,395.19996713971506,509.79322655758756,114.5932594178725,True,0.282,0.384,50
94,456.79,440.7092315884913,388.33126379522,500.1337732515559,111.80250945633588,True,0.285,0.388,49
95,484.81,434.6066857697617,382.98532661611426,493.16780156555274,110.18247494943847,True,0.288,0.392,49
96,479.44,471.98504210023725,416.05065079839176,535.4212946851633,119.37064388677152,True,0.291,0.396,49
97,488.7,449.70718738327713,396.47354214799174,510.0704165645075,113.59687441651579,True,0.294,0.4,48
98,594.12,472.3747385697272,416.1470128185961,536.1814641602249,120.03445134162877,False,0.287,0.392,48
99,706.65,599.1221140763304,527.3167656661934,680.6867743148542,153.37000864866081,False,0.27999999999999997,0.384,49
100,868.74,688.5287845944396,605.5771881474562,782.8243080593813,177.2471199119251,False,0.27299999999999996,0.376,49
101,948.11,899.7668456441593,790.7597736128685,1023.7816790556653,233.02190544279688,True,0.27599999999999997,0.38,50
102,946.84,887.8803784799264,777.9328121963165,1013.3472131040286,235.4144009077121,True,0.27899999999999997,0.384,50
103,963.69,911.5571106743419,797.4461237693359,1041.9764206393472,244.53029687001128,True,0.282,0.388,49
104,958.35,932.7504947950127,814.1025656939198,1068.6690493026074,254.56648360868758,True,0.285,0.392,49
105,874.99,917.6330652385436,796.3563965256706,1057.355726782451,260.99933025678047,True,0.288,0.396,49
106,783.84,805.2179405421339,698.1731228302503,928.651536118627,230.4784132883766,True,0.291,0.4,48
107,786.65,736.122759776459,635.8815708314704,852.1412869603083,216.2597161288379,True,0.294,0.404,48
108,706.5,785.032001403575,679.3633327294777,907.1122945762486,227.74896184677084,True,0.297,0.40800000000000003,48
109,707.74,648.1118716313007,561.86353561085,747.5761560933636,185.71262048251356,True,0.3,0.41200000000000003,47
110,719.01,714.8891678153987,619.8866495962909,824.4281211049663,204.5414715086754,True,0.303,0.41600000000000004,47
111,738.74,700.7885333753567,607.4993460523713,808.3799093988604,200.8805633464891,True,0.306,0.42000000000000004,47
112,897.49,736.2030617902592,638.7611900973662,848.4862813266641,209.72509122929785,False,0.299,0.41200000000000003,46
113,1108.78,962.0306481306793,833.4062892069304,1110.4825490115604,277.07625980463,True,0.302,0.41600000000000004,47
114,1218.27,1154.8805933746091,1002.5382766325355,1330.349264148957,327.8109875164215,True,0.305,0.42000000000000004,47
115,1335.31,1209.7359684088372,1047.332537132045,1397.2982815826183,349.9657444505733,True,0.308,0.42400000000000004,46
116,1445.43,1362.5500450254456,1180.5663008531803,1572.5627564414808,391.9964555883005,True,0.311,0.42800000000000005,46
117,1482.24,1438.247907406416,1248.617588182128,1656.6547565940969,408.0371684119689,True,0.314,0.43200000000000005,46
118,1412.24,1452.6617139589086,1261.420277807058,1672.8739196273532,411.45364182029516,True,0.317,0.43600000000000005,45
119,1368.79,1338.564155513583,1164.597174463776,1538.4959476993702,373.89877323559426,True,0.32,0.44000000000000006,45
120,1345.14,1340.8380450774052,1169.0184870982168,1537.8896492419337,368.8711621437169,True,0.323,0.44400000000000006,45
121,1241.46,1319.0544093155193,1152.5739753223156,1509.5608143304958,356.98683900818014,True,0.326,0.44800000000000006,44
122,1112.47,1184.88725572045,1035.4798486893965,1355.8315728071782,320.3517241177817,True,0.329,0.45200000000000007,44
123,1047.16,1055.829770146764,922.4426846785545,1208.4840119473636,286.041327268809,True,0.332,0.45600000000000007,44
124,1014.3,1026.8040073831692,888.6091542888665,1186.466509871235,297.85735558236854,True,0.335,0.4600000000000001,44
125,986.63,988.5986856853109,853.9443871678709,1144.461124031925,290.5167368640541,True,0.338,0.4640000000000001,43
126,1038.49,971.2610257783418,832.5022571727226,1133.1199068302767,300.6176496575541,True,0.341,0.4680000000000001,43
127,1108.81,1076.3170568141368,916.233493872876,1264.339794780247,348.10630090737106,True,0.34400000000000003,0.4720000000000001,43
128,1130.22,1117.2335937042128,944.7735801642862,1321.141362704834,376.36778254054775,True,0.34700000000000003,0.4760000000000001,42
129,1189.69,1123.8613202921622,945.0188898888214,1336.5134507495181,391.49456086069677,True,0.35000000000000003,0.4800000000000001,42
130,1228.86,1221.8706460586775,1024.975831359564,1456.5515049027351,431.5756735431712,True,0.35300000000000004,0.4840000000000001,42
131,1257.03,1214.9118427800938,1014.9966858687383,1454.163811040119,439.1671251713808,True,0.35600000000000004,0.4880000000000001,41
132,1347.58,1267.836188808712,1063.4104746508783,1511.5229527252366,448.11247807435825,True,0.35900000000000004,0.4920000000000001,41
133,1379.65,1385.7402125595954,1158.5718649752514,1657.4124496422437,498.8405846669923,True,0.36200000000000004,0.4960000000000001,41
134,1626.45,1353.526144298712,1132.6705187271614,1617.4076813152974,484.737162588136,False,0.35500000000000004,0.4880000000000001,40
135,1829.53,1820.2604606151672,1520.1705784105434,2179.5507629959957,659.3801845854523,True,0.35800000000000004,0.4920000000000001,41
136,1959.38,1798.2663028997817,1507.4225041125833,2145.1886307876407,637.7661266750574,True,0.36100000000000004,0.4960000000000001,41
137,2026.04,2040.9220874057442,1714.18521273923,2429.901211173943,715.7159984347129,True,0.36400000000000005,0.5,40
138,2048.63,1988.3465983498331,1681.4539588607565,2351.218833403205,669.7648745424483,True,0.36700000000000005,0.5,40
139,2040.05,2050.024491262264,1741.7783079226829,2412.7903510928113,671.0120431701284,True,0.37000000000000005,0.5,40
140,2025.77,2002.807318773396,1709.1178951114607,2346.9338952289745,637.8160001175138,True,0.37300000000000005,0.5,40
141,1886.96,2004.0885034607406,1714.3333335646148,2342.7892962505,628.455962685885,True,0.37600000000000006,0.5,40
142,1756.2,1785.910271812599,1532.4189052350985,2081.306608199688,548.8877029645896,True,0.37900000000000006,0.5,40
143,1664.5,1709.4400476232859,1472.5092353809441,1984.4678113077425,511.9585759267984,True,0.38200000000000006,0.5,40
144,1584.83,1611.5017193705855,1391.0461632704576,1866.8703792870663,475.8242160166087,True,0.38500000000000006,0.5,40
145,1549.22,1546.8889079181167,1338.1551212935804,1788.157979653261,450.00285835968066,True,0.38800000000000007,0.5,40
146,1467.05,1530.3428014071285,1326.8112664004698,1765.0723588966548,438.26109249618503,True,0.39100000000000007,0.5,40
147,1455.75,1410.0840882840973,1223.0777500283777,1625.6599929313325,402.5822429029547,True,0.3940000000000001,0.5,40
148,1365.61,1474.6850926564423,1286.915165469644,1689.8306937238094,402.91552825416534,True,0.3970000000000001,0.5,40
149,1356.96,1285.747773337379,1121.19634910536,1474.4279262347266,353.23157712936654,True,0.4000000000000001,0.5,40
150,1451.77,1394.4466029123803,1220.4783904805959,1593.1921173190306,372.7137268384347,True,0.4030000000000001,0.5,40
151,1458.23,1476.841800337965,1295.3680457390487,1683.7193927717244,388.3513470326757,True,0.4060000000000001,0.5,40
152,1444.1,1431.9182771129963,1263.2714112771284,1623.0617090363073,359.7902977591789,True,0.4090000000000001,0.5,40
153,1461.29,1442.358206901704,1277.721485401496,1628.1920775667488,350.4705921652528,True,0.4120000000000001,0.5,40
154,1469.7,1465.5927894188385,1302.3936275998049,1649.2262742654304,346.8326466656256,True,0.4150000000000001,0.5,40
155,1401.12,1466.543208842316,1306.4729083828825,1646.2104745045422,339.7375661216597,True,0.4180000000000001,0.5,40
156,1335.08,1365.660264478712,1220.3878964554312,1528.2113864280282,307.8234899725969,True,0.4210000000000001,0.5,40
157,1278.12,1324.2371450167539,1185.5664561508383,1479.1138877879239,293.54743163708554,True,0.4240000000000001,0.5,40
158,1280.45,1261.3811169420858,1133.0393426952203,1404.2476174455255,271.20827475030524,True,0.4270000000000001,0.5,40
159,1258.36,1299.5544710451975,1170.0036954618713,1443.4377406413812,273.4340451795099,True,0.4300000000000001,0.5,40
160,1237.39,1244.2402283519239,1124.8860349663294,1376.24705534013,251.36102037380056,True,0.4330000000000001,0.5,40
161,1135.21,1241.7087252101874,1126.0208669180772,1369.2718565775992,243.25098965952202,True,0.4360000000000001,0.5,40
162,1025.19,1093.598368447813,997.0980687157089,1199.428721147927,202.33065243221813,True,0.4390000000000001,0.5,40
163,1009.41,999.8818156822869,914.7727151806179,1092.9006943069858,178.1279791263679,True,0.4420000000000001,0.5,40
164,974.48,1022.2574761856719,938.2979001750741,1113.721817620067,175.42391744499287,True,0.4450000000000001,0.5,40
165,997.93,956.4603714850546,880.20556645122,1039.3138584974488,159.10829204622883,True,0.4480000000000001,0.5,40
166,1021.65,1025.372818125077,948.6321863875518,1108.3149293868767,159.6827429993249,True,0.4510000000000001,0.5,40
167,1147.15,1027.490086526947,952.5559669540495,1108.3128193231476,155.75685236909806,False,0.4440000000000001,0.492,40
168,1227.3,1214.196643111816,1130.7900565803463,1303.7498278011196,172.9597712207733,True,0.4470000000000001,0.496,41
169,1207.0,1238.6106407714392,1157.8640219143504,1324.98347317348,167.11945125912962,True,0.4500000000000001,0.5,40
170,1177.42,1199.927205994716,1124.6710215788191,1280.2146057339814,155.5435841551623,True,0.4530000000000001,0.5,40
171,1128.16,1174.6458094998109,1104.1127612910393,1249.6805801245005,145.56781883346116,True,0.4560000000000001,0.5,40
172,1048.4,1114.7248836499432,1049.5092974137551,1183.989051558469,134.47975414471398,False,0.4490000000000001,0.492,40
173,959.29,1024.3256646013792,966.2201934683766,1085.9218049722533,119.70161150387673,False,0.4420000000000001,0.484,41
174,930.0,934.1456381752191,881.457108195596,989.9800221183172,108.52291392272116,True,0.4450000000000001,0.488,41
175,938.05,935.3021565457323,883.8177929343369,989.7822100241677,105.96441708983082,True,0.4480000000000001,0.492,41
176,909.91,946.3864607177564,895.3976620163694,1000.275598970635,104.87793695426558,True,0.4510000000000001,0.496,41
177,817.74,896.6287112354519,848.6607347358872,947.3047412855647,98.64400654967744,False,0.4440000000000001,0.488,40
178,763.17,781.3576506178531,740.3319462503376,824.6537392948051,84.32179304446743,True,0.4470000000000001,0.492,41
179,761.78,758.0182998886822,719.6154592425988,798.467694144979,78.85223490238013,True,0.4500000000000001,0.496,41
180,767.53,768.7868521357924,731.5599853049209,807.9054952605418,76.34550995562086,True,0.4530000000000001,0.5,40
181,693.88,771.6326347710522,734.2986309075217,810.862232867856,76.56360196033438,False,0.4460000000000001,0.492,40
182,674.41,658.9829114830422,627.8555061631037,691.6510767270904,63.79557056398676,True,0.4490000000000001,0.496,41
183,735.17,686.8858251405592,654.8166187897456,720.5232046155442,65.70658582579858,False,0.4420000000000001,0.488,40
184,820.42,770.1784570353085,736.0708930443312,805.8643304295967,69.79343738526552,False,0.4350000000000001,0.48,41
185,801.07,863.1358748195642,825.3461220366618,902.6537961958802,77.30767415921844,False,0.4280000000000001,0.472,42
186,789.33,778.2717154999468,745.6117596602504,812.360355929257,66.74859626900661,True,0.4310000000000001,0.476,42
187,735.06,806.2403534879791,773.4598859234738,840.4083158385652,66.94842991509131,False,0.4240000000000001,0.46799999999999997,42
188,663.38,708.8306486863612,680.4660587844143,738.3758549226576,57.90979613824334,False,0.4170000000000001,0.45999999999999996,43
189,700.84,647.6705186799368,621.5570314758164,674.8793500525154,53.32231857669899,False,0.4100000000000001,0.45199999999999996,43
190,586.13,743.8173714006779,714.6409274779276,774.1833292923643,59.542401814436744,False,0.4030000000000001,0.44399999999999995,44
191,532.0,544.8572463963094,523.3996995688793,567.192799668499,43.793100099619664,True,0.4060000000000001,0.44799999999999995,44
192,556.43,535.9886835665503,515.0824931383734,557.7417711556081,42.65927801723478,True,0.4090000000000001,0.45199999999999996,44
193,583.62,574.7234038831359,552.587573734836,597.7443604316701,45.15678669683405,True,0.4120000000000001,0.45599999999999996,44
194,575.75,598.3916150909985,575.779423508238,621.8903001708144,46.1108766625764,False,0.4050000000000001,0.44799999999999995,44
195,627.63,575.8808237951778,554.2389057460912,598.3662933533468,44.12738760725563,False,0.3980000000000001,0.43999999999999995,44
196,648.51,660.4662122805117,635.8502472248609,686.0336502110832,50.18340298622229,True,0.4010000000000001,0.44399999999999995,45
197,519.61,654.8705587357819,630.5646386413655,680.1118981293329,49.54725948796738,False,0.3940000000000001,0.43599999999999994,44
198,402.01,475.7878837418523,457.5847406176097,494.71358562187766,37.12884500426793,False,0.38700000000000007,0.42799999999999994,45
199,440.03,377.67211700785134,362.7956735225892,393.1568925511265,30.361219028537278,False,0.38000000000000006,0.41999999999999993,46
200,468.79,501.1520004601591,479.9315693053924,523.3087533852861,43.37718407989371,False,0.37300000000000005,0.4119999999999999,46
201,433.42,469.938139156875,449.7318151865443,491.0503133792564,41.31849819271213,False,0.36600000000000005,0.4039999999999999,47
202,445.99,428.4286368664267,409.8812833133497,447.8132257421954,37.93194242884573,True,0.36900000000000005,0.4079999999999999,48
203,405.25,472.1413418696436,450.96728043322264,494.3073797103821,43.34009927715948,False,0.36200000000000004,0.3999999999999999,47
204,367.85,386.4323566648782,368.63358156958475,405.0881869918626,36.45460542227784,False,0.35500000000000004,0.3919999999999999,48
205,366.56,374.53883295502226,356.18554521959163,393.83516884905754,37.64962362946591,True,0.35800000000000004,0.3959999999999999,49
206,427.44,378.1271310804445,359.0949872838807,398.165183068692,39.07019578481129,False,0.35100000000000003,0.3879999999999999,48
207,350.74,476.3767910139448,450.245583738107,504.02123192197945,53.77564818387248,False,0.34400000000000003,0.3799999999999999,49
208,314.32,339.9485694146288,320.4801685196791,360.59595013639574,40.11578161671662,False,0.337,0.3719999999999999,50
209,317.44,325.2426893154929,305.5798209402715,346.1666595843598,40.586838644088346,True,0.34,0.3759999999999999,50
210,333.64,329.4878346999968,309.0513612861431,351.2713412114079,42.219979925264795,True,0.343,0.3799999999999999,50
211,293.04,349.59658645701904,327.0292938105356,373.7164315950071,46.68713778447153,False,0.336,0.3719999999999999,50
212,305.11,288.4473190100184,269.59010866018895,308.61867341314826,39.02856475295931,True,0.339,0.3759999999999999,50
213,234.51,319.80977933222425,298.8611430932118,342.22191082689926,43.36076773368745,False,0.332,0.3679999999999999,50
214,217.26,234.84717220219164,220.20439287124904,250.459240541149,30.25484766989996,False,0.325,0.3599999999999999,51
215,217.48,220.60876944560886,207.4472962748496,234.6012650336424,27.153968758792786,True,0.328,0.3639999999999999,51
216,236.25,222.11629398272987,209.37225095502495,235.63235248279253,26.260101527767574,False,0.321,0.35599999999999987,51
217,247.45,246.49989571747346,232.32085406813152,261.5406058314571,29.219751763325604,True,0.324,0.3599999999999999,52
218,311.18,254.86644887243418,240.15626097212092,270.47393724999915,30.317676277878235,False,0.317,0.35199999999999987,51
219,362.25,331.5591185260181,310.0435204106893,354.56300021545616,44.51947980476683,False,0.31,0.34399999999999986,52
220,311.57,373.8571373282791,346.8943407305489,402.9096270174346,56.015286286885726,False,0.303,0.33599999999999985,52
221,271.5,305.218174557951,280.7060337991574,331.8631948879619,51.157161088804514,False,0.296,0.32799999999999985,53
222,276.36,273.51088270881877,249.7534943327969,299.51914102366607,49.765646690869175,True,0.299,0.33199999999999985,54
223,252.95,287.77614640980937,261.19389565250816,317.0534105409556,55.85951488844745,False,0.292,0.32399999999999984,53
224,313.62,257.48165299298216,230.53075962399387,287.5697133395512,57.03895371555731,False,0.285,0.31599999999999984,54
225,289.17,326.29007085836344,288.17966921360807,369.4229649814948,81.2432957678867,True,0.288,0.31999999999999984,55
226,351.22,293.18284016777875,256.3557310727662,335.27983759456686,78.92410652180064,False,0.28099999999999997,0.31199999999999983,54
227,388.77,349.04325917500717,299.52511720206064,406.7206072977819,107.19549009572125,True,0.284,0.31599999999999984,55
228,338.26,373.51676674497236,313.4745316261282,445.02279188657286,131.54826026044464,True,0.287,0.31999999999999984,55
229,248.54,328.2368509677934,268.9388386786151,400.5609779082016,131.62213922958648,False,0.27999999999999997,0.31199999999999983,54
230,205.82,253.6531180715343,199.31491777529,322.7313089996644,123.4163912243744,True,0.283,0.31599999999999984,55
231,244.62,223.95382551628873,172.11130597667267,291.321886943837,119.21058096716433,True,0.286,0.31999999999999984,55
232,252.17,272.6855748520478,204.65124279346205,363.22728530419164,158.5760425107296,True,0.289,0.32399999999999984,54
233,268.38,262.80835881254336,191.6494151155561,360.25129234170186,168.60187722614575,True,0.292,0.32799999999999985,54
234,279.46,277.22747526191444,196.82457667913548,390.30895306388743,193.48437638475195,True,0.295,0.33199999999999985,54
235,253.01,281.473307195404,199.09716144671296,397.76212486481444,198.66496341810148,True,0.298,0.33599999999999985,53
236,268.67,258.07693614812484,182.5237461346739,364.733918675814,182.21017254114008,True,0.301,0.33999999999999986,53
237,261.72,277.8028870207384,196.4971258342886,392.5806634285879,196.08353759429932,True,0.304,0.34399999999999986,53
238,267.81,265.76395747591226,187.9690434724736,375.5855385650845,187.6164950926109,True,0.307,0.34799999999999986,52
239,260.49,273.24672113842223,193.26964969084838,386.14881184406937,192.879162153221,True,0.31,0.35199999999999987,52
240,232.72,263.5813369363582,186.42292862425558,372.50437520572996,186.08144658147438,True,0.313,0.35599999999999987,52
241,229.12,240.16241765685754,169.83354069764292,339.44433811177834,169.61079741413542,True,0.316,0.3599999999999999,52
242,221.78,243.35324533446507,172.09384475006513,343.94876806104804,171.8549233109829,True,0.319,0.3639999999999999,51
243,246.43,233.81389571869326,165.33640349263933,330.4822520196505,165.14584852701117,True,0.322,0.3679999999999999,51
244,256.55,260.36887389096006,184.1472986080291,367.96940302463645,183.82210441660735,True,0.325,0.3719999999999999,51
245,280.88,260.1489461573801,183.99150719662217,367.6589352808706,183.66742808424843,True,0.328,0.3759999999999999,50
246,316.47,282.10172820423116,199.5423194735307,398.6492546940986,199.1069352205679,True,0.331,0.3799999999999999,50
247,279.23,303.7025350737902,214.84380116917092,429.1426975316596,214.2988963624887,True,0.334,0.3839999999999999,50
248,258.43,267.0212998186152,188.85971394410006,377.36050452288345,188.50079057878338,True,0.337,0.3879999999999999,49
249,232.39,263.5078687292889,186.3708855486209,372.4006615534495,186.0297760048286,True,0.34,0.3919999999999999,49
250,208.46,242.25303226928006,171.31448080408416,342.39561847663896,171.0811376725548,True,0.343,0.3959999999999999,49
251,283.13,223.84311970323773,158.27335035702583,316.4066996428599,158.13334928583407,True,0.34600000000000003,0.3999999999999999,48
252,272.2,291.46432364624496,206.1745524102341,411.86625027423105,205.69169786399695,True,0.34900000000000003,0.4039999999999999,48
253,399.71,264.01230952096915,186.72821903097835,373.1127708991293,186.38455186815096,False,0.342,0.3959999999999999,48
254,389.77,348.8789710554541,246.84568019258177,492.9174017142595,246.07172152167772,True,0.34500000000000003,0.3999999999999999,48
255,362.96,334.17855035365653,236.43226278437558,472.1651010680238,235.7328382836482,True,0.34800000000000003,0.4039999999999999,48
256,349.51,330.22390897491005,233.63089184322865,466.5824100345791,232.95151819135043,True,0.35100000000000003,0.4079999999999999,48
257,320.54,324.79583564692547,232.13128455787904,454.292504934174,222.16122037629498,True,0.35400000000000004,0.4119999999999999,47
258,336.2,302.63417542373946,219.6439833193782,416.83923177186955,197.19524845249134,True,0.35700000000000004,0.4159999999999999,47
259,354.31,322.57600549717193,238.3812323862642,436.3836256493166,198.00239326305243,True,0.36000000000000004,0.41999999999999993,47
260,388.0,336.0807962875272,252.90737013722216,446.4996655844474,193.59229544722527,True,0.36300000000000004,0.42399999999999993,46
261,377.62,366.8839989032331,281.3276536058322,478.3672703347195,197.03961672888727,True,0.36600000000000005,0.42799999999999994,46
262,463.84,353.15256441105873,274.80488780280814,453.7564036232866,178.95151582047845,False,0.35900000000000004,0.41999999999999993,46
263,549.08,432.56152194355616,343.25552815540016,545.0350755069322,201.77954735153207,False,0.35200000000000004,0.4119999999999999,46
264,555.39,525.9104541918824,424.1672601597233,652.0009545711407,227.8336944114174,True,0.35500000000000004,0.4159999999999999,47
265,571.97,533.0385514663811,435.48368187580957,652.397105767304,216.9134238914944,True,0.35800000000000004,0.41999999999999993,47
266,575.16,552.7773741744861,456.42363298547116,669.4274944126669,213.00386142719572,True,0.36100000000000004,0.42399999999999993,46
267,564.71,557.2553967071174,464.15720217152625,668.9865905498776,204.82938837835138,True,0.36400000000000005,0.42799999999999994,46
268,552.27,547.7738987617983,459.5487585407063,652.8999104382704,193.35115189756408,True,0.36700000000000005,0.43199999999999994,46
269,455.31,536.9287741860601,453.18190337445344,636.1177802272457,182.93587685279226,True,0.37000000000000005,0.43599999999999994,45
270,437.23,441.08326907411924,374.45080324546785,519.5412136712995,145.09041042583164,True,0.37300000000000005,0.43999999999999995,45
271,530.32,427.4765571611187,364.6522921123208,501.0949245964243,136.44263248410346,False,0.36600000000000005,0.43199999999999994,45
272,558.25,518.7164653236797,445.02417855743886,604.5842201248638,159.56004156742495,True,0.36900000000000005,0.43599999999999994,45
273,540.61,543.1392123166387,468.3294109596722,629.8734877175933,161.54407675792112,True,0.37200000000000005,0.43999999999999995,45
274,454.72,524.9061066317275,454.6452083875702,606.001298161982,151.35608977441183,True,0.37500000000000006,0.44399999999999995,45
275,533.92,440.25452506043314,382.35516099327594,506.89861647310283,124.54345547982689,False,0.36800000000000005,0.43599999999999994,44
276,651.85,521.4924659015817,453.30222691711623,599.9179809143261,146.61575399720988,False,0.36100000000000004,0.42799999999999994,45
277,721.31,637.3258168768372,555.3227460843838,731.4163021543568,176.09355606997303,True,0.36400000000000005,0.43199999999999994,46
278,814.61,702.4214752333984,613.2489303514628,804.5394928183487,191.29056246688583,False,0.35700000000000004,0.42399999999999993,45
279,790.3,793.3005071278183,694.4618264591714,906.1860907674826,211.72426430831115,True,0.36000000000000004,0.42799999999999994,46
280,839.39,758.3745353163386,664.3147090572747,865.7322051304042,201.41749607312943,True,0.36300000000000004,0.43199999999999994,46
281,826.76,816.9845780809146,716.4718587933024,931.578416529886,215.10655773658357,True,0.36600000000000005,0.43599999999999994,45
282,796.76,802.4870781758705,705.1878521472345,913.1922830201796,208.00443087294514,True,0.36900000000000005,0.43999999999999995,45
283,841.57,774.7888013255813,681.4932420168693,880.837690412334,199.34444839546472,True,0.37200000000000005,0.44399999999999995,45
284,854.49,825.1895016680209,726.4718609978083,937.3030867066196,210.8312257088113,True,0.37500000000000006,0.44799999999999995,44
285,866.49,838.3369079315495,738.0912536495291,952.1792475387024,214.08799388917328,True,0.37800000000000006,0.45199999999999996,44
286,880.03,852.9022529724954,752.3904284961905,966.8236277661847,214.43319926999425,True,0.38100000000000006,0.45599999999999996,44
287,868.12,862.1495356348497,760.7700178935058,977.0210606435421,216.25104275003628,True,0.38400000000000006,0.45999999999999996,44
288,869.18,846.1623980998238,746.603244469667,958.9799546928845,212.37671022321751,True,0.38700000000000007,0.46399999999999997,43
289,885.08,854.8486495253281,754.5320233011871,968.4849302268842,213.9529069256971,True,0.39000000000000007,0.46799999999999997,43
290,912.98,874.3179529752717,770.736875624135,991.8014884362988,221.06461281216377,True,0.39300000000000007,0.472,43
291,898.38,905.6855899044033,797.687326770045,1028.287346106827,230.600019336782,True,0.3960000000000001,0.476,42
292,890.62,875.6708576349316,770.549300514069,995.1149496400227,224.56564912595366,True,0.3990000000000001,0.48,42
293,904.52,877.6408301665364,772.0526306791013,997.6509039592236,225.59827328012227,True,0.4020000000000001,0.484,42
294,914.69,896.5432345384312,788.5973312912093,1019.246429339316,230.64909804810668,True,0.4050000000000001,0.488,41
295,911.8,903.5016770719128,794.4744432354541,1027.4721159592866,232.99767272383247,True,0.4080000000000001,0.492,41
296,888.26,899.0376476449627,791.4217164806761,1021.2685097222878,229.84679324161175,True,0.4110000000000001,0.496,41
297,815.32,869.9709954233349,766.5910068918358,987.2743128276525,220.68330593581663,True,0.4140000000000001,0.5,40
298,738.95,780.9030514591424,688.753556727132,885.3635075432869,196.60995081615488,True,0.4170000000000001,0.5,40
299,781.37,712.1011573686663,628.4042436323399,806.9279187980409,178.52367516570098,True,0.4200000000000001,0.5,40
300,770.69,808.1512223517715,712.4822942170928,916.6481405916307,204.16584637453798,True,0.4230000000000001,0.5,40
301,656.01,741.0358305099854,653.6775540279649,840.0509423653218,186.37338833735691,True,0.4260000000000001,0.5,40
302,605.6,617.1869866600467,544.196058257189,699.9499512844097,155.75389302722078,True,0.4290000000000001,0.5,40
303,644.86,606.679689614458,533.3338800863221,690.0933761307955,156.7594960444734,True,0.4320000000000001,0.5,40
304,652.94,669.3405939573948,587.0817313361237,763.1055451360704,176.02381379994677,True,0.4350000000000001,0.5,40
305,579.58,649.5446965293647,568.6414578191942,741.9382050293306,173.29674721013635,True,0.4380000000000001,0.5,40
306,602.84,558.2208928478464,487.645231267608,638.9898883414583,151.34465707385027,True,0.4410000000000001,0.5,40
307,581.64,637.3248074327976,557.9973633939296,727.9096272480608,169.9122638541312,True,0.4440000000000001,0.5,40
308,576.48,572.2444038054921,501.5592090330536,652.8715052631763,151.31229623012274,True,0.4470000000000001,0.5,40
309,605.24,582.0240998876997,514.0683252419113,658.945650686662,144.87732544475068,True,0.4500000000000001,0.5,40
310,565.89,615.9780772440491,546.9626842983008,693.6858950572964,146.7232107589956,True,0.4530000000000001,0.5,40
311,525.93,552.509735797715,491.3458800751779,621.2719434070927,129.92606333191486,True,0.4560000000000001,0.5,40
312,478.79,527.2036654170627,469.0645919998979,592.533563064203,123.4689710643051,True,0.45900000000000013,0.5,40
313,429.65,468.415636095961,416.8074696284239,526.3985158938024,109.59104626537845,True,0.46200000000000013,0.5,40
314,452.3,418.82190441117973,375.2677196231917,467.4176245571461,92.14990493395442,True,0.46500000000000014,0.5,40
315,466.22,471.6494286677188,424.6385245717902,523.8525909271677,99.21406635537755,True,0.46800000000000014,0.5,40
316,441.92,470.96389804629683,425.4842601585667,521.2934158841805,95.80915572561378,True,0.47100000000000014,0.5,40
317,425.28,439.6183909042488,397.77307182328434,485.854755551509,88.08168372822468,True,0.47400000000000014,0.5,40
318,394.61,426.0895019926691,384.0846839123427,472.67618171453233,88.59149780218962,True,0.47700000000000015,0.5,40
319,354.84,382.1561967912956,345.96626212149096,422.1208828256756,76.15462070418465,True,0.48000000000000015,0.5,40
320,403.6,343.3663245989596,310.9226669849545,379.1845074744634,68.26184048950887,False,0.47300000000000014,0.492,40
321,406.38,455.855520511215,413.35152766702583,502.71955377294705,89.36802610592122,False,0.46600000000000014,0.484,41
322,384.67,404.58133712365753,367.47165285219046,445.42842875351477,77.9567759013243,True,0.46900000000000014,0.488,41
323,360.24,383.4166590750749,349.4313700445513,420.69788553934313,71.26651549479186,True,0.47200000000000014,0.492,41
324,315.11,356.09870244864914,325.442597235528,389.63371131832923,64.19111408280122,False,0.46500000000000014,0.484,41
325,292.02,301.8763674905104,276.77205118426457,329.24954668097047,52.4774954967059,True,0.46800000000000014,0.488,41
326,252.78,291.1082546984234,267.6819144875136,316.5771343810504,48.89521989353682,False,0.46100000000000013,0.48,41
327,281.86,238.98058271006144,220.29185875240077,259.2476223144646,38.95576356206382,False,0.4540000000000001,0.472,42
328,358.97,296.8475684787679,274.28426812722654,321.2602390330358,46.97597090580928,False,0.4470000000000001,0.46399999999999997,42
329,365.61,392.62866846685205,363.7658652462542,423.7752967081616,60.00943146190741,True,0.4500000000000001,0.46799999999999997,43
330,362.84,357.5934064378265,332.0970036972914,385.0413924874037,52.94438879011227,True,0.4530000000000001,0.472,43
331,319.32,373.96484796841474,348.14509333038154,401.69400858781006,53.54891525742852,False,0.4460000000000001,0.46399999999999997,42
332,279.63,301.83196600005573,281.7476761593536,323.34289426228105,41.59521810292745,False,0.4390000000000001,0.45599999999999996,43
333,259.48,277.14370495819924,259.4997526852992,295.9827027104109,36.48295002511168,False,0.4320000000000001,0.44799999999999995,44
334,310.6,257.8474132247729,241.93920016082498,274.79733237287866,32.858132212053675,False,0.4250000000000001,0.43999999999999995,44
335,432.36,349.9926488579957,329.1552178799734,372.1452143735,42.989996493526576,False,0.4180000000000001,0.43199999999999994,45
336,545.39,485.953137899975,456.38041974163906,517.4379310434324,61.05751130179334,False,0.4110000000000001,0.42399999999999993,45
337,511.32,574.7087550765533,538.3193193669202,613.5534913543544,75.23417198743414,False,0.4040000000000001,0.4159999999999999,46
338,437.14,457.38427300591457,426.6348253364898,490.34478599545366,63.70996065896384,True,0.4070000000000001,0.41999999999999993,47
339,417.5,422.10100400050464,391.9239911595987,454.59564601267266,62.67165485307396,True,0.4100000000000001,0.42399999999999993,46
340,393.28,415.41125467258945,384.7721040505138,448.483856394383,63.71175234386919,True,0.4130000000000001,0.42799999999999994,46
341,363.72,382.85002468907715,353.2208187137871,414.9575995245429,61.73678081075582,True,0.4160000000000001,0.43199999999999994,46
342,384.73,359.7443999556854,330.7616006152541,391.2591458988878,60.49754528363371,True,0.4190000000000001,0.43599999999999994,45
343,463.6,409.47562509003467,374.580321824349,447.613063577527,73.03274175317796,False,0.4120000000000001,0.42799999999999994,45
344,507.9,491.1050207307435,446.9518868353203,539.6101828016923,92.65829596637201,True,0.4150000000000001,0.43199999999999994,46
345,421.92,492.02411976193986,446.0554433801782,542.7195459005412,96.66410252036303,False,0.4080000000000001,0.42399999999999993,45
346,350.8,370.3950538759304,331.875828121749,413.3715896158609,81.49576149411189,True,0.4110000000000001,0.42799999999999994,46
347,390.42,349.2675316828002,309.7497095929386,393.8108074239995,84.06109783106092,True,0.4140000000000001,0.43199999999999994,46
348,410.59,423.19468384559667,371.69457795892987,481.811235914183,110.11665795525312,True,0.4170000000000001,0.43599999999999994,45
349,339.39,389.4848323491103,339.5663392360581,446.72012594299525,107.15378670693713,False,0.4100000000000001,0.42799999999999994,45
350,380.09,317.812212702961,274.5307962446038,367.8924372661616,93.36164102155783,False,0.4030000000000001,0.41999999999999993,46
351,505.66,436.5574473431577,373.5216081961703,510.2028666318698,136.68125843569953,True,0.4060000000000001,0.42399999999999993,46
352,660.02,496.9121380589961,422.6984375994439,584.1248794569693,161.42644185752545,False,0.3990000000000001,0.4159999999999999,46
353,689.19,683.3065736565661,583.8246601595255,799.7109115779343,215.88625141840885,True,0.4020000000000001,0.41999999999999993,47
354,430.95,578.8340060343867,495.9562107896181,675.5333992298479,179.57718844022975,False,0.3950000000000001,0.4119999999999999,46
355,370.42,340.9861854488515,293.28577815096094,396.41829106624914,103.1325129152882,True,0.3980000000000001,0.4159999999999999,47
356,399.18,416.5579905019748,358.75169977503407,483.65281898897956,124.90111921394549,True,0.4010000000000001,0.41999999999999993,47
357,469.53,379.09076951876114,326.34364189918307,440.337403821817,113.99376192263395,False,0.3940000000000001,0.4119999999999999,46
358,519.73,521.8301978317653,441.32227374091707,616.9915233590833,175.66924961816625,True,0.3970000000000001,0.4159999999999999,47
359,565.3,449.16839193548185,381.6628822153452,528.5825399227892,146.91965770744406,False,0.39000000000000007,0.4079999999999999,47
360,491.65,594.6356049221432,505.2327868677773,699.8273329076823,194.59454603990497,False,0.38300000000000006,0.3999999999999999,47
361,390.15,412.4893380824648,351.2120493976805,484.4275513863236,133.2155019886431,True,0.38600000000000007,0.4039999999999999,48
362,415.93,390.61742570106423,334.23334717543486,456.48494117582453,122.25159400038967,True,0.38900000000000007,0.4079999999999999,48
363,473.95,436.3045509867997,374.7182850954079,507.9857957410969,133.26751064568901,True,0.39200000000000007,0.4119999999999999,47
364,514.89,474.4495980383724,409.76674993506373,549.3179610097105,139.5512110746468,True,0.3950000000000001,0.4159999999999999,47
365,543.65,495.3652665244543,429.80912026928405,570.8970797505164,141.0879594812323,True,0.3980000000000001,0.41999999999999993,47
366,533.86,517.436860378893,450.559656734292,594.218758343769,143.65910160947698,True,0.4010000000000001,0.42399999999999993,46
367,492.89,490.2759389038635,428.16820513504547,561.3716884383988,133.20348330335332,True,0.4040000000000001,0.42799999999999994,46
368,470.91,463.8269200600467,404.66025087638303,531.6232115316378,126.96296065525479,True,0.4070000000000001,0.43199999999999994,46
369,414.58,459.00449844002156,401.45797360697003,524.7794663342983,123.32149272732823,True,0.4100000000000001,0.43599999999999994,45
370,352.78,402.67065160349654,351.09628395913165,461.7995306673142,110.70324670818252,True,0.4130000000000001,0.43999999999999995,45
371,403.4,371.77649993974364,325.02131193728127,425.23691709472894,100.21560515744767,True,0.4160000000000001,0.44399999999999995,45
372,576.72,462.76827595175126,404.81628010650934,528.9960211621136,124.17974105560427,False,0.4090000000000001,0.43599999999999994,44
373,701.46,585.4242228243259,512.4620841666468,668.7541643668906,156.29208020024373,False,0.4020000000000001,0.42799999999999994,45
374,590.11,619.6574750027323,543.4732961238774,706.5015506162193,163.02825449234194,True,0.4050000000000001,0.43199999999999994,46
375,444.46,486.54305520555226,428.3560916323063,552.6156009234525,124.25950929114617,True,0.4080000000000001,0.43599999999999994,45
376,391.13,420.4958257460462,369.4194043321801,478.6150769737288,109.1956726415487,True,0.4110000000000001,0.43999999999999995,45
377,370.45,406.8419402437411,357.9357585538099,462.4117505928101,104.47599203900023,True,0.4140000000000001,0.44399999999999995,45
378,565.63,390.1385844763535,343.83020571681647,442.66586722917305,98.83566151235658,False,0.4070000000000001,0.43599999999999994,44
379,654.83,662.0145421393306,583.9669727939374,750.4753884115047,166.50841561756727,True,0.4100000000000001,0.43999999999999995,45
380,681.55,511.3944722560475,453.1459175715202,577.113960822309,123.96804325078875,False,0.4030000000000001,0.43199999999999994,45
381,670.19,648.7094939571986,576.348753699823,730.1394089500197,153.79065525019678,True,0.4060000000000001,0.43599999999999994,45
382,645.48,555.8415756245641,494.6005955129699,624.6500560155855,130.0494605026156,False,0.3990000000000001,0.42799999999999994,45
383,659.6,597.6588998383784,533.0870092021523,670.0376252945813,136.95061609242896,True,0.4020000000000001,0.43199999999999994,46
384,497.76,599.8932234275768,536.7417074323678,670.4611512751151,133.7194438427473,False,0.3950000000000001,0.42399999999999993,45
385,444.37,444.7805919830662,396.9434085514652,498.36833207547113,101.42492352400592,True,0.3980000000000001,0.42799999999999994,46
386,537.22,483.0894159094938,431.1373111224959,541.2872697265591,110.14995860406322,True,0.4010000000000001,0.43199999999999994,46
387,648.37,558.5983423043314,499.0895045745402,625.1885159461078,126.09901137156766,False,0.3940000000000001,0.42399999999999993,45
388,748.12,624.1078740353711,557.1930697361458,699.0442595350225,141.8511897988767,False,0.38700000000000007,0.4159999999999999,46
389,736.18,693.0972808465766,617.9385556898475,777.3826534148387,159.44409772499125,True,0.39000000000000007,0.41999999999999993,47
390,637.19,638.9490152281653,568.703919569288,717.8554054553781,149.1514858860901,True,0.39300000000000007,0.42399999999999993,46
391,581.38,573.3142084073996,509.7228551819901,644.8234767290463,135.10062154705622,True,0.3960000000000001,0.42799999999999994,46
392,600.4,557.805204600069,494.944215199542,628.6338320278354,133.68961682829342,True,0.3990000000000001,0.43199999999999994,46
393,623.0,593.8706751087819,524.7250298911449,672.1106566823526,147.38562679120764,True,0.4020000000000001,0.43599999999999994,45
394,704.41,596.2929459193247,525.735853702127,676.3012710973252,150.5654173951982,False,0.3950000000000001,0.42799999999999994,45
395,695.15,699.6790918880039,615.1189935706656,795.844757152724,180.72576358205845,True,0.3980000000000001,0.43199999999999994,46
396,617.75,617.7747564558987,543.7823638810123,701.8168028410761,158.03443896006377,True,0.4010000000000001,0.43599999999999994,45
397,658.6,581.8969059465956,510.96896832847835,662.651166342018,151.68219801353962,True,0.4040000000000001,0.43999999999999995,45
398,639.61,659.6213753414921,578.1684275302523,752.5296829268004,174.36125539654813,True,0.4070000000000001,0.44399999999999995,45
399,738.71,584.2888681384458,510.40358112126864,668.848768785902,158.4451876646334,False,0.4000000000000001,0.43599999999999994,44
400,784.61,759.7239425509774,663.337491171636,870.0947740578315,206.75728288619553,True,0.4030000000000001,0.43999999999999995,45
401,752.93,690.9620132623853,603.2850261631553,791.3602390717782,188.07521290862292,True,0.4060000000000001,0.44399999999999995,45
402,648.51,705.2070807641255,616.1604277347628,807.1017811720856,190.94135343732273,True,0.4090000000000001,0.44799999999999995,44
403,620.02,585.999931144068,512.6060261418745,669.8817685639061,157.2757424220316,True,0.4120000000000001,0.45199999999999996,44
404,542.95,622.4148191226201,545.0075606266693,710.7960715701967,165.7885109435274,False,0.4050000000000001,0.44399999999999995,44
405,509.97,516.0471172656155,452.83282379802284,588.0665184492276,135.23369465120476,True,0.4080000000000001,0.44799999999999995,44
406,524.57,534.1971756733244,468.89050728175664,608.5803435266038,139.68983624484713,True,0.4110000000000001,0.45199999999999996,44
407,545.42,544.9852670264793,477.7652891765633,621.6431166776588,143.8778275010955,True,0.4140000000000001,0.45599999999999996,44
408,545.98,569.5092208870732,498.8478907085058,650.1596370964472,151.3117463879414,True,0.4170000000000001,0.45999999999999996,44
409,533.18,558.5974660322829,489.39728596867025,637.5625144135853,148.16522844491504,True,0.4200000000000001,0.46399999999999997,43
410,425.08,549.7043175662747,481.4748529704617,627.5824919557074,146.10763898524567,False,0.4130000000000001,0.45599999999999996,43
411,415.31,421.1768684647733,370.21528559820007,479.13461509136386,108.91932949316379,True,0.4160000000000001,0.45999999999999996,44
412,435.19,465.22400969784513,410.48778079322534,527.2412683062472,116.75348751302187,True,0.4190000000000001,0.46399999999999997,43
413,445.08,464.90865571342937,410.38198387625636,526.6625714702901,116.28058759403376,True,0.4220000000000001,0.46799999999999997,43
414,542.95,470.76610425997615,417.0337677462313,531.4049737143301,114.37120596809882,False,0.4150000000000001,0.45999999999999996,43
415,628.54,594.9704836020757,526.3070225052987,672.574980354681,146.26795784938224,True,0.4180000000000001,0.46399999999999997,43
416,518.26,633.6809190406937,559.4565456758589,717.735238444893,158.27869276903402,False,0.4110000000000001,0.45599999999999996,43
417,417.23,490.99463841706694,433.7415856825943,555.7876002731149,122.0460145905206,False,0.4040000000000001,0.44799999999999995,44
418,378.74,432.66518306615694,382.8635839370906,488.92792979972927,106.06434586263867,False,0.3970000000000001,0.43999999999999995,44
419,385.55,398.5084267139702,354.0104653007465,448.58388164771685,94.57341634697036,True,0.4000000000000001,0.44399999999999995,45
420,378.53,417.3290097095729,371.824166805983,468.3879204876254,96.56375368164242,True,0.4030000000000001,0.44799999999999995,44
421,384.16,388.4061510209186,346.11594708518436,435.8487006323388,89.73275354715446,True,0.4060000000000001,0.45199999999999996,44
422,503.95,407.82864392536635,363.45296583405104,457.6074905752295,94.15452474117848,False,0.3990000000000001,0.44399999999999995,44
423,526.31,572.9294652419526,511.25124858556273,642.0341204290768,130.78287184351404,True,0.4020000000000001,0.44799999999999995,44
424,445.69,515.2467037218562,460.29762506496934,576.7412339076026,116.44360884263324,False,0.3950000000000001,0.43999999999999995,44
425,377.29,437.195176657171,390.7309337037259,489.17066645758996,98.43973275386406,False,0.38800000000000007,0.43199999999999994,45
426,359.06,379.02111579766057,338.50870996717515,424.367727579247,85.85901761207185,True,0.39100000000000007,0.43599999999999994,45
427,351.81,379.0232006242745,338.2580059746393,424.6867353736475,86.4287293990082,True,0.3940000000000001,0.43999999999999995,45
428,333.67,365.79960511348577,326.1715818888266,410.2274957827072,84.05591389388059,True,0.3970000000000001,0.44399999999999995,45
429,366.33,343.43969109950814,306.5865891364209,384.7083013203346,78.1217121839137,True,0.4000000000000001,0.44799999999999995,44
430,356.32,400.3007521284358,358.0551129946788,447.5169207470245,89.46180775234575,False,0.39300000000000007,0.43999999999999995,44
431,381.42,354.1198957231095,316.5325443567733,396.1565830956127,79.62403873883937,True,0.3960000000000001,0.44399999999999995,45
432,368.27,415.36979134229665,370.8583181266488,465.20929179640626,94.35097366975748,False,0.38900000000000007,0.43599999999999994,44
433,371.22,362.9552139803706,323.4708097556614,407.2444207639117,83.77361100825033,True,0.39200000000000007,0.43999999999999995,45
434,418.97,393.2428664285254,350.47687524936384,441.2124147413919,90.73553949202807,True,0.3950000000000001,0.44399999999999995,45
435,416.88,444.65323697106476,395.9246560363428,499.3639975557561,103.43934151941329,True,0.3980000000000001,0.44799999999999995,44
436,446.46,413.26788074765835,367.9283137089083,464.17946886170944,96.25115515280112,True,0.4010000000000001,0.45199999999999996,44
437,500.0,472.3314041677602,421.30793304584626,529.5195584547572,108.21162540891095,True,0.4040000000000001,0.45599999999999996,44
438,444.49,504.6148915176741,450.4656715029858,565.2588202406406,114.7931487376548,False,0.3970000000000001,0.44799999999999995,44
439,467.73,413.1542581462001,368.9867297639233,462.59432850489844,93.60759874097516,False,0.39000000000000007,0.43999999999999995,44
440,464.75,490.74107052709036,437.9311958818203,549.9047493362368,111.9735534544165,True,0.39300000000000007,0.44399999999999995,45
441,457.46,441.11533911468143,393.11206071384345,494.9654691268469,101.85340841300348,True,0.3960000000000001,0.44799999999999995,44
442,425.05,458.99136943226307,408.4484570796574,515.7733723099705,107.32491523031308,True,0.3990000000000001,0.45199999999999996,44
443,402.66,413.245473343612,367.33793933939984,464.8746598122096,97.53672047280975,True,0.4020000000000001,0.45599999999999996,44
444,388.56,413.07284721676535,366.2811093129317,465.8258684007462,99.5447590878145,True,0.4050000000000001,0.45999999999999996,44
445,306.23,394.14574987534127,348.5437944194665,445.69699802243184,97.15320360296533,False,0.3980000000000001,0.45199999999999996,43
446,296.32,305.0508189275899,268.7560051099185,346.22898468221877,77.47297957230029,True,0.4010000000000001,0.45599999999999996,44
447,301.39,340.2139746176565,298.83993708644766,387.2970947956522,88.45715770920452,True,0.4040000000000001,0.45999999999999996,44
448,427.88,320.26383466319544,281.16593569295236,364.77927526592947,83.61333957297711,False,0.3970000000000001,0.45199999999999996,43
449,542.18,477.9608367332431,418.9750442599823,545.2312255444347,126.25618128445234,True,0.4000000000000001,0.45599999999999996,44
450,551.26,508.3548449293023,444.95136611495184,580.7727621582793,135.82139604332747,True,0.4030000000000001,0.45999999999999996,44
451,436.11,510.9510064232246,447.7969037198625,582.9920703672026,135.1951666473401,False,0.3960000000000001,0.45199999999999996,43
452,412.98,397.1867194501359,347.1088906897743,454.4685840752034,107.35969338542913,True,0.3990000000000001,0.45599999999999996,44
453,332.53,417.51368583451506,363.9142359862887,478.9859472661747,115.07171127988602,False,0.39200000000000007,0.44799999999999995,44
454,302.49,331.84307142273457,288.1288197080278,382.166611706137,94.03779199810924,True,0.3950000000000001,0.45199999999999996,44
455,305.41,330.2810906992881,286.1742462363268,381.1622673106792,94.98802107435245,True,0.3980000000000001,0.45599999999999996,44
456,317.03,330.39620153312416,286.3043605891237,381.2547007827788,94.95034019365511,True,0.4010000000000001,0.45999999999999996,44
457,296.32,340.6364229676896,295.2810725451785,392.9348689928909,97.65379644771241,True,0.4040000000000001,0.46399999999999997,43
458,296.77,309.97726508968844,269.0864712233148,357.0588800492066,87.97240882589182,True,0.4070000000000001,0.46799999999999997,43
459,300.16,317.9949725224706,277.3947739512443,364.51617349121926,87.12139953997496,True,0.4100000000000001,0.472,43
460,307.53,316.62100855757495,277.38495673884256,361.38705661014285,84.00209987130029,True,0.4130000000000001,0.476,42
461,308.95,324.27619521954233,284.9743275446649,368.97937571853095,84.00504817386604,True,0.4160000000000001,0.48,42
462,318.24,322.22699589571727,284.29387739525527,365.20376094165545,80.90988354640018,True,0.4190000000000001,0.484,42
463,309.15,332.62008051528915,294.3329586744526,375.87076519528364,81.53780652083105,True,0.4220000000000001,0.488,41
464,297.41,317.2377367159553,281.48758942174993,357.5122350946581,76.02464567290815,True,0.4250000000000001,0.492,41
465,302.28,307.1298323462611,273.2678149656834,345.17256710786296,71.90475214217958,True,0.4280000000000001,0.496,41
466,316.38,315.0124426216668,281.02343947476254,353.09774477503595,72.07430530027341,True,0.4310000000000001,0.5,40
467,332.34,328.0956344660525,293.62458544902955,366.5997930028496,72.97520755382004,True,0.4340000000000001,0.5,40
468,320.25,340.99072776331184,306.15568249338384,379.77647441407487,73.62079192069103,True,0.4370000000000001,0.5,40
469,317.15,323.22382997182353,290.7233763895493,359.34510920107334,68.62173281152405,True,0.4400000000000001,0.5,40
470,319.63,325.31197510404286,293.4136814283222,360.6662941060534,67.25261267773118,True,0.4430000000000001,0.5,40
471,393.87,327.3087966342508,295.95441181313487,361.973782033779,66.01937022064413,False,0.4360000000000001,0.492,40
472,445.96,412.10194802159435,373.7058669317068,454.4324725594409,80.7266056277341,True,0.4390000000000001,0.496,41
473,440.3,436.6934292705296,396.7118747250068,480.6942872501827,83.9824125251759,True,0.4420000000000001,0.5,40
474,460.97,423.9794543094101,386.32624103858495,465.29305595417196,78.96681491558701,True,0.4450000000000001,0.5,40
475,462.57,453.1184238080393,413.38372350175126,496.6632313142157,83.27950781246443,True,0.4480000000000001,0.5,40
476,428.97,444.7254340242781,406.5461768206203,486.48135508476474,79.93517826414444,True,0.4510000000000001,0.5,40
477,426.58,412.3324796738197,377.5941712298206,450.258238335635,72.66406710581441,True,0.4540000000000001,0.5,40
478,436.4,420.6656710271684,385.5415557065637,458.98143148615935,73.43987577959564,True,0.45700000000000013,0.5,40
479,538.76,428.5949400358567,393.2756093379593,467.07818727183803,73.80257793387875,False,0.4500000000000001,0.492,40
480,743.61,549.2934848262468,505.0297151702071,597.4291245433242,92.39940937311707,False,0.4430000000000001,0.484,41
481,900.24,768.9646819099858,708.6555771181797,834.3990731619632,125.74349604378347,False,0.4360000000000001,0.476,41
482,939.35,891.1217185866986,821.471315026765,966.6704174761221,145.19910244935716,True,0.4390000000000001,0.48,42
483,970.74,907.4089500926793,836.1936168600008,984.6821695601611,148.4885527001603,True,0.4420000000000001,0.484,42
484,1061.05,957.6302894582741,882.1637069539895,1039.545512265633,157.38180531164357,False,0.4350000000000001,0.476,41
485,1122.41,1077.4237830977197,990.8917631808813,1171.5048025615206,180.6130393806393,True,0.4380000000000001,0.48,42
486,1276.06,1111.3318239198857,1019.8987800129139,1210.9537320725256,191.05495205961165,False,0.4310000000000001,0.472,42
487,1351.54,1329.9418121618855,1219.9351865339913,1449.8600676744006,229.9248811404093,True,0.4340000000000001,0.476,42
488,1381.8,1328.9049248259055,1216.4447969877099,1451.7534336278018,235.3086366400919,True,0.4370000000000001,0.48,42
489,1380.15,1398.823701046757,1276.9070029890186,1532.3716690095318,255.46466602051328,True,0.4400000000000001,0.484,42
490,1398.23,1347.8998292887595,1228.1729582283997,1479.2886260024177,251.115667774018,True,0.4430000000000001,0.488,41
491,1413.95,1412.4248489822428,1284.185880414907,1553.4598132960502,269.2739328811433,True,0.4460000000000001,0.492,41
492,1433.63,1395.8695656032312,1266.6968131741744,1538.204455695409,271.50764252123463,True,0.4490000000000001,0.496,41
493,1499.58,1442.4885721756882,1307.1880271692278,1591.7826999843533,284.5946728151255,True,0.4520000000000001,0.5,40
494,1551.26,1523.029982511402,1378.0828137614767,1683.2116836033806,305.1288698419039,True,0.4550000000000001,0.5,40
495,1561.11,1555.6390420705413,1406.1919206706477,1720.9578024179286,314.7658817472809,True,0.45800000000000013,0.5,40
496,1565.24,1549.6222973782858,1398.1508096513458,1717.4920256922642,319.3412160409184,True,0.46100000000000013,0.5,40
497,1487.46,1561.9978279251598,1407.2789688445107,1733.7146866101477,326.43571776563704,True,0.46400000000000013,0.5,40
498,1469.91,1425.9676345062446,1283.2610483489843,1584.5317207868952,301.2706724379109,True,0.46700000000000014,0.5,40
499,1497.63,1486.9925722145656,1336.954601645515,1653.8557718196337,316.90117017411876,True,0.47000000000000014,0.5,40
500,1696.85,1491.7847539836005,1340.3809035868478,1660.277803916194,319.8969003293462,False,0.46300000000000013,0.492,40
501,1751.22,1829.4635214247805,1645.14483415997,2034.4203553277387,389.2755211677686,True,0.46600000000000014,0.496,41
502,1751.87,1689.630135658241,1519.0937670443598,1879.2986483875193,360.2048813431595,True,0.46900000000000014,0.5,40
503,1772.43,1775.6959281473744,1600.4881958763133,1970.0719249904828,369.5837291141695,True,0.47200000000000014,0.5,40
504,1888.79,1754.2645765744362,1581.2549232954461,1946.1917504672185,364.9368271717724,True,0.47500000000000014,0.5,40
505,1962.74,1963.1685593437821,1777.5690149812633,2168.1360284690845,390.5670134878212,True,0.47800000000000015,0.5,40
506,2093.64,1946.4647059472582,1765.970259134157,2145.3965006228705,379.42624148871346,True,0.48100000000000015,0.5,40
507,2416.9,2178.768367741844,1979.4087340054089,2398.196719052122,418.78798504671295,False,0.47400000000000014,0.492,40
508,2440.97,2564.3025916089114,2323.8990990289053,2829.564728277517,505.6656292486118,True,0.47700000000000015,0.496,41
509,2486.66,2338.2368376695476,2123.480842550816,2574.701730564953,451.220888014137,True,0.48000000000000015,0.5,40
510,2458.43,2575.0693096421596,2336.579907794711,2837.8903694594155,501.3104616647047,True,0.48300000000000015,0.5,40
511,2462.23,2373.021539033703,2163.553129671657,2602.7606518121725,439.20752214051527,True,0.48600000000000015,0.5,40
512,2459.55,2498.6869964527136,2284.416335806299,2733.0467390289873,448.6304032226885,True,0.48900000000000016,0.5,40
513,2412.53,2417.8311099322314,2221.785291666266,2631.16783029462,409.38253862835427,True,0.49200000000000016,0.5,40
514,2370.91,2390.6896455403553,2204.0141484467767,2593.1690054978894,389.1548570511127,True,0.49500000000000016,0.5,40
515,2383.24,2339.047968422731,2163.0388254120376,2529.372574751169,366.3337493391314,True,0.49800000000000016,0.5,40
516,2459.61,2394.0944091050333,2219.256084678518,2582.700712774671,363.4446280961529,True,0.5010000000000001,0.5,40
517,2680.95,2485.1484707183563,2308.7890467355423,2674.973473504355,366.1844267688125,False,0.4940000000000001,0.492,40
518,2740.95,2787.2921430265906,2598.4669991206147,2989.8335352954705,391.3665361748558,True,0.4970000000000001,0.496,41
519,2635.91,2695.623858263377,2519.686990244379,2883.840625233785,364.1536349894059,True,0.5000000000000001,0.5,40
520,2593.14,2585.216324101675,2428.5826870010355,2751.948031295849,323.36534429481344,True,0.5030000000000001,0.5,40
521,2576.86,2583.860818129661,2438.7331007262296,2737.6214693373927,298.88836861116306,True,0.5060000000000001,0.5,40
522,2611.43,2562.329383129115,2428.540242445173,2703.48598118307,274.94573873789705,True,0.5090000000000001,0.5,40
523,2539.49,2621.639828667655,2493.3084976133355,2756.573763427944,263.2652658146085,True,0.5120000000000001,0.5,40
524,2573.38,2490.1034534405335,2374.0734574578914,2611.8018888246847,237.7284313667933,True,0.5150000000000001,0.5,40
525,2508.81,2597.135500016322,2484.0713596582095,2715.3437581822536,231.2723985240441,True,0.5180000000000001,0.5,40
526,2473.97,2466.177431143374,2365.607710695241,2571.0208927042854,205.41318200904425,True,0.5210000000000001,0.5,40
527,2303.16,2464.672088321284,2368.5399626913954,2564.7042897986476,196.16432710725212,False,0.5140000000000001,0.492,40
528,1968.99,2236.561404475049,2151.6231341071198,2324.851171748677,173.22803764155742,False,0.5070000000000001,0.484,41
529,1887.64,1859.265132745874,1785.4314451483112,1936.150386323794,150.71894117548277,True,0.5100000000000001,0.488,41
530,1667.15,1896.734326225441,1821.12652740171,1975.4794149996792,154.35288759796913,False,0.5030000000000001,0.48,41
531,1590.52,1593.9057791018827,1531.2780570196908,1659.0932399698877,127.81518295019691,True,0.5060000000000001,0.484,42
532,1568.75,1596.8788098215837,1533.8252061596957,1662.5227781183464,128.69757195865077,True,0.5090000000000001,0.488,41
533,1572.88,1567.171282712436,1504.9201028132031,1631.995779344481,127.07567653127785,True,0.5120000000000001,0.492,41
534,1529.34,1584.5146715638707,1520.9596864193072,1650.7236272260297,129.76394080672253,True,0.5150000000000001,0.496,41
535,1597.57,1518.7898507547645,1459.4018449984867,1580.5929008632434,121.19105586475666,False,0.5080000000000001,0.488,40
536,1634.38,1636.505772629381,1574.2040619632758,1701.2716104810684,127.0675485177926,True,0.5110000000000001,0.492,41
537,1639.25,1640.4588597089587,1579.1027208246328,1704.1974865981329,125.09476577350006,True,0.5140000000000001,0.496,41
538,1631.14,1645.4707215079818,1585.4494549604349,1707.762815169943,122.31336020950812,True,0.5170000000000001,0.5,40
539,1596.95,1631.6845736941943,1573.1091998859856,1692.4396402562602,119.33044037027457,True,0.5200000000000001,0.5,40
540,1591.35,1593.419497404845,1538.5773012595378,1650.2152599450192,111.63795868548141,True,0.5230000000000001,0.5,40
541,1610.13,1602.0249590299425,1548.0753972495627,1657.8534191657302,109.77802191616752,True,0.5260000000000001,0.5,40
542,1735.47,1624.699537138255,1570.6028710773824,1680.6582825658418,110.05541148845941,False,0.5190000000000001,0.492,40
543,1846.58,1788.236419353557,1729.7471666261183,1848.7022708301265,118.9551042040082,True,0.5220000000000001,0.496,41
544,1878.17,1876.3099146988304,1816.537285133292,1938.0482630831257,121.51097794983366,True,0.5250000000000001,0.5,40
545,1909.7,1886.4911487790234,1828.3870139632036,1946.440759952184,118.05374598898038,True,0.5280000000000001,0.5,40
546,1874.48,1925.4859898507868,1867.9697916175603,1984.7722076284924,116.80241601093212,True,0.5310000000000001,0.5,40
547,1821.71,1864.1926607951377,1811.0234841439467,1918.9219504197547,107.898466275808,True,0.5340000000000001,0.5,40
548,1889.64,1816.2141873180776,1766.195976283001,1867.6480995366824,101.4521232536813,False,0.5270000000000001,0.492,40
549,1763.28,1928.7084223591573,1875.9063596338185,1982.995938961159,107.08957932734052,False,0.5200000000000001,0.484,41
550,1636.71,1721.6975760046232,1676.512500146061,1768.0997462694368,91.58724612337573,False,0.5130000000000001,0.476,41
551,1555.92,1621.9583272777202,1580.9772154544391,1664.0010545970179,83.02383914257871,False,0.5060000000000001,0.46799999999999997,42
552,1493.65,1546.27714449602,1509.020004365382,1584.4535403230732,75.43353595769122,False,0.4990000000000001,0.45999999999999996,43
553,1380.86,1488.791300132486,1454.3361415694549,1524.0621863598649,69.72604479041001,False,0.4920000000000001,0.45199999999999996,43
554,1370.24,1352.8312205235247,1322.31949133519,1384.0464575375647,61.7269662023748,True,0.4950000000000001,0.45599999999999996,44
555,1268.62,1388.251065434175,1358.319966840101,1418.8412220020173,60.521255161916315,False,0.4880000000000001,0.44799999999999995,44
556,1153.41,1240.1759545902273,1213.9888247788058,1266.927505862797,52.93868108399124,False,0.4810000000000001,0.43999999999999995,44
557,1052.77,1131.9143804834393,1108.7790812743674,1155.5319757445134,46.752894470145975,False,0.4740000000000001,0.43199999999999994,45
558,1075.42,1029.711436954316,1008.6202226335948,1051.2432519202605,42.623029286665655,False,0.4670000000000001,0.42399999999999993,45
559,1064.65,1103.9962888330983,1081.8291511750506,1126.6172210638335,44.78806988878296,False,0.4600000000000001,0.4159999999999999,46
560,1017.02,1060.9173918875445,1039.277556474531,1083.0073787757945,43.72982230126354,False,0.45300000000000007,0.4079999999999999,47
561,927.38,1009.7318045426159,989.1787061171648,1030.7115227815175,41.53281666435271,False,0.44600000000000006,0.3999999999999999,47
562,824.73,901.3168030478369,882.9581164785405,920.0567762033035,37.09865972476291,False,0.43900000000000006,0.3919999999999999,48
563,774.2,798.1528192983556,781.643216993502,815.0106862560498,33.36746926254773,False,0.43200000000000005,0.3839999999999999,49
564,815.41,768.8624884281634,752.3356975467871,785.7518465126154,33.41614896582837,False,0.42500000000000004,0.3759999999999999,49
565,867.14,847.070234219772,828.6040961736652,865.9474095979156,37.34331342425037,False,0.41800000000000004,0.3679999999999999,50
566,893.4,885.4684154633203,865.0362767473378,906.3826036080832,41.34632686074542,True,0.42100000000000004,0.3719999999999999,51
567,853.78,905.7593098735404,883.8667239529356,928.1935426945395,44.326818741603915,False,0.41400000000000003,0.3639999999999999,50
568,733.26,836.1655200772126,815.3177312261193,857.545736784953,42.228005558833615,False,0.40700000000000003,0.35599999999999987,51
569,668.42,690.2638004290446,672.3048919417821,708.701722804241,36.39683086245884,False,0.4,0.34799999999999986,52
570,565.81,663.3005776684458,645.3230257792198,681.7781773032092,36.45515152398934,False,0.393,0.33999999999999986,52
571,537.93,525.3344071006895,510.6956620603568,540.3919418088749,29.696279748518066,True,0.396,0.34399999999999986,53
572,507.61,548.4133016545085,532.6957480537367,564.593743505925,31.897995452188297,False,0.389,0.33599999999999985,52
573,552.18,494.19802562248304,479.97593875492623,508.84064860956363,28.864709854637397,False,0.382,0.32799999999999985,53
574,535.34,585.0755187794258,568.2970506845578,602.3484861717554,34.05143548719764,False,0.375,0.31999999999999984,54
575,524.95,523.3609829103558,508.37827926829016,538.7843834128146,30.40610414452442,True,0.378,0.32399999999999984,54
576,487.02,529.9185755810312,514.9025987634259,545.37161078975,30.469012026324094,False,0.371,0.31599999999999984,54
577,480.26,476.9414765836595,463.4476481314232,490.8273479432739,27.379699811850685,True,0.374,0.31999999999999984,55
578,479.53,485.8605823135073,471.87816586501566,500.256441343729,28.378275478713363,True,0.377,0.32399999999999984,54
579,471.33,481.65178485403936,467.5211850505806,496.2085635735784,28.68737852299779,True,0.38,0.32799999999999985,54
580,466.25,471.91297520161567,457.86337104463837,486.3927539801113,28.52938293547294,True,0.383,0.33199999999999985,54
581,462.04,468.2544845892097,454.35539057813344,482.5778292368788,28.222438658745375,True,0.386,0.33599999999999985,53
582,444.99,463.85236239260934,450.0256707252784,478.10292661281744,28.077255887539025,False,0.379,0.32799999999999985,53
583,369.77,442.71653227455147,429.36245364368455,456.4849858458193,27.122532202134778,False,0.372,0.31999999999999984,54
584,390.71,349.6162634674677,338.76716192209614,360.8117875560773,22.044625633981184,False,0.365,0.31199999999999983,54
585,374.84,407.81155074948566,394.550528634623,421.51715502212704,26.96662638750405,False,0.358,0.3039999999999998,55
586,369.68,374.66160337243525,361.6976639550934,388.0889141922389,26.391250237145528,True,0.361,0.30799999999999983,56
587,363.63,373.24802470075474,359.73066107726896,387.271913383086,27.54125230581701,True,0.364,0.31199999999999983,55
588,394.64,366.20884757697644,352.24749655068365,380.7219911124383,28.474494561754625,False,0.357,0.3039999999999998,55
589,427.14,404.802513539743,388.67047591097185,421.60240427554703,32.931928364575185,False,0.35,0.3,56
590,408.69,436.4834374347794,418.2583565122669,455.50075915457785,37.242402642310935,False,0.34299999999999997,0.3,56
591,325.97,408.5573674360248,390.78903235322406,427.13152837290414,36.342496019680084,False,0.33599999999999997,0.3,56
592,330.01,315.3131071729435,300.6489357547127,330.6901533866555,30.0412176319428,True,0.33899999999999997,0.304,56
593,392.31,337.7732029669926,320.36900535815727,356.11994976183234,35.75094440367508,False,0.33199999999999996,0.3,56
594,437.52,416.0177932798798,385.1294275391317,449.3770692131372,64.24764167400548,True,0.33499999999999996,0.304,56
595,445.99,446.25167569691007,403.349333603868,493.70604942226254,90.35671581839455,True,0.33799999999999997,0.308,56
596,454.1,446.25135359785816,395.3297698635523,503.7154882258368,108.38571836228448,True,0.34099999999999997,0.312,55
597,455.75,453.4983768790506,392.59358533756415,523.8275944551499,131.23400911758574,True,0.344,0.316,55
598,365.4,453.16361400376303,386.76245297697324,530.935432895582,144.1729799186088,False,0.33699999999999997,0.308,55
599,300.1,353.34080151029093,299.6781380427747,416.5807540656431,116.90261602286836,True,0.33999999999999997,0.312,55
600,289.45,311.74377039368557,264.38071304701106,367.5598127951819,103.17909974817087,True,0.34299999999999997,0.316,55
601,290.78,311.43228501166834,264.1164001474147,367.1927359579993,103.07633581058457,True,0.346,0.32,55
602,297.06,307.89852368015437,261.11780452162617,363.02829676496225,101.91049224333608,True,0.349,0.324,54
603,288.71,315.0224440961834,267.16285244477456,371.4236383303412,104.26078588556663,True,0.352,0.328,54
604,302.49,298.0360500345724,252.74893985910325,351.4056465809556,98.65670672185234,True,0.355,0.332,54
605,304.82,322.9668119527784,273.904096255441,380.78585432689624,106.88175807145524,True,0.358,0.336,53
606,255.57,313.20781420411976,265.6230367225747,369.28514760206986,103.66211087949517,False,0.351,0.328,53
607,229.6,251.65177248397424,213.3892664911801,296.7430688766312,83.35380238545108,True,0.354,0.332,54
608,228.0,241.37598147016698,204.66967875028453,284.6333356992004,79.96365694891588,True,0.357,0.336,53
609,232.52,239.23757239022424,202.8551181414288,282.11328022634126,79.25816208491247,True,0.36,0.34,53
610,238.0,244.95826206323008,207.70944570367533,288.8549534890517,81.14550778537637,True,0.363,0.34400000000000003,53
611,237.27,246.64682406939843,209.14228572046272,290.84487672909916,81.70259100863643,True,0.366,0.34800000000000003,52
612,219.23,242.78978881517392,205.86937395398675,286.2994682323865,80.43009427839976,True,0.369,0.35200000000000004,52
613,225.68,211.75261710268046,179.5325847362331,249.72302681630686,70.19044208007375,True,0.372,0.35600000000000004,52
614,240.94,253.08249855797482,214.6033181898447,298.4291396601709,83.82582147032619,True,0.375,0.36000000000000004,52
615,241.86,239.92457156579883,203.4380756559692,282.92288959832484,79.48481394235566,True,0.378,0.36400000000000005,51
616,254.26,254.23259091513967,215.5792363653854,299.7844914336699,84.20525506828452,True,0.381,0.36800000000000005,51
617,245.23,261.5637939069781,221.80017523498262,308.4241097347288,86.62393449974618,True,0.384,0.37200000000000005,51
618,310.51,238.0767477901967,201.87009305303127,280.7452808038887,78.87518775085744,False,0.377,0.36400000000000005,50
619,286.88,398.21716980022825,337.75826542869277,469.466302753141,131.70803732444824,False,0.37,0.35600000000000004,51
620,241.26,275.5097217753601,233.63408091807446,324.8589968563997,91.22491593832524,True,0.373,0.36000000000000004,52
621,229.18,238.40032429817592,201.93193995325674,281.42234951912025,79.4904095658635,True,0.376,0.36400000000000005,51
622,227.43,233.7938537585034,197.681707182396,276.46970037941196,78.78799319701596,True,0.379,0.36800000000000005,51
623,230.59,232.05253805668409,195.9383749747606,274.789243724708,78.85086874994741,True,0.382,0.37200000000000005,51
624,261.74,236.41151201189814,199.59678350599856,279.98270097182376,80.3859174658252,True,0.385,0.37600000000000006,50
625,278.04,276.44349710232433,233.27530725460602,327.5659721735529,94.29066491894687,True,0.388,0.38000000000000006,50
626,306.65,280.25686969628026,236.24207370125671,332.4375961110617,96.19552240980497,True,0.391,0.38400000000000006,50
627,334.99,315.7257887289632,264.5148980871951,376.8139229424343,112.29902485523922,True,0.394,0.38800000000000007,49
628,323.46,337.1007986816723,280.6606197491815,404.850665850908,124.19004610172652,True,0.397,0.39200000000000007,49
629,316.59,309.54066134411295,257.70117867972056,371.7679280017079,114.06674932198734,True,0.4,0.3960000000000001,49
630,347.24,309.274230131608,257.47922362747795,371.448108334259,113.96888470678107,True,0.403,0.4000000000000001,48
631,360.1,341.0651077403054,280.61491882882837,414.4912616845667,133.87634285573836,True,0.406,0.4040000000000001,48
632,382.28,344.75476027463463,283.42267645475596,419.31231736751727,135.8896409127613,True,0.40900000000000003,0.4080000000000001,48
633,593.24,372.8387184546443,309.33870566473763,449.3317983377495,139.99309267301186,False,0.402,0.4000000000000001,47
634,616.31,663.6011389766313,560.4373916643849,785.7211562443833,225.28376457999843,True,0.405,0.4040000000000001,48
635,632.5,572.5276114456465,490.85933745657536,667.7560772790838,176.89673982250844,True,0.40800000000000003,0.4080000000000001,48
636,608.6,618.4333820496174,538.000520027609,710.8689139256735,172.86839389806448,True,0.41100000000000003,0.4120000000000001,47
637,551.87,584.3083420195047,515.059383084038,662.8496779000196,147.7902948159816,True,0.41400000000000003,0.4160000000000001,47
638,507.11,524.5784091807031,467.1864232062,589.0057124793203,121.81928927312032,True,0.41700000000000004,0.4200000000000001,47
639,508.49,486.07607442308955,437.32960977142994,540.2436143639011,102.91400459247114,True,0.42000000000000004,0.4240000000000001,46
640,617.87,498.6052336480686,452.4520542454664,549.4559680601266,97.00391381466017,False,0.41300000000000003,0.4160000000000001,46
641,635.21,629.3944049721621,574.5544107951114,689.4596652664236,114.90525447131222,True,0.41600000000000004,0.4200000000000001,47
642,613.27,619.0524439542426,567.908865969862,674.7937101194626,106.88484414960067,True,0.41900000000000004,0.4240000000000001,46
643,639.25,595.759207034722,549.2747129128139,646.1704819863936,96.89576907357969,True,0.42200000000000004,0.4280000000000001,46
644,633.79,632.6614164121095,585.9034389256947,683.1445526105299,97.24111368483523,True,0.42500000000000004,0.4320000000000001,46
645,645.21,618.7478979142192,575.6486404002078,665.0684341552034,89.41979375499557,True,0.42800000000000005,0.4360000000000001,45
646,640.64,635.8795326864202,593.3849782905615,681.4121637821578,88.02718549159624,True,0.43100000000000005,0.4400000000000001,45
647,692.2,627.9198449105692,588.0689300337834,670.4667013581075,82.39777132432403,False,0.42400000000000004,0.4320000000000001,45
648,744.85,691.458304886485,649.0175280217461,736.6701140130224,87.65258599127628,False,0.41700000000000004,0.4240000000000001,45
649,771.13,740.3823216574953,696.6347295519282,786.8732574269654,90.23852787503722,True,0.42000000000000004,0.4280000000000001,46
650,774.2,760.3325184137244,716.5466046970957,806.7903230255922,90.24371832849647,True,0.42300000000000004,0.4320000000000001,46
651,804.14,759.5650386339996,717.3128944865166,804.3025115271623,86.98961704064573,True,0.42600000000000005,0.4360000000000001,45
652,798.71,800.9323769265944,757.5360346767627,846.8114522762017,89.27541759943904,True,0.42900000000000005,0.4400000000000001,45
653,800.89,780.7255757688622,739.587910324928,824.1483278238304,84.56041749890244,True,0.43200000000000005,0.4440000000000001,45
654,806.88,790.8511583052245,749.9829673086193,833.9433798165572,83.96041250793792,True,0.43500000000000005,0.4480000000000001,44
655,801.54,796.1774297020493,755.7659305479547,838.7469135089398,82.9809829609851,True,0.43800000000000006,0.4520000000000001,44
656,800.19,790.6477145378972,750.4094352066023,833.0407700107747,82.63133480417241,True,0.44100000000000006,0.4560000000000001,44
657,847.03,791.9600731724883,750.7365081871169,835.4442471499669,84.70773896285004,False,0.43400000000000005,0.4480000000000001,44
658,874.81,851.9177789658611,806.6580660456905,899.713765217202,93.05569917151149,True,0.43700000000000006,0.4520000000000001,44
659,883.43,869.9235771556412,822.9012741636559,919.6295718082741,96.72829764461824,True,0.44000000000000006,0.4560000000000001,44
660,885.96,874.9838632599881,826.8641140908301,925.9005814252542,99.03646733442417,True,0.44300000000000006,0.46000000000000013,44
661,879.92,876.9478142138968,828.0735459429169,928.7032431620119,100.62969721909496,True,0.44600000000000006,0.46400000000000013,43
662,876.94,868.5210824389591,821.4045985425648,918.336922660322,96.93232411775716,True,0.44900000000000007,0.46800000000000014,43
663,874.61,866.5417616513328,820.2790802358086,915.4104216474142,95.1313414116056,True,0.45200000000000007,0.47200000000000014,43
664,880.56,864.5033678455043,818.7597232414312,912.7995665240687,94.03984328263755,True,0.45500000000000007,0.47600000000000015,42
665,907.64,871.5904482041489,825.4156259937361,920.3452243010814,94.92959830734537,True,0.4580000000000001,0.48000000000000015,42
666,933.72,903.6114484896054,856.2643805482389,953.5735146666514,97.30913411841243,True,0.4610000000000001,0.48400000000000015,42
667,941.77,928.1171653153567,880.0749579603176,978.7789610115373,98.70400305121962,True,0.4640000000000001,0.48800000000000016,41
668,966.05,932.533073637063,884.7491192031401,982.8948531591976,98.14573395605748,True,0.4670000000000001,0.49200000000000016,41
669,970.2,960.4873814591903,911.6924179301956,1011.8910534851784,100.19863555498284,True,0.4700000000000001,0.49600000000000016,41
670,949.29,958.9309708411275,912.6574549911657,1007.5480764658123,94.89062147464665,True,0.4730000000000001,0.5,40
671,799.21,931.159163061769,886.4426060858067,978.1289028960618,91.68629681025516,False,0.4660000000000001,0.492,40
672,700.55,734.4725494974144,697.3853751080261,773.529207431581,76.14383232355488,True,0.4690000000000001,0.496,41
673,740.48,686.1988714742009,649.4653783450242,725.0068017100912,75.54142336506698,False,0.4620000000000001,0.488,40
674,830.12,771.9186028044236,726.8904615766796,819.7322366432865,92.84177506660683,False,0.45500000000000007,0.48,41
675,942.15,858.1725439529102,804.8758219374018,914.9940529148362,110.11823097743434,False,0.44800000000000006,0.472,42
676,916.67,979.7480436360621,917.8318178866162,1045.8365443725388,128.00472648592256,False,0.44100000000000006,0.46399999999999997,42
677,795.97,876.2373689095854,818.0214069989164,938.5913157278807,120.56990872896426,False,0.43400000000000005,0.45599999999999996,43
678,586.1,761.4100367631972,689.3461442350501,840.9965389990624,151.65039476401228,False,0.42700000000000005,0.44799999999999995,44
679,662.58,511.5839620732553,461.0188866524173,567.6830685178912,106.66418186547395,False,0.42000000000000004,0.43999999999999995,44
680,648.48,780.8379414575084,686.2379552630397,888.459847235229,202.22189197218927,False,0.41300000000000003,0.43199999999999994,45
681,621.91,656.9084994480309,570.3334465160983,756.6024058898913,186.268959373793,True,0.41600000000000004,0.43599999999999994,45
682,664.8,653.3929755002645,560.8220029056903,761.2167949445267,200.39479203883639,True,0.41900000000000004,0.43999999999999995,45
683,710.01,707.0748354384447,598.796715741345,834.8998297639731,236.10311402262812,True,0.42200000000000004,0.44399999999999995,45
684,797.94,738.2037943023137,618.3354996492046,881.2718055406707,262.9363058914661,True,0.42500000000000004,0.44799999999999995,44
685,764.23,825.5567677018358,684.759228919933,995.262334390653,310.50310547072,True,0.42800000000000005,0.45199999999999996,44
686,674.44,756.756461355234,623.1072542625192,919.02592631952,295.9186720570008,True,0.43100000000000005,0.45599999999999996,44
687,476.52,682.7354743836268,561.1846590498392,830.566979648156,269.3823205983168,False,0.42400000000000004,0.44799999999999995,44
688,373.13,460.5748457533668,382.4795295928773,554.5742139832893,172.09468439041194,False,0.41700000000000004,0.43999999999999995,44
689,626.33,379.14885111002246,319.74221117826966,449.5585606253401,129.81634944707042,False,0.41000000000000003,0.43199999999999994,45
690,636.98,863.2682274933967,722.1780318385399,1031.8847616617693,309.70672982322935,False,0.403,0.42399999999999993,45
691,578.22,637.4338640633713,532.691634922189,762.7327852109094,230.04115028872036,True,0.406,0.42799999999999994,46
692,523.6,624.5037910455234,523.5204940132699,744.9288952061868,221.40840119291693,True,0.40900000000000003,0.43199999999999994,46
693,617.69,556.2964777258234,469.33875731377213,659.3312171410438,189.99245982727166,True,0.41200000000000003,0.43599999999999994,45
694,803.34,684.979299928341,580.9009741973516,807.6729886975304,226.77201450017878,True,0.41500000000000004,0.43999999999999995,45
695,692.97,831.2918209686674,706.76622391142,977.7266640432899,270.96044013187,False,0.40800000000000003,0.43199999999999994,45
696,491.21,661.3519430535147,563.2063750473204,776.5702577447329,213.36388269741246,False,0.401,0.42399999999999993,45
697,503.07,508.81072010099206,436.3060893752717,593.3364994098091,157.0304100345374,True,0.404,0.42799999999999994,46
698,497.46,588.5151788014178,507.78935400554667,682.0491701551582,174.25981614961154,False,0.397,0.41999999999999993,46
699,487.73,535.6571384139761,465.44650503838676,616.4360427182879,150.98953767990116,True,0.4,0.42399999999999993,46
700,580.64,541.8220133074132,473.53783267039904,619.9320265846395,146.39419391424047,True,0.403,0.42799999999999994,46
701,602.03,646.4511957292037,568.0165644531111,735.6974479100926,167.68088345698152,True,0.406,0.43199999999999994,46
702,627.63,615.2196664366996,543.4589455083474,696.438586391149,152.97964088280162,True,0.40900000000000003,0.43599999999999994,45
703,611.52,656.6425663075522,582.4688093143844,740.2456983395442,157.7768890251598,True,0.41200000000000003,0.43999999999999995,45
704,568.81,616.584162337601,548.3473212868926,693.2970008058847,144.94967951899218,True,0.41500000000000004,0.44399999999999995,45
705,599.67,590.7286554071339,526.5006698799657,662.7769800550408,136.27631017507508,True,0.41800000000000004,0.44799999999999995,44
706,586.54,634.7151161124195,565.7887282002243,712.023546069996,146.23481786977163,True,0.42100000000000004,0.45199999999999996,44
707,473.16,596.5640232354257,530.546007432419,670.7814768098095,140.2354693773906,False,0.41400000000000003,0.44399999999999995,44
708,426.64,499.84589879655994,442.9916259011301,563.9805079819085,120.98888208077847,False,0.40700000000000003,0.43599999999999994,44
709,474.07,492.58145823197367,436.4014983777489,555.9771864384516,119.57568806070265,True,0.41000000000000003,0.43999999999999995,45
710,643.44,543.2796844905705,479.991178367929,614.895651047781,134.904472679852,False,0.403,0.43199999999999994,45
711,640.14,680.2995421598143,598.5540169073414,773.1905700865449,174.63655317920347,True,0.406,0.43599999999999994,45
712,585.6,587.1095625832855,511.9595980665805,673.2691995735115,161.30960150693102,True,0.40900000000000003,0.43999999999999995,45
713,529.61,590.1442912491112,511.88362763094926,680.3467115153567,168.4630838844074,True,0.41200000000000003,0.44399999999999995,45
714,450.83,537.3314039344589,463.64728338112855,622.7004085189831,159.05312513785452,False,0.405,0.43599999999999994,44
715,446.87,495.73614817654936,424.97660699415417,578.2496509289793,153.27304393482518,True,0.40800000000000003,0.43999999999999995,45
716,483.42,511.0594222193928,436.1956659010037,598.7425691384386,162.54690323743495,True,0.41100000000000003,0.44399999999999995,45
717,465.63,530.6719662705738,451.2987056153479,623.9743282670718,172.67562265172387,True,0.41400000000000003,0.44799999999999995,44
718,388.94,497.4250329840016,421.84758617122174,586.5107760565729,164.6631898853512,False,0.40700000000000003,0.43999999999999995,44
719,362.75,434.53944840909327,367.3328882228612,514.0086163517436,146.67572812888244,False,0.4,0.43199999999999994,45
720,458.7,434.22163358726726,364.92257517566054,516.6446690982096,151.7220939225491,True,0.403,0.43599999999999994,45
721,499.29,537.9108406441549,448.34984948556956,645.3224467445079,196.97259725893838,True,0.406,0.43999999999999995,45
722,491.95,503.7734025149306,416.73785347802857,608.9427805383249,192.2049270602963,True,0.40900000000000003,0.44399999999999995,45
723,478.7,515.8327090616536,423.65617624226826,628.0172240509627,204.36104780869442,True,0.41200000000000003,0.44799999999999995,44
724,480.03,476.92291879282345,391.8616220582687,580.4014489650867,188.539826906818,True,0.41500000000000004,0.45199999999999996,44
725,397.2,510.4861763001342,421.38586558392547,618.3817782810019,196.9959126970764,False,0.40800000000000003,0.44399999999999995,44
726,354.93,386.4538901148832,320.05138951951744,466.59030443638625,146.5389149168688,True,0.41100000000000003,0.44799999999999995,44
727,369.39,407.80110367005085,338.4981371238668,491.2511321494471,152.75299502558028,True,0.41400000000000003,0.45199999999999996,44
728,487.7,404.06131196216637,336.5934445408048,485.0125962211325,148.41915168032773,False,0.40700000000000003,0.44399999999999995,44
729,553.12,563.828400638416,470.25568957739694,675.9809452143596,205.7252556369627,True,0.41000000000000003,0.44799999999999995,44
730,516.78,529.6550492122707,443.34696469473084,632.7272528640649,189.38028816933405,True,0.41300000000000003,0.45199999999999996,44
731,414.46,507.1632266691989,424.0421072918212,606.5394896382788,182.49738234645764,False,0.406,0.44399999999999995,44
732,314.81,402.3858869140323,335.9554893752298,481.912962964723,145.95747358949325,False,0.399,0.43599999999999994,44
733,250.82,326.0531414312227,272.37388458978916,390.2727709178793,117.89888632809016,False,0.392,0.42799999999999994,45
734,274.8,256.2866020295104,215.4565844808081,304.81835032955945,89.36176584875136,True,0.395,0.43199999999999994,46
735,420.98,329.7850208006331,278.39962199422104,390.62089484980913,112.2212728555881,False,0.388,0.42399999999999993,45
736,520.32,506.8747034166976,428.6678978173748,599.3164669291432,170.64856911176838,True,0.391,0.42799999999999994,46
737,622.38,509.33825994601347,431.0858683605986,601.7624568072417,170.6765884466431,False,0.384,0.41999999999999993,46
738,640.73,638.5739860889345,541.2486967539131,753.3676658522769,212.11896909836378,True,0.387,0.42399999999999993,46
739,533.12,567.9649090259784,481.9894914413092,669.2445362463482,187.25504480503895,True,0.39,0.42799999999999994,46
740,530.91,485.6097239496059,412.41984347810836,571.7567923450443,159.33694886693598,True,0.393,0.43199999999999994,46
741,530.88,538.3257478263924,457.66685737881465,633.1689127720535,175.5020553932389,True,0.396,0.43599999999999994,45
742,523.15,498.2076283179669,423.8979378384617,585.5132164176182,161.6152785791565,True,0.399,0.43999999999999995,45
743,642.11,514.6878575717496,438.50087522410973,604.0817676104432,165.58089238633346,False,0.392,0.43199999999999994,45
744,648.6,662.656773120327,565.6709972905463,776.2416704126123,210.57067312206595,True,0.395,0.43599999999999994,45
745,668.28,569.9625283972608,487.37392943995076,666.5176318433615,179.14370240341077,False,0.388,0.42799999999999994,45
746,639.96,663.6851494275537,568.9255561223409,774.2000995980792,205.27454347573826,True,0.391,0.43199999999999994,46
747,684.35,567.4591548013917,487.46527918888484,660.5532862726877,173.0880070838029,False,0.384,0.42399999999999993,45
748,658.04,682.445921822259,588.8273317833674,790.923844293865,202.09651251049763,True,0.387,0.42799999999999994,46
749,580.23,584.5883415752103,506.760570966293,674.345281608266,167.58471064197295,True,0.39,0.43199999999999994,46
750,578.64,544.6253719857685,473.00327531622105,627.0695979495066,154.06632263328555,True,0.393,0.43599999999999994,45
751,578.93,568.2828873573832,495.2360052640466,652.0824091764863,156.8464039124397,True,0.396,0.43999999999999995,45
752,635.65,555.9876236604798,486.21709827181104,635.7494367734049,149.53233850159387,True,0.399,0.44399999999999995,45
753,413.78,640.378650494641,562.0633783952028,729.5866250488003,167.52324665359754,False,0.392,0.43599999999999994,44
754,410.56,341.1138306043581,299.89459567662624,387.97964527276935,88.08504959614311,False,0.385,0.42799999999999994,45
755,436.79,463.4343424952127,407.7995980112433,526.6405836461417,118.84098563489846,True,0.388,0.43199999999999994,46
756,488.82,444.859766264069,392.2001855087531,504.57181430583245,112.37162879707932,True,0.391,0.43599999999999994,45
757,652.64,509.945650582979,450.5372503222267,577.1703672584304,126.63311693620363,False,0.384,0.42799999999999994,45
758,657.16,666.9532304965262,590.9303748824615,752.7398604005394,161.80948551807796,True,0.387,0.43199999999999994,46
759,588.05,594.074326320856,527.8420113790033,668.6015940996024,140.75958272059904,True,0.39,0.43599999999999994,45
760,527.05,553.6163044225572,493.1578893675784,621.4715860046252,128.31369663704686,True,0.393,0.43999999999999995,45
761,508.73,505.249379624284,450.7370938455495,566.3398041950444,115.60271034949488,True,0.396,0.44399999999999995,45
762,504.13,507.3203973333625,453.36979999151055,567.6769374856676,114.30713749415708,True,0.399,0.44799999999999995,44
763,505.81,501.61830899248696,449.1328670065262,560.2235476482201,111.0906806416939,True,0.402,0.45199999999999996,44
764,508.82,509.3881947082995,457.1614855047236,567.5683269745539,110.40684146983028,True,0.405,0.45599999999999996,44
765,535.36,512.080240880307,459.7318086693528,570.3765115156568,110.64470284630403,True,0.40800000000000003,0.45999999999999996,44
766,522.15,541.2782998461519,486.7283930946608,601.9293324880497,115.20093939338886,True,0.41100000000000003,0.46399999999999997,43
767,466.76,513.2387598608929,462.5107095560064,569.5186453978067,107.0079358418003,True,0.41400000000000003,0.46799999999999997,43
768,443.33,462.414530756753,417.2815870774217,512.4173579501885,95.13577087276678,True,0.41700000000000004,0.472,43
769,399.12,456.1019318980672,412.92688509850785,503.7803939945106,90.85350889600272,False,0.41000000000000003,0.46399999999999997,42
770,391.01,399.96456676387817,362.1812481946954,441.67864764305506,79.49739944835966,True,0.41300000000000003,0.46799999999999997,43
771,403.66,411.2236122497143,372.4063663555902,454.0760828067462,81.66971645115598,True,0.41600000000000004,0.472,43
772,440.77,422.55727661228406,382.69098169819074,466.5657628886638,83.87478119047307,True,0.41900000000000004,0.476,42
773,541.44,470.1045700364709,426.5219992845667,518.1300477651466,91.60804848057995,False,0.41200000000000003,0.46799999999999997,42
774,582.23,559.5944276578431,507.5089066065818,617.0149614648991,109.50605485831733,True,0.41500000000000004,0.472,43
775,536.07,572.2760642715748,518.6791552310763,631.4006698336285,112.72151460255225,True,0.41800000000000004,0.476,42
776,547.11,527.454886003878,479.12423562792145,580.6506350197898,101.52639939186832,True,0.42100000000000004,0.48,42
777,489.76,547.325670788343,498.06093960465546,601.4535630531675,103.39262344851204,False,0.41400000000000003,0.472,42
778,471.74,489.84730313083764,445.43208950616173,538.6813550238553,93.24926551769357,True,0.41700000000000004,0.476,42
779,456.99,486.8983275196524,442.703553967401,535.4950897237195,92.79153575631852,True,0.42000000000000004,0.48,42
780,565.51,471.81652311794755,429.302231751147,518.5312690421543,89.22903729100733,False,0.41300000000000003,0.472,42
781,644.12,581.2933695195103,529.8572418522511,637.7132762912446,107.85603443899345,False,0.406,0.46399999999999997,42
782,656.54,617.8612368781011,563.0358030750601,678.0158149930883,114.98001191802814,True,0.40900000000000003,0.46799999999999997,43
783,633.91,616.2980710108305,560.9405945546553,677.1088822666115,116.16828771195628,True,0.41200000000000003,0.472,43
784,527.64,597.5429382310483,543.489213778114,656.9628022755455,113.47358849743148,False,0.405,0.46399999999999997,42
785,505.37,506.74242879188256,459.38310231345275,558.9735800467209,99.59047773326819,True,0.40800000000000003,0.46799999999999997,43
786,513.51,513.1779196354476,463.18702555746205,568.5526123831936,105.36558682573155,True,0.41100000000000003,0.472,43
787,443.6,516.1292588227312,465.58258006349695,572.1518529777815,106.56927291428451,False,0.404,0.46399999999999997,42
788,467.55,444.8982561352376,402.22181779013385,492.0915095668985,89.86969177676463,True,0.40700000000000003,0.46799999999999997,43
789,519.82,516.4587001566413,466.90729401923994,571.2576027139054,104.35030869466544,True,0.41000000000000003,0.472,43
790,535.07,519.4915308141601,469.7317569777659,574.5112750170025,104.77951803923662,True,0.41300000000000003,0.476,42
791,550.32,528.4263652736519,478.36499751545193,583.7157754521601,105.35077793670814,True,0.41600000000000004,0.48,42
792,527.78,542.9447363691887,492.53280527776656,598.5059964802613,105.97319120249472,True,0.41900000000000004,0.484,42
793,514.48,510.67523975483397,464.02632519541135,562.0037199897222,97.97739479431084,True,0.42200000000000004,0.488,41
794,371.42,514.9770530462517,468.0836444435101,566.5583074019453,98.4746629584352,False,0.41500000000000004,0.48,41
795,322.1,354.42776155252585,322.02365129578175,390.08248939506944,68.0588380992877,True,0.41800000000000004,0.484,42
796,321.78,359.8456987331233,326.29833639082744,396.831592210455,70.53325581962758,False,0.41100000000000003,0.476,41
797,366.29,346.95163785354924,313.766409775009,383.63552185097205,69.86911207596307,True,0.41400000000000003,0.48,42
798,520.23,407.8450851542987,368.60417887515314,451.2522017027519,82.64802282759877,False,0.40700000000000003,0.472,42
799,568.78,574.1856876183335,516.6836149961836,638.0748435092235,121.39122851303989,True,0.41000000000000003,0.476,42
800,559.02,531.5635856168532,478.0194162603115,591.0928528102726,113.07343654996106,True,0.41300000000000003,0.48,42
801,589.87,545.2395751836107,491.69077852588003,604.608398820678,112.91762029479793,True,0.41600000000000004,0.484,42
802,457.52,574.6842003530473,518.2295199371481,637.2770736460525,119.04755370890439,False,0.40900000000000003,0.476,41
803,434.42,414.1996387736992,372.8634239868971,460.1061927359123,87.24276874901523,True,0.41200000000000003,0.48,42
804,412.86,470.7294875415932,425.28412444272533,521.019696856322,95.73557241359663,False,0.405,0.472,42
805,418.94,415.7715346038855,376.80572257741295,458.75617010535535,81.9504475279424,True,0.40800000000000003,0.476,42
806,481.39,445.66966443555276,405.03055697480636,490.3762910197639,85.34573404495757,True,0.41100000000000003,0.48,42
807,515.72,500.6237188125026,456.04150348968244,549.5547162654234,93.51321277574095,True,0.41400000000000003,0.484,42
808,530.0,509.0350291769196,464.5752212248323,557.7404980512875,93.16527682645523,True,0.41700000000000004,0.488,41
809,545.92,520.766813309858,476.2781097452622,569.4024590962852,93.12434935102294,True,0.42000000000000004,0.492,41
810,598.49,532.7944582653453,488.3420034958684,581.2850309991818,92.94302750331337,False,0.41300000000000003,0.484,41
811,555.98,584.34518921956,536.4875255245986,636.4640792045727,99.97655367997413,True,0.41600000000000004,0.488,41
812,538.87,520.0667094614337,478.7184378514931,564.9789040525014,86.26046620100834,True,0.41900000000000004,0.492,41
813,560.08,533.6516646854251,491.7235964580553,579.1475809272112,87.42398446915587,True,0.42200000000000004,0.496,41
814,592.35,550.2093980942146,507.8106249318159,596.1412263415331,88.33060140971719,True,0.42500000000000004,0.5,40
815,591.14,576.2106140633549,532.4620403553154,623.5469551413332,91.08491478601786,True,0.42800000000000005,0.5,40
816,471.68,560.6640842758032,519.7442074672042,604.7994290512474,85.05522158404324,False,0.42100000000000004,0.492,40
817,434.87,437.3852550355472,406.39936342945884,470.7278648027588,64.32850137329996,True,0.42400000000000004,0.496,41
818,422.19,465.2751672581144,431.7459443246883,501.40223958854347,69.65629526385516,False,0.41700000000000004,0.488,40
819,460.62,432.57624772914716,401.8317822949008,465.66715700516966,63.835374710268866,True,0.42000000000000004,0.492,41
820,452.77,493.30357875260887,458.90505009737024,530.2749401553782,71.36989005800797,False,0.41300000000000003,0.484,41
821,449.62,451.39073941780543,420.0026552413938,485.11897944834243,65.1163242069486,True,0.41600000000000004,0.488,41
822,406.38,467.9509033980094,435.27848851265196,503.0701194036333,67.79163089098137,False,0.40900000000000003,0.48,41
823,347.94,410.88747834542346,382.1822276930653,441.74311947903,59.560891785964714,False,0.402,0.472,42
824,319.51,364.75716121694427,338.59354217500214,392.93652813497266,54.34298595997052,False,0.395,0.46399999999999997,42
825,320.25,342.05274742578166,317.3671983873299,368.65236403908585,51.28516565175596,True,0.398,0.46799999999999997,43
826,336.11,347.19512238557087,321.70044429959603,374.7039861418451,53.00354184224909,True,0.401,0.472,43
827,383.81,362.25695695645976,335.47619513677785,391.16924907162365,55.69305393484581,True,0.404,0.476,42
828,391.98,416.30292401059074,385.1803771361156,449.9336587198208,64.75328158370519,True,0.40700000000000003,0.48,42
829,361.84,399.1657445899628,369.1107816930068,431.66133023939693,62.55054854639013,False,0.4,0.472,42
830,321.07,368.5255200613299,340.5157131006124,398.83258379788884,58.31687069727644,False,0.393,0.46399999999999997,42
831,351.69,324.06325187296613,299.63553737068435,350.475805696054,50.840268325369664,False,0.386,0.45599999999999996,43
832,463.57,382.4067815859937,353.7727855293914,413.3518504294955,59.57906490010413,False,0.379,0.44799999999999995,44
833,510.56,501.51539786510097,464.50449343597785,541.4689313471703,76.96443791119242,True,0.382,0.45199999999999996,44
834,419.44,503.3927881839062,466.9755243902325,542.6439974151027,75.6684730248702,False,0.375,0.44399999999999995,44
835,349.71,395.4993947027807,367.21730239152737,425.95378239588365,58.73648000435628,False,0.368,0.43599999999999994,44
836,403.46,351.1170635091376,326.37109612198344,377.7335775303108,51.36248140832737,False,0.361,0.42799999999999994,45
837,433.69,448.4774207052616,416.11352782732314,483.35243224116,67.23890441383685,True,0.364,0.43199999999999994,46
838,413.87,426.72959473877546,395.23405425530626,460.7286279425011,65.49457368719482,True,0.367,0.43599999999999994,45
839,436.23,412.78348234601805,381.5330877510728,446.5868251527929,65.05373740172013,True,0.37,0.43999999999999995,45
840,467.88,450.5862271925429,416.0003524542048,488.04064322677203,72.04029077256723,True,0.373,0.44399999999999995,45
841,479.2,468.8885492744632,432.4802017209572,508.35486295033013,75.87466122937292,True,0.376,0.44799999999999995,44
842,479.29,474.12212000751174,437.3317605944799,514.0003928856878,76.66863229120793,True,0.379,0.45199999999999996,44
843,476.96,472.4535031985902,435.4217965921423,512.6274618760722,77.20566528392987,True,0.382,0.45599999999999996,44
844,488.46,471.0850400024691,434.1780611794114,511.12205962343387,76.9439984440225,True,0.385,0.45999999999999996,44
845,517.08,487.85645807056017,449.41490578092515,529.5788807831547,80.1639750022295,True,0.388,0.46399999999999997,43
846,494.87,515.2427004775157,474.8652753666358,559.0461718728793,84.18089650624353,True,0.391,0.46799999999999997,43
847,494.25,470.66463844204975,433.93332990542655,510.4980063842052,76.56467647877867,True,0.394,0.472,43
848,633.65,497.71085668699226,458.9842611414,539.6978881414793,80.71362700007933,False,0.387,0.46399999999999997,42
849,708.24,674.1120175981754,620.3719523080715,732.4998540125747,112.12790170450319,True,0.39,0.46799999999999997,43
850,741.16,652.8352898453679,599.9701978269376,710.3507255317915,110.38052770485388,False,0.383,0.45999999999999996,43
851,741.75,726.6275149257223,666.538826156193,792.1251033375872,125.58627718139428,True,0.386,0.46399999999999997,43
852,706.12,688.7784714449955,631.6885916088492,751.0197866364367,119.33119502758757,True,0.389,0.46799999999999997,43
853,732.46,675.3853314754373,615.7402781817162,740.7986676400278,125.05838945831158,True,0.392,0.472,43
854,879.12,723.1057391509931,660.835513267056,791.2347939341163,130.39928066706034,False,0.385,0.46399999999999997,42
855,1103.97,954.0586979161908,863.177867261682,1054.496965405578,191.3190981438961,False,0.378,0.45599999999999996,43
856,1181.34,1149.9538442553298,1029.85424685681,1284.045636320813,254.1913894640029,True,0.381,0.45999999999999996,44
857,1192.31,1145.588011199015,1015.5498874445595,1292.2607476158043,276.7108601712448,True,0.384,0.46399999999999997,43
858,1204.61,1175.96508572817,1031.1890292711153,1341.047603432984,309.8585741618688,True,0.387,0.46799999999999997,43
859,1217.09,1178.9694844038836,1024.8734262949038,1356.212252931601,331.33882663669715,True,0.39,0.472,43
860,1202.34,1203.8152482615624,1033.2651008297184,1402.4890873520428,369.22398652232437,True,0.393,0.476,42
861,1189.31,1159.5497628232736,992.195716557252,1355.1030615978466,362.9073450405946,True,0.396,0.48,42
862,1197.83,1179.9698278205935,1005.3804107002109,1384.84745827099,379.4670475707792,True,0.399,0.484,42
863,1202.96,1182.2032330504562,1006.8542789986705,1388.0598272718141,381.2055482731437,True,0.402,0.488,41
864,1138.42,1191.567765550481,1005.0752781781541,1412.6296818718004,407.55440369364624,True,0.405,0.492,41
865,1053.36,1068.4988905410269,904.1368220290477,1262.7071534714112,358.57033144236345,True,0.40800000000000003,0.496,41
866,1056.45,1016.4705164382544,852.8085218441518,1211.504004510387,358.6954826662352,True,0.41100000000000003,0.5,40
867,1057.6,1066.8408303711162,901.8932581928137,1261.9223096537578,360.02905146094406,True,0.41400000000000003,0.5,40
868,1053.24,1025.666807483371,867.0966178230055,1213.2020968027825,346.105478979777,True,0.41700000000000004,0.5,40
869,1114.06,1053.4510395467526,896.1311193499076,1238.3584068368118,342.2272874869042,True,0.42000000000000004,0.5,40
870,1146.74,1143.2639224781974,974.5489008912992,1341.157141573248,366.6082406819488,True,0.42300000000000004,0.5,40
871,1184.5,1126.55720816573,965.6489808338235,1314.2501920498676,348.601211216044,True,0.42600000000000005,0.5,40
872,1117.6,1214.442457597838,1016.1855527288844,1451.3410834613223,435.1555307324379,True,0.42900000000000005,0.5,40
873,986.63,1024.5820139759069,863.2873366432682,1215.9777605164795,352.69042387321133,True,0.43200000000000005,0.5,40
874,989.85,942.177494722667,794.1871973780635,1117.7098955874956,323.52269820943206,True,0.43500000000000005,0.5,40
875,987.67,1018.647332019987,786.8269608837647,1318.681520583136,531.8545596993713,True,0.43800000000000006,0.5,40
876,1049.05,948.6184318803793,665.7720630766488,1351.4489343568778,685.676871280229,True,0.44100000000000006,0.5,40
877,1198.54,1127.9195904167889,813.1803777827809,1564.3281218806646,751.1477440978838,True,0.44400000000000006,0.5,40
878,1469.52,1244.6893793645315,915.4389484488139,1692.230119134621,776.7911706858071,True,0.44700000000000006,0.5,40
879,1700.04,1650.6126484007464,1248.3209881615082,2182.445540582468,934.1245524209596,True,0.45000000000000007,0.5,40
880,1588.13,1678.541855529504,1243.0040280306237,2266.565683803435,1023.5616557728115,True,0.45300000000000007,0.5,40
881,1557.9,1490.1551639251845,1083.7721590823758,2048.779489899216,965.0073308168403,True,0.45600000000000007,0.5,40
882,1592.23,1596.14262886612,1062.1480405421194,2398.350306511073,1336.2022659689537,True,0.4590000000000001,0.5,40
883,1640.49,1555.7579698084232,996.7861948518929,2427.8724268446877,1431.0862319927946,True,0.4620000000000001,0.5,40
884,1745.97,1696.094305821066,1086.7331624763742,2646.826858834823,1560.0936963584486,True,0.4650000000000001,0.5,40
885,1879.29,1759.152326378553,1127.1494786971225,2745.210737635414,1618.0612589382913,True,0.4680000000000001,0.5,40
886,1921.88,1966.3464125982034,1259.9481557518232,3068.4774321275086,1808.5292763756854,True,0.4710000000000001,0.5,40
887,2026.36,1841.4644638567172,1179.9065006859487,2873.6351202258334,1693.7286195398847,True,0.4740000000000001,0.5,40
888,1999.55,2126.9321306921647,1348.6537195221752,3354.005130082701,2005.3514105605257,True,0.4770000000000001,0.5,40
889,1930.38,1861.9474174458335,1193.9430107339888,2903.3837647423165,1709.4407540083278,True,0.4800000000000001,0.5,40
890,1786.32,1938.5477679527066,1243.0764712926646,3022.8057153042664,1779.7292440116018,True,0.4830000000000001,0.5,40
891,1565.42,1652.5462727468841,1101.1085340113468,2479.894750141698,1378.786216130351,True,0.4860000000000001,0.5,40
892,1464.66,1486.2862654973333,1034.854452659324,2134.4548699946577,1099.6004173353338,True,0.4890000000000001,0.5,40
893,1464.92,1427.2701840789628,1037.1046414373486,1964.0771582183213,926.9725167809727,True,0.4920000000000001,0.5,40
894,1468.99,1469.8851239225085,1104.8639207023402,1955.3917470085107,850.5278263061705,True,0.4950000000000001,0.5,40
895,1466.01,1453.6315322825164,1126.0402382646212,1876.44219138853,750.4019531239089,True,0.4980000000000001,0.5,40
896,1364.19,1461.2441441585888,1159.6554497756729,1841.1986796678884,681.5432298922155,True,0.5010000000000001,0.5,40
897,1320.86,1293.6421511363976,1050.0762269317645,1593.6496139407889,543.5733870090244,True,0.5040000000000001,0.5,40
898,1278.68,1339.7360591265947,1107.6094176538043,1620.4666334393853,512.857215785581,True,0.5070000000000001,0.5,40
899,1265.47,1241.8998163428053,1044.7995888984178,1476.1472181320878,431.34762923367,True,0.5100000000000001,0.5,40
900,1307.23,1286.1085316406336,1097.1392185407963,1507.5959450783087,410.4567265375124,True,0.5130000000000001,0.5,40
901,1431.3,1322.9975282049186,1143.2645512915653,1530.9616890290845,387.69713773751914,True,0.5160000000000001,0.5,40
902,1472.86,1500.6831281156328,1311.7483015696719,1716.8100436852624,405.0617421155905,True,0.5190000000000001,0.5,40
903,1368.14,1443.0873972042307,1274.55512266194,1633.886939587619,359.33181692567905,True,0.5220000000000001,0.5,40
904,1183.47,1317.3247322905768,1174.3162237822055,1477.7340331065498,303.41780932434426,True,0.5250000000000001,0.5,40
905,1092.73,1109.4403787603308,998.1630205227435,1233.1107601603026,234.94773963755904,True,0.5280000000000001,0.5,40
906,994.07,1096.2993309252367,995.1286500440501,1207.7452977039934,212.61664765994328,False,0.5210000000000001,0.492,40
907,955.66,948.3430554691273,867.642502154669,1036.5410306678534,168.89852851318437,True,0.5240000000000001,0.496,41
908,940.44,978.5537693837467,901.4669611994021,1062.2251687515209,160.75820755211873,True,0.5270000000000001,0.5,40
909,939.23,935.8506633961731,867.2993885375191,1009.8139854666325,142.5145969291134,True,0.5300000000000001,0.5,40
910,980.97,961.637992205203,896.72851775303,1031.2406893748662,134.51217162183616,True,0.5330000000000001,0.5,40
911,944.16,1013.1851154228983,950.5448877371751,1079.948951122375,129.40406338519995,False,0.5260000000000001,0.492,40
912,930.21,915.498330337034,863.2396472061544,970.9169818533053,107.67733464715093,True,0.5290000000000001,0.496,41
913,846.17,951.6081621666625,901.4102172353325,1004.59844436014,103.18822712480744,False,0.5220000000000001,0.488,40
914,775.88,798.2423765338143,758.1687157667901,840.4313751090468,82.26265934225671,True,0.5250000000000001,0.492,41
915,688.84,774.5863122758411,737.0251358229436,814.0591336145901,77.03399779164647,False,0.5180000000000001,0.484,41
916,677.98,652.0984423272872,621.5429723309737,684.1536268625022,62.61065453152844,True,0.5210000000000001,0.488,41
917,696.03,696.3090202096472,665.3731367894808,728.6810792949929,63.307942505512074,True,0.5240000000000001,0.492,41
918,647.63,701.9048307821719,671.2890323949696,733.9148615095132,62.62582911454365,False,0.5170000000000001,0.484,41
919,651.02,625.0774739248058,598.1016964175061,653.267890910636,55.166194493129865,True,0.5200000000000001,0.488,41
920,655.71,671.3403788273696,642.1376843786455,701.8690682905041,59.73138391185853,True,0.5230000000000001,0.492,41
921,586.28,653.5237774520348,625.5367245774552,682.760996674218,57.224272096762775,False,0.5160000000000001,0.484,41
922,518.32,556.7460705958296,533.2319396030238,581.2951721985125,48.063232595488785,False,0.5090000000000001,0.476,41
923,489.41,501.11532774140153,480.37382756352156,522.7505404665683,42.37671290304672,True,0.5120000000000001,0.48,42
924,422.16,485.8997505599001,466.0060364760895,506.64090521007836,40.63486873398887,False,0.5050000000000001,0.472,42
925,348.06,390.7104360589976,374.76897938116895,407.3281860312584,32.559206650089436,False,0.4980000000000001,0.46399999999999997,42
926,325.97,326.5270546827171,312.9106270905118,340.7341188586284,27.823491768116583,True,0.5010000000000001,0.46799999999999997,43
927,247.29,327.9061692688665,314.37913356053195,342.0133977533963,27.63426419286435,False,0.4940000000000001,0.45999999999999996,43
928,366.94,211.78220398287817,202.9305018257939,221.01811855731168,18.087616731517784,False,0.4870000000000001,0.45199999999999996,43
929,432.51,390.0422376511241,373.8936918110591,406.88638210606274,32.99269029500363,False,0.4800000000000001,0.44399999999999995,44
930,424.63,445.7607631865343,427.52846183003254,464.76878154287004,37.240319712837504,False,0.4730000000000001,0.43599999999999994,44
931,365.67,428.5330894644195,411.00838586817673,446.803203218975,35.79481735079827,False,0.4660000000000001,0.42799999999999994,45
932,343.37,361.3834439977978,346.53216584740477,376.8693697704118,30.337203923007053,False,0.4590000000000001,0.41999999999999993,46
933,313.61,346.85550439716474,332.8036932249021,361.4988410714771,28.695147846575026,False,0.45200000000000007,0.4119999999999999,46
934,308.44,312.98323475636636,300.38975649508933,326.10292763277033,25.713171137681,True,0.45500000000000007,0.4159999999999999,47
935,290.89,312.94896141669756,300.3099010304251,326.11819305489877,25.808292024473644,False,0.44800000000000006,0.4079999999999999,47
936,251.68,291.7903449136483,279.91632096379885,304.1662707974184,24.249949833619553,False,0.44100000000000006,0.3999999999999999,47
937,261.92,249.49428254354783,239.12857571137357,260.3074491493549,21.178873437981338,False,0.43400000000000005,0.3919999999999999,48
938,282.07,269.8073026505038,258.32413781453346,281.79895495609946,23.474817141566007,False,0.42700000000000005,0.3839999999999999,49
939,297.77,290.7456497299755,278.0424225878273,304.0271831322561,25.98476054442881,True,0.43000000000000005,0.3879999999999999,49
940,295.88,305.83671949051296,292.12917923096666,320.18526267054654,28.05608343957988,True,0.43300000000000005,0.3919999999999999,49
941,361.36,300.3037826527623,286.64567415253674,314.6104109972496,27.96473684471283,False,0.42600000000000005,0.3839999999999999,49
942,400.83,381.5948061222186,363.5874928892075,400.491517198535,36.9040243093275,False,0.41900000000000004,0.3759999999999999,49
943,361.1,410.8094473438308,390.29039924863224,432.4045027613188,42.11410351268654,False,0.41200000000000003,0.3679999999999999,50
944,295.45,359.33339524786777,338.5275419669222,381.41420704393255,42.88666507701038,False,0.405,0.3599999999999999,51
945,298.77,292.78813646451965,273.19164460612035,313.7851906694046,40.593546063284236,True,0.40800000000000003,0.3639999999999999,51
946,330.63,311.25619378453104,287.9765287710267,336.41124572113864,48.43471695011192,True,0.41100000000000003,0.3679999999999999,51
947,302.05,344.7920317250215,315.0621486509507,377.3184089423186,62.25626029136794,False,0.404,0.3599999999999999,51
948,257.92,303.33114911521636,273.5476875563506,336.34557790722033,62.79789035086975,False,0.397,0.35199999999999987,51
949,228.48,266.05687387521954,233.82806730937799,302.70889945640135,68.88083214702337,False,0.39,0.34399999999999986,52
950,225.79,245.14030976123115,208.0530003655338,288.8071397369113,80.75413937137753,True,0.393,0.34799999999999986,52
951,222.53,250.42193912012684,205.04186988846297,305.79682486449946,100.75495497603649,True,0.396,0.35199999999999987,52
952,222.24,244.0935860032656,193.01191736179487,308.62461851206575,115.61270115027088,True,0.399,0.35599999999999987,52
953,208.2,243.864929789061,186.34200673742538,319.0501312267825,132.70812448935715,True,0.402,0.3599999999999999,52
954,220.4,223.54578709395912,167.6370310269271,297.99014584521876,130.35311481829166,True,0.405,0.3639999999999999,51
955,226.53,243.65350510540136,180.0231643490016,329.65015615880634,149.62699180980474,True,0.40800000000000003,0.3679999999999999,51
956,220.75,229.7294756449913,170.86087556830543,308.76271216687803,137.9018365985726,True,0.41100000000000003,0.3719999999999999,51
957,241.66,228.16382539948168,171.2856107058902,303.81976211800185,132.53415141211164,True,0.41400000000000003,0.3759999999999999,50
958,234.99,260.0029687282574,198.1112805041562,341.1330499832817,143.02176947912548,True,0.41700000000000004,0.3799999999999999,50
959,293.35,231.02977989825544,179.3820082638586,297.46556914301647,118.08356087915786,True,0.42000000000000004,0.3839999999999999,50
960,344.58,323.7909863279068,254.3727590239216,412.07923837707773,157.70647935315614,True,0.42300000000000004,0.3879999999999999,49
961,317.17,344.3643961526628,273.7711511926607,433.09421117233853,159.32305997967785,True,0.42600000000000005,0.3919999999999999,49
962,236.99,299.2043614471143,237.68381089154704,376.58178191992886,138.89797102838182,False,0.41900000000000004,0.3839999999999999,49
963,235.56,220.41181100028433,173.39769413465308,280.0999898460507,106.7022957113976,True,0.42200000000000004,0.3879999999999999,49
964,233.26,255.74892269146198,198.79426164143777,328.9394525230667,130.1451908816289,True,0.42500000000000004,0.3919999999999999,49
965,235.49,235.56438379475847,181.60667694674254,305.46583474335597,123.85915779661343,True,0.42800000000000005,0.3959999999999999,49
966,284.37,246.72336269288323,189.1736609530587,321.6885580070797,132.514897054021,True,0.43100000000000005,0.3999999999999999,48
967,303.08,299.95292653830796,228.30620425599335,393.9856668110842,165.67946255509082,True,0.43400000000000005,0.4039999999999999,48
968,236.14,291.6488840461369,220.92316882042257,384.914502702288,163.99133388186544,True,0.43700000000000006,0.4079999999999999,48
969,185.13,220.5266046567487,165.78141002273102,293.24164578089983,127.4602357581688,True,0.44000000000000006,0.4119999999999999,47
970,161.21,191.67931817346715,144.40473048483148,254.32401544298506,109.91928495815358,True,0.44300000000000006,0.4159999999999999,47
971,176.07,169.58374782785683,128.986408442004,222.86044334766632,93.87403490566231,True,0.44600000000000006,0.41999999999999993,47
972,193.63,201.8190173464266,154.55515399103152,263.4435284975627,108.88837450653116,True,0.44900000000000007,0.42399999999999993,46
973,229.98,205.65099456385354,159.08929944702703,265.7550779579783,106.66577851095127,True,0.45200000000000007,0.42799999999999994,46
974,238.52,253.29760597917928,196.96767234028613,325.65571930140953,128.6880469611234,True,0.45500000000000007,0.43199999999999994,46
975,251.57,235.3890024796971,184.0495145037042,300.97193785249124,116.92242334878705,True,0.4580000000000001,0.43599999999999994,45
976,236.79,262.0290665960348,206.431619083999,332.52817752613345,126.09655844213444,True,0.4610000000000001,0.43999999999999995,45
977,231.82,229.97130079363495,182.61777382070235,289.53691633575943,106.91914251505708,True,0.4640000000000001,0.44399999999999995,45
978,237.68,239.46559210173984,191.49111579249376,299.3967260866965,107.90561029420275,True,0.4670000000000001,0.44799999999999995,44
979,231.35,241.43373212684378,193.76054627105322,300.77628682121696,107.01574055016374,True,0.4700000000000001,0.45199999999999996,44
980,316.73,231.61704160163748,186.4479069725629,287.67053741719417,101.22263044463128,False,0.4630000000000001,0.44399999999999995,44
981,352.22,334.42666533331175,269.19586828949645,415.40550808155814,146.2096397920617,True,0.4660000000000001,0.44799999999999995,44
982,336.23,313.4370020179661,253.2472425647006,387.87591165471895,134.62866909001835,True,0.4690000000000001,0.45199999999999996,44
983,339.39,309.6629787120215,252.02162894249795,380.43571656539797,128.4140876229,True,0.4720000000000001,0.45599999999999996,44
984,335.02,316.7361629402424,259.8182915197371,386.07511138017156,126.25681986043446,True,0.4750000000000001,0.45999999999999996,44
985,321.54,310.66095884490613,257.078470100803,375.36829306290934,118.28982296210637,True,0.4780000000000001,0.46399999999999997,43
986,322.96,300.5021202506287,251.6807990498259,358.75637586019894,107.07557681037304,True,0.4810000000000001,0.46799999999999997,43
987,330.92,308.68057996161707,261.5001186503975,364.3410219333563,102.84090328295878,True,0.4840000000000001,0.472,43
988,357.5,315.57933867210704,270.24532042763,368.4901630600061,98.2448426323761,True,0.4870000000000001,0.476,42
989,322.37,345.95228722186505,299.4533371465323,399.6475373238266,100.1942001772943,True,0.4900000000000001,0.48,42
990,345.73,292.4782151895078,255.48139026100245,334.8117433127268,79.33035305172433,False,0.4830000000000001,0.472,42
991,322.96,343.9698478154411,302.6590386091448,390.9007201197954,88.24168151065061,True,0.4860000000000001,0.476,42
992,322.19,298.57549928975425,264.4068530152207,337.1430387163318,72.73618570111108,True,0.4890000000000001,0.48,42
993,352.6,315.3576652715532,281.0100008553614,353.88873469915944,72.87873384379805,True,0.4920000000000001,0.484,42
994,504.69,344.03929452682013,308.2881968700041,383.9229164655258,75.63471959552169,False,0.4850000000000001,0.476,41
995,570.17,528.2592308655703,476.7817430260134,585.2830414622265,108.50129843621312,True,0.4880000000000001,0.48,42
996,561.59,518.6776918706779,470.8325880204373,571.3744189884941,100.54183096805679,True,0.4910000000000001,0.484,42
997,493.83,524.5578495923612,478.37503261290294,575.1899024290411,96.81486981613818,True,0.4940000000000001,0.488,41
998,538.46,444.88453865820213,407.5261371000727,485.6592459070408,78.13310880696815,False,0.4870000000000001,0.48,41
999,563.27,539.4986552149968,496.08022926924593,586.7095468445629,90.62931757531692,True,0.4900000000000001,0.484,42
1000,586.87,538.5497272644619,496.6280896341004,584.0029655785863,87.37487594448595,False,0.4830000000000001,0.476,41
1001,577.01,574.9998951631128,530.9101282720693,622.7442409786476,91.83411270657825,True,0.4860000000000001,0.48,42
1002,511.21,552.0591771557654,510.42369717784675,597.0842403746593,86.66054319681257,True,0.4890000000000001,0.484,42
1003,561.38,477.5995060240413,442.10153389096007,515.9413094896295,73.8397755986694,False,0.4820000000000001,0.476,41
1004,632.2,566.7805059243339,525.1988380141753,611.6480706880772,86.44923267390186,False,0.4750000000000001,0.46799999999999997,42
1005,645.39,631.2142915795108,584.9996773892565,681.0736015727891,96.07392418353265,True,0.4780000000000001,0.472,43
1006,646.48,628.8531964812018,583.1689531067158,678.1101221791836,94.9411690724678,True,0.4810000000000001,0.476,42
1007,645.51,635.8230167649123,590.3145609776678,684.8338715878161,94.5193106101483,True,0.4840000000000001,0.48,42
1008,661.88,636.7086982917817,590.416511999511,686.6243317963617,96.20781979685069,True,0.4870000000000001,0.484,42
1009,667.51,658.1293319901871,609.9415210548393,710.1179406168286,100.17641956198929,True,0.4900000000000001,0.488,41
1010,658.04,658.9401864533562,611.2434633569425,710.3527146670058,99.10925131006331,True,0.4930000000000001,0.492,41
1011,646.92,646.7311616210836,599.5536732028273,697.6147557760423,98.061082573215,True,0.4960000000000001,0.496,41
1012,668.19,636.399773213523,590.2820335846886,686.1145203407567,95.83248675606808,True,0.4990000000000001,0.5,40
1013,684.82,664.4577218139893,615.74095269392,717.0226602231767,101.28170752925666,True,0.5020000000000001,0.5,40
1014,677.15,677.5753742531676,627.440895633108,731.709379263013,104.26848362990506,True,0.5050000000000001,0.5,40
1015,659.19,664.3994696304801,615.6803572554552,716.9674996541453,101.2871423986901,True,0.5080000000000001,0.5,40
1016,667.86,646.415568162638,598.8790048010707,697.7190992596032,98.84009445853258,True,0.5110000000000001,0.5,40
1017,670.96,662.157580593122,613.1906176355182,715.0284837810768,101.83786614555868,True,0.5140000000000001,0.5,40
1018,672.64,661.1687506202153,612.060944876589,714.2102216953352,102.14927681874622,True,0.5170000000000001,0.5,40
1019,688.95,665.0107556975196,615.907464285948,718.0224667133838,102.1150024274358,True,0.5200000000000001,0.5,40
1020,719.39,684.2408019779028,634.1751699078899,738.2526958561873,104.07752594829742,True,0.5230000000000001,0.5,40
1021,708.45,716.6773976845924,665.023473994911,772.3373781225977,107.31390412768667,True,0.5260000000000001,0.5,40
1022,715.18,695.3642877494099,646.3878347342117,748.0459277039561,101.65809296974442,True,0.5290000000000001,0.5,40
1023,717.45,709.2748515819491,660.3875461048647,761.7757247031253,101.38817859826065,True,0.5320000000000001,0.5,40
1024,697.66,708.6329145327958,660.6973692562854,760.0410692040498,99.34369994776443,True,0.5350000000000001,0.5,40
1025,710.66,685.1282113859793,639.7291926487818,733.7439883510638,94.01479570228196,True,0.5380000000000001,0.5,40
1026,699.25,707.2370915229927,661.5573666441172,756.0661848491297,94.50881820501252,True,0.5410000000000001,0.5,40
1027,688.72,687.7455933138114,644.7334804055826,733.6227301258157,88.88924972023312,True,0.5440000000000002,0.5,40
1028,684.94,679.1180616045415,637.8040237317333,723.1040452728455,85.30002154111219,True,0.5470000000000002,0.5,40
1029,676.8,677.5742600996505,637.0983383576096,720.6176548194218,83.5193164618122,True,0.5500000000000002,0.5,40
1030,687.57,667.1060446863274,627.8917175727036,708.7655677025298,80.87385012982622,True,0.5530000000000002,0.5,40
1031,706.89,686.5163461695013,646.2755211047886,729.2589250455196,82.98340394073102,True,0.5560000000000002,0.5,40
1032,663.88,704.4433954417206,662.3693885562349,749.1859337456558,86.81654518942094,True,0.5590000000000002,0.5,40
1033,643.62,635.8630534942135,597.6307392135594,676.5371232002155,78.90638398665612,True,0.5620000000000002,0.5,40
1034,647.33,656.1024840535739,608.1228809730533,707.8613612078033,99.73848023475,True,0.5650000000000002,0.5,40
1035,659.25,646.764797639086,597.7605466639459,699.7796946513012,102.01914798735527,True,0.5680000000000002,0.5,40
1036,657.24,670.556369325635,611.757979594481,734.9968734806023,123.23889388612133,True,0.5710000000000002,0.5,40
1037,662.35,649.7969913659505,593.9130361994645,710.9304809265739,117.01744472710936,True,0.5740000000000002,0.5,40
1038,652.17,663.416425966273,605.4953625260562,726.8690231944362,121.37366066838001,True,0.5770000000000002,0.5,40
1039,686.24,644.3299350020962,583.4949582137431,711.4966933547415,128.00173514099845,True,0.5800000000000002,0.5,40
1040,653.09,693.3053921129092,624.995705851899,769.0691442620034,144.07343841010447,True,0.5830000000000002,0.5,40
1041,667.51,632.7029222258185,564.5895246639128,709.0191501534088,144.42962548949595,True,0.5860000000000002,0.5,40
1042,679.37,672.4889780405168,607.2002620353041,744.7862678719634,137.5860058366593,True,0.5890000000000002,0.5,40
1043,669.6,676.2486786225238,612.7950439582258,746.2620986610164,133.4670547027905,True,0.5920000000000002,0.5,40
1044,552.74,670.5158650995152,604.6761224894844,743.5126864616976,138.83656397221318,False,0.5850000000000002,0.492,40
1045,521.97,572.0173513826812,510.6606454197506,640.7317570247286,130.071111604978,True,0.5880000000000002,0.496,41
1046,429.32,544.1721589897891,486.23346841234263,609.0005484148281,122.7670800024855,False,0.5810000000000002,0.488,40
1047,436.96,421.0562864949846,380.1639993782043,466.33560687925353,86.17160750104921,True,0.5840000000000002,0.492,41
1048,714.26,445.8846963211052,406.39630353736294,489.20064755617267,82.80434401880973,False,0.5770000000000002,0.484,41
1049,699.28,810.6553037160518,734.0565089657011,895.2363083858306,161.17979942012948,False,0.5700000000000002,0.476,41
1050,486.52,613.1269355995115,551.419309988968,681.7275698171708,130.30825982820272,False,0.5630000000000002,0.46799999999999997,42
1051,410.68,509.419072875149,457.01357224736864,567.8207637087623,110.8071914613937,False,0.5560000000000002,0.45999999999999996,43
1052,500.06,462.2577952198941,415.19062442904556,514.6478119285092,99.45718749946366,True,0.5590000000000002,0.46399999999999997,43
1053,677.74,606.8062923329846,545.2244752533294,675.3308964290461,130.10642117571672,False,0.5520000000000002,0.45599999999999996,43
1054,706.74,726.0359166571501,655.7637596492862,803.8270269842027,148.06326733491653,True,0.5550000000000002,0.45999999999999996,44
1055,503.89,663.4091405162444,599.8295533394165,733.7166988507963,133.8871455113798,False,0.5480000000000002,0.45199999999999996,43
1056,340.45,478.4540473821199,433.1183122550831,528.5242726734442,95.40596041836113,False,0.5410000000000001,0.44399999999999995,44
1057,331.83,370.8136881258553,337.31428784102036,407.63015144874606,70.3158636077257,False,0.5340000000000001,0.43599999999999994,44
1058,505.75,410.573220976193,375.3194308075501,449.12960362215676,73.81017281460669,False,0.5270000000000001,0.42799999999999994,45
1059,678.95,641.9185976265067,590.2664883285602,698.082953851332,107.81646552277186,True,0.5300000000000001,0.43199999999999994,46
1060,546.19,660.7639431842953,610.183595391625,715.5302207076028,105.3466253159778,False,0.5230000000000001,0.42399999999999993,45
1061,299.82,495.40257256850504,458.0664368103549,535.7752775932663,77.70884078291141,False,0.5160000000000001,0.4159999999999999,46
1062,408.03,286.88665543265915,265.4994539217314,309.99022964806295,44.49077572633155,False,0.5090000000000001,0.4079999999999999,47
1063,583.21,635.9711343419368,587.8395410441461,688.0369917505851,100.19745070643899,False,0.5020000000000001,0.3999999999999999,47
1064,570.67,531.925751549737,490.4808270975658,576.8655870302588,86.38475993269299,True,0.5050000000000001,0.4039999999999999,48
1065,560.82,584.7156753777924,538.2336699748495,635.2044350814822,96.97076510663271,True,0.5080000000000001,0.4079999999999999,48
1066,561.94,540.9892603736171,497.4171504267378,588.3704863663576,90.95333593961976,True,0.5110000000000001,0.4119999999999999,47
1067,681.11,572.8171863798214,525.896245932823,623.9165104638734,98.02026453105032,False,0.5040000000000001,0.4039999999999999,47
1068,777.21,654.8144962682317,600.9485277992552,713.5007150162625,112.55218721700726,False,0.4970000000000001,0.3959999999999999,48
1069,776.82,682.9579355335993,626.4209354527178,744.5894936655909,118.16855821287311,False,0.4900000000000001,0.3879999999999999,48
1070,645.21,669.8114339379489,615.3818628714531,729.0474056871016,113.66554281564845,True,0.4930000000000001,0.3919999999999999,49
1071,592.88,559.8123060212275,513.4591871216206,610.3418721211312,96.88268499951062,True,0.4960000000000001,0.3959999999999999,49
1072,577.9,589.1920465051596,540.7399016467474,641.9776553270798,101.23775368033239,True,0.4990000000000001,0.3999999999999999,48
1073,710.9,550.4441362939624,504.4505995633077,600.6228603066614,96.17226074335372,False,0.4920000000000001,0.3919999999999999,48
1074,577.9,717.0700966826463,657.0553416626767,782.5582071973171,125.50286553464036,False,0.4850000000000001,0.3839999999999999,49
1075,597.31,476.4440630268596,435.6029978977049,521.1055155764293,85.50251767872442,False,0.4780000000000001,0.3759999999999999,49
1076,703.88,645.9822526128733,589.875340066458,707.4168297647145,117.54148969825656,True,0.4810000000000001,0.3799999999999999,50
1077,767.03,606.7918682841447,553.5671536474016,665.1248375831608,111.5576839357592,False,0.4740000000000001,0.3719999999999999,50
1078,774.79,705.5528380995187,645.4760571545644,771.2125320831923,125.7364749286279,False,0.4670000000000001,0.3639999999999999,50
1079,757.47,666.8509383285624,611.361485877029,727.368596185537,116.00711030850789,False,0.4600000000000001,0.35599999999999987,51
1080,780.25,681.3341657998088,626.4279961171517,741.0451696433214,114.61717352616972,False,0.45300000000000007,0.34799999999999986,52
1081,789.89,709.705565340242,655.5286497257133,768.353174178486,112.82452445277272,False,0.44600000000000006,0.33999999999999986,52
1082,719.98,709.2083973755082,657.6142420971864,764.8443068230188,107.23006472583234,True,0.44900000000000007,0.34399999999999986,53
1083,554.27,647.7006968810981,602.142996501898,696.6995448420136,94.55654834011557,False,0.44200000000000006,0.33599999999999985,52
1084,639.55,523.8432811702481,487.5336718024235,562.8515535137075,75.31788171128397,False,0.43500000000000005,0.32799999999999985,53
1085,780.36,688.6152962188095,642.7798256397172,737.7141346133178,94.93430897360065,False,0.42800000000000005,0.31999999999999984,54
1086,765.97,717.3201309044458,671.9845879388607,765.7096984239648,93.7251104851041,False,0.42100000000000004,0.31199999999999983,54
1087,603.74,706.6508881833696,664.1016491460344,751.9221739108323,87.82052476479782,False,0.41400000000000003,0.3039999999999998,55
1088,585.92,607.1202908133951,572.6100351152469,643.7067963597738,71.09676124452687,True,0.41700000000000004,0.30799999999999983,56
1089,564.51,635.926089041408,601.4804035440899,672.341141911342,70.86073836725211,False,0.41000000000000003,0.3,55
1090,546.43,608.869511975303,576.605574262404,642.9356512650671,66.33007700266307,False,0.403,0.3,56
1091,572.83,607.0421494740522,575.5945081920481,640.2049547545871,64.61044656253898,False,0.396,0.3,56
1092,586.28,623.7909557159852,591.7131010832496,657.6048758346334,65.89177475138376,False,0.389,0.3,56
1093,704.59,622.039769441719,589.0147292462952,656.9133283704,67.89859912410475,False,0.382,0.3,56
1094,759.66,711.6451198571084,673.3147982604854,752.1542658803801,78.83946761989466,False,0.375,0.3,56
1095,753.79,703.571684775343,664.3581528462945,745.0963044693382,80.73815162304368,False,0.368,0.3,56
1096,594.53,711.0402652869982,670.4882513118303,754.0412660228869,83.55301471105668,False,0.361,0.3,56
1097,555.63,579.6169516547351,544.7848399029369,616.6720566456007,71.88721674266378,True,0.364,0.304,56
1098,549.11,607.4925510463552,569.1771474158387,648.3827161558663,79.20556874002762,False,0.357,0.3,56
1099,544.24,578.8636077259264,540.408804958264,620.0497511041534,79.64094614588942,True,0.36,0.304,56
1100,643.17,582.8269027151405,542.3603788945203,626.3071529938002,83.94677409927988,False,0.353,0.3,56
1101,708.66,684.7331035298852,636.0051366560126,737.188536037906,101.18339938189342,True,0.356,0.304,56
1102,741.19,692.2273195916257,641.5589128930449,746.8911380506845,105.33222515763964,True,0.359,0.308,56
1103,770.1,720.2685071534802,666.4853719120783,778.3852589176063,111.89988700552794,True,0.362,0.312,55
1104,700.75,731.0343743452237,675.1900972441335,791.490643395994,116.30054615186043,True,0.365,0.316,55
1105,509.26,660.49753935247,609.3068976017348,715.9818926983871,106.67499509665231,False,0.358,0.308,55
1106,357.94,524.3380005281136,477.21455989593153,576.1050025305268,98.89044263459527,False,0.351,0.3,55
1107,416.35,367.56999029961224,331.3018758888888,407.79648177152677,76.49460588263798,False,0.344,0.3,56
1108,602.71,540.5156020414516,484.79728804897377,602.6245044347675,117.82721638579369,False,0.33699999999999997,0.3,56
1109,747.09,656.8878300299307,587.5384143395866,734.4089152993774,146.8705009597909,False,0.32999999999999996,0.3,56
1110,620.61,743.9462558856718,662.9055711184086,834.8793001589461,171.97372904053748,False,0.32299999999999995,0.3,56
1111,552.5,549.9304250812696,486.99495759839135,620.9825196022251,133.98756200383377,True,0.32599999999999996,0.304,56
1112,555.13,583.2792178778,514.8914930471379,660.7325717613663,145.8410787142284,True,0.32899999999999996,0.308,56
1113,562.24,561.4352415559993,494.15003260011525,637.863738497675,143.7137058975597,True,0.33199999999999996,0.312,55
1114,555.89,584.1621244143655,512.9824588184506,665.1992174524411,152.21675863399048,True,0.33499999999999996,0.316,55
1115,557.02,557.9631191901824,488.5053814543267,637.2764734609362,148.77109200660954,True,0.33799999999999997,0.32,55
1116,559.94,576.1475590731258,503.7447668522381,658.9361237985468,155.19135694630864,True,0.34099999999999997,0.324,54
1117,560.64,566.5336753465068,493.9838968881453,649.7170731760187,155.73317628787345,True,0.344,0.328,54
1118,564.8,576.2329357907822,502.1571512620673,661.214302879103,159.0571516170357,True,0.347,0.332,54
1119,557.43,571.2940021379104,497.11869699259137,656.5148189787742,159.39612198618283,True,0.35,0.336,53
1120,598.99,567.6937172547795,493.6823219633434,652.7782525995024,159.09593063615898,True,0.353,0.34,53
1121,617.81,622.334752600279,541.3647524685271,715.3928187272791,174.028066258752,True,0.356,0.34400000000000003,53
1122,640.82,602.2666913432909,524.0660421875154,692.1141449713325,168.04810278381706,True,0.359,0.34800000000000003,52
1123,639.4,647.518094007091,563.5095122755405,744.0285763285856,180.5190640530451,True,0.362,0.35200000000000004,52
1124,623.59,607.10905469697,528.5787332416662,697.2845027420894,168.70576950042323,True,0.365,0.35600000000000004,52
1125,504.81,614.5659714548378,534.8564379001858,706.1324302792458,171.27599237905997,False,0.358,0.34800000000000003,52
1126,485.54,474.4368599353404,413.0861771094722,544.8772117510654,131.79103464159317,True,0.361,0.35200000000000004,52
1127,405.49,545.0335945494963,473.70535419536816,627.0794681197908,153.37411392442266,False,0.354,0.34400000000000003,52
1128,346.53,403.3630015826374,349.99241061787,464.84892465647897,114.85651403860896,False,0.347,0.336,52
1129,428.76,392.2823788234216,340.1352423554101,452.40091051591213,112.265668160502,True,0.35,0.34,53
1130,461.74,509.5515323927562,442.7025640590752,586.4720777901265,143.7695137310513,True,0.353,0.34400000000000003,53
1131,484.69,470.07471139430027,408.8107737049008,540.4971932265956,131.68641952169486,True,0.356,0.34800000000000003,52
1132,404.84,526.3621846756786,458.45754932343124,604.302653608442,145.8451042850108,False,0.349,0.34,52
1133,362.22,383.44628260676626,333.9603332563365,440.2431250390918,106.28279178275528,True,0.352,0.34400000000000003,53
1134,354.79,394.607729421784,344.3454256270152,452.18531523649216,107.83988960947698,True,0.355,0.34800000000000003,52
1135,360.77,374.98169607078745,326.83648519836294,430.1973869983763,103.36090180001338,True,0.358,0.35200000000000004,52
1136,370.12,381.5603556869353,331.47583458966824,439.18966348016903,107.71382889050079,True,0.361,0.35600000000000004,52
1137,371.48,383.86819624241656,333.2343516390152,442.17266538440634,108.93831374539116,True,0.364,0.36000000000000004,52
1138,361.51,381.3382242867507,329.75475976199886,440.96648252600875,111.21172276400989,True,0.367,0.36400000000000005,51
1139,363.58,368.9601532542675,318.06445438378967,427.9745006546078,109.91004627081816,True,0.37,0.36800000000000005,51
1140,384.7,374.1836333229128,321.6734036183333,435.2391109243073,113.565707305974,True,0.373,0.37200000000000005,51
1141,490.56,398.3843842434289,342.0025247351866,464.03414661641375,122.03162188122712,False,0.366,0.36400000000000005,50
1142,589.05,523.9221028386776,450.0321681016897,609.9169889329384,159.88482083124865,True,0.369,0.36800000000000005,51
1143,606.69,594.1781832469323,513.4300373606046,687.6010615371714,174.1710241765668,True,0.372,0.37200000000000005,51
1144,435.58,589.1944974600384,511.4843532373816,678.6881556123564,167.20380237497477,False,0.365,0.36400000000000005,50
1145,345.49,393.30372999718315,341.93737513799107,452.363916450143,110.42654131215193,True,0.368,0.36800000000000005,51
1146,337.35,354.9814056558213,309.0032312168687,407.77883974068345,98.77560852381475,True,0.371,0.37200000000000005,51
1147,349.42,356.9815931066366,310.9178248484276,409.8480208383049,98.93019598987729,True,0.374,0.37600000000000006,50
1148,360.63,370.134789980726,322.62205694096,424.6231285223132,102.00107158135319,True,0.377,0.38000000000000006,50
1149,437.88,376.9766596301418,328.87961983944956,432.08633402297556,103.206714183526,False,0.37,0.37200000000000005,50
1150,528.73,476.64590666780896,416.1205737721326,545.9536304415092,129.83305666937656,True,0.373,0.37600000000000006,50
1151,523.95,531.7644032362015,465.1549065102353,607.8918198470011,142.73691333676578,True,0.376,0.38000000000000006,50
1152,500.44,495.3586496772352,433.8151494332964,565.6129835414195,131.79783410812303,True,0.379,0.38400000000000006,50
1153,457.25,486.9944754879913,427.07463733746937,555.3016056918714,128.226968354402,True,0.382,0.38800000000000007,49
1154,445.84,436.4596700496531,382.89153259039307,497.5026932702407,114.61116067984761,True,0.385,0.39200000000000007,49
1155,474.51,449.25514513175557,393.7524468144541,512.5615937370175,118.80914692256334,True,0.388,0.3960000000000001,49
1156,503.18,476.186826260624,417.7931979740291,542.7224583834046,124.9292604093755,True,0.391,0.4000000000000001,48
1157,661.29,488.63041914523023,427.9777987052162,557.8586357520949,129.8808370468787,False,0.384,0.39200000000000007,48
1158,726.62,667.5591644795765,585.5669591300336,761.0125024985291,175.44554336849546,True,0.387,0.3960000000000001,49
1159,830.01,639.7795578746084,562.4843987420309,727.6775689027637,165.19317016073285,False,0.38,0.38800000000000007,48
1160,900.39,850.6827445887776,752.2606417777841,961.964818815343,209.7041770375589,True,0.383,0.39200000000000007,49
1161,956.46,839.9547589736295,748.0412097859439,943.146860547894,195.10565076195007,False,0.376,0.38400000000000006,49
1162,964.81,951.5047093362748,852.2935352274067,1062.2510195521297,209.95748432472305,True,0.379,0.38800000000000007,49
1163,957.05,915.0182137990078,823.6934322479605,1016.4561057486825,192.76267350072203,True,0.382,0.39200000000000007,49
1164,925.9,930.6720680180156,841.2357734821231,1029.6055259755478,188.3697524934247,True,0.385,0.3960000000000001,49
1165,823.75,882.2589388177116,799.6959761680927,973.3352985673196,173.6393223992269,True,0.388,0.4000000000000001,48
1166,665.03,761.8384419161335,693.5725902867458,836.8137816017108,143.24119131496502,False,0.381,0.39200000000000007,48
1167,641.5,599.4660081307369,548.1340392939132,655.5963883500577,107.46234905614449,True,0.384,0.3960000000000001,49
1168,660.16,649.0756577435889,595.5195322126993,707.4401062664197,111.92057405372032,True,0.387,0.4000000000000001,48
1169,706.47,648.2868712925133,596.7568039502278,704.2591261979563,107.50232224772856,False,0.38,0.39200000000000007,48
1170,804.49,718.594804793649,662.6418975051193,779.265207836754,116.62331033163468,False,0.373,0.38400000000000006,49
1171,828.15,822.6382367180563,760.1012056374265,890.3137174915943,130.21251185416781,True,0.376,0.38800000000000007,49
1172,864.22,795.9786868577957,735.2691790231905,861.6940328376425,126.42485381445192,False,0.369,0.38000000000000006,49
1173,918.5,873.9651612883713,807.1665389675933,946.2849920838953,139.11845311630202,True,0.372,0.38400000000000006,50
1174,954.66,911.9677539693371,841.6570702333955,988.1451092399353,146.4880390065398,True,0.375,0.38800000000000007,49
1175,906.7,945.7775331195556,875.8431232598878,1021.2897043286392,145.44658106875147,True,0.378,0.39200000000000007,49
1176,867.85,867.0332107336842,803.7697105068801,935.269898207342,131.50018770046188,True,0.381,0.3960000000000001,49
1177,782.43,851.5198159021731,789.9666864866409,917.863017776603,127.89633128996206,False,0.374,0.38800000000000007,48
1178,736.77,737.3145304730803,684.4988007507438,794.1995617070282,109.7007609562844,True,0.377,0.39200000000000007,49
1179,810.42,726.0178150010197,674.4404007905973,781.533740519797,107.09333972919967,False,0.37,0.38400000000000006,49
1180,818.59,837.4963327684206,778.3856367241262,901.0901424630091,122.70450573888286,True,0.373,0.38800000000000007,49
1181,830.6,795.9534913179508,739.5875295534199,856.6094546270073,117.02192507358734,True,0.376,0.39200000000000007,49
1182,844.99,831.7361691418204,772.5786296633032,895.4176372075007,122.83900754419744,True,0.379,0.3960000000000001,49
1183,860.21,835.294964068908,776.538071144829,898.4919900156805,121.95391887085145,True,0.382,0.4000000000000001,48
1184,872.3,854.9259148469081,794.8167416414093,919.5752196108313,124.75847796942196,True,0.385,0.4040000000000001,48
1185,884.04,863.4351331535263,803.5197812646471,927.81258712562,124.29280586097286,True,0.388,0.4080000000000001,48
1186,899.85,876.2954280827129,816.5518864924602,940.4047974824513,123.85291098999107,True,0.391,0.4120000000000001,47
1187,916.76,893.617639246243,833.2942280690675,958.3027178227876,125.00848975372014,True,0.394,0.4160000000000001,47
1188,936.76,906.8930717214981,843.6329499872861,974.8911604055996,131.25821041831352,True,0.397,0.4200000000000001,47
1189,944.93,927.013336084646,863.0470077764351,995.7151604022273,132.66815262579223,True,0.4,0.4240000000000001,46
1190,951.18,930.5659197569043,867.6673846710632,998.0188168295753,130.351432158512,True,0.403,0.4280000000000001,46
1191,954.22,926.2210980330225,849.4101393850852,1009.9697954203888,160.55965603530353,True,0.406,0.4320000000000001,46
1192,938.05,936.4254403108047,853.908932701451,1026.906508550644,172.99757584919303,True,0.40900000000000003,0.4360000000000001,45
1193,930.74,912.2074623502845,829.2464333445263,1003.4582376979439,174.21180435341762,True,0.41200000000000003,0.4400000000000001,45
1194,870.83,928.2083796461112,831.9095430467711,1035.6410374482487,203.73149440147756,True,0.41500000000000004,0.4440000000000001,45
1195,847.53,826.2044358249017,738.2422541362924,924.6332072736701,186.39095313737766,True,0.41800000000000004,0.4480000000000001,44
1196,819.54,860.4187160325689,766.7167140773818,965.5573130356593,198.8405989582775,True,0.42100000000000004,0.4520000000000001,44
1197,779.27,803.3755792139908,714.3050244979672,903.5372956662097,189.2322711682425,True,0.42400000000000004,0.4560000000000001,44
1198,738.6,785.1990104525698,698.6220788653761,882.4896763678879,183.86759750251179,True,0.42700000000000005,0.46000000000000013,44
1199,714.03,735.6693484409715,654.6434913632809,826.7085582044689,172.065066841188,True,0.43000000000000005,0.46400000000000013,43
1200,695.21,729.8630579607922,650.4899042125974,818.9065035971613,168.41659938456394,True,0.43300000000000005,0.46800000000000014,43
1201,641.61,702.6771653086349,627.3982592162625,786.9741003648877,159.57584114862516,True,0.43600000000000005,0.47200000000000014,43
1202,609.49,634.5105618302142,569.002271461382,707.5474820342312,138.54521057284921,True,0.43900000000000006,0.47600000000000015,42
1203,541.03,625.023546956055,562.6479418778719,694.3018936567962,131.65395177892435,False,0.43200000000000005,0.46800000000000014,42
1204,517.34,516.0809566637168,467.5804022169425,569.6015754804804,102.02117326353789,True,0.43500000000000005,0.47200000000000014,43
1205,604.09,524.1366268651118,477.63984734442823,575.1502691538869,97.5104218094587,False,0.42800000000000005,0.46400000000000013,42
1206,790.66,668.9499139127795,610.7661669124425,732.6673902987818,121.90122338633932,False,0.42100000000000004,0.4560000000000001,43
1207,839.56,894.0788642938085,815.911726019068,979.7255151173989,163.81378909833086,True,0.42400000000000004,0.46000000000000013,44
1208,653.23,801.574727917959,730.4009539293588,879.6745334854975,149.27357955613866,False,0.41700000000000004,0.4520000000000001,43
1209,535.78,584.221776079009,531.0817822781934,642.6689595548028,111.5871772766094,True,0.42000000000000004,0.4560000000000001,44
1210,578.08,542.2770317663161,472.16522783631484,622.7777331915904,150.61250535527557,True,0.42300000000000004,0.46000000000000013,44
1211,654.97,651.9201359269194,571.655634772163,743.4346619734854,171.77902720132238,True,0.42600000000000005,0.46400000000000013,43
1212,686.98,683.5136295108804,602.2131658023894,775.7716879370254,173.55852213463595,True,0.42900000000000005,0.46800000000000014,43
1213,725.94,711.1388631722142,627.7979830075515,805.5257429970527,177.72775998950124,True,0.43200000000000005,0.47200000000000014,43
1214,732.93,749.3119226415946,656.8274109778843,854.7989099621951,197.97149898431087,True,0.43500000000000005,0.47600000000000015,42
1215,702.4,728.1121152744263,638.7648461352128,829.9373043100823,191.17245817486946,True,0.43800000000000006,0.48000000000000015,42
1216,725.29,687.2041122930341,561.2553719909001,841.3661627277586,280.11079073685846,True,0.44100000000000006,0.48400000000000015,42
1217,724.76,770.1653921778639,625.055565124289,948.9093933855141,323.8538282612251,True,0.44400000000000006,0.48800000000000016,41
1218,707.74,694.5375213964203,555.3902145372391,868.4840977256208,313.0938831883817,True,0.44700000000000006,0.49200000000000016,41
1219,679.51,729.429995000534,593.0242053054311,897.1586488081819,304.13444350275074,True,0.45000000000000007,0.49600000000000016,41
1220,669.19,656.0973427601649,537.1326512714144,801.3614936620845,264.22884239067014,True,0.45300000000000007,0.5,40
1221,718.95,696.6593626452104,580.8718051948445,835.4876626451015,254.61585745025707,True,0.45600000000000007,0.5,40
1222,936.87,745.1902035231386,625.9995526901961,887.038623703805,261.0390710136089,False,0.44900000000000007,0.492,40
1223,1172.79,1081.2035605263184,921.5369358432032,1268.5042343701834,346.96729852698024,True,0.45200000000000007,0.496,41
1224,1252.19,1153.382347571646,986.0285399669099,1349.1115220332938,363.0829820663839,True,0.45500000000000007,0.5,40
1225,1329.89,1242.6392726525157,1076.337983743474,1434.6113530031723,358.27336925969826,True,0.4580000000000001,0.5,40
1226,1346.79,1317.5640200207808,1133.9855158251783,1530.8354733622527,396.8499575370745,True,0.4610000000000001,0.5,40
1227,1332.25,1296.281623663095,1131.7983575802525,1484.6479971323836,352.84963955213107,True,0.4640000000000001,0.5,40
1228,1324.4,1296.680724309664,1127.7230738461403,1490.9295097837273,363.206435937587,True,0.4670000000000001,0.5,40
1229,1297.0,1289.2911379425989,1137.4324944238292,1461.4066238515115,323.9741294276823,True,0.4700000000000001,0.5,40
1230,1284.73,1251.9858113147827,1104.627964741003,1418.9834785509754,314.3555138099723,True,0.4730000000000001,0.5,40
1231,1275.67,1265.138953234412,1129.9203814857763,1416.5249426413266,286.6045611555503,True,0.4760000000000001,0.5,40
1232,1289.98,1241.4454952180072,1116.7038385193748,1380.1089802039364,263.4051416845616,True,0.4790000000000001,0.5,40
1233,1298.03,1288.4775282615615,1169.4681873705501,1419.5873460148534,250.1191586443033,True,0.4820000000000001,0.5,40
1234,1315.91,1265.9103989682112,1155.5706255897796,1386.7768667999067,231.20624121012702,True,0.4850000000000001,0.5,40
1235,1353.81,1317.182244036465,1210.7463369602099,1432.9671394030945,222.22080244288463,True,0.4880000000000001,0.5,40
1236,1430.47,1342.3466746505271,1236.4982749206092,1457.2487304157257,220.7504554951165,True,0.4910000000000001,0.5,40
1237,1483.89,1463.2737612843687,1354.860416752835,1580.3557365446184,225.49531979178346,True,0.4940000000000001,0.5,40
1238,1522.44,1455.551983971266,1350.0196401594155,1569.327787211366,219.30814705195053,True,0.4970000000000001,0.5,40
1239,1458.55,1537.5095108490955,1429.1070658559904,1654.1288861413661,225.02182028537572,True,0.5000000000000001,0.5,40
1240,1321.3,1356.5661616976997,1264.219463753378,1455.6531231816932,191.4336594283152,True,0.5030000000000001,0.5,40
1241,1298.15,1264.1392977961782,1184.3959353508417,1349.2471158334822,164.85118048264053,True,0.5060000000000001,0.5,40
1242,1275.61,1299.0323440796867,1219.434035929317,1383.822158263053,164.3881223337362,True,0.5090000000000001,0.5,40
1243,1277.8,1230.7962899164481,1160.4592293879937,1305.3929076971967,144.93367830920306,True,0.5120000000000001,0.5,40
1244,1337.53,1296.3737876325151,1222.4444736231171,1374.7704424879707,152.32596886485362,True,0.5150000000000001,0.5,40
1245,1512.09,1347.8426555108001,1275.9165825009813,1423.8201756155274,147.90359311454608,False,0.5080000000000001,0.492,40
1246,1721.6,1634.4881787313252,1539.420308358807,1735.423214012098,196.002905653291,True,0.5110000000000001,0.496,41
1247,1914.45,1758.5992623575555,1653.2969038020742,1870.604520913552,217.30761711147784,False,0.5040000000000001,0.488,40
1248,1977.28,2030.045722199689,1892.9981626893402,2177.009887722513,284.011725033173,True,0.5070000000000001,0.492,41
1249,2021.7,1912.9242645012555,1776.0404521507842,2060.3521126168785,284.3116604660943,True,0.5100000000000001,0.496,41
1250,1925.01,2089.946396026955,1935.3610664578139,2256.872721566292,321.5116551084782,False,0.5030000000000001,0.488,40
1251,1901.53,1800.6301466187779,1678.9085011721522,1931.1714146578818,252.26291348572954,True,0.5060000000000001,0.492,41
1252,2085.24,1947.0943878155854,1819.6038269949067,2083.5126696798916,263.90884268498485,False,0.4990000000000001,0.484,41
1253,2361.33,2154.08688858518,2016.0105951467942,2301.615320180677,285.6047250338827,False,0.4920000000000001,0.476,41
1254,2514.65,2505.6203989330597,2346.786022185749,2675.2003713174126,328.4143491316636,True,0.4950000000000001,0.48,42
1255,2534.44,2494.679668469991,2339.766056888741,2659.8455762952517,320.0795194065108,True,0.4980000000000001,0.484,42
1256,2714.31,2538.878537325599,2382.299982118823,2705.744024154321,323.44404203549766,False,0.4910000000000001,0.476,41
1257,2752.81,2831.5634054144207,2656.728618673195,3017.8994426746367,361.1708240014418,True,0.4940000000000001,0.48,42
1258,2567.3,2666.300429167625,2494.274431994938,2850.18602115033,355.911589155392,True,0.4970000000000001,0.484,42
1259,2621.43,2466.3161014553807,2309.8344001877176,2633.3942015085354,323.55980132081777,True,0.5000000000000001,0.488,41
1260,2716.55,2725.6684746187884,2547.34647538056,2916.468657541819,369.12218216125893,True,0.5030000000000001,0.492,41
1261,2798.26,2693.9023703443354,2523.876257168189,2875.378105687,351.5018485188107,True,0.5060000000000001,0.496,41
1262,2882.77,2850.370239038645,2672.2351556576705,3040.375624163927,368.14046850625664,True,0.5090000000000001,0.5,40
1263,2901.97,2886.8597654340488,2713.0125233201184,3071.842867582128,358.8303442620095,True,0.5120000000000001,0.5,40
1264,2922.29,2901.4588359078216,2727.4246679133694,3086.59387539992,359.1692074865505,True,0.5150000000000001,0.5,40
1265,2908.43,2931.4433867522516,2761.243658445888,3112.130223039472,350.88656459358435,True,0.5180000000000001,0.5,40
1266,2889.11,2877.423733827746,2709.247657929989,3056.0354584462434,346.78780051625426,True,0.5210000000000001,0.5,40
1267,2871.41,2876.6900962989907,2712.8682753280927,3050.400970939222,337.5326956111294,True,0.5240000000000001,0.5,40
1268,2877.81,2847.5612646580007,2687.9943320274338,3016.5970182845303,328.6026862570966,True,0.5270000000000001,0.5,40
1269,2837.64,2879.68058763671,2722.787232376114,3045.611185099023,322.82395272290887,True,0.5300000000000001,0.5,40
1270,2791.98,2789.7004040672373,2639.8427538622223,2948.0618984682487,308.2191446060265,True,0.5330000000000001,0.5,40
1271,2763.42,2775.445383719869,2630.5896783782055,2928.2746631876335,297.684984809428,True,0.5360000000000001,0.5,40
1272,2745.49,2737.309647644761,2596.978649930343,2885.220687989649,288.24203805930574,True,0.5390000000000001,0.5,40
1273,2742.28,2733.694703867688,2596.657265093196,2877.961448785922,281.3041836927259,True,0.5420000000000001,0.5,40
1274,2675.25,2730.8830367549144,2598.7098170422405,2869.77614493156,271.0663278893194,True,0.5450000000000002,0.5,40
1275,2339.98,2619.9973207924463,2495.9724325706875,2750.1825384987337,254.21010592804623,False,0.5380000000000001,0.492,40
1276,2021.55,2147.9548845215004,2049.489850144384,2251.1482344248816,201.65838428049756,False,0.5310000000000001,0.484,41
1277,1928.58,1932.703861828833,1847.8917842391136,2021.4064259069464,173.51464166783285,True,0.5340000000000001,0.488,41
1278,1723.76,1924.8426454767737,1844.1238678413063,2009.092633767809,164.96876592650278,False,0.5270000000000001,0.48,41
1279,1687.77,1576.6996762744077,1510.464237202112,1645.8376870921131,135.3734498900012,False,0.5200000000000001,0.472,42
1280,1778.53,1789.3315773962192,1715.051297386831,1866.8271225941685,151.77582520733745,True,0.5230000000000001,0.476,42
1281,1868.58,1764.2011074005086,1682.300727059154,1850.0863207501502,167.78559369099617,False,0.5160000000000001,0.46799999999999997,42
1282,1866.02,1979.8080707952872,1867.2595864349232,2099.1367485633496,231.87716212842633,False,0.5090000000000001,0.45999999999999996,43
1283,1758.24,1821.1123599867572,1724.8611044855777,1922.7315469868706,197.87044250129293,True,0.5120000000000001,0.46399999999999997,43
1284,1554.36,1744.595819931754,1650.5222457005527,1844.027988267075,193.50574256652226,False,0.5050000000000001,0.45599999999999996,43
1285,1424.31,1457.4005293603338,1384.0456649861453,1534.6404180794846,150.59475309333925,True,0.5080000000000001,0.45999999999999996,44
1286,1398.41,1425.2430573661848,1357.0665076379983,1496.8421507670844,139.77564312908612,True,0.5110000000000001,0.46399999999999997,43
1287,1389.35,1400.233194946339,1337.2943487338753,1466.1320016236316,128.83765288975633,True,0.5140000000000001,0.46799999999999997,43
1288,1388.2,1398.736207146343,1338.226604866292,1461.9797843599754,123.75317949368332,True,0.5170000000000001,0.472,43
1289,1356.88,1395.822402061138,1337.1422753173174,1457.0757658502157,119.9334905328983,True,0.5200000000000001,0.476,42
1290,1263.22,1342.798564203207,1286.8958331218137,1401.127823317371,114.23199019555727,False,0.5130000000000001,0.46799999999999997,42
1291,1148.33,1220.8435288153216,1170.8556200065502,1272.9637745642528,102.10815455770262,False,0.5060000000000001,0.45999999999999996,43
1292,1119.78,1108.0515865606194,1063.4460560040443,1154.5263084632572,91.08025245921294,True,0.5090000000000001,0.46399999999999997,43
1293,1076.33,1137.5471765478114,1092.9208763786173,1183.993998392562,91.07312201394461,False,0.5020000000000001,0.45599999999999996,43
1294,1026.04,1042.456095731047,1002.4122015257576,1084.0980504947852,81.68584896902757,True,0.5050000000000001,0.45999999999999996,44
1295,996.69,1021.4092003665634,982.9561479774767,1061.364999845627,78.40885186815024,True,0.5080000000000001,0.46399999999999997,43
1296,996.01,985.6081078230885,948.9354078207676,1023.6965745337434,74.76116671297575,True,0.5110000000000001,0.46799999999999997,43
1297,921.3,1009.4573851043787,973.347412150657,1046.9056180364794,73.55820588582242,False,0.5040000000000001,0.45999999999999996,43
1298,713.82,871.3929123478158,840.807001166958,903.0901209655759,62.28311979861792,False,0.4970000000000001,0.45199999999999996,43
1299,657.39,619.7759855771371,597.7897738187955,642.5694815086866,44.7797076898911,False,0.4900000000000001,0.44399999999999995,44
1300,679.22,693.6426458067166,669.4907627360406,718.6645087313718,49.173745995331274,True,0.4930000000000001,0.44799999999999995,44
1301,680.22,674.4727297530678,651.7995638740624,697.9333845941158,46.133820720053336,True,0.4960000000000001,0.45199999999999996,44
1302,622.0,686.5519932599689,664.4261628885635,709.4135211391175,44.98735825055405,False,0.4890000000000001,0.44399999999999995,44
1303,623.21,583.1470752590177,564.0680661953503,602.8702697025145,38.80220350716422,False,0.4820000000000001,0.43599999999999994,44
1304,675.18,654.2939053770838,632.5636793721172,676.7694435544508,44.20576418233361,True,0.4850000000000001,0.43999999999999995,45
1305,730.69,694.3464787545358,671.1117498478519,718.3844262145174,47.27267636666545,False,0.4780000000000001,0.43199999999999994,45
1306,719.1,762.8964610447571,736.9006179596552,789.8081237419551,52.90750578229995,False,0.4710000000000001,0.42399999999999993,45
1307,631.85,698.5804519513741,674.8113939875734,723.1854948090563,48.3741008214829,False,0.4640000000000001,0.4159999999999999,46
1308,495.63,596.4845110796914,575.8161613708733,617.8934445451623,42.07728317428905,False,0.4570000000000001,0.4079999999999999,47
1309,373.66,438.64941733671003,422.77539054392037,455.1180627228417,32.34267217892136,False,0.45000000000000007,0.3999999999999999,47
1310,401.83,337.58355245284105,324.66611955318797,351.013350817302,26.347231264114043,False,0.44300000000000006,0.3919999999999999,48
1311,388.24,471.25059233024984,450.41483240388646,493.0480594504092,42.633227046522734,False,0.43600000000000005,0.3839999999999999,49
1312,314.05,356.86904653959226,341.2428158005211,373.2087446645004,31.965928863979286,False,0.42900000000000005,0.3759999999999999,49
1313,341.57,301.54463425621327,286.79822072359235,317.04663519840307,30.248414474810716,False,0.42200000000000004,0.3679999999999999,50
1314,341.1,388.9385402441562,368.4561846355233,410.556421278334,42.10023664281073,False,0.41500000000000004,0.3599999999999999,51
1315,328.12,314.83702079480855,296.7161888776744,334.0607976025342,37.34460872485977,True,0.41800000000000004,0.3639999999999999,51
1316,317.18,348.98088862994086,328.6339912322476,370.58371303978674,41.94972180753916,False,0.41100000000000003,0.35599999999999987,51
1317,319.51,306.09177256944236,287.9473344377992,325.37559008229215,37.428255644492936,True,0.41400000000000003,0.3599999999999999,52
1318,315.82,336.8991582623075,317.89910561407646,357.0312366650178,39.132131050941325,False,0.40700000000000003,0.35199999999999987,51
1319,287.87,313.47906341990443,296.238077634611,331.720094667792,35.48201703318102,False,0.4,0.34399999999999986,52
1320,262.05,280.6490182545164,265.62164323620595,296.52336877414007,30.901725537934112,False,0.393,0.33599999999999985,52
1321,252.28,257.24975845695474,243.24192856679437,272.06096923827937,28.819040671485,True,0.396,0.33999999999999986,53
1322,252.79,256.461382425702,242.6007231733429,271.1107005638285,28.509977390485602,True,0.399,0.34399999999999986,53
1323,293.05,257.58995159663056,243.91519576720316,272.02823272063466,28.113036953431504,False,0.392,0.33599999999999985,52
1324,376.97,333.3154855538146,315.270699869447,352.38981425474736,37.11911438530035,False,0.385,0.32799999999999985,53
1325,427.32,419.5262767739727,393.26948245072447,447.5316701616173,54.26218771089282,True,0.388,0.33199999999999985,54
1326,348.74,437.3671017534117,406.45777337456633,470.62118005055856,64.16340667599223,False,0.381,0.32399999999999984,53
1327,274.16,301.62479198998193,277.8860198344387,327.3842079332179,49.498188098779224,False,0.374,0.31599999999999984,54
1328,259.79,270.3003732108206,246.27577715625122,296.6591292151554,50.383352058904194,True,0.377,0.31999999999999984,55
1329,264.31,267.1291592296472,241.43171323283846,295.5505010483061,54.11878781546764,True,0.38,0.32399999999999984,54
1330,307.0,276.4122665257602,248.91906589383032,306.9299506171019,58.01088472327157,False,0.373,0.31599999999999984,54
1331,341.19,345.7276539385182,309.3418158726123,386.3795275305607,77.03771165794842,True,0.376,0.31999999999999984,55
1332,351.16,344.5996070873914,306.6075434728753,387.2840032806003,80.676459807725,True,0.379,0.32399999999999984,54
1333,306.27,359.70133888128356,313.6478420621893,412.49546533688147,98.84762327469218,False,0.372,0.31599999999999984,54
1334,247.1,289.7973287793858,237.27516249955667,353.8967737054151,116.62161120585844,True,0.375,0.31999999999999984,55
1335,247.21,251.32083539743954,196.21442388826623,321.82529198641305,125.61086809814682,True,0.378,0.32399999999999984,54
1336,256.69,275.5284968488863,214.2450206106753,354.26029523264145,140.01527462196614,True,0.381,0.32799999999999985,54
1337,242.23,265.5380118898777,205.77902853860112,342.56729637573704,136.78826783713592,True,0.384,0.33199999999999985,54
1338,274.08,249.477613450414,193.31944139113173,321.86545489564315,128.54601350451142,True,0.387,0.33599999999999985,53
1339,350.21,316.61861925865276,245.40714121935815,408.4101607630177,163.00301954365955,True,0.39,0.33999999999999986,53
1340,364.76,360.2261153945456,279.237646759807,464.62019040529657,185.3825436454896,True,0.393,0.34399999999999986,53
1341,337.09,341.05835906242766,263.97946572337224,440.55844561415194,176.5789798907797,True,0.396,0.34799999999999986,52
1342,336.94,318.82823551699363,246.75864329944602,411.861883935503,165.10324063605697,True,0.399,0.35199999999999987,52
1343,369.86,339.383623820072,261.86792723058306,439.7575035323843,177.88957630180124,True,0.402,0.35599999999999987,52
1344,412.69,369.72222893449316,285.2975098644136,479.0424952743947,193.7449854099811,True,0.405,0.3599999999999999,52
1345,421.18,409.9253246680993,314.9886671590662,533.385058716616,218.39639155754975,True,0.40800000000000003,0.3639999999999999,51
1346,420.3,388.3746873966515,298.4169040209986,505.3596782585369,206.94277423753834,True,0.41100000000000003,0.3679999999999999,51
1347,401.51,412.40344558649656,316.89426430544756,536.6077143014335,219.7134499959859,True,0.41400000000000003,0.3719999999999999,51
1348,368.15,363.25777625833814,279.1027882989785,472.69656107473105,193.59377277575254,True,0.41700000000000004,0.3759999999999999,50
1349,342.63,355.18404116305896,272.89433961353126,462.197126885714,189.30278727218274,True,0.42000000000000004,0.3799999999999999,50
1350,337.59,323.09970619030315,248.22249381547846,420.47327050828613,172.25077669280768,True,0.42300000000000004,0.3839999999999999,50
1351,236.42,343.4733144858944,262.138119548327,449.9489715765217,187.81085202819474,False,0.41600000000000004,0.3759999999999999,49
1352,240.86,193.2804159126018,146.87499424565104,254.24856450355261,107.37357025790158,True,0.41900000000000004,0.3799999999999999,50
1353,235.82,303.0377540708019,230.4159197286557,398.44942426089676,168.03350453224107,True,0.42200000000000004,0.3839999999999999,50
1354,222.74,238.55743290318685,181.33723582307772,313.7341978730464,132.3969620499687,True,0.42500000000000004,0.3879999999999999,49
1355,217.28,240.9078878576116,181.85796359591146,319.0266756609513,137.16871206503984,True,0.42800000000000005,0.3919999999999999,49
1356,197.52,228.67638915778815,172.6121842879947,302.8452857033002,130.2331014153055,True,0.43100000000000005,0.3959999999999999,49
1357,239.56,202.68083751363008,152.96216924176755,268.45504713634097,115.49287789457341,True,0.43400000000000005,0.3999999999999999,48
1358,371.81,271.1452966518072,204.71439479991665,359.02858507658567,154.31419027666902,False,0.42700000000000005,0.3919999999999999,48
1359,388.26,407.8027314178521,306.95889065377423,541.6687726401199,234.70988198634564,True,0.43000000000000005,0.3959999999999999,49
1360,391.21,345.89147036263915,260.3199574758757,459.48412594534653,199.16416846947084,True,0.43300000000000005,0.3999999999999999,48
1361,394.52,382.63516302681023,282.37472069814197,518.3686223951602,235.9939016970182,True,0.43600000000000005,0.4039999999999999,48
1362,379.18,371.0026783085101,276.75831384563963,497.2244842745228,220.46617042888317,True,0.43900000000000006,0.4079999999999999,48
1363,357.06,360.71730471956187,274.38557695097415,474.11351168865764,199.72793473768348,True,0.44200000000000006,0.4119999999999999,47
1364,357.12,341.619182499383,264.53084275260306,441.0876422477092,176.55679949510613,True,0.44500000000000006,0.4159999999999999,47
1365,391.63,352.4258002842546,277.20035950032894,447.9922174468582,170.79185794652926,True,0.44800000000000006,0.41999999999999993,47
1366,402.81,389.6695811364686,311.21596823068563,487.83701397545485,176.62104574476922,True,0.45100000000000007,0.42399999999999993,46
1367,497.81,384.030380870117,310.897445984288,474.31134384619315,163.41389786190513,False,0.44400000000000006,0.4159999999999999,46
1368,384.75,506.46942529624755,415.5982119111268,617.1620809871404,201.5638690760136,False,0.43700000000000006,0.4079999999999999,47
1369,546.63,337.4173934325924,278.89218048883737,408.1801778016358,129.28799731279844,False,0.43000000000000005,0.3999999999999999,47
1370,618.19,510.51189087230034,426.98401996200516,610.3415508527255,183.35753089072034,False,0.42300000000000004,0.3919999999999999,48
1371,641.94,579.7383551242661,490.2003475581447,685.5977167748567,195.39736921671204,True,0.42600000000000005,0.3959999999999999,49
1372,635.54,604.4142512862286,516.670562084274,707.0302464655042,190.35968438123018,True,0.42900000000000005,0.3999999999999999,48
1373,626.6,600.5067188027937,518.0775886184974,696.0255327875851,177.9479441690877,True,0.43200000000000005,0.4039999999999999,48
1374,628.96,595.5940770390649,518.2108241790769,684.5105405802069,166.29971640113,True,0.43500000000000005,0.4079999999999999,48
1375,675.33,601.2796199254984,527.3003899585133,685.6183471984347,158.31795723992138,True,0.43800000000000006,0.4119999999999999,47
1376,706.65,650.0793334624193,574.3953895047347,735.7182744142931,161.3228849095584,True,0.44100000000000006,0.4159999999999999,47
1377,740.28,682.3586231907898,606.1966583663033,768.073744815469,161.87708644916574,True,0.44400000000000006,0.41999999999999993,47
1378,720.75,716.4065676040902,640.1332765226539,801.7538143596834,161.62053783702947,True,0.44700000000000006,0.42399999999999993,46
1379,705.91,697.0760489398882,625.887916272743,776.3481629713037,150.4602466985607,True,0.45000000000000007,0.42799999999999994,46
1380,720.99,684.5940370186553,617.2140240327333,759.317892061681,142.10386802894777,True,0.45300000000000007,0.43199999999999994,46
1381,808.92,701.4534491118764,634.4615133029527,775.5078416856479,141.04632838269526,False,0.44600000000000006,0.42399999999999993,45
1382,760.39,788.3033427438853,714.0068866711637,870.3199529687788,156.31306629761514,True,0.44900000000000007,0.42799999999999994,46
1383,758.6,738.420032320331,669.3882622564946,814.5601984382782,145.17193618178362,True,0.45200000000000007,0.43199999999999994,46
1384,789.48,739.2309413719821,670.8595174717368,814.5601466008869,143.70062912915012,True,0.45500000000000007,0.43599999999999994,45
1385,799.42,770.4691949890513,700.6333805387145,847.2559914126191,146.6226108739046,True,0.4580000000000001,0.43999999999999995,45
1386,795.08,786.2243294525765,716.0136350125993,863.3101255266491,147.29649051404988,True,0.4610000000000001,0.44399999999999995,45
1387,767.95,782.248511283774,713.288418311731,857.8662712441084,144.57785293237737,True,0.4640000000000001,0.44799999999999995,44
1388,773.67,754.985470988323,689.2422676359283,826.9904884742358,137.74822083830747,True,0.4670000000000001,0.45199999999999996,44
1389,785.2,761.7635384685457,696.2676498931933,833.4116003462622,137.1439504530689,True,0.4700000000000001,0.45599999999999996,44
1390,771.16,773.9212225905014,708.6703512052978,845.1716065794051,136.50125537410725,True,0.4730000000000001,0.45999999999999996,44
1391,784.97,760.077631025365,696.9217457967906,828.9485779539458,132.02683215715524,True,0.4760000000000001,0.46399999999999997,43
1392,787.77,774.4657133801927,711.3108669153149,843.2199895565316,131.90912264121664,True,0.4790000000000001,0.46799999999999997,43
1393,807.44,778.0513746735062,716.1936218649581,845.2443416639283,129.05071979897014,True,0.4820000000000001,0.472,43
1394,810.6,798.391143581999,736.278201818802,865.7368692861304,129.45866746732838,True,0.4850000000000001,0.476,42
1395,840.63,800.7375813537856,737.0261002483121,869.9490750242447,132.92297477593263,True,0.4880000000000001,0.48,42
1396,856.76,826.705912780723,758.8165177397127,900.6612064320254,141.84468869231273,True,0.4910000000000001,0.484,42
1397,873.99,844.88889216951,773.638089830189,922.6933056733814,149.0552158431924,True,0.4940000000000001,0.488,41
1398,875.73,862.0189357629156,787.6543650142195,943.3955635393289,155.74119852510944,True,0.4970000000000001,0.492,41
1399,881.39,866.9887727013974,790.3334958507706,951.0695300856502,160.73603423487953,True,0.5000000000000001,0.496,41
1400,866.41,872.7317980624213,794.3507613002106,958.8372090540292,164.48644775381865,True,0.5030000000000001,0.5,40
1401,764.35,862.0101416345416,784.3694690137148,947.3262769297509,162.95680791603604,False,0.4960000000000001,0.492,40
1402,693.29,777.9808967793487,708.4046634787255,854.3809536175341,145.97629013880862,False,0.4890000000000001,0.484,41
1403,646.71,702.1193348036553,639.8183156979782,770.4773233912024,130.65900769322423,True,0.4920000000000001,0.488,41
1404,680.67,652.2183618060553,595.0497365349053,714.870173320006,119.8204367851007,True,0.4950000000000001,0.492,41
1405,609.01,672.7182736856563,613.9041377027455,737.1578435847208,123.25370588197529,False,0.4880000000000001,0.484,41
1406,513.01,616.3819987425121,562.7295444104689,675.1407773472388,112.41123293676992,False,0.4810000000000001,0.476,41
1407,409.0,495.13436909695093,453.0748812537965,541.0896912851894,88.01481003139287,False,0.4740000000000001,0.46799999999999997,42
1408,364.76,384.2166409488669,352.5860984559438,418.6767381747549,66.09063971881113,True,0.4770000000000001,0.472,43
1409,489.44,363.53082295469574,334.3038261100298,395.3054117981414,61.00158568811162,False,0.4700000000000001,0.46399999999999997,42
1410,522.18,595.0237817942793,543.9801893595566,650.8481871457136,106.86799778615705,False,0.4630000000000001,0.45599999999999996,43
1411,395.9,520.3733842545109,474.8650518852549,570.2338082657691,95.36875638051418,False,0.45600000000000007,0.44799999999999995,44
1412,457.79,364.58647016055056,332.18955908688923,400.1334194586721,67.94386037178288,False,0.44900000000000007,0.43999999999999995,44
1413,468.85,581.2016228557804,526.137309301434,642.0179076208717,115.8805983194377,False,0.44200000000000006,0.43199999999999994,45
1414,363.02,478.64742998200916,433.9364991022054,527.9545889187018,94.0180898164964,False,0.43500000000000005,0.42399999999999993,45
1415,325.79,354.95444930943705,319.1106902683607,394.81174211009414,75.70105184173343,True,0.43800000000000006,0.42799999999999994,46
1416,318.12,336.91473264920745,302.3686908762775,375.39469719686343,73.0260063205859,True,0.44100000000000006,0.43199999999999994,46
1417,331.28,330.5056252787549,295.8233856799961,369.2403007758177,73.4169150958216,True,0.44400000000000006,0.43599999999999994,45
1418,365.43,356.19093758975225,317.7475344063366,399.27091075032934,81.52337634399271,True,0.44700000000000006,0.43999999999999995,45
1419,446.7,395.8714769169693,352.5438799152359,444.5089683012465,91.96508838601062,False,0.44000000000000006,0.43199999999999994,45
1420,470.97,510.88786381272354,452.9543893842211,576.2147846707466,123.26039528652547,True,0.44300000000000006,0.43599999999999994,45
1421,315.94,458.3488916499239,405.00973976089614,518.6954250020572,113.68568524116102,False,0.43600000000000005,0.42799999999999994,45
1422,282.89,253.69437554755612,222.471069403201,289.28019201231945,66.80912260911845,True,0.43900000000000006,0.43199999999999994,46
1423,247.62,337.5311473185495,295.937639235433,384.95086160144183,89.01322236600885,False,0.43200000000000005,0.42399999999999993,45
1424,197.79,230.7748666130581,203.2612309873028,261.9945415184547,58.733310531151886,False,0.42500000000000004,0.4159999999999999,46
1425,170.94,200.69424317076383,176.1572293854611,228.62973551428647,52.47250612882536,False,0.41800000000000004,0.4079999999999999,47
1426,189.63,167.72326377808577,147.50581873352107,190.69309312392454,43.18727439040347,True,0.42100000000000004,0.4119999999999999,47
1427,306.72,218.8515618524804,193.26329801100724,247.81029892860306,54.547000917595824,False,0.41400000000000003,0.4039999999999999,47
1428,324.23,401.7797766438523,355.96995521209163,453.4683554022988,97.49840019020718,False,0.40700000000000003,0.3959999999999999,48
1429,338.95,291.73061950655085,258.6515415908226,329.02390462109173,70.37236303026913,False,0.4,0.3879999999999999,48
1430,407.32,400.8883888633958,354.7994517526579,452.9475153983552,98.14806364569733,True,0.403,0.3919999999999999,49
1431,588.84,418.7699801251906,369.8127237057739,474.1909116099169,104.37818790414298,False,0.396,0.3839999999999999,49
1432,493.57,696.0387973832426,615.0854412789112,787.6293888862074,172.54394760729622,False,0.389,0.3759999999999999,49
1433,276.97,398.2368596511567,350.2991840994972,452.7160270175119,102.41684291801471,False,0.382,0.3679999999999999,50
1434,232.48,280.7703853214573,238.76213637424794,330.1388163486936,91.37667997444564,False,0.375,0.3599999999999999,51
1435,297.12,259.60017928910855,218.4388060648373,308.48242320207265,90.04361713723534,True,0.378,0.3639999999999999,51
1436,482.45,357.30057800744646,296.6078505382219,430.37069122436475,133.76284068614285,False,0.371,0.35599999999999987,51
1437,400.48,488.7316733788093,398.9746855655512,598.6307280579191,199.65604249236787,True,0.374,0.3599999999999999,52
1438,402.73,304.0260583096729,246.29823114648923,375.22952585060114,128.9312947041119,False,0.367,0.35199999999999987,51
1439,387.0,467.92949310882705,370.1904854671003,591.4043802755052,221.21389480840492,True,0.37,0.35599999999999987,52
1440,413.26,342.07801854308354,268.52990500089766,435.69561196579053,167.16570696489288,True,0.373,0.3599999999999999,52
1441,338.75,413.4863915395473,323.22229952610513,528.8801748756406,205.65787534953546,True,0.376,0.3639999999999999,51
1442,317.68,309.41628277206723,240.33016919407308,398.2798286754548,157.9496594813817,True,0.379,0.3679999999999999,51
1443,374.87,331.29282751193114,255.53027220027587,429.4307724340194,173.90050023374351,True,0.382,0.3719999999999999,51
1444,512.89,376.85051119978397,288.99795146863823,491.31730117713613,202.3193497084979,False,0.375,0.3639999999999999,50
1445,725.62,488.53627848095806,373.9444278285996,638.1500984208164,264.20567059221685,False,0.368,0.35599999999999987,51
1446,521.35,647.3568757751538,498.2747996870654,840.9544479881516,342.6796483010862,True,0.371,0.3599999999999999,52
1447,352.63,390.1752664398773,300.19615707856445,507.0346660412256,206.83850896266114,True,0.374,0.3639999999999999,51
1448,302.23,334.95444475930213,257.53762861328096,435.55304474983933,178.01541613655837,True,0.377,0.3679999999999999,51
1449,407.7,308.6848955837957,237.37298461010872,401.3305523048748,163.95756769476608,False,0.37,0.3599999999999999,51
1450,490.71,438.4568057403719,337.20641268034313,570.0189897968054,232.81257711646225,True,0.373,0.3639999999999999,51
1451,435.08,442.50309651824506,340.4888963883448,574.9923637387851,234.5034673504403,True,0.376,0.3679999999999999,51
1452,347.83,389.8519195022988,300.1240385306688,506.31659858192506,206.19256005125624,True,0.379,0.3719999999999999,51
1453,213.26,329.0285065913401,253.09289098775085,427.6574675092382,174.56457652148734,False,0.372,0.3639999999999999,50
1454,219.77,215.72692994728368,165.16400359761568,281.6759174515268,116.51191385391112,True,0.375,0.3679999999999999,51
1455,297.82,291.37451448293024,221.7652334687396,382.7351789058453,160.9699454371057,True,0.378,0.3719999999999999,51
1456,509.14,334.7514991447184,253.26123348747043,442.3592476199521,189.09801413248167,False,0.371,0.3639999999999999,50
1457,687.18,522.6134568441366,393.3810732367928,694.193230085993,300.8121568492002,True,0.374,0.3679999999999999,51
1458,674.15,547.4253178788971,412.1562705898342,726.9820026964147,314.8257321065805,True,0.377,0.3719999999999999,51
1459,555.42,546.0891355117363,412.83927611357,722.2433929563521,309.40411684278206,True,0.38,0.3759999999999999,50
1460,550.2,460.2785908074914,349.4201005539213,606.2081424581511,256.7880419042298,True,0.383,0.3799999999999999,50
