step,true_value,prediction,lower_bound,upper_bound,width,covered,k_adap,t_adap,n_cal
80,67.33,70.83086776660795,59.77500313739765,83.89795635944498,24.12295322204733,True,0.202,0.404,48
81,73.16,75.56937692228261,63.63210374309055,89.71141341106897,26.07930966797842,True,0.20400000000000001,0.40800000000000003,48
82,83.25,80.3484573633316,67.30675923039195,95.88018565005208,28.573426419660137,True,0.20600000000000002,0.41200000000000003,47
83,93.82,92.56773438154245,77.27129878670047,110.8535280876479,33.58222930094743,True,0.20800000000000002,0.41600000000000004,47
84,80.34,104.46583017328854,86.97093053046488,125.43996450951443,38.46903397904954,False,0.2,0.40800000000000003,47
85,71.74,78.42408403637364,65.06264063107655,94.48793485632345,29.4252942252469,True,0.202,0.41200000000000003,47
86,65.7,66.27792444908343,54.9039374382407,79.96601644878739,25.062079010546682,True,0.20400000000000001,0.41600000000000004,47
87,59.37,61.670035288840374,51.060473695403374,74.44175156921935,23.381277873815975,True,0.20600000000000002,0.42000000000000004,47
88,54.38,55.22411505514576,45.67152915643021,66.7318950304575,21.060365874027283,True,0.20800000000000002,0.42400000000000004,46
89,49.55,50.9245590337486,42.081593415852375,61.582639523661626,19.501046107809252,True,0.21000000000000002,0.42800000000000005,46
90,46.19,46.25451129324148,38.211584725011065,55.94717143474124,17.73558670973018,True,0.21200000000000002,0.43200000000000005,46
91,44.01,43.710195639189514,36.08094544812717,52.90913230330172,16.82818685517455,True,0.21400000000000002,0.43600000000000005,45
92,43.29,42.332780651309584,34.93095469171448,51.25939291302789,16.328438221313405,True,0.21600000000000003,0.44000000000000006,45
93,45.4,42.610523776516914,35.16689696591008,51.58614765471323,16.419250688803153,True,0.21800000000000003,0.44400000000000006,45
94,47.08,46.782966711297604,38.61980151373116,56.628050128965846,18.008248615234685,True,0.22000000000000003,0.44800000000000006,44
95,54.06,48.33865975352532,39.90821239122971,58.5064708033057,18.598258412075992,True,0.22200000000000003,0.45200000000000007,44
96,60.26,59.380836244828664,49.06711752044886,71.81915888478594,22.752041364337074,True,0.22400000000000003,0.45600000000000007,44
97,136.75,65.32802120403613,54.01449873345145,78.96812655075628,24.953627817304834,False,0.21600000000000003,0.44800000000000006,44
98,228.79,244.01567944752043,203.38745022560408,292.72000633534816,89.33255610974408,True,0.21800000000000003,0.45200000000000007,44
99,272.87,361.568292385041,304.71702735416835,428.9916422081232,124.27461485395486,False,0.21000000000000002,0.44400000000000006,44
100,211.29,302.35056576260547,257.7350830634008,354.6594052069226,96.9243221435218,False,0.202,0.43600000000000005,44
101,214.44,174.8346527229552,150.6188718742693,202.91805265403255,52.29918077976325,False,0.194,0.42800000000000005,45
102,201.37,221.7957884270198,193.06553844855864,254.77938122164335,61.71384277308471,True,0.196,0.43200000000000005,46
103,154.98,193.2489186369024,169.6826935155678,220.06894152197316,50.38624800640537,False,0.188,0.42400000000000004,45
104,119.15,131.81611969030467,116.66599209506623,148.91690747261364,32.250915377547415,True,0.19,0.42800000000000005,46
105,96.01,102.72793922604738,91.52487818741938,115.28748491068588,23.7626067232665,True,0.192,0.43200000000000005,46
106,85.09,84.90940643654307,76.07169784212039,94.76052326494457,18.68882542282418,True,0.194,0.43600000000000005,45
107,74.13,79.88448079601653,71.8474593129586,88.80820052398695,16.96074121102835,True,0.196,0.44000000000000006,45
108,69.41,68.18811123647387,61.51728387902708,75.57074075280795,14.053456873780867,True,0.198,0.44400000000000006,45
109,79.39,67.15820395356789,60.74974132439236,74.2317445634558,13.482003239063445,False,0.19,0.43600000000000005,44
110,89.35,87.0901575923684,78.91482803244212,96.10182772961872,17.186999697176603,True,0.192,0.44000000000000006,45
111,78.8,95.14836627784113,86.41289457036427,104.75680376830901,18.34390919794474,False,0.184,0.43200000000000005,45
112,69.7,71.85404925209104,65.31282932055936,79.04050719610188,13.727677875542525,True,0.186,0.43600000000000005,45
113,66.57,65.51013837026603,59.722331521986064,71.8496155393878,12.127284017401735,True,0.188,0.44000000000000006,45
114,62.98,65.40437410879458,59.68140204472863,71.66708995171946,11.985687906990833,True,0.19,0.44400000000000006,45
115,57.28,60.99654706419348,55.79403581697581,66.67562460729211,10.8815887903163,True,0.192,0.44800000000000006,44
116,51.89,54.244124616249785,49.71764049618841,59.17459161660126,9.456951120412853,True,0.194,0.45200000000000007,44
117,47.71,49.22335050986655,45.19454573893837,53.60352290705048,8.40897716811211,True,0.196,0.45600000000000007,44
118,43.03,45.67168447068246,41.999582567702916,49.65737854318213,7.6577959754792175,True,0.198,0.4600000000000001,44
119,38.88,40.6061966029053,37.409382947486755,44.069081118182304,6.659698170695549,True,0.2,0.4640000000000001,43
120,35.32,36.73710537893146,33.860289941468174,39.85132753547606,5.991037594007885,True,0.202,0.4680000000000001,43
121,32.0,33.48205036557197,30.874278798029604,36.30317491881084,5.428896120781236,True,0.20400000000000001,0.4720000000000001,43
122,29.59,30.256312886562945,27.906123101368202,32.797583018543186,4.891459917174984,True,0.20600000000000002,0.4760000000000001,42
123,28.34,28.37610759293305,26.16511946324461,30.767049597524835,4.601930134280224,True,0.20800000000000002,0.4800000000000001,42
124,27.79,27.749994487801015,25.58670739239957,30.089302291147217,4.502594898747645,True,0.21000000000000002,0.4840000000000001,42
125,28.03,27.535967038954585,25.386191393418713,29.860892453444677,4.474701060025964,True,0.21200000000000002,0.4880000000000001,41
126,27.59,28.234309509362948,26.03233708451634,30.61564794849924,4.583310863982902,True,0.21400000000000002,0.4920000000000001,41
127,27.32,27.270840099233688,25.144534857313054,29.570075324666895,4.425540467353841,True,0.21600000000000003,0.4960000000000001,41
128,26.91,27.20170956836145,25.079390009638875,29.4967417675128,4.417351757873924,True,0.21800000000000003,0.5,40
129,25.95,26.6669880056803,24.579732106298906,28.924559886925696,4.34482778062679,True,0.22000000000000003,0.5,40
130,24.35,25.385246405980716,23.39823104468114,27.53408620606071,4.13585516137957,True,0.22200000000000003,0.5,40
131,24.14,23.453691583115756,21.62733807495652,25.427458239287187,3.800120164330668,True,0.22400000000000003,0.5,40
132,24.14,24.167315907952414,22.29237244076008,26.193184877220933,3.9008124364608534,True,0.22600000000000003,0.5,40
133,22.5,24.133627155881772,22.267283993053606,26.149675664743253,3.8823916716896463,True,0.22800000000000004,0.5,40
134,21.27,21.470264357592175,19.804590105398283,23.269297195577277,3.464707090178994,True,0.23000000000000004,0.5,40
135,21.46,20.806173982665815,19.19110388846754,22.550432229408017,3.3593283409404755,True,0.23200000000000004,0.5,40
136,29.27,21.98007368315611,20.26883689945343,23.828992247190293,3.5601553477368633,False,0.22400000000000003,0.492,40
137,41.31,33.26818553921578,30.671058900951948,36.078284746419406,5.407225845467458,False,0.21600000000000003,0.484,41
138,33.3,46.16152236257745,39.37061998202921,54.094749412963935,14.724129430934724,False,0.20800000000000002,0.476,41
139,30.55,23.573854522852564,19.171485940254595,28.937027341412584,9.76554140115799,False,0.2,0.46799999999999997,42
140,27.84,36.62587940589196,28.189280823517716,47.500914072747335,19.31163324922962,False,0.192,0.45999999999999996,43
141,27.66,24.054991977964782,18.61370535766561,31.005814891602597,12.392109533936988,True,0.194,0.46399999999999997,43
142,24.6,29.250230601711362,22.888170141534616,37.30667841174077,14.418508270206154,True,0.196,0.46799999999999997,43
143,21.51,22.919130885486943,18.10756316339682,28.942322703558542,10.834759540161723,True,0.198,0.472,43
144,20.83,20.86098174988334,16.622343932405954,26.11912359115358,9.496779658747627,True,0.2,0.476,42
145,21.79,20.801450121275423,16.754884678285162,25.770279616165148,9.015394937879986,True,0.202,0.48,42
146,23.07,22.298136086257244,18.163862467599124,27.32430810915568,9.160445641556556,True,0.20400000000000001,0.484,42
147,21.13,23.510420053559063,19.283405694601367,28.61833432941731,9.334928634815942,True,0.20600000000000002,0.488,41
148,18.87,20.08704661890614,16.588151649577387,24.28199346738095,7.693841817803563,True,0.20800000000000002,0.492,41
149,17.94,18.174400040297733,15.107773499819167,21.824856390580436,6.717082890761269,True,0.21000000000000002,0.496,41
150,17.59,17.73285011444271,14.83347425250744,21.163150538777263,6.329676286269823,True,0.21200000000000002,0.5,40
151,15.58,17.49200387153859,14.716254634594065,20.757996108837578,6.041741474243512,True,0.21400000000000002,0.5,40
152,14.05,14.6762221629749,12.340606565956268,17.42074721924987,5.080140653293601,True,0.21600000000000003,0.5,40
153,12.6,13.657279407635887,11.488493549457953,16.202702534352646,4.714208984894693,True,0.21800000000000003,0.5,40
154,10.41,12.038383087522124,10.122683296440036,14.284030751050295,4.16134745461026,True,0.22000000000000003,0.5,40
155,8.53,9.550859113947777,8.009397416637357,11.356057002969223,3.3466595863318656,True,0.22200000000000003,0.5,40
156,7.95,7.873335614214318,6.58570024453536,9.379540765429619,2.7938405208942587,True,0.22400000000000003,0.5,40
157,7.79,7.878734318476967,6.600166984622283,9.372393561563106,2.772226576940823,True,0.22600000000000003,0.5,40
158,7.43,7.729291114751309,6.477226852205516,9.191013977809126,2.71378712560361,True,0.22800000000000004,0.5,40
159,6.96,7.264008007577985,6.08692892767382,8.636589987890494,2.549661060216674,True,0.23000000000000004,0.5,40
160,6.05,6.781940082928108,5.684598154428681,8.059421382594532,2.3748232281658517,True,0.23200000000000004,0.5,40
161,4.71,5.666950337909632,4.730929896217513,6.755848983162359,2.0249190869448457,False,0.22400000000000003,0.492,40
162,3.97,4.18428688443108,3.4610158321502746,5.024822935257121,1.5638071031068463,True,0.22600000000000003,0.496,41
163,3.5,3.764115468827889,3.1010764948641674,4.534350853671878,1.4332743588077106,True,0.22800000000000004,0.5,40
164,2.97,3.3115131846040793,2.7124257786925963,4.007277464698928,1.2948516860063322,True,0.23000000000000004,0.5,40
165,2.51,2.7365256225092147,2.218408005211313,3.3380527593334737,1.1196447541221608,True,0.23200000000000004,0.5,40
166,2.38,2.3233467645170935,1.8633916685928216,2.8571858116266653,0.9937941430338437,True,0.23400000000000004,0.5,40
167,2.3,2.3673300101840025,1.902489825478845,2.906615381714605,1.0041255562357603,True,0.23600000000000004,0.5,40
168,1.82,2.255692133522004,1.8075777807539746,2.775329517471304,0.9677517367173296,True,0.23800000000000004,0.5,40
169,1.68,1.5668125014705452,1.213746261921639,1.976188613407897,0.7624423514862579,True,0.24000000000000005,0.5,40
170,1.49,1.6852722250701913,1.317573523000049,2.11130881120843,0.793735288208381,True,0.24200000000000005,0.5,40
171,2.17,1.3822425168574175,1.0522522685860243,1.7652932809440727,0.7130410123580484,False,0.23400000000000004,0.492,40
172,3.05,2.659351017140884,2.164538514293506,3.231533225513475,1.0669947112199694,True,0.23600000000000004,0.496,41
173,2.81,3.4687933235601633,2.8764711909847938,4.151621870720676,1.2751506797358818,False,0.22800000000000004,0.488,40
174,2.39,2.5680763638524233,2.103076758324955,3.102756692733129,0.9996799344081739,True,0.23000000000000004,0.492,41
175,2.04,2.2303427842995704,1.8233409486471994,2.6960164195104643,0.8726754708632649,True,0.23200000000000004,0.496,41
176,1.56,1.9004115922754439,1.5472180471374206,2.302578440059212,0.7553603929217916,True,0.23400000000000004,0.5,40
177,1.63,1.2709097072966302,0.9899574858531934,1.5915281785444737,0.6015706926912803,False,0.22600000000000003,0.492,40
178,2.79,1.8290827872411128,1.4764766062504027,2.231893811095694,0.7554172048452914,False,0.21800000000000003,0.484,41
179,2.67,3.9955585653799996,3.3072797010356982,4.793820488170487,1.486540787134789,False,0.21000000000000002,0.476,41
180,2.61,2.112010746451998,1.5887998889299064,2.7409654285932104,1.152165539663304,True,0.21200000000000002,0.48,42
181,2.6,2.89302608832455,2.2355692515449026,3.6840759526748217,1.448506701129919,True,0.21400000000000002,0.484,42
182,2.22,2.5131839291062588,1.929060205858117,3.213795706570176,1.2847355007120589,True,0.21600000000000003,0.488,41
183,1.91,2.087130777721107,1.5634609912631379,2.717777048776881,1.1543160575137432,True,0.21800000000000003,0.492,41
184,1.99,1.8130382727982077,1.3465520436173173,2.3722603109322007,1.0257082673148834,True,0.22000000000000003,0.496,41
185,2.0,2.093438049126281,1.5946635712886854,2.688092386879052,1.0934288155903666,True,0.22200000000000003,0.5,40
186,1.85,1.9535340212398857,1.4853899949236324,2.5098568966797066,1.0244669017560741,True,0.22400000000000003,0.5,40
187,1.9,1.7897300742195008,1.353474920030958,2.306852272257216,0.9533773522262581,True,0.22600000000000003,0.5,40
188,1.9,1.962995582528467,1.505471423053208,2.504068232949374,0.9985968098961662,True,0.22800000000000004,0.5,40
189,1.81,1.8657486484392565,1.4278816171055313,2.382584743082411,0.9547031259768799,True,0.23000000000000004,0.5,40
190,1.73,1.7765936412324015,1.3565572497444371,2.2714979656735594,0.9149407159291223,True,0.23200000000000004,0.5,40
191,1.77,1.7022532992361787,1.297232604617244,2.1786824192535237,0.8814498146362797,True,0.23400000000000004,0.5,40
192,1.77,1.8088894819718675,1.3914388024068267,2.2992105480564917,0.907771745649665,True,0.23600000000000004,0.5,40
193,1.75,1.7478002775146293,1.34197564493072,2.223947431499796,0.8819717865690757,True,0.23800000000000004,0.5,40
194,1.62,1.7526691636856384,1.3484627228996744,2.226445730145612,0.8779830072459376,True,0.24000000000000005,0.5,40
195,1.57,1.555495180548073,1.183000664341372,1.9915499910187826,0.8085493266774106,True,0.24200000000000005,0.5,40
196,1.48,1.5836109936504439,1.2099063736472093,2.020510663306971,0.8106042896597616,True,0.24400000000000005,0.5,40
197,1.54,1.4289422228534585,1.0806912614651751,1.8354808958085518,0.7547896343433766,True,0.24600000000000005,0.5,40
198,1.5,1.600968617223169,1.2318518711445288,2.031132054615518,0.7992801834709891,True,0.24800000000000005,0.5,40
199,1.43,1.446884346934509,1.1031386421614444,1.8468132757619298,0.7436746336004854,True,0.25000000000000006,0.5,40
200,1.36,1.430548849866292,1.0917830093697765,1.8241780744582194,0.732395065088443,True,0.25200000000000006,0.5,40
201,1.38,1.3315939388510998,1.0090393700416427,1.7059351731740846,0.6968958031324419,True,0.25400000000000006,0.5,40
202,1.44,1.4087559582796656,1.073326848599029,1.7984518072817801,0.7251249586827511,True,0.25600000000000006,0.5,40
203,1.23,1.4460091171161862,1.104732379589831,1.8426229667172516,0.7378905871274206,True,0.25800000000000006,0.5,40
204,1.06,1.1770715598438626,0.7076364222090397,1.775556034667892,1.0679196124588524,True,0.26000000000000006,0.5,40
205,1.26,1.0467099081780717,0.46886849723802126,1.8518696235306935,1.3830011262926722,True,0.26200000000000007,0.5,40
206,1.45,1.3460539122519042,0.5975587676354579,2.4452372399037774,1.8476784722683195,True,0.26400000000000007,0.5,40
207,1.3,1.449042503872426,0.7141744113481572,2.4989492003072127,1.7847747889590555,True,0.26600000000000007,0.5,40
208,1.0,1.2376155851038848,0.6157563820638876,2.098810911273767,1.4830545292098793,True,0.26800000000000007,0.5,40
209,0.98,0.9224084262882375,0.41867043907141815,1.605012450871243,1.1863420117998247,True,0.2700000000000001,0.5,40
210,0.84,1.0261737965958688,0.5324315145209493,1.6789975376453237,1.1465660231243744,True,0.2720000000000001,0.5,40
211,0.73,0.7791985171916915,0.3721806387034903,1.306946530427723,0.9347658917242327,True,0.2740000000000001,0.5,40
212,0.73,0.741929825093157,0.37380509695647096,1.2086972324322502,0.8348921354757792,True,0.2760000000000001,0.5,40
213,0.71,0.7147118666514816,0.36171248941972445,1.1592199590446222,0.7975074696248977,True,0.2780000000000001,0.5,40
214,0.61,0.7078933799886322,0.37908772497101184,1.115093727971734,0.736006003000722,True,0.2800000000000001,0.5,40
215,0.64,0.5719588567261591,0.2720824983510595,0.9425270377062214,0.6704445393551619,True,0.2820000000000001,0.5,40
216,0.83,0.6618499943295604,0.3600338428678453,1.030644618246841,0.6706107753789956,True,0.2840000000000001,0.5,40
217,0.65,0.8819120467622894,0.5528739308379131,1.280669976755953,0.7277960459180399,True,0.2860000000000001,0.5,40
218,0.49,0.5561720184427994,0.29279161870503395,0.8732108995338947,0.5804192808288609,True,0.2880000000000001,0.5,40
219,0.47,0.49331528558343063,0.24784747693364464,0.7870698008997974,0.5392223239661528,True,0.2900000000000001,0.5,40
220,0.4,0.4591329030747556,0.22338964944056275,0.7403031240365281,0.5169134745959654,True,0.2920000000000001,0.5,40
221,0.62,0.3769912702901847,0.15728477817636977,0.6384082761748819,0.4811234979985122,True,0.2940000000000001,0.5,40
222,0.93,0.715558688173521,0.4370172084719089,1.0480907223771672,0.6110735139052583,True,0.2960000000000001,0.5,40
223,2.31,0.9774459903966217,0.6597757944450291,1.3559161773672814,0.6961403829222523,False,0.2880000000000001,0.492,40
224,1.94,3.907179354499367,3.16355283605374,4.78362042357279,1.62006758751905,False,0.2800000000000001,0.484,41
225,1.52,1.8713198825421569,1.4554448980663746,2.3576309834418616,0.9021860853754871,True,0.2820000000000001,0.488,41
226,1.26,1.496207715940796,1.149104864870771,1.8993712977784583,0.7502664329076874,True,0.2840000000000001,0.492,41
227,1.06,1.2155864385448298,0.9188073064460496,1.5582679668630823,0.6394606604170328,True,0.2860000000000001,0.496,41
228,0.94,1.023553492496049,0.7589808525079791,1.3279211545450198,0.5689403020370407,True,0.2880000000000001,0.5,40
229,1.0,0.918833566451815,0.675452023411302,1.1975694942584028,0.5221174708471008,True,0.2900000000000001,0.5,40
230,1.07,1.0198629535229888,0.7702839868822842,1.3046281733586644,0.5343441864763803,True,0.2920000000000001,0.5,40
231,1.03,1.0830420112619588,0.8316637661899866,1.3689195041008437,0.5372557379108571,True,0.2940000000000001,0.5,40
232,0.89,1.0173740651909071,0.7793347078851105,1.2872583223772356,0.5079236144921251,True,0.2960000000000001,0.5,40
233,0.81,0.8592138674346181,0.6444922572626899,1.1019717116910832,0.45747945442839333,True,0.2980000000000001,0.5,40
234,0.96,0.7973455994147078,0.5936373992528226,1.027092991950373,0.4334555926975505,True,0.3000000000000001,0.5,40
235,1.15,1.002381117354263,0.7792834063420999,1.2534522183735808,0.47416881203148087,True,0.3020000000000001,0.5,40
236,1.09,1.1900423071823258,0.950365485839356,1.4591725715369517,0.5088070856975957,True,0.3040000000000001,0.5,40
237,1.24,1.0650882317359822,0.8418005618220139,1.315445816041923,0.473645254219909,True,0.3060000000000001,0.5,40
238,1.0,1.2855794039579322,1.0436299139848466,1.5561737847195314,0.5125438707346848,False,0.2980000000000001,0.492,40
239,0.96,0.9415394705845832,0.7381570586841759,1.1687197350805096,0.4305626763963337,True,0.3000000000000001,0.496,41
240,0.87,0.9640267573911092,0.7622738370031599,1.1888772464034023,0.42660340940024244,True,0.3020000000000001,0.5,40
241,0.74,0.8500309464649025,0.6633473481346857,1.0576667325174252,0.3943193843827395,True,0.3040000000000001,0.5,40
242,0.89,0.7146794480822989,0.5460802282735258,0.9016643224000034,0.3555840941264776,True,0.3060000000000001,0.5,40
243,1.02,0.9281265350352741,0.7450351505236728,1.1304281085635925,0.3853929580399198,True,0.3080000000000001,0.5,40
244,0.94,1.0434777592904614,0.8533309647333152,1.2531331058377053,0.39980214110439016,True,0.3100000000000001,0.5,40
245,0.99,0.9193490370467707,0.7435416369230123,1.1128837120940127,0.3693420751710004,True,0.3120000000000001,0.5,40
246,0.8,1.0039975239942551,0.8211157511942841,1.205244819579105,0.38412906838482086,False,0.3040000000000001,0.492,40
247,0.74,0.7621901313524726,0.6035765220016296,0.936492594166884,0.33291607216525443,True,0.3060000000000001,0.496,41
248,0.78,0.7334156397749634,0.5788294174632538,0.9031376961826711,0.32430827871941736,True,0.3080000000000001,0.5,40
249,0.92,0.7892846660095616,0.6294223774612409,0.9648310102412987,0.33540863278005784,True,0.3100000000000001,0.5,40
250,1.29,0.947830202041843,0.7753872821041066,1.137022459398179,0.36163517729407246,False,0.3020000000000001,0.492,40
251,3.42,1.3761172871238734,1.1706097086428642,1.6010817788606206,0.43047207021775646,False,0.2940000000000001,0.484,41
252,3.25,4.732494929990628,4.25525437918088,5.253074685128805,0.9978203059479247,False,0.2860000000000001,0.476,41
253,3.12,3.1769854608678747,2.836366061307551,3.547847432044862,0.7114813707373111,True,0.2880000000000001,0.48,42
254,3.36,3.096404217310857,2.7741895969734247,3.4461273289128656,0.6719377319394408,True,0.2900000000000001,0.484,42
255,2.71,3.416644781396112,3.0832583812916514,3.7772512301469803,0.6939928488553289,False,0.2820000000000001,0.476,41
256,2.59,2.5879915799806197,2.3186784927242603,2.8791596131519155,0.5604811204276552,True,0.2840000000000001,0.48,42
257,3.09,2.5774992101670913,2.310421697642822,2.866123946643808,0.5557022490009862,False,0.2760000000000001,0.472,42
258,2.63,3.1990050756490245,2.8965486995121346,3.524938602084924,0.6283899025727893,False,0.26800000000000007,0.46399999999999997,42
259,3.21,2.5278201936565017,2.2788055356142145,2.7957467082411753,0.5169411726269608,False,0.26000000000000006,0.45599999999999996,43
260,3.09,3.2881435093653675,2.9793403170290955,3.6209103248149965,0.641570007785901,True,0.26200000000000007,0.45999999999999996,44
261,3.05,3.087815520118422,2.7885136803678976,3.410762936692982,0.6222492563250843,True,0.26400000000000007,0.46399999999999997,43
262,3.05,3.0450989422133183,2.7489428086080165,3.3646505928882986,0.6157077842802821,True,0.26600000000000007,0.46799999999999997,43
263,2.95,3.0494310807221607,2.7456214111211774,3.3778829405533166,0.6322615294321392,True,0.26800000000000007,0.472,43
264,2.71,2.940641965295699,2.637120745633405,3.2694923222696675,0.6323715766362623,True,0.2700000000000001,0.476,42
265,2.68,2.6881091447324086,2.396867858682179,3.0043209301452762,0.6074530714630972,True,0.2720000000000001,0.48,42
266,2.34,2.673595195455142,2.377626648823698,2.995498337500095,0.6178716886763969,False,0.26400000000000007,0.472,42
267,2.12,2.3088256625108023,2.0374984474792974,2.604389419186582,0.5668909717072848,True,0.26600000000000007,0.476,42
268,2.03,2.0916792235766626,1.8351525598327774,2.371416606258173,0.5362640464253956,True,0.26800000000000007,0.48,42
269,2.08,2.0149123572044765,1.762275982061197,2.2906547284393954,0.5283787463781984,True,0.2700000000000001,0.484,42
270,2.14,2.082108936178567,1.8214254621941466,2.366878062794668,0.5454526006005214,True,0.2720000000000001,0.488,41
271,2.58,2.146398592014407,1.8778847287582754,2.439965472175716,0.5620807434174404,False,0.26400000000000007,0.48,41
272,3.17,2.6297967623197027,2.3177260000778146,2.971221413533721,0.6534954134559063,False,0.25600000000000006,0.472,42
273,3.09,3.2702275544045865,2.9015841494996972,3.6737024417977606,0.7721182922980634,True,0.25800000000000006,0.476,42
274,2.76,3.0977047012484844,2.7427649877744242,3.486304609955898,0.7435396221814736,True,0.26000000000000006,0.48,42
275,2.65,2.716586808682585,2.3944709418209795,3.06926962793894,0.6747986861179607,True,0.26200000000000007,0.484,42
276,2.51,2.6293054923703236,2.314304528949989,2.9742450465535213,0.6599405176035322,True,0.26400000000000007,0.488,41
277,2.32,2.48899545677656,2.186049427409865,2.820747158748171,0.634697731338306,True,0.26600000000000007,0.492,41
278,1.9,2.291775621304043,2.0028251809719935,2.608530662948601,0.6057054819766075,False,0.25800000000000006,0.484,41
279,1.68,1.8388575741890332,1.5856475599829585,2.1168642050286075,0.531216645045649,True,0.26000000000000006,0.488,41
280,1.73,1.633942793090624,1.3957639516942804,1.8958005785034624,0.500036626809182,True,0.26200000000000007,0.492,41
281,1.83,1.7306372774449326,1.4820403879500486,2.004133203138649,0.5220928151886004,True,0.26400000000000007,0.496,41
282,2.73,1.8464786125538444,1.5847738552806097,2.1346806124541353,0.5499067571735257,False,0.25600000000000006,0.488,40
283,2.5,2.9215856235892983,2.5565536666628814,3.324083155919939,0.7675294892570577,False,0.24800000000000005,0.48,41
284,2.3,2.4894941574291947,2.160794298278047,2.8523764363173196,0.6915821380392728,True,0.25000000000000006,0.484,42
285,2.28,2.270617191358469,1.9586943972470618,2.615424702991496,0.6567303057444343,True,0.25200000000000006,0.488,41
286,2.28,2.2743154371496654,1.9609023026954375,2.620903523968584,0.6600012212731463,True,0.25400000000000006,0.492,41
287,2.05,2.2904185753511634,1.9774631481653726,2.636268145816407,0.6588049976510342,True,0.25600000000000006,0.496,41
288,1.9,2.0146330932231353,1.7276361470478987,2.33182733943161,0.6041911923837113,True,0.25800000000000006,0.5,40
289,1.8,1.9043531181693871,1.6320815469347099,2.2047893975184203,0.5727078505837104,True,0.26000000000000006,0.5,40
290,1.92,1.8008862622242945,1.5370019320049844,2.09221832074717,0.5552163887421857,True,0.26200000000000007,0.5,40
291,2.35,1.9243229417604732,1.647276895824001,2.230362747922826,0.5830858520988249,False,0.25400000000000006,0.492,40
292,7.39,2.344922241792387,2.0001129274895324,2.729361218745805,0.7292482912562726,False,0.24600000000000005,0.484,41
293,10.63,12.23370579870031,10.845421686957994,13.784696889210478,2.9392752022524835,False,0.23800000000000004,0.476,41
294,6.05,12.632486904882294,11.143375816480658,14.304203873816034,3.160828057335376,False,0.23000000000000004,0.46799999999999997,42
295,7.2,4.983954202857314,4.2802828022784825,5.7813996414060265,1.501116839127544,False,0.22200000000000003,0.45999999999999996,43
296,6.75,8.308610563467326,6.984542547912559,9.852247339448258,2.867704791535699,False,0.21400000000000002,0.45199999999999996,43
297,4.78,6.060797074066428,5.002484428699567,7.305703398875128,2.3032189701755605,False,0.20600000000000002,0.44399999999999995,44
298,4.06,4.65480173378858,3.729489742392902,5.761148536137762,2.0316587937448602,True,0.20800000000000002,0.44799999999999995,44
299,3.87,3.8790071854920614,3.0713646038169244,4.846863013390187,1.7754984095732622,True,0.21000000000000002,0.45199999999999996,44
300,3.7,3.9417372503071952,3.062265822272791,5.011612267512956,1.949346445240165,True,0.21200000000000002,0.45599999999999996,44
301,3.6,3.5753269162161274,2.7768718336672586,4.542580556652276,1.7657087229850177,True,0.21400000000000002,0.45999999999999996,44
302,4.22,3.6616064412763487,2.814397207421267,4.696987867721346,1.8825906603000795,True,0.21600000000000003,0.46399999999999997,43
303,4.93,4.443135303100371,3.476474533486784,5.6185391441912556,2.1420646107044714,True,0.21800000000000003,0.46799999999999997,43
304,4.91,5.043004384502445,3.9800573431948196,6.3328276111151585,2.352770267920339,True,0.22000000000000003,0.472,43
305,4.69,4.8102420051646115,3.799687026948935,6.033565307286119,2.2338782803371835,True,0.22200000000000003,0.476,42
306,4.27,4.678932801731339,3.6819605433579126,5.888199391669835,2.206238848311923,True,0.22400000000000003,0.48,42
307,4.06,4.110148849723581,3.21363333659615,5.197411872440305,1.9837785358441549,True,0.22600000000000003,0.484,42
308,3.64,4.101711584261117,3.197487554970965,5.20072382541325,2.003236270442285,True,0.22800000000000004,0.488,41
309,3.44,3.6023472264351977,2.7567684679637496,4.638250047428833,1.881481579465083,True,0.23000000000000004,0.492,41
310,3.34,3.4057125459053825,2.4477444957134455,4.629855420342421,2.182110924628976,True,0.23200000000000004,0.496,41
311,3.26,3.2420675011861038,2.3503985899916633,4.3710435344542375,2.0206449444625743,True,0.23400000000000004,0.5,40
312,3.41,3.315549658066078,2.4187656842489615,4.447571015773074,2.028805331524113,True,0.23600000000000004,0.5,40
313,3.49,3.422620744925333,2.5310455409967623,4.539315204618553,2.008269663621791,True,0.23800000000000004,0.5,40
314,3.45,3.5081908446797385,2.5925766718133723,4.657161015243045,2.064584343429673,True,0.24000000000000005,0.5,40
315,3.53,3.4131439934771866,2.544007872111862,4.495427947669367,1.9514200755575053,True,0.24200000000000005,0.5,40
316,3.46,3.598583080703512,2.6871791738279573,4.735269525342387,2.0480903515144298,True,0.24400000000000005,0.5,40
317,3.44,3.363898715420264,2.4911084051784,4.454889905509389,1.963781500330989,True,0.24600000000000005,0.5,40
318,3.29,3.530954766178274,2.4346531900682713,4.977183126528577,2.542529936460306,True,0.24800000000000005,0.5,40
319,3.42,3.103123891446013,2.109795700227798,4.41374009466983,2.303944394442032,True,0.25000000000000006,0.5,40
320,3.81,3.7201491463630694,2.3442512329715597,5.662121477074292,3.3178702441027323,True,0.25200000000000006,0.5,40
321,3.77,3.686034845632091,2.35541246038253,5.5443288518916605,3.1889163915091303,True,0.25400000000000006,0.5,40
322,4.01,3.87842152734551,2.3070009101683215,6.196549757604017,3.8895488474356954,True,0.25600000000000006,0.5,40
323,4.66,4.045335945908802,2.5033749222128834,6.265969350206094,3.76259442799321,True,0.25800000000000006,0.5,40
324,5.37,4.98756577469734,2.9891551468915263,7.987101926648087,4.99794677975656,True,0.26000000000000006,0.5,40
325,5.41,5.4515415577827016,3.4399176160087626,8.374585762970405,4.934668146961642,True,0.26200000000000007,0.5,40
326,5.23,5.345850182961848,3.1877602954394906,8.616074393859439,5.428314098419948,True,0.26400000000000007,0.5,40
327,5.27,5.20718903345065,3.245674582314156,8.074929071928356,4.8292544896142,True,0.26600000000000007,0.5,40
328,5.47,5.316087232818375,3.170436047613956,8.565656319174431,5.395220271560476,True,0.26800000000000007,0.5,40
329,5.93,5.554278294265309,3.495379231629638,8.556160169184277,5.0607809375546395,True,0.2700000000000001,0.5,40
330,6.41,6.1118923937633785,3.7447922499295014,9.659900530148798,5.915108280219297,True,0.2720000000000001,0.5,40
331,7.08,6.500517677134152,4.198810370665034,9.821276679457995,5.622466308792961,True,0.2740000000000001,0.5,40
332,6.9,7.001879536705083,4.767765830513592,10.101365416258236,5.333599585744644,True,0.2760000000000001,0.5,40
333,6.61,6.572771664208642,4.625929454557559,9.193314925373743,4.567385470816184,True,0.2780000000000001,0.5,40
334,6.61,6.788074521530854,4.735289254338078,9.575596463079924,4.840307208741846,True,0.2800000000000001,0.5,40
335,7.25,6.617420587308335,4.76987020218768,9.056568756425113,4.286698554237433,True,0.2820000000000001,0.5,40
336,7.23,7.907967295438153,5.856003643855122,10.574072223213733,4.718068579358611,True,0.2840000000000001,0.5,40
337,7.1,7.00225812082436,5.30256756814202,9.160325032608434,3.857757464466413,True,0.2860000000000001,0.5,40
338,6.76,7.100785197511744,5.468809455930719,9.144481958123118,3.6756725021923984,True,0.2880000000000001,0.5,40
339,6.66,6.552392502760736,5.125060769542448,8.312337405595644,3.1872766360531957,True,0.2900000000000001,0.5,40
340,6.84,6.681838806818445,5.313644067426894,8.346527429125636,3.032883361698742,True,0.2920000000000001,0.5,40
341,6.98,6.965046301311975,5.625574972064334,8.57531427076689,2.949739298702556,True,0.2940000000000001,0.5,40
342,7.17,7.032130739567837,5.747297974267108,8.561623699376963,2.814325725109854,True,0.2960000000000001,0.5,40
343,7.28,7.272777776528406,6.011227235197037,8.76132278187371,2.7500955466766737,True,0.2980000000000001,0.5,40
344,7.21,7.317317015817089,6.08909303748952,8.758337487710364,2.6692444502208437,True,0.3000000000000001,0.5,40
345,7.75,7.155667996149122,5.987007012185112,8.519801589924153,2.5327945777390415,True,0.3020000000000001,0.5,40
346,9.0,8.117645626247198,6.835713885311961,9.609302864114845,2.7735889788028842,True,0.3040000000000001,0.5,40
347,9.99,9.775284812979985,8.2828943468258,11.507603605392616,3.224709258566815,True,0.3060000000000001,0.5,40
348,9.98,10.404352385037138,8.844682631856138,12.211116923286799,3.366434291430661,True,0.3080000000000001,0.5,40
349,9.85,9.814226156324404,8.3340386562089,11.529141100389456,3.195102444180556,True,0.3100000000000001,0.5,40
350,9.69,9.833773376998998,8.40075723394632,11.485233121470744,3.084475887524423,True,0.3120000000000001,0.5,40
351,9.37,9.590132699303433,8.243138396104447,11.133423279275167,2.89028488317072,True,0.3140000000000001,0.5,40
352,9.39,9.195661996509044,7.9168054348468715,10.65793336039567,2.741127925548799,True,0.3160000000000001,0.5,40
353,9.79,9.479224293848205,8.216922791794559,10.914404002444433,2.6974812106498742,True,0.3180000000000001,0.5,40
354,9.73,10.037656089063747,8.71296201161092,11.54301744357798,2.830055431967061,True,0.3200000000000001,0.5,40
355,10.03,9.578790069886262,8.362902901672923,10.952575020587734,2.5896721189148106,True,0.3220000000000001,0.5,40
356,10.38,10.31190392687143,9.023311187411885,11.76615761580576,2.742846428393875,True,0.3240000000000001,0.5,40
357,10.33,10.5035684108056,9.2072921609025,11.964465413164394,2.757173252261895,True,0.3260000000000001,0.5,40
358,9.96,10.242232500049186,8.98957069370379,11.651974290028466,2.662403596324676,True,0.3280000000000001,0.5,40
359,9.63,9.731022503063521,8.561695995696246,11.04334921473003,2.4816532190337846,True,0.3300000000000001,0.5,40
360,9.2,9.481843723671435,8.412400543821468,10.672797745479608,2.26039720165814,True,0.33200000000000013,0.5,40
361,8.88,8.936241239555558,7.943783838443752,10.038827833279091,2.09504399483534,True,0.33400000000000013,0.5,40
362,8.69,8.74021919219846,7.824488690212251,9.750976429637117,1.926487739424866,True,0.33600000000000013,0.5,40
363,8.49,8.60621008381197,7.7312760638253355,9.568818520886568,1.8375424570612324,True,0.33800000000000013,0.5,40
364,8.37,8.383687656292958,7.562416022264475,9.283732278588534,1.7213162563240587,True,0.34000000000000014,0.5,40
365,8.88,8.32559128838321,7.53084539220314,9.194376861811719,1.6635314696085786,True,0.34200000000000014,0.5,40
366,10.31,9.271109138958835,8.415608295274092,10.204340668818432,1.78873237354434,False,0.33400000000000013,0.492,40
367,10.99,11.394478897741147,10.39485430222054,12.48179652605244,2.0869422238318993,True,0.33600000000000013,0.496,41
368,10.56,11.09417123403822,10.139366970191967,12.130815981701774,1.9914490115098076,True,0.33800000000000013,0.5,40
369,10.62,10.234676387641107,9.379957518234,11.159775539861247,1.7798180216272463,True,0.34000000000000014,0.5,40
370,10.74,10.842961334210298,9.982371390630126,11.7709879929268,1.788616602296674,True,0.34200000000000014,0.5,40
371,11.19,10.683790780010943,9.868073882569375,11.560732330869609,1.692658448300234,True,0.34400000000000014,0.5,40
372,12.79,11.595453557231826,10.730820527315013,12.523815315644857,1.7929947883298443,False,0.33600000000000013,0.492,40
373,14.24,14.174220682653951,13.153757417679529,15.268257716376276,2.114500298696747,True,0.33800000000000013,0.496,41
374,14.21,14.796301771791292,13.720029664848996,15.95126676689727,2.231237102048274,True,0.34000000000000014,0.5,40
375,13.88,13.792954899891347,12.790870058019491,14.867854149127256,2.0769840911077644,True,0.34200000000000014,0.5,40
376,17.01,13.846802515757648,12.840543531158502,14.92622027058912,2.0856767394306175,False,0.33400000000000013,0.492,40
377,17.68,20.938954800320094,19.407083183257956,22.585817405074472,3.1787342218165158,False,0.3260000000000001,0.484,41
378,16.17,16.173123126937245,13.94788238007529,18.729627945564648,4.7817455654893575,True,0.3280000000000001,0.488,41
379,13.86,16.617830466809988,13.423812270566286,20.519134091244812,7.095321820678526,True,0.3300000000000001,0.492,41
380,13.99,12.693714688281192,10.453967603139013,15.37142939994504,4.917461796806027,True,0.33200000000000013,0.496,41
381,13.45,14.606193716572353,12.299843703545829,17.312492067425534,5.0126483638797055,True,0.33400000000000013,0.5,40
382,12.76,12.961083405931317,11.087009637801836,15.125729664166773,4.0387200263649365,True,0.33600000000000013,0.5,40
383,12.49,12.610478792070827,10.951745940180778,14.499420241743174,3.5476743015623953,True,0.33800000000000013,0.5,40
384,12.22,12.41076508227865,10.918749165911034,14.089554917931455,3.1708057520204207,True,0.34000000000000014,0.5,40
385,13.63,12.108516957516478,10.780706894572434,13.585985235288678,2.805278340716244,False,0.33200000000000013,0.492,40
386,16.57,14.384203171980317,12.931321037730672,15.988604784555445,3.0572837468247727,False,0.3240000000000001,0.484,41
387,21.04,17.974313706321468,16.278821901638086,19.83617637101562,3.5573544693775325,False,0.3160000000000001,0.476,41
388,35.76,23.91464416046127,21.820034073397846,26.201514758736746,4.3814806853389,False,0.3080000000000001,0.46799999999999997,42
389,45.58,57.71482694336011,52.944643555569996,62.906825140802425,9.962181585232429,False,0.3000000000000001,0.45999999999999996,43
390,41.96,51.53113499219059,47.46164224288845,55.942357209793016,8.480714966904564,False,0.2920000000000001,0.45199999999999996,43
391,48.31,38.91817704631734,35.92783397251661,42.150672197212096,6.2228382246954865,False,0.2840000000000001,0.44399999999999995,44
392,46.39,55.64848803943348,51.46668982030763,60.16359175973309,8.696901939425459,False,0.2760000000000001,0.43599999999999994,44
393,54.3,41.75489085064632,38.591040316488076,45.171575109871505,6.580534793383428,False,0.26800000000000007,0.42799999999999994,45
394,56.68,58.75162719769214,54.53718182963072,63.28588623247616,8.74870440284544,True,0.2700000000000001,0.43199999999999994,46
395,52.54,58.08634418494556,54.09075967779426,62.37171768116071,8.28095800336645,False,0.26200000000000007,0.42399999999999993,45
396,49.19,50.5395350894981,47.17525801588467,54.13875351463081,6.963495498746134,True,0.26400000000000007,0.42799999999999994,46
397,65.39,47.65091189698329,44.58563596487662,50.92230355701776,6.33666759214114,False,0.25600000000000006,0.41999999999999993,46
398,63.24,75.61574275067174,70.96383301307785,80.56836276592396,9.604529752846119,False,0.24800000000000005,0.4119999999999999,46
399,49.61,63.92682421782422,60.03193032839718,68.070279775353,8.03834944695582,False,0.24000000000000005,0.4039999999999999,47
400,45.47,45.5263851812606,42.801419728992805,48.42087565719192,5.619455928199116,True,0.24200000000000005,0.4079999999999999,48
401,129.12,45.1330749573038,42.46355011852045,47.96656161801491,5.5030114994944554,False,0.23400000000000004,0.3999999999999999,47
402,671.52,130.41386698260587,122.59014986241293,138.73285455634988,16.14270469393695,False,0.22600000000000003,0.3919999999999999,48
403,522.16,2461.972046737226,2311.3738325238824,2622.3782867140744,311.00445419019206,False,0.21800000000000003,0.3839999999999999,49
404,197.72,343.50451700943313,238.60497956363625,494.329280952535,255.72430138889874,False,0.21000000000000002,0.3759999999999999,49
405,122.48,158.32652881221048,109.08336062213996,229.5974548731456,120.51409425100564,True,0.21200000000000002,0.3799999999999999,50
406,92.67,100.55670288749728,67.873893223006,148.74852471290652,80.87463148990052,True,0.21400000000000002,0.3839999999999999,50
407,79.19,87.14689612015599,59.16688244978765,128.13873844306178,68.97185599327413,True,0.21600000000000003,0.3879999999999999,49
408,69.56,73.30083172567475,49.190108998809876,108.99405471022074,59.80394571141086,True,0.21800000000000003,0.3919999999999999,49
409,63.13,66.71161697430777,45.39802122867996,97.81591826250833,52.417897033828375,True,0.22000000000000003,0.3959999999999999,49
410,58.18,60.36061217740564,41.184002957845955,88.25479951602588,47.07079655817993,True,0.22200000000000003,0.3999999999999999,48
411,60.16,56.44141830906844,39.25382176529606,80.96778324789993,41.71396148260387,True,0.22400000000000003,0.4039999999999999,48
412,58.1,63.39552257448074,44.600673026201314,89.9368887002565,45.33621567405519,True,0.22600000000000003,0.4079999999999999,48
413,53.25,54.064868058730234,38.48411391206113,75.79391516999823,37.309801257937096,True,0.22800000000000004,0.4119999999999999,47
414,48.79,52.630304531700055,37.486050117337676,73.73382057638533,36.24777045904765,True,0.23000000000000004,0.4159999999999999,47
415,44.91,45.82071651475851,32.974484877382174,63.52428941504803,30.549804537665857,True,0.23200000000000004,0.41999999999999993,47
416,41.77,44.21943157075543,32.14615331773109,60.69032563088988,28.54417231315879,True,0.23400000000000004,0.42399999999999993,46
417,39.34,39.84423871639109,29.319948887307763,54.02159131343021,24.701642426122444,True,0.23600000000000004,0.42799999999999994,46
418,37.61,39.02024559951997,28.656884824879807,53.00499975986228,24.348114934982473,True,0.23800000000000004,0.43199999999999994,46
419,36.78,36.48192628962602,26.84998668282217,49.44507971874524,22.59509303592307,True,0.24000000000000005,0.43599999999999994,45
420,34.72,37.16984021775914,27.034154039547957,50.97006124008426,23.935907200536306,True,0.24200000000000005,0.43999999999999995,45
421,33.18,32.859659642282736,23.92470920131441,44.997589854760285,21.072880653445875,True,0.24400000000000005,0.44399999999999995,45
422,32.23,33.52217582461154,24.393820549627144,45.931914846617765,21.53809429699062,True,0.24600000000000005,0.44799999999999995,44
423,31.72,30.394314091093655,20.99770222300787,43.804814032775575,22.807111809767704,True,0.24800000000000005,0.45199999999999996,44
424,33.13,32.94059972121064,21.588259942312376,49.99836429974767,28.410104357435294,True,0.25000000000000006,0.45599999999999996,44
425,33.91,33.01300536894933,19.58042808537121,55.21285084203384,35.63242275666263,True,0.25200000000000006,0.45999999999999996,44
426,31.72,34.78719171739303,19.47034429383788,61.56480460873225,42.09446031489438,True,0.25400000000000006,0.46399999999999997,43
427,30.1,29.23162970687953,16.292551859073964,51.85231712370439,35.55976526463043,True,0.25600000000000006,0.46799999999999997,43
428,29.72,30.660209750554834,17.109702463577158,54.34982606506791,37.24012360149075,True,0.25800000000000006,0.472,43
429,30.24,28.81188496651792,16.052457039156764,51.11850017954042,35.066043140383655,True,0.26000000000000006,0.476,42
430,31.28,31.572091410682674,17.63130057290802,55.94401927091416,38.31271869800614,True,0.26200000000000007,0.48,42
431,33.53,31.196283966591558,17.41633797317451,55.287015516729106,37.87067754355459,True,0.26400000000000007,0.484,42
432,33.48,36.13092244028266,20.095486839035438,64.35546734646134,44.2599805074259,True,0.26600000000000007,0.488,41
433,30.48,31.087017939276855,17.22985318316687,55.477510262461585,38.24765707929471,True,0.26800000000000007,0.492,41
434,27.76,29.672326373672625,16.426113191210145,52.987460935788896,36.561347744578754,True,0.2700000000000001,0.496,41
435,25.51,25.843729290852835,14.250941822858342,46.248609994732625,31.99766817187428,True,0.2720000000000001,0.5,40
436,24.17,24.955174326676804,13.74612001072368,44.68463255678614,30.938512546062462,True,0.2740000000000001,0.5,40
437,23.71,23.368220211114618,12.721988759531126,42.27435087315035,29.55236211361922,True,0.2760000000000001,0.5,40
438,24.2,24.17662466856316,13.177209402736086,43.70995748848661,30.532748085750523,True,0.2780000000000001,0.5,40
439,23.03,24.109525956565356,13.139425446261788,43.590800111338275,30.451374665076486,True,0.2800000000000001,0.5,40
440,20.77,21.93207104694519,11.913278787402984,39.72396260933686,27.810683821933875,True,0.2820000000000001,0.5,40
441,19.33,19.111749402715162,10.325127434324884,34.71548897645811,24.390361542133228,True,0.2840000000000001,0.5,40
442,17.98,18.159947623007966,9.78915832335605,33.025229949746276,23.236071626390228,True,0.2860000000000001,0.5,40
443,17.06,16.556003504481208,8.70741590609411,30.750288854510362,22.042872948416253,True,0.2880000000000001,0.5,40
444,16.42,16.45604557829142,8.882799678579735,29.832713111835332,20.949913433255595,True,0.2900000000000001,0.5,40
445,16.23,15.902230421117125,9.030271952369269,27.482317784120994,18.452045831751725,True,0.2920000000000001,0.5,40
446,16.62,16.226855743353614,9.66034691830547,26.838170847209916,17.177823928904445,True,0.2940000000000001,0.5,40
447,17.23,17.03637538138647,10.615145027246394,27.00747094721429,16.392325919967895,True,0.2960000000000001,0.5,40
448,17.71,17.66406288722456,11.394562793478801,27.104843168937784,15.710280375458982,True,0.2980000000000001,0.5,40
449,16.98,17.951056794571752,11.869394773358163,26.90671666818166,15.037321894823496,True,0.3000000000000001,0.5,40
450,16.25,15.94449269551351,10.723516470965833,23.49058978331071,12.767073312344877,True,0.3020000000000001,0.5,40
451,15.09,16.120962910634468,10.973464449143917,23.481416571815956,12.50795212267204,True,0.3040000000000001,0.5,40
452,14.31,13.956509342036023,9.700202799198625,19.90588149555112,10.205678696352496,True,0.3060000000000001,0.5,40
453,14.2,14.030363369308795,9.987666403920116,19.560491619299626,9.57282521537951,True,0.3080000000000001,0.5,40
454,17.84,14.206641905944123,10.322072381843086,19.4239957365449,9.101923354701814,True,0.3100000000000001,0.5,40
455,31.53,22.445832952429342,16.696770119448427,30.062565605070695,13.365795485622268,False,0.3020000000000001,0.492,40
456,37.42,59.222142388570504,43.3267299544392,80.81759488229642,37.49086492785722,False,0.2940000000000001,0.484,41
457,35.1,31.87409536115223,22.20808833402128,45.56592694150936,23.35783860748808,True,0.2960000000000001,0.488,41
458,31.63,37.99662464332045,25.03202288836726,57.417923958248686,32.38590106988143,True,0.2980000000000001,0.492,41
459,28.15,28.26416180074837,19.13428202269233,41.53398084596138,22.399698823269052,True,0.3000000000000001,0.496,41
460,26.05,27.644722429564453,18.99260623387474,40.041178597142256,21.048572363267517,True,0.3020000000000001,0.5,40
461,24.82,24.937299242501346,17.575888050992567,35.21595318341263,17.640065132420062,True,0.3040000000000001,0.5,40
462,23.52,24.482771360245557,17.572006198644313,33.96507750713291,16.393071308488597,True,0.3060000000000001,0.5,40
463,22.76,22.650599090284786,16.583412477171326,30.811278843375188,14.227866366203862,True,0.3080000000000001,0.5,40
464,22.36,22.646181724237458,16.77327133828392,30.459707078868515,13.686435740584596,True,0.3100000000000001,0.5,40
465,23.32,22.080725097206244,16.647587703816644,29.186554669882433,12.53896696606579,True,0.3120000000000001,0.5,40
466,26.58,24.403442150909164,18.752319278586224,31.671346792890567,12.919027514304343,True,0.3140000000000001,0.5,40
467,29.32,29.038230880917773,22.831693583310056,36.861149536062456,14.0294559527524,True,0.3160000000000001,0.5,40
468,27.42,30.26780279329838,24.27821978148723,37.67659589844253,13.398376116955298,True,0.3180000000000001,0.5,40
469,23.33,25.27533721974726,20.536184555833668,31.057365789262967,10.5211812334293,True,0.3200000000000001,0.5,40
470,20.72,21.218975872194438,17.552694426096625,25.609767695776494,8.057073269679869,True,0.3220000000000001,0.5,40
471,20.43,19.754951164920467,16.53601723215414,23.564756760638595,7.028739528484454,True,0.3240000000000001,0.5,40
472,19.63,20.8071962807604,17.64891694826563,24.50034465523411,6.8514277069684795,True,0.3260000000000001,0.5,40
473,19.44,18.691389259607384,16.033421901382024,21.764117111542955,5.730695210160931,True,0.3280000000000001,0.5,40
474,19.84,19.88154987215363,17.26281390212062,22.875790850204513,5.612976948083894,True,0.3300000000000001,0.5,40
475,20.64,19.912890025792894,17.427701823582634,22.73323453015806,5.305532706575427,True,0.33200000000000013,0.5,40
476,21.68,21.330618553526257,18.87109637563794,24.094565269908628,5.223468894270688,True,0.33400000000000013,0.5,40
477,23.81,22.18785821191219,19.81042225639541,24.83689854205173,5.026476285656322,True,0.33600000000000013,0.5,40
478,27.61,25.527892142998564,23.009859869429466,28.310002864555965,5.3001429951265,True,0.33800000000000013,0.5,40
479,42.86,30.26943532389481,27.504570160499014,33.30248482856348,5.797914668064465,False,0.3300000000000001,0.492,40
480,39.25,62.46612675989174,57.24044622529601,68.160686549705,10.920240324408994,False,0.3220000000000001,0.484,41
481,36.85,33.007394701968934,30.35363027438664,35.88577317186372,5.53214289747708,False,0.3140000000000001,0.476,41
482,35.16,37.417072233606206,34.55393403469978,40.510777332311584,5.956843297611805,True,0.3160000000000001,0.48,42
483,33.15,34.22369305136443,31.734084065174137,36.90265063493044,5.168566569756301,True,0.3180000000000001,0.484,42
484,32.11,32.40528423990323,30.150219330287115,34.82360057618387,4.673381245896756,True,0.3200000000000001,0.488,41
485,35.5,31.79924454494852,29.67502358036133,34.070566120381876,4.395542540020546,False,0.3120000000000001,0.48,41
486,37.35,37.60751126247404,35.20586762101502,40.16846311996413,4.9625954989491134,True,0.3140000000000001,0.484,42
487,30.88,37.656831124797,35.33178914135384,40.13066347481808,4.798874333464241,False,0.3060000000000001,0.476,41
488,31.55,27.796255576615152,26.120708354718722,29.575319950648073,3.45461159592935,False,0.2980000000000001,0.46799999999999997,42
489,29.84,33.12306332132651,31.184380586815607,35.17852601793588,3.9941454311202733,False,0.2900000000000001,0.45999999999999996,43
490,24.79,28.71911462459275,27.06951887960603,30.465654180178774,3.3961353005727446,False,0.2820000000000001,0.45199999999999996,43
491,24.01,23.557934197360535,22.20332301245151,24.991627652567484,2.7883046401159746,True,0.2840000000000001,0.45599999999999996,44
492,25.02,24.10172819379732,22.72494713428677,25.558405156767552,2.8334580224807837,True,0.2860000000000001,0.45999999999999996,44
493,21.35,25.32135453870142,23.883110944731875,26.842728599765252,2.9596176550333766,False,0.2780000000000001,0.45199999999999996,43
494,20.45,20.297724892278826,19.12202732987953,21.542116564648794,2.4200892347692644,True,0.2800000000000001,0.45599999999999996,44
495,20.13,20.63697874436717,19.42716861600268,21.91844053303796,2.4912719170352773,True,0.2820000000000001,0.45999999999999996,44
496,21.06,19.97428304819645,18.79771917630163,21.220769244593438,2.4230500682918077,True,0.2840000000000001,0.46399999999999997,43
497,22.22,21.37938297978813,20.104917867695153,22.73080936375738,2.625891496062227,True,0.2860000000000001,0.46799999999999997,43
498,23.09,22.394852135409163,21.056031159821668,23.81494075120285,2.758909591381183,True,0.2880000000000001,0.472,43
499,21.52,23.2527824369508,21.857478682432053,24.733260614879175,2.875781932447122,False,0.2800000000000001,0.46399999999999997,42
500,21.77,21.064533161603936,19.788230864583237,22.419194582303387,2.6309637177201495,True,0.2820000000000001,0.46799999999999997,43
501,19.69,22.023267459594315,20.685763699743553,23.443263878333365,2.7575001785898117,False,0.2740000000000001,0.45999999999999996,43
502,18.8,19.139866554049405,17.962838687978643,20.389952817140934,2.427114129162291,True,0.2760000000000001,0.46399999999999997,43
503,20.49,18.800911528833403,17.632795275962064,20.04225863944848,2.4094633634864167,False,0.26800000000000007,0.45599999999999996,43
504,20.12,20.84261031170012,19.528714605299715,22.24059905366018,2.7118844483604647,True,0.2700000000000001,0.45999999999999996,44
505,31.77,19.888001425887516,18.600816343583492,21.25971591793974,2.658899574356248,False,0.26200000000000007,0.45199999999999996,43
506,109.17,33.68136762098922,31.470342514720222,36.04294956287939,4.5726070481591705,False,0.25400000000000006,0.44399999999999995,44
507,84.22,292.41993238068807,273.575015308027,312.55823333635493,38.98321802832794,False,0.24600000000000005,0.43599999999999994,44
508,60.2,67.26908205944038,62.717048218569325,72.14631947875337,9.429271260184045,False,0.23800000000000004,0.42799999999999994,45
509,47.72,67.03363679374631,62.259486185458314,72.16808931728849,9.908603131830176,False,0.23000000000000004,0.41999999999999993,46
510,39.53,43.68381632616141,40.503427370919376,47.10791705528247,6.604489684363095,False,0.22200000000000003,0.4119999999999999,46
511,35.14,40.411617143687415,37.416740846654676,43.63996676086281,6.223225914208136,False,0.21400000000000002,0.4039999999999999,47
512,30.06,33.877572963138476,31.323583827788582,36.63336090081911,5.309777073030531,False,0.20600000000000002,0.3959999999999999,48
513,25.79,29.438226066379745,27.179407098926568,31.878108571110843,4.6987014721842755,False,0.198,0.3879999999999999,48
514,22.74,24.976803608329142,23.000057715283447,27.116362623410982,4.116304908127535,False,0.19,0.3799999999999999,49
515,21.29,22.304015850697184,20.482632874992046,24.27982291229034,3.797190037298293,True,0.192,0.3839999999999999,50
516,22.68,21.109074080593786,19.373899422605582,22.992027572239326,3.618128149633744,True,0.194,0.3879999999999999,49
517,20.76,23.25977352732366,21.350048363228495,25.33267731828831,3.982628955059816,False,0.186,0.3799999999999999,49
518,17.02,19.890778377316288,18.163463005894698,21.77378681900558,3.610323813110881,False,0.178,0.3719999999999999,50
519,14.62,16.38751181574856,14.886546843878607,18.030288338543983,3.1437414946653757,False,0.16999999999999998,0.3639999999999999,50
520,12.52,14.23327566030796,12.850549092712853,15.754042441900019,2.9034933491871655,False,0.16199999999999998,0.35599999999999987,51
521,11.15,12.07631064130258,10.837757747062598,13.444450008302649,2.6066922612400507,True,0.16399999999999998,0.3599999999999999,52
522,11.26,10.9502197215998,9.778130212223072,12.249770468773875,2.4716402565508027,True,0.16599999999999998,0.3639999999999999,51
523,10.57,11.4160609966288,10.147545290809244,12.828925261160881,2.681379970351637,True,0.16799999999999998,0.3679999999999999,51
524,10.68,10.262868768852037,9.074762416279997,11.59108727957691,2.516324863296914,True,0.16999999999999998,0.3719999999999999,51
525,10.18,10.901650601453174,9.627046279216632,12.329130533297377,2.702084254080745,True,0.172,0.3759999999999999,50
526,9.38,9.897377081894732,8.705486530389733,11.235638769181405,2.530152238791672,True,0.174,0.3799999999999999,50
527,8.26,9.27773016369069,8.13241469197652,10.566682074834214,2.434267382857694,True,0.176,0.3839999999999999,50
528,7.19,7.962609443169603,6.933708967813107,9.124945136843747,2.19123616903064,True,0.178,0.3879999999999999,49
529,7.69,7.004786402535759,6.073959099781552,8.058096667847584,1.984137568066032,True,0.18,0.3919999999999999,49
530,9.06,7.986613347511112,6.93523832601652,9.177289722085247,2.242051396068727,True,0.182,0.3959999999999999,49
531,8.79,9.373817214467266,8.153623341260383,10.756665048046372,2.603041706785989,True,0.184,0.3999999999999999,48
532,9.66,8.520974637171527,7.397016973571338,9.795376301723678,2.39835932815234,True,0.186,0.4039999999999999,48
533,9.89,10.167844974277456,8.859047525712374,11.650386464232247,2.791338938519873,True,0.188,0.4079999999999999,48
534,8.27,9.648680491637027,8.413537491659085,11.045885652810615,2.63234816115153,False,0.18,0.3999999999999999,47
535,7.43,7.899324604448621,6.859719878382732,9.07643779178055,2.2167179133978188,True,0.182,0.4039999999999999,48
536,6.38,7.348672255487454,6.3370060547891285,8.49983248058655,2.1628264257974212,True,0.184,0.4079999999999999,48
537,6.21,6.076502769674546,5.193734798454117,7.085088089614382,1.8913532911602653,True,0.186,0.4119999999999999,47
538,6.01,6.44700660734593,5.447275000953747,7.601759255134926,2.1544842541811793,True,0.188,0.4159999999999999,47
539,4.97,5.846906104541771,4.930456607533697,6.904977020632385,1.9745204130986886,True,0.19,0.41999999999999993,47
540,4.24,4.308277772815773,3.596655409211639,5.130068583540545,1.5334131743289063,True,0.192,0.42399999999999993,46
541,3.66,3.6911868002566086,3.0593444260520375,4.421376282747515,1.3620318566954772,True,0.194,0.42799999999999994,46
542,3.28,3.2556141697221577,2.6788586215885313,3.9227909589306256,1.2439323373420943,True,0.196,0.43199999999999994,46
543,2.84,3.000289044471659,2.453466967317522,3.6336949479351075,1.1802279806175857,True,0.198,0.43599999999999994,45
544,2.62,2.551551948212554,2.047890566175579,3.138442954885857,1.090552388710278,True,0.2,0.43999999999999995,45
545,3.16,2.4733708916572743,1.9682016770919124,3.0645167220685687,1.0963150449766563,False,0.192,0.43199999999999994,45
546,3.3,3.606666025236078,2.9303262704055926,4.399391909993877,1.4690656395882846,True,0.194,0.43599999999999994,45
547,2.9,3.3573029569291704,2.7172332610218644,4.107586133361034,1.3903528723391694,True,0.196,0.43999999999999995,45
548,2.68,2.7631757918724054,2.083274582343777,3.593003854288426,1.5097292719446491,True,0.198,0.44399999999999995,45
549,2.4,2.6233377223624936,1.8592669770704058,3.591588108273301,1.7323211312028954,True,0.2,0.44799999999999995,44
550,2.11,2.2490292874036624,1.5109702197507646,3.2040288759197395,1.6930586561689749,True,0.202,0.45199999999999996,44
551,2.02,2.010665471813264,1.2487166549540105,3.0307908794111533,1.7820742244571428,True,0.20400000000000001,0.45599999999999996,44
552,2.06,1.9788014637398446,1.2723259728665504,2.904923090407219,1.6325971175406688,True,0.20600000000000002,0.45999999999999996,44
553,2.06,2.090778986350629,1.3878321829692308,3.0006642052155135,1.6128320222462826,True,0.20800000000000002,0.46399999999999997,43
554,1.98,2.056774746510092,1.3962812474042399,2.8993218600794632,1.5030406126752234,True,0.21000000000000002,0.46799999999999997,43
555,1.85,1.9373644211801038,1.2417681651964227,2.8487966225797194,1.6070284573832967,True,0.21200000000000002,0.472,43
556,1.81,1.7896869854186201,1.1477309947404875,2.6235233814998224,1.475792386759335,True,0.21400000000000002,0.476,42
557,1.7,1.8384567612165879,0.8234986998526597,3.4183397476220634,2.5948410477694037,True,0.21600000000000003,0.48,42
558,1.66,1.6048495238020704,0.5339667075835404,3.4233300554095276,2.889363347825987,True,0.21800000000000003,0.484,42
559,1.56,1.720410825899827,0.5556717922078271,3.7571956364715673,3.20152384426374,True,0.22000000000000003,0.488,41
560,1.37,1.4197978435861942,0.38376572107164025,3.2315122528759685,2.8477465318043285,True,0.22200000000000003,0.492,41
561,1.17,1.3429803962219191,0.3398375265223906,3.097181209223641,2.7573436827012503,True,0.22400000000000003,0.496,41
562,1.15,1.0289717044030877,0.1602710949673119,2.548072683293339,2.387801588326027,True,0.22600000000000003,0.5,40
563,1.13,1.2707366241134852,0.2985247963414237,2.970848173726031,2.6723233773846076,True,0.22800000000000004,0.5,40
564,1.11,1.0072803767860319,0.14786687050675412,2.510140953237456,2.3622740827307016,True,0.23000000000000004,0.5,40
565,1.14,1.2125156822563272,0.26523104669866726,2.8690369296605227,2.6038058829618556,True,0.23200000000000004,0.5,40
566,1.13,1.0741234170648513,0.1860911825397633,2.627029702729075,2.440938520189312,True,0.23400000000000004,0.5,40
567,0.94,1.186480913962892,0.2503430179255253,2.8235098037783093,2.573166785852784,True,0.23600000000000004,0.5,40
568,0.73,0.8507976842044898,0.05838196311696198,2.2364989079827646,2.1781169448658027,True,0.23800000000000004,0.5,40
569,0.65,0.6946713063729586,0.0,1.9634799520636341,1.9634799520636341,True,0.24000000000000005,0.5,40
570,0.63,0.6364057799797371,0.0,1.896403264424006,1.896403264424006,True,0.24200000000000005,0.5,40
571,0.57,0.6218831969184571,0.0,1.9164594062480163,1.9164594062480163,True,0.24400000000000005,0.5,40
572,0.6,0.529787644222802,0.0,1.801015868161235,1.801015868161235,True,0.24600000000000005,0.5,40
573,0.63,0.6672401981295606,0.0,2.085792755079895,2.085792755079895,True,0.24800000000000005,0.5,40
574,0.65,0.613332082927682,0.0,1.9962162435264172,1.9962162435264172,True,0.25000000000000006,0.5,40
575,0.53,0.6799480365331843,0.0,2.1267055211163917,2.1267055211163917,True,0.25200000000000006,0.5,40
576,0.46,0.4281564475155049,0.0,1.6861952099237696,1.6861952099237696,True,0.25400000000000006,0.5,40
577,0.48,0.463471848960381,0.0,1.6616622190503754,1.6616622190503754,True,0.25600000000000006,0.5,40
578,0.42,0.49742124159877227,0.0,1.5790562355019948,1.5790562355019948,True,0.25800000000000006,0.5,40
579,0.41,0.36363706962707726,0.0,1.2679967852025396,1.2679967852025396,True,0.26000000000000006,0.5,40
580,0.39,0.4358463191969919,0.0,1.272263132135738,1.272263132135738,True,0.26200000000000007,0.5,40
581,0.44,0.3615300887269012,0.0,1.0514493026743272,1.0514493026743272,True,0.26400000000000007,0.5,40
582,0.45,0.4957430566622094,0.030136608119084127,1.1717967053303506,1.1416600972112665,True,0.26600000000000007,0.5,40
583,0.32,0.4236171365217307,0.018500818959563015,0.9898714990417659,0.9713706800822028,True,0.26800000000000007,0.5,40
584,0.31,0.2366468913662037,0.0,0.6735787324093931,0.6735787324093931,True,0.2700000000000001,0.5,40
585,0.28,0.32989764663828397,0.01147064645656498,0.7485705163367737,0.7370998698802088,True,0.2720000000000001,0.5,40
586,0.5,0.2611271153416841,0.0,0.6168139999208133,0.6168139999208133,True,0.2740000000000001,0.5,40
587,0.55,0.6325473494338976,0.3015166555321167,1.0477731397559333,0.7462564842238166,True,0.2760000000000001,0.5,40
588,0.52,0.5690053007307725,0.27487595362611394,0.9309938560840043,0.6561179024578904,True,0.2780000000000001,0.5,40
589,0.37,0.5074459172627384,0.2441132721018662,0.8265163184321682,0.582403046330302,True,0.2800000000000001,0.5,40
590,0.23,0.3172421032065929,0.10183575251603684,0.5747598991029055,0.47292414658686865,True,0.2820000000000001,0.5,40
591,0.3,0.17646115016713484,0.0,0.38943489698618233,0.38943489698618233,True,0.2840000000000001,0.5,40
592,0.46,0.3363311486987955,0.14250763626480173,0.5630363266725225,0.42052869040772073,True,0.2860000000000001,0.5,40
593,0.46,0.5242127733374939,0.3144761913722444,0.7674147266066869,0.45293853523444244,True,0.2880000000000001,0.5,40
594,0.34,0.4437745684350444,0.25389972826870294,0.662401671733281,0.4085019434645781,True,0.2900000000000001,0.5,40
595,0.27,0.2973732325428381,0.13445509571897846,0.48368790520696053,0.3492328094879821,True,0.2920000000000001,0.5,40
596,0.14,0.2544143014230614,0.10425392126147107,0.4249940247593763,0.32074010349790527,True,0.2940000000000001,0.5,40
597,0.09,0.08900844485654891,0.0,0.23013706156393748,0.23013706156393748,True,0.2960000000000001,0.5,40
598,0.05,0.08243933312565523,0.0,0.21681233415377574,0.21681233415377574,True,0.2980000000000001,0.5,40
599,0.05,0.03440783325102511,0.0,0.15714228036607192,0.15714228036607192,True,0.3000000000000001,0.5,40
600,0.06,0.054129833346114514,0.0,0.1754100002127854,0.1754100002127854,True,0.3020000000000001,0.5,40
601,0.26,0.06307316313223758,0.0,0.18102715976753633,0.18102715976753633,False,0.2940000000000001,0.492,40
602,0.49,0.3556111629837855,0.22244848191198918,0.5032794039156541,0.2808309220036649,True,0.2960000000000001,0.496,41
603,0.4,0.589243508061889,0.43534840376230294,0.7596389289851613,0.32429052522285834,False,0.2880000000000001,0.488,40
604,0.33,0.33584271456930775,0.2095763710789561,0.47528986241366805,0.26571349133471195,True,0.2900000000000001,0.492,41
605,0.4,0.3233233672833988,0.20098175551796943,0.4581276745898671,0.25714591907189766,True,0.2920000000000001,0.496,41
606,0.39,0.4355630835256083,0.30489060532484585,0.5793211770947777,0.27443057176993185,True,0.2940000000000001,0.5,40
607,0.37,0.37091965726812726,0.2506823568354496,0.5027162543809931,0.2520338975455435,True,0.2960000000000001,0.5,40
608,0.43,0.37003074605545916,0.25093807500617615,0.5004613598702805,0.24952328486410436,True,0.2980000000000001,0.5,40
609,0.59,0.45417513947958355,0.33045525054319486,0.5893998204126838,0.25894456986948894,False,0.2900000000000001,0.492,40
610,0.51,0.6496278812874563,0.5122655843024844,0.7994670876386427,0.28720150333615835,False,0.2820000000000001,0.484,41
611,0.58,0.4557710364711372,0.3356820244683676,0.5866570574473124,0.25097503297894486,True,0.2840000000000001,0.488,41
612,0.59,0.6285546154015558,0.496229199469398,0.7725827943247234,0.27635359485532546,True,0.2860000000000001,0.492,41
613,0.53,0.5740251000596865,0.44736910978673305,0.7117644689701639,0.2643953591834308,True,0.2880000000000001,0.496,41
614,0.65,0.5181897474778541,0.39866614705261005,0.6479272871542325,0.24926114010162248,False,0.2800000000000001,0.488,40
615,0.7,0.6937168371016926,0.5624387455624535,0.8360250809378662,0.27358633537541266,True,0.2820000000000001,0.492,41
616,0.79,0.6918349148743059,0.5626099225707417,0.8317465784927325,0.26913665592199076,True,0.2840000000000001,0.496,41
617,0.93,0.8241470968738964,0.6865825083796626,0.972932017556781,0.28634950917711843,True,0.2860000000000001,0.5,40
618,1.06,0.9600326707199489,0.8149140753144966,1.1167547943689091,0.30184071905441257,True,0.2880000000000001,0.5,40
619,1.02,1.0911442385362498,0.9400186604597089,1.2540423530396083,0.31402369257989937,True,0.2900000000000001,0.5,40
620,0.97,0.9924524019005971,0.851509700561526,1.144124101880469,0.2926144013189431,True,0.2920000000000001,0.5,40
621,1.21,0.9647712018216652,0.8293155986392378,1.1102569061234204,0.28094130748418267,False,0.2840000000000001,0.492,40
622,1.62,1.3054633090044767,1.153774596838038,1.4678353421797588,0.3140607453417208,False,0.2760000000000001,0.484,41
623,1.69,1.748568593205671,1.5738737462210266,1.935120389121006,0.36124664289997943,True,0.2780000000000001,0.488,41
624,1.59,1.6304978115484716,1.4698589849033015,1.8015845353341935,0.331725550430892,True,0.2800000000000001,0.492,41
625,1.56,1.5718297485878923,1.4194165134358805,1.733844387268606,0.3144278738327255,True,0.2820000000000001,0.496,41
626,1.73,1.555462486257948,1.4073743837803563,1.7126601340738827,0.30528575029352645,False,0.2740000000000001,0.488,40
627,1.86,1.8321384645745669,1.669643333449637,2.004524305558925,0.3348809721092878,True,0.2760000000000001,0.492,41
628,2.15,1.8641241116306912,1.7031111580833103,2.034727929073004,0.3316167709896938,False,0.26800000000000007,0.484,41
629,2.16,2.3118677655123903,2.1306761918680555,2.5035460149889266,0.37286982312087114,True,0.2700000000000001,0.488,41
630,2.1,2.0708972413700777,1.9075891525701123,2.2433777167996753,0.33578856422956305,True,0.2720000000000001,0.492,41
631,1.76,2.1103554751169895,1.9475911163913429,2.28210759212568,0.33451647573433707,False,0.26400000000000007,0.484,41
632,1.62,1.6075558363702864,1.4694068848000614,1.753433418219073,0.2840265334190115,True,0.26600000000000007,0.488,41
633,1.88,1.636694751995317,1.4951587776238981,1.7862592463234268,0.29110046869952866,False,0.25800000000000006,0.48,41
634,2.18,1.976150285741015,1.8160847891285443,2.145313861823503,0.3292290726949587,False,0.25000000000000006,0.472,42
635,2.61,2.2614197560189813,2.0791610420650057,2.4544665509983905,0.37530550893338477,False,0.24200000000000005,0.46399999999999997,42
636,2.46,2.8003512896077623,2.57825696750025,3.0362305042929743,0.45797353679272446,False,0.23400000000000004,0.45599999999999996,43
637,2.01,2.3893449036640617,2.1869967551537535,2.604540499583702,0.41754374442994857,False,0.22600000000000003,0.44799999999999995,44
638,1.79,1.8881479517004944,1.7092778722989665,2.078827268401834,0.3695493961028675,True,0.22800000000000004,0.45199999999999996,44
639,1.65,1.7499311180026238,1.5762223905218602,1.935352623896463,0.3591302333746027,True,0.23000000000000004,0.45599999999999996,44
640,1.55,1.5994973108472195,1.430796094182452,1.7799066673153567,0.3491105731329047,True,0.23200000000000004,0.45999999999999996,44
641,1.36,1.5230813930937313,1.3556139944289076,1.7024545325471094,0.3468405381182018,True,0.23400000000000004,0.46399999999999997,43
642,1.34,1.2756401267585917,1.1234612850629384,1.438724936000126,0.31526365093718756,True,0.23600000000000004,0.46799999999999997,43
643,1.32,1.374993765117099,1.2139880246308032,1.5477081725795245,0.3337201479487213,True,0.23800000000000004,0.472,43
644,1.24,1.293823912741146,1.1364301501397005,1.4628130914174955,0.326382941277795,True,0.24000000000000005,0.476,42
645,1.15,1.2153103728853396,1.0623514873286748,1.3796137944313767,0.31726230710270187,True,0.24200000000000005,0.48,42
646,1.2,1.1147530040192595,0.9690254032091286,1.271265906838834,0.30224050362970534,True,0.24400000000000005,0.484,42
647,1.11,1.2482898680659864,1.093723160906805,1.4142672848204536,0.3205441239136486,True,0.24600000000000005,0.488,41
648,1.33,1.034778002676346,0.8959730484664841,1.1837449237605715,0.28777187529408743,False,0.23800000000000004,0.48,41
649,2.86,1.4844868523159027,1.3081021166914901,1.6743508767188775,0.3662487600273874,False,0.23000000000000004,0.472,42
650,3.63,4.71220800461428,4.256756815744631,5.207119985130498,0.9503631693858665,False,0.22200000000000003,0.46399999999999997,42
651,3.38,3.262791555358386,2.873544673774381,3.6911532910574563,0.8176086172830752,True,0.22400000000000003,0.46799999999999997,43
652,3.09,3.4869494213268606,3.029499945642824,3.996330904859633,0.966830959216809,True,0.22600000000000003,0.472,43
653,3.53,2.8634782573600517,2.464698270608305,3.308157039739333,0.8434587691310282,False,0.21800000000000003,0.46399999999999997,42
654,2.85,3.9606374760635967,3.44761571114401,4.532835066498359,1.085219355354349,False,0.21000000000000002,0.45599999999999996,43
655,2.4,2.404213756622593,2.0580668339352597,2.789541540485457,0.7314747065501974,True,0.21200000000000002,0.45999999999999996,44
656,2.25,2.385690998153984,2.0459487289289005,2.763327801979064,0.7173790730501635,True,0.21400000000000002,0.46399999999999997,43
657,2.2,2.1876462790673923,1.8720518310768557,2.5379197166655456,0.6658678855886899,True,0.21600000000000003,0.46799999999999997,43
658,2.17,2.201955705827153,1.888332711744864,2.5496327346185255,0.6613000228736614,True,0.21800000000000003,0.472,43
659,1.93,2.1533544440126264,1.8472563984641717,2.4923599627128232,0.6451035642486516,True,0.22000000000000003,0.476,42
660,1.79,1.8196083898005595,1.548147739742289,2.1199884323181983,0.5718406925759094,True,0.22200000000000003,0.48,42
661,2.07,1.7697094788564525,1.501144463169437,2.067112160145385,0.5659676969759477,False,0.21400000000000002,0.472,42
662,3.05,2.2372968451039177,1.9250124981636678,2.582921737906834,0.6579092397431663,False,0.20600000000000002,0.46399999999999997,42
663,6.91,3.6230686773039418,3.1753096560591514,4.118845248771659,0.9435355927125073,False,0.198,0.45599999999999996,43
664,5.71,11.833204812556017,10.555475008039988,13.252217727650594,2.696742719610606,False,0.19,0.44799999999999995,44
665,4.43,4.67399833487888,4.111105902171125,5.298882809399949,1.187776907228824,True,0.192,0.45199999999999996,44
666,3.64,4.5081798258835635,3.963781437058924,5.112284631985606,1.1485031949266817,False,0.184,0.44399999999999995,44
667,3.15,3.4032532015380808,2.9716475112563576,3.8817622162854333,0.9101147050290757,True,0.186,0.44799999999999995,44
668,2.75,3.0539938470196812,2.6568273734085537,3.4942964032656487,0.837469029857095,True,0.188,0.45199999999999996,44
669,2.46,2.632030687105959,2.2789270316912833,3.0231596447802263,0.744232613088943,True,0.19,0.45599999999999996,44
670,2.55,2.390784496810208,2.0631102342915195,2.7535115044489236,0.690401270157404,True,0.192,0.45999999999999996,44
671,2.54,2.6156483072607295,2.267841256946411,3.000473601344142,0.732632344397731,True,0.194,0.46399999999999997,43
672,2.72,2.5117048175988628,2.1730603913863247,2.886491022806888,0.7134306314205632,True,0.196,0.46799999999999997,43
673,2.73,2.806233785853982,2.4393215795724834,3.212288760266831,0.7729671806943474,True,0.198,0.472,43
674,2.77,2.702241830933361,2.345316689030767,3.0972487357195453,0.7519320466887782,True,0.2,0.476,42
675,4.13,2.7967672778746446,2.430240514838399,3.2024580200664907,0.7722175052280917,False,0.192,0.46799999999999997,42
676,13.42,4.776296700401017,4.215250616795565,5.397698983747916,1.1824483669523511,False,0.184,0.45999999999999996,43
677,10.23,25.31056103385757,22.72702229983711,28.175410768720724,5.448388468883614,False,0.176,0.45199999999999996,43
678,7.42,8.480313179662616,7.53463238167871,9.530780233419565,1.9961478517408544,False,0.16799999999999998,0.44399999999999995,44
679,6.07,7.730510995061083,6.8484136783506075,8.711748814303192,1.8633351359525845,False,0.15999999999999998,0.43599999999999994,44
680,5.98,5.748341282101842,5.075667777993864,6.495490491541805,1.4198227135479407,True,0.16199999999999998,0.43999999999999995,45
681,6.13,6.087109511769521,5.3771116794110245,6.8761551869909985,1.499043507579974,True,0.16399999999999998,0.44399999999999995,45
682,5.8,6.1260922750444005,5.40355034777581,6.930161918705873,1.5266115709300632,True,0.16599999999999998,0.44799999999999995,44
683,8.78,5.713675491016171,5.031399807194776,6.473130622994635,1.4417308157998585,False,0.15799999999999997,0.43999999999999995,44
684,9.61,9.651015958500201,8.554179041367362,10.873771724084229,2.3195926827168662,True,0.15999999999999998,0.44399999999999995,45
685,9.06,9.326931084372148,8.253665446500023,10.52467703073357,2.2710115842335483,True,0.16199999999999998,0.44799999999999995,44
686,9.92,9.055129955105313,7.998103837670548,10.236327146034656,2.238223308364107,True,0.16399999999999998,0.45199999999999996,44
687,13.25,10.117082342868033,8.941451086327767,11.43173845999985,2.490287373672084,False,0.15599999999999997,0.44399999999999995,44
688,14.16,14.056517982655397,12.454093283519365,15.849796488308929,3.395703204789564,True,0.15799999999999997,0.44799999999999995,44
689,13.31,14.001402674402621,12.398123849299767,15.796536942844845,3.398413093545079,True,0.15999999999999998,0.45199999999999996,44
690,11.25,13.183889425411726,11.662114825465714,14.88855590123801,3.2264410757722963,False,0.15199999999999997,0.44399999999999995,44
691,9.94,10.840644087047565,9.546550985708949,12.293526251957907,2.746975266248958,True,0.15399999999999997,0.44799999999999995,44
692,8.94,9.80287877859375,8.619972250141883,11.131239765610548,2.5112675154686652,True,0.15599999999999997,0.45199999999999996,44
693,8.4,8.758193534880691,7.679179378837247,9.97135304017006,2.2921736613328125,True,0.15799999999999997,0.45599999999999996,44
694,7.85,8.343771447112527,7.30181185100707,9.516507290548201,2.2146954395411313,True,0.15999999999999998,0.45999999999999996,44
695,8.1,7.737951837606246,6.763532201509786,8.834673230501721,2.071141028991935,True,0.16199999999999998,0.46399999999999997,43
696,8.05,8.21411271704636,7.184053848627496,9.373816537958575,2.1897626893310793,True,0.16399999999999998,0.46799999999999997,43
697,8.11,7.984833534165601,6.98384278494567,9.111325562282607,2.1274827773369367,True,0.16599999999999998,0.472,43
698,7.91,8.155134773128717,7.138077901514059,9.299298400492928,2.161220498978869,True,0.16799999999999998,0.476,42
699,7.84,7.829957656255603,6.8520362763605815,8.929672949423148,2.0776366730625666,True,0.16999999999999998,0.48,42
700,7.8,7.865959406408612,6.887688232231764,8.965560742484437,2.0778725102526723,True,0.172,0.484,42
701,7.6,7.777008046356336,6.809537604973485,8.864331813543448,2.0547942085699624,True,0.174,0.488,41
702,7.38,7.555621391963021,6.614730249719038,8.612770906141566,1.9980406564225284,True,0.176,0.492,41
703,7.47,7.344843711773876,6.4226684702463155,8.381587882183991,1.9589194119376758,True,0.178,0.496,41
704,7.53,7.508682337536074,6.571707182922069,8.561605245959695,1.9898980630376268,True,0.18,0.5,40
705,7.52,7.526113725549214,6.541298561746513,8.639535507816195,2.098236946069682,True,0.182,0.5,40
706,7.46,7.5195584945966765,6.540585723343917,8.625628512935606,2.0850427895916885,True,0.184,0.5,40
707,7.5,7.446648402542191,6.436409946932047,8.594128046370397,2.15771809943835,True,0.186,0.5,40
708,7.56,7.51518850294886,6.4709449388754665,8.705390125879644,2.2344451870041775,True,0.188,0.5,40
709,8.23,7.5651729025109695,6.458597387035255,8.835922633044712,2.377325246009457,True,0.19,0.5,40
710,8.64,8.381244584668584,7.144252079818706,9.806118118010502,2.6618660381917962,True,0.192,0.5,40
711,8.36,8.647822553847467,7.35413110814067,10.141850519897364,2.7877194117566937,True,0.194,0.5,40
712,8.25,8.568561479947475,6.925262615614507,10.552597464107558,3.627334848493051,True,0.196,0.5,40
713,8.28,7.986791887993592,6.3110006217041414,10.046699708703118,3.7356990869989763,True,0.198,0.5,40
714,8.08,8.139127992185339,6.430667794615731,10.240397601688903,3.8097298070731718,True,0.2,0.5,40
715,8.11,8.090846117173818,6.122114087715683,10.603785351975597,4.481671264259914,True,0.202,0.5,40
716,8.68,8.16178190617091,6.2604137512052,10.561083234727123,4.300669483521923,True,0.20400000000000001,0.5,40
717,10.28,8.942450512928374,6.894917852943781,11.521007063445326,4.626089210501545,True,0.20600000000000002,0.5,40
718,11.73,10.837122486589648,8.344314904107526,13.994942935937889,5.650628031830363,True,0.20800000000000002,0.5,40
719,17.39,12.125568824462848,9.338027407114568,15.664741752101431,6.326714344986863,False,0.2,0.492,40
720,70.67,21.13023392641929,16.273499185815965,27.352521302701227,11.079022116885263,False,0.192,0.484,41
721,64.67,431.9488191240384,301.8751416118357,617.8843329411567,316.00919132932097,False,0.184,0.476,41
722,47.95,75.88390224535902,52.86712229177152,108.73547820981109,55.86835591803957,False,0.176,0.46799999999999997,42
723,37.59,55.233557396821865,37.47009301235637,81.19925479478242,43.72916178242605,True,0.178,0.472,43
724,29.22,35.265207859525454,23.983861246362217,51.6405941870207,27.656732940658486,True,0.18,0.476,42
725,25.35,27.85330351762888,18.89906279417837,40.836800682089084,21.937737887910714,True,0.182,0.48,42
726,24.29,24.72040389062663,16.849274020610743,36.062525654156886,19.213251633546143,True,0.184,0.484,42
727,21.79,24.18182361852695,16.698087928210295,34.83009889694491,18.132010968734615,True,0.186,0.488,41
728,19.81,21.06237988532089,14.67063595992632,30.061190333879747,15.390554373953426,True,0.188,0.492,41
729,18.83,19.458460513468754,13.595342667209387,27.676860566041523,14.081517898832136,True,0.19,0.496,41
730,20.13,18.649942821088207,13.14454868403503,26.298167053421103,13.153618369386074,True,0.192,0.5,40
731,33.71,20.640894332379233,14.706780789072845,28.8169506402622,14.110169851189355,False,0.184,0.492,40
732,36.97,39.56859524361711,28.371905149987093,55.03350928842135,26.661604138434257,True,0.186,0.496,41
733,38.15,35.741752079174205,25.546913265035425,49.851725485746435,24.30481222071101,True,0.188,0.5,40
734,50.36,38.96462105022344,27.990066542720914,54.09373127289336,26.103664730172444,True,0.19,0.5,40
735,61.36,54.3468697533822,39.111921405175316,75.36821882839611,36.25629742322079,True,0.192,0.5,40
736,54.85,63.310077699796025,45.54415250713208,87.85726500488038,42.31311249774829,True,0.194,0.5,40
737,44.25,52.126961800533074,37.472415090923576,72.36357916405353,34.89116407312996,True,0.196,0.5,40
738,37.65,42.10903293383042,30.19782188244922,58.56789956338394,28.37007768093472,True,0.198,0.5,40
739,32.71,36.40166963132777,26.125920543591544,50.5700430871265,24.444122543534956,True,0.2,0.5,40
740,28.46,31.588479818756554,22.896692485732206,43.44167399030589,20.54498150457368,True,0.202,0.5,40
741,25.03,27.489896324488207,20.17434019444342,37.332915459301375,17.158575264857955,True,0.20400000000000001,0.5,40
742,22.81,24.250789963971933,18.04860918007171,32.47238571473623,14.423776534664515,True,0.20600000000000002,0.5,40
743,37.25,22.347721800675615,16.928508358683327,29.40498977248862,12.476481413805292,False,0.198,0.492,40
744,63.5,44.52310863356174,34.408496004963744,57.52701056188747,23.118514556923728,False,0.19,0.484,41
745,51.83,72.13296686777231,56.36262892560827,92.2389422008341,35.87631327522583,False,0.182,0.476,41
746,43.1,45.54012443895897,35.59573024754083,58.18677310556839,22.591042858027564,True,0.184,0.48,42
747,37.36,43.10394852244155,33.58118637202249,55.249032475180854,21.66784610315836,True,0.186,0.484,42
748,33.71,35.41663851838138,27.64997906118823,45.288744509939505,17.638765448751275,True,0.188,0.488,41
749,30.06,33.31593166877579,25.95606676909217,42.68527413080555,16.72920736171338,True,0.19,0.492,41
750,27.14,28.93864700055893,22.622436978526544,36.943696708297225,14.32125972977068,True,0.192,0.496,41
751,25.33,26.59272291862569,20.83620750152712,33.86678526986912,13.030577768341999,True,0.194,0.5,40
752,23.77,24.91369427653778,19.589268217802726,31.615027593706827,12.025759375904101,True,0.196,0.5,40
753,21.53,23.38029539056112,18.74278743593777,29.107136859967017,10.364349424029246,True,0.198,0.5,40
754,19.87,20.88140859409833,16.97838057265083,25.63176697851401,8.653386405863177,True,0.2,0.5,40
755,18.99,19.550952467577012,16.087553624896618,23.716331933510748,7.62877830861413,True,0.202,0.5,40
756,18.17,18.8077543425533,15.73880275835889,22.439378416655988,6.7005756582970974,True,0.20400000000000001,0.5,40
757,17.06,17.945851278998312,15.237544364206414,21.10588452507455,5.8683401608681365,True,0.20600000000000002,0.5,40
758,16.41,15.858087720180215,12.819624405149783,19.56460532135647,6.744980916206687,True,0.20800000000000002,0.5,40
759,16.03,17.26991274468664,13.68024646878799,21.73733703368954,8.057090564901548,True,0.21000000000000002,0.5,40
760,15.47,15.828134467306437,12.617882591684378,19.79516457445974,7.177281982775362,True,0.21200000000000002,0.5,40
761,14.47,15.21031241631276,12.352289952751278,18.6800870535558,6.327797100804521,True,0.21400000000000002,0.5,40
762,14.23,13.961497283534452,11.299302888707674,17.1999258812244,5.900622992516725,True,0.21600000000000003,0.5,40
763,15.26,14.410445141199343,11.8246027800418,17.517674467040326,5.693071686998525,True,0.21800000000000003,0.5,40
764,19.09,15.800091271965993,12.957142404646058,19.22212416865753,6.2649817640114716,True,0.22000000000000003,0.5,40
765,19.82,21.521997876945573,17.758810935474397,26.040114115650542,8.281303180176145,True,0.22200000000000003,0.5,40
766,19.52,18.664041615462352,15.249995915078568,22.795361837342696,7.5453659222641285,True,0.22400000000000003,0.5,40
767,19.41,20.161227154579436,16.55885544871791,24.502660808134095,7.943805359416185,True,0.22600000000000003,0.5,40
768,19.07,18.694360266939487,15.38529663359957,22.671700000148054,7.286403366548484,True,0.22800000000000004,0.5,40
769,18.57,19.487364422966866,16.04884985965433,23.61937928098797,7.570529421333642,True,0.23000000000000004,0.5,40
770,18.03,17.906512659630145,14.603372241607978,21.908908113821802,7.305535872213824,True,0.23200000000000004,0.5,40
771,17.03,18.042174471170853,14.67946740155896,22.12606667714098,7.44659927558202,True,0.23400000000000004,0.5,40
772,16.16,16.307140767094598,13.092746570872864,20.254701489567434,7.161954918694571,True,0.23600000000000004,0.5,40
773,15.73,16.023134514108037,12.805883618181596,19.990116728478174,7.184233110296578,True,0.23800000000000004,0.5,40
774,15.09,15.51105878957587,12.286191941567717,19.51867559582035,7.2324836542526345,True,0.24000000000000005,0.5,40
775,14.46,14.774187695205981,11.696168983960844,18.59843144478701,6.902262460826167,True,0.24200000000000005,0.5,40
776,14.94,14.228608056779022,11.261933721730486,17.913044925043536,6.65111120331305,True,0.24400000000000005,0.5,40
777,15.5,15.464092982637801,12.252634901491136,19.453770873175106,7.20113597168397,True,0.24600000000000005,0.5,40
778,15.51,15.516465582583344,12.312317998332427,19.49182083652387,7.1795028381914445,True,0.24800000000000005,0.5,40
779,14.41,15.512837902618223,12.29578991228736,19.508282501226372,7.212492588939012,True,0.25000000000000006,0.5,40
780,14.07,13.719315190332413,10.889493226897192,17.22266395528213,6.333170728384937,True,0.25200000000000006,0.5,40
781,15.9,14.35345808741495,11.429324262259643,17.965526223961607,6.536201961701964,True,0.25400000000000006,0.5,40
782,17.29,17.145566820848625,13.737956869501556,21.34106112301428,7.603104253512726,True,0.25600000000000006,0.5,40
783,22.6,17.467490686110125,14.143002319943339,21.5218358312211,7.378833511277762,False,0.24800000000000005,0.492,40
784,71.11,28.249289771761685,23.03314283024169,34.59754786111255,11.564405030870862,False,0.24000000000000005,0.484,41
785,73.44,328.69334826351053,249.39073975329543,433.11231580010485,183.72157604680942,False,0.23200000000000004,0.476,41
786,55.09,87.00739413149523,65.75078834307172,115.03310783400288,49.28231949093116,False,0.22400000000000003,0.46799999999999997,42
787,47.57,59.737459284104,44.62772122244966,79.85082624010417,35.22310501765451,True,0.22600000000000003,0.472,43
788,42.98,45.084581676830695,33.61625871547231,60.3523456068699,26.73608689139759,True,0.22800000000000004,0.476,42
789,37.81,42.87909516164389,31.93874517617796,57.45319795597663,25.514452779798667,True,0.23000000000000004,0.48,42
790,37.08,36.258626479223025,27.049635695719996,48.49102591482431,21.441390219104317,True,0.23200000000000004,0.484,42
791,36.36,37.6336820948695,28.142458031474533,50.216043293103105,22.073585261628573,True,0.23400000000000004,0.488,41
792,41.53,35.825097675608085,26.784341799701185,47.80762800120248,21.023286201501296,True,0.23600000000000004,0.492,41
793,46.4,43.87576007929881,32.89558926982974,58.41285831213709,25.517269042307348,True,0.23800000000000004,0.496,41
794,50.7,46.94969025792531,35.19666635523618,62.51891009151957,27.32224373628339,True,0.24000000000000005,0.5,40
795,59.6,52.04783099068153,39.203410771080506,68.99586151631088,29.792450745230376,True,0.24200000000000005,0.5,40
796,55.84,62.447956591250964,47.090552458458944,82.7096475255229,35.61909506706395,True,0.24400000000000005,0.5,40
797,47.99,53.26495320276123,40.65734519481624,69.68825755281918,29.030912358002944,True,0.24600000000000005,0.5,40
798,41.09,46.53609456635727,35.90957719169741,60.222058299003265,24.312481107305857,True,0.24800000000000005,0.5,40
799,36.65,39.38867258812898,30.8714960506234,50.18193607353975,19.310440022916353,True,0.25000000000000006,0.5,40
800,33.14,35.85325909431507,28.48757932346036,45.05880635282124,16.571227029360884,True,0.25200000000000006,0.5,40
801,29.97,32.23730134547113,25.939625276523522,40.00718511821178,14.067559841688258,True,0.25400000000000006,0.5,40
802,28.71,29.228946085086275,23.775167279568137,35.883269892940206,12.108102613372068,True,0.25600000000000006,0.5,40
803,29.29,28.594432856697736,23.585787984520966,34.623444595756176,11.03765661123521,True,0.25800000000000006,0.5,40
804,31.27,29.576378120752874,24.694033774795024,35.38645870779445,10.69242493299943,True,0.26000000000000006,0.5,40
805,31.56,31.91331868522068,26.842501649806355,37.9076585322724,11.065156882466045,True,0.26200000000000007,0.5,40
806,28.25,31.34824582798437,26.605844365551413,36.90534331395035,10.299498948398934,True,0.26400000000000007,0.5,40
807,26.98,27.153399548151196,23.208480801540976,31.741166726471604,8.532685924930629,True,0.26600000000000007,0.5,40
808,31.42,27.043274481119656,23.265296447565948,31.409463668526634,8.144167220960686,False,0.25800000000000006,0.492,40
809,36.15,33.277849519722714,28.738489400530323,38.510109335809155,9.771619935278832,True,0.26000000000000006,0.496,41
810,33.64,37.071884925618534,32.02089048511684,42.8954976832876,10.874607198170764,True,0.26200000000000007,0.5,40
811,30.75,32.29036192245648,28.057899434414363,37.13930870775885,9.081409273344487,True,0.26400000000000007,0.5,40
812,29.11,30.332273644143044,26.49340479886569,34.70715882203007,8.213754023164377,True,0.26600000000000007,0.5,40
813,25.81,28.69418450911469,25.147493896030376,32.72195427857851,7.574460382548132,True,0.26800000000000007,0.5,40
814,30.67,24.79511861047007,21.848741517925685,28.121435139270037,6.272693621344352,False,0.26000000000000006,0.492,40
815,35.98,33.42159740561304,29.672262780059835,37.62924546683201,7.956982686772175,True,0.26200000000000007,0.496,41
816,33.8,36.52731806495141,32.63329528834561,40.872186149896024,8.238890861550416,True,0.26400000000000007,0.5,40
817,32.11,32.73723294528636,29.411710419681935,36.426401576804814,7.014691157122879,True,0.26600000000000007,0.5,40
818,33.66,32.032629428326956,28.969899865659034,35.4083501059498,6.438450240290766,True,0.26800000000000007,0.5,40
819,33.05,34.326466295938985,31.230631736225504,37.719663678061686,6.489031941836181,True,0.2700000000000001,0.5,40
820,28.19,32.453104065542085,29.650034209848325,35.51252602062027,5.862491810771946,False,0.26200000000000007,0.492,40
821,25.1,26.916655467159718,24.64320720749028,29.391660690728912,4.748453483238631,True,0.26400000000000007,0.496,41
822,25.71,24.672252888793313,22.630959276507646,26.889877879031154,4.258918602523508,True,0.26600000000000007,0.5,40
823,28.47,27.967422407234814,25.13356858660554,31.10857170686006,5.97500312025452,True,0.26800000000000007,0.5,40
824,31.0,29.17111775060496,24.20541461403577,35.11511098944455,10.909696375408782,True,0.2700000000000001,0.5,40
825,33.34,32.61510498756175,26.601515782964594,39.93888510362933,13.337369320664738,True,0.2720000000000001,0.5,40
826,32.65,34.00940584792575,27.809184305499336,41.544019463640765,13.73483515814143,True,0.2740000000000001,0.5,40
827,28.58,31.71867198256696,26.0997346946257,38.50265596198296,12.40292126735726,True,0.2760000000000001,0.5,40
828,26.6,26.409962369552797,21.688563842674583,32.113864866456645,10.425301023782062,True,0.2780000000000001,0.5,40
829,24.93,26.77351209662303,22.288873165343706,32.12173881083876,9.832865645495051,True,0.2800000000000001,0.5,40
830,22.34,23.557996052023725,19.73031225420066,28.09243057682383,8.362118322623171,True,0.2820000000000001,0.5,40
831,20.29,21.402871539603627,17.978525455708894,25.445081541833382,7.466556086124488,True,0.2840000000000001,0.5,40
832,17.83,19.435867395826126,16.25007964525668,23.21001437721623,6.9599347319595495,True,0.2860000000000001,0.5,40
833,15.48,16.539102032746264,13.644229956412255,20.006232559219466,6.362002602807211,True,0.2880000000000001,0.5,40
834,13.85,14.46721963911155,11.749968871850715,17.763566073694424,6.013597201843709,True,0.2900000000000001,0.5,40
835,13.3,13.118866208898766,10.526515896957317,16.29424440193626,5.767728504978944,True,0.2920000000000001,0.5,40
836,13.6,13.36252345362197,10.62558870772937,16.74379647705004,6.118207769320669,True,0.2940000000000001,0.5,40
837,14.86,13.843784589525418,10.979872212901418,17.39234484512656,6.412472632225141,True,0.2960000000000001,0.5,40
838,17.33,15.917691294447799,12.701345347184697,19.889063919043828,7.187718571859131,True,0.2980000000000001,0.5,40
839,21.37,18.918269879573018,15.07174504346256,23.685401238173885,8.613656194711325,True,0.3000000000000001,0.5,40
840,23.71,24.37919908228952,19.24977100432469,30.80795209589905,11.558181091574362,True,0.3020000000000001,0.5,40
841,22.46,23.505140278575695,18.219514693547293,30.24438414016165,12.024869446614357,True,0.3040000000000001,0.5,40
842,20.98,21.453643842234598,16.5548498240606,27.71947791332921,11.16462808926861,True,0.3060000000000001,0.5,40
843,20.6,20.404682692573388,15.547016676261407,26.688401488531433,11.141384812270026,True,0.3080000000000001,0.5,40
844,21.02,20.756207445333427,15.878007545688888,27.044338831053786,11.166331285364897,True,0.3100000000000001,0.5,40
845,22.78,21.321418256535722,16.505957217498512,27.461494952425245,10.955537734926732,True,0.3120000000000001,0.5,40
846,22.55,24.341229624459906,18.977850510377227,31.144495152070228,12.166644641693,True,0.3140000000000001,0.5,40
847,19.74,20.742909707062147,15.077876508228329,28.40401503192983,13.326138523701502,True,0.3160000000000001,0.5,40
848,17.51,18.625524236474508,12.805942335286067,26.8982189120137,14.092276576727633,True,0.3180000000000001,0.5,40
849,16.45,16.360476935880225,10.899435636885551,24.327769201675455,13.428333564789904,True,0.3200000000000001,0.5,40
850,19.08,16.495180670937753,10.442898505865957,25.748585295224625,15.305686789358669,True,0.3220000000000001,0.5,40
851,23.98,22.529226507293192,13.50366324658901,37.17135647862692,23.66769323203791,True,0.3240000000000001,0.5,40
852,26.92,26.852326378158704,16.194998254168098,44.11498478852311,27.91998653435501,True,0.3260000000000001,0.5,40
853,24.82,28.20258525762752,17.03241632876487,46.292108288818326,29.259691960053456,True,0.3280000000000001,0.5,40
854,20.86,21.398652976302845,13.064729232811029,34.67076527733259,21.606036044521563,True,0.3300000000000001,0.5,40
855,18.31,18.98559433210963,10.795797483168593,32.861549537247484,22.065752054078892,True,0.33200000000000013,0.5,40
856,17.17,16.70981622397628,9.306005193708021,29.432508502760523,20.126503309052502,True,0.33400000000000013,0.5,40
857,19.38,17.095411589206265,9.858640448684252,29.155148992197912,19.29650854351366,True,0.33600000000000013,0.5,40
858,19.34,22.96436769789122,13.517819794053487,38.557655853736534,25.039836059683047,True,0.33800000000000013,0.5,40
859,17.05,16.553599517248305,9.53164302560496,28.257434501226868,18.725791475621907,True,0.34000000000000014,0.5,40
860,14.85,16.81652926487401,9.696719139033148,28.675334176793555,18.978615037760406,True,0.34200000000000014,0.5,40
861,12.68,12.930705671800327,7.787800399236632,21.08340559614754,13.295605196910907,True,0.34400000000000014,0.5,40
862,11.22,11.847182155872789,7.305105628831754,18.8733281336234,11.568222504791645,True,0.34600000000000014,0.5,40
863,10.73,10.330491653572299,6.67862268586559,15.719149561546612,9.04052687568102,True,0.34800000000000014,0.5,40
864,10.82,10.81061427863334,7.330032976196721,15.745505094308228,8.415472118111508,True,0.35000000000000014,0.5,40
865,11.36,10.861082425443469,7.535804969228943,15.481781953819908,7.945976984590965,True,0.35200000000000015,0.5,40
866,12.28,11.950398050471076,8.65524361166626,16.37012719834439,7.714883586678132,True,0.35400000000000015,0.5,40
867,12.79,12.990514150533413,9.715618226683834,17.266280307454522,7.550662080770689,True,0.35600000000000015,0.5,40
868,12.78,12.89152450837743,9.938076358433507,16.64244889532729,6.704372536893784,True,0.35800000000000015,0.5,40
869,11.8,12.689492227997514,9.973534340142393,16.07765170742361,6.104117367281216,True,0.36000000000000015,0.5,40
870,10.45,10.782977965139976,8.597163300893952,13.466625749094188,4.869462448200236,True,0.36200000000000015,0.5,40
871,9.24,9.68422932757134,7.784830936836956,11.994303151067479,4.209472214230523,True,0.36400000000000016,0.5,40
872,8.51,8.447585151501986,6.80802221986641,10.431430736426353,3.6234085165599437,True,0.36600000000000016,0.5,40
873,8.98,8.274877919568828,6.686865051285882,10.190954940533937,3.5040898892480543,True,0.36800000000000016,0.5,40
874,8.19,9.779361954792867,7.974725919257963,11.946873831891118,3.9721479126331545,True,0.37000000000000016,0.5,40
875,7.39,6.90804189722416,5.59328770694293,8.484968566197894,2.891680859254964,True,0.37200000000000016,0.5,40
876,7.35,7.481672642573443,6.162503255848239,9.043802878140434,2.881299622292196,True,0.37400000000000017,0.5,40
877,7.18,7.2574260668737836,6.0706209692416575,8.64343662975328,2.5728156605116226,True,0.37600000000000017,0.5,40
878,7.02,7.089360637047241,5.989438566669637,8.362376518803774,2.372937952134137,True,0.37800000000000017,0.5,40
879,6.6,6.934076593357996,5.924692266344558,8.090594782849658,2.1659025165051,True,0.38000000000000017,0.5,40
880,6.14,6.262003186357282,5.38583412775899,7.258387114914058,1.8725529871550677,True,0.3820000000000002,0.5,40
881,5.85,5.943043944075408,5.15114259778828,6.8368950878646855,1.6857524900764052,True,0.3840000000000002,0.5,40
882,5.18,5.709332599215888,4.983484638894727,6.523232137053879,1.5397474981591515,True,0.3860000000000002,0.5,40
883,4.59,4.659173327185012,4.076391184093457,5.308860287890034,1.2324691037965767,True,0.3880000000000002,0.5,40
884,4.48,4.383024736557762,3.8490210045985425,4.975836212487558,1.126815207889016,True,0.3900000000000002,0.5,40
885,4.04,4.518800785792803,3.9947646937691275,5.097817210741076,1.1030525169719487,True,0.3920000000000002,0.5,40
886,3.47,3.5959764824454936,3.176342296126184,4.057775040801837,0.8814327446756529,True,0.3940000000000002,0.5,40
887,3.3,3.220984627519746,2.8492902629081347,3.628570465948054,0.7792802030399195,True,0.3960000000000002,0.5,40
888,3.26,3.3068892857496994,2.9379273963320482,3.7104208515837938,0.7724934552517455,True,0.3980000000000002,0.5,40
889,2.85,3.2149064502719202,2.86395500488171,3.5977337629705923,0.7337787580888824,False,0.3900000000000002,0.492,40
890,2.35,2.5142929903449445,2.2074374403395858,2.8505054117844417,0.643067971444856,True,0.3920000000000002,0.496,41
891,2.24,2.1339495760098903,1.839674829158454,2.458719936565146,0.6190451074066923,True,0.3940000000000002,0.5,40
892,2.13,2.2901738648373624,1.9935974223258897,2.6161322094031276,0.622534787077238,True,0.3960000000000002,0.5,40
893,2.77,1.98445154573015,1.7235476197881936,2.270348924357623,0.5468013045694295,False,0.3880000000000002,0.492,40
894,2.93,3.60955058893585,3.1990886856789205,4.060135239445034,0.8610465537661138,False,0.38000000000000017,0.484,41
895,2.57,2.950668763138354,2.610371095850879,3.3230413887298056,0.7126702928789266,False,0.37200000000000016,0.476,41
896,1.95,2.343046213046563,2.0612166990963967,2.6508222321745007,0.589605533078104,False,0.36400000000000016,0.46799999999999997,42
897,2.66,1.6182942961057138,1.3985349772205402,1.8581884717661836,0.4596534945456434,False,0.35600000000000015,0.45999999999999996,43
898,3.05,3.0713262024762242,2.726553428035294,3.447996618609726,0.7214431905744321,True,0.35800000000000015,0.46399999999999997,43
899,2.12,3.070928678360212,2.7203608269845905,3.4545303735304236,0.7341695465458331,False,0.35000000000000014,0.45599999999999996,43
900,1.74,1.9092245491188495,1.652110193936967,2.191265391816871,0.5391551978799041,True,0.35200000000000015,0.45999999999999996,44
901,1.5,1.7343307214150507,1.4894890310268374,2.0032526357387885,0.5137636047119511,True,0.35400000000000015,0.46399999999999997,43
902,1.52,1.4072537039986281,1.1889477711444743,1.647331504115931,0.45838373297145685,True,0.35600000000000015,0.46799999999999997,43
903,1.42,1.585489248602837,1.3468439487438282,1.8484018539958504,0.5015579052520223,True,0.35800000000000015,0.472,43
904,1.12,1.3465643171070574,1.1260163777320749,1.5899913810607695,0.4639750033286947,False,0.35000000000000014,0.46399999999999997,42
905,0.92,1.05050168009058,0.8557733854916354,1.2656630237966322,0.4098896383049968,True,0.35200000000000015,0.46799999999999997,43
906,0.85,0.881509119582023,0.7025571575644267,1.0792703207301035,0.3767131631656768,True,0.35400000000000015,0.472,43
907,0.78,0.8430856771407611,0.6671431637826906,1.0375963427003003,0.37045317891760976,True,0.35600000000000015,0.476,42
908,0.71,0.7547444643393242,0.5877468807943445,0.9393066819246556,0.35155980113031116,True,0.35800000000000015,0.48,42
909,0.6,0.6978842798684965,0.535193944858583,0.8778155277899551,0.3426215829313721,True,0.36000000000000015,0.484,42
910,0.46,0.5653199822729362,0.4142448178506112,0.7325335868133733,0.31828876896276215,True,0.36200000000000015,0.488,41
911,0.34,0.423616379482881,0.28710963382907645,0.5746005955240037,0.2874909616949272,True,0.36400000000000016,0.492,41
912,0.28,0.3094109812859591,0.1858726061388734,0.44581897670673803,0.2599463705678646,True,0.36600000000000016,0.496,41
913,0.23,0.27035084270591536,0.15321219335278416,0.39938796421479333,0.24617577086200917,True,0.36800000000000016,0.5,40
914,0.21,0.21346373391761872,0.10239062815896166,0.33572818556378353,0.23333755740482187,True,0.37000000000000016,0.5,40
915,0.25,0.21049940014241178,0.10182437572895431,0.3298932479831075,0.22806887225415318,True,0.37200000000000016,0.5,40
916,0.23,0.26799149274649076,0.15484520524224288,0.39222331995587045,0.23737811471362757,True,0.37400000000000017,0.5,40
917,0.17,0.2113022004837348,0.10333329026768873,0.3298366267374709,0.22650333646978216,True,0.37600000000000017,0.5,40
918,0.06,0.15443992281710248,0.05116513078410052,0.2678612487838393,0.2166961179997388,True,0.37800000000000017,0.5,40
919,0.05,0.021838664445484948,0.0,0.12123158879310432,0.12123158879310432,True,0.38000000000000017,0.5,40
920,0.06,0.06715572887995191,0.0,0.1689575382890378,0.1689575382890378,True,0.3820000000000002,0.5,40
921,0.08,0.054548744412044596,0.0,0.15436719617749345,0.15436719617749345,True,0.3840000000000002,0.5,40
922,0.07,0.09158549843051836,0.0,0.1934353189288045,0.1934353189288045,True,0.3860000000000002,0.5,40
923,0.25,0.05977240219115637,0.0,0.15825155831461002,0.15825155831461002,False,0.37800000000000017,0.492,40
924,0.22,0.3339083049162464,0.22021108383387186,0.45819964225696364,0.23798855842309177,False,0.37000000000000016,0.484,41
925,0.33,0.1734773051908059,0.07385210260681879,0.2823451036274311,0.2084930010206123,False,0.36200000000000015,0.476,41
926,0.35,0.38274692342516226,0.2648814727811824,0.5115954303905874,0.246713957609405,True,0.36400000000000016,0.48,42
927,0.31,0.33633530776960463,0.2230655906863699,0.4600950827089483,0.23702949202257836,True,0.36600000000000016,0.484,42
928,0.21,0.30598908652177925,0.19478620165695476,0.4275420085607105,0.23275580690375575,True,0.36800000000000016,0.488,41
929,0.19,0.1846457666258643,0.08406800287419265,0.29455494366015916,0.21048694078596653,True,0.37000000000000016,0.492,41
930,0.2,0.19712311025508772,0.09505657680561615,0.30870292134796756,0.21364634454235143,True,0.37200000000000016,0.496,41
931,0.23,0.19911750320605212,0.09651956332381346,0.3113152146018711,0.21479565127805766,True,0.37400000000000017,0.5,40
932,0.3,0.24014879685868262,0.13539215148448988,0.35457078537947573,0.21917863389498585,True,0.37600000000000017,0.5,40
933,0.33,0.3144559812683114,0.20304514072531354,0.43618428619424504,0.2331391454689315,True,0.37800000000000017,0.5,40
934,0.35,0.3304681796522219,0.21796389495297627,0.4533645737794549,0.2354006788264786,True,0.38000000000000017,0.5,40
935,0.26,0.3552802490799428,0.24272491203782254,0.4780298807515086,0.23530496871368606,True,0.3820000000000002,0.5,40
936,0.22,0.22082151810682132,0.12199985670522107,0.32834703156670053,0.20634717486147947,True,0.3840000000000002,0.5,40
937,0.25,0.21315365581801438,0.1168379816537063,0.31777555634828925,0.20093757469458295,True,0.3860000000000002,0.5,40
938,0.14,0.2545675771156554,0.15810399414073303,0.35906603682655175,0.20096204268581871,False,0.37800000000000017,0.492,40
939,0.11,0.11347004144748973,0.027428718431419426,0.2067168368564849,0.17928811842506548,True,0.38000000000000017,0.496,41
940,0.36,0.08578375262437764,0.0012828819222564594,0.17741587192600397,0.17613299000374752,False,0.37200000000000016,0.488,40
941,0.36,0.44534474541894076,0.3332117345908969,0.5669089754533025,0.23369724086240562,True,0.37400000000000017,0.492,41
942,0.17,0.381080967544889,0.2709052516486187,0.5008078977095001,0.2299026460608814,False,0.36600000000000016,0.484,41
943,0.06,0.13791641780765596,0.04673509726267746,0.237040562891592,0.19030546562891454,True,0.36800000000000016,0.488,41
944,0.04,0.04406922865824329,0.0,0.1355676299070928,0.1355676299070928,True,0.37000000000000016,0.492,41
945,0.23,0.040169573757061705,0.0,0.13215093458471724,0.13215093458471724,False,0.36200000000000015,0.484,41
946,0.43,0.28769478466812476,0.18197346801553,0.40287231763792997,0.22089884962239997,False,0.35400000000000015,0.476,41
947,0.23,0.4708779101827863,0.35039492742070255,0.6021104513447784,0.2517155239240758,False,0.34600000000000014,0.46799999999999997,42
948,0.05,0.22653660091176464,0.08258562864376902,0.3896286756187988,0.3070430469750298,False,0.33800000000000013,0.45999999999999996,43
949,0.01,0.030065425323895487,0.0,0.16119078529610745,0.16119078529610745,True,0.34000000000000014,0.46399999999999997,43
950,0.1,0.007923287967663463,0.0,0.13083408425041096,0.13083408425041096,True,0.34200000000000014,0.46799999999999997,43
951,0.02,0.1321294946361011,0.01410023133538113,0.2638959671049585,0.24979573576957737,True,0.34400000000000014,0.472,43
952,0.03,-0.014765400484781747,0.0,0.09637744338180378,0.09637744338180378,True,0.34600000000000014,0.476,42
953,0.12,0.04996572476145789,0.0,0.1644309909046424,0.1644309909046424,True,0.34800000000000014,0.48,42
954,0.06,0.13312228781377072,0.023924182771232805,0.25396600719526147,0.23004182442402865,True,0.35000000000000014,0.484,42
955,0.01,0.03866280906361693,0.0,0.14754124185064993,0.14754124185064993,True,0.35200000000000015,0.488,41
956,0.0,0.008674526863203334,0.0,0.11314182449931734,0.11314182449931734,True,0.35400000000000015,0.492,41
957,0.0,-0.0020457260178547015,0.0,0.09956224100133614,0.09956224100133614,True,0.35600000000000015,0.496,41
958,0.1,0.0012969050411368252,0.0,0.10017412089148087,0.10017412089148087,True,0.35800000000000015,0.5,40
959,0.13,0.11490692730030948,0.0,0.2455935168764394,0.2455935168764394,True,0.36000000000000015,0.5,40
960,0.09,0.11923013429280824,0.0050803354695112685,0.24634424662574342,0.24126391115623214,True,0.36200000000000015,0.5,40
961,0.04,0.08739184375547977,0.0,0.20774529894604468,0.20774529894604468,True,0.36400000000000016,0.5,40
962,0.48,0.022536289289056887,0.0,0.13199543346494216,0.13199543346494216,False,0.35600000000000015,0.492,40
963,0.57,0.33665068770178447,0.18581837405577908,0.506668390390123,0.32085001633434396,False,0.34800000000000014,0.484,41
964,0.77,0.47494373937357254,0.31636662803746946,0.6526239635538484,0.336257335516379,False,0.34000000000000014,0.476,41
965,1.2,0.8502725288001913,0.6599208789018454,1.062452779735831,0.4025319008339856,False,0.33200000000000013,0.46799999999999997,42
966,1.01,1.2326574814720002,1.0121926556100012,1.4772774195728053,0.4650847639628042,False,0.3240000000000001,0.45999999999999996,43
967,0.59,0.9615730003154259,0.7722280746015757,1.1711475462499372,0.3989194716483615,False,0.3160000000000001,0.45199999999999996,43
968,0.49,0.5102039043960365,0.3666953287020994,0.6687814650094295,0.30208613630733006,True,0.3180000000000001,0.45599999999999996,44
969,0.42,0.5079587321788359,0.3673823104062311,0.6629873888589688,0.2956050784527377,True,0.3200000000000001,0.45999999999999996,44
970,0.41,0.38674377503448726,0.26100049149012317,0.5250258113098945,0.2640253198197713,True,0.3220000000000001,0.46399999999999997,43
971,0.78,0.4281512497836798,0.3019442109823643,0.5665924661393302,0.26464825515696594,False,0.3140000000000001,0.45599999999999996,43
972,0.79,0.9112338952253991,0.7472651809328623,1.0905899357006699,0.34332475476780755,True,0.3160000000000001,0.45999999999999996,44
973,0.65,0.7139903482844934,0.5707759998257971,0.8702621598103129,0.2994861599845158,True,0.3180000000000001,0.46399999999999997,43
974,0.42,0.656592572573157,0.5204141891962328,0.8049679955666056,0.28455380637037275,False,0.3100000000000001,0.45599999999999996,43
975,0.39,0.34688917659362545,0.2384769000395255,0.464791514453889,0.22631461441436349,True,0.3120000000000001,0.45999999999999996,44
976,0.57,0.4258133732508091,0.3131406654886598,0.5481538488371545,0.23501318334849464,False,0.3040000000000001,0.45199999999999996,43
977,0.58,0.6062481936905171,0.48150922090117343,0.7414898424760827,0.2599806215749093,True,0.3060000000000001,0.45599999999999996,44
978,0.53,0.5605954167608811,0.43985087657722977,0.6914654805118194,0.2516146039345897,True,0.3080000000000001,0.45999999999999996,44
979,0.51,0.5269525868705056,0.41036712241728884,0.6531753792972192,0.2428082568799304,True,0.3100000000000001,0.46399999999999997,43
980,0.53,0.506178080538531,0.39232557875874846,0.6293404681375994,0.2370148893788509,True,0.3120000000000001,0.46799999999999997,43
981,0.46,0.53909480574589,0.4242712242348622,0.6631753705103021,0.23890414627543988,True,0.3140000000000001,0.472,43
982,0.42,0.43324016619613087,0.326538717114436,0.5485242514943542,0.22198553437991825,True,0.3160000000000001,0.476,42
983,0.36,0.42459598021930606,0.3197272670935058,0.5377978143367499,0.2180705472432441,True,0.3180000000000001,0.48,42
984,0.62,0.33901501183205884,0.2389862365374197,0.44711954744741667,0.20813331090999695,False,0.3100000000000001,0.472,42
985,0.99,0.7090007559394604,0.5829547009423452,0.8450834897947119,0.2621287888523667,False,0.3020000000000001,0.46399999999999997,42
986,1.13,1.0239423805922354,0.8732944796688489,1.1867051893952598,0.31341070972641094,True,0.3040000000000001,0.46799999999999997,43
987,0.92,1.1449793930703898,0.9835079640629198,1.3195957263878522,0.3360877623249323,False,0.2960000000000001,0.45999999999999996,43
988,0.57,0.8499718182453886,0.7104091048029002,1.0009223048988214,0.2905132000959212,False,0.2880000000000001,0.45199999999999996,43
989,0.41,0.49111180514443437,0.37669888403094537,0.6150332082285002,0.2383343241975548,True,0.2900000000000001,0.45599999999999996,44
990,0.49,0.3925349276557949,0.2844825003891919,0.509676873101639,0.22519437271244713,True,0.2920000000000001,0.45999999999999996,44
991,0.44,0.5319029681353382,0.411718504413261,0.6623191496361425,0.25060064522288145,True,0.2940000000000001,0.46399999999999997,43
992,0.8,0.3996766983596246,0.2885776723627167,0.5203544977919201,0.23177682542920341,False,0.2860000000000001,0.45599999999999996,43
993,1.64,0.9724747006106182,0.8149223009992883,1.1437041367593364,0.32878183576004805,False,0.2780000000000001,0.44799999999999995,44
994,1.55,1.7197746100526965,1.4274827322237469,2.0472611941964094,0.6197784619726625,True,0.2800000000000001,0.45199999999999996,44
995,1.06,1.47329591205165,1.1943887302807434,1.7876522441804505,0.5932635138997071,False,0.2720000000000001,0.44399999999999995,44
996,0.87,0.923951579768961,0.6911158305453442,1.1888445572068278,0.4977287266614836,True,0.2740000000000001,0.44799999999999995,44
997,0.52,0.8462897012195918,0.6266754533174819,1.0955536360234417,0.4688781827059598,False,0.26600000000000007,0.43999999999999995,44
998,0.46,0.3405701023424251,0.1826191489844406,0.5196170304173082,0.33699788143286763,True,0.26800000000000007,0.44399999999999995,45
999,0.45,0.5521194740914039,0.3742955713641844,0.7529525031230555,0.3786569317588711,True,0.2700000000000001,0.44799999999999995,44
1000,0.43,0.38492509444995116,0.22379066304994935,0.5672758218771616,0.3434851588272123,True,0.2720000000000001,0.45199999999999996,44
1001,0.63,0.46552436004013037,0.30010099460079315,0.6519960055338023,0.3518950109330092,True,0.2740000000000001,0.45599999999999996,44
1002,1.09,0.7278070092136109,0.5259075351869644,0.9564206822806613,0.4305131470936969,False,0.26600000000000007,0.44799999999999995,44
1003,1.44,1.3318926070223687,1.0635093127716635,1.6351822582190043,0.5716729454473408,True,0.26800000000000007,0.45199999999999996,44
1004,1.23,1.4990690376354725,1.2034345783710618,1.834368724251073,0.6309341458800111,True,0.2700000000000001,0.45599999999999996,44
1005,1.08,1.070944163071136,0.8297465805027477,1.343936462162973,0.5141898816602253,True,0.2720000000000001,0.45999999999999996,44
1006,0.99,1.0941526643755934,0.8478098907287104,1.3733368912653252,0.5255270005366148,True,0.2740000000000001,0.46399999999999997,43
1007,1.01,0.9150782235625754,0.6891847376420026,1.1711802863452498,0.48199554870324723,True,0.2760000000000001,0.46799999999999997,43
1008,0.86,1.0762207304214884,0.829193980307066,1.3566076467780115,0.5274136664709455,True,0.2780000000000001,0.472,43
1009,0.74,0.7226482782170105,0.5149972646855376,0.9587606919277096,0.443763427242172,True,0.2800000000000001,0.476,42
1010,0.62,0.746360234242986,0.5344194268441562,0.987575244675893,0.45315581783173675,True,0.2820000000000001,0.48,42
1011,0.88,0.5373657923768385,0.34932223966616366,0.7516153740675149,0.4022931344013512,False,0.2740000000000001,0.472,42
1012,1.03,1.127836816125999,0.864632396998412,1.428194170255578,0.563561773257166,True,0.2760000000000001,0.476,42
1013,1.09,0.980519181533337,0.7323505778701505,1.2642392818917565,0.531888704021606,True,0.2780000000000001,0.48,42
1014,1.07,1.1585458307250023,0.8844182460111061,1.4725509388391003,0.5881326928279942,True,0.2800000000000001,0.484,42
1015,1.16,1.0211931552328677,0.7635136367581963,1.3165240606077266,0.5530104238495304,True,0.2820000000000001,0.488,41
1016,1.28,1.2469181266433522,0.9594182068338593,1.5766021006798523,0.617183893845993,True,0.2840000000000001,0.492,41
1017,1.4,1.3081456822396191,1.0088011596367563,1.652097478580087,0.6432963189433307,True,0.2860000000000001,0.496,41
1018,1.53,1.4625363687406234,1.1433636081788854,1.8292378130477922,0.6858742048689068,True,0.2880000000000001,0.5,40
1019,1.71,1.5793273687557496,1.245292712531274,1.9630567266715753,0.7177640141403012,True,0.2900000000000001,0.5,40
1020,1.56,1.80447473707344,1.4408581045347701,2.2222596374082273,0.7814015328734571,True,0.2920000000000001,0.5,40
1021,1.43,1.4186303481684241,1.1058006514985448,1.7779328289781167,0.6721321774795719,True,0.2940000000000001,0.5,40
1022,1.45,1.4272370199810958,1.1134890226762648,1.7875609894138265,0.6740719667375616,True,0.2960000000000001,0.5,40
1023,1.57,1.4664492838074228,1.1467021616570285,1.833822119459005,0.6871199578019764,True,0.2980000000000001,0.5,40
1024,1.54,1.6423378225666618,1.3058587912543098,2.0279170585152704,0.7220582672609606,True,0.3000000000000001,0.5,40
1025,1.63,1.4851162550161736,1.1669844802603642,1.8499524833715402,0.682968003111176,True,0.3020000000000001,0.5,40
1026,2.19,1.7204351340668227,1.374554918713677,2.116696632425857,0.7421417137121802,False,0.2940000000000001,0.492,40
1027,2.43,2.5084313073827027,2.058929526757071,3.0239862118277046,0.9650566850706337,True,0.2960000000000001,0.496,41
1028,2.69,2.390199252025826,1.9641012415473242,2.8775500672293637,0.9134488256820394,True,0.2980000000000001,0.5,40
1029,2.91,2.8835468013973906,2.3948523188564232,3.4425896451732383,1.047737326316815,True,0.3000000000000001,0.5,40
1030,2.81,2.940543628807397,2.442127958425811,3.511129242747832,1.0690012843220211,True,0.3020000000000001,0.5,40
1031,2.65,2.7297593217781264,2.259801278851356,3.2674701334225595,1.0076688545712034,True,0.3040000000000001,0.5,40
1032,2.8,2.593916548770163,2.1420523799976765,3.110764111301542,0.9687117313038653,True,0.3060000000000001,0.5,40
1033,4.23,2.8971780981201225,2.41211246481951,3.4512006227996865,1.0390881579801765,False,0.2980000000000001,0.492,40
1034,5.06,5.37889227832088,4.544916285449965,6.338301356360292,1.7933850709103272,True,0.3000000000000001,0.496,41
1035,3.59,5.152983164419254,4.322808091192118,6.112637009076852,1.7898289178847335,False,0.2920000000000001,0.488,40
1036,3.14,2.902698084642981,2.3678490833534966,3.52248659690827,1.1546375135547735,True,0.2940000000000001,0.492,41
1037,2.8,3.2661670538489966,2.6561965464780033,3.977900148414826,1.321703601936823,True,0.2960000000000001,0.496,41
1038,3.0,2.57562433375815,2.0611988094688787,3.1764975657956827,1.115298756326804,True,0.2980000000000001,0.5,40
1039,3.15,3.2232645257853187,2.6118874006180905,3.9381282627206167,1.3262408621025261,True,0.3000000000000001,0.5,40
1040,3.65,3.116144056480044,2.5296429029071055,3.800100848655706,1.2704579457486007,True,0.3020000000000001,0.5,40
1041,3.64,3.926367762272225,3.2339941302199637,4.731963385573759,1.4979692553537953,True,0.3040000000000001,0.5,40
1042,3.63,3.5495556398968757,2.9173691408014952,4.283764632985942,1.3663954921844463,True,0.3060000000000001,0.5,40
1043,3.53,3.668724398083289,3.0294801261843336,4.409379578178628,1.3798994519942944,True,0.3080000000000001,0.5,40
1044,3.74,3.473464576151563,2.868314897234895,4.173282384117061,1.3049674868821661,True,0.3100000000000001,0.5,40
1045,4.81,3.8470116867032162,3.199169283387577,4.59480237769427,1.3956330943066932,False,0.3020000000000001,0.492,40
1046,6.56,5.266196529117199,4.43297509735872,6.227203923796651,1.794228826437931,False,0.2940000000000001,0.484,41
1047,14.62,7.320283356565662,6.22370047326135,8.583331339635262,2.3596308663739114,False,0.2860000000000001,0.476,41
1048,14.41,26.706437436430793,23.070515103726855,30.891576566219747,7.821061462492892,False,0.2780000000000001,0.46799999999999997,42
1049,9.44,13.644491832732653,11.730693380188756,15.845990601950511,4.115297221761756,False,0.2700000000000001,0.45999999999999996,43
1050,7.23,9.504748091786599,7.665853137747163,11.733856749917353,4.068003612170189,False,0.26200000000000007,0.45199999999999996,43
1051,5.96,6.711916043107941,5.4117157832284315,8.275777508964914,2.864061725736483,True,0.26400000000000007,0.45599999999999996,44
1052,5.25,5.600612180101724,4.526775887947343,6.883091703993179,2.3563158160458357,True,0.26600000000000007,0.45999999999999996,44
1053,5.1,5.068733074380452,4.109761200896062,6.207679513794242,2.09791831289818,True,0.26800000000000007,0.46399999999999997,43
1054,5.83,5.1127262236914355,4.174591362403482,6.220941571790037,2.0463502093865555,True,0.2700000000000001,0.46799999999999997,43
1055,6.23,6.244227224888437,5.157139382687961,7.523248350259804,2.3661089675718427,True,0.2720000000000001,0.472,43
1056,5.86,6.226678179363745,5.162705316776228,7.474342812713207,2.3116374959369788,True,0.2740000000000001,0.476,42
1057,5.6,5.671962462581414,4.69005533047656,6.823312870732168,2.1332575402556078,True,0.2760000000000001,0.48,42
1058,5.83,5.559966181712544,4.611658718905564,6.668526982981774,2.0568682640762104,True,0.2780000000000001,0.484,42
1059,6.27,5.978335600539882,4.9662616651279246,7.162090516142017,2.1958288510140926,True,0.2800000000000001,0.488,41
1060,5.96,6.432266787419099,5.364130571805298,7.679675719428808,2.31554514762351,True,0.2820000000000001,0.492,41
1061,5.85,5.721729072168198,4.78014303342882,6.8166995969352495,2.036556563506429,True,0.2840000000000001,0.496,41
1062,6.01,5.918307590853736,4.970429021429398,7.01667346682658,2.046244445397182,True,0.2860000000000001,0.5,40
1063,6.3,6.060992961151833,5.111625711847587,7.157832947915166,2.0462072360675787,True,0.2880000000000001,0.5,40
1064,6.69,6.431193715510274,5.448815458305523,7.563222252904966,2.114406794599443,True,0.2900000000000001,0.5,40
1065,6.62,6.836540856174648,5.8151898218591205,8.010955556002699,2.1957657341435786,True,0.2920000000000001,0.5,40
1066,6.3,6.5102304601941405,5.54842075298947,7.61330749699898,2.0648867440095096,True,0.2940000000000001,0.5,40
1067,6.02,6.190126117924115,5.263863437638731,7.25335898624618,1.989495548607449,True,0.2960000000000001,0.5,40
1068,5.81,5.930886461860547,5.0516270663176295,6.937896142769437,1.886269076451807,True,0.2980000000000001,0.5,40
1069,5.64,5.746087522795263,4.912686455102425,6.696957586164709,1.784271131062284,True,0.3000000000000001,0.5,40
1070,6.82,5.583787836661273,4.80899453765367,6.461921679767504,1.6529271421138336,False,0.2920000000000001,0.492,40
1071,7.22,7.576411440410583,6.618155017359653,8.655203002248518,2.037047984888865,True,0.2940000000000001,0.496,41
1072,9.41,7.074583427658986,6.204110387701327,8.050235771169056,1.8461253834677294,False,0.2860000000000001,0.488,40
1073,11.04,10.854171810218617,9.617179107716987,12.235284804044154,2.6181056963271665,True,0.2880000000000001,0.492,41
1074,10.9,11.3763491504443,10.14974461309994,12.737894777763588,2.588150164663647,True,0.2900000000000001,0.496,41
1075,10.25,10.708619405898519,9.575700056917423,11.962902470225929,2.387202413308506,True,0.2920000000000001,0.5,40
1076,10.33,9.990513294834697,8.94676521961001,11.14378542340564,2.1970202037956312,True,0.2940000000000001,0.5,40
1077,13.91,10.484824529618676,9.425602161600487,11.651661979002855,2.2260598174023674,False,0.2860000000000001,0.492,40
1078,15.82,16.24204432559894,14.651042867892755,17.994778497207278,3.343735629314523,True,0.2880000000000001,0.496,41
1079,17.18,15.831129347733366,14.308765138595742,17.504883480505015,3.1961183419092727,True,0.2900000000000001,0.5,40
1080,15.36,17.913783009575592,16.212111744469393,19.783689592780895,3.5715778483115024,False,0.2820000000000001,0.492,40
1081,13.83,14.250128759520702,12.901223727817207,15.729924770333753,2.8287010425165455,True,0.2840000000000001,0.496,41
1082,12.47,13.465879006981543,12.174709740572943,14.883587537430554,2.7088777968576103,True,0.2860000000000001,0.5,40
1083,13.0,11.919311080978494,10.782759426679815,13.16549322301879,2.382733796338975,True,0.2880000000000001,0.5,40
1084,15.22,13.54120058054877,12.265464587545226,14.939623744672787,2.6741591571275602,False,0.2800000000000001,0.492,40
1085,15.17,16.304995087490443,14.672810114096038,18.107157733553677,3.4343476194576397,True,0.2820000000000001,0.496,41
1086,15.11,14.568912184850655,12.979773991591138,16.338694228203536,3.3589202366123985,True,0.2840000000000001,0.5,40
1087,16.87,15.12848586418248,13.526252637485662,16.90744404374888,3.38119140626322,True,0.2860000000000001,0.5,40
1088,21.5,18.238758503315644,16.326379634012113,20.36221395162818,4.035834317616068,False,0.2780000000000001,0.492,40
1089,21.56,24.183102594615853,21.68609924173386,26.954944987822326,5.268845746088466,False,0.2700000000000001,0.484,41
1090,19.59,20.96990891444837,18.69824465915048,23.50354872026319,4.805304061112711,True,0.2720000000000001,0.488,41
1091,17.82,18.93682439502272,16.855790745807337,21.260395667512146,4.404604921704809,True,0.2740000000000001,0.492,41
1092,15.66,17.211564744313893,15.229312958436068,19.435929190948148,4.206616232512079,True,0.2760000000000001,0.496,41
1093,14.72,14.823876649071485,13.078146341197128,16.78608249527101,3.7079361540738827,True,0.2780000000000001,0.5,40
1094,14.27,14.490626543832654,12.783995627488052,16.408559695271915,3.6245640677838633,True,0.2800000000000001,0.5,40
1095,14.04,14.111790486525608,12.44058784473295,15.99079045847963,3.5502026137466807,True,0.2820000000000001,0.5,40
1096,12.98,13.96765844465784,12.31538652049511,15.824956524627186,3.509570004132076,True,0.2840000000000001,0.5,40
1097,15.78,12.499746334830812,11.01292658439356,14.170587269012099,3.1576606846185395,False,0.2760000000000001,0.492,40
1098,18.12,17.362456665686167,15.34272790509591,19.631795178702365,4.289067273606456,True,0.2780000000000001,0.496,41
1099,16.99,18.88759106558867,16.67835031802684,21.372917793622932,4.6945674755960916,True,0.2800000000000001,0.5,40
1100,14.38,16.324494085791912,14.383225868473412,18.5107383779462,4.127512509472789,False,0.2720000000000001,0.492,40
1101,13.67,13.427296695384852,11.805869729601703,15.254022126706158,3.4481523971044545,True,0.2740000000000001,0.496,41
1102,29.56,13.628068961741436,11.949054700535331,15.524789376371768,3.5757346758364363,False,0.26600000000000007,0.488,40
1103,73.89,41.678140789458595,29.716681269071852,58.29754211692175,28.580860847849895,False,0.25800000000000006,0.48,41
1104,52.88,122.12865447999756,90.0439085315426,165.5203724069265,75.4764638753839,False,0.25000000000000006,0.472,42
1105,40.65,33.43615677873735,22.839680871963502,48.74264966291507,25.90296879095157,True,0.25200000000000006,0.476,42
1106,34.25,49.102404183426216,32.69252541596227,73.5046823878076,40.81215697184533,True,0.25400000000000006,0.48,42
1107,32.24,27.847088618532524,18.80158397876224,41.024644223309515,22.223060244547277,True,0.25600000000000006,0.484,42
1108,42.47,35.511038020433695,24.812166705903845,50.6444788427875,25.832312136883655,True,0.25800000000000006,0.488,41
1109,44.45,45.254070304914435,31.78338230918932,64.25986243866832,32.476480129479,True,0.26000000000000006,0.492,41
1110,41.15,43.53574461859032,31.300642600320565,60.4053588120446,29.104716211724032,True,0.26200000000000007,0.496,41
1111,37.43,40.12574216586312,28.849031523317826,55.66269833149532,26.813666808177494,True,0.26400000000000007,0.5,40
1112,33.78,36.145904797614946,26.400607215170393,49.35721407186679,22.9566068566964,True,0.26600000000000007,0.5,40
1113,31.2,32.67251713465764,23.871167961718054,44.58846661037502,20.717298648656968,True,0.26800000000000007,0.5,40
1114,30.4,30.660533176306867,22.76101383166231,41.18630434330676,18.425290511644448,True,0.2700000000000001,0.5,40
1115,32.33,30.356071275246812,22.501500758723903,40.83576257160459,18.334261812880687,True,0.2720000000000001,0.5,40
1116,79.27,33.587888388260666,24.90242765039215,45.18571044018206,20.283282789789915,False,0.26400000000000007,0.492,40
1117,66.65,129.84534952266034,93.36967583867026,180.41956448992704,87.04988865125678,False,0.25600000000000006,0.484,41
1118,51.49,47.76406694013605,32.16695290305264,70.69589052973295,38.52893762668031,True,0.25800000000000006,0.488,41
1119,43.41,63.56360555098324,39.675887458433905,101.47985777821425,61.80397031978035,True,0.26000000000000006,0.492,41
1120,37.97,39.46007085109824,25.540892206108758,60.679061900530506,35.13816969442175,True,0.26200000000000007,0.496,41
1121,32.95,38.88177452387316,26.182915290576265,57.513074192762176,31.33015890218591,True,0.26400000000000007,0.5,40
1122,29.2,31.35180643563588,21.8054064275135,44.89435329624894,23.088946868735437,True,0.26600000000000007,0.5,40
1123,26.29,28.973729541669993,20.81214260231557,40.18918893102247,19.3770463287069,True,0.26800000000000007,0.5,40
1124,24.01,25.544620598484567,18.89608594088506,34.41484917239692,15.518763231511858,True,0.2700000000000001,0.5,40
1125,22.38,23.713131770093188,18.006099457464718,31.13383594318293,13.127736485718213,True,0.2720000000000001,0.5,40
1126,21.72,22.03206388769297,17.140925548260217,28.241946091204,11.101020542943782,True,0.2740000000000001,0.5,40
1127,21.01,21.708866925899024,17.29012159771474,27.19514535773364,9.9050237600189,True,0.2760000000000001,0.5,40
1128,19.76,20.793792888025386,16.87784617719379,25.567484904979747,8.689638727785958,True,0.2780000000000001,0.5,40
1129,19.14,19.486587173721457,16.08557020541441,23.564603286900294,7.479033081485884,True,0.2800000000000001,0.5,40
1130,18.34,19.097745743605568,15.99923387922264,22.76103457628801,6.761800697065372,True,0.2820000000000001,0.5,40
1131,17.69,18.11160140862387,15.344259129517766,21.34749862368895,6.003239494171183,True,0.2840000000000001,0.5,40
1132,17.32,17.61641662374165,15.071633298904114,20.5641410840525,5.492507785148387,True,0.2860000000000001,0.5,40
1133,17.12,17.24555024140684,14.873702333143097,19.971799560372933,5.098097227229836,True,0.2880000000000001,0.5,40
1134,16.97,17.100227693877248,14.85071909861482,19.6689829358487,4.81826383723388,True,0.2900000000000001,0.5,40
1135,17.41,16.933420246749588,14.792997613516057,19.363934043229886,4.570936429713829,True,0.2920000000000001,0.5,40
1136,17.91,17.579630898062472,15.435781086413133,20.003120112959177,4.567339026546044,True,0.2940000000000001,0.5,40
1137,20.25,17.970382986036523,15.861435260789747,20.343107812048046,4.481672551258299,True,0.2960000000000001,0.5,40
1138,23.92,21.022855132414268,18.63648987511914,23.699228388972077,5.062738513852938,False,0.2880000000000001,0.492,40
1139,23.94,24.65872734846603,21.93186451051853,27.70984558804336,5.7779810775248315,True,0.2900000000000001,0.496,41
1140,23.14,23.505389685709297,20.948283680676088,26.360413797511548,5.41213011683546,True,0.2920000000000001,0.5,40
1141,23.65,23.47749889646516,20.86153348641185,26.406492440196686,5.544958953784835,True,0.2940000000000001,0.5,40
1142,22.99,23.300259532974323,20.596585200786794,26.34240658325913,5.745821382472336,True,0.2960000000000001,0.5,40
1143,22.27,22.80155635623298,20.197490606641534,25.725525935670706,5.528035329029173,True,0.2980000000000001,0.5,40
1144,21.32,22.202264576644282,19.672100135998605,25.04210882991624,5.370008693917637,True,0.3000000000000001,0.5,40
1145,20.57,21.20319508495966,18.787108940618698,23.914295133271875,5.127186192653177,True,0.3020000000000001,0.5,40
1146,20.61,20.518036187838383,18.16214116032672,23.163577415856356,5.0014362555296366,True,0.3040000000000001,0.5,40
1147,22.44,20.64190043823919,18.205512309656953,23.387365826380485,5.181853516723532,True,0.3060000000000001,0.5,40
1148,21.99,22.686179919598047,19.961027020154116,25.765631218552986,5.80460419839887,True,0.3080000000000001,0.5,40
1149,20.32,21.832081210746857,19.1336567273202,24.89216352868282,5.758506801362618,True,0.3100000000000001,0.5,40
1150,18.87,20.163502357505944,17.60741720411203,23.070714765141084,5.463297561029055,True,0.3120000000000001,0.5,40
1151,18.64,18.747091074781924,16.349753020334582,21.475686279723877,5.125933259389296,True,0.3140000000000001,0.5,40
1152,18.27,18.65740146650296,16.26266445663058,21.384344745046093,5.1216802884155115,True,0.3160000000000001,0.5,40
1153,18.44,18.19483937262491,15.895965925415322,20.806498673547406,4.910532748132084,True,0.3180000000000001,0.5,40
1154,18.75,18.55937844997715,16.241980829753565,21.188244444005594,4.946263614252029,True,0.3200000000000001,0.5,40
1155,43.04,18.495235623375248,16.186332338953495,21.114329253920502,4.927996914967007,False,0.3120000000000001,0.492,40
1156,67.32,88.50729820979193,77.66754608409141,100.84068058068947,23.173134496598053,False,0.3040000000000001,0.484,41
1157,71.03,92.23928182233556,80.84115043296383,105.22484689857605,24.383696465612218,False,0.2960000000000001,0.476,41
1158,73.99,70.92548013345036,62.26184540251503,80.7755893700454,18.513743967530367,True,0.2980000000000001,0.48,42
1159,61.37,75.72680168235081,66.49391937170223,86.22270318874087,19.728783817038632,False,0.2900000000000001,0.472,42
1160,51.1,54.801690858312455,47.815815090980834,62.78729304925568,14.971477958274846,True,0.2920000000000001,0.476,42
1161,43.35,48.44113872004972,42.03167426343493,55.80527750258347,13.773603239148542,True,0.2940000000000001,0.48,42
1162,38.61,40.35907592128071,35.07412116036609,46.41829062052478,11.344169460158689,True,0.2960000000000001,0.484,42
1163,35.17,37.09969576758449,32.25762788866521,42.64673338825894,10.389105499593725,True,0.2980000000000001,0.488,41
1164,30.96,33.8073839676838,29.388557377321845,38.868755980431004,9.480198603109159,True,0.3000000000000001,0.492,41
1165,27.59,29.13291434156715,25.374510790835632,33.42689549455925,8.052384703723614,True,0.3020000000000001,0.496,41
1166,25.29,26.327279547219494,23.001965665024745,30.11329371410927,7.111328049084523,True,0.3040000000000001,0.5,40
1167,24.96,24.40382595593667,21.37174459801321,27.846850560632376,6.475105962619168,True,0.3060000000000001,0.5,40
1168,25.4,25.07387832762776,22.024909276358077,28.52659325967473,6.501683983316653,True,0.3080000000000001,0.5,40
1169,27.4,25.62353958009086,22.613785641472393,29.01690921288756,6.403123571415165,True,0.3100000000000001,0.5,40
1170,43.87,28.57246507871421,25.255602561220492,32.308345858474134,7.052743297253642,False,0.3020000000000001,0.492,40
1171,43.76,57.83265614202392,51.25780620096576,65.23472511292788,13.976918911962116,False,0.2940000000000001,0.484,41
1172,39.17,40.70202793343885,36.081845328934314,45.89785846240927,9.816013133474954,True,0.2960000000000001,0.488,41
1173,36.47,38.20736999560195,33.86734330708694,43.08761081775857,9.220267510671633,True,0.2980000000000001,0.492,41
1174,35.01,35.51959586679087,31.481862280612013,40.059249335891224,8.57738705527921,True,0.3000000000000001,0.496,41
1175,31.74,34.589969481066184,30.73894004302993,38.908261773895816,8.169321730865885,True,0.3020000000000001,0.5,40
1176,28.74,30.295048458989577,26.981725415150912,34.00070290591206,7.018977490761145,True,0.3040000000000001,0.5,40
1177,26.8,27.722566908849586,24.75370324129938,31.033678500665886,6.2799752593665055,True,0.3060000000000001,0.5,40
1178,28.83,26.14378740378595,23.38585727809497,29.213626948590367,5.827769670495396,True,0.3080000000000001,0.5,40
1179,31.77,30.14642987162621,27.03379147575055,33.60466967471288,6.57087819896233,True,0.3100000000000001,0.5,40
1180,31.05,32.924189003467454,29.5770068219973,36.63777815934072,7.060771337343418,True,0.3120000000000001,0.5,40
1181,29.81,30.335000991750764,27.309965879480238,33.68327342155908,6.373307542078841,True,0.3140000000000001,0.5,40
1182,30.8,29.417368326488717,26.63833894304488,32.47582855163253,5.837489608587653,True,0.3160000000000001,0.5,40
1183,30.5,31.459046314739247,28.641640613770104,34.544243363268485,5.9026027494983815,True,0.3180000000000001,0.5,40
1184,28.88,30.13068558070979,27.550695172977807,32.943817439592465,5.393122266614657,True,0.3200000000000001,0.5,40
1185,26.37,28.198603291789823,25.875563366466587,30.722439547261033,4.846876180794446,True,0.3220000000000001,0.5,40
1186,23.22,25.35916374801187,23.33865892677411,27.547403354675875,4.208744427901767,False,0.3140000000000001,0.492,40
1187,21.03,22.002351953176692,20.29424338063658,23.847475720078588,3.5532323394420082,True,0.3160000000000001,0.496,41
1188,19.75,20.309185707527284,18.775763089344203,21.961510686915457,3.185747597571254,True,0.3180000000000001,0.5,40
1189,18.18,19.318734059501903,17.8877678868857,20.858112417159496,2.9703445302737954,True,0.3200000000000001,0.5,40
1190,20.94,17.52356783297145,16.250884056430646,18.890143840760913,2.6392597843302674,False,0.3120000000000001,0.492,40
1191,18.21,23.00092424683524,21.360217726816515,24.762019482103526,3.4018017552870106,False,0.3040000000000001,0.484,41
1192,15.8,15.81839712394829,14.660936593337158,17.061402658329673,2.4004660649925142,True,0.3060000000000001,0.488,41
1193,14.34,14.396972614156955,13.391699084739095,15.472465431999197,2.080766347260102,True,0.3080000000000001,0.492,41
1194,14.58,13.74840334939659,12.808259651889125,14.752557298322094,1.9442976464329682,True,0.3100000000000001,0.496,41
1195,14.78,14.723585093718036,13.740282288405483,15.77248259986587,2.0322003114603877,True,0.3120000000000001,0.5,40
1196,15.7,14.839870219766068,13.858272314521344,15.886316475288986,2.0280441607676423,True,0.3140000000000001,0.5,40
1197,15.45,16.10117403090242,15.05907993791062,17.21089093309917,2.151810995188548,True,0.3160000000000001,0.5,40
1198,14.69,15.318413586240844,14.34326047031822,16.355543333618897,2.012282863300676,True,0.3180000000000001,0.5,40
1199,13.95,14.395785121005053,13.496451124223995,15.350912196439317,1.8544610722153223,True,0.3200000000000001,0.5,40
1200,14.27,13.711382228515005,12.870321850214264,14.60344232892648,1.733120478712216,True,0.3220000000000001,0.5,40
1201,15.04,14.431494749266564,13.572466833995863,15.341161239846482,1.7686944058506189,True,0.3240000000000001,0.5,40
1202,17.24,15.276251973433848,14.392156843699237,16.211127783638226,1.818970939938989,False,0.3160000000000001,0.492,40
1203,17.44,17.95261479002958,16.92671666893961,19.0372223208956,2.110505651955993,True,0.3180000000000001,0.496,41
1204,37.05,17.31592541108077,16.31992551723366,18.36920128960555,2.049275772371889,False,0.3100000000000001,0.488,40
1205,57.04,45.09745869744914,42.52934289498964,47.8170865222875,5.287743627297857,False,0.3020000000000001,0.48,41
1206,57.23,73.58343005080218,69.30443057785531,78.12286597617438,8.818435398319068,False,0.2940000000000001,0.472,42
1207,56.22,55.62564036983023,52.36962146029355,59.08030522905097,6.71068376875742,True,0.2960000000000001,0.476,42
1208,49.66,56.070861318976405,52.74198640360967,59.60593271020348,6.86394630659381,False,0.2880000000000001,0.46799999999999997,42
1209,44.0,46.91112213099803,43.959211917882136,50.05684743860922,6.097635520727081,True,0.2900000000000001,0.472,43
1210,40.16,42.000291321541255,39.26011680739044,44.926966943076415,5.666850135685976,True,0.2920000000000001,0.476,42
1211,38.49,38.78220103157408,36.17826215540249,41.56851792322407,5.390255767821579,True,0.2940000000000001,0.48,42
1212,37.03,37.96101384431337,35.35684248723947,40.75171703399579,5.39487454675632,True,0.2960000000000001,0.484,42
1213,33.19,36.4424036611379,33.88513990404098,39.18712826664621,5.301988362605229,False,0.2880000000000001,0.476,41
1214,29.84,31.609452049759405,29.331002560764613,34.05905750577179,4.728054945007177,True,0.2900000000000001,0.48,42
1215,28.26,28.56904550572075,26.477886792334626,30.819348362818495,4.341461570483869,True,0.2920000000000001,0.484,42
1216,42.49,27.7100081111764,25.66858182678388,29.90770147049914,4.239119643715263,False,0.2840000000000001,0.476,41
1217,49.24,51.487391078413516,47.71549551987478,55.55133326303491,7.835837743160134,True,0.2860000000000001,0.48,42
1218,48.86,50.77981278100074,47.00463518668807,54.85187766157599,7.847242474887921,True,0.2880000000000001,0.484,42
1219,45.19,48.42781618827368,44.7989940171644,52.3441632413618,7.5451692241974015,True,0.2900000000000001,0.488,41
1220,42.33,43.71436947094461,40.40610888681471,47.286953083408925,6.880844196594218,True,0.2920000000000001,0.492,41
1221,51.15,41.39998029315464,38.26003075764734,44.791057576023974,6.531026818376631,False,0.2840000000000001,0.484,41
1222,99.34,55.925928090754354,51.6605510308055,60.53679035941083,8.87623932860533,False,0.2760000000000001,0.476,41
1223,153.69,138.3584974505764,127.91150730805026,149.65211180312934,21.740604495079083,False,0.26800000000000007,0.46799999999999997,42
1224,108.27,177.99697193889116,164.4553575458167,192.64689326799183,28.191535722175132,False,0.26000000000000006,0.45999999999999996,43
1225,77.28,85.75985960840862,79.0048834767206,93.08517220653187,14.080288729811272,False,0.25200000000000006,0.45199999999999996,43
1226,61.08,72.43847357796997,66.55254623695586,78.8372482148088,12.284701977852933,False,0.24400000000000005,0.44399999999999995,44
1227,51.65,54.76938751929778,50.208614881377784,59.736354448998235,9.52773956762045,True,0.24600000000000005,0.44799999999999995,44
1228,49.23,49.213982516789414,44.9845178463582,53.83245575436912,8.84793790801092,True,0.24800000000000005,0.45199999999999996,44
1229,49.4,48.9742409832163,44.670468175182776,53.683581352154164,9.013113176971387,True,0.25000000000000006,0.45599999999999996,44
1230,74.74,49.64323492415612,45.20689909433689,54.50550445609969,9.298605361762803,False,0.24200000000000005,0.44799999999999995,44
1231,80.9,96.60174190748587,87.82629683403663,106.24414236444062,18.417845530403994,False,0.23400000000000004,0.43999999999999995,44
1232,75.18,74.48988708564133,67.49662553334359,82.1971357396108,14.70051020626721,True,0.23600000000000004,0.44399999999999995,45
1233,64.81,75.26191713701132,68.20752883639788,83.03536585102967,14.827837014631783,False,0.22800000000000004,0.43599999999999994,44
1234,57.36,59.487431923656665,53.904289195020866,65.63831686670484,11.734027671683975,True,0.23000000000000004,0.43999999999999995,45
1235,50.23,56.253219933477716,50.939575202181615,62.11047366081438,11.170898458632763,False,0.22200000000000003,0.43199999999999994,45
1236,43.93,46.66333675921998,42.214314846789804,51.57039661688799,9.356081770098186,True,0.22400000000000003,0.43599999999999994,45
1237,38.67,42.55290420154387,38.413378546853586,47.12719777711838,8.713819230264797,True,0.22600000000000003,0.43999999999999995,45
1238,34.34,36.020474351119816,32.48563703301909,39.928458963779,7.442821930759912,True,0.22800000000000004,0.44399999999999995,45
1239,31.04,32.43166048650121,29.21083858325,35.99585894660888,6.785020363358878,True,0.23000000000000004,0.44799999999999995,44
1240,28.2,29.768804644187934,26.83415188774932,33.01286818618252,6.178716298433201,True,0.23200000000000004,0.45199999999999996,44
1241,26.96,27.03404019414601,24.360945702716496,29.988884200907886,5.627938498191391,True,0.23400000000000004,0.45599999999999996,44
1242,28.28,26.751648095289628,24.12298596250919,29.655351762488994,5.532365799979804,True,0.23600000000000004,0.45999999999999996,44
1243,30.85,29.326981947812122,26.494272293580217,32.451543079307974,5.957270785727758,True,0.23800000000000004,0.46399999999999997,43
1244,37.01,32.092438095493826,29.080613239974255,35.40582226059126,6.325209020617002,False,0.23000000000000004,0.45599999999999996,43
1245,79.15,40.977186983992,37.145322484880374,45.193979033404766,8.048656548524391,False,0.22200000000000003,0.44799999999999995,44
1246,66.87,131.69105818220996,119.01896391749527,145.70112411250415,26.682160195008876,False,0.21400000000000002,0.43999999999999995,44
1247,56.68,52.192741686756555,47.097159775900614,57.82816742895765,10.731007653057034,True,0.21600000000000003,0.44399999999999995,45
1248,49.49,58.6645324555913,52.999815077798054,64.92349303447773,11.923677956679676,False,0.20800000000000002,0.43599999999999994,44
1249,47.08,46.566024172252135,42.09382405146421,51.50234123695505,9.408517185490837,True,0.21000000000000002,0.43999999999999995,45
1250,57.45,47.128276089104006,42.7260949134072,51.97365254995117,9.247557636543966,False,0.202,0.43199999999999994,45
1251,74.18,62.54789619136975,56.774388588625754,68.89836169627846,12.123973107652702,False,0.194,0.42399999999999993,45
1252,78.75,80.4328660829921,73.00745045835704,88.60329855197311,15.59584809361607,True,0.196,0.42799999999999994,46
1253,69.49,78.29845764326583,71.00102642088159,86.33549641143897,15.33446999055738,False,0.188,0.41999999999999993,46
1254,58.16,65.77259369622433,59.565976235283244,72.61524648097182,13.049270245688575,False,0.18,0.4119999999999999,46
1255,49.09,55.72798035798516,50.34489766159211,61.675434211707085,11.330536550114978,False,0.172,0.4039999999999999,47
1256,45.05,46.46284793350438,41.66396171984595,51.80151779507772,10.137556075231771,True,0.174,0.4079999999999999,48
1257,51.04,43.96013023678142,39.081760884297545,49.432248142577414,10.35048725827987,False,0.16599999999999998,0.3999999999999999,47
1258,54.72,53.225524355776386,46.717749872784786,60.62083290804796,13.903083035263172,True,0.16799999999999998,0.4039999999999999,48
1259,110.79,55.27908581730555,48.007067759961394,63.630177752021,15.623109992059604,False,0.15999999999999998,0.3959999999999999,48
1260,220.17,138.5938883459079,119.3149993490903,160.9619645842365,41.64696523514621,False,0.15199999999999997,0.3879999999999999,48
1261,145.28,306.6173954781185,261.9990912586605,358.8052812573172,96.80618999865669,False,0.14399999999999996,0.3799999999999999,49
1262,94.6,116.82804471129876,97.18020167093394,140.40781831983125,43.22761664889731,False,0.13599999999999995,0.3719999999999999,50
1263,72.2,91.08706537415614,73.68674179455009,112.54127125469138,38.85452946014129,False,0.12799999999999995,0.3639999999999999,50
1264,59.04,65.73822959301609,52.63975737690177,82.03526166074896,29.39550428384719,True,0.12999999999999995,0.3679999999999999,51
1265,50.5,56.8684687647097,45.449316226136325,71.0949187038384,25.645602477702077,True,0.13199999999999995,0.3719999999999999,51
1266,43.73,48.0343699927232,38.41284780515965,60.00471228238704,21.59186447722739,True,0.13399999999999995,0.3759999999999999,50
1267,37.34,42.027537652988705,33.419071367536375,52.78904551810622,19.369974150569846,True,0.13599999999999995,0.3799999999999999,50
1268,31.44,35.44110355398187,28.316801291662884,44.29668891979951,15.979887628136623,True,0.13799999999999996,0.3839999999999999,50
1269,26.41,29.82107062974805,23.379561275708244,37.96454017449588,14.584978898787636,True,0.13999999999999996,0.3879999999999999,49
1270,22.5,24.997049642729337,19.757234713410966,31.55956775831408,11.802333044903115,True,0.14199999999999996,0.3919999999999999,49
1271,19.3,21.45793078846094,17.079276345130282,26.897059908327172,9.81778356319689,True,0.14399999999999996,0.3959999999999999,49
1272,17.03,18.37749263901451,14.714202535299105,22.8947678147585,8.180565279459394,True,0.14599999999999996,0.3999999999999999,48
1273,15.17,16.44025251796485,13.239406221693127,20.360610348133825,7.1212041264406984,True,0.14799999999999996,0.4039999999999999,48
1274,13.79,14.599903500397149,11.818011115008913,17.985549867151448,6.167538752142535,True,0.14999999999999997,0.4079999999999999,48
1275,11.66,13.438674181977419,10.927728485123469,16.47820738821448,5.55047890309101,True,0.15199999999999997,0.4119999999999999,47
1276,10.34,10.693441787670492,8.62259757345119,13.209944850951224,4.587347277500035,True,0.15399999999999997,0.4159999999999999,47
1277,9.17,10.877098063889894,8.402063171889491,14.003670560416772,5.601607388527281,True,0.15599999999999997,0.41999999999999993,47
1278,8.25,7.860284926673399,5.406639515617528,11.253639180176174,5.846999664558646,True,0.15799999999999997,0.42399999999999993,46
1279,8.15,8.324549671707821,5.785135220938001,11.814369021245026,6.029233800307026,True,0.15999999999999998,0.42799999999999994,46
1280,9.07,8.009863391391535,5.449227722576776,11.58718746236224,6.1379597397854635,True,0.16199999999999998,0.43199999999999994,46
1281,8.43,10.077549098555412,7.009820036564141,14.320206130816375,7.310386094252234,True,0.16399999999999998,0.43599999999999994,45
1282,7.44,7.274017709563486,4.80961930128868,10.783796064396963,5.974176763108283,True,0.16599999999999998,0.43999999999999995,45
1283,6.67,7.534586597237986,5.00568994485498,11.128359781236277,6.122669836381297,True,0.16799999999999998,0.44399999999999995,45
1284,6.19,6.027120942320031,3.8391542831246257,9.204350977234803,5.365196694110177,True,0.16999999999999998,0.44799999999999995,44
1285,5.7,6.289647643014169,3.843348431558466,9.971534158694269,6.1281857271358025,True,0.172,0.45199999999999996,44
1286,5.32,5.256010838445186,3.019067801207359,8.737997353263454,5.718929552056095,True,0.174,0.45599999999999996,44
1287,5.16,5.349807678974362,3.003745573051537,9.070584362639963,6.0668387895884255,True,0.176,0.45999999999999996,44
1288,4.68,5.009529258701815,2.6879597510851503,8.792526043855776,6.104566292770626,True,0.178,0.46399999999999997,43
1289,4.35,4.41491048729452,2.3030153454145914,7.877117578674708,5.574102233260117,True,0.18,0.46799999999999997,43
1290,4.18,4.285075717359319,2.200624195214423,7.727055609960429,5.526431414746005,True,0.182,0.472,43
1291,3.67,4.091052261645474,2.07686291872087,7.4237789643162255,5.346916045595355,True,0.184,0.476,42
1292,3.27,3.3432335589244753,1.6199712561540833,6.199955993050931,4.579984736896848,True,0.186,0.48,42
1293,3.23,3.1967346426694947,1.5258551677210095,5.972918275782797,4.447063108061788,True,0.188,0.484,42
1294,3.16,3.254590221400756,1.5577395809774233,6.077162228189607,4.519422647212184,True,0.19,0.488,41
1295,2.99,3.077888926412381,1.4467878325465806,5.7963302232254925,4.349542390678912,True,0.192,0.492,41
1296,2.92,2.909343008131436,1.337968767598162,5.536854968737078,4.198886201138916,True,0.194,0.496,41
1297,2.65,2.919607355787727,1.3406749536003986,5.56362892246682,4.222953968866421,True,0.196,0.5,40
1298,2.5,2.4370639876095703,1.0512225363740035,4.75920391153924,3.7079813751652364,True,0.198,0.5,40
1299,2.37,2.5262662308119794,1.085872123183678,4.961321114731614,3.875448991547936,True,0.2,0.5,40
1300,2.46,2.249322896625601,0.9574692962791598,4.3937496269314,3.43628033065224,True,0.202,0.5,40
1301,2.46,2.5689291410003783,1.2346647775987636,4.69985052843961,3.4651857508408463,True,0.20400000000000001,0.5,40
1302,2.06,2.4668669442699818,1.2019913443829582,4.458316827598561,3.256325483215603,True,0.20600000000000002,0.5,40
1303,2.03,1.9123814542297284,0.847106610552185,3.592028249200851,2.744921638648666,True,0.20800000000000002,0.5,40
1304,1.86,1.9257265858795707,0.8563052107889997,3.611243886819807,2.7549386760308074,True,0.21000000000000002,0.5,40
1305,1.67,1.7431137475666327,0.7461959779218099,3.309180141993198,2.562984164071388,True,0.21200000000000002,0.5,40
1306,1.55,1.5396319163744612,0.6222760178420486,2.975729283878122,2.3534532660360736,True,0.21400000000000002,0.5,40
1307,1.57,1.430596572669737,0.5603216177474359,2.7862704918507046,2.2259488741032687,True,0.21600000000000003,0.5,40
1308,1.59,1.4915271297807355,0.6028243297302844,2.8729805402180495,2.270156210487765,True,0.21800000000000003,0.5,40
1309,1.46,1.5354566018942757,0.6317210073534625,2.939729985162054,2.3080089778085915,True,0.22000000000000003,0.5,40
1310,1.46,1.3863538971947555,0.529643738081657,2.7228831661144604,2.193239428032803,True,0.22200000000000003,0.5,40
1311,1.42,1.3970116419654648,0.5416333484993865,2.726998262791057,2.1853649142916707,True,0.22400000000000003,0.5,40
1312,1.34,1.3592319356199285,0.5281515775624461,2.6422926938486295,2.1141411162861834,True,0.22600000000000003,0.5,40
1313,1.34,1.275504725912449,0.49173929135919475,2.471063467753831,1.979324176394636,True,0.22800000000000004,0.5,40
1314,1.45,1.284020434514257,0.5151766313914357,2.442997494284205,1.9278208628927695,True,0.23000000000000004,0.5,40
1315,1.29,1.4133883099592106,0.6163171703468873,2.6035273531108727,1.9872101827639854,True,0.23200000000000004,0.5,40
1316,1.13,1.2345383466109054,0.5165756138979716,2.29239213443565,1.7758165205376786,True,0.23400000000000004,0.5,40
1317,1.07,1.065129494143433,0.42301337586231547,1.9969920872997835,1.573978711437468,True,0.23600000000000004,0.5,40
1318,2.21,1.0089218576621937,0.4058290380207123,1.8707381346133913,1.464909096592679,False,0.22800000000000004,0.492,40
1319,2.68,3.144429462689521,1.9920321474272589,4.740678817899142,2.7486466704718833,True,0.23000000000000004,0.496,41
1320,1.97,2.7931892847832804,1.801167248858233,4.13653190685398,2.335364657995747,True,0.23200000000000004,0.5,40
1321,1.69,2.043468117545558,1.132951998033243,3.3426660286107106,2.2097140305774676,True,0.23400000000000004,0.5,40
1322,1.53,1.657000212790932,0.9115866923881533,2.693083948994962,1.7814972566068086,True,0.23600000000000004,0.5,40
1323,1.44,1.4910703958903722,0.8023627345037523,2.4429427542452875,1.6405800197415352,True,0.23800000000000004,0.5,40
1324,1.25,1.4289363593271736,0.7946174176449674,2.2874593657982096,1.4928419481532422,True,0.24000000000000005,0.5,40
1325,1.19,1.1856439625274144,0.6288559892985679,1.9327574459112666,1.3039014566126987,True,0.24200000000000005,0.5,40
1326,1.21,1.211509774530363,0.6519115327458771,1.9606763957351174,1.3087648629892403,True,0.24400000000000005,0.5,40
1327,1.17,1.2028927028393341,0.6476312647939126,1.9452805150731178,1.2976492502792052,True,0.24600000000000005,0.5,40
1328,1.16,1.1588795116686903,0.6164189721288071,1.8833865639207823,1.2669675917919752,True,0.24800000000000005,0.5,40
1329,1.2,1.164029241903553,0.6306385911371606,1.8718948424665092,1.2412562513293486,True,0.25000000000000006,0.5,40
1330,1.29,1.2133469228584142,0.6812396853977283,1.9138644795717425,1.2326247941740143,True,0.25200000000000006,0.5,40
1331,1.23,1.3159701542170792,0.7580353789036847,2.0509725911028647,1.29293721219918,True,0.25400000000000006,0.5,40
1332,1.12,1.1897504934389076,0.6585769870972826,1.8910368712566075,1.2324598841593248,True,0.25600000000000006,0.5,40
1333,1.17,1.1080553728031064,0.6222889224396086,1.739276212353889,1.1169872899142803,True,0.25800000000000006,0.5,40
1334,0.99,1.1983797230501998,0.7127388502077154,1.8217222994224471,1.1089834492147317,True,0.26000000000000006,0.5,40
1335,1.1,0.9087692462245758,0.512343802959681,1.409108317964833,0.896764515005152,True,0.26200000000000007,0.5,40
1336,1.22,1.202122550117405,0.7670364406336767,1.744337136588174,0.9773006959544972,True,0.26400000000000007,0.5,40
1337,1.15,1.1822292464842588,0.7810933571416581,1.6737085201719175,0.8926151630302595,True,0.26600000000000007,0.5,40
1338,1.11,1.1601577764923903,0.7665247439597491,1.6415036841662665,0.8749789402065173,True,0.26800000000000007,0.5,40
1339,0.9,1.0921791222276052,0.7294725992607145,1.5309527779487047,0.8014801786879902,True,0.2700000000000001,0.5,40
1340,0.81,0.8547247260954602,0.5086623727775492,1.2801680956996369,0.7715057229220876,True,0.2720000000000001,0.5,40
1341,0.74,0.8209740365498817,0.4928064738379375,1.2212835353424092,0.7284770615044717,True,0.2740000000000001,0.5,40
1342,0.85,0.706885591853881,0.41185640221373615,1.063565684945143,0.6517092827314068,True,0.2760000000000001,0.5,40
1343,0.8,0.9164221303118771,0.6052933318613345,1.2878521380828607,0.6825588062215262,True,0.2780000000000001,0.5,40
1344,0.84,0.7416805511828992,0.47326049302862716,1.0590052857066765,0.5857447926780494,True,0.2800000000000001,0.5,40
1345,0.9,0.8989357466749999,0.6206076954257584,1.2250646965197824,0.604457001094024,True,0.2820000000000001,0.5,40
1346,0.92,0.8775043614026234,0.6141777530021135,1.1837883842283743,0.5696106312262608,True,0.2840000000000001,0.5,40
1347,0.96,0.9418566983894598,0.6837049701195645,1.2395891821904157,0.5558842120708511,True,0.2860000000000001,0.5,40
1348,1.01,0.9508217218583008,0.6985117567883994,1.240611744525181,0.5420999877367816,True,0.2880000000000001,0.5,40
1349,1.08,1.0531016945433262,0.7673866385368902,1.38500533851846,0.6176186999815698,True,0.2900000000000001,0.5,40
1350,1.16,1.0531665224632891,0.7095133173356816,1.4659022695031965,0.7563889521675149,True,0.2920000000000001,0.5,40
1351,1.2,1.2137368943884268,0.8255983718706248,1.684397134159917,0.8587987622892923,True,0.2940000000000001,0.5,40
1352,1.37,1.161264704843715,0.7465298625071004,1.67448339972727,0.9279535372201695,True,0.2960000000000001,0.5,40
1353,1.45,1.4643467300376445,0.9958301853000187,2.04284645586434,1.0470162705643213,True,0.2980000000000001,0.5,40
1354,1.34,1.3819701501459543,0.9074162899302474,1.974590196245952,1.0671739063157046,True,0.3000000000000001,0.5,40
1355,1.26,1.3680273811289356,0.8756973378284771,1.9895834283522067,1.1138860905237296,True,0.3020000000000001,0.5,40
1356,1.17,1.2145449148324272,0.745963210215058,1.80888460370599,1.062921393490932,True,0.3040000000000001,0.5,40
1357,1.29,1.1299362639206914,0.717247435713821,1.6418024531675357,0.9245550174537147,True,0.3060000000000001,0.5,40
1358,1.48,1.29474140589577,0.8934234433812351,1.7811201653492117,0.8876967219679766,True,0.3080000000000001,0.5,40
1359,1.35,1.5893318011319755,1.1820428253268043,2.0726432582042498,0.8906004328774455,True,0.3100000000000001,0.5,40
1360,1.27,1.3268294627008261,0.9955560993581243,1.7130960388605887,0.7175399395024644,True,0.3120000000000001,0.5,40
1361,1.13,1.2567705754301022,0.9634815147489983,1.5938687947251586,0.6303872799761603,True,0.3140000000000001,0.5,40
1362,1.21,1.1042575263692687,0.8532857731158701,1.389215846532522,0.5359300734166519,True,0.3160000000000001,0.5,40
1363,1.15,1.224386846120388,0.9784472829324791,1.50089900493056,0.5224517219980809,True,0.3180000000000001,0.5,40
1364,1.11,1.1440737884770185,0.9220296170774667,1.3917698091584154,0.46974019208094875,True,0.3200000000000001,0.5,40
1365,1.14,1.106494430319973,0.9002158350832166,1.3351656706801118,0.43494983559689526,True,0.3220000000000001,0.5,40
1366,0.97,1.143483063166852,0.94446816733769,1.3628669881358029,0.41839882079811286,True,0.3240000000000001,0.5,40
1367,0.94,0.9560476478933297,0.7831434356127904,1.1457176828369686,0.3625742472241782,True,0.3260000000000001,0.5,40
1368,1.16,0.9378634662976577,0.7741367864936568,1.1166997057949795,0.34256291930132265,False,0.3180000000000001,0.492,40
1369,1.49,1.181436729560176,1.0064278868392962,1.3717105589927137,0.3652826721534175,False,0.3100000000000001,0.484,41
1370,1.81,1.5609138627924368,1.3681023401251333,1.769424150941016,0.4013218108158827,False,0.3020000000000001,0.476,41
1371,1.57,1.9252464474556152,1.7191928577399311,2.1469142594997623,0.4277214017598312,False,0.2940000000000001,0.46799999999999997,42
1372,1.23,1.4802503391860786,1.3145446851798068,1.6578193907519063,0.3432747055720995,False,0.2860000000000001,0.45999999999999996,43
1373,1.1,1.1308646984225432,0.992610856234768,1.2787110432406616,0.2861001870058937,True,0.2880000000000001,0.46399999999999997,43
1374,1.16,1.0767153134310283,0.9407365702031145,1.2222214798516262,0.2814849096485117,True,0.2900000000000001,0.46799999999999997,43
1375,1.09,1.1999975266065457,1.0594476910366013,1.350139378698549,0.29069168766194764,True,0.2920000000000001,0.472,43
1376,1.09,1.0431124286183282,0.9103368185133889,1.185116444137376,0.27477962562398717,True,0.2940000000000001,0.476,42
1377,1.08,1.1192784684582748,0.9852780017794587,1.2623235752600594,0.27704557348060077,True,0.2960000000000001,0.48,42
1378,1.16,1.0628884643099323,0.9314235813805061,1.2033016771708458,0.2718780957903397,True,0.2980000000000001,0.484,42
1379,1.0,1.2024854590485856,1.0638308271125276,1.3504553443013223,0.28662451718879467,False,0.2900000000000001,0.476,41
1380,0.81,0.912091908264548,0.7953803958533232,1.0363904351941313,0.2410100393408081,True,0.2920000000000001,0.48,42
1381,0.75,0.7605765207314426,0.6499380917180402,0.8786339323333419,0.22869584061530168,True,0.2940000000000001,0.484,42
1382,0.82,0.7423274388423271,0.6299029197267265,0.8625065747178591,0.23260365499113256,True,0.2960000000000001,0.488,41
1383,0.81,0.8608194960802364,0.7384110354454434,0.9918472250753112,0.2534361896298678,True,0.2980000000000001,0.492,41
1384,0.98,0.7871446122072694,0.6696260163752104,0.9129348929740915,0.24330887659888112,False,0.2900000000000001,0.484,41
1385,1.14,1.076458444787943,0.9398404468704769,1.2226980986437046,0.28285765177322775,True,0.2920000000000001,0.488,41
1386,1.12,1.1775343256377422,1.0346141122948906,1.330493881211896,0.2958797689170054,True,0.2940000000000001,0.492,41
1387,1.19,1.0954596965716963,0.9611228360880391,1.2389986283139818,0.2778757922259427,True,0.2960000000000001,0.496,41
1388,1.15,1.2365934283949533,1.0945750346483214,1.3882410900497457,0.2936660554014243,True,0.2980000000000001,0.5,40
1389,1.27,1.1117601568738031,0.9798516453910753,1.252457132604393,0.2726054872133177,False,0.2900000000000001,0.492,40
1390,3.21,1.3424189182465782,1.201193291389321,1.492705393035385,0.291512101646064,False,0.2820000000000001,0.484,41
1391,7.89,5.337460431021444,4.927136665915615,5.776190086138014,0.8490534202223987,False,0.2740000000000001,0.476,41
1392,5.69,13.51141313688687,12.469399557719958,14.634038497931316,2.1646389402113577,False,0.26600000000000007,0.46799999999999997,42
1393,4.99,3.5797300343885787,3.234244151701229,3.9534052445827754,0.7191610928815466,False,0.25800000000000006,0.45999999999999996,43
1394,4.63,6.160028043515867,5.597642460856798,6.770351589691332,1.1727091288345344,False,0.25000000000000006,0.45199999999999996,43
1395,3.99,3.933806876052901,3.5501261633047276,4.349840733318726,0.7997145700139985,True,0.25200000000000006,0.45599999999999996,44
1396,3.7,4.165809961472861,3.7664305846328876,4.5986533495499495,0.8322227649170619,False,0.24400000000000005,0.44799999999999995,44
1397,3.16,3.5226370702695924,3.1800326599037847,3.893322070322661,0.7132894104188763,False,0.23600000000000004,0.43999999999999995,44
1398,2.77,3.046907300380459,2.7423737447675998,3.3762221025547765,0.6338483577871767,True,0.23800000000000004,0.44399999999999995,45
1399,2.78,2.670121927498238,2.397726509794026,2.9643552604591283,0.5666287506651022,True,0.24000000000000005,0.44799999999999995,44
1400,3.61,2.8517955738705996,2.569365014715585,3.1565738112304924,0.5872087965149073,False,0.23200000000000004,0.43999999999999995,44
1401,10.36,4.024809100771038,3.6582064918172623,4.420263473408498,0.7620569815912352,False,0.22400000000000003,0.43199999999999994,45
1402,9.35,17.929733083929815,16.505171166755296,19.470225124639374,2.965053957884077,False,0.21600000000000003,0.42399999999999993,45
1403,9.05,7.457671693897693,6.820581425239381,8.146661429916474,1.3260800046770926,False,0.20800000000000002,0.4159999999999999,46
1404,57.52,9.954924176809078,9.112881585278053,10.867078904032908,1.754197318754855,False,0.2,0.4079999999999999,47
1405,43.94,93.14863132628125,72.06134931685595,120.3222156926005,48.26086637574454,False,0.192,0.3999999999999999,47
1406,26.76,43.95641242091632,34.805886051302636,55.445440698317576,20.63955464701494,False,0.184,0.3919999999999999,48
1407,19.72,33.369055322503264,23.668533385277694,46.88415854775765,23.215625162479956,False,0.176,0.3839999999999999,49
1408,16.41,14.739867381066102,10.171291153387177,21.176794228340555,11.005503074953378,True,0.178,0.3879999999999999,49
1409,13.75,20.29019693318239,13.345823180361862,30.596129392851985,17.250306212490123,True,0.18,0.3919999999999999,49
1410,11.64,10.866831674561787,7.154314610044905,16.269592936592304,9.115278326547399,True,0.182,0.3959999999999999,49
1411,9.98,13.911367152954618,9.02123331436654,21.1877750367764,12.16654172240986,True,0.184,0.3999999999999999,48
1412,9.16,8.139053933789599,5.337611210495332,12.178830955486655,6.841219744991323,True,0.186,0.4039999999999999,48
1413,8.4,10.832087910496416,7.112130732609794,16.257895482248458,9.145764749638664,True,0.188,0.4079999999999999,48
1414,7.69,7.045234418622149,4.713133520493029,10.329298819712655,5.616165299219626,True,0.19,0.4119999999999999,47
1415,7.23,8.891257436596305,5.944318849712701,13.088779014095726,7.144460164383025,True,0.192,0.4159999999999999,47
1416,6.76,6.348637193037848,4.362513366036267,9.07036531357225,4.707851947535983,True,0.194,0.41999999999999993,47
1417,6.49,7.479881659504835,5.247245757556758,10.51041526935691,5.263169511800152,True,0.196,0.42399999999999993,46
1418,6.38,5.968225909005458,4.297206250954002,8.166373748462256,3.869167497508254,True,0.198,0.42799999999999994,46
1419,6.27,6.7413256267850805,4.978899808715677,9.02326922631482,4.044369417599143,True,0.2,0.43199999999999994,46
1420,6.37,5.978265927152286,4.506279227282735,7.843756979989802,3.337477752707067,True,0.202,0.43599999999999994,45
1421,6.41,6.6302309025482895,5.090558646722028,8.559127003487186,3.468568356765158,True,0.20400000000000001,0.43999999999999995,45
1422,6.55,6.212452482298076,4.854135057428126,7.885936231245951,3.0318011738178257,True,0.20600000000000002,0.44399999999999995,45
1423,6.64,6.752005413436791,5.376738881349929,8.423874655697327,3.0471357743473986,True,0.20800000000000002,0.44799999999999995,44
1424,5.94,6.492352340996022,5.23692431819581,8.000484972674347,2.7635606544785363,True,0.21000000000000002,0.45199999999999996,44
1425,6.02,5.918848364399899,4.816526226254721,7.230077683391293,2.413551457136572,True,0.21200000000000002,0.45599999999999996,44
1426,6.3,6.133910670757927,5.00533594109428,7.474576935837538,2.4692409947432576,True,0.21400000000000002,0.45999999999999996,44
1427,6.3,6.380621013690374,5.21604610449791,7.763378783228623,2.5473326787307125,True,0.21600000000000003,0.46399999999999997,43
1428,6.66,6.294132005914476,5.190494486719457,7.594525337813629,2.4040308510941717,True,0.21800000000000003,0.46799999999999997,43
1429,6.98,6.721308882803552,5.599349544825577,8.034013194589283,2.4346636497637064,True,0.22000000000000003,0.472,43
1430,8.71,6.985761896487786,5.855058074162044,8.302969045261035,2.447910971098991,False,0.21200000000000002,0.46399999999999997,42
1431,10.44,9.059194480810268,7.640557546220025,10.710748185113369,3.0701906388933438,True,0.21400000000000002,0.46799999999999997,43
1432,10.57,10.42272556852824,8.813707724793545,12.295551800902418,3.4818440761088727,True,0.21600000000000003,0.472,43
1433,10.8,10.609383072056014,8.95371277713384,12.540452525750883,3.5867397486170436,True,0.21800000000000003,0.476,42
1434,10.97,10.809963374657098,9.151456598781177,12.7394307460752,3.587974147294023,True,0.22000000000000003,0.48,42
1435,10.34,11.023634908613811,9.2691857008788,13.077824729887304,3.8086390290085035,True,0.22200000000000003,0.484,42
1436,10.06,10.186387496224093,8.549208872279868,12.104254696839902,3.5550458245600343,True,0.22400000000000003,0.488,41
1437,9.9,10.135327842785282,8.439947004934035,12.135193036729932,3.6952460317958966,True,0.22600000000000003,0.492,41
1438,10.03,9.789484820961054,8.179594749190347,11.681712633557899,3.502117884367552,True,0.22800000000000004,0.496,41
1439,10.79,10.154698201188129,8.437338111358235,12.184574981989485,3.7472368706312498,True,0.23000000000000004,0.5,40
1440,13.7,10.744718878529604,8.997878986331884,12.796768467018405,3.7988894806865208,False,0.22200000000000003,0.492,40
1441,16.09,12.963035712146674,10.6842653058598,15.686232398446602,5.001967092586803,False,0.21400000000000002,0.484,41
1442,15.65,15.965436421552557,12.156690880929112,20.876780079324632,8.72008919839552,True,0.21600000000000003,0.488,41
1443,14.78,14.969769443059432,10.583036290571652,21.017848314268573,10.43481202369692,True,0.21800000000000003,0.492,41
1444,13.92,14.261591852480102,9.58383894244244,21.006777232565934,11.422938290123493,True,0.22000000000000003,0.496,41
1445,12.8,13.102229573812894,8.40432021772164,20.146970152905258,11.742649935183618,True,0.22200000000000003,0.5,40
1446,12.07,11.93026491162711,7.558270678042042,18.535693246279198,10.977422568237156,True,0.22400000000000003,0.5,40
1447,11.58,11.792288544955326,7.075325199377287,19.264527084310394,12.189201884933107,True,0.22600000000000003,0.5,40
1448,11.07,11.261021534210128,6.510866378973072,19.015353952138714,12.504487573165642,True,0.22800000000000004,0.5,40
1449,10.42,10.79125084713965,5.9708063147409955,18.94512403051001,12.974317715769013,True,0.23000000000000004,0.5,40
1450,9.84,10.000717332492359,5.429822522432175,17.821014329276043,12.391191806843867,True,0.23200000000000004,0.5,40
1451,11.48,9.593885835288814,5.19203309066232,17.124970498038547,11.932937407376226,True,0.23400000000000004,0.5,40
1452,11.94,13.350303986584766,7.387626459972495,23.551787742353266,16.16416128238077,True,0.23600000000000004,0.5,40
1453,13.38,11.134260146810117,6.09236832716018,19.760381091124184,13.668012763964004,True,0.23800000000000004,0.5,40
1454,17.08,14.326368721088892,7.9859101746477545,25.140655048778058,17.1547448741303,True,0.24000000000000005,0.5,40
1455,22.83,18.727397764896377,10.530490478385081,32.75140227590252,22.220911797517438,True,0.24200000000000005,0.5,40
1456,67.46,27.488284425666496,16.2148157939002,46.14441090942395,29.929595115523746,False,0.23400000000000004,0.492,40
1457,90.64,251.47702756700855,141.27229223803468,447.0468294024623,305.77453716442767,False,0.22600000000000003,0.484,41
1458,59.6,127.6933897674433,71.15072251856668,228.547092415785,157.3963698972183,False,0.21800000000000003,0.476,41
1459,45.14,61.07730308946638,33.66385601941007,110.1703082514435,76.50645223203344,True,0.22000000000000003,0.48,42
1460,39.04,38.90366857187703,21.199262105211105,70.72773391960746,49.528471814396354,True,0.22200000000000003,0.484,42
