step,true_value,prediction,lower_bound,upper_bound
80,168.78999999999994,184.5281354918363,168.78999999999994,201.72506660626175
81,199.45999999999995,156.34357389818007,142.99630191587585,170.928028134468
82,152.32999999999996,171.76809341151335,153.6905630185281,191.95820972268524
83,161.87999999999997,149.73702503144108,131.56946531007222,170.39430005382218
84,186.6699999999999,154.5441332761032,133.85500210403123,178.4073413602425
85,230.82999999999998,167.60932950994462,143.25315818248205,196.07787583984748
86,186.00000000000003,189.32531944407188,158.3683701458725,226.29558687418233
87,175.38,177.0067986383717,145.43774520042166,215.38150954942842
88,213.75000000000006,170.16455084368806,137.78509782151448,210.0983378287449
89,238.79000000000002,186.78700027155102,149.48684527065475,233.33249203652517
90,253.8299999999999,205.20426222163152,162.67440179782392,258.7852644721423
91,239.32999999999993,217.86593687311503,171.41490733227675,276.83153478155697
92,157.49999999999994,214.13963590278203,167.4862528301858,273.7112132823767
93,248.42000000000002,165.9408950294942,128.4466116131304,214.29541859728124
94,169.12000000000003,206.77720964127954,157.87634308812238,270.72937145444484
95,111.46000000000004,182.39995313629572,137.66744679165367,241.56264601837302
96,217.57999999999998,137.119396299002,101.20265364693647,185.65824177034568
97,198.29000000000005,175.74609042112994,126.60904763791628,243.8038055091024
98,201.95999999999992,186.6711012200208,131.72490471517963,264.3642306899103
99,153.61999999999998,190.26734466268744,131.94241143432504,274.1807849700978
100,194.99999999999991,175.05941565979697,119.60834778758364,256.0047464464166
101,232.79000000000002,182.41226776132905,123.13247463267783,270.00128362781976
102,161.87999999999997,198.72320349754443,132.84465812239995,297.02726963404865
103,173.49999999999994,185.9858506679893,123.31594382938847,280.2487865435497
104,275.5,195.66797399702193,128.92803420091062,296.6901192569742
105,159.32999999999996,204.2297028890059,133.9150226178618,311.1908156010889
106,227.45999999999992,184.56337753751745,120.52706424201547,282.34237560909065
107,159.45999999999998,207.3105259604811,135.04603994127044,317.9602229117779
108,171.71000000000004,203.0285570302803,131.99273277471494,312.0069682406942
109,263.2900000000001,205.33672423283275,133.33488595540126,315.9306577687554
110,265.67,188.9319511670246,122.58101039304854,290.9068711234796
111,138.62000000000006,175.7276599345876,113.98094151509645,270.633414846012
112,226.67000000000007,190.25750633378735,123.48003595476179,292.85783389645155
113,260.3799999999999,184.26194885052792,119.66762044001666,283.4341304381397
114,262.16999999999996,173.43595906757594,112.73725704602855,266.5280256100348
115,220.2899999999999,175.18683030267542,113.91484049290143,269.1287234873834
116,154.04000000000002,192.3591291499908,125.1939616924172,295.27212209068307
117,228.3300000000001,187.8642279723834,122.37006708278183,288.12764215058655
118,235.25000000000003,195.5991460813357,127.56585894841908,299.6336562136402
119,262.46000000000004,194.4276678648113,126.96673472704677,297.45235520420624
120,223.82999999999998,194.88062919012458,127.45178792749297,297.7052302734573
121,111.08000000000004,198.14377570667372,129.80159694236096,302.1938778254044
122,121.38000000000004,218.64907074621,142.4864979777649,335.23870510206376
123,259.33000000000004,191.8320025390567,123.83433065634333,296.8682306999921
124,252.00000000000003,206.34064541920108,132.22921929015058,321.6780391861762
125,297.95999999999987,193.0157393913388,122.90702653538503,302.7931599530246
126,314.29,187.0307670234771,118.48904077493745,294.88964074145343
127,271.1700000000001,213.3158493985507,134.07033833211025,339.0545513589125
128,306.03999999999996,217.8753079851685,136.00569774327425,348.66721263936734
129,325.61999999999995,231.2482732955953,143.53568632441997,372.1899146880257
130,315.92000000000013,235.87813871552947,145.69192347549318,381.51085180369694
131,292.42000000000013,239.13446579685038,147.08652806644128,388.3977555991226
132,276.66999999999996,236.16747298434123,144.73673549923888,384.9590380496205
133,158.99999999999994,237.9121613573541,145.36495275325268,388.97738031363474
134,286.2899999999999,188.36234472586773,114.7110012578426,308.8935901537538
135,192.0,246.49019811253703,149.8998796655281,404.90753483400715
136,148.61999999999998,210.47267325575217,127.69969785251513,346.4809364757196
137,299.95999999999987,208.56754234418338,126.33881877933896,343.8952583758927
138,301.24999999999994,225.44647826362677,136.41016571270984,372.1747738752359
139,136.88,262.4338688878194,158.67205846064573,433.6245920936077
140,177.88,175.74897894191304,105.26875643579686,292.97353093035247
141,208.88000000000002,248.88992367952093,148.21589716177147,417.4874074701134
142,242.42000000000002,207.73236952976248,122.91422606018094,350.60774896297403
143,119.24999999999997,244.21100602892184,143.8493623460311,414.11012892189973
144,137.12000000000003,167.95341559250087,97.98382638086139,287.3830387657308
145,211.87999999999997,213.72362175166953,123.92076195882252,368.08383374536237
146,341.5799999999998,219.07091168119905,126.27155522936603,379.5344099151806
147,346.71,268.73811141150435,154.2075496741318,467.78292261302096
148,278.49999999999994,248.5629911318252,141.9822940480397,434.5902033697812
149,334.0400000000001,239.47876540492447,136.2747395024184,420.2722371231153
150,349.3799999999999,274.7391107670806,155.9142224155343,483.545352461902
151,340.16999999999996,267.05072821100754,151.13651613881308,471.2810454584923
152,330.78999999999996,272.6773004784006,153.98151765660097,482.27868980546555
153,320.75000000000006,271.64675137829124,153.10346982946214,481.3788271568422
154,362.2500000000001,269.47672666403736,151.62908701994726,478.316630239237
155,239.88,300.334722535202,168.80778603010788,533.7376414722667
156,215.79000000000008,231.59147555419207,129.91610634122827,412.2325350363667
157,211.96000000000006,241.69190668331038,135.46516824230773,430.6072909168943
158,184.79000000000005,233.81621957794127,130.92489671575203,416.95489971600097
159,280.9600000000001,216.3056983035137,120.99923656529867,386.0660820889876
160,174.53999999999996,279.400109547724,156.32524087597645,498.7559259823867
161,342.96,199.80251211165236,111.60650050108221,357.07567672314605
162,325.54000000000013,265.77092399785846,148.5342900680394,474.92245135406534
163,324.8300000000001,257.5691513544922,143.88245389481227,460.46378829780593
164,336.42000000000013,276.60595017659017,154.49954370342036,494.59671840858493
165,355.4200000000001,277.7117480799212,155.07656533863576,496.70597109966144
166,348.9999999999999,293.9974843223218,164.15833682153215,525.9096155317603
167,301.6699999999999,296.5914867341566,165.57794155561496,530.6471805907038
168,251.50000000000006,276.428288753752,154.26562318070012,494.70828251699123
169,185.45999999999998,256.93010697584566,143.3328039377904,459.934300931656
170,164.38000000000002,216.8508082182679,121.12500727480258,387.6097999123273
171,184.88,187.02301407768442,105.16584563077406,331.9946049297941
172,132.32999999999998,206.82411678501438,117.06709686942129,364.816257557676
173,166.71,164.27738382694722,93.38579315691454,288.414462611621
174,218.88000000000002,191.2030885222094,109.2490312422155,334.0780212872363
175,304.9199999999999,222.12723176741417,127.7972801504113,385.54357838961226
176,262.99999999999994,285.2395777652583,165.11641032147477,492.22698293728655
177,173.83000000000007,264.3327516454912,153.68676085974448,454.12278300016504
178,187.20999999999992,205.09792974116212,119.6197513358338,351.1509219939346
179,264.1200000000001,206.59404998051582,120.8961078961671,352.5411452515129
180,361.6699999999999,257.378836008262,151.1414292393727,437.7997617134755
181,333.83000000000004,321.2479055537755,189.2014976334509,544.9668505550817
182,148.71000000000006,305.0515292338532,180.00753999432717,516.4786561339691
183,224.91999999999996,182.09354529618602,105.93119860143536,312.50295112727304
184,111.25000000000001,239.96610962338698,138.23142308514824,416.03707898984976
185,159.29,165.12049052638045,92.97319952631594,292.6583782591904
186,140.42000000000004,189.97898982721475,105.10747660270295,342.7361411579766
187,150.61999999999995,173.15897337066423,94.29253900462335,317.2971964263869
188,334.16999999999996,174.6991879700304,94.43830187999289,322.45718694937847
189,320.9599999999999,263.5525045771912,141.01166726670934,491.8329413006724
190,152.49999999999994,271.154328008684,143.62977604642745,511.1212261995198
191,226.03999999999996,188.13313502779812,98.65425842196865,357.95448254680474
192,276.16999999999996,229.3229903880868,120.73091440969979,434.78642416805576
193,240.17,254.3309880547054,134.30136251663234,480.8422538278426
194,223.24999999999991,231.54971011224282,122.50349267377898,436.8772332871017
195,167.83000000000007,223.8166826543115,118.62227185992182,421.5178138973563
196,200.53999999999996,193.43637596054208,102.62346057310049,363.8353769270196
197,154.38000000000002,216.03623464234823,114.82580402801506,405.68595001796933
198,224.04000000000008,186.77542301850994,99.32645209991075,350.4487829657012
199,191.17000000000004,219.39128728759297,116.86889459128939,411.08768166280805
200,353.49999999999994,198.31694411389407,105.68733830174212,371.3707502997332
201,355.33000000000004,239.64483143052198,127.8791960944967,448.33501021967624
202,350.4199999999999,243.29382531540836,129.8943036574058,454.9363655995025
203,303.0400000000001,254.01289649678577,135.6916800919232,474.7537352379279
204,134.96000000000004,244.11721684987083,130.43156601239136,456.138660210151
205,339.16999999999985,183.6325011217315,97.95751913979058,343.4827716659988
206,349.3299999999999,247.0091480423618,131.72602475147042,462.4248454880866
207,152.32999999999996,249.87778115339495,133.0899306289373,468.38394837880554
208,318.24999999999994,213.5627911505828,113.55580954376543,400.8756580716262
209,338.67000000000013,249.10286340797475,132.40767141684788,467.8744029525767
210,293.91999999999996,223.36888133592873,118.58708474735477,419.96013142464045
211,286.12000000000006,255.28803419283525,135.50877683225207,480.1672772597084
212,302.8800000000001,219.8869304332225,116.58617573950427,413.93853958054547
213,152.88000000000002,249.55364371669964,132.31464773720742,469.8944549248813
214,315.4600000000001,218.15436504706827,115.5599995887241,411.0507540206778
215,330.54,278.70990820578874,147.715483836372,525.0893535105848
216,325.70999999999987,215.2624993874092,113.94792670506293,405.8752693669001
217,326.75,265.9336997187716,140.8450481693121,501.3340678096856
218,325.54000000000013,240.73894533355144,127.42944854042261,454.0180535314279
219,318.37999999999994,266.61519779718935,141.15099575964774,502.8156342789325
220,159.70999999999998,256.6716018075065,135.84806398259778,484.170578565797
221,138.74999999999997,253.08597926517163,133.92605537658096,477.481970579767
222,78.28999999999998,234.6375473169327,124.11552008383073,442.79029610664156
223,181.96000000000006,157.8355283022285,82.60847792746672,300.74840729590653
224,263.32999999999987,213.2715907929732,110.96127533228412,409.07316578603235
225,291.38000000000005,248.59650282348977,128.60514126450488,479.6785719601547
226,292.88000000000005,256.91122293406676,132.2117064671739,498.3419923776544
227,124.24999999999994,258.07425216599876,132.20838372084822,502.86819703500964
228,99.46000000000002,208.50583501797408,105.79680268116681,409.9925934544749
229,274.9999999999999,191.87076746217096,96.46091566420054,380.68257180771445
230,272.71,288.24243505353905,144.07672602865557,575.6685568791784
231,280.0799999999999,212.19798280831037,105.26120537716551,426.75140477843746
232,93.54000000000002,267.48425108680306,132.0999785979317,540.5762935574328
233,257.08000000000004,167.800183913722,82.30085905193064,341.0553210807013
234,120.17000000000003,271.248038153116,132.8308107888906,552.8260871417599
235,121.88000000000001,201.66489164688642,97.53601004716236,415.8329759504711
236,94.32999999999998,191.54860268440228,91.74663455672828,398.74457912043147
237,273.07999999999987,159.25528940646623,75.5808702048158,334.35473955916535
238,281.79000000000013,229.0991749217302,108.21709006014513,483.77422599800246
239,273.61999999999995,231.60013350261687,108.77235277999364,491.8638289630939
240,269.2499999999999,236.50640846615048,110.54232625431348,504.7209756758906
241,171.75000000000003,233.9654082122838,108.89234589310155,501.3893393819239
242,178.37999999999994,197.70924721204898,91.60850422578481,425.3686716212544
243,156.62000000000006,200.09559890791,92.4403040615476,431.7836933567149
244,253.37999999999994,189.69368633966562,87.38163754802542,410.44385891301243
245,244.25000000000006,219.56192862135205,101.00377041110853,475.91927622973947
246,242.20999999999995,218.70821989010787,100.42217805434274,474.9481881903154
247,242.54,216.63841917895454,99.30971587234183,471.2023294632278
248,238.4200000000001,214.21745569602658,98.06212022585997,466.5707841772985
249,183.78999999999996,210.54971263731719,96.2639384257584,459.12203126127446
250,68.67,172.39896820485595,78.64688823045597,376.5063011565507
251,114.58000000000001,194.3904614073195,87.43818925939186,430.68491721364455
252,100.41999999999999,167.14860972335504,74.16260387816911,375.17050891060603
253,97.75,151.42592906610807,66.41454874644639,343.63872092433047
254,148.33000000000004,144.84898418873254,62.92584799484231,331.7593900764747
255,67.67,169.81128874726605,73.29442406069013,391.71448338664015
256,74.88,123.45256904830893,52.492223611759655,288.545674061662
257,53.00000000000001,116.66204480073898,49.0660398918766,275.5219061980854
258,116.17000000000002,86.99906595483785,36.12461568808104,207.5903238430043
259,41.96,116.83025691142225,48.34875779311734,280.34384865404195
260,111.25000000000001,75.15993498466564,30.399970826270273,183.72423840648088
261,139.08,96.66601309528218,38.73305211190545,239.06839663519617
262,107.53999999999996,121.83257646385022,48.407962912651655,304.3726758057482
263,98.67,117.34463008834422,46.14608391677219,296.0650011031901
264,62.20999999999998,111.72358763109101,43.54033715408983,284.28313929158253
265,40.42,89.82784158874989,34.639620946978866,230.47543628323479
266,63.12000000000002,59.8989509764009,22.754887136716153,155.1229151997884
267,124.67000000000002,68.74212937092496,26.067807447906887,178.69555231068242
268,109.12000000000003,107.34661886326053,40.87123266505895,279.3593080959541
269,48.32999999999999,110.5356759742978,41.94724593503443,288.66250906662657
270,87.41999999999997,75.77409661402262,28.470953864607438,199.00241383357053
271,100.78999999999998,84.47950353870188,32.039055932264745,220.1547914747602
272,151.54000000000005,94.57177668666004,36.1563918239913,244.82485140947293
273,161.96000000000004,122.4879227340023,47.248727109179384,315.05532362858395
274,133.20999999999998,138.83020412627366,53.86510852065039,355.3737776739491
275,83.17000000000003,129.40359158971052,50.35037248427167,330.1581956821167
276,65.28999999999998,101.2091724842259,39.37094287595181,257.7681682840543
277,106.58000000000001,82.52522642363749,32.07675611096183,209.91740150443184
278,145.71000000000004,103.49510374949537,40.47233476650463,262.2894137524368
279,44.83,115.16071452411535,45.188676620383006,291.1346222939507
280,62.49999999999999,78.91930463807336,30.771322970434433,200.03334254531475
281,169.41999999999996,88.97866509927054,34.82850527276393,224.96980006311392
282,170.91999999999993,98.10956921431038,38.518863205396464,247.55742076368347
283,165.61999999999998,100.4749843603431,39.50956704794664,253.19112573442874
284,102.87999999999997,104.96227429741919,41.34315072007322,264.1669368797998
285,61.209999999999994,92.04366618717332,36.212342618098084,231.64119398222937
286,155.11999999999995,83.04445071273459,32.63739011665747,208.9886367850934
287,55.540000000000006,111.07829432772024,43.88496145659404,278.86086323274924
288,34.21000000000001,75.76957981210857,29.76059187553031,190.59476541854107
289,53.38000000000001,80.99056742025623,31.86712143713232,203.5342838664523
290,46.169999999999995,78.23338970506103,30.77381984764429,196.5818480200616
291,42.11999999999999,67.86428939316454,26.624483475569058,170.6698289696374
292,39.17,66.78705537018813,26.199751253664026,167.9384889187896
293,44.169999999999995,61.20627781630675,23.96621674992858,153.9942884225984
294,53.42,66.36735923643451,26.042905369176932,166.82076587316575
295,125.58000000000001,68.98979944522304,27.100308133649587,173.32449505835118
296,44.79,116.81383771527688,46.30796515635376,292.39880316829505
297,52.5,47.508410699614416,18.445678958044713,120.00713550189502
298,63.170000000000016,88.58089429698818,34.8590966327647,222.78524214455285
299,130.16999999999993,71.78924443569524,28.102852046080795,181.05343232787715
300,108.37999999999998,104.18133707332049,41.01155515467202,262.3350188490025
301,128.67000000000002,84.29364648699092,33.038798660546874,212.72687689709718
302,112.08000000000001,102.59515383533738,40.31239113637724,258.7757138467179
303,102.92,92.21672957946471,36.150580373061885,232.89563732877133
304,102.28999999999998,91.4867552956658,36.02528956177163,230.02587464844854
305,109.28999999999996,90.44123600242187,35.746511046914065,226.5454023642009
306,86.82999999999997,92.20342653765535,36.576189658101846,230.18040433051544
307,77.74999999999999,81.01256776197584,32.15561449175284,201.86341767502827
308,105.29,78.41456856363266,31.59326536228165,192.49622169021063
309,104.25000000000004,91.47442738749807,37.44303875098801,221.44650783299164
310,72.04000000000002,92.01008514361041,38.08941873261145,220.309915033462
311,81.20999999999998,74.33138940846688,30.954225319542697,176.59210788125236
312,28.790000000000006,80.6030352652251,33.88817899231262,189.86852787486703
313,73.25,49.07944902717515,20.281570465056447,116.84615327066194
314,48.209999999999994,67.29742630819305,27.874521133467308,160.5451358920229
315,28.209999999999997,61.269465724072525,25.211203637125774,146.93240383930083
316,69.58,47.417052449108525,19.304688849860977,114.4517060169467
317,53.70999999999999,59.149878945741804,24.145541443621823,142.88268175888103
318,18.379999999999995,60.12484579299738,24.533270268627223,145.3285640229345
319,33.61999999999999,37.61317619167077,14.968684718617903,92.36882792047852
320,34.04,36.9599944044712,14.565317013171853,91.57512545154708
321,21.499999999999996,37.82711364742624,14.805943187795219,94.37834827561731
322,56.670000000000016,30.563318909375,11.770074483729234,77.01388330539929
323,87.24999999999996,42.14167861074278,16.3633869946284,106.191323555042
324,84.78999999999999,60.80201753458596,23.763253387592098,153.2402087303709
325,80.42000000000002,70.80494152190823,27.66268546911968,178.88368998151014
326,30.830000000000002,73.75503919647659,28.744514913347935,186.87719018268405
327,19.830000000000002,52.67657710845369,20.299260338786738,134.27112605093845
328,29.120000000000005,30.731428924966096,11.550274333499855,79.22801373612592
329,58.38,35.95920122129296,13.577480356498931,92.70498340661736
330,35.92000000000001,55.96889181395235,21.41684629082043,143.77748530750293
331,76.04,44.58938423112988,16.90320542097186,115.09049361289009
332,78.28999999999998,63.333988338365515,24.221349572705545,163.1015300783116
333,43.25,69.74829043515123,26.69589832083147,179.72425532165389
334,45.49999999999999,51.80740149827923,19.64715486218206,134.06081935328464
335,23.12,50.30628013519615,19.03927339557055,130.3587738112835
336,22.79,36.041980309957616,13.455055379676965,93.9223831554737
337,32.54,42.59491778352253,15.999393583425636,110.7990972575097
338,40.21000000000001,42.99269655280495,16.14349447064586,111.89164839181497
339,26.500000000000004,46.37424081786236,17.451176110188197,120.63553584151032
340,19.540000000000003,34.89099893773593,12.972235772802154,91.19453677242223
341,69.5,35.5680108538746,13.230182834434807,92.97064207588602
342,65.24999999999997,61.438257608333956,23.289265610369874,159.50448274978982
343,47.959999999999994,38.14160714504274,14.222239778100697,99.64651669072698
344,24.209999999999997,49.94382320222315,18.807346137752454,130.02578732204938
345,19.08,26.983058760523623,9.930013808661341,70.64232280972959
346,36.67,38.51235594777453,14.493538153380497,99.76628443987748
347,38.88,39.39749220677133,14.893165921433118,101.68296352429913
348,38.669999999999995,38.679002896685255,14.654505123649663,99.57317420380382
349,32.42000000000001,39.67309324889616,15.085145346485948,101.8464759751027
350,17.830000000000002,33.89365116815969,12.827622587944216,87.05323432147792
351,22.0,26.257016748017534,9.820074252148544,67.66357334416459
352,25.039999999999996,35.99708634796537,13.708136049195392,92.0630770384861
353,17.42,29.894239467375808,11.297309106060665,76.61486875182825
354,18.92,24.347815652182,9.100298689030257,62.6131443355059
355,35.080000000000005,28.105546960142767,10.608106228669426,71.97769740914732
356,42.74999999999999,40.29689445056976,15.48299565895088,102.46623432709487
357,48.92,36.07791055972908,13.80870813273864,91.8353397982074
358,47.959999999999994,41.962739791872465,16.168588252553985,106.51012158204455
359,38.17,35.61758787771848,13.639860530469296,90.58883304877043
360,24.919999999999998,35.54353047410554,13.616103553050385,90.36700589625856
361,32.25000000000001,26.824274902872443,10.290921452377841,67.56750152199265
362,51.580000000000005,39.186801787109665,15.50937885961589,96.82191393201903
363,17.579999999999995,41.51743600708015,16.650412130563236,101.41870565083912
364,25.58,22.85993423562495,8.956360503748048,56.179173204308675
365,35.83,40.623949443398146,16.445431087667377,98.3127173848602
366,35.42,27.443669647127038,10.965890878036518,66.6123784882494
367,16.62,35.25885736703682,14.399872939041177,84.37114187677032
368,31.540000000000006,22.121260756411694,8.900032152833338,52.99908714569031
369,23.750000000000004,37.11276837880866,15.431959218303067,87.39987333213
370,22.209999999999997,26.331615797304327,10.853015586489644,62.02338984038155
371,17.25,29.029503092165175,12.088042159941164,67.90037829511482
372,43.620000000000005,24.18600630265932,10.02362394869819,56.5432286541764
373,51.00000000000001,39.27127780324299,16.68981344775644,90.67851434361269
374,21.08,34.60760638043752,14.689133931909122,79.81399761432789
375,34.12,25.87299868210012,10.977057151050287,59.29511666017458
376,33.53999999999999,32.14157872720682,13.978042319722483,72.33162886616803
377,37.50000000000001,28.86150797475863,12.656338885937869,64.29639209852793
378,28.790000000000006,32.044442510782964,14.264780552205425,70.5329759975278
379,25.79,28.77568125669963,12.872923474798052,62.908028896085284
380,36.17000000000001,28.98150458784573,13.070733361814355,62.88370770996593
381,52.12,31.011644277284873,14.116622362305504,66.7893080064439
382,40.169999999999995,33.864170540563755,15.550345713635174,72.44320224562455
383,32.78999999999999,31.16678860771566,14.338194695158368,66.4591964633282
384,30.669999999999995,31.14868749883172,14.45324273898715,65.88163289443547
385,42.879999999999995,30.86806881347889,14.423341976905244,64.84654683928659
386,28.000000000000004,32.3573298537604,15.23810814634075,67.5246978862697
387,26.25,30.951653913438303,14.630781433844481,64.31395708685557
388,35.58,31.82114955843185,15.123631070639714,65.81050029099998
389,53.38000000000001,32.51705406014122,15.524311142710395,66.98425079075126
390,49.419999999999995,33.94695326781094,16.317515997319106,69.52336737506855
391,69.29000000000002,31.932804527107706,15.390452206870506,65.17081703005479
392,62.20999999999998,37.66721073859265,18.19392087691214,76.897225683639
393,38.74999999999999,38.330278377196535,18.568291150894016,78.0498661993335
394,78.71000000000001,34.03286867790179,16.46448786062536,69.27414130878302
395,24.08,50.924399249094215,24.694629476382804,103.93022442131317
396,25.169999999999995,38.28820165762814,18.31375728621448,78.92037834047954
397,76.74999999999997,31.853622447686732,15.06022259326756,66.20707024245186
398,74.33000000000003,40.63251059105186,19.096856586145883,85.24562406983102
399,30.58,40.3249089426283,18.735838660816135,85.53030299174021
400,25.829999999999995,31.067563185924904,14.17593879772512,66.76046097638672
401,46.580000000000005,37.59865806466436,17.1259530542437,81.1946520513618
402,28.83,40.84926233195262,18.523587976389706,88.70486161900912
403,73.00000000000003,33.19514848073685,14.863829188295407,72.70907526427314
404,56.5,47.356958693769286,21.311220747155502,103.80804616704066
405,109.99999999999997,35.52136496859169,15.772162222750037,78.52523243305357
406,50.71,52.66887648661839,23.471493140605038,116.7021886971252
407,116.82999999999996,40.96821162092069,18.020413446953278,91.60212936856611
408,74.11999999999999,58.1911617228101,25.592559409749033,130.75089964493657
409,80.74999999999999,57.534185155147746,25.102738237469623,130.26020728579533
410,70.67000000000002,61.86996100593831,26.85973085748981,140.8761730724178
411,65.57999999999998,60.87661777209488,26.272750631038356,139.38612675014062
412,78.71000000000001,58.9236335430566,25.299608835075748,135.5359416377873
413,140.96000000000004,62.13803995421671,26.61014604628184,143.38214425153686
414,145.99999999999997,80.04484788052484,34.3317793496532,184.90253558916461
415,152.46,97.77015063715034,41.9466141766016,226.15510509791096
416,124.54,112.99462190490233,48.45625487472761,261.75288851040824
417,106.58000000000001,110.46278852961122,47.2664512496403,256.40349466627555
418,63.620000000000005,102.74382998564438,43.85176659565142,238.96339669558938
419,52.38000000000002,76.77308737044056,32.577870941363194,179.13807753603274
420,57.46,62.61645252930117,26.433980296444457,146.51971783464984
421,111.75000000000001,60.81566352728992,25.631101808764555,142.48547366754212
422,42.67,76.48111063045889,32.35200737011826,178.998835989347
423,100.78999999999998,61.23005624195734,25.76803825005421,143.67178594491628
424,95.28999999999998,72.084671235617,30.41805725971537,169.00953068052976
425,87.07999999999997,77.0104951554921,32.51831981115568,180.56152780604518
426,73.08,78.57361393275617,33.17496186653986,184.28067592428962
427,99.25,73.695942557289,31.06817578866729,172.98818914088577
428,151.16999999999996,80.91963644906937,34.158294901182906,189.87463868226186
429,63.08000000000001,103.5465070552481,43.857232772093994,242.66131082995955
430,116.54000000000003,78.0149522810521,32.89478798810275,183.19831055348084
431,97.61999999999999,90.88515517891815,38.408016638403595,213.24274709694924
432,153.54000000000005,89.09924093647896,37.6356839077494,209.11335626186323
433,200.08000000000004,100.82508865262798,42.657742928596974,236.49163341021017
434,128.12000000000003,118.92617920371953,50.41249006521835,278.74308266645454
435,117.66999999999997,108.91799881786284,46.117190775616876,255.42374397193709
436,95.83000000000001,104.76895293808106,44.33476050807057,245.76586531490477
437,101.62000000000005,97.86422405957396,41.37214461506503,229.67359199530668
438,168.96,96.72619122749356,40.881786174949845,227.03250109578406
439,213.96000000000004,117.83072748267915,49.92370292217717,276.2921249588314
440,220.04000000000002,142.58447920240013,60.52890204653774,334.07021874421
441,196.32999999999993,157.35994998038655,66.85789835749155,368.5645512873729
442,221.75000000000006,155.26326300943498,65.95728130648708,363.6833755777077
443,221.67,171.22947584266979,72.84267339366794,400.705287549684
444,213.88,183.10093307949793,77.9725349601968,428.17646720881345
445,232.2899999999999,190.08311577541468,81.00296154292636,444.2614447994915
446,170.54,200.6136294057787,86.16190141792569,465.35117982649945
447,168.83,174.07232378834124,75.16298407697555,401.4306417100527
448,142.32999999999996,167.51428286271022,72.70125305998285,384.29960278452995
449,191.75000000000009,154.020353140094,67.10701120478177,351.8463437548735
450,108.04000000000002,167.50060996115323,73.31470890386169,381.0570110018329
451,140.91999999999996,136.176562237914,59.69779175908522,309.01802012996154
452,103.71,136.9885419707711,60.521903523604074,308.4968885010827
453,156.66999999999996,121.17827927517551,53.82522727108356,271.27487544800385
454,116.32999999999996,133.53800042989522,60.67390010615714,292.4867671497792
455,185.62000000000003,126.60928804658143,58.568715696601544,272.36715598661823
456,167.38,151.30141333738507,71.70165482663226,318.05354231452645
457,175.33,155.65357732809406,75.2130653303044,320.99653935099275
458,192.42000000000002,160.53008190238143,78.86453426567238,325.7028049345926
459,237.62000000000003,169.7153517666775,84.57222988532156,339.5746393178839
460,136.28999999999996,191.57318756974485,96.6611546361834,378.72551838980985
461,218.88000000000002,150.13171862213915,76.4083045789998,294.06906911223
462,247.92,180.53289337098363,92.96089428323677,349.7224109245217
463,274.2499999999999,200.162899445972,104.06949699028881,384.14043821158106
464,276.88000000000005,223.10550853331523,116.95808396691555,424.7722511757844
465,176.12000000000003,234.62819536012958,123.83802366893005,443.741472325066
466,278.25,186.01132134528382,98.63348206359974,350.01889030621555
467,298.7900000000001,224.21575980344753,119.55668636419685,419.73268595500923
468,290.0000000000001,249.28382641277395,133.51544677489696,464.6862484250375
469,227.04000000000008,253.37980295939778,136.1850606344151,470.691916411405
470,219.79000000000002,235.94958739998498,127.39083975714772,436.2983857354779
471,285.88,225.0696362356964,122.11803101980053,414.10963101351666
472,214.20999999999995,245.084259418246,133.5966971516961,448.91789557195307
473,178.79000000000008,226.4821737718714,123.8787111374118,413.38719948858386
474,140.82999999999998,202.60405116860176,111.11903549702339,368.73748006748747
475,228.00000000000006,172.61714057278016,94.85938805433423,313.44923770620306
476,158.96000000000006,195.92125110397558,107.97111308186125,354.85558447241175
477,135.42000000000002,181.16045875026907,100.45782972115268,326.0564018894084
478,132.74999999999994,162.68115526259132,90.66866277730301,291.26476940307293
479,198.58,151.90494643203027,85.03514469400399,270.748513081904
480,110.54,170.90843962126962,96.11333737709793,303.3095048650755
481,182.96000000000006,147.4058826155554,83.58229961941419,259.38906596300166
482,160.53999999999996,159.70232539736043,92.36503385277008,275.6050235556456
483,219.71000000000006,162.8704026850013,95.77123541567215,276.49474067162254
484,141.62000000000003,183.55174046881012,109.50578816703236,307.21322099965903
485,165.92000000000002,170.43097299171387,102.86617067563074,281.9465870332787
486,283.9599999999999,171.11744979036365,104.33191736850617,280.2482413919861
487,166.66999999999993,203.4732138702458,125.20286918442406,330.2864078338036
488,173.0,191.38390879981483,118.64183416223989,308.35306721314606
489,259.67000000000013,187.80407109598644,117.3613631059157,300.17072266664917
490,250.32999999999998,205.07919433113474,129.07516755525904,325.4930204155064
491,156.11999999999998,215.14566634983217,136.22213590830938,339.4621912679611
492,317.0,195.71804892221385,124.5051761802824,307.3378068500907
493,341.62,223.44569711087738,142.5205467404848,350.00110817357626
494,312.96,206.395458509687,131.8738749185572,322.7120633142318
495,299.33000000000004,266.37784731315,170.58436356538311,415.65167937387366
496,270.25000000000006,269.6160384991013,172.90455460066235,420.110536530296
497,168.38,260.2415228921752,167.07921022174048,405.04149194291836
498,183.12000000000003,219.9281249094852,141.27989998824296,342.0508201091957
499,228.7899999999999,203.8450314837541,131.06068500144033,316.74397446993817
500,177.17,211.7131855514397,136.25549930461315,328.65454598670834
501,167.28999999999994,198.58542692431945,127.88231148486864,308.0753275730905
502,212.12000000000003,189.39426411494492,122.02634575483026,293.6521380071809
503,299.8800000000001,197.8221600889559,127.54253492629209,306.5266203914958
504,274.5799999999999,218.49893742484608,140.97655426340518,338.35028061922026
505,97.17000000000002,229.8850389988161,148.40041999800573,355.81225818639876
506,188.25000000000009,184.17836186897392,118.31267209688087,286.40472492840183
507,179.03999999999994,187.6788063320945,120.12637390178904,292.90537182074604
508,166.71,185.04687483775163,118.06780512148629,289.70360036936535
509,228.74999999999991,182.354774074848,116.03671076421364,286.25152096737014
510,151.62000000000006,196.25194148749281,124.6262514618032,308.7149518340552
511,248.70999999999992,210.23173694536493,133.2743719366604,331.2960744437766
512,347.12000000000006,200.8668504364162,127.1142931130934,317.0771193823472
513,313.6199999999999,223.60577756157366,140.66889584466944,355.09619890982793
514,297.5800000000001,229.21857945879273,143.4497558912348,365.9136995145351
515,122.37999999999994,229.55639587178771,143.01842106720977,368.0934207130476
516,166.71,173.99281928587783,107.32903735548992,281.68031867697573
517,253.24999999999994,228.08411474404218,139.73134823400792,371.9057689463657
518,224.46000000000004,216.5980923793167,131.80716057026973,355.52392238342304
519,300.21000000000004,220.87417462282045,133.66914943739394,364.5488251779847
520,163.82999999999998,238.76472982871744,143.84462075390354,395.88823354724826
521,204.79000000000002,190.26185914799441,114.08210610790879,316.869562887964
522,198.54000000000005,240.40563447760292,143.7604192273584,401.573304695986
523,201.25000000000006,192.44425994199537,114.66523069804906,322.5257603228682
524,204.5399999999999,237.04000459934178,140.98085902626062,398.08931512503614
525,157.96,198.89626837024602,117.9809616079142,334.8395962542928
526,170.16999999999993,206.75483244845012,122.4391491856784,348.66273415218353
527,151.67,196.40338437130117,116.1119000882745,331.74241244374826
528,162.5,192.01429259553922,113.36123936669667,324.76174718342
529,187.83,193.5044346007444,114.11857350856718,327.63484949750335
530,157.67,201.62038112899543,118.81096102984782,341.66496567564934
531,166.25000000000003,181.44603728258045,106.79677321221223,307.78991576665976
532,162.07999999999996,202.16087080246658,118.95562237896186,343.08007400289495
533,172.00000000000006,178.3368296066673,104.82855465575024,302.90378625116466
534,342.71,207.73446311325907,122.11683581432466,352.8921042195199
535,321.79000000000013,233.6018122147397,137.35664536778654,396.7980974324378
536,133.67000000000002,219.33265060135955,128.92750192749835,372.6428100350186
537,223.03999999999996,157.900315253965,92.69308122774773,268.48959151459457
538,341.11999999999995,236.57679324026603,139.07261355379381,401.9533772113969
539,300.33000000000004,210.55675682236725,123.72330252775004,357.84442161271573
540,165.38000000000002,235.23001776025455,138.26165318536283,399.7177856544041
541,353.79000000000013,169.48197070825668,99.49728263588922,288.20286772203355
542,253.46000000000006,276.89112840304944,161.13616511688525,475.2878114790065
543,146.88000000000005,186.42648167037004,107.40170597014362,323.06026931909
544,151.71000000000006,237.021951632093,135.64449288537247,413.61202176860775
545,291.2099999999999,189.36494911428898,107.59668596545788,332.7009184867075
546,171.58000000000007,230.9683222919481,130.6208104512252,407.8206292186694
547,157.42000000000002,181.74410594650774,102.21803991710233,322.5423602793596
548,134.5,200.77322125239075,112.52451470844377,357.62239023108646
549,90.38000000000002,184.0760778483278,102.78706407087932,329.032985308533
550,132.04000000000002,161.1450662029836,88.58568524172453,292.4734765161443
551,345.25,187.08380615462724,101.61171285599256,343.7512681837613
552,260.11999999999995,248.09436642407414,133.44463953802602,460.5134050522066
553,153.46000000000006,190.5486726047618,101.44545071369403,357.15054471463907
554,188.71000000000006,178.02047449282787,94.82863022160299,333.4337721777481
555,170.70999999999998,200.351029118155,106.8620373071763,374.871232725573
556,302.29,178.99784290645053,95.48413917769345,334.7984403146932
557,285.45999999999987,240.73149671381324,128.64466457755478,449.7251933113253
558,199.28999999999996,202.56228624023998,108.22362634362311,378.38315881390514
559,341.50000000000006,196.58233496972338,105.05607972202839,367.0956263366335
560,352.83000000000015,251.24642127957145,134.44264508575162,468.7800829869103
561,297.00000000000006,229.21943299030627,122.64993901424153,427.6373915661508
562,253.79000000000002,233.58945611845795,125.02702990087894,435.66991886769915
563,135.74999999999997,219.01474647131738,117.22104575276508,408.45745621359373
564,338.04000000000013,173.51687355894387,93.22363039457653,322.23249517396476
565,315.96000000000004,281.52576866257664,150.8788431718129,524.5558199642231
566,352.45999999999987,215.92018669370438,115.18189881258462,404.00601105802133
567,340.42000000000013,259.9972019277596,138.35217268258071,487.8301208570592
568,333.0399999999999,239.41299256368902,127.02043861704706,450.4779641266752
569,209.58000000000004,259.72291750827577,137.52161449050237,489.72803521711717
570,144.88,209.3851739270269,110.56240952786428,395.74583576693294
571,326.7900000000001,195.97011118480165,103.27803495843713,371.0555792561379
572,344.03999999999996,280.87155859031225,148.01845507957987,532.1660128921786
573,344.00000000000017,237.718865165897,125.05567097924688,451.07562772384665
574,340.45999999999987,275.0043916054594,144.5980169546937,522.2105888447952
575,342.4999999999999,249.94284127569617,131.26457045422606,475.10867650541843
576,332.7900000000001,271.1878416946096,142.35811999721724,515.7912439686565
577,288.50000000000006,273.09343571731614,143.27276030057132,519.7303953068194
578,288.17000000000013,255.42633891312533,133.90270240105312,486.4214238711626
579,282.28999999999996,264.60679039276687,138.67016828579284,504.0968862469909
580,198.25,259.5011818146301,135.9334895173135,494.5753772581604
581,318.75000000000006,221.31594651494163,115.82364804684237,422.06828198873626
582,326.0799999999999,291.45100978002057,152.63650493764982,555.6879639449185
583,94.04000000000002,263.7425291229263,138.04775471956395,503.0614058656356
584,149.04,204.91083081936833,106.38485692253478,393.83472310540475
585,112.54,275.3638072669484,142.26168868557127,532.1289521144349
586,302.7100000000001,188.39231332073294,96.20512192888201,368.00780157677053
587,313.6700000000001,274.490722569449,139.20386793282134,540.3198604349651
588,260.6199999999999,275.5935194417888,138.75659184873945,546.4087052723535
589,223.11999999999995,261.0020017603967,130.57718828667674,520.7093465844018
590,272.38000000000005,248.19129843086944,124.09849682174512,495.37929144859885
591,305.9999999999999,267.9393488549675,133.97095148241436,534.8810363869867
592,307.96000000000004,275.0755498570609,137.51622179319753,549.2439226408462
593,302.08,273.2253862434888,136.5574351028611,545.6775562088575
594,286.21000000000004,272.11397471918195,135.9741134785427,543.5645260452432
595,299.79000000000013,267.2384801452139,133.50737394848747,533.9289047764017
596,263.6700000000001,280.82086972391437,140.298983573178,561.091818380355
597,146.78999999999996,264.70391328985136,132.2028691707852,529.0078742825228
598,57.12000000000001,209.16276662980894,105.0765115267391,415.3823625210548
599,270.16999999999996,113.20567349969804,55.55649760102047,229.6178142701024
600,276.54,292.7397628559872,140.62970917085684,608.2157414416696
601,198.58,246.90390402724626,115.84557391467652,524.9621188289686
602,284.6699999999999,225.08251188259206,103.52316567299313,488.01410371604464
603,284.5400000000001,266.27888428765004,120.55824376173501,586.6853743138627
604,282.3299999999999,255.00051757099203,113.81633118687645,569.7921888737952
605,280.75000000000006,255.66807917585436,112.75913450550043,578.1051694810259
606,257.5399999999999,252.64518645060318,110.29224440629125,577.080538790216
607,238.75000000000003,243.93169812912836,105.55247648556468,562.0233921080744
608,144.82999999999998,238.17010783580804,102.29128745908609,552.7963742087155
609,238.21000000000006,202.40846013447705,86.30483676651579,472.91419750237463
610,172.71,246.32658883674168,104.59800815430357,578.2764713538369
611,254.70999999999995,209.37523395487233,88.4206480226005,493.9386974961466
612,252.74999999999994,238.13811963284812,100.26084583702821,563.7497785429589
613,245.20999999999992,232.54648823716238,97.57418406222811,552.3290758306293
614,245.17000000000002,230.86045452016143,96.59421496992819,549.8448465604313
615,254.42000000000007,229.21292783449223,95.67485102995897,547.2086765844134
616,249.4600000000001,238.266393988731,99.27760598905293,569.8992224906161
617,248.54,235.29915048490602,97.86716822401617,563.7707881485031
618,243.46,243.42461321018692,101.12037507081577,584.0291041481212
619,236.08,239.97583776053852,99.5568970774158,576.4775880334444
620,215.38000000000008,237.1135515410395,98.25965077203988,570.2095799903657
621,181.8799999999999,230.1162311716403,95.25799303091843,553.9119676100671
622,139.20999999999995,220.41362185801444,91.1479670590051,531.0138198262397
623,150.91999999999996,201.67071487465768,83.29391564520614,486.28806051306947
624,180.83000000000007,208.3358016297407,86.01897720197458,502.58530119533265
625,179.67000000000002,213.42066660694357,88.09176373968552,515.054687193112
626,88.41999999999999,207.6956151656879,85.67914562888015,501.4721860534056
627,23.500000000000004,159.0103284181558,65.43625441597477,384.3815273837849
628,146.62,52.590638607145806,20.9253031523892,129.9882251734681
629,140.79000000000002,119.20037411993879,47.25047613740496,298.44015262002154
630,93.07999999999998,155.28514658982425,60.72935389090916,394.6796160181406
631,23.67,117.75424217526738,45.26522365256497,303.82009858046365
632,25.62,64.26461752300783,23.499775498921032,172.85752373984354
633,32.62,39.40514353175221,13.69663537656248,110.08499204008656
634,25.42,37.87742480717423,12.766741891428294,108.79025913012696
635,131.42000000000004,31.735800370632667,10.330685775309234,93.57791409599542
636,194.96,125.08425735247086,40.73748660119486,379.8863744964698
637,197.04,181.15919459246294,57.05690656345603,570.5422012419311
638,176.74999999999991,178.75113153871322,54.4729406478204,581.4545970002999
639,116.70999999999995,164.34132265683937,48.64742293708119,549.6379054670883
640,168.67,118.60574884063578,34.08788916645247,406.705778135174
641,179.20999999999998,163.4980730100802,46.31211962032329,570.9383583145576
642,117.25000000000004,163.22544247007752,45.44590965281302,579.6753739155002
643,154.17,118.35914667705126,32.277742996909595,427.1121438072551
644,170.54,151.6300416200107,41.03979964579878,553.1398817597426
645,163.33000000000007,156.8783354624799,42.0385114466946,578.1456992948031
646,43.50000000000001,149.96839785811818,39.795073928426746,557.6815994458968
647,41.71,56.48776697836289,14.470719563913237,212.61923978425529
648,23.750000000000004,65.49952433987683,16.83343485889224,246.97167637197197
649,26.119999999999997,38.57758826872355,9.5821756413706,147.0211202547878
650,103.71,42.92681427031524,10.715427723398758,163.70290778073152
651,53.78999999999998,122.60985250733451,31.89644069284971,463.4695692019375
652,82.79000000000002,62.97126273524391,15.99370286915422,239.81405256118165
653,84.41999999999997,90.52359407393749,23.27517371689912,344.0672843745522
654,48.209999999999994,85.54712552787944,21.924991547174937,325.73534128572334
655,90.41999999999997,60.176444469763375,15.18653667941506,230.2142141389376
656,54.53999999999998,93.26657201425569,23.91802457346712,355.61681659873324
657,64.92000000000002,64.00647769314614,16.169624361606125,245.12315639934025
658,61.829999999999984,70.89341868973956,17.975547634263094,271.3854800145754
659,96.95999999999998,66.2655011962669,16.743669334675204,254.00067465429962
660,81.41999999999999,93.02159685641543,23.789208809573616,355.6092303848063
661,47.07999999999999,80.03375903888681,20.355877437198288,306.47835687306866
662,138.45999999999998,56.45375505331797,14.136092919827664,217.08362218776878
663,111.49999999999999,107.06414089277493,27.460617237101225,409.3164189872269
664,105.61999999999996,97.19744215493704,24.855332437751017,371.9496678871928
665,35.28999999999999,94.25010399423914,24.07376575766482,360.8356492039881
666,46.49999999999999,52.78135203274892,13.154820083440042,203.34267687050095
667,81.41999999999999,57.68053125711816,14.441782346215453,221.9927006749676
668,61.66999999999999,79.2465428673751,20.114016685925396,303.9873331992793
669,104.38000000000004,71.29051074855117,18.018479399377583,273.7810608064397
670,115.33,89.76019016655412,22.87521920305733,344.01932941475275
671,109.12000000000003,95.49466326149263,24.381607124028076,365.84911213262683
672,32.03999999999999,94.10728061890234,24.014905183776538,360.60020436891523
673,21.17,54.17504919139134,13.511145914700972,208.7895005099731
674,26.25,43.530814194665126,10.71109264289595,168.32608026482387
675,108.57999999999996,45.54125559911142,11.239283850897456,175.97836729090903
676,39.46,88.57634766935738,23.170780055072346,330.96785720193293
677,105.96,54.8609853907052,14.406656565883464,201.5390567691702
678,52.03999999999999,70.53412689820001,19.099729356113492,253.58707529966642
679,41.74999999999999,59.76902558403449,16.347014964114422,211.88241683496827
680,47.74999999999999,58.01491472641797,16.412782646572982,199.01169433145301
681,31.21,61.99426329019916,18.116867222736126,206.5798906399983
682,29.709999999999994,56.251944516923324,16.794422274213407,183.2029541874384
683,36.67,51.19674304839097,15.55610967450108,163.56160525777943
684,56.38000000000002,52.39856851880524,16.369784292946175,163.15904030630287
685,29.250000000000004,59.10492141822172,18.974792499879086,179.8580278725036
686,27.919999999999995,47.44440966548575,15.39559675710462,142.1397016287593
687,27.669999999999998,44.35420566922865,14.589268802096534,130.94999701397504
688,42.03999999999999,41.590619306272764,13.833309639368956,121.28969103951269
689,31.96,48.839070012190604,16.55304940441853,140.510050046049
690,76.07999999999998,43.314500465421574,14.756445827591055,123.63311669317518
691,40.32999999999999,60.882993800727405,21.181658369092826,171.64285915956435
692,36.08,48.97763697579912,17.03774171620568,137.47432993458892
693,18.83,45.044464983005085,15.715526638302482,125.83373975864657
694,40.21000000000001,32.793528648203676,11.329115875139458,91.62647784823784
695,31.580000000000005,45.28039271036026,16.042437954132197,124.67889378208568
696,23.210000000000004,41.15031086299784,14.644666797375189,112.56257879173457
697,61.50000000000002,34.73364120003024,12.43942929189824,94.01096256983584
698,68.20999999999998,48.01844488980297,17.644056016472373,127.87796181752105
699,36.74999999999999,52.514459792470696,19.549333193714308,138.36206006703662
700,72.66999999999999,41.80293901487828,15.57005840352937,109.56639292962052
701,72.49999999999997,51.11707539932928,19.315418211513578,132.7008925880737
702,54.12,42.996635248653575,16.25087719303617,111.20901357900053
703,71.0,39.62962022441312,15.010266948065414,102.10671551791386
704,71.25,47.23740902802547,18.088827794694275,120.8957840032366
705,26.540000000000003,49.59850891875198,19.09539568678136,126.4027714958166
706,32.5,43.32178801006043,16.65652109710417,110.25752811695838
707,12.619999999999997,40.97567269049144,15.76544939805834,104.09453435965315
708,36.61999999999999,29.551746880441858,11.15043997681404,75.82102370183779
709,38.17,37.68273339334045,14.32818632325076,96.62106430755559
710,47.71,38.81874842548656,14.729547598269653,99.7996394217089
711,68.91999999999997,41.204055840677306,15.627983101730006,106.11956576487563
712,35.38000000000001,46.33409010735097,17.607484404474693,119.40940288263927
713,31.5,39.40050389157327,14.851648025089155,101.96725691295096
714,26.38,37.52729479765531,14.214961399409235,96.55873876111656
715,18.670000000000005,35.60810250959979,13.536908367750236,91.18969642310341
716,24.919999999999998,30.974495260737577,11.75651818409278,79.14478029387442
717,22.539999999999996,31.46698770874184,12.004660806872987,80.0559618996366
718,17.579999999999995,30.15790001241877,11.522599842784995,76.52501440371654
719,29.709999999999994,26.437503015812183,10.05910054318254,67.07213378729807
720,14.88,31.754898620098018,12.234667764853786,80.06613650416422
721,61.58000000000001,24.40409682465339,9.349230648760734,61.35904458788382
722,40.75000000000001,40.267168939249046,15.929392611173256,99.59304969609894
723,62.78999999999997,38.3453415915176,15.237066011447808,94.34086415992645
724,23.750000000000004,44.47023124230375,17.932463855864313,108.20617332055049
725,23.210000000000004,33.295866089073996,13.441807934738353,80.44454185479408
726,20.499999999999996,30.537105010742874,12.408075860325033,73.17835361460378
727,50.25000000000001,27.874904886822552,11.376712822208264,66.36523212585041
728,21.92,37.93264989831385,15.803812076338566,89.20281952801686
729,21.880000000000003,31.087484929976135,12.93115948904624,72.90674767172125
730,32.78999999999999,28.842036980636042,12.021293421069615,67.39160614510573
731,18.869999999999997,32.38550136261418,13.629568851299547,75.18759736272777
732,17.960000000000004,27.2673404677444,11.431666283464391,63.27477370287866
733,30.379999999999995,25.604202662889577,10.736261960441201,59.30741318775857
734,26.209999999999997,30.16776426856331,12.785422410578398,69.46788270740942
735,24.540000000000003,30.26548663505668,12.85939488258482,69.53198662773042
736,46.71,29.028715120668817,12.336312923845462,66.61417019437155
737,51.07999999999999,30.373297521109198,12.955845534436747,69.52842444546026
738,33.07999999999999,32.488607089110765,13.917137219183315,74.18110132597138
739,60.28999999999999,30.53711058417491,13.064161802690993,69.71799641896723
740,34.709999999999994,37.27428105997957,16.08547331858345,84.74070869110498
741,20.709999999999997,33.661952958176315,14.48591310725701,76.58347696732223
742,19.92,28.629045178461443,12.442577848744776,64.3059500986474
743,29.920000000000005,27.451804381611822,12.078371374231205,60.89648155767342
744,66.46000000000002,28.63015136958569,12.77224775267522,62.74746417221705
745,44.54,32.80943860474005,14.66292811109709,71.97984965900616
746,56.03999999999999,32.32379277641267,14.394615737861395,71.13399697104485
747,51.580000000000005,35.40564862735126,15.778213593878853,77.99358561400685
748,83.54000000000003,36.324045322055646,16.1665804832903,80.15095260578379
749,68.12000000000002,45.265028680006,20.13802136905696,100.26079642889822
750,38.54,47.11138613702061,20.857894013067785,104.8979183740962
751,83.21000000000001,37.784260338423685,16.536081957129912,84.77850249992878
752,93.07999999999998,49.668991139944445,21.816468526968368,111.52164900564006
753,88.58,65.36555996238998,28.781302008328943,146.89103404175563
754,35.790000000000006,69.88603225509307,30.716271135322902,157.4306536991943
755,58.88000000000001,45.144132246753934,19.59445924525977,102.3909613963772
756,82.08000000000003,51.28041819477469,22.346997043378042,116.07039331620436
757,41.04,60.069497736191515,26.285736418410963,135.68253246169465
758,44.74999999999999,49.83041099725514,21.720684186910404,112.7171161262119
759,76.46,44.872869470562684,19.512196854096967,101.58872652360388
760,38.33,55.17655170531702,24.127313470731405,124.59261320061437
761,31.580000000000005,46.208852571364815,20.12170294643996,104.51591255479232
762,38.74999999999999,38.9691203584921,16.88658395571014,88.31445971949432
763,35.75,41.969470946480115,18.232934451915977,95.00071367354255
764,104.92,39.51096336362282,17.13545417811137,89.49335828763341
765,54.580000000000005,62.65071518825064,27.4208097400636,141.55095407308875
766,71.0,38.97618721772696,16.810668883413655,88.72686848134029
767,58.25000000000001,54.87654297027402,23.84833155604,124.64980659838122
768,71.17,52.553288704645226,22.777400261887703,119.61683361069822
769,69.79000000000002,56.731314717983,24.597857139334312,129.20248847101254
770,76.32999999999998,57.03812654992457,24.774477854350334,129.68835584021426
771,37.42,60.29547534002668,26.25753552421038,136.83840779819212
772,115.83000000000003,46.10097675290805,19.969231273256604,104.79796570355832
773,81.96000000000001,63.60989490088369,27.713716973362157,144.38133544242567
774,74.83000000000001,55.417374039457734,24.03544789014326,126.13653486348177
775,72.95999999999998,58.601764932942785,25.41501837032319,133.48297984576814
776,89.0,60.51620815753287,26.234114495252076,137.9523373980325
777,73.12000000000003,62.03822247344925,26.882375934557757,141.52076300595618
778,102.04000000000002,60.95607787342046,26.382401728499566,139.1833054498714
779,85.20999999999995,70.15319432284657,30.426394172033188,160.09952146053732
780,78.28999999999998,72.6970788089088,31.53164889291297,165.95309367333408
781,65.61999999999999,72.14217796417255,31.271265355421825,164.77528455802826
782,52.5,69.38903767211458,30.043922595192726,158.60021190020646
783,61.209999999999994,63.786163550416774,27.56299648584689,145.94701200769
784,98.67,64.21955174945644,27.74562537541249,146.97346987059547
785,151.11999999999995,69.02399562784176,29.855488126777708,157.91370583869184
786,78.87999999999998,80.74573550594236,35.01293213378873,184.5546015687468
787,110.61999999999998,78.86387028646756,34.1775344436828,180.31565722279106
788,126.74999999999997,84.4516716188273,36.63301593335759,193.03143759146545
789,71.49999999999999,95.30061318779069,41.40537602409626,217.69416026578267
790,76.32999999999998,84.14255413444094,36.487841431492356,192.3761520460961
791,81.16999999999999,75.95792492541823,32.88099991226087,173.8036428725076
792,153.04000000000005,78.1061038748261,33.82395625367313,178.69743657700366
793,104.75000000000003,93.19612916313456,40.575929099860296,212.41461132489147
794,52.53999999999999,91.40177810559696,39.87510765507709,207.8823513108341
795,112.37999999999997,77.91537804362346,33.975541372412124,177.05691198479113
796,87.32999999999997,82.38800962920656,36.01749289566416,186.8452484483388
797,185.79000000000002,79.78023608384038,35.05655504135661,179.97809217426203
798,136.57999999999998,88.68753366152265,38.97378551088409,200.2282197315681
799,163.7100000000001,92.4494383677526,40.598662137431155,208.92976895260486
800,202.1699999999999,109.36137191136153,48.075000093734154,247.18405271308285
801,161.25000000000003,132.59344235120562,58.35233744220541,299.6993255593968
802,171.41999999999993,137.5993205992566,60.52928039303153,311.20536869387973
803,83.82999999999998,145.00029561568311,63.772746181079555,328.09035939707303
804,112.25000000000001,98.91517885432046,43.30270153622248,224.3371153298311
805,194.32999999999993,104.29128851863251,45.664575570456755,236.5732619956069
806,199.95999999999995,129.38848190265324,56.76447459407854,293.31854669065626
807,111.66999999999996,146.58488049542953,64.3606221727338,332.2480050952854
808,97.11999999999999,122.03079840344223,53.470700003762786,276.8847592328137
809,129.17,101.65553686055048,44.4386140690473,230.92078948786454
810,90.28999999999999,116.4863873869109,50.9923914567335,264.4821375684129
811,137.46000000000004,100.08261255430186,43.72515108714919,227.45522737068939
812,145.20999999999998,117.7438679136346,51.53166871402176,267.4115413095015
813,135.70999999999995,122.79896292861571,54.4126834891298,275.58258465694547
814,160.92000000000004,119.3208020571744,53.394218177338786,265.15136484695455
815,72.16999999999999,117.09151900245651,52.839695834817235,258.0209072334535
816,121.54,108.54360339507812,49.302781422441775,237.5514419968962
817,98.46000000000001,119.6203611548932,54.72865041473502,260.0734589275097
818,177.17,112.45620118172822,51.69156835857141,243.2954344989587
819,174.29,129.06054373946526,59.670167056310135,277.81487489733223
820,178.46000000000004,132.43788794012548,61.479567154007576,283.983887516887
821,163.67000000000002,137.13620530563836,64.7489750333472,289.2191434400837
822,185.53999999999996,134.3815345950482,64.34240556562631,279.4941102283484
823,135.61999999999998,140.51323927309068,68.11603979827882,288.74456505335996
824,159.79000000000002,133.613256442993,65.4115748155808,271.8549783754818
825,262.66999999999996,138.44108383587817,68.3848648034124,279.2313720206045
826,259.67000000000013,162.1965853067779,80.71654542059261,324.9208440434252
827,118.75000000000004,169.9476659333799,85.05543431064874,338.58464938517324
828,141.17000000000002,135.0561430383833,67.80215570324907,268.05078582598617
829,144.25000000000006,146.72263995873524,73.99018087989575,289.99780931757186
830,202.50000000000009,144.19650763376856,72.9496195699732,284.0863324468439
831,255.20999999999992,160.37254756870794,81.41732159540658,314.96633577408414
832,286.9200000000001,175.41099705932766,89.31132285263963,343.59510613354394
833,292.17,190.72601694021378,97.34927226693264,372.7583891011499
834,295.2100000000001,205.04568702805605,105.28574599180962,398.44043998275356
835,294.7900000000001,225.58851402583983,116.4377102166482,436.1879747461206
836,295.7899999999999,240.40391027387045,124.6213460953078,462.9008393629338
837,300.3799999999999,252.6080963417074,131.42479101770172,484.6875063632703
838,293.2500000000001,261.45059194808323,136.4414482204259,500.16114247741615
839,306.75000000000006,270.50348127888236,141.53448632619993,516.1670537181617
840,305.54000000000013,279.17741865705585,146.39776910386834,531.5683448439045
841,289.7899999999999,279.9749414452563,147.41755149783566,530.9244046504601
842,270.75,273.3728019105831,144.43021298107746,516.6395804223923
843,198.17000000000007,258.638694209984,137.0239717485164,487.40973547618677
844,223.11999999999995,209.07278690437838,110.9529894947274,393.1884535370158
845,232.21000000000004,214.26194631319504,113.96134484851206,402.0720551469316
846,223.29000000000002,221.17009827644034,118.22527412082408,413.0024246716489
847,160.99999999999994,216.7216120809523,116.31882127748315,403.0502610831005
848,138.78999999999996,166.16078680792495,89.50222718174096,307.75183425189834
849,280.88,150.47141164221438,82.11257034928907,275.05437358587733
850,173.25,295.0413186207703,161.64530483745668,537.844096473058
851,229.42000000000007,190.83138613404853,104.50646005846635,347.7869907275642
852,293.2500000000001,220.86490132773733,121.2201876505321,401.7488043293994
853,189.0,259.682395687406,142.79929589505227,471.5705435367396
854,280.25,197.65759034052317,109.88984618175175,354.89226208519653
855,264.88,246.5036168800248,138.55278086294143,437.9596537589407
856,134.70999999999995,247.36000683728187,140.23859435955842,435.72689661004324
857,197.82999999999993,185.185313095014,104.66013268443207,327.079947768189
858,183.24999999999994,204.9784803477788,115.68566064438882,362.60195530521287
859,294.2100000000001,192.00118131434115,108.16942634721629,340.2077651691444
860,247.57999999999993,243.83629523243061,137.31219334785888,432.4022186487863
861,332.7900000000001,240.25428831642685,135.1403233238755,426.52676216729833
862,212.58000000000004,264.8940347555848,148.9057656822001,470.627207911984
863,316.2499999999999,245.3204195118592,137.76133332030972,436.2525660908869
864,350.5799999999998,262.33925730461283,147.24949238924583,466.7760666840274
865,342.32999999999987,281.93062385016805,158.1881339141024,501.8624680997892
866,337.4199999999999,293.4821475386909,164.60744740780598,522.6463491007939
867,174.99999999999991,299.22048110451874,167.7651779681951,533.069518130184
868,229.75000000000006,239.83575573229976,134.30694953256648,427.668752340675
869,292.53999999999996,237.7165656726883,133.05246886963153,424.09921083200965
870,264.53999999999996,250.91543067880275,140.40708908298996,447.78502644829933
871,311.8799999999999,249.947809137953,139.81546392860105,446.21510801590057
872,359.9599999999998,257.84940370090607,144.20683556816962,460.4315402862631
873,139.71000000000004,272.7818747331251,152.5453232870862,487.17191776161866
874,155.20999999999998,235.11490466534292,131.39253850630897,420.09811348973625
875,254.75000000000009,215.68645181479272,120.47693920753255,385.5179572879213
876,279.78999999999996,237.54062465248737,132.7082220794195,424.5656737085372
877,233.33000000000004,241.73066322832287,135.039188249271,432.097077610482
878,242.75,233.08831217703673,130.18108024363102,416.7228743361737
879,365.1200000000001,240.65356777085063,134.4078850500579,430.2632664987934
880,300.5800000000001,251.72337118711485,140.59943803845263,450.0547727374171
881,282.5000000000001,248.12378068189182,138.57315088261737,443.6604358271939
882,350.28999999999996,255.79956669576887,142.86527180686915,457.3873274410754
883,372.8299999999999,269.02897511592437,150.2692978943374,481.0254236460366
884,327.42000000000013,277.45501848562435,154.98304738361475,496.08733494056804
885,289.9599999999999,271.3124796645017,151.53676624680708,485.1391021037321
886,222.41999999999993,268.84361020513785,150.14927628633947,480.7460973521265
887,205.82999999999998,247.78917285526902,138.35235463818623,443.16940561008477
888,316.2499999999999,238.3051422222047,133.03722639889008,426.24661373971725
889,300.96,293.5189859122991,163.96001199503334,524.8330913883583
890,282.5800000000001,266.5966330645621,148.8784565592197,476.77352176826236
891,301.29,293.14284928914367,163.74455476320867,524.1767860388054
892,177.37999999999994,269.83070721113404,150.68608882650656,482.5596496418167
893,320.8800000000001,227.58084508430645,127.02167286242181,407.1277925152969
894,224.57999999999998,330.2489407003561,184.5216525138175,590.4450374299882
895,238.21000000000006,234.09299381150728,130.66694784174842,418.7615016160724
896,269.88,283.40633481233533,158.2845954255413,506.8140988165887
897,337.49999999999994,250.73621443656376,139.98666037919645,448.4831034965239
898,381.9999999999999,284.76452762051775,160.1789876594503,505.65019325420525
899,357.2900000000001,280.224988928941,159.45603997027624,491.8919747286147
900,198.25,287.4388718081131,165.19107496380238,499.6104135740022
901,345.7500000000001,242.10085213858892,140.23891584279448,417.4259271452278
902,358.7099999999999,300.65154009811675,175.5002514950954,514.5440339193754
903,378.0800000000001,277.4802220959424,162.9250189729611,472.08967590479403
904,360.03999999999996,299.206775417807,176.61957001559546,506.39965195752063
905,336.62,306.8096103585246,183.9376362887693,511.31733102247074
906,356.96000000000015,296.0084030703501,179.79388883014485,486.925737231507
907,368.6200000000001,305.78363458765176,187.82882819944857,497.42070910592395
908,367.42000000000013,312.1462088964877,193.73475510015504,502.5595628310348
909,366.8800000000001,316.16981568687964,197.96621162074243,504.5968607102027
910,369.88,330.2338316689947,208.33635825824658,523.112734906631
911,366.6200000000001,339.5571526848786,215.5903500070741,534.4771080107848
912,206.95999999999998,340.71681638958813,217.49610588884235,533.4277515995695
913,249.32999999999996,278.67102361615065,177.2410839705716,437.82072364090476
914,367.99999999999994,282.75284218362606,179.341678335028,445.46182840612454
915,372.29000000000013,319.6697901197027,202.32470310582795,504.7384209821909
916,351.42000000000013,319.1753341468954,203.19531477090936,501.0303463430911
917,371.20999999999987,316.34728809851975,202.39469670294838,494.14221804203527
918,210.33,324.76406145042756,208.66835925881063,505.1432450171592
919,322.53999999999996,285.30031975647194,183.6340459576464,442.9477706698843
920,327.95999999999987,309.76863671791745,199.7512831546742,480.07859660903137
921,367.37999999999994,313.04246510911315,202.15664848856082,484.4513530595171
922,367.53999999999985,320.8382518927118,207.78511852058602,495.1074865646794
923,358.57999999999987,323.29412104750065,209.88092150623174,497.7017137198124
924,340.04,323.6832904054697,210.56266961549997,497.28847055160765
925,360.32999999999987,325.34978770733454,212.01549061696642,498.9832811602078
926,317.2899999999999,332.5698451719238,217.0474815758056,509.29638500703294
927,160.61999999999995,320.91559375918837,209.69162840151228,490.85461373835483
928,312.4599999999999,284.46956583606925,185.7385475498653,435.4009150112545
929,343.41999999999985,364.27296560300255,237.83350656663012,557.6500040068263
930,340.04,355.0543923830919,231.71645902776763,543.7604817679272
931,351.29,328.50379308169266,214.29267039590462,503.3030468968918
932,256.11999999999995,325.32360707854366,212.15556810844765,498.5745477433367
933,340.25,318.5008172595795,207.649630872797,488.2449212707816
934,346.71,333.9523092211659,217.69631392404634,512.0084153661428
935,341.38000000000005,322.86704660648957,210.42247934215274,495.11500254834766
936,343.3799999999999,330.71136144611194,215.51190138802198,507.2049836846539
937,341.62,322.9249661583644,210.40357235142673,495.33685246468525
938,342.6700000000001,329.0449845204393,214.3751232334185,504.7672871951956
939,328.67000000000013,323.53840824888607,210.76287753286925,496.3731923923841
940,337.04000000000013,303.64484918644763,197.767188637694,465.9205454477778
941,327.0799999999999,299.09516004837235,195.12955434000844,458.17151745695617
942,164.03999999999994,299.1477104161329,195.44559770008559,457.59336693095827
943,102.87999999999997,363.26720734828643,235.61640870202314,559.7835867225084
944,295.2100000000001,178.43480951037756,113.28493929223677,280.72435548743016
945,302.67000000000013,373.37777540545494,233.43687129161086,596.8527095390082
946,308.66999999999996,254.99615375169137,157.0111806863102,413.7429976221762
947,319.61999999999995,313.95475454102416,191.0349555391233,515.5543800581006
948,183.07999999999998,260.0668972544263,156.52881609997388,431.65687211664687
949,85.29000000000003,277.53803620821634,165.589406005939,464.71651508238017
950,54.74999999999999,150.59658047108678,87.74106069909946,257.9728253130955
951,186.92,87.87309408489273,48.31981332092174,159.1471360166652
952,266.24999999999994,352.65263230590443,185.96437682084016,667.9519493691814
953,312.38000000000005,214.5570812669169,108.35420462058359,423.90232035912226
954,291.29000000000013,309.94261325124063,151.31089607498063,633.7891794157242
955,281.92000000000013,263.4411301937123,124.73049932906257,555.1825627933684
956,279.88,275.38277739350787,127.12219876358353,595.2076859194606
957,288.50000000000006,265.60350599482706,119.95693343982079,586.6259209572029
958,107.37999999999995,277.9264723276705,123.25344110700063,625.1394153113349
959,85.38000000000001,121.02186617071834,51.96900647253499,280.09524447102814
960,264.1699999999999,142.79614857695915,60.063553099080195,337.6198689096324
961,236.66999999999996,334.7711721733569,138.9462540824614,804.6112741412732
962,117.66999999999997,194.20913146509758,79.07899186658247,474.86269655899486
963,111.25000000000001,152.9927267728556,61.323837139397355,379.49261706880617
964,79.96000000000001,162.81395198256462,64.54205340197076,408.4319520257675
965,137.88000000000002,108.18574649650543,42.26114474615593,274.57123853174187
966,278.49999999999994,221.84661414873395,86.56621293365524,566.1207166990332
967,266.38000000000005,255.06872558397498,98.91386651144094,655.2771966661169
968,116.21,224.64593289304995,86.51744476126483,580.7821483484425
969,81.58000000000001,120.98057635755919,46.070196291292326,315.1079022582042
970,254.46,132.47483036466167,50.28314887951859,346.3954062908636
971,273.7100000000001,298.95219735727176,113.82311783069296,782.564515571844
972,98.57999999999998,179.16867762232133,67.75404632941759,471.12861102964735
973,78.45999999999997,119.41461307533834,44.829339419664535,315.3842033442423
974,180.49999999999991,131.729582620929,49.40234565017539,348.53020291952845
975,263.04,222.3011912832991,83.63302886991248,588.1721316648666
976,218.11999999999995,206.39978588372446,77.4780309913768,547.1109890402478
977,157.78999999999994,190.0588819059717,71.19453679327688,504.62685178914296
978,134.46,152.0682532412926,56.771007351947766,404.56485379600264
979,223.75000000000009,155.59429509148146,58.04257709696208,414.3235590466747
980,245.92000000000007,222.72866745316293,83.28317296645646,592.8850529546269
981,86.58000000000001,180.83216378766036,67.4502973080729,482.021069125483
982,215.41999999999993,84.86976070992486,31.305574377256157,227.24592803311825
983,141.66999999999996,368.8948813509221,138.08754157036844,982.7130033705455
984,121.70999999999995,102.77764603874164,37.98991148305684,275.22016587604696
985,58.95999999999999,207.3802836175428,77.2344086672063,554.0287059142689
986,167.38,98.92376475725978,35.779037438897696,270.4796106301646
987,140.77000000000004,199.90555605826552,71.71187611513324,554.1093523040079
988,114.16999999999999,135.98639949911654,47.87315904410719,382.95868028085147
989,222.25000000000009,152.50131328263652,53.10254315325702,434.51840276247043
990,32.58,164.56896916310873,56.75508932670136,473.6436005780849
991,51.25000000000001,198.35547934515753,66.82382364411588,584.9682484649396
992,43.919999999999995,149.43464246063112,49.35813769466088,448.3927434226243
993,114.08000000000004,100.22401912448422,32.88483536570887,301.3860655401946
994,209.12000000000006,136.55101568884203,45.04533154596967,409.90554203400353
995,70.03999999999999,150.26353971979202,49.63561182979884,450.86890454626496
996,187.16999999999993,118.88824704138372,39.13270317082384,357.1416312147408
997,202.8300000000001,158.525504672308,52.401312348654685,475.54983598161823
998,201.11999999999995,130.2998702973675,42.952754761632235,391.23152299783897
999,57.25000000000002,158.58900940594907,52.4225706178183,475.7395433921222
1000,41.32999999999999,110.29801987361216,34.88446334393032,344.198118446495
1001,29.709999999999994,128.37497092465318,37.89501928883199,429.3348708342416
1002,38.62,72.08364596529853,20.629914422464413,245.93668237696812
1003,30.420000000000005,71.95923145182977,20.307234526174728,248.82357271670344
1004,181.07999999999998,53.51307873167869,14.740841634223383,187.78760245864166
1005,109.62000000000002,126.4052010207873,35.43617168185432,444.4937085289618
1006,77.04000000000002,112.81611916133821,31.284565594593822,400.24773997631723
1007,176.67000000000004,96.05410927262355,26.33907742669896,343.5434525710586
1008,19.96,125.49166761577212,34.42124198631398,450.7103601957575
1009,64.07999999999998,67.829950142839,17.900464350657977,249.65849964161188
1010,125.38000000000005,81.08122382605305,21.167056174969783,302.93423698678396
1011,149.49999999999994,100.92739939076223,26.139943860653265,381.80089302711957
1012,52.830000000000005,105.12797269030162,26.92052638620437,402.4002236046154
1013,123.33000000000004,81.01183407620249,20.356477887071705,313.93680578360556
1014,151.99999999999997,96.50706454247155,24.171822155207256,376.70915339646507
1015,111.95999999999998,98.5739763396281,24.51620422479681,387.5756939682032
1016,65.33,92.89161264515593,22.909468228009843,367.7089499874581
1017,88.08000000000003,82.61658176865595,20.179587284747768,329.1165718044629
1018,111.83000000000004,89.0819998468207,21.713955589719593,356.2590720427125
1019,59.379999999999995,91.69887678806454,22.28383133295933,368.0578940762584
1020,107.16999999999996,79.5384691932399,19.16321494670033,320.6969633630746
1021,92.88,89.11668352685042,21.498397247641332,359.9597857345106
1022,127.58000000000001,84.13923646907385,20.205455552895177,340.8313541275093
1023,66.21,93.30708787382278,22.441637413544587,378.40296858708666
1024,82.66999999999999,81.70588098185364,19.522813230700653,332.3004433696254
1025,57.25000000000002,87.63105291869545,20.961134244691316,356.6984437120091
1026,64.83000000000003,81.1785458623644,19.337165085539567,331.0675901310635
1027,39.580000000000005,80.03653883779347,19.03348399910479,326.7972332272638
1028,36.379999999999995,69.47882653540576,16.40789894553898,284.34546330651506
1029,68.42000000000002,67.4934151835238,15.904673700578975,276.5178040462202
1030,77.04000000000002,75.43271841541068,17.85198188598697,308.8857446235877
1031,30.329999999999995,73.07611756742429,17.260711550246015,299.4960227734906
1032,117.66999999999997,61.34351091531296,14.361309876824594,252.0196568140053
1033,125.08000000000001,74.80453717507656,17.670677513446314,306.77286213578236
1034,123.33000000000004,71.25068698570573,16.789369626387096,292.4427627026943
1035,74.11999999999999,77.98394422831016,18.44164645028108,319.88143675561065
1036,54.45999999999999,81.8651158242018,19.392020750643177,335.7310922504726
1037,74.28999999999999,79.12655442096604,18.71401780417249,324.6700276499282
1038,49.92,79.17699009933503,18.7229582834761,324.93232967361394
1039,45.419999999999995,76.18839209276608,18.300917146990297,307.69247448148684
1040,39.62,65.41632582032369,16.05771620323842,257.6001714950528
1041,30.329999999999995,60.07407345598118,15.21846133222651,228.98744283435153
1042,101.71000000000002,48.19606946401324,12.440452321394043,179.07230655887534
1043,39.71000000000001,71.2481175205326,19.220464261971347,257.1439485085195
1044,64.58000000000003,60.92436269568684,16.69029499215495,215.76442913854748
1045,38.919999999999995,64.70341202472457,18.100030185221172,225.0173575553296
1046,26.119999999999997,57.336032317275986,16.211539923648385,196.72156829770194
1047,32.03999999999999,47.198489245743005,13.40082825181762,160.31671907682056
1048,40.040000000000006,44.082089409766084,12.644155753003806,147.95716688829972
1049,26.079999999999995,46.068492349004586,13.482535114506252,151.97342312598525
1050,63.42,38.89927211782787,11.888911872089343,122.51329044151615
1051,72.53999999999999,52.637669972513606,17.058747139734955,158.31335755568435
1052,36.790000000000006,61.65195549101685,20.936544711687162,177.9373658631427
1053,54.45999999999999,51.36596860817723,18.161577901577463,142.1090217286779
1054,48.209999999999994,53.974967245146864,19.88446546088294,143.7126827002446
1055,54.53999999999998,52.30786045515007,19.906650299794414,134.92459555004356
1056,33.96,53.43979396911217,20.93659771931489,134.102589987776
1057,37.83,47.678898023361825,19.17749396297869,116.43951538861195
1058,42.58,46.22278335609068,19.049830487150047,110.2224499516581
1059,21.92,46.34553920396793,19.516625525813236,108.2577373259637
1060,60.07999999999999,38.67819600447672,16.46404505504916,89.14860149564818
1061,19.71,46.359881077121784,20.122955243796348,105.1858205800941
1062,28.04,38.19137853846973,16.61637635496398,86.18956275663461
1063,64.21,36.64492765437985,16.033628720135706,82.19663422205919
1064,28.54,48.669724567061955,21.601430674165336,108.15598990765689
1065,16.33,39.50734174064675,17.520592320380526,87.59569426880131
1066,39.330000000000005,33.906822408779156,14.904657570373494,75.61191354083535
1067,42.21000000000001,38.23126137776183,16.822360549847055,85.3573523263435
1068,23.12,40.25818589157561,17.69623620923961,90.04709012087518
1069,63.999999999999986,41.542881038189165,18.23735654971211,93.08240276425096
1070,25.879999999999992,37.508899192362364,16.381724990553924,84.31577376891109
1071,39.120000000000005,42.149687123635836,18.446466660453922,94.74466824114589
1072,54.96000000000001,38.970401053013134,16.990082216000914,87.80631790096719
1073,36.330000000000005,37.19592580953206,16.172302677368002,83.95824793317041
1074,24.25,39.93823432761452,17.387806496038284,90.14404321275424
1075,26.500000000000004,33.816995976413814,14.625828005342953,76.5781743154423
1076,21.62,39.435368975824105,17.13495320051474,89.1584385762093
1077,23.96,38.18013352474429,16.561788148073326,86.41039637157921
1078,57.290000000000006,36.29161447208165,15.707044611351883,82.23821132251355
1079,56.119999999999976,35.11339848019674,15.172404200879292,79.64215645306271
1080,28.959999999999997,36.13738995766888,15.75078818255821,81.3355723824414
1081,47.61999999999999,37.12106963640667,16.29971475656277,83.00230701332686
1082,20.12,43.838211270447076,19.453829882213793,97.29284791703014
1083,67.21,39.48702200398673,17.534250727804174,87.4416087180832
1084,65.24999999999997,32.70637965101339,14.47655237638174,72.40911603233062
1085,33.53999999999999,28.058813756390514,12.376653320210742,62.126002948193864
1086,35.46,27.234634058241856,12.025461171725267,60.20278966654349
1087,35.33,27.859905132416166,12.338469383048679,61.44300604014977
1088,47.040000000000006,28.87974885896378,12.83146458289533,63.54843494873474
1089,22.250000000000004,32.05713849950971,14.322675107260956,70.31746892276884
1090,47.58,31.669714152251593,14.160239546238984,69.40193656139233
1091,54.78999999999999,33.70432469326813,15.119887673329657,73.71454992880892
1092,64.16999999999999,31.463214041372666,14.09124119026906,68.83257722867172
1093,60.380000000000024,31.819527251091372,14.267486432297696,69.55001317744919
1094,55.620000000000026,37.3885335124798,16.868712199225854,81.47261967220172
1095,72.49999999999997,40.07873318161293,18.18253856022969,86.96866559177361
1096,36.52,45.09319792336146,20.58308832837231,97.43739053827981
1097,17.999999999999996,41.658958334389546,19.021497057018955,89.89164116912123
1098,29.250000000000004,39.20332732722678,17.77641721403484,85.08178598481477
1099,44.96000000000001,37.83081354428024,17.05976030884115,82.4912565131055
1100,38.79,38.60157808140255,17.352914185677868,84.45155121802243
1101,20.96,38.75625835752181,17.3690432786752,85.04476861486356
1102,52.5,32.48180324909895,14.430325626663528,71.65116601779529
1103,27.210000000000004,47.966536113320146,21.5173910185074,105.48310263681792
1104,73.58000000000003,31.412942438637415,13.877560130772839,69.61633952716191
1105,44.620000000000005,41.22519612363582,18.259588119932854,91.57556166708541
1106,40.49999999999999,36.212678280856096,15.88258721899642,81.0243607731124
1107,27.960000000000008,39.6551574877602,17.360544749210163,89.02139386009699
1108,58.16999999999998,39.201980777469075,17.08572533353388,88.36325353981222
1109,50.92000000000001,42.211214844351694,18.375625680133847,95.36896991869533
1110,65.42000000000002,41.49317222853097,18.09048214333685,93.58481312761552
1111,47.040000000000006,38.89993136154212,16.954883988426683,87.6669345055052
1112,55.880000000000024,41.964896585921586,18.361100097087146,94.34490960648782
1113,55.00000000000002,43.09360392987534,18.893298082527966,96.73371411110178
1114,65.49999999999999,43.57523047406204,19.300540932765294,96.8767599541541
1115,56.83,48.26076341340167,21.61442489136983,106.3042017971983
1116,63.620000000000005,47.25542489393413,21.30387850958952,103.40274011952431
1117,70.62,49.28325328615059,22.37571893878278,107.16375606075084
1118,83.67,52.264836682647726,23.88361455193985,113.01650756593796
1119,92.88,57.85958344828385,26.612238677189858,124.46793486061787
1120,91.57999999999998,65.11924504123897,30.12806710190297,139.44413842053635
1121,94.70999999999998,70.37408346201465,32.703396582629786,150.14974473131107
1122,100.95999999999998,78.49123640347766,36.632659240570646,166.90885343923296
1123,94.08,84.40087361558277,39.51852427458608,178.99937916986852
1124,90.79000000000002,85.11877612597235,39.934826884670855,180.1768649304495
1125,36.08,84.35268845883219,39.63455857901421,178.28289815144836
1126,64.54000000000003,56.87760761866607,26.360531775786395,121.43246918997396
1127,63.58,60.41586480811439,27.859567141891194,129.69871878478241
1128,34.419999999999995,61.29050529888878,28.12172402292249,132.2375462159025
1129,62.75000000000002,48.0085638522239,21.81315193263385,104.2830988874323
1130,57.12000000000001,53.79190972500638,24.411489950287823,117.14157206784503
1131,54.66999999999999,54.958069755452925,24.94731294906742,119.67937735605408
1132,108.75,54.514689354554456,24.737487878355463,118.74287268045542
1133,67.16999999999999,67.67713757668203,30.83535645450206,147.15443428338023
1134,69.00000000000003,66.54410733873657,30.3064190544637,144.72750809506215
1135,63.53999999999999,65.97391398475173,30.03900171599756,143.5119013645688
1136,67.78999999999998,64.37714667036973,29.296380297735915,140.07861284928643
1137,126.96000000000004,64.78198166448165,29.48176024552017,140.96257292398886
1138,132.99999999999997,82.82020464201157,37.837822267885585,179.90166481961197
1139,129.92,97.65152606834266,44.707457520414636,211.92200712030774
1140,72.53999999999999,103.43875933239255,47.386643655531735,224.4228362797888
1141,51.20999999999999,77.21203063308391,35.26356041468838,167.68508402922131
1142,123.08000000000001,61.42719068354253,27.963683570830696,133.55312502323426
1143,50.54,84.57769841042993,38.715392756274184,183.4006053312802
1144,106.79000000000002,68.16471136749472,31.105788992334922,147.99983612584475
1145,52.38000000000002,78.3078794872958,35.821422033501584,169.81740469036708
1146,100.33,70.72947626773886,32.716108615319186,151.6011742442421
1147,151.45999999999998,76.85000635259202,35.97861724837511,162.8953519649232
1148,157.03999999999994,87.23658184163074,41.28731267990296,183.11419127124964
1149,137.83000000000004,100.02847326979052,47.78588502219662,208.21527623370787
1150,160.24999999999997,105.16194432021253,50.59586531955348,217.43530197712826
1151,167.62000000000006,117.37349491978242,56.846461701120916,241.23234900557856
1152,132.25000000000006,128.2681478983108,62.4649153100086,262.29908390225637
1153,72.25000000000001,120.67002767682644,59.032327581431765,245.59373093270702
1154,61.58000000000001,90.00020946970024,44.08991896457219,182.65608796138795
1155,80.06000000000002,75.83595077958464,37.20865030224669,153.5137890373376
1156,98.54000000000005,79.13842087353414,38.972761025603056,159.66357027452304
1157,56.920000000000016,85.73240392209736,42.37424908689907,172.43262531265302
1158,75.04000000000002,73.23364404515895,36.205701848658435,147.11261807770643
1159,156.82999999999998,76.88218874195432,38.1076108528866,154.10114760154633
1160,171.61999999999995,103.90903771643184,51.70912032067809,207.8045888003568
1161,66.78999999999998,117.97097413755507,58.80343792220567,235.67690652920186
1162,130.12,82.75752616644544,41.12010095385047,165.55523207812914
1163,183.75000000000009,100.00859668154138,49.81328395162543,199.7887664431876
1164,142.70999999999998,117.22739981698953,58.49321292135171,233.94643138477716
1165,80.67000000000002,110.67556533727286,55.21060382464918,220.8697371105377
1166,119.46000000000001,91.92048938403545,45.78059745446633,183.56834280008326
1167,89.99999999999997,106.2710819885487,53.015325037422315,212.0337089154184
1168,42.169999999999995,98.57024024453739,49.14549654855309,196.70933433185755
1169,64.07999999999998,80.17700327303146,39.79900360500369,160.5163430016115
1170,53.88000000000002,90.59159649837892,44.9535648898187,181.5542929963307
1171,61.66999999999999,78.56096085379167,38.85874124371481,157.8094930864561
1172,88.70999999999998,75.87473220082325,37.464771766407026,152.63991984243398
1173,51.71,87.12935803195869,43.049170748350164,175.32077097424272
1174,138.54,75.4955346600413,37.28281314654954,151.85101438406144
1175,160.46,102.58703446607251,50.896873378358244,205.76146771396785
1176,145.79,101.5698519277199,50.434361339038354,203.54369900942726
1177,106.45999999999995,117.36050667665424,58.39892613981436,234.8495422590496
1178,193.00000000000003,96.30328089544028,47.86373878732335,192.7618509755378
1179,108.04000000000002,146.90589746559914,73.27375154461015,293.5341261234814
1180,103.54000000000005,95.2264866853404,47.321071954443525,190.62523440154155
1181,194.17000000000004,104.48136371287013,51.96767598859656,209.05864205033626
1182,74.42,134.63193466743746,67.10694545997963,269.10492949565224
1183,172.37999999999997,79.69854321274725,39.52194340012539,159.70934240136881
1184,170.2100000000001,113.90344353661253,56.59605916790174,228.2309843297303
1185,73.5,123.98311477075183,61.55484462674954,248.71333668886143
1186,142.32999999999996,99.98158676485434,49.47765784607254,201.01572934789436
1187,162.62000000000003,109.92058654283923,54.38592985781555,221.13902611353106
1188,133.20999999999998,118.6784848526216,58.70409531175498,238.89878184787045
1189,101.83000000000004,117.69423675538182,58.16683054473212,237.1118222699353
1190,156.04000000000005,112.35422458272625,55.46741705811725,226.55034496312345
1191,255.25000000000006,122.96482928777793,60.718236289456364,247.99089514282173
1192,252.20999999999995,146.05066809881268,71.97299898451875,295.32739902733994
1193,50.120000000000005,170.65322940301746,83.94548850089419,345.8675227428326
1194,73.62000000000003,107.67316761383832,52.39464887632558,220.18054164153736
1195,187.4600000000001,96.51150626140796,46.61954951180559,198.6762663832278
1196,237.21000000000004,111.81239481722218,53.80714047242001,231.2076341640393
1197,205.57999999999996,142.11811539651217,68.14777678451742,295.21769357067154
1198,262.38,116.59372726239013,55.54973358171229,243.53315366163548
1199,218.92000000000007,157.0355927243666,74.32046458861191,330.58649119004525
1200,245.61999999999995,131.26634884727238,61.560810718731794,278.6381126843395
1201,237.9599999999999,161.4858880416809,75.35884227543232,344.7577803165322
1202,261.75000000000006,146.60317832756635,67.98449310159175,314.8202267329068
1203,145.67000000000004,167.54404832694073,77.40422360867925,361.3158921669305
1204,208.99999999999994,129.2002540190977,59.32712069895447,280.00307043049986
1205,219.62000000000006,175.26341997710352,80.39476582355107,380.7050507814744
1206,189.41999999999993,153.3460962149113,70.06952729903739,334.20298111093996
1207,239.12,167.9820046976393,76.6191179314993,366.8851122327024
1208,290.17,173.755512740417,79.10479758972177,380.2441970028093
1209,272.9599999999999,188.05705266236842,85.50774946904357,412.171876285741
1210,136.61999999999995,187.02929381989026,84.90866307172361,410.541910562493
1211,145.99999999999997,144.31478870271968,65.30834338758545,317.45747815303696
1212,128.33,170.79698874093359,77.30757774138391,375.90101254217217
1213,228.71000000000004,147.3200418302534,66.54426502206313,324.6950801277098
1214,248.28999999999996,210.2398570987481,95.12245278636416,463.2232478843859
1215,237.9199999999999,191.1061708280212,86.35777866994597,421.4555778786229
1216,225.92000000000004,199.16282688284147,89.97001935043278,439.4215537362064
1217,97.49999999999999,192.55452602187884,87.36215512489883,422.9751111841961
1218,107.29000000000005,127.01950859122255,57.66715328790227,278.3555449931413
1219,136.91999999999996,161.43739928030388,73.68139035146005,352.31303502483615
1220,107.33000000000004,162.1311880542356,74.20725672431541,352.8459674647655
1221,189.83000000000007,138.83159510422158,63.616731212993415,301.59771149579893
1222,98.70999999999998,208.99195849625363,96.23144100387127,452.5222575929591
1223,164.28999999999996,128.1762691425857,58.91306299206622,277.5120251956972
1224,130.75,188.91428548599112,87.21063294603388,407.878551565548
1225,196.96000000000006,142.0802490882483,65.53862663390919,306.6702768722661
1226,240.12000000000006,181.28443911121067,83.85842289935192,390.56533443355374
1227,200.78999999999996,205.7990246858462,95.35569283152846,442.8330040944281
1228,249.75000000000003,196.3750551165467,91.03375870112235,422.2893769858034
1229,163.03999999999994,212.02899094062616,98.39641194357878,455.5693076219046
1230,228.16999999999993,181.4550105444557,84.1771938736862,389.8303309703381
1231,113.46,199.11529161953555,92.46478609818452,427.46222210259384
1232,204.0399999999999,158.9367836040111,73.86524855464475,340.6775505784288
1233,86.04000000000003,182.270564285364,84.94966268256195,389.7880343582817
1234,204.88000000000002,149.43916563177783,69.66575287695319,319.2674794308549
1235,205.71000000000004,171.90625476482336,80.33002402639148,366.5957716070095
1236,304.6200000000001,180.96055276142351,84.6881464016708,385.39700065442423
1237,360.1200000000001,165.31410985043095,77.39717349265845,351.823729517895
1238,181.91999999999996,229.31958374875092,107.34886717680486,488.5954340864039
1239,227.11999999999992,189.09295086087232,88.2716145199687,403.77961736550765
1240,166.71,193.82064561401202,90.35832819159145,414.45291719725026
1241,254.75000000000009,177.98008551730663,82.82601039836362,381.1471505031538
1242,128.62000000000003,192.37659845254768,89.73215437493694,411.141749379726
1243,220.67000000000002,180.63896635951357,84.35560911728629,385.5324662473856
1244,179.53999999999996,169.96391993853356,79.44395012457885,362.34195269482166
1245,176.16999999999996,184.35970128336493,86.33755758311206,392.3956915060552
1246,248.70999999999992,175.18920693748422,82.11364001708496,372.49629537195665
1247,275.53999999999996,189.53202000827503,89.2976196723147,401.03109207278544
1248,215.03999999999994,200.88414817805457,95.05579676816491,423.3076488548432
1249,125.03999999999999,202.15473460272943,95.98495791697965,424.5489415877734
1250,235.33000000000004,187.81695173631252,89.39742901120493,393.38999154028886
1251,155.71000000000006,174.60603089674044,83.27650902124714,364.9083467675726
1252,174.50000000000009,200.93653238700423,96.11274200705793,418.9074423161064
1253,312.3299999999999,193.64660480662587,92.77093255855011,403.04099361057484
1254,244.74999999999991,191.00537579594254,91.63622707707358,396.96595238996997
1255,108.12000000000002,196.54807635734963,94.43099086615516,407.93678372493605
1256,185.25,210.37874044100974,101.22208100219765,436.09706819084596
1257,166.16999999999996,189.19716745530044,91.06280936140391,391.9378514402088
1258,216.5,204.08076992230602,98.34416629046605,422.3577447210616
1259,142.70999999999998,187.2870466504873,90.26926170838598,387.43320601886046
1260,78.74999999999997,206.99331385880708,99.87815546252347,427.84624933531717
1261,187.04000000000002,193.28141975907474,92.92949811645556,400.84681937514983
1262,166.62000000000006,183.33246403798742,87.87959982849841,381.2975954423802
1263,133.79,183.61940040043564,87.81425919622751,382.770841672056
1264,127.29000000000005,178.09874933398982,84.99085145264753,372.0206349993262
1265,89.17000000000004,176.5954900168992,84.1280750850217,369.5024228827187
1266,110.75000000000001,143.7651663962002,68.29373342752807,301.4364883389879
1267,230.6699999999999,135.01987713785323,64.02987527804213,283.5062657354325
1268,161.49999999999994,157.94592060726006,74.91340756832791,331.79767681288774
1269,315.7500000000001,161.53032095542517,76.5582974452793,339.59676527210013
1270,368.53999999999985,181.36767992493162,85.96065548316801,381.44848197630796
1271,376.62,212.67400164826626,101.03260233341553,446.470494099422
1272,377.1700000000001,241.67597197560877,115.02045219485223,506.5969474364749
1273,359.7900000000001,271.33677227846243,129.3336277331915,568.0574169153065
1274,252.92000000000004,280.2101051839938,133.69676921420663,586.0899778734431
1275,139.71000000000004,239.6875041258564,114.37174177668034,501.12013574751643
1276,331.3299999999999,165.33951841854116,78.78349329876887,345.79899617956625
1277,286.67000000000013,232.82532636131145,111.21220698374464,486.2400669910545
1278,312.9999999999999,243.4475668145899,116.36283143796848,508.1442681591776
1279,125.25000000000003,256.46609495744434,122.66071833571685,535.0537359379837
1280,180.49999999999991,179.9640021537846,85.91606379810841,375.7769574975583
1281,279.5000000000001,182.31088285983648,87.04259295280383,380.6661759708267
1282,148.07999999999996,223.71895361694737,107.30312444274817,465.271018260333
1283,146.78999999999996,182.07041184587794,87.48947955229893,377.74305355826516
1284,185.83000000000007,172.0657590017238,82.86215224818687,356.15464170537433
1285,234.75,186.8983091782404,90.24243976310346,385.94465737333934
1286,260.7899999999999,203.58707381186946,98.66126392681562,418.9813359946889
1287,355.88000000000005,222.32726275290568,108.08323225756469,456.2202826823244
1288,366.66999999999985,268.7954639109721,131.08203319683085,550.0938209019268
1289,353.54000000000013,286.1956191160581,139.8739956375236,584.4971548594733
1290,363.6200000000001,286.95608076367387,140.48050707853545,585.0786490024915
1291,337.53999999999985,301.8085105290569,147.98692710943268,614.4432192663211
1292,240.57999999999996,294.26875966426985,144.45071411455496,598.4033165420676
1293,147.79,238.17444684293972,116.93797530167564,484.0381387021611
1294,111.88000000000002,174.0231332226767,85.37912401588412,353.6354227608255
1295,345.6200000000001,142.9885842617183,70.11474987177806,290.5388500286598
1296,359.75,303.86813761136625,149.46008813855534,616.735789474165
1297,345.8800000000001,273.23523728162024,134.2566209713777,555.0168872089525
1298,325.12,278.73050604523775,136.8929961429223,566.4628748455193
1299,330.54,276.8492954304345,135.9032357849719,562.9036252762058
1300,341.7499999999999,283.92388050915747,139.33467541948912,577.4858050352001
1301,335.5,295.5843143176878,145.02973378172732,601.3585280979246
1302,342.4999999999999,292.97980204635394,143.70683126544927,596.2359649882568
1303,338.78999999999996,296.35195871114917,145.3318980255455,603.2304414989655
1304,340.67,292.4712960807753,143.39295175676804,595.4654131346349
1305,344.8299999999998,292.53966762138316,143.4017646942909,595.7069491823098
1306,348.49999999999994,295.0678869353865,144.6241971182602,600.9342623616317
1307,348.7500000000001,298.64121706007813,146.36347324140254,608.274856152205
1308,329.5000000000001,308.46257884683985,151.17754904010368,628.3115397810675
1309,334.9600000000001,293.740617923437,144.123035188566,597.6095297759729
1310,332.25000000000006,308.427363816775,151.51968906791913,626.7569411773593
1311,130.54,304.51856538809693,149.73184186411254,618.2559756614
1312,286.3299999999999,156.92924791310236,76.87126860302946,319.2933224774488
1313,330.1700000000001,323.5543773568932,158.95114154771176,657.5482469351439
1314,324.2500000000001,298.3672361973811,146.476068905394,606.6968471810184
1315,330.3300000000001,301.5863080337694,148.00860780995515,613.4509042476285
1316,173.79000000000002,306.67763426816083,150.46981407335457,623.9794865596588
1317,246.25000000000006,230.87370295530843,113.12204105140985,470.12208673157437
1318,262.20999999999987,300.03217313460993,147.12747991049122,610.7728413181998
1319,245.83000000000007,281.8812178369333,138.27338801071681,573.566215038504
1320,171.95999999999995,276.3149693592278,135.59740586617366,561.9945293840569
1321,307.50000000000006,233.6593069949057,114.63285976505766,475.2053837569201
1322,305.3300000000001,308.7642424968486,151.6943470219427,627.4049658751122
1323,307.9199999999999,283.53252153464734,139.29737707402924,576.0511003077834
1324,305.7899999999999,289.70850583136934,142.37797664299418,588.4310781992525
1325,222.88000000000008,287.70884706108825,142.12326463963007,581.3846918334123
1326,83.71,294.02679804959297,145.89371876597323,591.5427737728266
1327,200.88000000000002,171.31926123722832,83.52265641237261,350.3132342702551
1328,257.96000000000004,266.89684099241555,129.5215628738576,548.861002530872
1329,288.79000000000013,272.6098446886805,131.54411443346712,563.8107985069554
1330,262.83000000000004,280.76546071280296,134.83241768221782,583.4832640499448
1331,255.53999999999996,269.17387054388627,128.70685372167054,561.7607040819715
1332,243.92000000000004,267.1336537676199,127.27565050489812,559.4778147667906
1333,254.70999999999995,261.4078605149934,124.16187518986965,549.1506361709531
1334,101.67000000000002,264.3856003257254,125.26109417014695,556.8085420781817
1335,228.42,195.6828148348732,90.86225463490744,420.1101698419356
1336,268.29,260.4267157652766,119.1994194077532,567.5878355533083
1337,269.12000000000006,252.27228711646572,113.90648376281678,557.2526705247863
1338,241.5,253.18715253922946,113.02084362236283,565.6605022674063
1339,260.7099999999999,244.26964641794132,107.96503964390664,551.0779843752937
1340,251.92000000000004,253.85770085162292,111.30056753463505,577.3804045633437
1341,192.5,249.92191294026193,108.7987691936198,572.4290726207792
1342,127.95999999999995,251.89847104966364,109.01035696641695,580.3783213046206
1343,216.25,203.70137740777494,87.5976800693744,471.95430173599794
1344,241.70999999999995,239.40728252202038,103.8975034898217,549.972707326924
1345,245.61999999999995,234.23286039115155,102.34847633553586,534.4166850815632
1346,242.54,234.39399382478913,103.0259614628674,531.6586897114512
1347,240.78999999999994,230.91486111078575,101.99927592125196,521.1833097657498
1348,239.78999999999994,228.79984446657167,101.49216562126834,514.2390740966279
1349,204.95999999999992,230.87840150107638,102.79137893543533,517.0352514262398
1350,134.62000000000003,221.93006775517668,99.09114792729358,495.52557832015543
1351,64.99999999999997,199.92834243639447,89.44724772379828,445.36182758731263
1352,122.67,132.74102117713863,58.18197219106281,301.2315763279843
1353,55.420000000000016,187.32822851536278,81.1344337761111,430.82280591858756
1354,36.330000000000005,98.821905433168,41.08239682452353,235.78339534362192
1355,164.96000000000006,55.512726589129144,22.105873161093914,137.21976102228655
1356,200.11999999999998,216.0370545986927,85.03399848460658,546.5170734660678
1357,225.29,191.27820753996548,73.24075292594225,496.9867207389695
1358,225.42,203.7605278807989,76.31223232242311,541.3058230057501
1359,222.45999999999998,208.77697106324305,76.71520603319203,565.2518293996886
1360,187.32999999999993,208.68154118433168,75.43507198790712,574.2117132877502
1361,46.54,187.69360987041824,66.84632297418537,523.7930447089511
1362,186.04000000000008,77.53330149307003,26.60797003055003,222.3948905543114
1363,201.42000000000002,175.09487842618023,59.73053640845941,509.6064929077717
1364,183.78999999999996,185.1956431008666,62.176812898166084,547.7585701043121
1365,196.28999999999994,177.55808838305978,58.75253873492739,532.5838711130092
1366,84.20999999999998,180.4795320981265,59.01983890957436,547.7322386881842
1367,41.419999999999995,121.09201254436516,38.977093550471125,371.8750192485604
1368,181.91999999999996,81.39150467698164,25.74943842676107,252.7757965096484
1369,188.12000000000006,226.05744002479935,72.18633546218535,703.4358860849557
1370,185.32999999999996,139.7756260170044,44.09770671449329,438.4409011957708
1371,179.96000000000006,175.51118733636858,55.251232660796425,552.8758491350984
1372,161.41999999999993,152.37444541577148,47.66152410786146,482.4152020075161
1373,171.41999999999993,155.88168164488462,48.58689307684246,495.3380544448933
1374,166.96,156.70009127513026,48.68602720236563,499.52942826148006
1375,157.54,155.4291980246873,48.688548814410666,491.469483986017
1376,165.57999999999996,152.14833297199502,47.984255242980765,477.8153208772521
1377,168.20999999999995,155.38265900365673,49.31386833011005,485.05954677547027
1378,76.53999999999999,152.19297745342158,48.53470955850125,472.770585317117
1379,154.88000000000002,109.3419925326478,34.83088100413769,338.8006126243145
1380,151.54000000000005,167.81108345493163,54.01569929209751,516.9827260929
1381,156.21000000000006,125.72257834288952,40.42603276307897,386.64541981876766
1382,142.92000000000004,150.26422081014493,48.57801929067074,460.5122754935442
1383,152.12,130.70470029386232,42.26311676515653,399.9449474862247
1384,144.32999999999996,146.54804361171136,47.55892019354371,447.3300923264357
1385,145.50000000000003,138.879609996224,45.10904833454065,423.34849556498983
1386,145.0,151.35577017395113,49.29008925219393,460.5676975416216
1387,130.42000000000002,150.62935222835904,49.10831161951466,457.83526533026816
1388,25.62,147.61307125762053,48.15990572308327,448.2654048816062
1389,30.62,99.46372252157279,31.90084549716206,305.76900214501075
1390,56.83,94.0002449086868,29.778385288922298,292.22677093001204
1391,78.83,100.59684980328987,31.615659640292776,315.4712902878327
1392,33.75,106.87528925354009,33.36283543686954,337.6530210207555
1393,48.120000000000005,53.59864392451175,16.277337054929564,171.53885300252813
1394,43.379999999999995,75.64331798028546,23.117261261560582,242.56821146975622
1395,10.879999999999999,61.27281746186182,18.501909449965744,197.84739002545078
1396,34.29,22.79187226880202,6.277539436050386,76.78084763800263
1397,39.88000000000001,33.275527877469884,9.276632555680978,113.3187522677137
1398,13.580000000000004,40.89662723261025,11.349798120327716,141.1340945305849
1399,28.920000000000005,24.28992687165553,6.347682308162108,86.04518980947395
1400,77.67,27.324100203867104,7.128728534393581,97.69374391877805
1401,78.53999999999998,50.799418283916296,13.711451574659856,181.38715064486487
1402,20.25,70.8073855599077,19.266073672230064,253.43017253089087
1403,21.000000000000004,39.54821817114146,10.346100094383395,143.90952690152855
1404,57.70999999999999,31.27417391827455,7.965265483010063,115.1842116199454
1405,28.83,43.209265695574175,11.204767965609875,159.1389865705822
1406,51.03999999999999,38.01533948364686,9.714294784249565,141.07157313441684
1407,89.58000000000001,44.76937938126534,11.512912374174565,166.41395019034377
1408,108.12000000000002,62.233620178687026,16.221791539430292,231.17623507680247
1409,72.46,81.30814246103026,21.344361504764215,302.19194012058836
1410,71.62,56.17600092892394,14.774793080431607,206.23537009683966
1411,98.29000000000003,71.50719174336834,19.28159072858656,258.2150154721106
1412,96.17,78.4014010934041,21.4711073814622,279.56394322589875
1413,92.12000000000003,72.69694147693508,20.064921551009675,256.83334487635295
1414,83.29000000000002,70.4537406924141,19.596921456520985,246.88350383898302
1415,82.74999999999997,65.4976633534756,18.30637091748579,228.04041626317348
1416,92.74999999999997,55.6941333519111,15.560817121651876,193.08612104785277
1417,91.50000000000004,69.97252261773308,19.839430920895726,240.7100057024075
1418,88.70999999999998,56.39107689202689,15.925993280824628,193.5963023959131
1419,55.169999999999995,70.47962884998411,20.160168872270376,240.46014010441473
1420,25.46,42.8091145655526,12.010210070255175,146.5178731668297
1421,11.119999999999997,34.522788899086144,9.577972464531554,118.29209831091387
1422,33.71000000000001,20.379702260768518,5.381110163208597,70.63199773521418
1423,68.83000000000001,70.62288106952708,20.418828167564772,238.50129542884616
1424,18.580000000000002,48.70653745346799,13.88947422186619,164.93869123898068
1425,10.250000000000002,23.370674697526105,6.310499383429797,80.24339447437184
1426,18.88,23.53538433923044,6.368752209001112,80.69430421861853
1427,18.670000000000005,33.37108835661028,9.33326880837082,113.32700888037482
1428,30.459999999999997,23.966281678672917,6.512338721812382,81.97219333960777
1429,33.25,49.803061795066256,14.297889059315436,167.7128908927266
1430,50.92000000000001,31.06559751567341,8.661692983008098,105.42053580521006
1431,22.209999999999997,62.060127685339516,18.010790510015973,208.17487369061445
1432,55.83000000000001,20.966957336719354,5.625397755707828,71.83294262861887
1433,72.46,70.12778063433498,20.460929058816486,234.73821823373927
1434,71.17,60.23424043494087,17.48186211963241,201.8817322287612
1435,15.579999999999998,60.128743161004046,17.455153749826952,201.47586615088684
1436,19.17,18.485631549636317,4.815591338665157,64.28825957281444
1437,24.209999999999997,30.40494243236614,8.391371187721546,104.0187868699834
1438,27.540000000000003,30.91224710189806,8.570650812797338,105.40776003768366
1439,18.419999999999998,33.537548599888275,9.383426968165738,113.87943883524648
1440,66.5,23.414450773704583,6.355319006617993,80.03868860688854
1441,67.21,65.51441661278756,19.134944278013048,218.72584360069817
1442,51.92,52.75964872293598,15.340266891609186,175.86980573723395
1443,68.20999999999998,46.278285205271956,13.42006791164241,154.008718797112
1444,36.24999999999999,57.17827404857683,17.064274370320646,186.3704695734883
1445,61.78999999999997,34.47501641705164,10.183385009970074,111.53093662322651
1446,18.17,53.32934596755492,16.349520821167758,169.13022225149876
1447,17.04,24.363603635361226,7.1948580010493774,77.5019568721424
1448,16.33,27.295009385455884,8.233283373211206,85.70886874823562
1449,16.880000000000003,25.129437625572145,7.598938738729407,78.39904346028045
1450,70.21000000000001,25.63226273769537,7.827567732869959,79.34800071695871
1451,48.67,44.992671346225485,14.408469032610533,136.28332211883142
1452,30.58,33.079943469744705,10.521576403346232,99.80587119690279
1453,5.08,30.287079950840617,9.659305916256134,90.83350018667117
1454,9.25,15.936966679099328,4.781764015724451,48.61476108481011
1455,13.830000000000002,20.606738764679314,6.388319351169342,62.18773429456698
1456,13.830000000000002,20.442284521105364,6.342592816939777,61.61705870756112
1457,11.329999999999998,19.48510791100084,6.023366092672087,58.74907766280119
1458,15.46,17.727314016585666,5.427349321737468,53.56561837858845
1459,43.04,20.813246275016628,6.493050693882595,62.50120031124164
1460,16.749999999999996,36.276836059171245,11.81451208810274,107.4366300510519
