step,true_value,prediction,lower_bound,upper_bound
80,168.78999999999994,184.5281354918363,168.78999999999994,201.72506660626175
81,199.45999999999995,156.34357389818007,142.99630191587585,170.928028134468
82,152.32999999999996,171.76809341151335,154.22588465155016,191.29276204837734
83,161.87999999999997,149.73702503144108,132.69623692769682,168.94981487487343
84,186.6699999999999,154.5441332761032,135.95944681495448,175.6506652827137
85,230.82999999999998,167.60932950994462,145.88210839234395,192.55050325023052
86,186.00000000000003,189.32531944407188,162.2277379482913,220.921394468894
87,175.38,177.0067986383717,149.89390324144088,208.99138918675396
88,213.75000000000006,170.16455084368806,142.898114990812,202.59754863635376
89,238.79000000000002,186.78700027155102,155.4707442901673,224.37093199730825
90,253.8299999999999,205.20426222163152,169.2721837779068,248.71899000149227
91,239.32999999999993,217.86593687311503,178.3579065062268,266.0765914726114
92,157.49999999999994,214.13963590278203,174.2485369574408,263.11098055341813
93,248.42000000000002,165.9408950294942,134.20445182997446,205.12681058975346
94,169.12000000000003,206.77720964127954,165.81901669467666,257.7916515856904
95,111.46000000000004,182.39995313629572,145.42968244826312,228.7044031511825
96,217.57999999999998,137.119396299002,107.95481112891623,174.09064020521996
97,198.29000000000005,175.74609042112994,136.78993548279627,225.7159816114044
98,201.95999999999992,186.6711012200208,143.90305377362813,242.06211163884586
99,153.61999999999998,190.26734466268744,145.53098108543304,248.6618589688272
100,194.99999999999991,175.05941565979697,133.03956507411954,230.25200253618306
101,232.79000000000002,182.41226776132905,137.95123048411082,241.0997629754724
102,161.87999999999997,198.72320349754443,149.9522294103534,263.2515328931316
103,173.49999999999994,185.9858506679893,140.30123709079515,246.44092174907968
104,275.5,195.66797399702193,147.86887688306635,258.8144945130093
105,159.32999999999996,204.2297028890059,153.66012744704028,271.3341280210206
106,227.45999999999992,184.56337753751745,138.3657382021759,246.07483723997257
107,159.45999999999998,207.3105259604811,155.27363040404884,276.6749673872554
108,171.71000000000004,203.0285570302803,152.05460497771764,270.9790893578058
109,263.2900000000001,205.33672423283275,153.9873274684191,273.698870304808
110,265.67,188.9319511670246,142.0137099548909,251.2425723064694
111,138.62000000000006,175.7276599345876,131.63665148702856,234.47537905847759
112,226.67000000000007,190.25750633378735,142.33438442501665,254.2034801402082
113,260.3799999999999,184.26194885052792,137.85626205173955,246.17639078536354
114,262.16999999999996,173.43595906757594,129.30434161509402,232.51412116187205
115,220.2899999999999,175.18683030267542,130.0032388273524,235.9544405922159
116,154.04000000000002,192.3591291499908,142.2959045585138,259.91291960389424
117,228.3300000000001,187.8642279723834,138.62498552756918,254.46786252351208
118,235.25000000000003,195.5991460813357,144.09941207857074,265.3775385869992
119,262.46000000000004,194.4276678648113,143.08473910620552,264.0660549062557
120,223.82999999999998,194.88062919012458,143.34676479863901,264.8128219599754
121,111.08000000000004,198.14377570667372,145.7460067868707,269.25092042407914
122,121.38000000000004,218.64907074621,160.6008695258403,297.5486057174895
123,259.33000000000004,191.8320025390567,140.35954938174086,262.04682892562886
124,252.00000000000003,206.34064541920108,150.6247471966721,282.5298593249324
125,297.95999999999987,193.0157393913388,140.67522542392246,264.69293974253213
126,314.29,187.0307670234771,135.79206470634077,257.4621368449765
127,271.1700000000001,213.3158493985507,154.39420390619247,294.57912810666875
128,306.03999999999996,217.8753079851685,157.25633915268278,301.71394310077625
129,325.61999999999995,231.2482732955953,166.52633403472518,320.97481524071856
130,315.92000000000013,235.87813871552947,169.50227165728242,328.0938710430784
131,292.42000000000013,239.13446579685038,171.53336487544198,333.22266878738975
132,276.66999999999996,236.16747298434123,169.1394862236821,329.6017403145824
133,158.99999999999994,237.9121613573541,170.1669588842094,332.46985432541965
134,286.2899999999999,188.36234472586773,134.47491280700427,263.68441172692485
135,192.0,246.49019811253703,174.9132936777597,347.19084380276547
136,148.61999999999998,210.47267325575217,148.48375591124412,298.16756681232306
137,299.95999999999987,208.56754234418338,146.42674720994458,296.90086015828876
138,301.24999999999994,225.44647826362677,157.4996342278947,322.5212987575126
139,136.88,262.4338688878194,182.60020822383385,376.9810706565206
140,177.88,175.74897894191304,121.44413123438443,254.13841490049325
141,208.88000000000002,248.88992367952093,171.22745379686762,361.5727059183436
142,242.42000000000002,207.73236952976248,142.57825283154207,302.4526554702425
143,119.24999999999997,244.21100602892184,167.38843504586583,356.0817524453986
144,137.12000000000003,167.95341559250087,114.85684620286894,245.38385711267065
145,211.87999999999997,213.72362175166953,146.72324413566992,311.1122475201655
146,341.5799999999998,219.07091168119905,150.82168213043838,318.0005899591087
147,346.71,268.73811141150435,184.6932277018677,390.8217678065236
148,278.49999999999994,248.5629911318252,170.49605800763476,362.1668696425126
149,334.0400000000001,239.47876540492447,164.00149118242905,349.4819028983115
150,349.3799999999999,274.7391107670806,187.9496560453047,401.393202496172
151,340.16999999999996,267.05072821100754,182.47877671972088,390.60492662434797
152,330.78999999999996,272.6773004784006,186.15462547721947,399.19991280558287
153,320.75000000000006,271.64675137829124,185.30139923958237,398.0106963262247
154,362.2500000000001,269.47672666403736,183.69349204291572,395.10307248884186
155,239.88,300.334722535202,204.64629281733963,440.54754146733114
156,215.79000000000008,231.59147555419207,157.65472644393864,339.98444914335647
157,211.96000000000006,241.69190668331038,164.47557585851084,354.93990994744917
158,184.79000000000005,233.81621957794127,159.04907850200533,343.51093060298416
159,280.9600000000001,216.3056983035137,147.06953339163042,317.91615671051284
160,174.53999999999996,279.400109547724,190.01252820759515,410.6181392506659
161,342.96,199.80251211165236,135.3135836212327,294.80066636931736
162,325.54000000000013,265.77092399785846,179.35764089712248,393.58669750102405
163,324.8300000000001,257.5691513544922,173.31463016198504,382.5478752991259
164,336.42000000000013,276.60595017659017,185.69505446086848,411.78577944120315
165,355.4200000000001,277.7117480799212,186.0527922699727,414.28510521056444
166,348.9999999999999,293.9974843223218,196.6361469665484,439.32185960004546
167,301.6699999999999,296.5914867341566,198.07734629101193,443.85570370818283
168,251.50000000000006,276.428288753752,184.3541719781978,414.239940808499
169,185.45999999999998,256.93010697584566,171.14182430549235,385.4716802728142
170,164.38000000000002,216.8508082182679,144.80894034776517,324.48741200751726
171,184.88,187.02301407768442,125.71549876406547,277.99234243382523
172,132.32999999999998,206.82411678501438,139.88324847079036,305.57203028950715
173,166.71,164.27738382694722,111.09870643331114,242.68357560781504
174,218.88000000000002,191.2030885222094,130.00170653784292,280.9965343489987
175,304.9199999999999,222.12723176741417,151.97922221491535,324.44133010590826
176,262.99999999999994,285.2395777652583,196.2369789037152,414.4043340890475
177,173.83000000000007,264.3327516454912,182.61218126877668,382.4248284034721
178,187.20999999999992,205.09792974116212,141.891093406753,296.2638506073996
179,264.1200000000001,206.59404998051582,143.15980887022167,297.94108437747013
180,361.6699999999999,257.378836008262,178.67155836622277,370.5647791116102
181,333.83000000000004,321.2479055537755,223.34512483983482,461.8748349576638
182,148.71000000000006,305.0515292338532,212.67465474187298,437.3652270763419
183,224.91999999999996,182.09354529618602,127.13820220091947,260.6178918802247
184,111.25000000000001,239.96610962338698,167.98634916733573,342.6056597064693
185,159.29,165.12049052638045,115.53398656620975,235.8066019696868
186,140.42000000000004,189.97898982721475,133.34343940657945,270.4905522482636
187,150.61999999999995,173.15897337066423,121.79989009476459,245.99816898954109
188,334.16999999999996,174.6991879700304,123.27028183021999,247.4118020710972
189,320.9599999999999,263.5525045771912,186.40262027742398,372.4634423705339
190,152.49999999999994,271.154328008684,192.03912543554864,382.6941246327184
191,226.03999999999996,188.13313502779812,132.30062329123086,267.3509040110882
192,276.16999999999996,229.3229903880868,161.66647192046483,325.1193242529332
193,240.17,254.3309880547054,179.64504391191045,359.8951125876622
194,223.24999999999991,231.54971011224282,163.77291721849744,327.205439256599
195,167.83000000000007,223.8166826543115,158.67108789862002,315.5415947549653
196,200.53999999999996,193.43637596054208,137.37219483352206,272.21604851432556
197,154.38000000000002,216.03623464234823,153.71986809467472,303.45170182606773
198,224.04000000000008,186.77542301850994,133.0241896709253,262.08392221101735
199,191.17000000000004,219.39128728759297,156.4671159595826,307.4600820704019
200,353.49999999999994,198.31694411389407,141.53549586457567,277.71825168831214
201,355.33000000000004,239.64483143052198,171.04314671164738,335.6012305697023
202,350.4199999999999,243.29382531540836,172.72250977963887,342.53333464348776
203,303.0400000000001,254.01289649678577,179.25882789827858,359.7677811839439
204,134.96000000000004,244.11721684987083,171.3813947231619,347.5437050368271
205,339.16999999999985,183.6325011217315,127.77244686431692,263.72402521313245
206,349.3299999999999,247.0091480423618,170.09434531858807,358.50070353386315
207,152.32999999999996,249.87778115339495,170.47284062403818,366.05323622910487
208,318.24999999999994,213.5627911505828,143.94569122159024,316.61683261041424
209,338.67000000000013,249.10286340797475,166.91995477922404,371.50749839177115
210,293.91999999999996,223.36888133592873,149.39672855414244,333.7240022831567
211,286.12000000000006,255.28803419283525,170.55461310929235,381.87257497752535
212,302.8800000000001,219.8869304332225,146.6837288200283,329.3751633713789
213,152.88000000000002,249.55364371669964,166.35112131581934,374.12224528955494
214,315.4600000000001,218.15436504706827,144.73008673405096,328.57254603734066
215,330.54,278.70990820578874,184.2966058137951,421.22917362615857
216,325.70999999999987,215.2624993874092,141.80626786442025,326.50291244703584
217,326.75,265.9336997187716,174.7862613409653,404.3422577054739
218,325.54000000000013,240.73894533355144,157.82589020195022,366.93571637894223
219,318.37999999999994,266.61519779718935,174.48080869403563,407.12379783877174
220,159.70999999999998,256.6716018075065,167.67781360093602,392.61818226506665
221,138.74999999999997,253.08597926517163,164.67263228147556,388.68225451657696
222,78.28999999999998,234.6375473169327,151.41158029456986,363.3099402173048
223,181.96000000000006,157.8355283022285,100.89592941974158,246.593060828985
224,263.32999999999987,213.2715907929732,135.50360814135217,335.3450625671979
225,291.38000000000005,248.59650282348977,157.06759082561237,393.1251580815633
226,292.88000000000005,256.91122293406676,161.5120840050341,408.31232481939844
227,124.24999999999994,258.07425216599876,161.5470494978386,411.92332492484894
228,99.46000000000002,208.50583501797408,128.98822495049458,336.66669960525195
229,274.9999999999999,191.87076746217096,116.93405232371175,314.4231725993832
230,272.71,288.24243505353905,173.68274440528236,477.9321722676739
231,280.0799999999999,212.19798280831037,127.05872315231568,353.941692019445
232,93.54000000000002,267.48425108680306,159.5229966333528,448.05586485085735
233,257.08000000000004,167.800183913722,99.52749718720598,282.43988348028535
234,120.17000000000003,271.248038153116,160.5943599020835,457.6731512357992
235,121.88000000000001,201.66489164688642,118.34159858678228,343.1638019988218
236,94.32999999999998,191.54860268440228,111.62188919788657,328.1985657474795
237,273.07999999999987,159.25528940646623,92.19734717258758,274.56318459571025
238,281.79000000000013,229.0991749217302,132.16456316701374,396.5954941800626
239,273.61999999999995,231.60013350261687,133.34519739967132,401.7149697393467
240,269.2499999999999,236.50640846615048,135.94787900885487,410.9033786484752
241,171.75000000000003,233.9654082122838,134.28870231741996,407.08095658151944
242,178.37999999999994,197.70924721204898,113.2737972658194,344.5329731953322
243,156.62000000000006,200.09559890791,114.52646368405303,349.0448175296581
244,253.37999999999994,189.69368633966562,108.45434610300937,331.23059023702825
245,244.25000000000006,219.56192862135205,125.50344790398563,383.5552446451359
246,242.20999999999995,218.70821989010787,124.93370058735906,382.31043765202753
247,242.54,216.63841917895454,123.67991387761582,378.9046697225717
248,238.4200000000001,214.21745569602658,122.23637185731754,374.85132163659085
249,183.78999999999996,210.54971263731719,120.78139723734667,366.48864713474484
250,68.67,172.39896820485595,99.27116438731123,298.8589111658255
251,114.58000000000001,194.3904614073195,111.64007668729869,337.93294049284066
252,100.41999999999999,167.14860972335504,95.68161250080446,291.44397378727945
253,97.75,151.42592906610807,86.92346132232308,263.2487397816692
254,148.33000000000004,144.84898418873254,83.5466501907576,250.5998699048463
255,67.67,169.81128874726605,98.43392337681023,292.4259795113986
256,74.88,123.45256904830893,71.5457681943944,212.4989032195663
257,53.00000000000001,116.66204480073898,67.66671779050094,200.61669630008555
258,116.17000000000002,86.99906595483785,50.08824422574509,150.57764229880343
259,41.96,116.83025691142225,67.10402883777746,202.8641425587777
260,111.25000000000001,75.15993498466564,42.28121503751173,133.01508464680023
261,139.08,96.66601309528218,53.711006442455535,173.34609110984798
262,107.53999999999996,121.83257646385022,66.97346613450223,220.96663931912198
263,98.67,117.34463008834422,63.81340381696123,215.08881259036565
264,62.20999999999998,111.72358763109101,60.19246270905647,206.6498746069208
265,40.42,89.82784158874989,47.93774466501101,167.5753371787345
266,63.12000000000002,59.8989509764009,31.32914295478804,113.7163794355029
267,124.67000000000002,68.74212937092496,35.55990787463416,132.0409427143423
268,109.12000000000003,107.34661886326053,55.1916695265159,207.90978890672062
269,48.32999999999999,110.5356759742978,56.32117143018658,216.02639190120018
270,87.41999999999997,75.77409661402262,38.06732934801559,149.8744521129821
271,100.78999999999998,84.47950353870188,42.22592696145631,168.0361789520032
272,151.54000000000005,94.57177668666004,47.07317452375329,189.0012759617458
273,161.96000000000004,122.4879227340023,60.83506513805889,245.61196728930338
274,133.20999999999998,138.83020412627366,68.74979653939799,279.3231974297041
275,83.17000000000003,129.40359158971052,63.835576976028364,261.2803326911598
276,65.28999999999998,101.2091724842259,50.13437715498616,203.29925074175992
277,106.58000000000001,82.52522642363749,41.46853476005364,163.2737026020979
278,145.71000000000004,103.49510374949537,52.86641802256044,201.70935229152585
279,44.83,115.16071452411535,59.58402027913733,221.7206371677445
280,62.49999999999999,78.91930463807336,40.64218737578816,152.38039753278653
281,169.41999999999996,88.97866509927054,46.35862556276377,169.95428925227037
282,170.91999999999993,98.10956921431038,51.34530381510049,186.65211000671542
283,165.61999999999998,100.4749843603431,53.027738747792974,189.59047610709996
284,102.87999999999997,104.96227429741919,55.80419134658981,196.6615335613886
285,61.209999999999994,92.04366618717332,49.300036310076116,171.10969320544885
286,155.11999999999995,83.04445071273459,44.76095134603221,153.35583150781082
287,55.540000000000006,111.07829432772024,60.237802313733646,204.1272838802372
288,34.21000000000001,75.76957981210857,40.92884457942057,139.56119226858868
289,53.38000000000001,80.99056742025623,43.60543738249539,149.7092753793664
290,46.169999999999995,78.23338970506103,41.96227773945295,145.12656438345564
291,42.11999999999999,67.86428939316454,36.2344559095571,126.36295556848175
292,39.17,66.78705537018813,35.564009063617654,124.67234812150853
293,44.169999999999995,61.20627781630675,32.485280208849346,114.56185212202257
294,53.42,66.36735923643451,35.20053807881555,124.36722743208767
295,125.58000000000001,68.98979944522304,36.55425619091873,129.43986283416533
296,44.79,116.81383771527688,62.13581558504103,218.84511055386213
297,52.5,47.508410699614416,24.83133426382184,90.09347138517968
298,63.170000000000016,88.58089429698818,46.44691102541524,168.13085487798486
299,130.16999999999993,71.78924443569524,37.57976849727948,136.33296781946748
300,108.37999999999998,104.18133707332049,54.780958294150054,197.33136623778103
301,128.67000000000002,84.29364648699092,44.25646329169696,159.75065530766955
302,112.08000000000001,102.59515383533738,53.99048102563251,194.16024770113887
303,102.92,92.21672957946471,48.49923281319055,174.5453201928316
304,102.28999999999998,91.4867552956658,48.29163034016246,172.5345300224487
305,109.28999999999996,90.44123600242187,47.88621413758887,170.04003222907394
306,86.82999999999997,92.20342653765535,49.09147038802435,172.42031789182485
307,77.74999999999999,81.01256776197584,43.274815112754844,150.91619103961
308,105.29,78.41456856363266,42.0498688944438,145.4969316308853
309,104.25000000000004,91.47442738749807,49.30594514511731,168.99024063611424
310,72.04000000000002,92.01008514361041,49.74868723005033,169.4650191088909
311,81.20999999999998,74.33138940846688,40.20721751508636,136.71418145698544
312,28.790000000000006,80.6030352652251,43.734314441951014,147.85788342947828
313,73.25,49.07944902717515,26.494642376400503,90.21599693975601
314,48.209999999999994,67.29742630819305,36.557039329354716,123.19877933980912
315,28.209999999999997,61.269465724072525,33.289081845016135,112.08224521984485
316,69.58,47.417052449108525,25.68340124003286,86.85277959028427
317,53.70999999999999,59.149878945741804,32.173049931311574,108.06467583411455
318,18.379999999999995,60.12484579299738,32.81926136187345,109.47688869484925
319,33.61999999999999,37.61317619167077,20.366537422704816,68.78095449497803
320,34.04,36.9599944044712,20.007249737274382,67.59351858090704
321,21.499999999999996,37.82711364742624,20.488986723462492,69.15429687730028
322,56.670000000000016,30.563318909375,16.470108417776693,56.02558202564921
323,87.24999999999996,42.14167861074278,22.853063207479064,77.02790011343473
324,84.78999999999999,60.80201753458596,33.06757436014539,111.11509604316213
325,80.42000000000002,70.80494152190823,38.48031565348454,129.59545096391838
326,30.830000000000002,73.75503919647659,40.01297962110989,135.25725165284933
327,19.830000000000002,52.67657710845369,28.313810340439332,97.28728836745944
328,29.120000000000005,30.731428924966096,16.261666009635462,57.3306142673675
329,58.38,35.95920122129296,19.0389717442173,67.16629976586536
330,35.92000000000001,55.96889181395235,29.88561170320276,104.07982376056555
331,76.04,44.58938423112988,23.714561218529433,83.09584682471906
332,78.28999999999998,63.333988338365515,33.87424266502882,117.67962539789619
333,43.25,69.74829043515123,37.34944830480708,129.5187120219692
334,45.49999999999999,51.80740149827923,27.623319636339584,96.42481614396978
335,23.12,50.30628013519615,26.86718328245029,93.46000891553938
336,22.79,36.041980309957616,19.154845997566735,67.07833239951029
337,32.54,42.59491778352253,22.78277833630875,78.91147332229912
338,40.21000000000001,42.99269655280495,23.053458526032298,79.46066838548812
339,26.500000000000004,46.37424081786236,24.951585691000467,85.48098500767544
340,19.540000000000003,34.89099893773593,18.69283160570496,64.41282790309263
341,69.5,35.5680108538746,19.09184393066687,65.55533570853828
342,65.24999999999997,61.438257608333956,33.306987851005296,112.63679114284102
343,47.959999999999994,38.14160714504274,20.507098233582205,70.23533789903006
344,24.209999999999997,49.94382320222315,26.998716971535444,91.69257320247294
345,19.08,26.983058760523623,14.382598213296435,49.905027014101066
346,36.67,38.51235594777453,20.724118670839967,70.86603499083483
347,38.88,39.39749220677133,21.21402039845327,72.46519663364411
348,38.669999999999995,38.679002896685255,20.86202739706122,71.0163433281031
349,32.42000000000001,39.67309324889616,21.44735999572462,72.69688527953771
350,17.830000000000002,33.89365116815969,18.28517621698384,62.13485954942636
351,22.0,26.257016748017534,14.023366155004341,48.45262961285348
352,25.039999999999996,35.99708634796537,19.34447226756722,66.28040817361955
353,17.42,29.894239467375808,15.955003839698627,55.29335394385415
354,18.92,24.347815652182,12.887727311968375,45.2647158821508
355,35.080000000000005,28.105546960142767,14.923778344835466,52.199237360888354
356,42.74999999999999,40.29689445056976,21.566308066053033,74.57432462011893
357,48.92,36.07791055972908,19.239986466282446,66.92353610342003
358,47.959999999999994,41.962739791872465,22.431818989220016,77.7730995734183
359,38.17,35.61758787771848,18.956297798592438,66.1892029030058
360,24.919999999999998,35.54353047410554,18.90331990710555,66.09582249316743
361,32.25000000000001,26.824274902872443,14.206156686337508,49.912948606284914
362,51.580000000000005,39.186801787109665,21.026096993832578,72.32116254317063
363,17.579999999999995,41.51743600708015,22.360971067462255,76.38258651131203
364,25.58,22.85993423562495,12.137185463012631,42.33473584057906
365,35.83,40.623949443398146,21.958803367331555,74.4635657419255
366,35.42,27.443669647127038,14.712617279689512,50.48997958733982
367,16.62,35.25885736703682,19.151425319009086,64.24127781288718
368,31.540000000000006,22.121260756411694,11.85485719460316,40.58682518779135
369,23.750000000000004,37.11276837880866,20.196576180248442,67.52913891113577
370,22.209999999999997,26.331615797304327,14.204742952973573,48.130539358796746
371,17.25,29.029503092165175,15.791040961182492,52.70548842368207
372,43.620000000000005,24.18600630265932,13.178469311140038,43.73930856409143
373,51.00000000000001,39.27127780324299,21.746140112631718,70.29894601349717
374,21.08,34.60760638043752,19.168843761877415,61.864368781552415
375,34.12,25.87299868210012,14.295145221030655,46.2148546308142
376,33.53999999999999,32.14157872720682,17.98204694631136,56.86331914773208
377,37.50000000000001,28.86150797475863,16.195076253872454,50.85843001572929
378,28.790000000000006,32.044442510782964,18.11458802735752,56.12575020113543
379,25.79,28.77568125669963,16.290447774550472,50.27635824478374
380,36.17000000000001,28.98150458784573,16.499121686878908,50.367756247161566
381,52.12,31.011644277284873,17.76533663031697,53.608419210549286
382,40.169999999999995,33.864170540563755,19.502675758529612,58.28545141118137
383,32.78999999999999,31.16678860771566,17.967684441772132,53.55079625084669
384,30.669999999999995,31.14868749883172,18.028573940627112,53.31505855995204
385,42.879999999999995,30.86806881347889,17.922985990953595,52.668792567205585
386,28.000000000000004,32.3573298537604,18.86129164321776,55.02412345385119
387,26.25,30.951653913438303,18.068410688843525,52.539238506198444
388,35.58,31.82114955843185,18.66452548114942,53.78026201901444
389,53.38000000000001,32.51705406014122,19.241254189877736,54.50016329680876
390,49.419999999999995,33.94695326781094,20.24743502108878,56.47938711145095
391,69.29000000000002,31.932804527107706,19.13783030065123,52.857322155784196
392,62.20999999999998,37.66721073859265,22.68105171825009,62.137110804520404
393,38.74999999999999,38.330278377196535,23.118939866516673,63.135107338412965
394,78.71000000000001,34.03286867790179,20.50770103413804,56.063369341757166
395,24.08,50.924399249094215,30.875114984586652,83.58458075156958
396,25.169999999999995,38.28820165762814,23.09118353436277,63.07168777278106
397,76.74999999999997,31.853622447686732,19.126469449243242,52.62890449600089
398,74.33000000000003,40.63251059105186,24.454622633795786,67.0923839669424
399,30.58,40.3249089426283,24.224538752278892,66.7018563505838
400,25.829999999999995,31.067563185924904,18.546228164745152,51.610079040110996
401,46.580000000000005,37.59865806466436,22.49887310397519,62.40118514622932
402,28.83,40.84926233195262,24.481158013434985,67.73159990629867
403,73.00000000000003,33.19514848073685,19.82302847279362,55.15456854162218
404,56.5,47.356958693769286,28.415676728478722,78.49487192477193
405,109.99999999999997,35.52136496859169,21.196078996755933,59.092149580293835
406,50.71,52.66887648661839,31.38486175235888,87.94119497441112
407,116.82999999999996,40.96821162092069,24.170784239269246,68.97520498032434
408,74.11999999999999,58.1911617228101,34.11205972587367,98.7831985206525
409,80.74999999999999,57.534185155147746,33.3992286982605,98.60254812196929
410,70.67000000000002,61.86996100593831,35.65481663148189,106.83390452138804
411,65.57999999999998,60.87661777209488,34.83280857946367,105.8494482765223
412,78.71000000000001,58.9236335430566,33.70475249982585,102.46830328268608
413,140.96000000000004,62.13803995421671,35.5689893149963,108.01072640871448
414,145.99999999999997,80.04484788052484,45.67062271946977,139.73665585004724
415,152.46,97.77015063715034,55.515916868765885,171.61584341873913
416,124.54,112.99462190490233,63.970658167669086,199.00988430355997
417,106.58000000000001,110.46278852961122,62.31512573464865,195.22409467944763
418,63.620000000000005,102.74382998564438,57.76284486752654,182.1562492311873
419,52.38000000000002,76.77308737044056,42.94590338601501,136.63861140820364
420,57.46,62.61645252930117,34.87275634578069,111.81689629319047
421,111.75000000000001,60.81566352728992,33.93327898991728,108.38498668911154
422,42.67,76.48111063045889,42.630494653094374,136.59464686939182
423,100.78999999999998,61.23005624195734,33.93654492490251,109.84610422127997
424,95.28999999999998,72.084671235617,39.92500094375667,129.51604267422934
425,87.07999999999997,77.0104951554921,42.58787329645425,138.61767102090084
426,73.08,78.57361393275617,43.378685673486665,141.68020646006332
427,99.25,73.695942557289,40.592609357753844,133.14603990171796
428,151.16999999999996,80.91963644906937,44.553725791180085,146.3167500439013
429,63.08000000000001,103.5465070552481,57.03204761571872,187.34372707008396
430,116.54000000000003,78.0149522810521,42.793207755704515,141.56463510973745
431,97.61999999999999,90.88515517891815,49.86055211820155,165.00059163007785
432,153.54000000000005,89.09924093647896,48.817204691967646,161.95320597621944
433,200.08000000000004,100.82508865262798,55.24800836992849,183.33272536381415
434,128.12000000000003,118.92617920371953,65.06367425691863,216.70342961050852
435,117.66999999999997,108.91799881786284,59.40800003773024,199.00606635838665
436,95.83000000000001,104.76895293808106,57.01151799354363,191.8422456875386
437,101.62000000000005,97.86422405957396,53.13224142768427,179.5603193423829
438,168.96,96.72619122749356,52.43176502776851,177.74027644172503
439,213.96000000000004,117.83072748267915,63.89081792136322,216.60770238980075
440,220.04000000000002,142.58447920240013,77.4813886872932,261.6928882460315
441,196.32999999999993,157.35994998038655,85.62605236914204,288.49574720230214
442,221.75000000000006,155.26326300943498,84.53669082117388,284.4705639408643
443,221.67,171.22947584266979,93.39159119858367,313.2546065002225
444,213.88,183.10093307949793,100.02620194248611,334.48874360373406
445,232.2899999999999,190.08311577541468,103.97109520255086,346.83629783023594
446,170.54,200.6136294057787,109.989227921889,365.23424023435507
447,168.83,174.07232378834124,95.83514660651775,315.5205984681888
448,142.32999999999996,167.51428286271022,92.58335781832639,302.44138307006256
449,191.75000000000009,154.020353140094,85.38434807295123,277.1905567821743
450,108.04000000000002,167.50060996115323,93.16935194774155,300.50420460615294
451,140.91999999999996,136.176562237914,75.85294610517363,243.8495494455161
452,103.71,136.9885419707711,76.67426217593753,244.13702714150608
453,156.66999999999996,121.17827927517551,68.0515759049749,215.179453271063
454,116.32999999999996,133.53800042989522,75.6101910353827,235.2671769257789
455,185.62000000000003,126.60928804658143,72.13016456486918,221.67323603942884
456,167.38,151.30141333738507,87.14494162735772,262.1543010446071
457,175.33,155.65357732809406,90.42628946931464,267.4167041245353
458,192.42000000000002,160.53008190238143,93.94583315031291,273.80897785248476
459,237.62000000000003,169.7153517666775,99.95388464022089,287.683604723907
460,136.28999999999996,191.57318756974485,113.4669322706859,322.975071534866
461,218.88000000000002,150.13171862213915,89.22742177393337,252.14694717654152
462,247.92,180.53289337098363,107.91113043372084,301.57872858730053
463,274.2499999999999,200.162899445972,120.60782878258989,331.7623930023135
464,276.88000000000005,223.10550853331523,135.39850654811013,367.20988899362476
465,176.12000000000003,234.62819536012958,143.24018172640308,383.9180289718699
466,278.25,186.01132134528382,114.04123486691464,303.00607531523605
467,298.7900000000001,224.21575980344753,138.63148560350965,362.25717115029585
468,290.0000000000001,249.28382641277395,155.20915038837592,400.0136000872903
469,227.04000000000008,253.37980295939778,158.6658541645448,404.278163526283
470,219.79000000000002,235.94958739998498,148.7668670275722,373.8833642803435
471,285.88,225.0696362356964,143.16777492571876,353.5000292476789
472,214.20999999999995,245.084259418246,157.33920900975255,381.4539929948539
473,178.79000000000008,226.4821737718714,146.48534882272384,349.86969517342857
474,140.82999999999998,202.60405116860176,131.85878248110626,311.0200928994802
475,228.00000000000006,172.61714057278016,112.91435202447957,263.6103055933721
476,158.96000000000006,195.92125110397558,128.80849780777842,297.7322077617583
477,135.42000000000002,181.16045875026907,119.7776099262204,273.73993526100304
478,132.74999999999994,162.68115526259132,108.20068057412739,244.34206606807692
479,198.58,151.90494643203027,101.71760893442783,226.61357946237982
480,110.54,170.90843962126962,115.162984680495,253.405581040325
481,182.96000000000006,147.4058826155554,99.78288770623568,217.53219823487268
482,160.53999999999996,159.70232539736043,108.77251176587038,234.2614235811674
483,219.71000000000006,162.8704026850013,111.4934811433991,237.71168891923114
484,141.62000000000003,183.55174046881012,126.22634957160427,266.7066898857937
485,165.92000000000002,170.43097299171387,117.6056789707775,246.7839067733561
486,283.9599999999999,171.11744979036365,118.44412092635433,247.01904265010984
487,166.66999999999993,203.4732138702458,141.26610081915993,292.88093825367946
488,173.0,191.38390879981483,133.37294047242867,274.43914894598663
489,259.67000000000013,187.80407109598644,131.50053080818662,268.0327128879383
490,250.32999999999998,205.07919433113474,144.1495207403341,291.5854258392217
491,156.11999999999998,215.14566634983217,151.94219950605932,304.468008389418
492,317.0,195.71804892221385,138.71396283532164,275.9801241510496
493,341.62,223.44569711087738,158.69954567105182,314.441542052672
494,312.96,206.395458509687,146.6422317042666,290.3317938501488
495,299.33000000000004,266.37784731315,188.98793165147185,375.29186555366306
496,270.25000000000006,269.6160384991013,190.98397202889225,380.4539282577507
497,168.38,260.2415228921752,184.0835701964392,367.73685336082804
498,183.12000000000003,219.9281249094852,154.9380181827473,312.00408293518547
499,228.7899999999999,203.8450314837541,143.5014566330751,289.38798570820495
500,177.17,211.7131855514397,148.97715826768672,300.6919364926377
501,167.28999999999994,198.58542692431945,139.66170164431418,282.1925262875777
502,212.12000000000003,189.39426411494492,133.1358239308121,269.2482807767245
503,299.8800000000001,197.8221600889559,139.03061865513735,281.2971984419506
504,274.5799999999999,218.49893742484608,153.55314466167985,310.7360286398771
505,97.17000000000002,229.8850389988161,161.53441762716147,326.979156733241
506,188.25000000000009,184.17836186897392,128.9964656105079,262.78429246852414
507,179.03999999999994,187.6788063320945,131.14094929722083,268.40696391419635
508,166.71,185.04687483775163,129.0360377585124,265.18343832633553
509,228.74999999999991,182.354774074848,126.93564420475286,261.7803485495686
510,151.62000000000006,196.25194148749281,136.92064956202884,281.106621047246
511,248.70999999999992,210.23173694536493,146.95837283614182,300.5635130184184
512,347.12000000000006,200.8668504364162,140.6126001890852,286.75847100263366
513,313.6199999999999,223.60577756157366,155.84110945103123,320.6488042619327
514,297.5800000000001,229.21857945879273,159.13310712806708,329.9783671757336
515,122.37999999999994,229.55639587178771,159.6398347884874,329.9033014593093
516,166.71,173.99281928587783,120.3445357842589,251.35983312890406
517,253.24999999999994,228.08411474404218,157.20867945438619,330.7108252786604
518,224.46000000000004,216.5980923793167,148.75814358067248,315.16931590509125
519,300.21000000000004,220.87417462282045,151.25345187233762,322.3302677816128
520,163.82999999999998,238.76472982871744,163.1201724432919,349.2745872979221
521,204.79000000000002,190.26185914799441,129.53892440143133,279.23134810160997
522,198.54000000000005,240.40563447760292,163.35533298256215,353.5773617441248
523,201.25000000000006,192.44425994199537,130.42508774002226,283.73012533596153
524,204.5399999999999,237.04000459934178,160.4341843181275,349.99780154364703
525,157.96,198.89626837024602,134.35986022704563,294.20212300252877
526,170.16999999999993,206.75483244845012,139.4995887324034,306.2042473226765
527,151.67,196.40338437130117,132.35257759768896,291.2185447273949
528,162.5,192.01429259553922,129.2659036932448,284.9882447358198
529,187.83,193.5044346007444,130.9335547208304,285.7502142226607
530,157.67,201.62038112899543,137.0275194685889,296.4408219963868
531,166.25000000000003,181.44603728258045,123.73699267045596,265.8539284737837
532,162.07999999999996,202.16087080246658,138.3292942163272,295.2359039954127
533,172.00000000000006,178.3368296066673,122.31393768250842,259.81154375409113
534,342.71,207.73446311325907,142.84875183448082,301.8881066782859
535,321.79000000000013,233.6018122147397,160.98215510737577,338.7782321019006
536,133.67000000000002,219.33265060135955,151.3754355635677,317.5977893449122
537,223.03999999999996,157.900315253965,108.40242142850272,229.79297384939994
538,341.11999999999995,236.57679324026603,161.9529980128803,345.3743126828922
539,300.33000000000004,210.55675682236725,143.63985526252338,308.43242632513
540,165.38000000000002,235.23001776025455,160.0677116619544,345.4668412756231
541,353.79000000000013,169.48197070825668,115.45307794632129,248.57779432818344
542,253.46000000000006,276.89112840304944,189.11940194860753,405.18410563901796
543,146.88000000000005,186.42648167037004,127.59951120925851,272.16344907541503
544,151.71000000000006,237.021951632093,162.7168928437759,345.0513357825083
545,291.2099999999999,189.36494911428898,130.00628046393837,275.61890500937596
546,171.58000000000007,230.9683222919481,158.70854789385467,335.92186959650894
547,157.42000000000002,181.74410594650774,124.86589137586817,264.32532279504625
548,134.5,200.77322125239075,138.017227474982,291.8589035620998
549,90.38000000000002,184.0760778483278,126.20274844862989,268.27998812504615
550,132.04000000000002,161.1450662029836,109.8942410938644,236.08194613745889
551,345.25,187.08380615462724,127.09637785807686,275.1632977382496
552,260.11999999999995,248.09436642407414,167.82872931039526,366.5204074428253
553,153.46000000000006,190.5486726047618,128.29271173110712,282.78161062127833
554,188.71000000000006,178.02047449282787,119.91362555710472,264.0514376686319
555,170.70999999999998,200.351029118155,135.0700013647124,296.95132299788514
556,302.29,178.99784290645053,120.69603608058483,265.230721184058
557,285.45999999999987,240.73149671381324,161.8230259056947,357.88116056352317
558,199.28999999999996,202.56228624023998,135.67759597885578,302.1777379649248
559,341.50000000000006,196.58233496972338,131.3039899245314,294.068796597566
560,352.83000000000015,251.24642127957145,166.9817780702612,377.78070930846707
561,297.00000000000006,229.21943299030627,152.08702544163737,345.21475708654435
562,253.79000000000002,233.58945611845795,154.79741606252227,352.2293045211302
563,135.74999999999997,219.01474647131738,144.96226916518617,330.636997298639
564,338.04000000000013,173.51687355894387,114.67319621578169,262.2946970703068
565,315.96000000000004,281.52576866257664,185.5220314928822,426.94306559665466
566,352.45999999999987,215.92018669370438,141.7273778619223,328.68003826675096
567,340.42000000000013,259.9972019277596,169.59248609019286,398.3114877176049
568,333.0399999999999,239.41299256368902,155.25402065426337,368.9002864144947
569,209.58000000000004,259.72291750827577,167.64338509671504,402.07800792212197
570,144.88,209.3851739270269,134.529721677015,325.584610819074
571,326.7900000000001,195.97011118480165,125.44878474295594,305.82164940548705
572,344.03999999999996,280.87155859031225,178.8719084482111,440.71197285654864
573,344.00000000000017,237.718865165897,150.56081061308126,374.99889018523874
574,340.45999999999987,275.0043916054594,173.4761418182125,435.6122691139652
575,342.4999999999999,249.94284127569617,157.0508240746414,397.4307576769091
576,332.7900000000001,271.1878416946096,169.8961535128423,432.51602504501363
577,288.50000000000006,273.09343571731614,170.63567847904613,436.7132550123854
578,288.17000000000013,255.42633891312533,159.2101891438135,409.4262509131937
579,282.28999999999996,264.60679039276687,164.6275033118922,424.93751455578365
580,198.25,259.5011818146301,161.17872899864952,417.4325906721347
581,318.75000000000006,221.31594651494163,137.21401598239632,356.59311183845017
582,326.0799999999999,291.45100978002057,180.6026914694893,469.95994243963617
583,94.04000000000002,263.7425291229263,163.73289189059955,424.4681983786814
584,149.04,204.91083081936833,126.957932424971,330.35319901783834
585,112.54,275.3638072669484,171.07144809887475,442.86767712442156
586,302.7100000000001,188.39231332073294,116.75537876021134,303.609850714511
587,313.6700000000001,274.490722569449,170.0832641477825,442.6152104058439
588,260.6199999999999,275.5935194417888,170.5941085695922,444.84266694778756
589,223.11999999999995,261.0020017603967,161.40179735934996,421.68650989473065
590,272.38000000000005,248.19129843086944,153.5550344038055,400.7747040929368
591,305.9999999999999,267.9393488549675,165.88952713360865,432.3907262175245
592,307.96000000000004,275.0755498570609,170.39315174104786,443.69518446123953
593,302.08,273.2253862434888,169.30811520910905,440.5500833184519
594,286.21000000000004,272.11397471918195,168.67171519075686,438.6209651269762
595,299.79000000000013,267.2384801452139,165.6877837735463,430.65660135216956
596,263.6700000000001,280.82086972391437,174.16826728308817,452.40976333109796
597,146.78999999999996,264.70391328985136,164.18282373445132,426.3965533549387
598,57.12000000000001,209.16276662980894,129.6756491829251,337.00014580885545
599,270.16999999999996,113.20567349969804,69.92602823172173,182.89491396454886
600,276.54,292.7397628559872,181.2375685692474,472.4646591265587
601,198.58,246.90390402724626,152.66755033700812,398.930535088054
602,284.6699999999999,225.08251188259206,139.0379861812357,363.99598125462956
603,284.5400000000001,266.27888428765004,164.45184294153307,430.775196431602
604,282.3299999999999,255.00051757099203,157.3859537506044,412.7757385974369
605,280.75000000000006,255.66807917585436,157.94003436727314,413.48652713634675
606,257.5399999999999,252.64518645060318,156.18671763505765,408.2959098422721
607,238.75000000000003,243.93169812912836,150.88427942193363,393.9818702550666
608,144.82999999999998,238.17010783580804,148.36536624732614,381.96923791204546
609,238.21000000000006,202.40846013447705,125.96603694995808,324.87456179786517
610,172.71,246.32658883674168,153.3115988999947,395.4085783678622
611,254.70999999999995,209.37523395487233,130.20796670662318,336.3098461355336
612,252.74999999999994,238.13811963284812,149.0772683855202,380.05064728811334
613,245.20999999999992,232.54648823716238,147.7491378558665,365.6842238827798
614,245.17000000000002,230.86045452016143,148.54109519704681,358.49496223401667
615,254.42000000000007,229.21292783449223,149.12442638942454,352.0271083577812
616,249.4600000000001,238.266393988731,156.49724779106702,362.4883027817435
617,248.54,235.29915048490602,155.78791873093797,355.1325960051171
618,243.46,243.42461321018692,162.28100546261064,364.8930894851085
619,236.08,239.97583776053852,161.0441157072611,357.35521784263915
620,215.38000000000008,237.1135515410395,160.52377169661295,350.0199324343551
621,181.8799999999999,230.1162311716403,156.94521163293578,337.1850691056004
622,139.20999999999995,220.41362185801444,151.80069964295706,319.83617456488156
623,150.91999999999996,201.67071487465768,139.54499618046813,291.2581364267249
624,180.83000000000007,208.3358016297407,144.76584455360143,299.62925905699393
625,179.67000000000002,213.42066660694357,148.82993762704277,305.85604623696923
626,88.41999999999999,207.6956151656879,145.2638566799132,296.7759562616967
627,23.500000000000004,159.0103284181558,111.07682124093915,227.4442484806463
628,146.62,52.590638607145806,36.18115484695433,76.24226313419527
629,140.79000000000002,119.20037411993879,81.14676076254551,174.8819191950514
630,93.07999999999998,155.28514658982425,104.44728608473851,230.632770756894
631,23.67,117.75424217526738,78.02344756952337,177.46057680810335
632,25.62,64.26461752300783,41.921550762193405,98.2384996531013
633,32.62,39.40514353175221,25.242498629492115,61.21113495598166
634,25.42,37.87742480717423,24.045951387475597,59.34724480034322
635,131.42000000000004,31.735800370632667,19.96351373979014,50.118941185507666
636,194.96,125.08425735247086,79.0583019619873,197.57078607128483
637,197.04,181.15919459246294,113.82999439802717,287.96606978450626
638,176.74999999999991,178.75113153871322,111.61748004404824,285.90456647414015
639,116.70999999999995,164.34132265683937,102.04953036426255,264.28750670943145
640,168.67,118.60574884063578,73.21428974275153,191.75984726548515
641,179.20999999999998,163.4980730100802,100.68491656858096,265.1123885151583
642,117.25000000000004,163.22544247007752,100.19111169997416,265.5253449775039
643,154.17,118.35914667705126,72.34540411619932,193.2399263749817
644,170.54,151.6300416200107,92.5729251567229,247.96015130347206
645,163.33000000000007,156.8783354624799,95.59991800257679,257.02888163671577
646,43.50000000000001,149.96839785811818,91.53354686695594,245.30480429564045
647,41.71,56.48776697836289,34.28854118819288,92.65202530005155
648,23.750000000000004,65.49952433987683,40.05058869123285,106.72529404369568
649,26.119999999999997,38.57758826872355,23.441740357362217,63.086495898676276
650,103.71,42.92681427031524,26.137333071425065,70.10370819638706
651,53.78999999999998,122.60985250733451,75.12643457018632,199.71077442616652
652,82.79000000000002,62.97126273524391,37.196017187636244,106.1400307481865
653,84.41999999999997,90.52359407393749,52.2272911805372,156.37355943587488
654,48.209999999999994,85.54712552787944,48.21946258607596,151.18380176417318
655,90.41999999999997,60.176444469763375,33.01905151393826,109.01357155500477
656,54.53999999999998,93.26657201425569,50.42938956511791,171.78421296576943
657,64.92000000000002,64.00647769314614,33.895435594244475,120.10014017897807
658,61.829999999999984,70.89341868973956,37.064112523536046,134.78836621245983
659,96.95999999999998,66.2655011962669,34.19908316024496,127.5444745985678
660,81.41999999999999,93.02159685641543,47.71269178687095,180.47345899314234
661,47.07999999999999,80.03375903888681,40.62983577374571,156.7347107411263
662,138.45999999999998,56.45375505331797,28.30439136536878,111.6429799742445
663,111.49999999999999,107.06414089277493,52.80536263828396,216.03893393303517
664,105.61999999999996,97.19744215493704,46.900974946102174,200.30566562835395
665,35.28999999999999,94.25010399423914,44.660937360807935,197.69461371812798
666,46.49999999999999,52.78135203274892,24.30295221741242,113.31210878547263
667,81.41999999999999,57.68053125711816,26.171562569591103,125.72825641876364
668,61.66999999999999,79.2465428673751,35.657753117164674,174.6656394510505
669,104.38000000000004,71.29051074855117,31.645392677126324,159.0813320266182
670,115.33,89.76019016655412,39.58699800825268,201.95692027762507
671,109.12000000000003,95.49466326149263,41.794023198224686,216.5822542979584
672,32.03999999999999,94.10728061890234,40.88163556300237,214.97520500639683
673,21.17,54.17504919139134,23.08151463895608,125.41588782575106
674,26.25,43.530814194665126,18.250871431199815,102.0079817387362
675,108.57999999999996,45.54125559911142,18.957182923686712,107.536785027457
676,39.46,88.57634766935738,37.22240438668588,208.9271929783826
677,105.96,54.8609853907052,22.792917243111525,130.15036113211406
678,52.03999999999999,70.53412689820001,29.42178302166491,167.20616028467524
679,41.74999999999999,59.76902558403449,24.809886578688907,142.07984109787705
680,47.74999999999999,58.01491472641797,24.12919280771859,137.59419149733418
681,31.21,61.99426329019916,26.016154635744726,145.88534548971512
682,29.709999999999994,56.251944516923324,23.703169872954565,131.68682391070138
683,36.67,51.19674304839097,21.638610753446166,119.3474901588214
684,56.38000000000002,52.39856851880524,22.475310110123445,120.46408743831266
685,29.250000000000004,59.10492141822172,25.72919068786978,134.15566636030158
686,27.919999999999995,47.44440966548575,20.7346136923479,106.97803269278569
687,27.669999999999998,44.35420566922865,19.50139589371966,99.33482512850887
688,42.03999999999999,41.590619306272764,18.375315822940472,92.62225986242328
689,31.96,48.839070012190604,21.79598633657984,107.96360714579677
690,76.07999999999998,43.314500465421574,19.362678093164476,95.43991534488124
691,40.32999999999999,60.882993800727405,27.5470243960825,133.14725361941368
692,36.08,48.97763697579912,22.131865954626548,106.97936502762725
693,18.83,45.044464983005085,20.371794311144455,98.20050346290512
694,40.21000000000001,32.793528648203676,14.595017072009943,72.2286840869599
695,31.580000000000005,45.28039271036026,20.427443030959537,98.95941869174355
696,23.210000000000004,41.15031086299784,18.569599905689987,89.7861537491516
697,61.50000000000002,34.73364120003024,15.808386540210712,74.96761951885071
698,68.20999999999998,48.01844488980297,22.314480080635118,102.060755852343
699,36.74999999999999,52.514459792470696,24.763373386003526,110.15770299070302
700,72.66999999999999,41.80293901487828,19.893185366396988,86.68847622718103
701,72.49999999999997,51.11707539932928,24.740125861497763,104.52355348977785
702,54.12,42.996635248653575,20.9474829956427,87.19707998349367
703,71.0,39.62962022441312,19.440544187843138,79.75939781299073
704,71.25,47.23740902802547,23.44361485474298,94.19245183514815
705,26.540000000000003,49.59850891875198,24.797711511112546,98.24171388993925
706,32.5,43.32178801006043,21.715559489126758,85.4790890732427
707,12.619999999999997,40.97567269049144,20.608624766588317,80.53952955597812
708,36.61999999999999,29.551746880441858,14.731726883925926,58.3329164899443
709,38.17,37.68273339334045,18.922863514147743,74.10736906457528
710,47.71,38.81874842548656,19.511731676972364,76.29882348023287
711,68.91999999999997,41.204055840677306,20.82031041288011,80.62955960294727
712,35.38000000000001,46.33409010735097,23.549009881189622,90.26706523539217
713,31.5,39.40050389157327,20.008592612815075,76.69205414061854
714,26.38,37.52729479765531,19.145627610114218,72.68112193636554
715,18.670000000000005,35.60810250959979,18.2323031765131,68.68240657676353
716,24.919999999999998,30.974495260737577,15.852229069248253,59.66665382827814
717,22.539999999999996,31.46698770874184,16.158736087635116,60.432572043531835
718,17.579999999999995,30.15790001241877,15.505271507568146,57.818464921267065
719,29.709999999999994,26.437503015812183,13.563259726427031,50.69286175516143
720,14.88,31.754898620098018,16.41489490568475,60.60722699869279
721,61.58000000000001,24.40409682465339,12.525999222622513,46.71315781217649
722,40.75000000000001,40.267168939249046,20.998756117215812,76.41252383482731
723,62.78999999999997,38.3453415915176,19.995945758569512,72.73118233177779
724,23.750000000000004,44.47023124230375,23.30821014880515,84.05529270036384
725,23.210000000000004,33.295866089073996,17.383955632054093,62.98005164616871
726,20.499999999999996,30.537105010742874,15.980730681008673,57.57162516398521
727,50.25000000000001,27.874904886822552,14.60636893044382,52.424351041490986
728,21.92,37.93264989831385,20.10833609210781,70.80818144502638
729,21.880000000000003,31.087484929976135,16.44337966669029,58.02564232420926
730,32.78999999999999,28.842036980636042,15.311511064670213,53.59623989604021
731,18.869999999999997,32.38550136261418,17.35023088904234,59.739927904595504
732,17.960000000000004,27.2673404677444,14.610750944977898,50.185400365152745
733,30.379999999999995,25.604202662889577,13.75149461930869,46.980466901412214
734,26.209999999999997,30.16776426856331,16.36632622509712,54.9375377906273
735,24.540000000000003,30.26548663505668,16.493090577147647,54.88095769674451
736,46.71,29.028715120668817,15.860377439895004,52.48182358389121
737,51.07999999999999,30.373297521109198,16.668127424796836,54.70957089468436
738,33.07999999999999,32.488607089110765,17.907420325554952,58.314638668769476
739,60.28999999999999,30.53711058417491,16.844164164177943,54.73751366820025
740,34.709999999999994,37.27428105997957,20.66446475242554,66.61859143066523
741,20.709999999999997,33.661952958176315,18.626170685434662,60.21678049842248
742,19.92,28.629045178461443,15.805529909661459,51.23758625323787
743,29.920000000000005,27.451804381611822,15.16157117504303,49.08827197565774
744,66.46000000000002,28.63015136958569,15.851981119252596,51.09748717208974
745,44.54,32.80943860474005,18.221410264828094,58.46900477221095
746,56.03999999999999,32.32379277641267,17.957301620082337,57.57770199894465
747,51.580000000000005,35.40564862735126,19.72165567764651,62.960683093866216
748,83.54000000000003,36.324045322055646,20.25411055018494,64.54423229866671
749,68.12000000000002,45.265028680006,25.305947379281037,80.36764085704934
750,38.54,47.11138613702061,26.32082644669766,83.7231133560853
751,83.21000000000001,37.784260338423685,21.000350515655374,67.37249474403727
752,93.07999999999998,49.668991139944445,27.623725357733683,88.69296033460267
753,88.58,65.36555996238998,36.282439281254064,117.13571306038833
754,35.790000000000006,69.88603225509307,38.71585495038841,125.51948636500278
755,58.88000000000001,45.144132246753934,24.717110555727977,81.79627434006817
756,82.08000000000003,51.28041819477469,28.094092367273138,92.94491816816566
757,41.04,60.069497736191515,32.94268312238154,108.87592054240127
758,44.74999999999999,49.83041099725514,27.22169505059994,90.5512224732565
759,76.46,44.872869470562684,24.44616769539644,81.6969380479239
760,38.33,55.17655170531702,30.13777015384061,100.34974167734075
761,31.580000000000005,46.208852571364815,25.150014655897298,84.22655877755895
762,38.74999999999999,38.9691203584921,21.127468622145248,71.19671664714568
763,35.75,41.969470946480115,22.777270768982024,76.65295905319108
764,104.92,39.51096336362282,21.526471245723915,71.85376101506883
765,54.580000000000005,62.65071518825064,34.35344322928852,113.5974245761559
766,71.0,38.97618721772696,21.182549599132816,71.04291541533308
767,58.25000000000001,54.87654297027402,29.95298678011818,99.86871669244962
768,71.17,52.553288704645226,28.623248408865116,95.81432270691869
769,69.79000000000002,56.731314717983,30.980319796467885,103.21736618890563
770,76.32999999999998,57.03812654992457,31.30226184564099,103.27827467690501
771,37.42,60.29547534002668,33.252236186967544,108.69021925025005
772,115.83000000000003,46.10097675290805,25.41011218676434,83.00199118388473
773,81.96000000000001,63.60989490088369,35.33266162583626,113.89492738222019
774,74.83000000000001,55.417374039457734,30.80388815063565,99.07959021967775
775,72.95999999999998,58.601764932942785,32.669391241070436,104.5074134749586
776,89.0,60.51620815753287,33.94258745685366,107.29890232810078
777,73.12000000000003,62.03822247344925,34.987782144184614,109.4212945574426
778,102.04000000000002,60.95607787342046,34.521624509563004,107.062501038598
779,85.20999999999995,70.15319432284657,39.94325963289179,122.65349285178996
780,78.28999999999998,72.6970788089088,41.53833937678616,126.67915966015438
781,65.61999999999999,72.14217796417255,41.32910191133568,125.38534615141516
782,52.5,69.38903767211458,39.82685867666963,120.35679268504842
783,61.209999999999994,63.786163550416774,36.648485184891356,110.48514918910304
784,98.67,64.21955174945644,36.961530476873676,111.05001160296557
785,151.11999999999995,69.02399562784176,39.8139241613652,119.13939028018196
786,78.87999999999998,80.74573550594236,46.44484629239683,139.84491352811807
787,110.61999999999998,78.86387028646756,45.186217179090654,137.09829353206393
788,126.74999999999997,84.4516716188273,48.53346898493574,146.41523927332037
789,71.49999999999999,95.30061318779069,54.933365702671225,164.80100238633761
790,76.32999999999998,84.14255413444094,48.53620549689504,145.34254787623155
791,81.16999999999999,75.95792492541823,43.83874498910463,131.0849236584436
792,153.04000000000005,78.1061038748261,45.14668690630199,134.6061743492183
793,104.75000000000003,93.19612916313456,54.00655604273321,160.3064221367502
794,52.53999999999999,91.40177810559696,53.00636702440305,157.0941112594743
795,112.37999999999997,77.91537804362346,45.12433411741708,134.01846716994407
796,87.32999999999997,82.38800962920656,47.73885632449057,141.6697439025992
797,185.79000000000002,79.78023608384038,46.35096417740506,136.8102147469005
798,136.57999999999998,88.68753366152265,51.549763043871266,152.07116965629953
799,163.7100000000001,92.4494383677526,53.73411527041871,158.54944166180888
800,202.1699999999999,109.36137191136153,63.619681744452066,187.48177647058034
801,161.25000000000003,132.59344235120562,77.20224746593072,227.21860518804328
802,171.41999999999993,137.5993205992566,80.11452130080563,235.82284457227908
803,83.82999999999998,145.00029561568311,84.67583748313764,247.79927580587935
804,112.25000000000001,98.91517885432046,57.6120242498876,169.32414582593077
805,194.32999999999993,104.29128851863251,60.74769127737417,178.54121374536612
806,199.95999999999995,129.38848190265324,75.34047140350997,221.7017452252313
807,111.66999999999996,146.58488049542953,85.28825820954233,251.42480730062408
808,97.11999999999999,122.03079840344223,70.84702157068634,209.67786840539242
809,129.17,101.65553686055048,58.88797571703569,174.96452579929436
810,90.28999999999999,116.4863873869109,67.48142424080852,200.55905596662475
811,137.46000000000004,100.08261255430186,57.87697308830079,172.54313621862167
812,145.20999999999998,117.7438679136346,68.12122442047966,202.9909779565918
813,135.70999999999995,122.79896292861571,71.19207139015508,211.29731918027244
814,160.92000000000004,119.3208020571744,69.26994929825793,205.02114491693033
815,72.16999999999999,117.09151900245651,68.44293295529502,199.82110974899706
816,121.54,108.54360339507812,63.74837210039141,184.3297720933069
817,98.46000000000001,119.6203611548932,70.607756564553,202.18010538454703
818,177.17,112.45620118172822,66.60528557628844,189.403893376993
819,174.29,129.06054373946526,76.7443798459233,216.5815804477392
820,178.46000000000004,132.43788794012548,78.97752655052649,221.63341598433402
821,163.67000000000002,137.13620530563836,82.34372748608713,227.95077760263166
822,185.53999999999996,134.3815345950482,81.14288124253557,222.1253595207404
823,135.61999999999998,140.51323927309068,85.2751866122846,231.11768847929147
824,159.79000000000002,133.613256442993,81.40304323327537,218.9036358267605
825,262.66999999999996,138.44108383587817,84.6540234149026,226.00411593206556
826,259.67000000000013,162.1965853067779,99.10561073690984,265.05027689993966
827,118.75000000000004,169.9476659333799,104.08383573109973,277.093241313058
828,141.17000000000002,135.0561430383833,82.78716144273652,219.93210630046656
829,144.25000000000006,146.72263995873524,90.11187337202632,238.50751475908112
830,202.50000000000009,144.19650763376856,88.6710780976005,234.10396302023653
831,255.20999999999992,160.37254756870794,98.7720590016177,260.0059306122236
832,286.9200000000001,175.41099705932766,108.17307284217277,284.0596678583581
833,292.17,190.72601694021378,117.55289193827012,309.06300201347506
834,295.2100000000001,205.04568702805605,126.52562404720597,331.91211440885155
835,294.7900000000001,225.58851402583983,139.3505837124513,364.8150420922214
836,295.7899999999999,240.40391027387045,148.62758784874555,388.4726148658118
837,300.3799999999999,252.6080963417074,156.28158396521914,407.9294175997595
838,293.2500000000001,261.45059194808323,161.84431243494564,421.9826156281396
839,306.75000000000006,270.50348127888236,167.53075916505168,436.3927982746461
840,305.54000000000013,279.17741865705585,172.9757951661355,450.2086629658418
841,289.7899999999999,279.9749414452563,173.74902079754315,450.77316221777176
842,270.75,273.3728019105831,169.87399045037583,439.5611072220296
843,198.17000000000007,258.638694209984,161.07824510323164,414.92412040325985
844,223.11999999999995,209.07278690437838,130.39911845664878,334.851384058805
845,232.21000000000004,214.26194631319504,133.87366551729824,342.5637739422291
846,223.29000000000002,221.17009827644034,138.69752957366364,352.3316066418731
847,160.99999999999994,216.7216120809523,136.31449942953012,344.21263642267996
848,138.78999999999996,166.16078680792495,104.92595565963322,262.7949166683146
849,280.88,150.47141164221438,95.79676099797108,236.02847397307096
850,173.25,295.0413186207703,188.7047981394186,460.98337200894287
851,229.42000000000007,190.83138613404853,121.94870486611322,298.3059645986799
852,293.2500000000001,220.86490132773733,141.5271524018247,344.36601350450076
853,189.0,259.682395687406,166.79333811102197,403.9940968238086
854,280.25,197.65759034052317,127.65038435631183,305.7603598493789
855,264.88,246.5036168800248,161.0798663042323,376.94972173600877
856,134.70999999999995,247.36000683728187,163.18918191153315,374.6806159704845
857,197.82999999999993,185.185313095014,122.3420691299058,280.0474241013316
858,183.24999999999994,204.9784803477788,135.69579471671665,309.37629543984684
859,294.2100000000001,192.00118131434115,127.27606878711893,289.38507603899734
860,247.57999999999993,243.83629523243061,161.32892601798972,368.27991168067416
861,332.7900000000001,240.25428831642685,158.6207815585885,363.63692924409145
862,212.58000000000004,264.8940347555848,174.61156746964878,401.59100660224595
863,316.2499999999999,245.3204195118592,161.4390924897183,372.5169172552395
864,350.5799999999998,262.33925730461283,173.088302389589,397.34706574686123
865,342.32999999999987,281.93062385016805,186.42961336226134,426.0922640038011
866,337.4199999999999,293.4821475386909,194.42757889443715,442.7435888505899
867,174.99999999999991,299.22048110451874,199.73155482006356,448.0192752974171
868,229.75000000000006,239.83575573229976,160.087693413797,359.0638882459791
869,292.53999999999996,237.7165656726883,158.72213688247172,355.7795913505377
870,264.53999999999996,250.91543067880275,167.59989782211994,375.4022697157334
871,311.8799999999999,249.947809137953,166.9917408295584,373.8684465091153
872,359.9599999999998,257.84940370090607,172.31588869442672,385.59475655141847
873,139.71000000000004,272.7818747331251,182.34521787927696,407.8272156721287
874,155.20999999999998,235.11490466534292,157.1433477694724,351.5298344283936
875,254.75000000000009,215.68645181479272,144.29968485699376,322.14604430351227
876,279.78999999999996,237.54062465248737,159.11235547116877,354.3856255637003
877,233.33000000000004,241.73066322832287,162.0618180782456,360.3241626129145
878,242.75,233.08831217703673,156.3684762646842,347.2103862131067
879,365.1200000000001,240.65356777085063,161.55301790598043,358.24554073894353
880,300.5800000000001,251.72337118711485,169.08713867598937,374.50812390258886
881,282.5000000000001,248.12378068189182,167.65174759886023,366.992973597024
882,350.28999999999996,255.79956669576887,174.11768997045766,375.5811293322778
883,372.8299999999999,269.02897511592437,184.6217114505575,391.81852770535636
884,327.42000000000013,277.45501848562435,191.71600957446694,401.339159528251
885,289.9599999999999,271.3124796645017,188.55401132821024,390.20294031991153
886,222.41999999999993,268.84361020513785,187.75777923401012,384.7619763489067
887,205.82999999999998,247.78917285526902,173.75611844426288,353.18532455989623
888,316.2499999999999,238.3051422222047,167.69022160656365,338.4799683620867
889,300.96,293.5189859122991,207.23685396675782,415.551784232469
890,282.5800000000001,266.5966330645621,188.68605256155357,376.5077664408297
891,301.29,293.14284928914367,207.95700609849038,413.05654399142435
892,177.37999999999994,269.83070721113404,191.75198128384997,379.53705845164603
893,320.8800000000001,227.58084508430645,161.64550352385638,320.24590970811516
894,224.57999999999998,330.2489407003561,234.51484060439043,464.8978620350371
895,238.21000000000006,234.09299381150728,165.43620570502222,331.0714714994831
896,269.88,283.40633481233533,199.6180819349048,402.1887978454098
897,337.49999999999994,250.73621443656376,176.02548404829272,356.97739517302443
898,381.9999999999999,284.76452762051775,200.15312551803933,404.9661764433002
899,357.2900000000001,280.224988928941,197.33575618966802,397.7556047254122
900,198.25,287.4388718081131,202.75357673551713,407.32158189758394
901,345.7500000000001,242.10085213858892,170.77980427809166,343.03359905356047
902,358.7099999999999,300.65154009811675,211.9969501735279,426.20635938417666
903,378.0800000000001,277.4802220959424,195.57671371908935,393.50875249357915
904,360.03999999999996,299.206775417807,210.85933167459365,424.39597993816085
905,336.62,306.8096103585246,216.55628207421802,434.50457530224037
906,356.96000000000015,296.0084030703501,209.19442019415212,418.67808380887635
907,368.6200000000001,305.78363458765176,216.35176889555947,432.013261999418
908,367.42000000000013,312.1462088964877,221.35945530695955,440.0001275226794
909,366.8800000000001,316.16981568687964,224.64781254907186,444.8128392490947
910,369.88,330.2338316689947,235.0370488101902,463.82470355894077
911,366.6200000000001,339.5571526848786,242.01650560405216,476.2481357039882
912,206.95999999999998,340.71681638958813,243.13067593096932,477.3109789793627
913,249.32999999999996,278.67102361615065,198.74066195023346,390.58717452329984
914,367.99999999999994,282.75284218362606,201.6015634311322,396.4089542238624
915,372.29000000000013,319.6697901197027,227.90835530691203,448.2152073590527
916,351.42000000000013,319.1753341468954,227.81159605510743,447.02032048842
917,371.20999999999987,316.34728809851975,226.0066228607747,442.64036605773765
918,210.33,324.76406145042756,232.21605681290836,454.0382387170356
919,322.53999999999996,285.30031975647194,203.83550166287895,399.16438765366917
920,327.95999999999987,309.76863671791745,221.2232429541136,433.5951588306852
921,367.37999999999994,313.04246510911315,223.56037774289672,438.18108298127044
922,367.53999999999985,320.8382518927118,229.6495808597835,448.0789014020576
923,358.57999999999987,323.29412104750065,232.17082398091233,450.02845695042913
924,340.04,323.6832904054697,233.10041014362383,449.31633649785744
925,360.32999999999987,325.34978770733454,234.85854180426685,450.55957940674244
926,317.2899999999999,332.5698451719238,240.56120694737643,459.6238021995845
927,160.61999999999995,320.91559375918837,232.51981345899296,442.77240616256574
928,312.4599999999999,284.46956583606925,206.38228287869623,391.9596679495584
929,343.41999999999985,364.27296560300255,264.6837335341994,501.1923533878584
930,340.04,355.0543923830919,258.25016499682,488.0053988465073
931,351.29,328.50379308169266,239.4150455945139,450.6054699768777
932,256.11999999999995,325.32360707854366,237.823983940062,444.8810827118476
933,340.25,318.5008172595795,233.43929525447552,434.4251795490775
934,346.71,333.9523092211659,245.3207792330546,454.47537565412165
935,341.38000000000005,322.86704660648957,237.6165313141139,438.5750089063757
936,343.3799999999999,330.71136144611194,243.78649497786645,448.5036677672198
937,341.62,322.9249661583644,238.36512113813123,437.3570304720658
938,342.6700000000001,329.0449845204393,243.16899811978544,445.12417074201136
939,328.67000000000013,323.53840824888607,239.33071735451884,437.25100506545914
940,337.04000000000013,303.64484918644763,224.78700785786546,410.04439540762695
941,327.0799999999999,299.09516004837235,222.04167800650526,402.76805756380475
942,164.03999999999994,299.1477104161329,223.49900095323133,400.28752326525694
943,102.87999999999997,363.26720734828643,272.92959006061733,483.3967324594494
944,295.2100000000001,178.43480951037756,134.02072288797015,237.45858750689672
945,302.67000000000013,373.37777540545494,280.269820082244,497.3069946023876
946,308.66999999999996,254.99615375169137,191.47850868386774,339.4745349689642
947,319.61999999999995,313.95475454102416,236.9008825236037,415.9656554264982
948,183.07999999999998,260.0668972544263,197.0154140284952,343.19504752415526
949,85.29000000000003,277.53803620821634,211.0123257088009,364.9383356856835
950,54.74999999999999,150.59658047108678,114.73534342216334,197.56962040280018
951,186.92,87.87309408489273,66.6442607127001,115.76418322861907
952,266.24999999999994,352.65263230590443,266.49533612350143,466.5602429163507
953,312.38000000000005,214.5570812669169,161.00711821825192,285.80749213572165
954,291.29000000000013,309.94261325124063,229.9541421795995,417.634226790893
955,281.92000000000013,263.4411301937123,193.45412885626536,358.6175187918864
956,279.88,275.38277739350787,200.50943995277848,378.0762341339933
957,288.50000000000006,265.60350599482706,191.9754632729055,367.323662517738
958,107.37999999999995,277.9264723276705,199.65501297254207,386.7300437831824
959,85.38000000000001,121.02186617071834,85.73384113432809,170.66697138115904
960,264.1699999999999,142.79614857695915,100.17430119927555,203.37336458435524
961,236.66999999999996,334.7711721733569,233.20847254930757,480.37575398317244
962,117.66999999999997,194.20913146509758,134.1637163740477,280.9292486890695
963,111.25000000000001,152.9927267728556,103.97245571972306,224.9045931273172
964,79.96000000000001,162.81395198256462,109.19424550457455,242.52461184583336
965,137.88000000000002,108.18574649650543,71.31707443723754,163.85079534495813
966,278.49999999999994,221.84661414873395,144.66586189457013,339.92142655564703
967,266.38000000000005,255.06872558397498,164.51737828508112,395.1589586639273
968,116.21,224.64593289304995,143.47063679780982,351.43208003874935
969,81.58000000000001,120.98057635755919,75.78055404379552,192.78944569786796
970,254.46,132.47483036466167,81.80892545450374,214.14021880000467
971,273.7100000000001,298.95219735727176,181.52546451309715,491.92475950937677
972,98.57999999999998,179.16867762232133,106.84631295845007,299.9908406296848
973,78.45999999999997,119.41461307533834,70.07741303176658,202.99840713959452
974,180.49999999999991,131.729582620929,76.42078898223038,226.55053693355543
975,263.04,222.3011912832991,127.94150446644664,385.7135119515847
976,218.11999999999995,206.39978588372446,117.920626631468,360.70908616144555
977,157.78999999999994,190.0588819059717,107.8983326885701,334.2071189147915
978,134.46,152.0682532412926,85.8027473572324,268.9210665984561
979,223.75000000000009,155.59429509148146,87.41978923668685,276.3335411324807
980,245.92000000000007,222.72866745316293,124.8640175843157,396.68726281787957
981,86.58000000000001,180.83216378766036,100.97556356779417,323.224104588763
982,215.41999999999993,84.86976070992486,46.95536021975225,152.7599920132109
983,141.66999999999996,368.8948813509221,203.9773833924677,666.499121050057
984,121.70999999999995,102.77764603874164,55.97314942869192,188.03290278558188
985,58.95999999999999,207.3802836175428,112.49350469002788,381.5976007977035
986,167.38,98.92376475725978,52.79612670498962,184.60367399718575
987,140.77000000000004,199.90555605826552,106.10181443310296,375.8660939006976
988,114.16999999999999,135.98639949911654,71.41801128946184,258.1243989388901
989,222.25000000000009,152.50131328263652,79.5732462786109,291.43767959922826
990,32.58,164.56896916310873,85.38351872833539,316.3415942449037
991,51.25000000000001,198.35547934515753,101.93038292703113,385.1115252346011
992,43.919999999999995,149.43464246063112,75.98519529007046,292.960177239127
993,114.08000000000004,100.22401912448422,50.248344624255736,198.93430271432402
994,209.12000000000006,136.55101568884203,68.55910686655444,271.0029449677905
995,70.03999999999999,150.26353971979202,75.49348622902119,298.11904367983044
996,187.16999999999993,118.88824704138372,59.62710148836775,236.07535781524328
997,202.8300000000001,158.525504672308,79.67153537087427,314.4568277888816
998,201.11999999999995,130.2998702973675,65.39792271864839,258.6414953093651
999,57.25000000000002,158.58900940594907,79.70364951072087,314.5824064658784
1000,41.32999999999999,110.29801987361216,55.28305119852702,219.0884451714152
1001,29.709999999999994,128.37497092465318,64.42450728799184,254.83506541480622
1002,38.62,72.08364596529853,35.958165044723906,143.52068443110113
1003,30.420000000000005,71.95923145182977,35.89524902484005,143.27465851925479
1004,181.07999999999998,53.51307873167869,26.567088837057035,106.79795321773429
1005,109.62000000000002,126.4052010207873,63.42840097384091,250.93990541124467
1006,77.04000000000002,112.81611916133821,56.5564459210477,224.06790983441834
1007,176.67000000000004,96.05410927262355,48.07995135422549,190.92154569834122
1008,19.96,125.49166761577212,62.96643006488473,249.13342092077252
1009,64.07999999999998,67.829950142839,33.423207266499055,136.62697938016765
1010,125.38000000000005,81.08122382605305,39.28338688810398,166.24828335554398
1011,149.49999999999994,100.92739939076223,48.22776670026978,210.04338959392658
1012,52.830000000000005,105.12797269030162,49.09161239527472,223.8509490665924
1013,123.33000000000004,81.01183407620249,36.606221552953315,177.85181363067213
1014,151.99999999999997,96.50706454247155,42.44292024834894,217.85332710917504
1015,111.95999999999998,98.5739763396281,42.1094512042292,228.99542993746385
1016,65.33,92.89161264515593,38.67031052106967,221.2224834974722
1017,88.08000000000003,82.61658176865595,33.604417676520995,201.0474036590478
1018,111.83000000000004,89.0819998468207,35.30368051750636,222.5246283772661
1019,59.379999999999995,91.69887678806454,35.76689921053587,232.71788054692286
1020,107.16999999999996,79.5384691932399,30.86427089338191,202.56483415842615
1021,92.88,89.11668352685042,34.57838130600882,227.25705812835733
1022,127.58000000000001,84.13923646907385,32.55282180608598,215.0381510809941
1023,66.21,93.30708787382278,36.10899569981734,238.6676777562243
1024,82.66999999999999,81.70588098185364,31.501730948012394,209.4584140434172
1025,57.25000000000002,87.63105291869545,33.79172442697457,224.78540359402632
1026,64.83000000000003,81.1785458623644,31.228526775921587,208.54458908429615
1027,39.580000000000005,80.03653883779347,30.755287342601232,205.79770760566768
1028,36.379999999999995,69.47882653540576,26.599360264520808,178.97754086326677
1029,68.42000000000002,67.4934151835238,25.80640543673449,174.00846708353234
1030,77.04000000000002,75.43271841541068,28.89895879393245,194.39009651249125
1031,30.329999999999995,73.07611756742429,28.107767914905622,187.51569828042088
1032,117.66999999999997,61.34351091531296,23.796209442043082,155.74627052704477
1033,125.08000000000001,74.80453717507656,29.46232775581696,187.6371882802118
1034,123.33000000000004,71.25068698570573,28.490160714260767,176.0136765440575
1035,74.11999999999999,77.98394422831016,31.668271584035985,189.96398870729857
1036,54.45999999999999,81.8651158242018,33.661586429761506,197.1048223073392
1037,74.28999999999999,79.12655442096604,32.83834494701059,188.73341436851885
1038,49.92,79.17699009933503,33.13618256779663,187.3148394997524
1039,45.419999999999995,76.18839209276608,32.4795390300521,176.96086942889184
1040,39.62,65.41632582032369,28.457553540586982,148.74523696931212
1041,30.329999999999995,60.07407345598118,26.697142582649427,133.6724644022748
1042,101.71000000000002,48.19606946401324,21.703639920566218,105.60199241953345
1043,39.71000000000001,71.2481175205326,32.77888673952136,153.52819761385229
1044,64.58000000000003,60.92436269568684,28.327918401649832,129.7500465171526
1045,38.919999999999995,64.70341202472457,30.460699856431752,136.2168569482149
1046,26.119999999999997,57.336032317275986,27.19447367646352,119.7006984976328
1047,32.03999999999999,47.198489245743005,22.437157542451367,98.12014122720385
1048,40.040000000000006,44.082089409766084,21.07590614718792,91.06393486181018
1049,26.079999999999995,46.068492349004586,22.24309459837624,94.31617929064721
1050,63.42,38.89927211782787,18.89800116409748,79.00561978078885
1051,72.53999999999999,52.637669972513606,25.974479739317935,105.65635325995858
1052,36.790000000000006,61.65195549101685,30.816439306722856,122.372307284522
1053,54.45999999999999,51.36596860817723,25.93562155690591,100.80550920197881
1054,48.209999999999994,53.974967245146864,27.587068287236434,104.72077532533633
1055,54.53999999999998,52.30786045515007,26.977805995694567,100.57079460566203
1056,33.96,53.43979396911217,27.914076657946346,101.4999415495733
1057,37.83,47.678898023361825,25.18202791160416,89.50617166742121
1058,42.58,46.22278335609068,24.67221607017596,85.8639957610403
1059,21.92,46.34553920396793,24.97423076823894,85.30092273051926
1060,60.07999999999999,38.67819600447672,20.882645023816476,70.94556400545645
1061,19.71,46.359881077121784,25.301161735287845,84.27981988832747
1062,28.04,38.19137853846973,20.8395674524166,69.32942182083681
1063,64.21,36.64492765437985,20.0390317517523,66.35768997475185
1064,28.54,48.669724567061955,26.828317835577753,87.6536352338804
1065,16.33,39.50734174064675,21.742776319230174,71.14795202932744
1066,39.330000000000005,33.906822408779156,18.502411827518422,61.478746806009426
1067,42.21000000000001,38.23126137776183,20.82721410393167,69.51251991948142
1068,23.12,40.25818589157561,21.873677322621184,73.4190747755439
1069,63.999999999999986,41.542881038189165,22.514925705317932,75.96799682510604
1070,25.879999999999992,37.508899192362364,20.230735591777687,68.84851328381872
1071,39.120000000000005,42.149687123635836,22.73754105167873,77.4367468734084
1072,54.96000000000001,38.970401053013134,20.94788130976619,71.79212684769765
1073,36.330000000000005,37.19592580953206,19.94053410637298,68.67008296141174
1074,24.25,39.93823432761452,21.41397818375586,73.77204698438067
1075,26.500000000000004,33.816995976413814,18.04089639548625,62.6641880530887
1076,21.62,39.435368975824105,21.240620649142063,72.51499267958202
1077,23.96,38.18013352474429,20.65545900379844,69.88664630694426
1078,57.290000000000006,36.29161447208165,19.697183899138835,66.1910012836206
1079,56.119999999999976,35.11339848019674,19.113943930038353,63.839474263513566
1080,28.959999999999997,36.13738995766888,19.78940746550147,65.34079086460859
1081,47.61999999999999,37.12106963640667,20.447292175593635,66.75754898688247
1082,20.12,43.838211270447076,24.334120242485326,78.35800298925305
1083,67.21,39.48702200398673,21.94251051696528,70.44810719555593
1084,65.24999999999997,32.70637965101339,18.147612838984188,58.33481310344496
1085,33.53999999999999,28.058813756390514,15.50797660866688,50.15191746063313
1086,35.46,27.234634058241856,15.040191374265664,48.69981603098718
1087,35.33,27.859905132416166,15.395776416212705,49.799309719085144
1088,47.040000000000006,28.87974885896378,15.975488518251346,51.59344324110886
1089,22.250000000000004,32.05713849950971,17.78095223928063,57.18525023934693
1090,47.58,31.669714152251593,17.599703552518612,56.383184617762474
1091,54.78999999999999,33.70432469326813,18.814244470611353,59.7840563490645
1092,64.16999999999999,31.463214041372666,17.617547017322725,55.60575289082982
1093,60.380000000000024,31.819527251091372,17.854757796521415,56.12729808620782
1094,55.620000000000026,37.3885335124798,21.063431201935384,65.79285246936185
1095,72.49999999999997,40.07873318161293,22.643141304858,70.37217081468874
1096,36.52,45.09319792336146,25.53309703247825,79.07293276776338
1097,17.999999999999996,41.658958334389546,23.559237284653626,73.09785186253796
1098,29.250000000000004,39.20332732722678,22.089539712309026,69.00172148596307
1099,44.96000000000001,37.83081354428024,21.255436600025178,66.7511795256783
1100,38.79,38.60157808140255,21.65752773168755,68.21695098905725
1101,20.96,38.75625835752181,21.71223488574863,68.5906891832026
1102,52.5,32.48180324909895,18.0659564369977,57.79753016932318
1103,27.210000000000004,47.966536113320146,26.807069399187196,85.22705343437495
1104,73.58000000000003,31.412942438637415,17.363669358048444,56.21072499434678
1105,44.620000000000005,41.22519612363582,22.84881079275623,73.76126181608447
1106,40.49999999999999,36.212678280856096,19.96244422467055,65.06020796013647
1107,27.960000000000008,39.6551574877602,21.850420041270063,71.33310492189607
1108,58.16999999999998,39.201980777469075,21.577858935212088,70.58337126074399
1109,50.92000000000001,42.211214844351694,23.251579484877993,75.99329808555412
1110,65.42000000000002,41.49317222853097,22.879058677418588,74.61728920877191
1111,47.040000000000006,38.89993136154212,21.446132367963642,69.92556065150758
1112,55.880000000000024,41.964896585921586,23.192667997284605,75.30337996810152
1113,55.00000000000002,43.09360392987534,23.84769580102898,77.24652728741972
1114,65.49999999999999,43.57523047406204,24.2246359583689,77.77026154490561
1115,56.83,48.26076341340167,26.975645441148853,85.74054785173458
1116,63.620000000000005,47.25542489393413,26.48784152663618,83.7133096804883
1117,70.62,49.28325328615059,27.742999608179968,86.96596025140036
1118,83.67,52.264836682647726,29.537706203315476,91.90621921436609
1119,92.88,57.85958344828385,32.8303916380107,101.40645750647914
1120,91.57999999999998,65.11924504123897,37.0844467853631,113.79107441055417
1121,94.70999999999998,70.37408346201465,40.18610716809199,122.68879071895624
1122,100.95999999999998,78.49123640347766,44.9410929621315,136.5425845911438
1123,94.08,84.40087361558277,48.42144895682062,146.57376338109566
1124,90.79000000000002,85.11877612597235,48.89263442922053,147.64806571712663
1125,36.08,84.35268845883219,48.76838423195412,145.3797055013298
1126,64.54000000000003,56.87760761866607,32.74736410470987,98.26160316600145
1127,63.58,60.41586480811439,34.8099624018475,104.33125971486595
1128,34.419999999999995,61.29050529888878,35.31951610005283,105.83256461077266
1129,62.75000000000002,48.0085638522239,27.490303214637354,83.30374758607424
1130,57.12000000000001,53.79190972500638,30.771841991749422,93.49100785824297
1131,54.66999999999999,54.958069755452925,31.474553499009815,95.42336024270857
1132,108.75,54.514689354554456,31.330176654598134,94.32520552108902
1133,67.16999999999999,67.67713757668203,39.11475044294426,116.57643195200524
1134,69.00000000000003,66.54410733873657,38.552811455131064,114.34468141062892
1135,63.53999999999999,65.97391398475173,38.30328573273256,113.125449585537
1136,67.78999999999998,64.37714667036973,37.43637607330559,110.20120426044761
1137,126.96000000000004,64.78198166448165,37.73476458192373,110.71538431720836
1138,132.99999999999997,82.82020464201157,48.1369522320993,141.98458465722658
1139,129.92,97.65152606834266,56.61280325855549,167.9229311050348
1140,72.53999999999999,103.43875933239255,59.796593908224814,178.40897260387158
1141,51.20999999999999,77.21203063308391,44.68340255183752,132.90249837037172
1142,123.08000000000001,61.42719068354253,35.841321237806014,104.78214911142159
1143,50.54,84.57769841042993,49.570560251556465,143.81829801363722
1144,106.79000000000002,68.16471136749472,40.08150407923091,115.44552471406033
1145,52.38000000000002,78.3078794872958,46.311750606272994,131.94244385743548
1146,100.33,70.72947626773886,42.09746185177524,118.3833127189641
1147,151.45999999999998,76.85000635259202,46.05966566793846,127.78594446172809
1148,157.03999999999994,87.23658184163074,52.43004147985674,144.71754315463193
1149,137.83000000000004,100.02847326979052,59.88249786860102,166.64674197917088
1150,160.24999999999997,105.16194432021253,63.115851367095914,174.7811552297631
1151,167.62000000000006,117.37349491978242,70.62369390533026,194.6375542155744
1152,132.25000000000006,128.2681478983108,77.61764563482711,211.55093466773843
1153,72.25000000000001,120.67002767682644,73.3502562768824,198.10618168887962
1154,61.58000000000001,90.00020946970024,54.81141383991174,147.37535109363964
1155,80.06000000000002,75.83595077958464,46.27043578368642,123.89335531449052
1156,98.54000000000005,79.13842087353414,48.432064081570765,128.91904383167366
1157,56.920000000000016,85.73240392209736,52.61925217803214,139.29494229290702
1158,75.04000000000002,73.23364404515895,44.979669213840054,118.84935956356645
1159,156.82999999999998,76.88218874195432,47.31756616573458,124.5368555285173
1160,171.61999999999995,103.90903771643184,63.94338903653296,168.46923093891058
1161,66.78999999999998,117.97097413755507,72.38522097515168,191.87388522045043
1162,130.12,82.75752616644544,50.47774127390142,135.27876856903734
1163,183.75000000000009,100.00859668154138,60.889620996144735,163.85375801880977
1164,142.70999999999998,117.22739981698953,70.89213113900342,193.42625842403228
1165,80.67000000000002,110.67556533727286,66.47137382221496,183.84034319890011
1166,119.46000000000001,91.92048938403545,54.8330470320448,153.6434917373061
1167,89.99999999999997,106.2710819885487,63.156133586425454,178.36063767765265
1168,42.169999999999995,98.57024024453739,58.31498233234786,166.14550611857965
1169,64.07999999999998,80.17700327303146,47.02755941543826,136.2067608805358
1170,53.88000000000002,90.59159649837892,52.87439261988904,154.71443391131325
1171,61.66999999999999,78.56096085379167,45.56671947037278,134.9328413934308
1172,88.70999999999998,75.87473220082325,43.80544312961518,130.89746687366483
1173,51.71,87.12935803195869,50.181566450421656,150.74962952039886
1174,138.54,75.4955346600413,43.42747861753398,130.71053152262778
1175,160.46,102.58703446607251,58.97862771836491,177.9016207549841
1176,145.79,101.5698519277199,58.235910062612156,176.60467448468629
1177,106.45999999999995,117.36050667665424,67.41619416059304,203.7645256015053
1178,193.00000000000003,96.30328089544028,55.28702899811516,167.207998210991
1179,108.04000000000002,146.90589746559914,84.20930682920837,255.73433242394992
1180,103.54000000000005,95.2264866853404,54.24382815789436,166.61214869720794
1181,194.17000000000004,104.48136371287013,59.66498040086074,182.40594552584625
1182,74.42,134.63193466743746,76.75400342460432,235.59259834086984
1183,172.37999999999997,79.69854321274725,45.06239210000873,140.37899878322648
1184,170.2100000000001,113.90344353661253,64.24594948712293,201.35434445133234
1185,73.5,123.98311477075183,69.65625513307705,220.08133170061268
1186,142.32999999999996,99.98158676485434,55.960092045043275,178.02500679745978
1187,162.62000000000003,109.92058654283923,61.447561756786776,196.01932586135536
1188,133.20999999999998,118.6784848526216,66.26947254999112,211.91886488295447
1189,101.83000000000004,117.69423675538182,65.62471924981688,210.45787926125269
1190,156.04000000000005,112.35422458272625,62.553096712060494,201.18023818676875
1191,255.25000000000006,122.96482928777793,68.54332770218582,219.97416686985653
1192,252.20999999999995,146.05066809881268,81.40518656926477,261.40944154809273
1193,50.120000000000005,170.65322940301746,95.10378719875132,305.59386090112145
1194,73.62000000000003,107.67316761383832,59.70289570379756,193.55179563182807
1195,187.4600000000001,96.51150626140796,53.361536388162754,173.91216189097787
1196,237.21000000000004,111.81239481722218,61.78691353956009,201.69568460915278
1197,205.57999999999996,142.11811539651217,78.45403720826346,256.79426287628723
1198,262.38,116.59372726239013,64.14456743717925,211.27072702257797
1199,218.92000000000007,157.0355927243666,86.28506206607472,285.1342820474325
1200,245.61999999999995,131.26634884727238,71.86545856435697,239.0916343913047
1201,237.9599999999999,161.4858880416809,88.19505791330754,294.99917787322437
1202,261.75000000000006,146.60317832756635,79.78035140529504,268.7029398038898
1203,145.67000000000004,167.54404832694073,91.00376555346001,307.7601475390462
1204,208.99999999999994,129.2002540190977,69.91756944601718,238.0395818562507
1205,219.62000000000006,175.26341997710352,94.82891227969631,323.2110599288046
1206,189.41999999999993,153.3460962149113,82.7806099544303,283.34643087153745
1207,239.12,167.9820046976393,90.60196771678167,310.7282152706602
1208,290.17,173.755512740417,93.75467620573187,321.3006025249725
1209,272.9599999999999,188.05705266236842,101.53030736982359,347.60491573929676
1210,136.61999999999995,187.02929381989026,100.99081420578757,345.6490154992837
1211,145.99999999999997,144.31478870271968,77.83337158597034,266.86102624937166
1212,128.33,170.79698874093359,92.22677764521539,315.5850637117585
1213,228.71000000000004,147.3200418302534,79.50652460802796,272.2553034134383
1214,248.28999999999996,210.2398570987481,113.68253951338905,388.09390580673283
1215,237.9199999999999,191.1061708280212,103.31323615878786,352.78809275965335
1216,225.92000000000004,199.16282688284147,107.70429316078432,367.57014659457894
1217,97.49999999999999,192.55452602187884,104.35349520968346,354.59669348407874
1218,107.29000000000005,127.01950859122255,68.66743370158878,234.24613595124214
1219,136.91999999999996,161.43739928030388,87.38153066154203,297.5455047841836
1220,107.33000000000004,162.1311880542356,87.74544045028094,298.8664988416555
1221,189.83000000000007,138.83159510422158,75.06027424691068,256.0707926442316
1222,98.70999999999998,208.99195849625363,113.2108162837583,385.0984805811532
1223,164.28999999999996,128.1762691425857,69.14153724473714,236.8976732627822
1224,130.75,188.91428548599112,101.9781183631121,349.2436867653458
1225,196.96000000000006,142.0802490882483,76.49123186495271,263.184181699841
1226,240.12000000000006,181.28443911121067,97.62458729517618,335.91007134601074
1227,200.78999999999996,205.7990246858462,111.0610953847457,380.629650006426
1228,249.75000000000003,196.3750551165467,106.09490250128661,362.7606596802479
1229,163.03999999999994,212.02899094062616,114.71772326159459,391.1728642948762
1230,228.16999999999993,181.4550105444557,98.51926948957455,333.50638297003184
1231,113.46,199.11529161953555,108.85450992003354,363.537878045449
1232,204.0399999999999,158.9367836040111,87.42154749549671,288.2934524913064
1233,86.04000000000003,182.270564285364,100.93276109413748,328.5123115762192
1234,204.88000000000002,149.43916563177783,82.88822460410289,268.7868820420664
1235,205.71000000000004,171.90625476482336,95.62776945036624,308.3993901220565
1236,304.6200000000001,180.96055276142351,100.8771968806542,323.99561997204984
1237,360.1200000000001,165.31410985043095,92.26443225712481,295.5801910323443
1238,181.91999999999996,229.31958374875092,127.65327745032076,411.3261506391234
1239,227.11999999999992,189.09295086087232,104.8311650731253,340.4431839810692
1240,166.71,193.82064561401202,107.7270449919343,348.08595152453637
1241,254.75000000000009,177.98008551730663,99.09309155386525,319.0407791834796
1242,128.62000000000003,192.37659845254768,107.77140551361958,342.7898834946616
1243,220.67000000000002,180.63896635951357,101.672600618762,320.33903204282467
1244,179.53999999999996,169.96391993853356,96.44102077179477,298.96259982951483
1245,176.16999999999996,184.35970128336493,105.67587420434671,321.08049960802
1246,248.70999999999992,175.18920693748422,101.23784633481932,302.631558704767
1247,275.53999999999996,189.53202000827503,110.9365788550028,323.31266901106693
1248,215.03999999999994,200.88414817805457,118.85942589102693,339.0417529334246
1249,125.03999999999999,202.15473460272943,121.34773242425491,336.33233443502274
1250,235.33000000000004,187.81695173631252,113.49516267162716,310.382947812762
1251,155.71000000000006,174.60603089674044,106.67333353252712,285.39847096394794
1252,174.50000000000009,200.93653238700423,123.9921721821427,325.2473353376405
1253,312.3299999999999,193.64660480662587,120.82592252806343,309.9953938909774
1254,244.74999999999991,191.00537579594254,119.93912772269854,303.8315712932158
1255,108.12000000000002,196.54807635734963,124.10444227673423,310.94130090252435
1256,185.25,210.37874044100974,132.78717270652157,332.9705220353293
1257,166.16999999999996,189.19716745530044,119.94522828715904,298.10202345585515
1258,216.5,204.08076992230602,129.92917396844797,320.2280419798663
1259,142.70999999999998,187.2870466504873,119.61455193756687,292.92814852650315
1260,78.74999999999997,206.99331385880708,132.62147090351294,322.75948503969715
1261,187.04000000000002,193.28141975907474,123.47362695294613,302.23909560272045
1262,166.62000000000006,183.33246403798742,117.02546888692339,286.8908901507492
1263,133.79,183.61940040043564,117.14623808030821,287.49266432882985
1264,127.29000000000005,178.09874933398982,113.56144212250967,278.99265214117594
1265,89.17000000000004,176.5954900168992,112.55616190442751,276.7494197178639
1266,110.75000000000001,143.7651663962002,91.53387984183608,225.47870636722774
1267,230.6699999999999,135.01987713785323,85.91971890876341,211.85626793175626
1268,161.49999999999994,157.94592060726006,100.12859003576641,248.8186286267247
1269,315.7500000000001,161.53032095542517,102.02705731997882,255.3996868107282
1270,368.53999999999985,181.36767992493162,113.80339197942736,288.69501778451024
1271,376.62,212.67400164826626,132.72111307038392,340.4313411850828
1272,377.1700000000001,241.67597197560877,149.55025415336215,390.17587482990814
1273,359.7900000000001,271.33677227846243,166.70130980673648,441.25842732250294
1274,252.92000000000004,280.2101051839938,171.07597023276776,458.5593629408118
1275,139.71000000000004,239.6875041258564,145.49173161255018,394.4521801650349
1276,331.3299999999999,165.33951841854116,99.65687802118093,273.8827097725992
1277,286.67000000000013,232.82532636131145,139.48768631160507,388.1749140683044
1278,312.9999999999999,243.4475668145899,144.98099523233603,408.3314532242429
1279,125.25000000000003,256.46609495744434,151.96425445332983,432.3613123506629
1280,180.49999999999991,179.9640021537846,105.9391190802978,305.2300340339007
1281,279.5000000000001,182.31088285983648,106.834067022741,310.61654848616826
1282,148.07999999999996,223.71895361694737,131.10360282998238,381.265184543737
1283,146.78999999999996,182.07041184587794,106.55838078299901,310.5961345777047
1284,185.83000000000007,172.0657590017238,100.63088709915739,293.71116305046064
1285,234.75,186.8983091782404,109.29545963992521,319.10179482729575
1286,260.7899999999999,203.58707381186946,119.49376036787287,346.36961186301653
1287,355.88000000000005,222.32726275290568,130.90521742664637,377.112915180488
1288,366.66999999999985,268.7954639109721,158.73631413687676,454.6859392947044
1289,353.54000000000013,286.1956191160581,169.38772054642806,483.0802105629497
1290,363.6200000000001,286.95608076367387,170.13722383369353,483.51589076467434
1291,337.53999999999985,301.8085105290569,179.2313726443587,507.7515714023831
1292,240.57999999999996,294.26875966426985,174.96540158248527,494.4589916518805
1293,147.79,238.17444684293972,141.68880953773345,399.9033098527515
1294,111.88000000000002,174.0231332226767,103.51199527920288,292.10604090225996
1295,345.6200000000001,142.9885842617183,85.04684730497652,239.94679871548155
1296,359.75,303.86813761136625,180.6353128197502,510.70986460578035
1297,345.8800000000001,273.23523728162024,161.96361557941205,460.4831666535972
1298,325.12,278.73050604523775,164.86490267351343,470.7643983209006
1299,330.54,276.8492954304345,163.4425298487812,468.46632992195504
1300,341.7499999999999,283.92388050915747,167.36249589465268,481.1835008622906
1301,335.5,295.5843143176878,174.0167399824352,501.5933833993308
1302,342.4999999999999,292.97980204635394,172.28125133925732,497.75057655261645
1303,338.78999999999996,296.35195871114917,174.09839135348028,503.9628763913801
1304,340.67,292.4712960807753,172.33758832247588,495.8651200056103
1305,344.8299999999998,292.53966762138316,172.82503281623428,494.7026906381503
1306,348.49999999999994,295.0678869353865,174.70635433136005,497.87890513667065
1307,348.7500000000001,298.64121706007813,177.15817761579933,502.96148053819445
1308,329.5000000000001,308.46257884683985,183.28890445289474,518.6573716190013
1309,334.9600000000001,293.740617923437,175.73796873923956,490.53010229545566
1310,332.25000000000006,308.427363816775,185.63693140935484,512.0029343902928
1311,130.54,304.51856538809693,184.20091276443262,503.0018021699886
1312,286.3299999999999,156.92924791310236,94.6081085524902,259.8737660854867
1313,330.1700000000001,323.5543773568932,194.50469390192634,537.7877997157527
1314,324.2500000000001,298.3672361973811,179.26482788380747,496.1615548110417
1315,330.3300000000001,301.5863080337694,181.14508774436732,501.66781796501436
1316,173.79000000000002,306.67763426816083,185.1921508077563,507.42920186573514
1317,246.25000000000006,230.87370295530843,139.11579274227327,382.7212998616212
1318,262.20999999999987,300.03217313460993,181.76610001746857,494.82701197587727
1319,245.83000000000007,281.8812178369333,171.78760084636016,462.12225537560727
1320,171.95999999999995,276.3149693592278,169.6975829779313,449.52537293777596
1321,307.50000000000006,233.6593069949057,144.06170716191716,378.5970103803214
1322,305.3300000000001,308.7642424968486,191.1888042843047,498.26886369354764
1323,307.9199999999999,283.53252153464734,176.0815212743455,456.1835346130684
1324,305.7899999999999,289.70850583136934,181.0392900367724,463.2483243350146
1325,222.88000000000008,287.70884706108825,181.11308135973977,456.6980288785004
1326,83.71,294.02679804959297,186.2578893306209,463.81786096454823
1327,200.88000000000002,171.31926123722832,108.72306877916034,269.6261146697338
1328,257.96000000000004,266.89684099241555,170.4023851837952,417.71481156319857
1329,288.79000000000013,272.6098446886805,174.77348492992917,424.9023887499709
1330,262.83000000000004,280.76546071280296,181.99149730861865,432.85499336508707
1331,255.53999999999996,269.17387054388627,178.09269171200725,406.5762088720158
1332,243.92000000000004,267.1336537676199,179.8604074296856,396.5201499572274
1333,254.70999999999995,261.4078605149934,178.63585668424773,382.3192689424481
1334,101.67000000000002,264.3856003257254,182.97294166998927,381.8254101985399
1335,228.42,195.6828148348732,134.92616048476984,283.59664801393006
1336,268.29,260.4267157652766,181.69595990404454,373.08559965811094
1337,269.12000000000006,252.27228711646572,178.4690442409881,356.4257147938566
1338,241.5,253.18715253922946,181.25310665664986,353.51307086755793
1339,260.7099999999999,244.26964641794132,176.63015510654796,337.66546712126575
1340,251.92000000000004,253.85770085162292,185.15275376887482,347.920154917609
1341,192.5,249.92191294026193,183.6096020591318,340.05380051376346
1342,127.95999999999995,251.89847104966364,186.4436239610344,340.20998787642424
1343,216.25,203.70137740777494,151.67667371667432,273.45354219859445
1344,241.70999999999995,239.40728252202038,179.56699214184155,319.07877411073036
1345,245.61999999999995,234.23286039115155,176.7344974659542,310.33234907535353
1346,242.54,234.39399382478913,178.2970355362981,308.0420996813816
1347,240.78999999999994,230.91486111078575,176.8626271187993,301.3935026446613
1348,239.78999999999994,228.79984446657167,176.27091536772411,296.8941492309534
1349,204.95999999999992,230.87840150107638,178.9664322667705,297.7645662886332
1350,134.62000000000003,221.93006775517668,172.91890478407674,284.7528062922679
1351,64.99999999999997,199.92834243639447,155.53402421099446,256.91324919762326
1352,122.67,132.74102117713863,102.90394320464965,171.14612067488335
1353,55.420000000000016,187.32822851536278,144.9696897258922,241.97867401333144
1354,36.330000000000005,98.821905433168,74.7860896464995,130.48076184939544
1355,164.96000000000006,55.512726589129144,40.564987915364966,75.83602057194587
1356,200.11999999999998,216.0370545986927,153.19675670248242,304.4868602701133
1357,225.29,191.27820753996548,131.64392934116884,277.72296363967354
1358,225.42,203.7605278807989,136.76443696546193,303.3374233695351
1359,222.45999999999998,208.77697106324305,137.16951202775994,317.4955707133662
1360,187.32999999999993,208.68154118433168,135.67489582152743,320.6856208242415
1361,46.54,187.69360987041824,122.6473836864159,286.95820295097155
1362,186.04000000000008,77.53330149307003,49.96707768326265,120.0090851535482
1363,201.42000000000002,175.09487842618023,111.4849411767681,274.67606724530765
1364,183.78999999999996,185.1956431008666,116.34435180492314,294.44513201095344
1365,196.28999999999994,177.55808838305978,111.10386922067099,283.4058028385486
1366,84.20999999999998,180.4795320981265,112.5703238870975,288.99495152709153
1367,41.419999999999995,121.09201254436516,73.88312905338655,198.06298942858186
1368,181.91999999999996,81.39150467698164,47.78932919049236,138.13616267263498
1369,188.12000000000006,226.05744002479935,128.37116067242644,397.5052062812911
1370,185.32999999999996,139.7756260170044,76.62464565814729,254.3026389035692
1371,179.96000000000006,175.51118733636858,93.65624277003445,328.1510242022599
1372,161.41999999999993,152.37444541577148,79.3247095195456,291.85783474724394
1373,171.41999999999993,155.88168164488462,79.52480042529265,304.6432540750066
1374,166.96,156.70009127513026,78.57221351196686,311.53772756295535
1375,157.54,155.4291980246873,77.47080009332319,310.8369376321539
1376,165.57999999999996,152.14833297199502,75.4441380378474,305.8176644295316
1377,168.20999999999995,155.38265900365673,76.72950675946784,313.62358448679043
1378,76.53999999999999,152.19297745342158,74.87116794263154,308.31497402003157
1379,154.88000000000002,109.3419925326478,53.45777914017468,222.57421672917394
1380,151.54000000000005,167.81108345493163,82.0671049009563,342.06217763585295
1381,156.21000000000006,125.72257834288952,61.199197146314994,257.18037207287597
1382,142.92000000000004,150.26422081014493,73.08567716519535,307.8432929658024
1383,152.12,130.70470029386232,63.85387981152496,266.46477049494234
1384,144.32999999999996,146.54804361171136,71.98847572032544,297.2720896523801
1385,145.50000000000003,138.879609996224,68.46459042182738,280.6730822693736
1386,145.0,151.35577017395113,74.91069494701726,304.78406272659066
1387,130.42000000000002,150.62935222835904,74.76124183876493,302.4725923067918
1388,25.62,147.61307125762053,73.43164161852687,295.7265596776141
1389,30.62,99.46372252157279,49.056634252295936,200.63080665833303
1390,56.83,94.0002449086868,45.739593753674086,192.0921047425886
1391,78.83,100.59684980328987,48.45066153513848,207.73168466346456
1392,33.75,106.87528925354009,51.02903177360166,222.66508917890968
1393,48.120000000000005,53.59864392451175,24.90031693210548,114.09557686919362
1394,43.379999999999995,75.64331798028546,34.84900065084141,162.85946844767275
1395,10.879999999999999,61.27281746186182,27.780535802636656,133.7405003586868
1396,34.29,22.79187226880202,9.726325675494575,51.77232886450567
1397,39.88000000000001,33.275527877469884,14.130218900967684,76.64671608314126
1398,13.580000000000004,40.89662723261025,17.165736775877473,95.6284712326792
1399,28.920000000000005,24.28992687165553,9.655465423470922,59.02369448497978
1400,77.67,27.324100203867104,10.804002666904276,66.96462818566138
1401,78.53999999999998,50.799418283916296,20.166947780961046,125.76271337360936
1402,20.25,70.8073855599077,28.15711306761747,175.84537591192253
1403,21.000000000000004,39.54821817114146,15.319966352978287,99.74518300427984
1404,57.70999999999999,31.27417391827455,12.127696080673392,78.34540041953828
1405,28.83,43.209265695574175,17.14448685762623,106.7164203472859
1406,51.03999999999999,38.01533948364686,15.135413069037469,93.33887490275559
1407,89.58000000000001,44.76937938126534,18.051800871490855,108.9547545702576
1408,108.12000000000002,62.233620178687026,25.466890575793727,150.0751974982442
1409,72.46,81.30814246103026,33.61245960236853,194.72808154095065
1410,71.62,56.17600092892394,23.353460158881852,133.2353431872412
1411,98.29000000000003,71.50719174336834,30.476625974916633,166.0221217070425
1412,96.17,78.4014010934041,34.031313054550196,178.96991679353377
1413,92.12000000000003,72.69694147693508,31.96443995127146,163.76054776247784
1414,83.29000000000002,70.4537406924141,31.336573306673493,156.89047931943597
1415,82.74999999999997,65.4976633534756,29.59856907886724,143.51457583113466
1416,92.74999999999997,55.6941333519111,25.573669077706377,119.95524886402718
1417,91.50000000000004,69.97252261773308,33.03108517782989,147.01464427017837
1418,88.70999999999998,56.39107689202689,27.05570985489413,116.39983496628486
1419,55.169999999999995,70.47962884998411,34.52154181367176,142.83771310751396
1420,25.46,42.8091145655526,21.076830937848,85.93451177032004
1421,11.119999999999997,34.522788899086144,17.11476221441181,68.65967956041487
1422,33.71000000000001,20.379702260768518,9.935818078821038,40.79766574979348
1423,68.83000000000001,70.62288106952708,35.73050050193193,138.6615080818136
1424,18.580000000000002,48.70653745346799,24.5473107588649,95.71232674678569
1425,10.250000000000002,23.370674697526105,11.494979279932101,46.53347499875699
1426,18.88,23.53538433923044,11.450272718903765,47.351156497940444
1427,18.670000000000005,33.37108835661028,16.288988810512638,67.33087393171155
1428,30.459999999999997,23.966281678672917,11.464990114515352,49.00527197634877
1429,33.25,49.803061795066256,24.204347474954393,101.40102785116802
1430,50.92000000000001,31.06559751567341,14.822870813329295,63.982047579570406
1431,22.209999999999997,62.060127685339516,29.9750566222724,127.380062454252
1432,55.83000000000001,20.966957336719354,9.538568051647818,44.78868896308895
1433,72.46,70.12778063433498,32.07276111776288,151.97063223574872
1434,71.17,60.23424043494087,26.7256735214079,134.24043694552392
1435,15.579999999999998,60.128743161004046,26.059596982505276,137.09234641816306
1436,19.17,18.485631549636317,7.414790863222672,44.12171996426418
1437,24.209999999999997,30.40494243236614,12.353612486416353,72.85794744182458
1438,27.540000000000003,30.91224710189806,12.542881004474722,74.19755322047897
1439,18.419999999999998,33.537548599888275,13.632723222758434,80.51881540644494
1440,66.5,23.414450773704583,9.329245140749824,56.70657956699191
1441,67.21,65.51441661278756,27.10717464313565,156.4034983420129
1442,51.92,52.75964872293598,21.694239890861624,126.34948800718546
1443,68.20999999999998,46.278285205271956,18.940914729454096,111.09296475499391
1444,36.24999999999999,57.17827404857683,24.00805402789179,134.3448599997544
1445,61.78999999999997,34.47501641705164,14.496799739317078,80.20881801144984
1446,18.17,53.32934596755492,23.0604746155712,121.67745671783382
1447,17.04,24.363603635361226,10.364188360958298,55.60874045187522
1448,16.33,27.295009385455884,11.803726775683552,61.529259656143736
1449,16.880000000000003,25.129437625572145,11.072536663218512,55.55377404723877
1450,70.21000000000001,25.63226273769537,11.524550968702318,55.63096587670533
1451,48.67,44.992671346225485,20.95712711672787,95.33891566580974
1452,30.58,33.079943469744705,15.49225881489761,69.42349746851252
1453,5.08,30.287079950840617,14.337176771148618,62.82409138634338
1454,9.25,15.936966679099328,7.272888581310507,33.67481007020638
1455,13.830000000000002,20.606738764679314,9.521695806497254,43.370334272238736
1456,13.830000000000002,20.442284521105364,9.481566817354445,42.86477456049662
1457,11.329999999999998,19.48510791100084,9.04623299401479,40.77084548759286
1458,15.46,17.727314016585666,8.209559214212414,37.0813328975157
1459,43.04,20.813246275016628,9.752322006601775,43.25255426338436
1460,16.749999999999996,36.276836059171245,17.27181695858756,75.0494979635427
