step,true_value,prediction,lower_bound,upper_bound
80,230.92000000000007,229.37749741530308,227.84525403301984,230.92000000000007
81,149.16999999999996,230.46493660149167,228.9254606486867,232.01472018270186
82,165.28999999999994,190.45119272960002,187.91297359059135,193.02351517170737
83,129.95999999999998,185.61470174866838,173.96416024829568,198.04103137078715
84,215.45999999999995,160.35109331454765,142.7390228073295,180.121137498594
85,136.00000000000003,182.7072306671984,156.43856344351394,213.35883217722272
86,74.49999999999999,164.1442907560688,135.15403759305238,199.30722005350685
87,124.57999999999996,117.215687639537,92.58125307469726,148.33491853260045
88,137.03999999999996,118.36750023972078,91.14741720771923,153.62831781123572
89,258.5799999999999,127.13078091155774,96.04970327010359,168.16586515791087
90,164.66999999999993,203.24032857816476,148.91129374678349,277.25863399042095
91,167.28999999999994,161.45136786695988,116.05150225857395,224.4601300506867
92,138.12,164.96548661255312,116.99426538060516,232.43967317134616
93,140.54,152.65437520947836,107.26098309311554,217.08103294894735
94,187.16999999999993,149.06141560715145,104.16960684483696,213.115362124012
95,88.75000000000004,177.12938985898566,123.57178467895204,253.71321305470303
96,41.38,125.96299701211848,86.79572128875529,182.60351021301733
97,92.33000000000004,64.13230283998699,42.277483111376114,97.02365036622588
98,45.33,101.64774055990043,65.43208744108433,157.60646636156108
99,118.87999999999995,59.59149253905325,36.72208707708289,96.32571160784393
100,111.08000000000004,90.43421121746636,54.11153514615305,150.69628207215376
101,75.33,98.81396089309756,57.56657667930241,169.11113426900533
102,113.50000000000003,84.25450145033044,47.89820297132645,147.6420681309391
103,150.66999999999993,98.99706808950945,55.26046319968973,176.73429257072198
104,218.17,119.4144097870217,65.65456026550692,216.53395456514932
105,133.38000000000005,159.93854730606893,86.8713965059784,293.76276739525326
106,159.45999999999998,127.93547194631674,68.58754026123592,237.89845601109874
107,281.62000000000006,145.6198311237126,77.55333650085358,272.6659680714187
108,269.5000000000001,212.13515521273936,112.37321292097357,399.68190022296506
109,117.29000000000005,240.69391508441402,126.88268788272781,455.79324978218375
110,307.2900000000001,128.59089736219724,67.09220323543458,245.63323965408406
111,289.91999999999996,221.01711576986247,114.9246368462775,424.2038310038609
112,126.41999999999996,249.5652700510167,129.1450282621645,481.4076293507639
113,291.8800000000001,179.68422010771573,92.43890073667085,348.39181795319405
114,299.79000000000013,221.6066284216302,113.70232940771649,431.0200929930902
115,217.75000000000009,251.15387923081184,128.53986321434817,489.8263544013406
116,207.29000000000002,235.05100503982317,119.97139937421095,459.60537671344156
117,205.42000000000002,225.42219197156876,114.81734507410836,441.65398230641165
118,237.00000000000009,215.9936393982892,109.83636454484963,423.82663278135084
119,323.0799999999999,223.5638857861549,113.58513827982085,439.10016967669947
120,237.54,257.6793171282248,130.90151451270992,506.31024095615527
121,313.54000000000013,255.6945045651505,129.83650819400057,502.6214248109192
122,326.91999999999996,274.1852754287408,139.29700873930437,538.7615850349698
123,324.0800000000001,295.9992934852829,150.5420114795704,581.0734426680667
124,327.5000000000001,306.78502749263305,156.2485188927008,601.4325304665122
125,331.87999999999994,314.1912420525149,160.306042108579,614.8821936734097
126,319.8300000000001,320.4738464081766,163.8576631966206,625.876736698682
127,317.38,324.9584205593533,166.73622825525882,632.4284074389707
128,340.62,321.60499830277155,165.78576655058305,622.9980010426581
129,341.7499999999999,325.86294403877537,168.65760142357996,628.735321548914
130,344.6700000000001,333.0699707497657,172.9830155005054,640.4577022687889
131,339.21,336.58402564921084,175.31684890634608,645.3532843310998
132,290.74999999999994,338.2133018093311,176.59917260360885,646.8952713434555
133,219.71000000000006,323.0895754489689,169.0320698058073,616.7308376863948
134,151.03999999999994,299.5714950317917,156.97073159885554,570.8984948114331
135,94.11999999999996,245.05514888301445,128.51196567440326,466.4713720587761
136,91.82999999999998,144.3001002946559,75.17625724004463,276.14828623187805
137,244.83000000000004,105.07845923761923,54.42628326039654,202.0199185711508
138,227.42000000000004,188.34523327441394,97.65010271884725,362.42199729805986
139,117.88,237.23479934977155,122.8197107801892,457.37467446505036
140,105.75000000000001,149.59866811755535,76.97904971154364,289.84682261040876
141,210.33,125.00966581947418,64.0394793278684,243.13534739248593
142,300.83,208.2608269996939,106.71720196762371,405.52832525075894
143,153.92000000000002,276.58381471511245,141.5580043410428,539.50121245707
144,181.41999999999996,122.05116380081192,62.177359043238226,238.66796241627367
145,193.9600000000001,188.1269637194939,96.58897494046855,365.52714538271
146,130.67000000000004,197.34196609096375,101.77979549409339,381.7555340396625
147,260.11999999999995,127.51264985659827,66.24478452905599,244.60270791005948
148,197.71000000000006,248.18722650306916,130.4695443253867,471.3091889526046
149,138.96000000000004,195.70569270069586,103.51171286284047,369.22768530873515
150,315.00000000000006,156.2251766293363,83.03524786455364,293.1593770981531
151,275.45999999999987,246.6820472979199,131.24703354076166,462.87729774506147
152,359.3300000000001,241.49151807573443,128.36213552608825,453.5544652578475
153,363.58,296.6799388179096,157.83473512248725,556.8965199664873
154,374.57999999999987,316.7115667298397,168.55142307525418,594.3393831977903
155,341.08,337.9514368595551,179.9120585295778,634.049302312668
156,109.50000000000004,326.63232723287484,175.74536805948327,606.3310040685396
157,228.53999999999994,147.39195165680715,78.79005293973957,274.97639687175854
158,349.95999999999987,225.83125966576196,122.1377783690358,416.8443126313098
159,358.07999999999987,281.8507413408747,155.0436655009943,511.70611735644343
160,341.46,287.51688374951897,160.36539511748524,514.8602446821233
161,366.2100000000001,280.4087155359972,159.05783307468388,493.76407157573414
162,367.0799999999999,309.5038615761914,178.8374859212849,535.1098525138779
163,352.99999999999994,320.76934638746974,188.25642799856604,546.0647067026117
164,380.28999999999996,323.7638627246075,192.53633368038425,543.9703656471495
165,375.6200000000001,343.93953307735643,206.8611362909877,571.4171608157588
166,369.49999999999983,352.87817015718736,214.27534119780765,580.7190144352426
167,362.92,356.7793105505967,218.40645242402468,582.4196471609504
168,367.0399999999999,355.96920505923185,219.41164459299148,577.1319475925355
169,365.8799999999999,356.6499086439559,221.1191844479188,574.877574334523
170,181.54,360.0321911371699,224.33021049622116,577.4587994226895
171,117.79,261.9785435905495,162.68842751205395,421.49605204322586
172,315.2899999999999,180.06784372464654,110.31536256358523,293.5286551293883
173,157.00000000000003,292.05259189223824,176.8368795910674,481.9134531163491
174,351.29,211.8151752228034,126.1376717209625,355.2303618750714
175,351.88000000000005,273.03722554984466,160.5464100618917,463.8596088163487
176,237.67000000000002,301.31256714481736,175.20881313884405,517.662413222638
177,197.08,260.2562406522876,149.82009919171173,451.55787289335586
178,304.3799999999999,243.49840510951995,138.99629257913244,426.0075228407122
179,355.61999999999995,288.3285282999678,163.51766019508173,507.82681645826017
180,359.24999999999983,303.8947191864164,171.34743189124455,538.380185522139
181,327.20999999999987,306.4557182806225,171.92432513879817,545.6496320143481
182,249.96000000000006,306.4627925732806,171.19157268352205,548.0011348621975
183,213.99999999999991,281.42427301280344,157.32809975316542,502.78593636355345
184,329.88,266.336456581689,149.70940695272895,473.21579357730434
185,350.32999999999987,303.41558505573147,171.42940164043662,536.4306675265491
186,337.12000000000006,308.17443539758534,175.61692897356173,540.2212298047864
187,355.4200000000001,303.6944539003722,174.31737893095172,528.5465332858433
188,320.5800000000001,314.79483751745227,182.7796012851475,541.641178375076
189,326.6200000000001,307.1202575055956,180.05253550867076,523.3676528394592
190,199.62,313.0753895869855,186.2098977109752,525.9131149064976
191,256.3800000000001,261.69855981983324,157.3309077075826,434.86267729146306
192,343.41999999999985,282.92437769094744,171.92894201469358,465.1628719173114
193,348.33,311.4687042836855,191.019339626776,507.4732160130312
194,330.7100000000001,312.2588783750033,192.96986374419458,504.90912931804405
195,256.32999999999987,306.1510413795912,190.41740621442293,491.8588475119506
196,297.70999999999987,282.2563695965696,176.92793950670807,449.9363236570472
197,260.53999999999996,292.663620695054,184.70961482552752,463.3718754182366
198,289.5000000000001,280.9191844733041,178.30428963472949,442.2600398797077
199,363.29,286.116457737101,184.48565079689197,443.4325474738114
200,363.8800000000001,298.85073520968035,195.30239725227827,457.0202007937646
201,359.70999999999987,308.5906353038561,206.24166372450267,461.48596804964313
202,294.66999999999996,326.52777478104184,222.43738679034138,479.10963963555474
203,346.74999999999994,313.1210912352523,216.76620976779358,452.11005809414047
204,344.78999999999996,306.043786144928,214.79011205711652,435.8869625743501
205,358.57999999999987,317.4808363429822,225.61753487506743,446.58250138782523
206,342.32999999999987,326.78208338221026,235.0331005616255,454.1950295561644
207,340.37999999999994,320.64217838419154,233.45037553236253,440.2605041933395
208,344.21,325.4083962201381,239.40895773887596,442.1716776490727
209,341.50000000000006,328.2357797887976,243.64200555509905,442.0808946615028
210,327.83000000000004,325.709190879758,243.94423775892403,434.7681420959141
211,337.49999999999994,321.5958698182255,242.70490488916494,426.0250337025709
212,335.96,325.0234396281734,246.88996458978028,427.78413155159757
213,331.3299999999999,328.08744294426947,250.59695854847033,429.4445718596954
214,326.38,328.84402482754814,252.35475451689894,428.42584962296166
215,327.9200000000001,319.89888683465784,246.46344572779964,415.12649201123753
216,321.00000000000006,324.7369565502414,251.04258552861222,419.9787192909459
217,308.2500000000001,321.91608865095566,249.57688997667591,415.1389357148536
218,258.49999999999994,315.8335871376241,245.4565241920328,406.30722088849257
219,199.25000000000006,291.87215503223433,227.51656924082687,374.35177198827245
220,194.20999999999995,240.73730006030985,188.10987650576595,308.0104193403486
221,169.12000000000003,220.78042264778966,173.19146120441673,281.3706485366176
222,132.04000000000002,164.78345532741264,129.65257920417758,209.3605931678188
223,268.58,123.93904580251426,97.76831920083472,157.0442523710663
224,315.5000000000001,216.0607309468679,171.04498425774727,272.8548939538
225,303.7500000000001,312.43167276187546,247.98530733688798,393.55907877080136
226,300.4599999999999,302.63467165331394,240.80489646433963,380.2743876491854
227,308.21,294.120633275958,234.5929379980393,368.68929937079594
228,279.54,311.9816822048032,249.45564056917598,390.11729794998354
229,298.54,276.95620678691205,221.8846167511691,345.6351963519409
230,306.71,298.12550838495775,239.2786688250268,371.3845741451013
231,296.28999999999996,305.2655391650516,245.43018016050192,379.6294359683056
232,262.16999999999996,296.7491821385856,239.26462421307522,367.9872187991128
233,272.0,260.12394836602977,210.3269497101424,321.6550920447629
234,283.08000000000004,274.9872980044412,222.91122326687127,339.17494768008714
235,273.3299999999999,282.07447955955104,229.14645237776486,347.1746520532175
236,238.87999999999994,272.9625918513661,222.13829634319094,335.3631566787685
237,294.2900000000001,235.55723266403527,191.966298030188,288.9953250743927
238,294.33000000000004,301.51436727719874,245.96892494203112,369.5524588998572
239,289.5400000000001,290.3352810286755,237.12212846774008,355.43997690687564
240,79.38,291.58166626051633,238.3798534296041,356.607502073913
241,252.74999999999994,75.17519742897747,61.34632512407025,92.07141506410045
242,271.79,260.96868741582523,213.16065635527417,319.449116818745
243,270.61999999999995,267.1410849207436,217.98922464937047,327.3250193592578
244,273.9199999999999,265.38466185133944,216.3713564526069,325.4495802376975
245,250.5,265.0880217334261,215.9736947605082,325.31990430065355
246,270.6699999999999,256.0430326472066,208.47054209030776,314.4196288086564
247,190.24999999999994,260.90778530340083,212.32442547154852,320.5557142643333
248,172.33000000000004,234.4267937211906,190.67120022250785,288.17111771354894
249,215.12,223.71508185984595,181.62374630225128,275.50767787723765
250,50.87999999999999,235.83041008494197,191.17767610039198,290.8582651176485
251,157.49999999999994,118.10903298513828,95.47586602146315,146.0519242138605
252,123.49999999999996,135.34471506165363,108.82402140184139,168.26971975670006
253,114.28999999999999,129.55904584590795,103.66784689936262,161.8548303719592
254,242.82999999999996,124.58289430595859,99.2748467832533,156.27835891239138
255,138.67,148.01810194680687,117.05479668330673,187.10243490063087
256,179.75,153.44169320311173,120.5359589001119,195.25662080016818
257,218.88000000000002,156.6506359868967,122.35797965737076,200.47641114182252
258,55.32999999999998,171.48572541970984,132.90305470277664,221.18556208147962
259,161.25000000000003,148.043817519748,113.70372880587402,192.66466785448
260,118.78999999999996,129.34093968421647,98.57188451013793,169.61804786907328
261,134.00000000000003,132.1834297474027,100.10660693033272,174.4368631073097
262,86.20999999999995,130.1256246162711,98.01462665149405,172.6503990620036
263,217.17000000000007,123.86482755087636,92.65979877349952,165.46656691004483
264,148.38,122.61971367576112,90.73248242634072,165.59130119527896
265,173.25,139.8104968875604,102.53672205404456,190.50303042597736
266,171.61999999999995,144.3926860797397,105.07726466311127,198.27958392042612
267,214.62000000000003,151.63065349484216,109.62386612235402,209.58852129156492
268,86.82999999999997,161.73977095178773,116.62402963092237,224.16005558168578
269,207.29000000000002,158.63285763461474,113.691209026097,221.184851419561
270,42.290000000000006,143.83160170478374,102.52991143326116,201.60997582225374
271,55.75000000000001,158.13788086731185,111.73979489887572,223.63110873719793
272,65.88,61.045287436513235,42.621285260774,87.25090022144018
273,71.46,59.85514480953403,41.588736531336394,85.9560581367439
274,199.20999999999995,65.23330004318834,45.172190569621215,94.01065425943467
275,87.62000000000002,89.10206618968147,60.53242115100523,130.9366633035065
276,92.70999999999998,127.04424171019781,84.92799914660307,189.8030909362528
277,92.42,100.2682125989225,65.956443213441,152.16301749018086
278,193.29000000000008,99.11730959698794,64.36440282740945,152.3476211418237
279,186.32999999999996,108.39655126341637,68.65672810424567,170.80831994317927
280,69.83000000000001,123.18213691572304,76.40638482245639,198.22391627417187
281,113.70999999999998,119.60215036140711,72.81216978808797,196.05258243394366
282,191.17000000000004,119.56493217031534,71.65088380057811,199.07881678539292
283,185.20999999999998,121.49162657068545,71.8427320676365,204.9807224967954
284,160.99999999999994,129.73092688815362,75.87393362619943,221.31950986323824
285,65.88,129.5544056203396,75.0405228720971,223.14960054324644
286,147.96,116.61833880058292,66.4543326191121,204.08799190593498
287,127.92000000000002,123.83008221756846,70.590280670868,216.66291849147422
288,95.95999999999997,122.5981915796993,69.88378913490025,214.51490331165897
289,97.20999999999998,119.63497279376564,68.18437773657689,209.34801695207992
290,77.41999999999997,114.56331378070593,65.27577200819916,200.50469903731528
291,15.54,111.08203000120912,63.2792493876762,194.43447642685817
292,57.21000000000001,47.694134259726326,26.926175139441813,83.9066762442301
293,28.57999999999999,55.441661933310534,31.369396443185764,97.41583569176323
294,83.08000000000001,38.87410799828526,21.867873932201825,68.52742932608207
295,147.04000000000002,48.86758647457592,27.599152132828024,85.95279388876774
296,136.12,108.7659826617185,61.950991998626634,190.39604583126416
297,135.04000000000005,112.87440832801276,64.30718163929971,197.55979919138997
298,56.999999999999986,111.51552922115344,63.527861983895804,195.19035757105547
299,146.78999999999996,83.05883451354859,47.20789547508645,145.5711703475576
300,55.580000000000005,107.49992770424154,61.224907162821225,188.18845922938456
301,147.5,82.07034490491398,46.6409948749647,143.84756711593508
302,137.99999999999997,107.26550133581225,61.090463211376445,187.7796961602812
303,99.95999999999995,106.88751255307102,60.87368595251251,187.12060709980057
304,134.79000000000005,98.50973773734692,56.069016758994934,172.51250235084578
305,123.17,108.35082558661054,61.712898656048566,189.67214740073294
306,99.46000000000002,108.97299918272925,62.069716352399276,190.7570150731222
307,106.20999999999995,99.81289439281326,56.81637948651716,174.7847822039185
308,125.71000000000004,102.34956130281094,58.2711626031278,179.2079013196178
309,123.11999999999999,108.59187055389074,61.85113838605061,190.09245114590266
310,97.42,109.85441224864394,62.57520835925243,192.29391176433106
311,92.70999999999998,100.08631006740029,56.94733525802027,175.34015503117197
312,74.28999999999999,95.86537188120451,53.86475359579779,170.0187261353654
313,44.21000000000001,84.11783711777578,46.37716736835654,151.92273890665774
314,95.37999999999998,58.01643088508933,31.200879558218517,107.16285648711685
315,25.08,64.24493247555436,34.001440515838816,120.62074334664368
316,67.38000000000002,58.1218045892683,30.263277287071126,110.80490598588452
317,74.25000000000003,36.9634649770214,18.887274397969314,71.46969314249989
318,25.08,68.3259689368037,35.06861285793549,132.24853905406795
319,80.00000000000003,49.16834389442246,25.064323043225,95.5635180677848
320,24.790000000000003,42.66378673795237,21.674044066512458,83.08408604590986
321,51.71,50.202351653350135,25.57784509154193,97.64158684812429
322,32.67,32.131677734418304,16.19183421890543,62.85054994831369
323,35.669999999999995,43.883142000404995,22.313911149135137,85.40748533963807
324,59.16999999999998,36.19490274866073,18.33750536244099,70.5428781816609
325,98.54000000000005,37.5608601469509,19.062779338199334,73.11435425806566
326,81.58000000000001,49.464410910639685,25.237734985943977,96.06084652208658
327,45.0,80.73263070734968,41.52657020374161,156.08351015234837
328,17.670000000000005,74.71721885944838,38.42164285017454,144.43019563133765
329,75.62,51.19977208554009,26.155704199646888,99.34047306413662
330,30.250000000000007,35.75127847925281,18.105985853534737,69.69284360480727
331,39.67000000000001,47.309481141297326,24.100260586089767,91.97935215201417
332,38.040000000000006,39.66822701960501,20.11969416541889,77.31101511054138
333,91.42000000000002,39.215266564693906,19.875740353280868,76.47115251963818
334,45.379999999999995,42.63081180074444,21.64070756439654,83.08075290833867
335,85.61999999999998,55.07990669124903,28.091953569995642,107.10397888654643
336,66.04000000000003,55.32877734016975,28.21356072115962,107.61158579482027
337,66.92000000000002,66.99594047822372,34.256763020288005,130.13648348425082
338,57.619999999999976,66.56252495388375,34.025537807483026,129.32475912957827
339,40.53999999999999,65.46658542682194,33.45195530457726,127.2309505874133
340,45.379999999999995,58.43623077484637,29.845023683981207,113.52951260191185
341,40.92,51.35102070006512,26.19592540692895,99.77352865662708
342,73.04000000000002,53.607950846550615,27.415913016633606,103.94219537882597
343,73.17000000000002,48.477146232377194,24.90579614937385,93.49576400527673
344,34.83,47.76966267163529,24.799406158654318,91.19126915086935
345,37.88,54.493640374870026,28.61424611184866,102.98860435023118
346,49.71000000000001,52.63473091105179,27.835763419696743,98.76099186387303
347,16.379999999999995,49.08057324968835,26.127560934474513,91.45445335375058
348,12.750000000000002,53.06642497677434,28.439090810471512,98.29580803254255
349,82.16999999999999,28.472269407606863,15.118599654327483,52.88896570809461
350,68.79000000000003,47.41331454502288,25.45345990289219,87.60273982455762
351,53.88000000000002,49.92264656941843,26.80302032387251,92.2674185547883
352,34.53999999999999,48.034785378152954,25.754641268077176,88.86889986637163
353,24.17,44.878041787597866,24.018224931027984,83.13045785890976
354,20.08,40.18953818193933,21.41644574549974,74.68452532141666
355,45.17,34.66854511946142,18.27651936944307,64.9997319306412
356,37.75,42.45399870466373,22.344891212138144,79.88493479220516
357,48.379999999999995,40.11514277244444,20.977078586609792,75.91900261158696
358,60.880000000000024,43.71280268050729,22.797711485334062,83.00953700014637
359,68.83000000000001,46.849593686004894,24.37443776545849,89.23189546420237
360,20.04,49.14397666104197,25.508770643769914,93.85231998014439
361,46.54,35.22307680681787,18.03193260261049,67.94261979325486
362,44.620000000000005,44.590813326880856,22.828824723824233,86.22722517356785
363,45.080000000000005,43.82095753477538,22.322493590034814,85.1365113716873
364,14.499999999999998,44.80977289322704,22.877131159852198,86.88892092939483
365,15.260000000000002,29.752115282250394,14.964222094707978,58.238250929013844
366,24.17,27.905411256538084,14.002832793876022,54.69100258523507
367,37.67,29.203519475200945,14.755106779490735,56.902025131075
368,46.459999999999994,36.47769256320797,18.632738093578553,70.54261586781625
369,49.24999999999999,41.47615699800523,21.33165149015835,79.7922295453302
370,11.119999999999997,42.02746757416631,21.691012048717525,80.59014511433264
371,52.580000000000005,25.2711749470595,12.819223133642536,48.94308481920337
372,22.830000000000002,39.68887278673719,20.233280812317368,76.97119923619545
373,33.61999999999999,32.89418479305142,16.568041667539465,64.3923632767897
374,22.96,35.15307053150211,17.739840438304363,68.7468323254321
375,36.92000000000001,32.80352789199803,16.522734764589146,64.211196385525
376,26.92,34.210883319046246,17.25295004507003,66.92361240490824
377,41.120000000000005,32.83890397883153,16.63286210502433,63.93962328227492
378,42.169999999999995,34.403660644999626,17.529662696226545,66.6439289594595
379,69.17,34.559867741841934,17.681226224506347,66.68850067018046
380,45.71,36.91490073717513,18.879279686048402,71.31347013638184
381,73.29000000000002,38.68791439755314,19.774120873131036,74.82176684380221
382,50.92000000000001,41.67029924572703,21.382891182046713,80.34581108897665
383,57.54000000000001,38.31505842013306,19.66029984890853,73.81371663926417
384,64.16999999999999,49.30271366274737,25.475137815651355,94.57506440402635
385,42.790000000000006,54.89480548219336,28.45689836567991,105.06104013762214
386,60.540000000000006,51.79205386556635,26.852716903119667,99.0620859013111
387,62.67,53.61397286038943,27.84122483121402,102.41745362933683
388,58.88000000000001,56.174057778228736,29.217479143776533,107.1782125926107
389,46.83,57.69520382069228,30.042645260947797,109.98045680683789
390,41.88000000000001,55.10846155622951,28.69182048818348,105.02783549293531
391,82.71,51.98087991460875,27.050598807677872,99.06822513029141
392,43.379999999999995,55.465282634176944,28.907960963516263,105.60466445194382
393,43.53999999999999,54.41227777312766,28.360691577707403,103.57929847734248
394,87.62000000000002,51.46506588418907,26.80751841983329,97.98701123466888
395,56.54000000000001,51.91810689564947,27.054871444284828,98.81603526434439
396,30.119999999999997,63.777841480740335,33.436743187817314,120.85149809371062
397,81.20999999999998,56.60870187904377,29.697044375319834,107.11342263481237
398,89.42000000000002,44.78112513714662,23.597876554927133,84.20700614717299
399,45.21000000000001,57.78745296241821,30.609406381831384,108.33342385686086
400,44.620000000000005,66.92311139080957,35.54447492496263,125.2447762755218
401,51.62,59.017573511744516,31.30830527440046,110.4917387230396
402,36.580000000000005,52.1644507357544,27.74459077058911,97.33011172754044
403,54.039999999999985,49.73325429642356,26.7789587708071,91.65513199186039
404,76.07999999999998,46.96646605471662,25.547653570808368,85.66611004402313
405,137.78999999999996,54.38675680533841,29.935686273938725,98.1635615337239
406,114.61999999999999,74.49049718034343,41.11554719236137,134.31381032534827
407,137.33000000000007,78.00965347683777,43.03542685717149,140.7614359178931
408,135.54000000000005,105.74710395090506,58.355529884109416,190.97780264372585
409,56.42,117.90114206358083,65.48030321026465,211.6566953118376
410,52.5,69.846451918399,38.50029738015168,126.06789777102041
411,56.119999999999976,58.731027151203726,32.22318340650159,106.38873397182158
412,112.33,60.51647975999293,33.14663295738071,109.82431719651167
413,136.96000000000004,84.90241875508413,46.668596081389445,153.8026615966311
414,162.79,100.78332821899448,55.81162538644334,181.35433034816276
415,160.79000000000005,120.37198506929244,67.08204308253373,215.37362941359473
416,162.5,128.67670509963423,72.04771186682626,229.20635986730076
417,163.49999999999997,137.88997605694146,77.51841033403322,244.68028526090117
418,93.66999999999997,143.85077059564878,81.13796885839263,254.44514959124675
419,51.75,101.0888874214624,57.2085540092134,178.0482706940698
420,149.32999999999996,49.2200364527228,27.768205726688524,86.66803481848977
421,65.49999999999999,124.95933847368357,71.27861287475329,218.50829322389836
422,166.54,82.20366408043927,46.49293333293964,144.76589043004228
423,152.03999999999996,127.7937032601711,71.85888143564503,226.67050046082218
424,88.37999999999997,129.24494850376328,72.11978144103466,230.99941625137197
425,184.25000000000009,99.7308695075026,55.184922673197406,179.59485692908015
426,115.03999999999999,141.92202030294305,78.27971468387537,256.65359990163324
427,131.57999999999998,117.17289947862089,64.24476804235263,213.0376093010122
428,139.71000000000004,125.53681672000025,68.69200987585906,228.74751358372367
429,167.49999999999997,136.3784296066644,74.50612355389526,248.951024273178
430,123.88000000000001,156.24098956469908,85.5390395400855,284.7060689682503
431,44.620000000000005,138.3880306139426,75.80103255974278,251.97867008910004
432,149.32999999999996,63.860624557425496,34.66103317219129,116.96911765472564
433,187.71000000000004,124.68214138527642,67.79651792869247,228.60465353146438
434,180.78999999999994,138.625234452035,75.14210484321711,255.03713130767773
435,131.70999999999998,133.91629433848462,72.33954856768392,247.19359859066896
436,212.58000000000004,119.54810915900296,64.35144074735554,221.36459450052638
437,150.41999999999993,140.89420950201148,75.74626201522426,261.34459062262505
438,77.70999999999998,132.52788143678168,71.07964576576482,246.36102587040844
439,129.82999999999998,106.5561785284719,56.96314685767467,198.58080550826415
440,177.3300000000001,122.79429579502343,65.61955799947062,229.0379668010937
441,220.67000000000002,141.20203655473122,75.43350446152557,263.5622406400585
442,142.12000000000006,150.30303714240134,80.24205839505633,280.78273053096257
443,190.70999999999998,133.2603861846705,71.02830313029563,249.26066858536137
444,212.21000000000006,138.6162973964892,73.84626347937379,259.4366549851448
445,240.50000000000009,150.6657261347564,80.46645342007493,281.35539315026404
446,233.74999999999997,168.22626122947497,90.0516607142593,313.5195514838279
447,167.42000000000004,181.7412549035445,97.69975626613665,337.3429453835405
448,163.62000000000006,177.2213623613747,95.5716600791948,327.9045044467176
449,112.54,177.74439122249257,96.12281297896001,327.960379271766
450,118.61999999999999,164.40086914590466,89.08358775823694,302.68958647208416
451,82.20999999999998,154.54186510768562,83.88313060329632,284.0186088711243
452,135.95999999999998,126.70642161289322,68.64391295364028,233.17595924034845
453,123.08000000000001,141.5101731091267,76.670872947805,260.4770333950161
454,55.959999999999994,138.11351287228317,74.96301093947933,253.76306460634277
455,63.750000000000014,105.22634952850312,56.959233984808805,193.68920754041153
456,126.50000000000006,83.46462625370437,45.05471957985749,153.90862072902974
457,157.83,132.77220085783816,71.89835243054219,244.47882257558862
458,136.54000000000002,145.01835034023944,78.72396401172783,266.439770467866
459,231.53999999999996,136.67246064937726,74.28937408688388,250.74477343086647
460,157.00000000000003,174.22166974039334,94.95637143803911,318.96451185564854
461,149.79000000000005,147.35033139957017,80.8225638922505,267.97007108386
462,264.1200000000001,143.6194633303697,79.2500081657214,259.6203993247424
463,284.50000000000006,198.14271992523544,109.44767939279666,358.0643381304689
464,282.37999999999994,221.7236441243122,122.47136024038302,400.7597405215027
465,267.6199999999999,229.12123855217612,126.52437317126748,414.2601037424195
466,98.46000000000001,224.1116473565421,123.7083573457693,405.3501023838585
467,287.7100000000001,117.74820969162364,64.61354046594757,213.91200146841786
468,302.25,218.36456635130546,119.94039085040556,396.8886841040412
469,237.12000000000006,257.3546856019058,141.50072404205284,467.39862759407544
470,88.41999999999999,210.96711543960387,116.62525286981811,380.97629277373585
471,312.11999999999995,115.86355242087932,64.1850215190053,208.51270040534934
472,315.1199999999999,220.27364280868798,122.26355183648596,396.21413404326466
473,245.0800000000001,252.27197482925112,139.93308287339565,454.15709956854977
474,257.49999999999994,237.20230590971167,132.17704230445943,425.05194978717367
475,299.24999999999994,247.81984983596956,138.67458134171818,442.25400568716566
476,308.82999999999987,270.12056258569334,151.71490260630597,480.3306245971282
477,154.21,283.12247977372846,159.5048557685166,501.94792096007893
478,116.62000000000002,210.52592389204895,118.12750647294037,374.59097645133903
479,193.38000000000002,169.33601909574824,94.59430058634776,302.5155780566564
480,149.49999999999994,196.99120592624797,110.06037936428702,351.96581776971124
481,304.7099999999999,173.93128988536844,97.47255889281124,309.7561794374449
482,158.0,225.32353447551225,126.55801085398018,400.5611557013403
483,281.46000000000004,187.1217940382705,105.1372632121752,332.43435020960516
484,255.1699999999999,224.12051790655798,126.12383662806234,397.66046311042146
485,197.1699999999999,227.97242000211034,128.78693717603247,402.95721065913773
486,332.04,214.35466424276729,121.45953455817418,377.71801145123095
487,216.00000000000003,240.47560070513373,136.72316674141558,422.3889411313564
488,226.16999999999996,210.86398798818914,120.14123513799088,369.52907174943294
489,314.67000000000013,214.48816225044044,122.47931593542096,375.0560845215362
490,284.83,216.84386586931714,124.05805919722789,378.47134476192934
491,103.46,224.13265790832045,128.4437442039706,390.5578459859641
492,325.25000000000006,225.5012301599098,128.80182561721506,394.23948927532155
493,347.08,212.41185587514053,120.9582813864806,372.4442606955307
494,346.2099999999999,221.5246517015159,125.8633055170766,389.3194892570069
495,294.58,226.96048703835538,128.69936154425432,399.6649148618441
496,253.0800000000001,229.80635094228964,130.09264631982086,405.3658269994115
497,182.71,236.13632228158266,133.49096891269517,417.12201815378927
498,224.79,229.19321432508923,129.39092194477124,405.3850084882489
499,161.91999999999993,234.0170139861901,131.98264597167707,414.33988483541464
500,240.21000000000004,228.84246201008852,129.5397426738664,403.6856249352395
501,229.88000000000002,228.5121065515785,129.76526084107056,401.8272242561749
502,156.45999999999998,228.09059785887254,129.8766603512074,400.0073445219256
503,127.29000000000005,222.52904811435954,127.60935618102647,387.5038914321456
504,102.07999999999996,207.00437010783057,118.8556537947872,359.98270389508383
505,61.42,155.91949649645048,89.34139634807451,271.5630704868372
506,163.21000000000004,91.42158674424361,52.023193661520416,160.09459099825213
507,202.32999999999993,130.55865854077703,74.17804711720721,229.2225357099929
508,279.54,159.23592975318275,90.25754441613118,280.3526634771948
509,338.04000000000013,230.30829873203788,130.358072758277,406.31055152404696
510,174.99999999999991,253.7861911973338,143.33930772072642,448.74584020069204
511,262.9200000000001,194.51183929414944,109.74905612502454,344.1485786120766
512,355.17,229.03924627490693,129.29669886421524,405.1350386311339
513,306.62,269.6599897344323,152.2940741480959,476.88429168025306
514,304.00000000000006,254.91658060779682,143.9352702681696,450.8796294980965
515,218.95999999999995,261.2650593417088,147.73633555643116,461.4489442622681
516,276.25000000000006,220.51329658545384,124.81623459307025,388.99848249200295
517,251.42000000000002,246.47835201254804,139.74575434685036,434.1501400455367
518,348.38000000000005,238.81336170282518,135.53641283090988,420.2096045209012
519,302.7100000000001,282.42908020607433,161.2045064467432,494.25161332577915
520,355.03999999999996,264.2125411031723,152.76429298597336,456.43839868478574
521,182.74999999999994,294.9365702887763,172.4828572178597,503.82482845151
522,246.2100000000001,203.0755893952069,119.53150382235496,344.52664545181625
523,165.28999999999994,222.93830278535032,132.10726069268807,375.75152499880136
524,217.29000000000002,189.3111335075214,112.7330877765159,317.4502262708825
525,126.12000000000003,193.28429661284702,115.64260589313443,322.60720700059795
526,246.82999999999993,157.0161404614584,94.52955955032735,260.3756492112895
527,307.9199999999999,176.37908408125512,107.1283860188329,289.98131053232356
528,249.42000000000007,324.073769050856,198.02566364145088,529.9514029070211
529,102.04000000000002,267.8433994280764,164.20869383152245,436.487711692407
530,195.29000000000008,141.73250840766872,86.98767218467079,230.53890142231228
531,161.58000000000007,201.91670534524556,124.42304233831182,327.29046832642337
532,195.38000000000002,183.58346171899646,113.35069920484348,296.95230442040975
533,339.04000000000013,202.29873267378431,125.18834426710838,326.52925753016467
534,300.75,271.00013628905407,167.64803363404042,437.68921888414366
535,333.11999999999983,256.2283469480544,158.34169701670638,414.2486368128196
536,205.66999999999993,295.34013966893195,182.42552724178097,477.76366882809157
537,316.1699999999999,214.27577901519112,132.16017133993367,347.0294487778216
538,372.11999999999995,255.8135246906843,157.7634274592077,414.41800602030077
539,364.46,272.9904996723025,168.30058860429432,442.4172056314625
540,301.41999999999996,305.256088341504,188.67700726138258,493.48688062116486
541,360.87999999999994,296.3850711850909,183.5461822690197,478.2181527485757
542,355.17,321.7260485174694,200.14927579596744,516.7851224149822
543,306.2900000000001,336.31407390115874,210.12234656053013,537.9329282543507
544,168.78999999999994,322.6520441638111,202.29237657778103,514.2708992574311
545,125.75000000000001,217.40190677050728,136.16338424164158,346.7560220952338
546,263.1699999999999,121.913551089931,75.79985671961549,195.71574514381098
547,249.71000000000004,251.36677540750242,155.2274141417028,406.6684599785605
548,311.17,247.63914483061782,151.7088926784077,403.8318552888191
549,353.8300000000001,270.1005527463034,164.3901048840664,443.376704101309
550,362.54,290.05950249075545,175.55602923195042,478.8229454904139
551,368.08000000000004,295.19463018164487,177.80158080865368,489.66265830349596
552,367.37999999999994,307.1012878930501,185.14214042257902,508.9672937350706
553,321.9600000000001,324.6565881471489,196.87176071726537,534.9643691409684
554,351.96000000000015,304.69889267517533,186.2372183178839,498.1091718964208
555,360.4200000000002,304.15367631871067,187.4170789441231,493.2161649711156
556,347.88,331.49003335399397,205.84719107972919,533.4506816973342
557,362.7099999999999,332.85068162849,208.73197894414753,530.4224286868939
558,267.29000000000013,334.36428875530356,211.4390667508203,528.4186605718382
559,342.4999999999999,272.71362726239363,173.613732227241,428.05645961245096
560,368.7100000000001,325.3986225867206,208.47636877482026,507.5827172277891
561,356.96000000000015,356.8337720923322,230.74364548643905,551.5286709849394
562,353.49999999999994,338.40142862210865,220.50778482288354,519.0419021066745
563,341.66999999999996,337.9309941668708,221.65533749752134,514.9284304523902
564,357.83,326.59710443602734,215.41203155412668,494.90525103511953
565,354.79,337.69410190918444,223.80479764362082,509.28134572965234
566,348.92000000000013,335.9055586647885,223.5195810553013,504.54768954105526
567,352.2099999999998,334.16021080032897,223.15892353159472,500.1282403302938
568,326.21,339.915338533994,227.70413679731237,507.1817481541659
569,254.28999999999996,323.9008696769534,217.52627786474574,482.0566655337264
570,335.2099999999999,275.76688099029764,185.94439781268352,408.74700129741217
571,351.96000000000015,328.8204939325921,222.5860395116167,485.5310842105915
572,353.2100000000001,337.8811446135633,229.43468734849313,497.3643369668658
573,350.7100000000001,340.7822864715283,232.0147389107297,500.32078293321575
574,255.62000000000012,338.9743400591853,232.15579512457518,494.7309846702407
575,276.66999999999996,276.3216263922041,191.21787271986796,399.1047528858016
576,306.96000000000004,264.04769820187994,184.9618386066394,376.767195939128
577,331.9199999999999,299.34076647310576,211.917020725797,422.66070921977484
578,222.61999999999998,329.4869710246009,235.6756731563175,460.48231696325473
579,319.41999999999996,273.96729362383695,197.62002055440516,379.6615886544398
580,327.9200000000001,299.5014538220352,217.66025998424558,411.97455585053694
581,336.3299999999999,306.66429956017424,224.27058769146524,419.1938752585715
582,328.3300000000001,313.7350461864726,231.02953605035594,425.920429977083
583,261.49999999999994,315.8562677493281,233.9555086802218,426.30598220907007
584,305.9999999999999,302.56612123600445,225.493119720726,405.86617799207187
585,317.49999999999994,319.6265858690069,240.2832366335264,425.0611263357503
586,321.45999999999987,308.26881818055824,233.73229368431137,406.4735537984132
587,324.74999999999994,310.68164658757155,237.3531865637506,406.5693311260055
588,317.42,313.07983423110534,240.8282266280939,406.9182304154506
589,138.71,313.092352808236,242.2416413485537,404.58025157890995
590,311.0400000000001,249.9826128348622,194.24757366240777,321.627681173293
591,318.2100000000001,275.21018881165185,214.69939852238514,352.69625008690434
592,318.70999999999987,286.3980643966038,224.16984227192333,365.8237566164233
593,258.79000000000013,293.52672891035905,230.48923845165706,373.73013701564224
594,250.0399999999999,303.3097509371424,238.87617177607595,385.0509521632341
595,259.29,283.32586516612844,223.75741374764524,358.6820067223007
596,255.3800000000001,279.5836203779396,221.3322305633779,353.0969648210758
597,244.21,276.4948318504228,219.68519843092454,347.9286198222164
598,287.79,271.73537252596435,217.05345177733403,340.130043209931
599,281.2100000000001,274.89270268681076,220.67307344638718,342.3740607843478
600,284.83,277.10059046531615,223.60354643775796,343.33979179660867
601,214.2899999999999,279.3759318264552,226.56613820900503,344.44095077693044
602,150.54,267.58575822912616,217.58447313724557,329.02485715543105
603,272.46000000000004,229.10893117035377,186.61618139354863,281.22576438272694
604,287.53999999999996,248.84733444253354,203.02902438162653,304.95495281729467
605,288.5799999999999,257.38636787273276,210.28330539536793,314.9904895350376
606,278.04,265.44421927594624,217.11899486912162,324.4761100846183
607,284.7100000000001,265.33426128625496,217.33612631739058,323.8841130018949
608,158.57999999999998,267.8913763971488,219.98717151980472,326.17995258957114
609,269.83000000000004,245.5341979513489,201.77914478680123,298.73058039778726
610,264.95999999999987,254.49833493237753,209.29876802733685,309.4126560776222
611,270.2099999999999,253.11075879662778,208.28054841443767,307.5440965508445
612,266.00000000000006,256.20001414124397,210.9314373371351,311.13796360482115
613,241.25,257.96338495649024,212.47575332791234,313.14356760747347
614,255.62000000000012,256.61465471548445,211.44116929220576,311.3938290553043
615,213.88,259.45103672294834,213.84658088856182,314.73573221183165
616,268.66999999999996,251.7548291288889,207.5009769161478,305.40145956566073
617,262.1200000000001,257.5715007755455,212.30185039938166,312.4488561075874
618,252.46,258.2771088189152,212.94116621075239,313.22012111158153
619,239.75,256.3940697457748,211.71376920622666,310.4594197992963
620,209.45999999999995,255.07486822605097,210.89996005290988,308.4589452523537
621,194.57999999999998,247.83309622433202,204.86654913430868,299.7672204977411
622,169.25000000000006,230.65877233317644,190.57612075889435,279.1277454952481
623,189.50000000000003,211.27988484774167,174.48669855862568,255.78726582183742
624,199.45999999999995,213.86203302079605,176.5666357343388,258.99080876262764
625,173.74999999999994,215.0180042451971,177.47525523778495,260.45797127958843
626,132.95999999999998,196.55363669032667,162.1277101731838,238.24469563227652
627,84.58000000000003,163.68361013430268,134.92036795834505,198.53368177445316
628,184.82999999999996,106.02968700470946,87.15458419713086,128.94620761535967
629,216.4199999999999,161.58118589359245,132.47946989419788,197.02777181778305
630,179.16999999999993,190.2397386471613,155.20112901422056,233.13811326872667
631,151.79,176.26757196444913,143.1560547637048,216.98454544056338
632,131.62000000000003,162.90263531037706,131.79216709708942,201.3016451116813
633,35.58,148.69897641705094,119.90126455963951,184.35607234495245
634,121.21000000000001,51.83235817618285,41.406327783935005,64.8217350174306
635,207.07999999999996,109.37555621140666,86.79713292200023,137.76037865382997
636,211.3300000000001,203.40654444454435,159.84175824529495,258.77106858057937
637,211.04000000000005,169.68921485912685,132.07981699785608,217.9273229139963
638,205.45999999999995,178.03567979702763,137.93643339533548,229.7082012763108
639,186.04000000000008,180.80210021221367,139.52394329173055,234.20549500205212
640,186.70999999999992,177.5536637349863,136.54786146263962,230.78412586113598
641,187.9199999999999,177.83802762667125,136.37210270849098,231.82048898434132
642,194.0399999999999,179.62230932203585,137.4046314255816,234.71768002840952
643,190.49999999999991,190.64562329131806,145.547229497863,249.6225812153847
644,188.96000000000004,183.07344470222318,139.50908311935305,240.14478788364917
645,186.88000000000002,185.1452081066794,140.8778149047663,243.22450066867316
646,164.38000000000002,183.9505746960253,139.78788354672386,241.96632791583735
647,169.41999999999996,170.7259652422231,129.57964431152334,224.83770459674025
648,26.71,173.29836194933972,131.41380112679192,228.43166588151152
649,57.54000000000001,61.77023675660676,46.499104597056466,81.9510925712194
650,103.62000000000003,89.53256357644399,67.27857160389017,119.03978517992164
651,23.54,126.21986763425988,95.11185431762375,167.396446367499
652,67.16999999999999,42.304405497868416,31.614332631902933,56.498387493891265
653,165.61999999999998,61.737973648465264,45.7375403066831,83.21609934300919
654,85.82999999999998,145.91443063865273,106.28065445703554,200.19051323017
655,103.57999999999998,93.60193319157588,66.23894575517217,132.10032843420913
656,18.330000000000002,103.08585823761105,71.2997755524682,148.8464663586388
657,64.21,44.64299779079801,30.079813730246396,66.03010723977962
658,60.380000000000024,63.63865615674851,42.27646081897837,95.54569229279677
659,15.290000000000003,62.07960788578316,40.6298933567663,94.58124247218197
660,142.58000000000007,33.84138182601324,21.56397015357708,52.79912662903439
661,37.38,59.344348198253215,37.115345521213946,94.53738290120715
662,38.71000000000001,52.4957911839741,32.07916382624565,85.51366429428167
663,110.07999999999997,47.43731404043923,28.415136017979503,78.76075276408966
664,121.58,55.89391684710152,33.05632866551559,94.04599882143219
665,134.37999999999997,75.00057115389946,44.49344769037405,125.96524684237322
666,110.96000000000002,92.80454337914178,55.15078969205157,155.70825658601336
667,137.03999999999996,104.05835236139515,61.88724656965672,174.50867628885143
668,38.42,114.22470130704697,67.97275694068463,191.4924039605369
669,132.08000000000004,87.70042623094722,52.09549835724406,147.18140627694615
670,129.75000000000003,85.3961650428917,50.716182593794244,143.33194717303573
671,130.16999999999993,100.67898773722943,59.86438088033359,168.86316787801667
672,102.33000000000001,110.83129627327988,65.94148675347348,185.82343988293886
673,70.45999999999998,111.04168263045675,66.06742265881837,186.17490771226792
674,23.460000000000004,98.58837269785933,58.61295231222851,165.37062235505604
675,12.790000000000003,67.13397233642759,39.78455279168811,112.82344217556722
676,31.580000000000005,47.22584384964487,27.867676534367693,79.56526517613872
677,16.039999999999996,57.18346286920025,33.82824252892435,96.20029222376492
678,114.82999999999996,24.61205588016463,14.331210104562787,41.78705998644212
679,44.330000000000005,70.00894964731323,41.505495515117595,117.62632981707793
680,66.21,57.03689750311608,33.74050945384431,95.95544264433562
681,92.25000000000001,63.288630260489356,37.482756029805294,106.39947984933396
682,34.92,68.52384208537863,40.61651978562422,115.14533467025622
683,57.88000000000002,54.02041581912966,31.934863132824965,90.91616023121676
684,51.11999999999999,50.6950101038637,29.944296895495302,85.36079464541334
685,32.67,52.746695647696875,31.17242252071545,88.78830522277745
686,21.33,52.59686452601727,31.082734585571934,88.53799992822645
687,26.670000000000005,32.418706895119136,19.004220638479232,54.828716885557505
688,15.119999999999997,26.688980443787102,15.574443642909216,45.25673443611612
689,102.04000000000002,20.921375215335548,12.052818662075714,35.815549481870235
690,100.87999999999995,31.924714920831832,18.482548874392723,54.64142862450978
691,76.58,84.70061027549328,49.44310616449134,144.6015531169271
692,39.88000000000001,61.83788104443886,35.819634347859456,106.24167591807179
693,86.11999999999999,50.03972772572816,28.79204505262643,86.44125492945325
694,66.54000000000002,62.85538768547556,36.15125049996987,108.75432809363151
695,49.75000000000001,72.67936775825402,41.74822790378696,125.99121108538705
696,88.95999999999997,57.30829958560519,32.75044370909056,99.73520306486952
697,53.25,70.3302673773047,40.20532218349222,122.47936563777549
698,93.74999999999999,55.004314856924594,31.19534563197046,96.42039481256475
699,37.17000000000001,72.94487967400919,41.27287443621115,128.34642611669474
700,89.28999999999999,55.670399202956716,31.289245546155826,98.46141792727097
701,88.08000000000003,59.366918469024604,33.28901671649983,105.27790454231067
702,88.83000000000003,88.56020627802776,49.24893550037385,158.62588000502438
703,86.0,88.49894374203895,47.68668811862081,163.52260855009993
704,87.91999999999997,68.36784735495866,35.00278190060471,132.65351210763035
705,82.03999999999998,74.95206962320594,36.49779394168749,152.84150035650651
706,47.33,85.47823685992819,39.90310665601396,181.8341674214198
707,73.91999999999997,66.9837236189482,29.993356553084844,148.12185032884148
708,48.790000000000006,70.07389606406345,30.404064016200543,159.85493581720368
709,70.42000000000003,65.60797898147548,27.468377457329375,154.84389628972124
710,33.12,65.74934854656773,26.39815022966251,161.61957446190945
711,46.83,52.65050374168519,21.561541155302677,126.57889773235048
712,33.75,54.774017079973824,23.165571058202058,127.72615233238574
713,54.41999999999999,48.44752901586569,20.99583124873428,110.16006929338378
714,26.38,50.41629593880178,22.38905216982079,112.02875673934157
715,26.119999999999997,38.76933006923082,17.438209888353683,84.77837131328181
716,40.459999999999994,32.73718849261933,14.896415782146367,70.60091324893898
717,28.75,33.279477573248975,15.406432715120985,70.62328356802782
718,31.120000000000005,32.810862598010225,15.39862418676168,68.71160608366104
719,23.419999999999998,32.11077385153261,15.241495237422772,66.50138020058935
720,48.379999999999995,31.57290420544755,15.131800725784785,64.77034432872632
721,23.709999999999997,28.082735384704314,13.52131189512981,57.24580475682782
722,77.45999999999998,36.84948022492527,18.030189871827993,74.2794986779288
723,83.17000000000003,27.196901995456212,13.260846535019292,54.75161896518419
724,27.08,66.23956274865378,33.177901635468984,131.28310054992377
725,30.290000000000003,61.28798855903382,30.735998205534262,121.25213442486755
726,52.79,39.61078050730704,19.73301361323643,78.5463469121421
727,82.96,38.2310960252107,19.100949089906063,75.56747392650078
728,43.620000000000005,48.915122229142845,24.605057849497012,96.30575270694864
729,25.169999999999995,53.051509842467055,26.754462908101118,104.26471817970399
730,46.61999999999999,42.016172503118696,21.086018698500208,82.78110704686304
731,35.61,41.79131830842944,20.96887959559043,82.34958160273516
732,30.080000000000002,39.82498352563624,19.958000504463296,78.5247275384657
733,68.62,36.36561836774262,18.181026719040187,71.79013039577526
734,19.619999999999997,42.62397220714332,21.39259139106976,83.98574005546118
735,46.25,39.22750314200929,19.648322519099388,77.37208119659641
736,37.25,35.66393517911156,17.818540664406413,70.43190148429584
737,51.46000000000001,38.0243044973132,19.02946871343645,75.03278765339435
738,37.88,40.340446152101116,20.276123512109667,79.32630977546484
739,67.00000000000001,40.767456076305734,20.616331654621675,79.70381297620138
740,60.120000000000005,38.08683247676136,19.32530544311398,74.16642135304316
741,48.120000000000005,39.162510048125434,19.969143341986992,75.92384886968537
742,21.33,42.704094327695344,21.896664384715393,82.42035455082011
743,38.46000000000001,41.513070207728994,21.26477310466221,80.17581661359202
744,73.91999999999997,39.5362064211921,20.223048191740837,76.42450642226582
745,42.38,39.42766464943469,20.160788065466356,76.23701328848085
746,90.03999999999999,42.12548232745181,21.567964770052555,81.40916914418898
747,20.67,43.22015140760057,22.073013117454053,83.74930346361653
748,82.62000000000002,45.71260158462105,23.297536498881108,88.80610634761369
749,82.91999999999999,37.39289454993357,18.91711949829095,73.00740614368465
750,64.88,41.99496258679011,21.219741717832125,82.19479277996922
751,32.78999999999999,46.57231952207582,23.505843322677094,91.35044698976903
752,38.830000000000005,47.64153618246894,23.987765278791905,93.68630010697879
753,109.03999999999998,46.09778893252086,23.138192324220793,90.89593373595305
754,94.28999999999998,43.06434358072002,21.465570544748008,85.4285361162868
755,60.120000000000005,52.16825584369038,25.9173307389575,104.02019895192623
756,89.0,58.10172442959646,28.743135159328656,116.43932883472131
757,82.50000000000001,60.63848462473971,29.862741965105464,122.10321588178728
758,40.79,66.6649341471657,32.73438418074737,134.72334057170374
759,37.290000000000006,66.81743679113671,32.68666963076959,135.5289232604604
760,106.24999999999999,60.78400561795209,29.594207862914782,123.77078561090276
761,62.75000000000002,56.51570152082759,27.40527850434058,115.45919686819579
762,21.67,62.87187994734999,30.47345254938776,128.62089372327375
763,29.000000000000004,61.2654332252174,29.59097347678243,125.73621444791596
764,31.32999999999999,51.139490372723266,24.54315280148033,105.42877476619695
765,44.620000000000005,47.99576678261082,22.944925982183303,99.25444072795183
766,42.290000000000006,48.38883326543962,23.08734008957251,100.26717363771344
767,22.250000000000004,49.275719655484345,23.476974791492047,102.26635576531466
768,34.17000000000001,38.474241558524966,18.158915911226554,80.33110212711519
769,30.539999999999992,38.71172050840718,18.223606963967107,81.03563195470178
770,37.92,35.71957556019523,16.735523433325767,75.02410125586292
771,51.78999999999999,37.17152473172561,17.401851468534584,78.1803641517367
772,71.71000000000001,41.01295842874862,19.257946073598646,86.13068291933739
773,53.08,52.90313760634812,25.026053689551542,110.63998501145669
774,122.24999999999994,49.299957791392565,23.3140164776153,103.05873320622271
775,96.83000000000004,62.44056966320874,29.65993518620506,130.26922332840715
776,57.17,63.52795851235574,30.21658649192306,132.38605842921532
777,68.74999999999997,53.617634425783926,25.444703435821605,111.80466795584232
778,55.83000000000001,58.18265263477086,27.778810997774706,120.7071258836504
779,62.170000000000016,53.21251267934146,25.458771244271045,110.07834539535244
780,58.58000000000001,58.519819865203615,28.139674776532157,120.57338693564809
781,81.87999999999997,56.371642851788735,27.162447310704,115.87568794002374
782,72.28999999999999,66.37350074747364,32.14665680943031,135.9425770166487
783,41.120000000000005,62.55928118665979,30.556201165777267,127.01864849771687
784,71.96000000000002,46.91382686031717,22.97333483477693,94.76201309590608
785,156.41999999999996,65.42848349138636,32.45642289477802,130.8952546972421
786,62.42,105.10077300221327,52.35171907919441,210.00302344441667
787,65.67,65.57741428303684,32.432264262317354,131.58306580243197
788,96.78999999999998,66.73447747322825,32.97397002938054,134.0433709867766
789,132.74999999999994,81.65585260568012,40.41742790917089,163.95447242534203
790,130.15000000000003,99.52959290109624,49.331571342533636,199.79244059522748
791,127.54000000000002,106.33794131152212,52.88700466636367,212.8072753594237
792,189.25,112.21107387470894,55.967384008146446,223.98395302884165
793,182.61999999999998,148.81039259298467,74.67764679410969,295.56252116194287
794,68.88000000000001,167.3323460008945,84.31557396391587,331.12902865952054
795,120.29000000000002,97.22626505182961,48.92386218973727,192.26227424799842
796,120.25,117.45680751324653,60.10465228740277,228.63906545497446
797,120.71,118.50910256724629,61.563896014406616,227.28542508189983
798,146.03999999999996,119.25614660742072,62.87664528210841,225.39793829179197
799,165.79,132.8802158969797,70.9973369901111,247.95243293628712
800,208.75000000000009,145.90995713432974,78.83837565036713,269.32783832835105
801,216.00000000000003,171.2537348860657,93.45076378644046,313.14620689873857
802,218.11999999999995,182.3837932191078,100.52596592100447,330.2415233911203
803,195.29000000000008,192.80572452068117,107.49296941585641,345.2036209278701
804,60.00000000000001,190.60074318842916,107.2749965224715,338.05191382517734
805,181.11999999999998,106.64669000987763,60.14302152829223,188.5197453518183
806,216.38000000000002,153.17602040929268,86.91656641540493,269.3727663445414
807,197.38,170.08982884996198,96.88803234584736,298.03277075270637
808,169.88000000000002,176.1480247791236,100.8914255243797,306.98884716394815
809,139.04,170.78786506721931,98.34015911430825,296.0709011085386
810,123.17,157.19665851264367,90.89905865925269,271.32251482965853
811,36.12,144.66211197761262,84.15061268147775,248.1755513861834
812,217.37999999999994,75.47911886196579,43.94717028830948,129.13178770508708
813,97.00000000000004,135.65008425071537,79.48161911927771,231.018760681901
814,53.38000000000001,118.69400537659284,69.62320530080491,201.86044596914596
815,168.28999999999996,93.92928216158239,55.04871957601911,159.78098982245075
816,250.0399999999999,112.98832692124996,66.33994873881366,191.95141914500164
817,137.95999999999995,145.21856014596185,85.21099309459504,246.99467635988364
818,94.61999999999999,131.65553829528514,77.08383095092051,224.36665563287667
819,240.95999999999998,127.8258676196254,74.72216917607176,218.17100828635034
820,265.9599999999999,139.92318169810926,81.3978656363891,240.0176888264919
821,253.54000000000002,149.6365863888883,86.11911359472653,259.46386633886226
822,235.96000000000004,156.05801200607186,88.9922519466531,273.1038100693602
823,210.33,159.5410707824007,90.9808054030966,279.2044980472862
824,231.53999999999996,160.36735812146617,91.44807367231455,280.66540667357947
825,231.28999999999994,166.06303147960256,94.70574121496838,290.6236385909682
826,278.38,206.85321207470884,118.06757572168475,361.84401952349236
827,241.5,225.059641052748,128.4917414880626,393.6426291410119
828,120.74999999999996,226.47670024398002,129.2989405759873,396.13023701610746
829,286.71,168.53033086711147,95.39284482696635,297.16044059602217
830,60.039999999999985,214.99809865065433,121.04548740668793,381.2769658433201
831,225.67000000000002,143.39441336217996,79.88848416574011,256.7591461287253
832,288.0800000000001,167.49204918070538,92.70020703777715,301.9830086252361
833,293.1199999999999,189.68329535482667,104.38405229550287,344.02487174644057
834,303.32999999999987,203.40339941297984,111.73922395704129,369.59639249869684
835,303.28999999999996,220.3222200124187,120.86189397057103,400.9593285088341
836,307.32999999999987,238.4088886290446,130.62875044034703,434.4414652030724
837,307.8300000000001,269.7950089949617,147.70089703448437,492.13715222293416
838,304.0400000000001,280.6513249830697,153.49976013764118,512.4471975493506
839,293.49999999999994,285.5763616347885,156.06086748815213,521.8928908980351
840,315.9999999999999,290.0611958987269,158.39761194267362,530.4798554727714
841,319.38,296.99140923523356,162.08748597834392,543.4861660924239
842,295.38000000000005,305.9816069911128,166.91547918620466,560.2210826992552
843,270.6699999999999,306.88240338454875,168.42963356369043,558.4745872965182
844,115.92000000000002,286.0172294335344,157.76131157590808,517.8851690250401
845,159.32999999999996,212.82743611501334,117.02354368341433,386.39874273022167
846,204.88000000000002,199.37703836074385,109.39805187796534,362.69262699133606
847,287.58000000000004,222.36123647256576,121.8706798057765,405.0386256299361
848,308.33000000000004,240.0599274759269,131.43214921489252,437.78989338462276
849,266.91999999999996,253.03112584069666,138.4020292537893,461.9187483232976
850,248.92000000000004,242.5991723619265,132.55023754230947,443.3313457725311
851,183.17,242.33382525318103,132.29689382937767,443.2065288343268
852,298.91999999999996,226.97323676573376,123.79661265128755,415.4519819673896
853,290.2500000000001,248.99033376856855,136.66298772257042,452.9721824406834
854,216.45999999999992,248.9433163619608,137.33251998664784,450.60502678650784
855,335.8799999999999,235.48757613267347,130.44726635758244,424.4662361175909
856,270.32999999999987,256.74613393358555,142.78606099906438,461.02718883955026
857,151.99999999999997,248.76958158726205,138.76819646906674,445.3450589067511
858,262.61999999999995,224.34382352716455,125.43200751597479,400.6375267586082
859,197.96000000000006,244.02940761815114,136.78462575519035,434.7482576058772
860,248.67000000000002,224.3709176386352,126.49733625815219,397.3773466014891
861,252.58,245.88015560795947,139.55804931451698,432.627327145293
862,302.42,243.36235684937463,138.87986339850357,425.88747325170687
863,317.2899999999999,272.26307400995466,156.5319036231783,473.0164112787567
864,320.16999999999996,281.10402684716905,163.50222318489728,482.7787625151965
865,345.3799999999998,283.38062293695293,167.22071365854856,479.7513708814875
866,351.96000000000015,294.80837170520834,176.12275834332334,493.02230176021385
867,352.42000000000013,299.7816317561153,180.97301379538337,496.15937607978753
868,244.99999999999991,302.5672680051754,184.81950503212815,494.9279500189861
869,154.33000000000007,255.21000306225085,157.84013251987707,412.2681371374708
870,128.87999999999997,205.63856918012394,128.50131459112805,328.72250828204443
871,144.71000000000006,175.38548729853588,110.34116232936184,278.4280163656729
872,143.78999999999994,180.7712595599704,114.44595269212964,285.20137849380524
873,291.82999999999987,175.56630587077765,111.72567148334412,275.5622059165059
874,160.57999999999996,265.3002113481352,169.13772366431675,415.81410234439824
875,108.17000000000003,195.49439298844047,124.33260435301295,307.060673239872
876,271.57999999999987,133.81679347723545,84.60405423343768,211.32134349524796
877,242.75,248.91548479780437,157.07910853228367,394.1043886926157
878,254.21,238.47231393096138,150.45150286425215,377.64919168778226
879,374.74999999999994,243.29073665106992,153.8295640071571,384.44295074527065
880,348.66999999999996,296.9372757763566,188.50519029294782,467.4126073793353
881,349.08,288.3814753048918,184.02988331533814,451.5843974452418
882,357.33000000000004,292.05556630538456,188.2684992381372,452.7551958633838
883,366.78999999999985,299.6927901560266,196.06356877867833,457.81719595448124
884,340.7100000000001,358.5598502937196,238.02816705591664,539.8705071691337
885,360.2899999999999,346.2056332967941,232.63076473518913,514.9926259269336
886,201.46000000000004,314.0603148477861,213.19658437489431,462.4200973917144
887,163.08000000000004,221.56978564980824,149.9986022849662,327.0646889082737
888,239.20999999999998,187.18083609399983,126.44030803984433,276.87148052063105
889,310.79000000000013,239.62847972839361,161.7119463663146,354.85626347338126
890,188.20999999999995,288.37300894487225,194.4205711019354,427.49500353844684
891,295.45999999999987,207.83906668994612,139.28041685643058,309.9040930535877
892,208.33000000000004,277.4520606891427,185.19063347873941,415.4309914702748
893,269.2100000000001,224.6868723675654,150.04498636147352,336.21453181610167
894,349.12,262.50944300941296,175.49399306879442,392.42543815678516
895,346.5399999999999,307.167146123673,205.53980013927958,458.7999508374099
896,129.92,306.71493816267485,205.35125538565921,457.870400335056
897,364.1700000000001,176.82865942630627,117.73845525028527,265.32510964286996
898,379.29,289.6717019548028,192.10767092944135,436.52813086422196
899,379.78999999999996,300.2676455703129,198.2899178659481,454.42792751076666
900,353.08000000000004,323.8125943384798,213.08258893811785,491.8155155643709
901,375.00000000000006,339.5686437877593,222.77236549683917,517.3258481176131
902,375.2099999999999,354.0335986511166,231.66258915550378,540.7667560078401
903,307.75000000000006,359.93318799513247,234.99941840358056,551.0046069501378
904,329.17000000000013,337.97952936061796,220.22313808765273,518.4172830150239
905,373.04000000000013,300.3303931784442,195.3346855973104,461.47562205747937
906,361.11999999999995,351.27355675905346,228.53076715039936,539.6537011674783
907,370.5,335.87347462708027,218.49944939809154,516.0114923682755
908,373.4999999999999,340.7260622562085,221.6637983456905,523.4530206200634
909,372.8299999999999,350.86067492189596,228.26956165836418,539.001619320824
910,370.5800000000001,360.6814989658948,234.67064890203355,554.069149695407
911,354.7499999999999,365.9293152910106,238.09176521170076,562.1190279628289
912,204.62,361.13140390432085,234.9668254689978,554.7525022132568
913,350.91999999999996,287.19036217719446,186.52625405067616,441.8909715723246
914,378.75000000000006,330.5694079446887,214.49900230614494,509.1567576104574
915,369.53999999999985,339.1492034939889,219.8539775027358,522.8822589743119
916,374.61999999999983,342.54759732098086,221.87065817826522,528.5670259591346
917,371.96000000000004,347.71063390479156,225.05642374271136,536.9148452630611
918,347.61999999999995,356.3281937897028,230.82276479810542,549.7804127356129
919,367.96,355.7777634649416,231.77575309138808,545.8369055305835
920,358.0399999999999,355.08850779398193,232.44329760261587,542.1684125658269
921,343.7100000000001,356.2376587601038,234.1536112843602,541.7037422022706
922,354.4999999999999,354.99890412980807,236.38069142512467,532.8901786019925
923,324.92000000000013,351.8360874930217,238.12122641278413,519.6284130647444
924,330.3300000000001,347.4952355043704,238.89834734976964,505.2516291209591
925,332.71000000000004,340.2511780415279,237.29746006267098,487.6848835237447
926,352.0800000000001,340.30427388543205,240.25126385244053,481.8518015296755
927,346.11999999999995,340.74803495826694,243.07546231097353,477.5065991149653
928,338.78999999999996,340.0481661705273,245.21023124671936,471.416808429562
929,325.70999999999987,349.30754255252174,254.21800300129044,479.8256977411047
930,221.71000000000006,346.48524415958065,254.13727301157937,472.25893815273054
931,255.83000000000004,306.9039619178987,226.125864105654,416.41106913582354
932,297.0800000000001,296.53855804500205,219.34656094565295,400.7725220832206
933,346.8799999999999,309.7287102439621,229.88693377274438,417.18014468029594
934,352.0800000000001,334.66441083553394,249.12665747423577,449.4541732548907
935,343.3799999999999,341.78437196110906,255.55618596327776,456.99373427538603
936,335.99999999999994,339.4000693360351,255.1766782784751,451.3136453429199
937,228.88000000000008,334.8552593663009,253.09098968941186,442.93055960734705
938,179.0,283.1312757316279,214.73594414422328,373.2101584838943
939,250.75000000000006,220.45897923548367,167.66624088710523,289.77590883672724
940,308.29,268.28363878695797,205.4886229826913,350.1751740647873
941,277.75,301.9434941768398,233.25573789218475,390.77166582921416
942,250.8299999999999,284.6502480116152,221.4637695070152,365.7836087193704
943,108.33000000000003,267.58345008423873,209.9867854895365,340.903259447167
944,275.53999999999996,88.50647124562738,69.64792521526998,112.3990611958229
945,298.46000000000004,242.2923955383573,191.8111455569286,305.99049868627003
946,286.2899999999999,262.9097216265119,209.03112246711197,330.60962218772596
947,160.92000000000004,265.66958787531576,212.37451089706917,332.27630745874393
948,228.96000000000004,212.9784476100455,171.0001191698704,265.20200185085423
949,304.21000000000004,231.96212835585217,186.99022050006914,287.6924282748452
950,309.08000000000004,259.04475416868485,209.15791150374292,320.77363053708956
951,305.5800000000001,269.722432404279,218.06472343292046,333.5615590605653
952,284.29000000000013,274.89937943063654,222.49453175048535,339.5920805936902
953,298.0800000000001,271.0603625555944,219.58665159603456,334.5454209868974
954,293.3299999999999,277.8701596756454,225.6960388855383,342.05216068105335
955,263.6700000000001,278.5073612537174,226.71617348552866,342.0778051431683
956,257.74999999999994,268.5687930304074,219.03165787635263,329.2585404174259
957,261.6699999999999,266.52923050020564,217.71546260410892,326.2374450341563
958,294.42000000000013,268.9450145389571,219.98985914466923,328.7450442136975
959,271.96000000000004,278.403632064732,227.9968719664952,339.90592129304764
960,168.88,270.2050022348693,221.49517465893436,329.57864445808536
961,281.79000000000013,236.01747239772823,193.6098653496472,287.66615842355446
962,215.95999999999995,266.0082391766132,218.81696163194354,323.3307489053893
963,106.20999999999995,250.85249660601613,206.25885610349454,305.04086715121986
964,289.9599999999999,185.0501685458387,151.81439053645593,225.5144342389481
965,301.41999999999996,260.65327925264666,212.35823691534253,319.88022254715383
966,290.4199999999999,260.1647651736271,210.65060050387933,321.2624193166209
967,241.03999999999994,256.1822081096997,206.33340371532964,318.01607258131594
968,239.46000000000004,248.56718053221684,199.29990791231765,309.9526022651252
969,256.6199999999999,245.75206424072368,196.29189933902015,307.61166328189006
970,287.96,247.74511177918058,197.2462217853757,311.10748975091644
971,285.5400000000001,253.5170230773017,201.29205134581585,319.2247177047651
972,277.0400000000001,254.7570673217456,201.80539468323485,321.5342086544962
973,283.92000000000013,253.14741456624233,200.13097119172494,320.13854941383033
974,279.71000000000004,253.9016890607783,200.3891892689322,321.63336141281746
975,275.38,254.77868864801502,200.79363082943803,323.20615704068206
976,275.38,262.06576429216136,206.29085334486192,332.8478047918863
977,244.3799999999999,262.13886019524256,206.13457576763352,333.28537697408916
978,238.87999999999994,256.1209540588054,201.220003350904,325.92702957476627
979,259.0799999999999,251.99862987056818,198.95128067102073,319.11951362140786
980,233.38000000000002,260.0068438341051,206.13781352517083,327.88525455040883
981,230.82999999999998,255.7415723424279,203.47251563018574,321.3721034864164
982,196.08000000000004,253.76823892258597,202.5099239198104,317.937053847513
983,51.17,244.14966742360755,194.45991532612825,306.4715311199754
984,219.79000000000002,100.81649457012247,79.71461990898655,127.43520267130182
985,192.33000000000004,157.9414400486863,123.06340776226122,202.6247578589784
986,246.79000000000008,182.1925308963921,141.6280576941088,234.2938399273437
987,244.4600000000001,219.4335485036301,170.25053760810383,282.74187891368615
988,219.5,230.3827587052435,178.42532258826608,297.3858702536906
989,246.49999999999997,224.4665666398582,173.5635673415654,290.2129572426608
990,130.79,234.71901261258787,181.25815883888066,303.8612652571148
991,66.67000000000003,195.70225576404403,150.3607266085101,254.62626640091716
992,75.38000000000002,132.23272643666314,101.10324669228473,172.85303571436813
993,157.32999999999996,110.12699355442932,83.86707987601268,144.51235549152702
994,228.71000000000004,153.19698462602625,115.64070394620205,202.8457353508897
995,145.88000000000002,214.97068026989865,159.89736394475676,288.8949590762564
996,216.4199999999999,153.17533897554003,112.51478058051958,208.40035321093578
997,219.71000000000006,187.16059274213518,136.1567035138951,257.13108476673835
998,216.29000000000005,193.9611960288672,139.90934004129423,268.7469730953774
999,194.71000000000004,197.04687615715392,141.10761351670274,275.0060786679597
1000,62.42,188.51331899685033,134.15066098662416,264.74267424971373
1001,78.42000000000002,106.71316991006103,75.18074021415526,151.29737778155464
1002,181.49999999999997,107.41805833826724,75.1405937959865,153.37856191843247
1003,196.42000000000002,184.20307125799258,127.62372784229697,265.6706849411786
1004,160.96,175.96695523867288,120.74457544679372,256.23777122318785
1005,200.17,161.357148503673,109.79769069681761,236.90968479996346
1006,198.96,182.43934803769545,123.33069651939377,269.64912648700437
1007,161.29000000000005,185.97948323714354,124.99473930562799,276.4824357295017
1008,160.83000000000007,168.92716769938139,112.93915026070665,252.4268708890984
1009,136.91999999999996,167.0115539404488,111.76192796079476,249.3316745994149
1010,181.57999999999998,155.6274023686227,104.20643341920595,232.18101731470708
1011,88.54000000000002,171.68020668475725,115.06883882862162,255.90317988549992
1012,161.79000000000005,133.3269964987234,89.34208976493306,198.72686081667172
1013,85.08,159.62347854686726,107.41348872498556,236.97686214067883
1014,167.03999999999996,131.86238969596766,88.67263238728275,195.85398014730984
1015,171.28999999999996,155.7065920345006,104.76236570232302,231.18992714464233
1016,161.79000000000005,164.47687234817596,110.67843542736591,244.19142999584528
1017,152.29000000000005,159.2855808654658,107.17237878612129,236.50487621407507
1018,142.79,155.13612472022365,104.36994232400959,230.3609451136081
1019,159.82999999999996,149.81955978823942,100.78029923839834,222.4866647565996
1020,147.53999999999994,154.6551458823834,104.04208640498223,229.65539983902
1021,152.53999999999994,149.35503209599997,100.46413468674199,221.8042031441394
1022,152.49999999999994,148.62947659773442,99.97346668391451,220.73132212047358
1023,65.54000000000002,148.15421202192687,99.65186488403567,220.02897933896594
1024,122.87999999999994,121.59589810547944,80.76050111666505,182.82659141047773
1025,29.749999999999996,139.98233467792795,92.08536572885784,212.5246344643992
1026,68.24999999999999,64.13269216974825,41.193130210858385,99.54403567781371
1027,16.67,42.315285808252874,26.609020877553416,66.95655640856234
1028,108.62000000000005,43.71288989031733,26.987049646196766,70.43455804085886
1029,60.710000000000015,25.919869711285546,15.503890611679065,42.90960909300778
1030,52.419999999999995,128.93613981821707,76.83799444504524,215.9043607974661
1031,55.580000000000005,61.03577016691991,35.909520848500954,103.26677701938283
1032,23.67,53.35871302601892,31.341889950475668,90.3635438859571
1033,121.21000000000001,44.695719013160165,26.18765462353922,75.80319487072637
1034,84.03999999999998,31.949971838813276,18.604297154203945,54.38074819202437
1035,102.00000000000001,104.05991896003718,61.507667088899495,175.57972351122515
1036,75.46000000000002,89.43475819954027,52.80611192887204,150.99844771204906
1037,82.16999999999999,93.56626610118532,55.264241756569895,157.94249002788624
1038,53.00000000000001,77.92714853552177,45.959411103402296,131.6570037735626
1039,65.82999999999998,72.8148207159825,42.91772128909135,123.06444590935588
1040,44.290000000000006,56.69763189342247,33.328451819801835,95.97544018540884
1041,114.16999999999999,58.797134438448666,34.26248161946602,100.4023155158769
1042,116.17000000000002,56.65715193467636,32.744384953168996,97.51556559208106
1043,25.25,116.10396114360282,66.64964638357426,201.7111514784225
1044,64.71,82.92514584566322,46.2955726591949,147.92366682965843
1045,19.120000000000005,48.81113615976166,26.322352025271837,89.81023783133217
1046,19.880000000000003,44.65761063414534,23.50411648034024,84.0721310638447
1047,75.75000000000003,21.169209081375048,10.679659066380175,41.07946726017254
1048,63.710000000000036,29.248708580607854,14.687285044170153,57.32649615393925
1049,24.38,47.88125418129107,24.013250155720286,94.52445185895037
1050,43.96,44.16106519962918,21.778178638113918,88.53840613720091
1051,99.75000000000003,38.480652796112906,18.60989825276011,78.48648815594063
1052,34.5,50.08808215396926,23.91765346785163,103.74470003919444
1053,13.290000000000001,50.53712963613976,23.623544885664455,106.86731737714223
1054,85.53999999999998,45.50296132394158,20.832192102355855,98.0521428978565
1055,67.53999999999998,42.86709929979473,19.29009496689164,93.84048271425362
1056,100.21,49.247938598812596,21.9867943959683,108.83938386262673
1057,15.170000000000005,52.32152488374547,23.290402618694525,116.04972785176057
1058,84.08,55.05397837250372,24.533373121682214,122.05653766979098
1059,49.50000000000001,48.281140340209404,21.446914716599153,107.19441441702807
1060,28.289999999999996,54.6905425721904,24.36503063487614,121.27213822957394
1061,33.96,49.776536729355215,22.125884227910888,110.4879179026518
1062,45.790000000000006,46.62247776834127,20.688593477546004,103.56650363907158
1063,42.290000000000006,45.248924884328105,20.062385270149925,100.55369515472725
1064,18.959999999999997,44.759284377571035,19.838846170883397,99.4811921723904
1065,56.75000000000002,40.1112910401961,17.72172293748916,89.27685414611624
1066,46.040000000000006,39.039012007977725,17.233068621114867,86.9238989271659
1067,65.75,41.688722739219884,18.41144750229933,92.87898810174408
1068,17.12,44.145887452715904,19.45989873070952,98.61687399919067
1069,69.17,48.51954560461387,21.386003067109367,108.54101049375389
1070,18.709999999999997,41.98534466853571,18.407430782560688,94.20785502082897
1071,17.75,50.28128339920098,22.11834722100368,112.75251015695208
1072,13.079999999999998,43.392276048843364,18.977489631450812,97.64473510697033
1073,28.790000000000006,34.65431249728403,14.943726255766315,78.73230217711638
1074,16.829999999999995,30.563170883893065,12.898404360328245,70.67972167290625
1075,17.71,27.760263369454805,11.301336149109469,66.24088660403645
1076,12.879999999999997,24.428365544662967,9.49955718291528,60.5837185329247
1077,24.71,20.931324723167563,7.866053330298792,53.24995611850345
1078,44.71000000000001,19.014301878812145,7.085423838048548,48.542520926510036
1079,56.790000000000006,21.548997723824854,8.103993253681253,54.849920379000785
1080,16.250000000000004,26.352359352505204,10.009781741223184,66.95335091406267
1081,43.82999999999999,27.991878594757797,10.63958832482754,71.21295126566507
1082,20.789999999999996,26.500817713684764,10.044711406715768,67.47575704526334
1083,49.53999999999999,28.707540240225033,10.996433769981284,72.56669190580347
1084,41.88000000000001,27.468676228001865,10.549759372396172,69.17163735132046
1085,64.21,32.28833307686849,12.558600924398593,80.7276889566457
1086,73.62000000000003,40.49742122078498,15.959128501165718,100.54035732772991
1087,26.329999999999995,51.105674318678524,20.355418932745394,126.134068629351
1088,25.5,56.279510095534874,22.53297995108068,138.41890417638393
1089,53.459999999999994,38.37118151250621,15.208859202510105,94.6322659308845
1090,41.04,38.53181551026452,15.303568698214708,94.8541327033951
1091,63.999999999999986,40.66612900827866,16.209438504838737,99.87873035755318
1092,36.24999999999999,44.356701364783056,17.892026606123345,107.89410657654467
1093,63.670000000000016,45.589049579906884,18.544584665698743,110.05580281623358
1094,29.419999999999995,46.3623623198211,19.049208422383742,110.88438552065818
1095,79.74999999999997,46.47109831614054,19.25327111637723,110.26623261950255
1096,75.43,44.30790144358574,18.55094314820965,103.99779563880843
1097,43.620000000000005,60.23753176720243,25.68087894129459,139.5514153109519
1098,42.99999999999999,58.2144733031298,25.011818248443777,133.798491019629
1099,36.92000000000001,51.95067138115338,22.422898631040738,118.7022470993086
1100,30.71,47.26427680238327,20.585170193878387,106.91855678384727
1101,33.29,41.830361483391556,18.33427291081104,93.88020952534694
1102,32.0,37.97792718038399,16.877946530410362,83.98061031198556
1103,55.28999999999999,35.794804606357005,16.106838924507315,78.14131020900945
1104,83.38000000000001,39.94117787387597,18.255079390797732,86.05131833948298
1105,60.120000000000005,51.357206248963024,23.815055004017946,109.46830425129411
1106,34.88,52.315697567221726,24.593892384964303,110.06413844067656
1107,59.29000000000001,44.421815114315294,21.042295760141762,92.59920176780047
1108,68.74999999999997,48.24148800647492,23.117258610160956,99.53896175704814
1109,89.67000000000002,48.19367283661648,23.28341644782994,98.65720648720004
1110,50.87999999999999,53.10660651518249,25.887104672227146,107.88211669785166
1111,87.71000000000001,51.88437642252548,25.428976878258275,104.82162459342548
1112,76.5,62.6765785660414,30.975918018838186,125.80501168061753
1113,45.58,61.95668039840551,30.886237733560268,123.30264240974867
1114,89.61999999999996,54.33540147379979,27.23091527745459,107.46288992663104
1115,37.61999999999999,64.32681157136187,32.535109159892784,126.2574450177774
1116,58.38,53.86731308658326,27.314269982729215,105.32172565909025
1117,98.95999999999995,56.25295768487084,28.779007559234447,109.07422450682499
1118,100.21,62.96696561909499,32.49465946336104,121.16194330891364
1119,41.21,73.6007081488088,38.35103306446858,140.42616401420017
1120,106.62000000000003,63.68316019545301,33.42354641460509,120.54213172805173
1121,108.57999999999996,67.217479916596,35.63431740808666,126.02910536948994
1122,115.17000000000004,76.2807767760534,40.821803261325265,141.80394419609107
1123,113.87999999999997,86.13098096821314,46.50321518119188,158.81671589019035
1124,118.20999999999998,94.45236116666555,51.36888582356849,172.98027681908613
1125,78.38000000000002,102.18976440663059,56.06917824314756,185.58280714904936
1126,45.379999999999995,90.61431112716345,50.01347488278838,163.52872545125348
1127,52.07999999999999,64.12806128623677,35.475633043498604,115.28761485360553
1128,54.61999999999999,65.53579466145808,36.53555732178105,116.94182069231773
1129,81.16999999999999,63.92781532288747,35.85515299688309,113.38349483882216
1130,63.039999999999964,73.74519869613543,41.65094428686801,129.9899422284286
1131,110.24999999999997,67.21491536519888,38.09857491132105,118.01392029850896
1132,118.99999999999997,83.81965465715474,47.81742883466905,146.3730589237773
1133,103.99999999999997,90.16112438694627,51.65206037787217,156.83524025177252
1134,108.66999999999996,87.4155393995741,50.253428450701655,151.52262811719518
1135,118.25000000000001,89.05350875770489,51.396105506999774,153.7755193082173
1136,112.12000000000003,94.52656319110523,54.810844515001236,162.5045008618612
1137,121.29000000000002,98.31736486791098,57.32812893448279,168.11118433758523
1138,145.57999999999998,105.92641359800227,62.07503660571518,180.26438826188627
1139,148.0,117.66890249560652,69.2653384070488,199.41614740304263
1140,50.62,127.86415015990312,75.54613731886936,215.94065537570285
1141,42.290000000000006,76.29337224115942,44.9600586410691,128.9882021271386
1142,55.45999999999998,60.42584729417264,35.520517500012446,102.31547782163078
1143,113.00000000000003,68.26744044800294,40.1784730581094,115.51666392405866
1144,157.57999999999996,94.04559260298663,55.55457509916672,158.73357871423576
1145,81.62000000000003,114.99357103378755,68.10583703310775,193.6942414535031
1146,26.419999999999998,83.8359880801568,49.59693726466241,141.2446745321695
1147,67.16999999999999,23.68556374997421,13.726464242127527,40.37972616066356
1148,57.749999999999986,76.07381452541823,44.93990963346678,128.30745691260714
1149,138.96000000000004,71.24534992885165,42.03054540490684,120.29501351258845
1150,93.71000000000002,103.53363039026848,61.015270458589626,175.20305130920775
1151,179.28999999999996,87.75708087383258,51.478320464498545,149.115692261405
1152,183.17,125.70649864495694,73.47801381987013,214.5607537775296
1153,92.70999999999998,132.35015278043582,77.22742487132504,226.31495093715938
1154,64.21,91.46903367575095,53.15364677364754,156.89374674371982
1155,72.53999999999999,75.7730469694453,43.896879530050164,130.28085521016322
1156,80.87999999999997,79.93629591997764,46.273776488591764,137.56908594613805
1157,70.57999999999998,83.2418313856666,48.15344099185108,143.37821670282673
1158,84.82999999999997,76.76255070482637,44.485069867543004,131.9450369039817
1159,93.04000000000002,85.44758313212019,49.671368133465535,146.48337975996392
1160,130.57999999999998,90.06863812242018,52.492517469006636,154.04031669994862
1161,191.53999999999994,106.55600390907631,62.29014796158266,181.7819076029216
1162,46.669999999999995,131.42779655393795,76.75818007396768,224.53410179416423
1163,154.12,72.1102236294996,41.721729273843266,124.11442982313986
1164,185.29000000000002,108.46819042304705,62.600490847400685,187.41497219335122
1165,128.62000000000003,118.50336096205166,68.09222724212405,205.69551194493204
1166,191.61999999999995,105.83944912166422,60.5142560399764,184.56134176771323
1167,98.08000000000003,124.74905396519267,71.08538029193573,218.36243533850006
1168,138.38000000000002,97.44022938636019,55.22101298014173,171.36400142882633
1169,58.67000000000001,111.95913514683222,63.309251162568586,197.41260755571
1170,161.54000000000005,82.73669663345662,46.50667652090423,146.59681957541582
1171,177.2899999999999,116.16379235653032,64.95585558320265,207.12942411227212
1172,157.25000000000006,130.96673506261905,72.79931932149135,234.98075596363861
1173,106.17,129.97311525172418,71.83310009099125,234.52419020075737
1174,174.33000000000004,115.99481506668927,63.74976471398688,210.39515815927075
1175,120.11999999999995,130.9166691783761,72.06343134497173,237.17670874165344
1176,120.11999999999995,122.65448750434234,67.53142401708878,222.11563635608653
1177,155.32999999999998,126.87409216114467,69.9087780906013,229.60309155439094
1178,207.62000000000003,135.86773328796437,74.93123126238726,245.707133598987
1179,181.46000000000006,143.21848372312832,79.04089431731566,258.8543060368914
1180,177.3300000000001,147.24552633694992,81.30353663872485,266.02055557329453
1181,183.17,154.1820064780094,85.17916342691484,278.4347749147448
1182,123.61999999999996,160.1159282212785,88.4962415085168,289.0495248633862
1183,199.11999999999998,146.5153532103915,80.95833742678413,264.5102594318257
1184,168.46000000000006,159.6975662491257,88.29792623718375,288.18597426105885
1185,124.32999999999998,167.5542038153446,92.67773818751593,302.27930812073015
1186,233.08,161.8100808628845,89.49677936667494,291.90680415462526
1187,172.37999999999997,158.9311951210465,87.90614602389549,286.69650149913815
1188,220.54000000000002,170.8302292630959,94.52959271001998,308.07310343333216
1189,50.5,171.79228366892102,95.14836412165319,309.5323066936805
1190,176.61999999999992,197.12532006178495,109.23879260229313,355.0783053130808
1191,272.91999999999996,140.9665863566483,77.98797525556571,254.15923881514522
1192,254.67000000000007,138.16408755562017,76.05356357451122,250.34000773968964
1193,104.92,155.99877134438793,85.47248478376567,284.0457491222102
1194,121.00000000000003,168.8974496577011,92.1595232417,308.8464053460342
1195,69.95999999999997,152.3216502224513,83.07287617232515,278.6089475843796
1196,86.33,148.54326576823752,81.00295449094807,271.7119830676136
1197,142.53999999999994,137.68548362728416,75.05054502679036,251.9063185827038
1198,157.11999999999995,143.73823860564247,78.53960956219183,262.38019296264963
1199,116.96,144.14892924420195,78.9104409819317,262.6477962310584
1200,241.3300000000001,140.67463331031755,77.37677016829132,255.09248353198012
1201,221.08000000000004,151.9237634719677,83.94933456384382,274.2897071472029
1202,296.8299999999999,160.30019859803355,88.91687055672013,288.3534206281445
1203,192.71000000000006,176.21149500108282,97.75447249216451,316.99991603428884
1204,205.16999999999993,162.673786186906,90.185088789806,292.7882568334122
1205,223.6699999999999,166.27018021826825,92.16677485155148,299.3142830138013
1206,180.66999999999996,174.59966116517748,96.78660649286132,314.3319468507806
1207,220.74999999999991,165.42608438584324,91.66234497919318,297.9093527713244
1208,269.12000000000006,176.32181458928568,97.71458394432898,317.52462597593075
1209,297.5,191.37699471406046,106.08261309926287,344.61080481765356
1210,234.29,229.93940175036747,127.87702636666327,412.82866120049863
1211,133.58000000000007,218.9061934162588,122.56688528505946,390.35674409263515
1212,165.42,164.1644890184737,92.38931009833372,291.1031154851655
1213,172.71,175.4127756191833,99.52583168675841,308.5867686888656
1214,233.83000000000004,178.21587158296936,101.79836098978876,311.4400848223034
1215,136.12,199.45414771474748,115.46427138545793,344.0145255539977
1216,96.78999999999998,163.60804652647474,95.68552988751283,279.2467857681107
1217,150.28999999999994,138.2948820135146,81.10309066835642,235.32562425128228
1218,266.04000000000013,162.66053322961,96.31147595668253,274.24780478022257
1219,322.2099999999999,199.57987340601878,119.16833724020225,333.79938675655427
1220,88.78999999999999,225.09922312732996,135.02151445616954,374.82921277688695
1221,123.33000000000004,123.0898656166804,73.8509822615549,204.71934106300566
1222,61.62,147.61936394062735,88.84964048943398,244.8297575571723
1223,200.58000000000004,96.762354987293,58.053677335152024,160.84391021780365
1224,247.78999999999988,180.25421860717907,108.05670378024335,300.24779700934545
1225,268.5000000000001,199.05479386433748,118.96617591367776,332.6100383569826
1226,221.08000000000004,210.4070711698793,125.41340509452282,352.5459685403478
1227,208.91999999999993,193.02147568759818,114.73710796188671,324.2572462791266
1228,293.3800000000001,189.16665299687608,112.20458252911041,318.4513429059722
1229,122.42000000000004,218.9906626503109,129.72982845780516,369.19777524563443
1230,285.50000000000006,164.7040894356822,97.21931304809536,278.5564782891853
1231,195.42,208.01163534939909,122.50574199392011,352.7152443777126
1232,324.5000000000001,193.82630899982888,113.82047941307685,329.5794477824995
1233,132.21000000000004,221.52901892093453,129.8534607887126,377.43220930833155
1234,157.28999999999994,203.56193669891655,119.05940114465571,347.5406852529036
1235,223.08000000000004,124.99692609772195,72.82920025938412,214.02637615334282
1236,195.49999999999997,194.8308355085882,113.2346069420773,334.71014215890773
1237,246.33,189.86611336440686,109.9140555641224,327.4513675525418
1238,213.41999999999993,198.73671849349583,115.05385541920963,342.7607184219964
1239,294.12,194.54099548526685,112.60352431680913,335.57653796671514
1240,223.50000000000003,209.5567009211552,121.43025148729178,361.11739961509977
1241,274.41999999999996,197.3680326327196,114.54832511367883,339.5490848254398
1242,151.03999999999994,219.12898777683978,127.41792709925451,376.33650086256046
1243,187.42,197.0229987518728,114.67034591243821,338.007441582031
1244,82.88,198.41854946102208,115.83358293136322,339.3795113644735
1245,98.70999999999998,120.57354235594782,70.40729693190127,205.98341536536168
1246,187.58000000000007,81.12170460751871,47.338998766397445,138.51415088747325
1247,231.67000000000007,152.59640787505867,89.4055401816803,259.9558713405268
1248,238.75000000000003,227.88249362067378,133.71151187203674,387.8843288744371
1249,169.00000000000006,237.71697561676632,139.75969550579944,403.84454191837847
1250,162.87999999999994,193.53888481763104,113.89043824969298,328.40406775921275
1251,166.08,156.57128011762603,92.24608637679403,265.2707817846438
1252,195.54000000000005,165.2958171947725,97.57789688093733,279.5324488701371
1253,348.7500000000001,182.20412120059302,107.75930751725076,307.6057716904633
1254,274.0399999999999,287.27127002515664,170.22791888771727,484.3199505181735
1255,267.5400000000001,320.59138784789224,190.10997050497053,540.1597336583943
1256,123.91999999999994,262.7688767966502,155.81129683857847,442.67989914773756
1257,167.24999999999997,171.46240830104801,101.27148229148605,289.82674476375985
1258,129.95999999999998,131.97758606156134,77.68807311637059,223.72323561168895
1259,103.33000000000001,160.14441457051575,94.18215425654314,271.8192332911939
1260,167.42000000000004,104.23657033781582,61.06336161324199,177.44240867067577
1261,344.42000000000013,138.03171043157153,80.88635891101117,235.0566126347706
1262,284.4199999999999,300.86133067805264,175.85573835624467,514.2236721614254
1263,214.07999999999993,225.62160433941614,131.18125322625235,387.5373326387169
1264,124.07999999999996,203.34792927974138,117.73729372307386,350.68458781205544
1265,167.75000000000003,141.9919144939666,81.81795130312184,245.88714570845838
1266,260.28999999999996,143.953690516386,82.72380579367241,249.96293933532826
1267,296.46,221.0003251029654,126.68387964506609,384.98564268897314
1268,371.82999999999987,237.57992175684214,135.7271339491427,415.30638646073817
1269,366.42,278.7017536230301,159.107441583218,487.6285747007925
1270,379.3300000000001,284.0105642610148,161.98531273557901,497.39473494257766
1271,383.0,303.8086673582854,173.9630207246269,530.0169161000122
1272,380.16999999999985,317.66877335172705,183.0722524113653,550.6843836003624
1273,370.62,325.9799264428528,188.88483978211744,562.0563894371641
1274,368.53999999999985,370.1669396030953,215.52637840136236,635.2499482578561
1275,374.70999999999987,368.64078940499695,215.47008692377827,630.1925824654928
1276,352.12000000000006,375.4243071560696,220.1671732469291,639.6703894511814
1277,368.58,350.03068215876687,205.82324119578624,594.7867167365508
1278,315.5799999999999,369.70769032173234,218.23015540000486,625.8489451778694
1279,240.38000000000002,313.44546328493163,186.15166413894173,527.3199047969439
1280,222.16999999999993,236.87669895100504,141.35180465014093,396.5033828541706
1281,228.20999999999995,221.6925803737545,133.32353575719765,368.1980342384917
1282,302.4599999999999,228.6765487663922,138.8681326454219,376.15036338527653
1283,179.67000000000002,307.87358151303687,188.6335954297559,502.09065300631187
1284,344.8799999999999,196.17785264739533,120.89760740474905,317.94888179013793
1285,348.41999999999996,319.8686594538156,197.966859844299,516.4565085876975
1286,344.8799999999999,322.2000903738582,199.92957106798426,518.8751874223967
1287,362.38000000000005,323.828795325762,201.3848513180788,520.3519963851185
1288,362.2500000000001,347.7597641147286,216.69992943677556,557.720314609408
1289,309.08000000000004,347.18952411997975,216.68814623937527,555.924879931606
1290,354.24999999999994,308.7953777166766,192.94478514478095,493.84793304946965
1291,357.33000000000004,355.43441757794875,222.39800209370094,567.6957485897489
1292,356.29,338.4841115594418,211.98112255971517,540.1252444168622
1293,358.5399999999999,340.50278521883394,214.03560263365472,541.3481083311943
1294,330.9199999999999,341.35157529801774,215.24383936065544,541.0020355519046
1295,366.4600000000001,321.7839255594768,203.87949534494928,507.5402149403253
1296,363.29,357.87788460311873,228.77707470221821,559.5142994535914
1297,359.2100000000001,366.47183621252947,236.02352461209887,568.7137051286394
1298,355.7900000000002,360.9399213584856,234.58722087620376,555.0594763407172
1299,353.49999999999994,357.77625268434116,234.3393785716065,545.9564858694167
1300,350.83,354.97497688840366,234.04050100428628,538.1333988366058
1301,344.58000000000004,352.4052977231764,233.6501098606832,531.2618622806525
1302,346.42,347.94493857791383,234.84557347532086,515.2809221513137
1303,317.0400000000001,346.0490566306651,237.13670834255146,504.7727073936935
1304,337.7899999999999,331.33967859435825,229.99236621570682,477.15286616467876
1305,340.08,329.56708813655314,231.50734408410193,468.9834329514906
1306,341.38000000000005,337.55375169841824,239.5426438686884,475.5003034208115
1307,274.0399999999999,340.3003755911001,243.5853800775845,475.25882766040917
1308,179.42,306.30733721307973,221.11398797577112,424.17718206606173
1309,279.8300000000001,213.10011266776638,154.87366282138748,293.07699424421753
1310,321.8799999999999,245.07669965822294,179.3728972316796,334.7141956693478
1311,310.79000000000013,283.7941187990051,208.95506819686955,385.30975093418175
1312,329.61999999999995,295.53349590028483,218.67947320767934,399.274604208084
1313,336.50000000000006,307.6336831962843,228.62265257655207,413.8316785581429
1314,334.74999999999994,328.78230894259184,245.2499189364641,440.65038413502066
1315,329.5799999999999,327.5913977309062,245.22808244227707,437.5052492461431
1316,184.03999999999996,327.2113949459991,246.331049246943,434.5406250059808
1317,197.42,236.3530343067081,178.72017219449816,312.46766590915837
1318,224.17000000000007,225.42961107887584,171.82363935265167,295.6629389670026
1319,287.2899999999999,240.15899610492062,184.98060751277487,311.70820210832096
1320,317.57999999999987,283.11076959093236,220.7724881244057,362.97178964900144
1321,321.33,315.58306230917697,248.6837306849486,400.40715242484146
1322,312.54,311.4065156328539,247.5609266162018,391.65154156976376
1323,311.29,306.8391244290565,245.7602874005424,383.03637606170093
1324,309.99999999999994,307.2140661603709,247.63186173228405,381.07456565400673
1325,266.5799999999999,307.31545153715246,249.05731336087936,379.14652072731485
1326,205.62,278.04485664093477,226.35643161563323,341.4844041773116
1327,264.1200000000001,229.35525133076402,186.78941713166182,281.56939409133935
1328,289.6699999999999,271.96563381291946,222.3755387035514,332.56489110373764
1329,251.50000000000006,289.7586454874301,237.70786216681188,353.1592185455839
1330,291.12,264.4298512338628,217.5140314248067,321.41868161346997
1331,246.62000000000006,291.1337384167419,240.60838308756652,352.2250000216702
1332,282.4199999999999,262.8829089984167,218.3602159504411,316.44220053648553
1333,287.04000000000013,284.69385070788127,238.0399456633898,340.45329185789655
1334,234.11999999999998,286.36819457112273,240.77301532256777,340.5620189907867
1335,279.6200000000001,257.3490290660904,216.90964532927845,305.2931001449518
1336,284.7500000000001,280.2414661913282,236.7302200074549,331.71648132478754
1337,278.49999999999994,281.67237467600455,238.3776020894558,332.7976097492671
1338,252.38000000000005,277.87630960741706,235.53074936172433,327.80289886248966
1339,271.7499999999999,264.725347278252,224.67499022071746,311.88340864483393
1340,270.9200000000001,270.96945179057104,230.2378215507108,318.8757980473475
1341,144.67000000000002,273.99386090479874,233.0328343092216,322.12399137725635
1342,268.3799999999999,187.3941866570971,159.04536909342704,220.76442696989469
1343,269.61999999999995,269.13822392532296,227.94486401928387,317.74338102374435
1344,249.71000000000004,269.5364027019262,227.82024107784449,318.8578274463036
1345,202.21,261.889361540725,220.97140085331776,310.3500935057825
1346,256.58,243.1503868195724,204.4427615843139,289.1509448396071
1347,261.45999999999987,259.6507408841044,217.68822278292475,309.665146293087
1348,239.67000000000002,258.38476046517536,216.0870621631185,308.9238309790294
1349,204.95999999999992,252.24240026903908,210.50006312407723,302.2231402049328
1350,140.20999999999998,238.6595205024029,198.43247923310813,287.0006606160995
1351,167.11999999999995,200.13850085359707,165.66497318749416,241.7426456314828
1352,163.91999999999996,188.5218649409089,155.47111817018225,228.5537841789699
1353,165.88000000000002,177.67501596118743,146.0620348154871,216.08363663528334
1354,223.82999999999998,173.5196115288758,142.26614455558158,211.59101305942923
1355,219.96000000000006,198.28886177642045,161.59684185177045,243.26089692657064
1356,97.29000000000002,203.64644497530512,165.18920400202623,251.00293660784345
1357,224.38,160.394549316344,129.5453965093222,198.53365837121422
1358,220.12000000000006,169.6547973488347,136.5701404177686,210.69608295616956
1359,179.20999999999998,186.1471864683237,149.43261858132666,231.82230764383633
1360,136.61999999999995,186.60900638744369,149.4362416847815,232.96715368251924
1361,210.79,174.54155236208166,139.02281097829547,219.07011850709077
1362,215.75000000000006,178.42810901221063,141.4857370491955,224.94855436359987
1363,221.61999999999992,187.82548264758015,148.38062218903607,237.6859980538261
1364,218.20999999999998,195.77572742187635,154.1690218324061,248.53877033670904
1365,208.61999999999992,201.02396178777437,158.3768506448465,255.08286881873977
1366,156.70999999999995,202.50881404906673,159.60760750678656,256.8697113952561
1367,61.62,190.4586734283877,149.70051646601215,242.24019910857584
1368,82.00000000000003,122.61812161272623,96.05276825794182,156.45496254619502
1369,178.61999999999998,110.25340769470053,86.1293969398627,141.05677025661225
1370,195.38000000000002,163.0694816518547,126.73377950170047,209.74139444178834
1371,187.38000000000008,175.4366090758939,135.67190389646805,226.770859516096
1372,195.42,175.83334316659307,135.3940411165589,228.26244430833668
1373,180.49999999999991,188.57537379685402,144.69100967857977,245.6783807010765
1374,189.70999999999995,177.6114598231609,135.84117859703926,232.13197026827473
1375,156.96000000000006,184.30874706262048,141.14177991352162,240.58506920913857
1376,182.46,168.79680154362407,129.37548204024893,220.13785017910266
1377,184.70999999999998,180.49371488841803,138.4769735988921,235.1677895214958
1378,164.42000000000002,181.75667120474918,139.5505315028633,236.63695884110103
1379,175.49999999999994,171.76687206103105,131.95060021378794,223.50738871246688
1380,174.38000000000005,174.75849101474734,134.32440898685974,227.27402236636115
1381,171.71000000000004,172.90895351266985,132.96065385044682,224.7702037318854
1382,169.41999999999996,170.7163794528797,131.32235117185024,221.83850544728085
1383,170.16999999999993,170.8348529359688,131.45671659295292,221.9197389383043
1384,170.25000000000003,171.13407947181742,131.72405699438605,222.24619957076246
1385,167.24999999999997,171.31404081829857,131.89403946132555,222.42709111322623
1386,162.24999999999997,170.73167318057813,131.47135488292466,221.6275076560143
1387,159.92,167.85620691345213,129.2753763173644,217.8626847159461
1388,100.38000000000001,163.14755651786044,125.66085050441835,211.72887560347056
1389,37.540000000000006,90.18685436978616,69.04335694149924,117.71279123302699
1390,37.25,27.68133634919491,20.94607351100932,36.4836553045801
1391,56.00000000000001,46.44912492069029,35.25923029929015,61.092312416884056
1392,14.46,56.717152713234235,43.05683141111025,74.61301188997267
1393,48.17,7.5007346688123775,5.458700594578132,10.18839445355474
1394,39.67000000000001,39.066194432626396,29.215985839677444,52.12750491844152
1395,125.99999999999999,38.89732728577582,28.89902060796127,52.23909252480536
1396,103.46,82.40169218309413,60.71760899463152,111.70433790798076
1397,82.32999999999998,126.94862798973448,92.67264298124047,173.7666221794767
1398,65.88,88.42782532544203,63.44985046480008,123.0861830518225
1399,21.71,70.00260838154342,49.82638315056353,98.18806109119981
1400,9.829999999999998,29.440976567416694,20.523352701654584,42.05337868234519
1401,74.70999999999997,10.434489251234023,6.949734647344196,15.446780960200456
1402,67.53999999999998,59.9482965625433,40.6350586223422,88.22035843807718
1403,12.96,59.274481738506104,39.56379485063642,88.56295046415036
1404,44.83,21.78468049819548,13.798776302983928,34.08004005035019
1405,88.75000000000004,39.471575335626255,24.58426778628876,63.021703643404166
1406,119.41999999999997,61.29035068229956,36.8546037899365,101.49975959741424
1407,108.21000000000001,82.37695508250393,49.66918977478779,136.19810144445896
1408,109.12000000000003,84.06949150195169,50.69776474436873,138.9831969560911
1409,114.16999999999999,88.83307845545269,53.592654478790024,146.8217548098676
1410,85.29000000000003,94.65441980847889,57.130354427995776,156.4008642976751
1411,85.38000000000001,80.31464715731859,48.415900163385416,132.80454105778728
1412,81.45999999999997,79.79329059945192,48.099065441552064,131.9466405762436
1413,51.5,79.08619692244069,47.669356013166464,130.78310672047584
1414,109.99999999999997,59.26488397984333,35.62370303771169,98.16682202682316
1415,91.57999999999998,90.7867369196973,54.77991649120073,150.03653078603543
1416,78.66999999999999,80.60066754307692,48.58971823087308,133.27519213711278
1417,107.37999999999995,73.05155740249157,44.002032173429605,120.85301171737278
1418,102.17,83.49532410446915,50.34883623292632,138.03839540069774
1419,87.71000000000001,79.81494245995019,48.11222354054331,131.98226905596158
1420,82.79000000000002,80.89055632509688,48.385825780852244,134.78922918069185
1421,49.75000000000001,82.11733670107022,48.680978198966805,138.05707799494877
1422,87.32999999999997,64.34564149649891,37.90181914472615,108.76486335261386
1423,87.95999999999998,79.77458771850199,47.07193834265691,134.72437987807103
1424,55.20999999999998,82.08533972399354,48.43416652085123,138.6437760134921
1425,85.87999999999997,63.14278511570603,37.15609208146797,106.8280467930287
1426,14.58,77.52073084386284,45.69301911168142,131.04340369397735
1427,21.33,35.636230149167716,20.774906323860062,60.64037353731541
1428,39.67000000000001,38.431654419039994,22.42228249962065,65.38359733931905
1429,36.46,50.70667760695147,29.69187608507931,86.11036437583437
1430,22.380000000000003,38.07127793852377,22.172492856576792,64.87831396465855
1431,53.42,28.355076364672463,16.3929348485059,48.544284267227965
1432,69.25000000000003,38.08505699960217,22.131289003567357,65.04222014720212
1433,33.46,62.59771424336919,36.588205481384115,106.60474476453534
1434,55.67000000000002,38.9914814966133,22.618877324026265,66.71357378053949
1435,35.790000000000006,56.16858911816165,32.74684039058298,95.84603192283424
1436,85.79000000000002,40.8413054441074,23.677795775508677,69.94210752017639
1437,58.58000000000001,54.78201911245747,31.85386603150298,93.71133939850131
1438,65.82999999999998,57.77210116966709,33.53858437659183,99.00872757942582
1439,14.999999999999998,60.9099080390308,35.29318579207145,104.60761282738005
1440,25.210000000000004,36.00163669335429,20.635590609294916,62.28096804525371
1441,10.42,33.02105028346129,18.84478742037732,57.32422579650868
1442,25.08,16.550317787361966,9.178459129991676,29.2613244798327
1443,27.169999999999998,18.652937742084948,10.260945173506773,33.29889373788582
1444,75.75000000000003,23.506552023126815,12.850136232557533,42.362107200827225
1445,72.78999999999999,47.62061565541151,25.962977124362627,86.67445285466148
1446,34.709999999999994,83.92646254527415,45.010230169166626,155.75870374774289
1447,37.17000000000001,37.059019569673005,19.0809373555641,71.13253768770906
1448,31.92,38.122619233710516,19.18329507820754,74.83396713842355
1449,26.92,35.20291124427903,17.323555159651356,70.52819259917479
1450,38.830000000000005,32.390481277820925,15.420427349248023,66.89861288327359
1451,58.290000000000006,38.72704034946677,18.734866648098016,78.97204962518792
1452,37.83,47.324137502905685,23.3105925917331,95.05780922814016
1453,25.039999999999996,39.53138133848542,19.621072234447585,78.66573486229449
1454,24.38,33.915358782392836,16.964161809051458,66.86190704923216
1455,28.04,33.30205044140249,16.9351070956846,64.60488645019757
1456,22.17,34.0677615252578,17.588158412002223,65.1575972796914
1457,22.96,31.495306045511647,16.42616072413623,59.59538481869512
1458,41.57999999999999,21.81696657784389,11.357591611380972,41.129079855250694
1459,31.08,37.045246103161304,19.64303394821308,69.11763651996537
1460,42.32999999999999,36.104854976832165,19.164222667180884,67.27787441033202
