step,true_value,prediction,lower_bound,upper_bound
80,185.67,200.89389426465414,185.67,217.35937505409194
81,166.33000000000007,184.9917751654737,170.96698689969895,200.1603567223093
82,141.46000000000004,167.27591284350652,154.0139118312723,181.67252602551775
83,127.92000000000002,148.54633858049047,135.27466324143114,163.11053126735158
84,217.32999999999993,134.3727573389459,121.1039362526337,149.08347799396884
85,152.58000000000007,168.61472561110028,146.35336289608003,194.23921666055287
86,181.38,160.49713827110898,135.5317061606387,190.02761111819163
87,159.49999999999997,167.70162665153725,139.01130830916864,202.2710013110487
88,214.82999999999996,163.0005818398729,133.6160717062864,198.79925504363706
89,202.78999999999994,184.7848436855637,148.82512274095035,229.37530363280914
90,226.9199999999999,186.21401692889708,148.18043505265544,233.94426814268422
91,192.87999999999994,198.16647599511248,156.577337187846,250.73217080718166
92,155.96000000000004,184.24593441939413,144.8484935457111,234.28564049349816
93,173.21000000000004,166.43071969228305,130.42867337034713,212.29474899044874
94,132.99999999999997,174.17713281459532,136.32075713513166,222.4696960703802
95,115.88,153.80361964047052,119.83277111071577,197.32501095115796
96,168.96,130.76514625347045,101.38717945014437,168.5725369175992
97,164.58000000000007,172.4434974057032,133.2702711826649,223.0454757955834
98,229.12000000000003,168.77467338276472,130.0257504067437,218.98301580222005
99,150.25000000000003,199.77995967001797,153.33847298035855,260.19600269871995
100,177.08,169.59700062869408,129.6990882829834,221.67436602536577
101,234.03999999999994,175.99395645832095,134.25729018479208,230.60940589575932
102,152.29000000000005,197.85311133042083,150.62791841695895,259.7868016564822
103,196.42000000000002,173.63758215392474,131.91522313890482,228.45667456538195
104,264.71,184.208476253557,139.7381851436276,242.73043919216354
105,163.49999999999997,206.36981361035686,156.07447969715565,272.7697408242495
106,202.29000000000002,183.40852934653572,138.345267231529,243.04492790737305
107,110.58,188.0529176764823,141.60558400922926,249.62837426953547
108,208.37999999999997,166.39901885097652,124.53097819516145,222.23120487998955
109,219.17,171.21377263438347,127.60681956510493,229.60661623743442
110,251.83000000000004,177.9873954295828,132.30822483760844,239.31891326804174
111,189.87999999999994,181.27100873698032,133.7243186958474,245.59780021600793
112,227.83,179.54429061556553,131.6694245151185,244.69520063127462
113,300.04000000000013,169.53981781829808,123.77329247974244,232.09338788363064
114,291.54000000000013,200.28753256304853,145.30515358264157,275.9326286406868
115,278.87999999999994,219.06911194832935,157.76963638530887,304.035743208439
116,224.7100000000001,233.85337097887748,167.39928645292545,326.53170765697195
117,271.38,218.56920632089833,155.65130852499016,306.75763584954865
118,244.54000000000002,233.0663867278058,165.31531407251734,328.41688924642443
119,281.87999999999994,230.88026438858478,163.22425540492296,326.4087428823754
120,326.6200000000001,244.20689511198228,172.21431846334454,346.12154251371885
121,157.91999999999993,266.7040265264022,187.72798011814743,378.7287809342562
122,279.67,216.009587451762,151.46219374769697,307.8841888495738
123,313.37999999999994,234.47565648065452,163.9833645576564,335.08712577574846
124,293.2500000000001,252.24578832938144,176.05571659926596,361.2217375320586
125,311.2099999999999,259.94351838931715,181.1424192936846,372.8366935799059
126,323.71000000000004,271.9971625847181,189.3309325449499,390.56772776125655
127,263.7900000000001,281.24939522625976,195.62205891025943,404.16675263760357
128,307.8799999999999,271.2758408329731,188.58039682820086,390.0432446688218
129,336.92,277.1002975866323,192.5544271182187,398.57637068428323
130,327.88000000000005,288.3858383394076,200.3370333824851,414.94018757746784
131,326.42,297.86065213973654,206.86585484346637,428.6890870540012
132,307.12,301.3766464472919,209.25700953867255,433.8565430342693
133,193.46000000000004,298.56015639819765,207.7140507166767,428.9484725306158
134,218.95999999999995,258.85834091492393,179.9585624253265,372.15922738346205
135,145.54000000000005,240.3100514600047,166.96798045900263,345.676436642893
136,204.57999999999998,200.89562517543655,138.92239621639203,290.3175057547012
137,294.2900000000001,205.36243821075277,141.48981666835016,297.86666219387337
138,179.16999999999993,255.5841605733305,175.61067245738417,371.77153493091765
139,169.71000000000006,218.46056788398113,149.6546133103505,318.6911119923237
140,166.75,212.42198823633282,145.17668472844488,310.60198459396247
141,224.88000000000005,200.74380097285234,136.91141164841147,294.12105448340293
142,298.16999999999996,222.90927298625738,151.81253649904284,327.08409360804217
143,218.32999999999998,267.83891632089717,182.22001129740357,393.4676261987468
144,158.49999999999994,242.60314330591297,164.82440299111093,356.8634408332665
145,205.45999999999995,214.38269040562392,144.70527279327416,317.3804020063316
146,219.8799999999999,217.80988276695248,146.24327992734464,324.16095009641305
147,300.5800000000001,223.5101965485042,149.40181827038947,334.13443476880826
148,294.7900000000001,265.98861035137634,177.17671529384458,399.06865060791495
149,279.46,264.73251493243254,175.7636369499379,398.48131137579134
150,331.96000000000015,259.2812879812873,171.66038017617015,391.3676572707318
151,357.66999999999996,283.29929797274514,187.15112549080413,428.58069273811543
152,334.54,297.9948353760805,196.48259000272262,451.6875588391716
153,320.0,287.3555840158579,189.13298826250906,436.3199179845954
154,362.08,293.09446800786174,192.63789220450838,445.6664821029976
155,229.46000000000006,323.8147680800587,212.60306674716367,492.928458844579
156,220.37999999999994,234.71122322168833,154.71521223535711,355.80380840818736
157,255.58000000000015,236.3112741564592,156.3806575291448,356.83711750812233
158,244.08,258.96158933208187,171.97050011951953,389.7026220156928
159,347.0400000000001,245.39757665478,163.40487155982564,368.28203650738936
160,323.7899999999999,310.9032682074969,207.60814389270354,465.3463607085018
161,353.49999999999994,287.58627089668056,192.40385249261607,429.6120828344508
162,325.21,309.33385941641137,208.14318728071635,459.48406143404316
163,355.4200000000001,290.2857198435757,196.47689160242854,428.6572115162188
164,264.88,311.74549896493164,212.09992947438988,457.9853566074443
165,367.96,256.60278804016644,175.2822861281372,375.4371217527286
166,342.12000000000006,320.76709981129295,219.87666776411604,467.74152697531264
167,310.21000000000004,306.70021300899106,210.7793346862834,446.06638268568855
168,195.38000000000002,295.96451764562534,203.84991337704363,429.5001807747001
169,227.66999999999996,216.21511478880944,148.74289902247816,314.0894393037832
170,258.3299999999999,240.1374505858791,165.56787240743324,348.0905493036868
171,160.61999999999995,262.58061312159066,181.38111195524277,379.9316593628572
172,190.17,196.23892611672613,135.32757838521252,284.3655469897145
173,198.83000000000004,216.21789741807333,148.9970396550828,313.5636411706994
174,288.50000000000006,223.6590599077999,154.01281825639953,324.59690073612836
175,304.9199999999999,273.97555493908374,188.6032886357689,397.7882085700956
176,230.2500000000001,288.90110597116006,198.7807039093815,419.67451760217386
177,193.08,249.4507240662256,171.51031307466866,362.6047263919045
178,263.5399999999999,225.65336901652287,155.05428198832084,328.19154176355613
179,327.75000000000006,268.5116575809391,184.49777057090498,390.5763157070432
180,347.7099999999999,303.6142677181521,208.59545676956398,441.7092720787464
181,322.3299999999999,312.0517207519715,214.34640701670435,454.0871371546423
182,135.74999999999997,300.7307623647095,207.04232688176313,436.6102417318686
183,339.4999999999999,188.3070414982252,129.45289426898427,273.71338341422444
184,294.5400000000001,287.5984071802721,197.77991143779204,418.00129658250376
185,278.25,274.15578298228314,188.44366120089097,398.6476019765459
186,114.96000000000004,271.15186181043975,186.310525857854,394.4216430052432
187,134.25000000000003,212.82612462700556,145.2223438782152,311.68553327994834
188,259.9599999999999,205.02814983792334,138.7568824208439,302.72456647835895
189,298.46000000000004,265.97136622034657,178.85848929176265,395.27659868720275
190,181.03999999999994,268.834549873053,179.7300991759074,401.86971919561313
191,200.75000000000003,224.512627593212,149.2970540215867,337.36954114011075
192,266.17000000000013,240.30769482762102,159.1476038816279,362.59834410048484
193,280.62,257.9527468583503,170.42220656452724,390.17758690291515
194,325.7499999999999,254.90251411433624,168.03778898205087,386.4050715191953
195,188.92000000000002,266.91935606293293,175.65121537124972,405.3418482704597
196,240.0799999999999,221.1528317236509,145.24707454635865,336.4555066890776
197,147.21000000000004,249.61768805743816,163.7674532386382,380.1992255308254
198,257.82999999999987,260.4514000585863,169.657717275644,399.54933163195847
199,305.92,249.43400634509464,161.4696424621602,385.0240632256083
200,356.7099999999999,235.24881273401482,151.47229130732532,365.0566850519293
201,353.74999999999994,222.15653784871307,142.3877072339079,346.3020201333398
202,342.58000000000015,257.9411852871077,164.66143620636072,403.74439298213565
203,295.50000000000006,261.7953129295681,166.50901812121487,411.28452815462515
204,290.49999999999994,254.72317738561136,161.49159959738324,401.4475333754174
205,350.17,258.1868927901668,163.2547981481641,407.9855891675349
206,350.7100000000001,276.74728983527274,174.6193785269257,438.26563035303906
207,261.8300000000001,277.0372238315881,174.46499545292636,439.5704832261878
208,345.57999999999987,253.56945482428432,159.39249289958818,403.0438935636727
209,340.8299999999998,280.86282256576317,176.34224857745514,446.9849070484756
210,337.9999999999999,281.1946997450573,176.34152359935294,448.04231647468254
211,336.7100000000001,284.76782113682583,178.4068412508063,454.18469099584496
212,335.54,284.68157397174946,178.19974431611098,454.43570398743384
213,225.88,285.6594401783761,178.68278139877174,456.3261500277606
214,332.25000000000006,241.22087977804145,150.73441314991234,385.6687416682595
215,328.62000000000006,301.78779500135744,188.5759895005652,482.60791386775645
216,326.1199999999999,290.00176278421327,181.11560960766792,463.99048668013796
217,324.57999999999987,292.77163409281815,182.77947611437088,468.5941833235869
218,323.2099999999999,299.8956301434182,187.17559118511664,480.136685524417
219,288.74999999999994,306.2230672737091,191.0801334981698,490.38873107855954
220,255.53999999999996,291.3230718787448,182.03805221718167,465.85799656146264
221,201.21000000000006,275.54324121493664,172.37782665444385,440.0954142024509
222,183.21000000000004,237.95628153131256,148.97481657523284,379.7312840061279
223,313.03999999999996,224.06124836663062,140.38377919358572,357.2629195884742
224,312.92000000000013,289.21527500697994,181.45604568893796,460.61751192924953
225,282.25,298.11168487783004,187.1740055802661,474.4524927848845
226,283.62,287.6636532279518,180.70353413101222,457.5860428825057
227,265.17,284.0534533936333,178.51710870862647,451.63357836005315
228,201.87999999999997,279.13054142751906,175.48874950907913,443.6352555545648
229,292.21000000000004,233.0612699519566,146.5151399044617,370.3834263181667
230,299.04000000000013,308.1898049230144,193.92166205097803,489.4449021337083
231,270.53999999999996,295.9278441583076,187.13609073287736,467.62961961765103
232,135.46,285.6872972338226,182.18987678225872,447.65801450876853
233,271.4199999999999,203.5494584546034,130.09885306756465,318.1521510299417
234,263.49999999999994,296.4157705631143,190.10672008068443,461.862533260501
235,222.04000000000005,277.26155374402725,178.9382053915741,429.3115734845821
236,137.5,263.0215467521796,171.71363890790042,402.6008828844421
237,292.70999999999987,211.63297449938293,138.6078364490622,322.85561580528986
238,291.2500000000001,281.3913343349365,184.98746655504078,427.7647290677319
239,288.25,272.9231212704535,180.8311924822238,411.65679085222433
240,150.57999999999998,275.7639512487333,183.94623394999692,413.16514991876363
241,254.70999999999995,232.6157453757937,154.49687208868687,349.98015641343795
242,227.95999999999992,266.18349965075936,176.2434609432043,401.7625171938078
243,254.12,253.68671372932425,167.47162377429063,384.02224111726906
244,271.8800000000001,257.09738077358753,169.31385183332205,390.12648351925236
245,241.6199999999999,256.7339132413055,168.72349181610994,390.3822967220596
246,270.6699999999999,253.0774619217659,167.83087192762474,381.3670156976995
247,215.12,256.26197324101344,171.26194574968582,383.2039667427861
248,200.83,254.91522418653483,171.47998304132548,378.71131963036333
249,187.4600000000001,244.1897282878378,165.95807180968083,359.07844488281796
250,165.20999999999998,239.89244500748356,164.5529262570242,349.51733227349933
251,149.88,255.0523410269928,176.2696294952398,368.84790644673836
252,175.03999999999996,221.41586926722195,153.51875556681085,319.14766570201
253,207.46000000000004,220.64876953202037,153.44154019185768,317.10209205391465
254,239.49999999999994,226.5524460763416,157.95389366457613,324.7555667342918
255,138.71,234.31575059652445,163.72817730931325,335.1507629312853
256,124.62,209.11043469191225,144.77581961834187,301.8375685487809
257,120.61999999999998,193.5660829383825,130.9697641670113,285.8532869550164
258,136.07999999999996,176.4557723454114,117.07051428905123,265.7096974068708
259,104.29,156.7912677635156,102.28368058709634,240.06503603366065
260,153.96000000000006,137.92818790675528,88.68130419122599,214.21811674258672
261,123.37999999999997,146.7034339115424,93.22594891500157,230.5318088114051
262,68.91999999999997,141.16933162485597,88.7891737251706,224.10641334693787
263,173.0,111.65186177301221,69.466529451941,179.09176923607234
264,124.24999999999994,134.81448635956582,83.26419801806313,217.90168231540804
265,101.32999999999996,132.08229452543617,80.99774149467507,214.99249922395828
266,207.71,122.80088876393414,74.83021633795238,201.11811068075687
267,190.79000000000002,150.8306147652972,91.52470044302426,248.15006986921935
268,126.12000000000003,168.5057239085693,101.84792625222504,278.3657731834581
269,138.07999999999998,152.8335849801517,91.99470929844124,253.47438941821844
270,150.25000000000003,149.55897133067833,89.72986015461449,248.84061266624946
271,143.5,151.8049607528801,90.83793299889788,253.24522600012614
272,132.74999999999994,150.66165702803917,89.94426786097695,251.91597539332255
273,166.00000000000006,145.44247302410895,86.64542334884727,243.6836022465163
274,171.04,154.89556026559757,92.15028589368926,259.9055407329788
275,121.61999999999999,162.21477425988957,96.38788439099572,272.53569392426084
276,104.08000000000001,147.59200826736807,87.55777172056538,248.32407954661915
277,81.49999999999997,133.23325947856497,78.91977716208811,224.45818557145955
278,178.21000000000006,117.9744697466973,69.77442856555867,199.0005473501778
279,45.92000000000001,188.60121071747085,111.70622285255777,317.9586004719433
280,87.79,112.91042974644859,66.40157194701911,191.51162295176195
281,88.75000000000004,108.91993363270835,64.04510166441433,184.75406142272496
282,182.87999999999994,107.06271117360254,62.950046160658765,181.6042395161447
283,167.88000000000005,131.450726187766,77.32272062664642,222.9860250934406
284,119.33000000000004,138.68713679417422,81.5482730259695,235.376794698246
285,58.67000000000001,131.66696210231385,77.42042812352925,223.43798452275882
286,158.24999999999994,121.87265862304027,71.58800902462565,206.99151870899595
287,46.83,124.10754339974291,72.87114825154772,210.88106298578649
288,47.33,148.63084846859843,87.00910191352132,253.39858294921268
289,54.61999999999999,95.2352257231235,55.144238150106254,163.95403580363669
290,60.67000000000001,80.50300418401181,46.13885677988922,139.918557317517
291,101.16999999999996,75.97247735714907,43.19163322583301,133.069773801286
292,48.790000000000006,89.71576994245363,50.756710270848224,158.00065659480916
293,31.379999999999995,75.48619395038807,42.17162244063198,134.5088721314858
294,118.29000000000005,57.9022840678413,31.436081383167384,105.96357021132486
295,127.58000000000001,75.57879923875801,40.294630524186054,141.01150169912052
296,141.00000000000003,95.39863580411112,50.0635952688478,180.98281840453996
297,64.71,112.52874811059507,58.232968563691415,216.59464298501325
298,82.37999999999998,94.13134742924746,47.99884850577211,183.697672285872
299,140.79000000000002,92.27359109990827,46.518728734590596,182.08492311032452
300,125.99999999999999,103.8659040817875,51.92949220255731,206.7642800124831
301,143.25,107.95730581264269,53.56114658992881,216.5851357959014
302,134.5,113.22975436911818,55.81794593395357,228.65344080542553
303,97.82999999999996,112.50437966010183,55.13531790329123,228.50336229002082
304,124.78999999999999,100.5725255363725,48.99073322383386,205.3778080157917
305,123.91999999999994,104.7624505372386,50.83832926837331,214.78041000766328
306,79.03999999999998,104.39638803514092,50.47786406724524,214.78981203150073
307,104.75000000000003,93.28269285179071,44.91248232502578,192.61240606543737
308,121.54,95.13958348586854,45.69812427405717,196.92699720855973
309,102.92,98.55377393440953,47.25236141684271,204.39831862247576
310,89.92000000000003,96.40453329721284,46.12421305927559,200.33265875259772
311,82.03999999999998,90.75547091181458,43.34067651726621,188.87230469906055
312,26.96,90.24092630858743,43.049362435723694,187.99040016292375
313,66.24999999999999,59.736214393643266,27.93348065281193,126.49547084001077
314,68.20999999999998,84.07349165197219,39.070041120590346,179.62120176210965
315,42.32999999999999,80.93092997201029,37.219508477808475,174.63484077708804
316,97.79,66.24848542162972,30.114272503248007,144.34676300180436
317,74.33000000000003,88.36081953831766,40.05804131169509,193.48945476815044
318,27.119999999999997,73.37852364383744,32.97242023808248,161.84282193222796
319,34.32999999999999,51.29754631295888,22.508234553037376,115.34363032177164
320,49.419999999999995,68.77335365273356,29.940626462883255,156.34396605671586
321,22.04,66.85388074641911,28.744034661043617,153.79235365400567
322,57.50000000000001,39.53945331512767,16.40097644970426,93.4456927368204
323,98.49999999999997,48.75369754707097,19.977853861778552,117.00208142910301
324,95.88000000000004,76.32874871950173,31.112982659112163,185.20927996630888
325,94.32999999999998,83.75610884896577,33.74593836523877,205.74640908257905
326,54.41999999999999,88.67954454894745,35.363091252612975,220.1698849978475
327,67.53999999999998,71.725225144224,28.21471730094623,180.03746539100567
328,67.95999999999997,71.34257919116517,28.156454950057963,178.4953732542028
329,40.25,70.3420367387659,27.833458124537195,175.5201448973655
330,69.58,56.46203247063848,22.278829296891573,140.84068853057028
331,73.82999999999997,65.52857564430046,26.006167887725084,162.89038961988933
332,86.95999999999998,71.1707407431945,28.34670173099224,176.4855609726227
333,88.70999999999998,78.1890551563901,31.24743561749333,193.46217463443827
334,35.33,79.84807060075083,31.963763376006305,197.2907851056145
335,57.83,53.80732709797301,21.369809685448768,133.28112021794092
336,40.25,75.80151624738406,30.717115531222756,184.97129023572978
337,42.169999999999995,55.38869612911387,22.818511500481517,132.49637953141035
338,48.540000000000006,71.02850007358413,30.013859112648458,166.28343299703815
339,44.92000000000001,47.866361054975975,20.386562275895084,110.65521657712668
340,37.38,64.44208299533925,28.040608143094275,146.47164403949537
341,63.620000000000005,44.2159081724119,19.302747813612086,99.6995885791013
342,77.0,73.39247294341628,32.927903739377726,162.11765304302372
343,32.0,49.10197013899517,22.304217113954426,106.71472817705886
344,21.29,49.75082481737429,23.004449405243445,106.29870017685967
345,20.169999999999998,43.26662102733124,20.011631116308244,92.25947739756703
346,26.209999999999997,39.47051279497968,18.1775918876901,84.40500890207922
347,26.999999999999996,43.565410305489145,20.08795415557141,93.18058200642851
348,23.830000000000002,37.81114444877355,17.34285727851913,81.11942722727073
349,42.38,32.48516033003279,14.809415691958918,69.92330192179728
350,31.71,42.946364109925504,19.73033639890136,92.16216009811107
351,36.330000000000005,37.401557086736375,17.1012765438943,80.46826457846115
352,19.29,40.21293456116804,18.414192540508655,86.48785052992054
353,21.25,25.453576410598476,11.454801154637805,55.186501592664165
354,27.08,25.585362246493936,11.511131941450163,55.492209424767864
355,25.000000000000004,28.79341735294167,13.015407133543942,62.33370904667507
356,28.75,28.19664408225082,12.730141181797057,61.08559798320005
357,58.000000000000014,30.301760062743316,13.715973410806988,65.58072528902606
358,61.62,49.0132589214692,22.507250464651154,105.4065774815846
359,62.33000000000002,54.21095218004143,24.94501310322936,116.48883026185128
360,48.580000000000005,54.765286227225225,25.20099434921294,117.6888980836626
361,39.49999999999999,45.142356755087704,20.80372169156068,96.64925075785949
362,71.25,40.051080112465286,18.492202402062876,85.45463163370896
363,29.290000000000003,59.188686594954994,27.697286720625804,125.23764850291444
364,18.749999999999996,34.859395207100945,16.15734683440558,73.9472652753309
365,41.96,26.211342658380172,12.058405809081233,55.703488932534384
366,31.289999999999992,44.39384485567175,20.83917484660849,93.35343437899151
367,42.38,29.878668899354107,13.931669236176909,62.857039552268425
368,31.5,41.23450579111459,19.511440457507646,85.96383284806296
369,28.709999999999997,32.666452386432496,15.410552756408219,68.06714436205257
370,19.830000000000002,32.53833481120369,15.421806778897619,67.49550217298957
371,18.120000000000005,26.246240316370404,12.392034943330192,54.43277138379437
372,53.38000000000001,25.163752685392804,11.97730716699308,51.74915248392102
373,49.88,46.94395248303012,22.808621262136946,95.54580810819856
374,19.46,33.30765968058666,16.05414649850452,68.01638336824209
375,32.25000000000001,25.474017109507795,12.171385240696695,52.2118352858563
376,34.53999999999999,36.92398061400979,17.88175366785517,75.17027162367187
377,43.21,30.045163977668807,14.466486025608871,61.31552563423359
378,33.83,37.68872452077815,18.28461615163616,76.617173879692
379,28.000000000000004,30.665738816058866,14.791041305355884,62.49923322832185
380,41.04,33.553565302367105,16.237702595619705,68.26380522473707
381,46.71,36.31104607931723,17.619349814095056,73.76706616678356
382,40.92,37.52198699119698,18.228935775181178,76.17241864551225
383,53.17,34.86631735850528,17.024861111575422,70.36769115157873
384,31.0,42.674551636736574,21.07554229089848,85.40632404561123
385,29.88,29.412412785933626,14.447454335359605,58.87490439410885
386,28.500000000000004,37.97037353407476,18.876744821560855,75.40536853589575
387,30.290000000000003,31.635464475397242,15.7045370615885,62.75953656171742
388,36.96,37.03774949084625,18.52824971831453,73.09114524848741
389,73.25,36.07734148624924,18.083822729615008,71.03636667377873
390,66.29000000000003,47.130977608191394,23.681062980321094,92.86107103115066
391,48.379999999999995,38.14750396324113,19.010976687108247,75.58432122102697
392,62.33000000000002,39.408383588853084,19.599987867386144,78.26400125938886
393,34.83,42.8233211652204,21.421621024404182,84.6531950058276
394,70.37999999999997,32.46980448274587,16.28558673774792,63.80704584166092
395,28.790000000000006,44.548420326778505,22.56270707127701,87.0483973250214
396,40.79,35.29181326835671,17.800669247723444,69.0557885972468
397,82.32999999999998,38.077042966879105,19.26782726753302,74.34183446892888
398,66.71000000000002,37.927151443480106,19.091909341063143,74.41956783602795
399,39.04,43.286246035812525,21.763449504863633,85.15880416214932
400,32.62,37.54260947430053,18.741531819239206,74.249112312587
401,34.75,37.41644118498351,18.73406073584296,73.78556862038849
402,37.580000000000005,38.50510233762634,19.343383140555986,75.7155148149895
403,81.45999999999997,44.55998711750027,22.510595989459727,87.28837971939862
404,100.33,49.83671137979718,25.280343903252312,97.33856183263158
405,129.42000000000002,56.36111440701636,28.529784154369743,110.42301036859868
406,83.46,82.08431956656851,41.598081428206726,161.04964933629122
407,124.07999999999996,62.70761132110622,31.550400109622622,123.68847469070931
408,47.58,86.4095484336758,43.529089812353476,170.58287289446167
409,114.61999999999999,49.77476560027484,24.80149144052489,98.91968207363466
410,51.959999999999994,74.65005920834808,37.277329823557096,148.51229577943272
411,71.37999999999998,56.219147418398585,27.84621931905948,112.49947787179123
412,62.58,60.71353159450544,30.015643902680054,121.79480618930256
413,153.67,58.916037236333274,29.0329805337545,118.5329752260486
414,156.53999999999994,84.99470530739778,41.791406714095935,171.8171590692337
415,156.17,104.80975920745401,51.32577275521674,212.961582486581
416,153.54000000000005,117.9446364457421,57.51188650417481,240.79405902765274
417,127.50000000000003,121.50305370127246,58.992791146628974,249.14669061584573
418,61.66999999999999,109.93520033273417,53.121086103822634,226.39046014811274
419,97.24999999999997,70.6803430772563,33.857034668650265,146.40415048254937
420,131.45999999999998,81.94960382710674,39.22619236551498,170.04867178462004
421,120.46000000000002,98.68966992478869,47.41994190352299,204.24663803841187
422,170.29000000000005,101.11284219408986,48.66289611493958,208.9561917779185
423,149.32999999999996,122.66447966583065,59.212628748736215,252.98166213332152
424,87.49999999999996,123.58735554478807,59.720295534997916,254.6313177477351
425,115.17000000000004,93.30409865898588,44.9986598229515,192.337437614788
426,114.28999999999999,99.45663765133047,48.03370885739513,204.80813247392615
427,103.29,101.78860562123229,49.20157611852325,209.46146879159033
428,125.66999999999994,97.6230543296613,47.19130166821635,200.8311709502184
429,145.42,109.00819111373151,52.77747268239943,224.03478703036967
430,123.11999999999999,120.91129762887849,58.617903744490775,248.2936442927249
431,129.17,114.08366209354377,55.29634456244183,234.2594894713089
432,170.45999999999998,115.25963594087533,55.886496921208305,236.6012530324354
433,182.58000000000007,131.27985079793757,63.73968487476576,269.28180568028966
434,72.61999999999999,134.5704043185467,65.36268221215408,275.95285836002756
435,197.53999999999996,103.85977612855119,50.3378642526448,213.1805626275817
436,152.12,122.49109503889373,59.46775846366032,251.2013539342624
437,124.45999999999995,124.86911384825216,60.63932240617851,256.0280334450304
438,153.08,120.73959381881723,58.652174421464515,247.44909421839554
439,165.57999999999996,124.68720109816672,60.61732960243488,255.3771040033315
440,216.25,132.72647460745478,64.58643001499557,271.65960362302934
441,216.75,146.48797291599894,71.3619506136481,299.60967083393797
442,219.42000000000004,159.79842367646788,77.91670581937902,326.6382711160703
443,205.66999999999993,150.3826939090641,73.65956445362555,305.94955405747123
444,226.24999999999994,159.19660991583424,78.33526851155942,322.4747207641553
445,224.20999999999998,187.0062246292624,92.43689377482235,377.2910483361246
446,228.42,194.39731125697853,96.84032199006808,389.2287775619981
447,131.88,201.37508141975079,100.98152066883385,400.5989692156753
448,162.74999999999994,170.46023922934916,85.8716871203713,337.41421308936117
449,157.16999999999996,165.7693541861825,83.88459943762791,326.6450343164109
450,152.88000000000002,158.01361162793145,80.25406748170795,310.18846682537946
451,172.58000000000004,156.59136726161432,79.7954048674543,306.38182544078023
452,131.91999999999996,160.37086961179216,81.9671730086787,312.86579311967245
453,174.24999999999997,150.373116304127,77.36988681027802,291.380418962372
454,147.08000000000007,157.19414659118559,81.53472156049884,302.2104251708129
455,182.96000000000006,152.80807966770612,79.77358734756875,291.8794689936413
456,207.37999999999997,160.3395895688692,84.38284700138223,303.86759432875044
457,177.83000000000007,172.44064899766224,91.54729816617332,324.0409176799213
458,170.91999999999993,171.4409911784953,92.33028211752004,317.6092955465292
459,228.66999999999996,169.00433811709868,92.12920667682664,309.33739049153064
460,153.61999999999998,181.09496793775,99.7815657053263,328.01431046628176
461,177.79,170.82767042197668,94.93231548484981,306.76645151764484
462,275.33,171.2894506345345,96.4680915232454,303.5474096809454
463,284.62000000000006,187.082846113929,106.90366810255144,326.8401710004466
464,285.7099999999999,205.86564543049587,119.10086920942227,355.31211947980114
465,282.3299999999999,224.45834167008408,131.226721583248,383.4265608341626
466,233.2899999999999,248.10861914556207,146.35929959632662,420.11427173311296
467,279.67,218.9194556968572,130.18316679538262,367.6796726705051
468,302.12000000000006,246.09691404962118,147.4443235830292,410.31168547980883
469,284.21,268.0387722665206,162.4146000415529,441.9338686033655
470,243.2899999999999,264.8944937633234,162.02269928363515,432.68121202953955
471,291.3299999999999,244.49361559240836,151.11624773305297,395.19117743684575
472,305.28999999999996,264.59087488646344,165.05643791232905,423.7863781119917
473,190.28999999999996,279.1270645999138,175.48944185702294,443.62247427205926
474,268.12000000000006,224.2770473758946,141.857660007126,354.2469505091262
475,305.95999999999987,242.38859353565778,154.19806287317294,380.69295651373324
476,210.37999999999994,265.3238453620491,169.62226117663502,414.7042001395159
477,161.33000000000007,236.11820425343026,151.51907686577533,367.64269010657875
478,261.49999999999994,200.35978988248814,128.9587740623316,310.9894387590404
479,188.12000000000006,222.56892484638468,143.7094332854994,344.4029431402448
480,222.32999999999996,207.6637623272449,134.3932782651266,320.58587388141956
481,278.46,212.52810556380498,137.8385543905181,327.39762748769493
482,197.04,233.46359564118947,151.72132312049987,358.9574477076811
483,267.96000000000004,218.15238170415864,142.40552233183928,333.9087651971265
484,144.42000000000004,232.8462320950344,152.9460113016012,354.2158305544609
485,232.2899999999999,202.12657118771241,133.1245119231208,306.6276165398236
486,271.1700000000001,213.26082305441633,140.8378160547428,322.66333304397233
487,137.12000000000003,230.35812667208097,152.48844920302946,347.7336216838797
488,245.92000000000007,209.5086666437574,138.48251035549282,316.70218803197434
489,237.62000000000003,220.32312199174925,145.94613188755017,332.34612962564705
490,216.67000000000004,227.16922736607475,150.8830705008406,341.7715554153442
491,246.57999999999998,247.28810904164186,164.63839149933872,371.178119658451
492,334.38000000000005,225.86659771625676,150.6301311134222,338.43420599465486
493,351.45999999999987,234.92379744046016,156.77718096119347,351.7762244175049
494,328.2099999999999,260.34300378003013,173.67155273355735,390.02054430668164
495,314.71,271.86988767443677,181.2824872461777,407.47574950468015
496,235.7899999999999,276.8482545449962,184.8694010406625,414.3435268068255
497,162.45999999999998,259.16742851776655,173.24984877242602,387.44849128074674
498,242.58000000000004,239.54110229096557,159.97209122132486,358.4413258370326
499,237.75,238.58876863348937,159.22241668153404,357.2693311224251
500,249.24999999999991,239.4930490763735,159.73133593929026,358.8359107516939
501,175.96000000000004,240.0139859128194,159.9979306012253,359.7980623643036
502,207.42,231.3989818647546,154.1762630928774,347.05121411802816
503,199.5,230.4216885973712,153.46717097752557,345.7144352702029
504,173.07999999999993,227.74884160544576,151.63563733919617,341.81661509724125
505,165.00000000000006,232.57680876264635,154.81595725922344,349.1446613775004
506,282.96000000000004,208.73103755024854,138.87732290052713,313.4691877123278
507,219.5,227.83903972196683,151.5919977309598,342.18513997832645
508,248.42000000000002,223.81718105484578,148.88584494163715,336.20839294149323
509,264.71,229.09212698430218,152.38148548942777,344.16804118323284
510,207.58000000000004,232.36085264282184,154.54219854175136,349.1126257487426
511,258.25,226.8953025374805,151.1639810304511,340.3177584270502
512,352.8800000000001,232.69159792395567,155.49447954060338,347.9692614114381
513,340.00000000000006,253.06838997807557,169.3167901552568,378.00401203667906
514,292.0000000000001,267.67426992362016,179.26697631745418,399.43864269332045
515,136.00000000000003,261.98118419808395,175.57960938529396,390.6596230050688
516,165.5,188.5098151089035,126.11011780190546,281.54218187871436
517,278.4200000000001,213.74936741900376,142.90734605677895,319.4651608866902
518,290.17,255.550346521613,170.78527529445986,382.1415712874103
519,332.9600000000001,249.53623491657032,166.64738984528918,373.4072905882744
520,179.03999999999994,282.4829692503972,188.58728385363605,422.88177213964775
521,231.53999999999996,198.58341959183713,131.99027714520074,298.522207420325
522,225.88,250.30735978644708,165.93671348294953,377.31935087954923
523,272.61999999999995,231.6349427964691,153.12572657045556,350.1355165302465
524,277.7099999999999,256.8630934228009,169.4570167868697,389.08881067486874
525,180.33000000000007,250.33757961289578,164.82683207719424,379.94304844623764
526,253.57999999999996,212.67718586593844,139.75099039237753,323.3880532016451
527,184.67,247.63740947396963,162.5540547827048,376.9824442265293
528,128.50000000000006,217.05641944916047,142.26992319170063,330.8812560495783
529,238.79000000000002,199.93958134447166,130.28928125697038,306.54007459194514
530,243.12000000000012,245.43518655093106,159.25348301394865,377.9640014570301
531,169.95999999999998,216.49552884544784,139.86559315595335,334.8116343952784
532,213.58000000000007,216.30604314064752,139.2615902710598,335.67033358303706
533,191.61999999999995,227.25144393451032,146.57268524104575,352.0377018829106
534,342.29,208.21026212846832,134.45408210468827,322.12746208737195
535,327.79,285.8911032094213,184.12299863932168,443.60442897793604
536,186.49999999999994,212.44249072935995,136.96477482031023,329.2125264081989
537,215.97999999999993,229.34853080904645,148.10946679220532,354.8489396238653
538,245.45999999999995,230.9695127258664,149.34474401889082,356.90978384661514
539,274.9399999999999,240.6412987064409,155.7781136586081,371.4404885217815
540,304.4199999999999,245.08275842029036,158.80260461557776,377.94703992725687
541,361.11999999999995,255.9672434300324,165.9977299470653,394.4075556413869
542,357.4999999999999,270.67813557918964,175.6721542387965,416.77386860875436
543,304.24999999999994,264.0920401199493,171.48392493899374,406.4222554931544
544,197.04,253.6297687008845,164.75393914867476,390.1600499008975
545,288.33,207.36942237510945,134.6941118655744,318.9683139084819
546,235.57999999999993,291.6886844982585,191.4517948328167,444.1331103861096
547,211.96000000000006,197.414703849787,130.53779320105588,298.2934102492049
548,173.46000000000006,259.60662528131166,172.97574953356346,389.37517195700696
549,266.24999999999994,202.65481767400573,134.9291104373048,304.1243742300687
550,263.99999999999994,268.22639304565627,178.66470288878557,402.4340053830266
551,337.7899999999999,225.84995967294063,150.36382007159608,338.98153706264446
552,326.6699999999999,267.621833567082,178.21410545494692,401.6339851194414
553,259.4600000000001,254.49020006238433,169.43567552688688,381.9904867400825
554,320.1199999999999,244.54473097808534,162.7868205499941,367.1139587949738
555,176.95999999999995,271.3887047845202,180.67919212174624,407.3880252201297
556,356.7899999999999,222.9371003384969,148.06763918071348,335.40986859139986
557,320.4999999999999,260.11280977036733,172.10666555145076,392.8606246557941
558,312.66999999999996,265.3665983932824,174.97842386379077,402.1810444814825
559,357.7100000000001,269.499503281513,177.1829194103538,409.64531615982446
560,365.61999999999995,283.3127544035853,185.8133418749615,431.6979085394089
561,353.3799999999999,293.44581449109535,192.059905009024,448.0747971064841
562,330.7100000000001,295.91785085752764,193.3286770234384,452.6654677437022
563,241.1200000000001,293.1356534859606,191.21180471853006,449.1064998494994
564,348.9600000000001,264.77765705657674,173.1191702686174,404.6863060024288
565,350.20999999999987,289.3484506333168,189.62462723244064,441.2420335142352
566,352.5400000000002,303.4004781455154,199.21494534173584,461.8008710192077
567,348.2100000000001,306.5498835872442,201.60009630923687,465.8651822857752
568,326.8300000000001,312.4105192313932,205.73291559528388,474.13553070178006
569,324.62,306.25762085194157,202.12862871516623,463.7658292616965
570,158.24999999999994,306.77767842550816,202.8600579785271,463.66728341151196
571,324.45999999999987,253.67341940131166,167.769895729972,383.30165681519765
572,349.78999999999996,286.94603090429183,189.90018401342823,433.3260177669769
573,346.3799999999999,300.7975079072842,199.15535069236088,454.0552131830844
574,339.58000000000004,302.98359787304486,200.66687336899656,457.2112383264984
575,330.6700000000001,303.4616455813204,201.0365457385893,457.81250489217956
576,330.03999999999985,306.415571382751,203.0418238094428,462.1615801319343
577,327.79,305.7477001336431,202.86490616322791,460.5514916625293
578,195.17000000000007,306.21619507818514,203.40330359357702,460.7429799763924
579,323.32999999999987,279.1823442541748,185.38398408323815,420.18504128931085
580,273.4199999999999,297.88246042690736,197.79418394065524,448.3628705833223
581,333.83000000000004,309.29253457014113,205.35722401961314,465.57662443070654
582,328.03999999999996,302.6945398966548,200.947589503295,455.7045033312271
583,192.71000000000006,309.57604571484796,205.73605002575098,465.5731020780198
584,267.0800000000001,319.848719896273,212.5216527990955,481.1239425115256
585,168.71000000000004,304.1980134110261,202.06387271026418,457.70211252663
586,313.58,306.0466042677765,202.5260927471193,462.22127998355603
587,321.17000000000013,293.9037434677119,193.85259368746802,445.32825391465855
588,315.5799999999999,301.98500471096395,198.6483077483472,458.8081201640579
589,217.37999999999994,303.4367100896859,199.14157925263603,462.0807391263791
590,294.2900000000001,293.5083691200945,192.2343703336028,447.8600000716068
591,315.38,297.03121105393313,194.21939000694823,453.98862976220073
592,315.5799999999999,297.1837122077192,194.04212458761518,454.8683228762458
593,265.25000000000006,295.3507154719354,192.60933146378835,452.613190525138
594,283.6699999999999,295.15296639793934,192.28173934425115,452.77581867724257
595,298.99999999999994,291.3850478309796,189.65630222876936,447.393340245032
596,297.70999999999987,293.4510882061196,190.8612401929878,450.8966064149148
597,209.88,291.8384588779259,189.69028263045496,448.7049446624659
598,104.53999999999998,297.8472244727831,193.49887231463552,458.1783104562797
599,283.37999999999994,241.7792089609257,156.41509226190036,373.4351539408186
600,294.75,278.6249713521613,179.72689690044044,431.6424342181382
601,274.75000000000006,274.7225250833944,176.7212072890204,426.7649921358581
602,282.5400000000001,272.0354952905075,174.58332177850085,423.5755287770207
603,293.9599999999999,278.3839188331531,178.31355774330456,434.3010173068433
604,291.78999999999996,279.05563997393926,178.44504962511988,436.07620603111576
605,287.50000000000006,276.8237324750002,179.10968709147116,427.55011061754004
606,202.57999999999996,278.46803393156574,181.98620718554625,425.82114237375123
607,278.12000000000006,264.1317890082524,174.07282150235235,400.51786519172504
608,138.83,269.14889406684944,178.67192820031343,405.1871306027122
609,274.62000000000006,263.5436257136955,173.68751054059027,399.62011124422406
610,269.83000000000004,259.00447995308457,169.6474398185324,395.15202939793716
611,270.32999999999987,261.91625031236396,170.66731271455552,401.66812350731567
612,250.20999999999995,260.44897585038916,168.9595888886289,401.1871753173597
613,230.71,259.2775137410491,167.56625656655822,400.88579576407216
614,259.04,274.82147404712737,177.06601673547638,426.2431480204674
615,238.99999999999997,254.6988023459204,163.62955039627013,396.1454539222223
616,262.96000000000004,255.58561547086663,163.82140578595306,398.4394887764895
617,257.04,267.4727723333854,171.1208311094207,417.7618025069411
618,253.33,259.37844892964875,165.65460530348108,405.8110601777266
619,235.33000000000004,257.6438485639125,166.51983644509778,398.3356358240986
620,223.96000000000004,264.32263099602625,172.5870864805457,404.53764652616
621,209.45999999999995,265.95231760709356,175.1566293696696,403.54645465683853
622,138.28999999999996,248.02464949598559,164.528006391958,373.6391768276098
623,130.92,227.32822061753956,149.70006580742276,344.9439519886657
624,189.83000000000007,202.76039153154642,131.89011124284232,311.42578374563095
625,190.24999999999994,222.1915193880788,143.09429237703796,344.7073386114029
626,63.710000000000036,219.50678266784297,140.13924999573504,343.50545262209226
627,90.07999999999996,142.83045063466352,89.5257576298311,227.52278811476404
628,213.58000000000007,117.07112698496167,72.25819078322425,189.29668735269004
629,144.79,167.70275932949218,102.03021362999868,275.23567886204836
630,152.96,164.07683630399907,98.46928476860153,272.9575533043257
631,68.96,159.78925899397478,94.78472774405358,268.9092685935675
632,107.61999999999998,119.43346557740597,69.97308556164627,203.36225248211954
633,78.45999999999997,117.55126356874119,68.22514394843239,202.0245268137634
634,82.91999999999999,102.34437344829738,58.91312382240028,177.25909987734772
635,197.04,96.01475575300418,54.90089381819472,167.36694712655324
636,209.58000000000004,131.61600108174042,74.67942666513623,231.38817361461463
637,208.54000000000008,170.46433622877504,96.04798296933416,301.94311843312005
638,184.03999999999996,191.6156172527333,107.26059073286288,341.6988136541673
639,191.37999999999997,186.3449589191504,103.67480594899605,334.3064122184291
640,195.49999999999997,183.38279410745292,101.50112058840111,330.6745667531603
641,195.61999999999998,189.98008721743864,104.7141609103343,344.01899650432676
642,189.21000000000006,188.930264546957,103.75037402120736,343.3759101382662
643,187.71000000000004,183.8714762618335,100.64480768204167,335.244059235581
644,184.08000000000007,181.39337966295514,99.01845877072475,331.61205335241783
645,177.45999999999998,177.6516481037789,96.74747391094854,325.5190402697613
646,107.99999999999997,173.53049202447514,94.31102560373687,318.59463717187293
647,156.25000000000003,127.05599887468011,69.13133120785292,232.82329360312895
648,58.080000000000005,165.73334947437195,90.53536237069751,302.7078688164176
649,59.579999999999984,98.55106141670358,53.52120580003699,180.7717287020377
650,151.96000000000006,93.84705788095599,50.83863759056048,172.53782442599388
651,47.99999999999999,163.37244915296068,88.68139922876212,300.2698538704053
652,90.79000000000002,93.9670324079331,50.27890416965517,174.8761695556347
653,156.04000000000005,104.09249455760785,55.247886800509875,195.35284169005834
654,60.50000000000002,131.86766525270923,69.58251982684655,249.11598499195608
655,130.32999999999998,102.59156357174273,53.22692633937785,196.89452892973122
656,79.66999999999997,117.56412754036647,60.293545536491315,228.3463727112855
657,102.38,106.12218476523901,53.79312424355062,208.42705179343156
658,68.38000000000001,124.38347793981511,62.55714525581957,246.3524648881963
659,80.87999999999997,95.70086020093396,47.64298528612884,191.2385377582313
660,135.28999999999994,94.39356921149995,46.67326787196863,189.88125176037903
661,36.74999999999999,110.80538364482996,54.56605830950262,223.9654589918941
662,50.38000000000001,78.71472299300358,38.08795224972816,161.56766333660988
663,145.54000000000005,112.2830312571276,53.91653374944631,232.6827234827569
664,124.96000000000002,94.80178450550777,44.99288485802739,198.55221210347415
665,139.20999999999995,106.63490108293743,50.24861644944518,225.06018920651553
666,122.37999999999994,115.94664591246952,54.29259594590516,246.34808985197188
667,134.62000000000003,119.15897246270522,55.473287319519585,254.66386071353594
668,61.66999999999999,124.4488719632108,57.66109004869468,267.2769696877163
669,119.58000000000003,102.09978091669424,47.00297351457821,220.43554965073605
670,128.24999999999997,108.10122028767881,49.61135692037513,234.18587511864706
671,127.32999999999993,113.58333290224819,51.98910720753343,246.7743232692329
672,32.08,115.89682167930351,52.91599409696536,252.44737025802155
673,30.290000000000003,90.00509348590711,40.22583189139115,199.8916900014851
674,28.080000000000002,99.20687588216211,42.69279994029824,228.81859683480155
675,44.79,58.02969371669055,23.91610862774102,138.84947619014352
676,33.83,65.23353207721881,26.195705748843444,160.30784808224863
677,44.79,55.40097843415095,21.621420800406234,139.62204122353072
678,60.250000000000014,57.0444573511738,21.820922432013223,146.6346558395892
679,34.61999999999999,63.630532896520776,23.983224778318124,166.19642158098767
680,55.20999999999998,52.37696304591921,19.337950701201745,139.08786951367114
681,46.669999999999995,57.448892455233,20.99939824651949,154.28938523506557
682,35.58,56.26365684147318,20.33008576855921,152.73245238851635
683,34.92,48.93581998417279,17.436686272057138,134.25131798066226
684,37.709999999999994,45.07743806831352,15.884670388187427,124.74307049692933
685,28.54,44.68094304962231,15.632704415956375,124.46056887182706
686,40.58,38.539891227023176,13.318690196257561,108.18617393184796
687,26.92,43.49043167172119,15.037196615579049,122.42546878880567
688,35.46,36.10706454509094,12.323347145369702,102.3474714822
689,85.82999999999998,38.86773594559237,13.26687942039741,110.40742993559304
690,96.62,66.40787603814339,23.053935004888597,187.90138977469766
691,36.61999999999999,80.35085538212046,27.95946106525997,227.52502871131261
692,31.040000000000006,46.37697440804327,15.830832823711745,132.36105988160986
693,25.920000000000005,37.998289318950604,12.830162511748652,108.96736795483118
694,47.38,33.24774796116994,11.127482910506124,95.71489533872862
695,53.54,49.76027318806745,16.952130248753964,142.5264393932346
696,81.58000000000001,54.18485581433627,18.496081472740276,155.20412314685723
697,75.62,71.4987947630771,25.295372220326772,198.88594183259897
698,87.41999999999997,64.22663935696912,23.192541160545264,174.86058668126378
699,37.42,70.5743765099901,26.056138668123985,188.34303359515695
700,83.21000000000001,39.18400133082434,14.651427921873289,102.16975364906037
701,84.50000000000003,67.20372684641748,26.24912457186168,169.71184593373218
702,57.88000000000002,60.07459838818411,23.93401293320099,148.59912703466773
703,82.46000000000001,49.89808519383199,20.164696768800898,121.40265498239653
704,82.46000000000001,60.46845075180792,24.96241349518086,144.53232651227808
705,42.790000000000006,61.57271977382808,25.78198041306056,145.19326873917998
706,35.92000000000001,44.667619313380236,18.768155985195982,104.49954458643674
707,32.21,43.454940640951975,18.428663820872956,100.71784151555555
708,54.45999999999999,40.58350902749106,17.32248515282798,93.37520121404158
709,36.83,52.7552970707173,22.850297653314833,120.15706081175274
710,43.78999999999999,42.700947691867405,18.57458036445034,96.56392186244237
711,71.33000000000003,47.107450376334114,20.723192662042663,105.53713833488736
712,29.920000000000005,59.44175923461148,26.480944925767602,131.9359768829965
713,42.459999999999994,38.04047086061942,16.85440476825027,84.3659578575938
714,33.07999999999999,47.44443881497994,21.265356747955593,104.40426900250874
715,22.08,41.45046717176381,18.592970845341338,90.97391132389053
716,49.040000000000006,34.68560700684803,15.52982221980298,76.04030512328038
717,20.709999999999997,51.162980925707785,23.236013220787026,111.26997420194483
718,23.96,35.54034022578016,15.959979721971713,77.72630072110378
719,30.420000000000005,35.04221525234231,15.71418044658737,76.72090797077695
720,21.830000000000002,36.38828766686964,16.325545772728635,79.68340662958755
721,24.46,30.47194388532495,13.627569270930294,66.71345488614114
722,70.79000000000003,29.272681890443266,13.229445679516608,63.404144018005354
723,66.83,44.079969646960144,20.39320810800284,93.9929366886603
724,23.79,53.167143046829835,24.91553415851022,112.21701369956993
725,23.12,38.810240676101266,18.012330333889444,82.3593375907269
726,43.75000000000001,34.29236401419955,15.828878108605132,73.01271491020415
727,74.62000000000002,37.602789333983424,17.3834444959631,80.060725300481
728,27.42,46.673746781700835,21.67807594991563,99.21953084667159
729,24.08,40.41696213807482,18.683216609730398,86.1485990708822
730,41.790000000000006,42.92982006085799,19.86073131381241,91.51013598461785
731,21.130000000000003,39.98910010238017,18.45104424623185,85.37615060324698
732,21.75,28.45482882903854,12.969466143405295,61.10594824753061
733,24.209999999999997,40.34195659124908,18.5975050806673,86.21300837823415
734,26.62,30.32787784324356,13.844282839710386,65.11541566263627
735,23.08,37.29537628932766,17.139290559071384,79.84857786280904
736,40.25,28.820086587085118,13.120553212827513,61.97469728405863
737,35.11999999999999,42.54078723833711,19.612355101772877,90.97397114369925
738,36.330000000000005,28.29812706247276,12.98510191277305,60.37819050033609
739,67.83000000000001,39.62385132286742,18.52819685397767,83.50843201973821
740,62.99999999999998,36.835222941702376,17.35646842132089,76.98363291849982
741,25.58,40.61636014741139,19.35011855680772,84.10620845202264
742,22.500000000000004,27.082351545199085,12.824035360701064,56.04690763089543
743,29.38,35.35684789305307,16.999122151983283,72.43804756461134
744,80.42000000000002,31.216291482757384,15.026357390186032,63.76140595351703
745,72.46,47.86928769235391,23.331032237655823,97.15478670329303
746,74.83000000000001,35.75310192259861,17.31171350194616,72.76647197922583
747,56.83,49.01874950384892,23.80082655163146,99.87870647053923
748,95.37999999999998,37.18506860716523,17.855605735276075,76.3297599135744
749,81.07999999999998,66.70182687335195,32.25156957633201,136.84424074982067
750,51.62,46.55829536043583,22.251617153768915,96.27458708065957
751,51.25000000000001,42.67997533485121,20.27267580674129,88.68971569851055
752,66.88000000000001,45.24685778887915,21.448529240791498,94.27447577538501
753,97.49999999999999,53.40537150418601,25.33470629261402,111.39709361553265
754,39.419999999999995,69.94348886061705,33.25808813459437,145.9135870029511
755,54.08000000000001,33.470288061089526,15.611727241059572,70.52782740602608
756,41.790000000000006,52.40440255369076,24.692025460606345,110.00838337910255
757,60.17000000000002,39.616768517261896,18.51148588668161,83.5513198926036
758,46.21,51.49801287579611,24.18761119485242,108.42051370359829
759,69.17,45.18136670595042,21.133554567539676,95.35680632866982
760,36.67,56.100330848061226,26.342123276619834,118.24632735988179
761,36.74999999999999,42.99799562565559,20.052047858092326,90.95417149553388
762,43.379999999999995,40.172903612674986,18.687502188400774,85.10579319185476
763,49.61999999999998,43.30027960790771,20.171206513049846,91.6973515717736
764,75.0,47.66287537898393,22.24518048908306,100.87382460904828
765,71.58000000000003,60.27628081791637,28.25864206935432,127.33071958622872
766,101.92000000000002,57.67857957036237,27.234531725818524,120.94909884929321
767,52.03999999999999,70.5415003524718,33.64953295708479,146.7129945451749
768,51.07999999999999,50.7419810718987,24.199677726431265,105.240747771018
769,51.75,52.88054774753041,25.36541671072535,109.11065963516243
770,107.70999999999995,53.28728492438768,25.671279939737484,109.49748310244223
771,37.50000000000001,72.36761384283568,35.217266580975966,147.6254283977055
772,61.46000000000002,49.37188430288166,23.966357252082318,100.6298334035603
773,67.46000000000001,56.0641616870581,27.491150270492778,113.29228087077823
774,42.49999999999999,58.20894145347164,28.74654037456279,116.85231841745423
775,67.11999999999999,58.64433813535667,29.12420683011992,117.09263864327944
776,63.32999999999997,58.91777953191289,29.52748675264247,116.60353327232728
777,91.21000000000001,59.03333412727738,29.814023310523535,115.95977413006293
778,93.11999999999996,57.71998279099241,29.33048635539783,112.6821987808582
779,52.62,61.95858569478498,31.694545407977756,120.23684434897767
780,65.99999999999997,59.57703257688325,30.677062522582748,114.84334479261494
781,76.32999999999998,58.19730644879324,30.138876183660617,111.53845739722446
782,44.71000000000001,58.77452955317003,30.600694303737345,112.06695824338983
783,52.74999999999999,59.426921011152395,31.08215057605147,112.81446434621937
784,84.20999999999998,58.539624026899375,30.72588616778746,110.73736205559099
785,167.45999999999998,58.10735756554118,30.59276847737101,109.58479160771111
786,96.58,72.8444277521322,38.27323281139388,137.84773724198885
787,99.04,69.57690479302728,36.376565830927916,132.26798167322087
788,69.38000000000002,74.41741850334697,38.79629445010414,141.9225281474441
789,90.03999999999999,66.85332324369507,34.69530960357712,127.98258976725569
790,130.45999999999998,71.65237349983886,37.120495406539014,137.46534046497888
791,170.88000000000008,84.0773043296161,43.54109031759917,161.50495127942938
792,187.78999999999994,110.25912271088494,56.81388688325749,213.11105624833039
793,105.21000000000002,130.79853525754666,67.43485379095328,252.83051082562696
794,106.04000000000003,94.67079172299253,48.64389144660638,183.3711305095504
795,119.20999999999995,105.08882022361418,54.4399359053611,202.00957410288015
796,97.75,105.94021461452728,55.22128968761828,202.41421488806174
797,114.71000000000005,99.08568520094114,52.012087356777336,187.95962942800912
798,109.33,101.85845003018164,53.82764872911651,191.96579349741262
799,141.28999999999996,102.9966285082287,54.734243112805366,193.0512355965525
800,189.53999999999994,112.14611058965325,59.91639563623075,209.1575808590992
801,208.58000000000004,130.88745636350308,70.28382979329983,243.01468322441147
802,197.71000000000006,158.20907796846956,85.6152878756577,291.6449952340789
803,85.75,165.56286514239912,90.1274690435228,303.4437460585545
804,96.03999999999999,83.6390786922666,45.268702197486455,153.8297942591714
805,196.88000000000002,97.64323006292757,52.88676976928048,179.57283594673308
806,194.20999999999995,168.07817383245586,90.77760245026175,310.4858974662247
807,113.21000000000001,141.86300643153942,76.12906998650055,263.6192753293964
808,101.25000000000003,98.65436763129485,52.554556157505694,184.43693946012527
809,143.16999999999993,105.48091302369608,55.999804193989426,197.9162067955933
810,105.03999999999996,136.16105091825224,72.17937322984328,256.08274147020416
811,180.16999999999996,96.5657529030101,50.907262229823274,182.38621091948178
812,213.11999999999992,158.1014586202881,83.4426393951982,298.76886459736454
813,115.12,153.2002654010452,80.67443472784213,290.1280859057743
814,199.04000000000005,103.60390457110618,54.308933380703216,196.83380699470592
815,123.91999999999994,168.47481643517682,88.44412508634484,320.11347031468404
816,232.16999999999996,105.80544879639454,55.28069203463574,201.68769768465208
817,117.29000000000005,161.49511441843126,84.31458832226437,308.49762202589557
818,170.88000000000008,124.0006433999572,64.42589403062162,237.82227490984133
819,196.25000000000006,143.03759645681328,74.36575242823099,274.2819221543963
820,254.04000000000005,145.6250548050291,75.69870015220648,279.3034034985442
821,260.6199999999999,157.10579825633758,81.68505315259377,301.3211873147301
822,256.3800000000001,168.43920527437677,87.59467215041082,323.05610390736416
823,242.29000000000002,181.85035309819574,94.59095858700277,348.763744629723
824,212.16999999999996,188.60485423264623,98.1079931292949,361.7356342659785
825,264.46,198.5543833105768,103.29608011943556,380.8163813334323
826,280.88,215.57260813496103,112.17893493477892,413.4207101914182
827,194.42000000000002,229.88787884130193,119.64942801711729,440.85217843115186
828,171.12000000000003,210.0948772875078,109.29849241195923,403.0041367981237
829,260.83000000000004,191.50188829370168,99.57718183996887,367.44318282454145
830,180.54,207.17202290533402,107.75858024214165,397.4567564601886
831,282.5400000000001,196.17914451754496,102.01070011261048,376.43278115931645
832,293.87999999999994,213.0727375017418,110.83194755351444,408.78573604434644
833,303.5400000000001,228.61369197256374,118.94661522292031,438.5492731769623
834,301.0799999999999,245.36193796104885,128.1135609918751,469.0838859191799
835,303.0400000000001,263.50039980613434,138.002114778315,502.30501524512835
836,305.8299999999999,269.6631276727959,141.57437421753045,512.8267594276602
837,309.21000000000004,276.55385013140204,145.49551938308414,524.8600402741065
838,312.03999999999996,284.46803283574053,149.92791400030984,538.939866729624
839,308.5,293.9560867047073,155.16877415643853,556.0837931852205
840,298.0000000000001,294.55754432314956,156.96681099819764,551.9912356547301
841,316.21000000000004,290.31107364460047,155.9476124221881,539.7036164378928
842,136.50000000000003,295.14939078051975,159.64284746520337,544.9593317945298
843,262.24999999999994,215.3778835650927,116.08935145508983,398.8603452344393
844,235.57999999999993,232.39552262252468,125.0398672281291,431.1923783182489
845,243.04000000000008,230.95705270827432,124.04526475107795,429.276783436898
846,267.6199999999999,235.34518912503802,126.22253624337246,438.065672419024
847,239.99999999999994,243.71292612175682,130.56130258247836,454.18260336111905
848,269.83000000000004,243.6623537364945,130.39362073412042,454.575141330565
849,306.9200000000001,251.01588460993435,134.21987838643574,468.6942997849849
850,177.08,264.3544548621574,141.2668381051456,493.9360487167949
851,240.29,243.8080158275429,130.16498085674715,455.9128453491146
852,296.21,247.84588878673915,133.34960219914873,459.9189409751339
853,241.3300000000001,257.2641156390509,139.34165171133702,474.27125848578635
854,281.8299999999999,253.93754524757256,139.44426290305833,461.76829422159904
855,312.92000000000013,257.900157130475,143.29724909353013,463.52230921420966
856,158.61999999999995,264.7588707454202,148.59280703618364,471.13351216009653
857,229.00000000000006,249.45840882488844,141.07905637190092,440.51063607078544
858,141.62000000000003,248.47362232186924,141.45734928884474,435.8822566549622
859,271.61999999999995,217.24295221544662,123.71865516014844,380.89945305738837
860,340.04,243.7832936543864,139.6563142811833,424.9948169302014
861,349.87999999999994,259.7215799820983,149.5160337736921,450.61794769696365
862,297.29,267.89106100318025,154.84979293665626,462.92363650301854
863,343.08,271.2262657261251,157.7308931134358,465.8728203918741
864,349.9999999999999,279.19096616316654,163.20897748480587,477.09187245388523
865,354.08000000000004,286.23840887389923,169.64258840864312,482.50124257861034
866,354.4999999999999,292.70198817766607,175.50972224563134,487.70315335646546
867,261.24999999999994,298.7093730785682,180.89735064697197,492.82636960712495
868,251.83000000000004,275.3040838948275,168.09782052938624,450.47800567714955
869,274.4599999999999,265.46308525893744,164.2029249690773,428.7900646674509
870,239.71,267.16472742403795,167.875490421383,424.83042012177646
871,266.00000000000006,259.64078438970324,166.15186446915473,405.4185505978359
872,327.88000000000005,261.66378545767185,170.07531532774817,402.2859098273626
873,172.41999999999996,271.9275858305869,179.1130323683906,412.57066797341366
874,235.03999999999996,239.68720466114343,158.83336530031815,361.44203692231105
875,237.5799999999999,250.02395960953328,166.58642716182766,375.003172602999
876,344.58000000000004,251.7031881867685,168.47171698279942,375.811555678277
877,218.95999999999995,276.2502555507534,185.6495207261105,410.8291003583863
878,288.92000000000013,258.35417900938063,174.17266109197325,382.9902285569151
879,371.3299999999999,266.1009368274453,179.90639478754218,393.3636737545103
880,318.37999999999994,284.0959490827036,193.1832418562413,417.5721661992899
881,337.83,283.20714876809745,193.50535509174108,414.27752987979926
882,364.9999999999999,290.1803196688947,199.088932934407,422.7414699506353
883,370.25000000000006,303.6916467228303,209.09775393389788,440.87525970353266
884,365.61999999999995,313.89376902017335,216.77086131224047,454.3322017933205
885,365.08,318.3558609753989,220.40845774300527,459.63355925507926
886,236.58,322.4033590485603,223.6906053278325,464.4833364808085
887,202.50000000000009,277.3526891732479,192.7397435024295,398.91907787886146
888,272.0,239.50823213839593,166.65585299551657,344.01753856385443
889,247.88000000000008,282.5042908878731,196.88554133461471,405.167537101289
890,308.33000000000004,267.5378703435558,186.64663147919336,383.29993248585646
891,305.3800000000001,292.50348176472573,204.91328391364175,417.35228971504756
892,182.74999999999994,298.13190588453693,209.57622657220426,423.9287708051593
893,294.58,253.7102172857209,178.27508891539554,360.88683649381085
894,227.53999999999996,279.22986004642195,196.20863290694984,397.2015051982533
895,196.25000000000006,266.0780787513657,186.93038285071532,378.5591700900384
896,281.87999999999994,248.07143515435953,174.24185203574402,353.0055020486701
897,361.70999999999987,268.5855512238783,188.65854121551183,382.1958685483038
898,385.00000000000006,290.4038796250732,203.9928548131316,413.2399067418838
899,380.25000000000006,306.2468527713624,215.78562849265086,434.45611945907876
900,366.66999999999985,314.52045848106025,222.19027759763773,445.0461306453975
901,381.91999999999985,317.01366670678743,224.4408067777871,447.59976176354064
902,376.0400000000001,326.59808329554676,231.66242256937656,460.2713260428403
903,356.21,330.6873119334497,234.93489500487058,465.3001329047421
904,367.99999999999994,325.7123205884635,231.7048815753308,457.6966104952336
905,356.7099999999999,335.13350510478494,239.15491153923193,469.4702166192051
906,351.6700000000001,332.18390295801765,237.6725177017407,464.12063583736216
907,370.9999999999999,331.21922198639294,237.71544932859325,461.3480037327613
908,372.33000000000015,341.39864066959984,245.67467443988247,474.2690133212753
909,374.45999999999987,344.2867492535148,248.43260453848768,476.9765637722129
910,371.17,351.6245709038798,254.32276623754808,486.0074448804056
911,363.3799999999998,353.7949936339807,256.3994207378824,488.04339857051696
912,295.6699999999999,348.24062558224705,252.793201763874,479.5842461870106
913,341.5799999999998,309.93381645781744,225.27655492862215,426.2640541461351
914,372.24999999999994,329.9258555421902,240.11610425076736,453.187505254461
915,372.29000000000013,349.11321681563976,254.3579323573772,479.029202372471
916,371.04000000000013,352.476406040477,257.03570731281513,483.2181375921799
917,376.08000000000004,353.2871375892955,257.819213967143,483.9693109613996
918,299.33000000000004,359.7086078661729,262.67631635609746,492.448564462789
919,369.58000000000004,322.1120043182728,235.31983496154746,440.7799604149144
920,370.21,343.28408141545424,250.9194035044932,469.5136923443415
921,371.12000000000006,351.67105061972785,257.1561312041705,480.789331770143
922,371.3299999999999,356.7214125636285,261.14005490507924,487.1535904646607
923,368.03999999999996,358.1603480743226,262.43973265246444,488.660972284098
924,360.83000000000004,359.49473912060813,263.6278826657274,490.09132274543293
925,368.67000000000013,353.2533536187056,259.45732666626327,480.8272542238872
926,364.33000000000015,362.01316278674733,266.2563471024482,492.07923940875554
927,216.70999999999992,356.09267117683373,262.1977560644559,483.4842817618036
928,354.62000000000006,401.9628934090397,296.2949642914174,545.1885096224377
929,362.12,368.49473642749916,271.82792287485785,499.4119769304175
930,357.79,367.3393175860812,271.16545057005453,497.49770643411614
931,361.3299999999999,367.2255369917519,271.24350027291104,497.04695413092145
932,299.1200000000001,366.2971041325972,270.6946056891991,495.53971731230087
933,359.11999999999995,363.9816462107297,269.0980500305504,492.1972002597831
934,351.96000000000015,363.2680314837867,268.66858523918575,491.05286052649024
935,350.32999999999987,361.73452573377574,268.1338406698107,487.8881154144151
936,351.7899999999999,360.3655722302999,269.6663615093208,481.45772420757663
937,350.4199999999999,359.0497308323133,270.857852938441,475.85144008613855
938,306.1700000000001,357.9295524065991,271.8705766936003,471.1301400534001
939,332.9199999999999,359.3507681367905,274.54708940685316,470.2540291254674
940,343.58,358.4804914847816,275.2422828540787,466.8003034980788
941,314.25000000000006,357.19539198375037,276.5729301188406,461.2350557868172
942,131.11999999999998,356.3762880810361,277.91944586670655,456.9021404754083
943,234.49999999999997,287.44346415295007,224.54116109742145,367.888905278875
944,313.11999999999995,314.3267252125884,247.01976221890388,399.89927812097824
945,257.16999999999996,328.2640678253298,259.28322737525554,415.526364200101
946,318.24999999999994,294.1252557509424,233.2923493189405,370.75314019106975
947,306.2500000000001,324.6845375655408,258.66421423853797,407.49070527615953
948,271.61999999999995,316.35826487070864,253.39318720778772,394.90788333290567
949,207.71,304.7874081930145,245.24354709776935,378.7294999664515
950,124.16999999999996,274.7774872617776,221.55546932771367,340.7270431958304
951,301.6699999999999,187.34119453933872,150.9818754037598,232.3989198795444
952,303.5,348.76655372467735,278.2809417129892,437.0414981204132
953,304.7099999999999,300.8478908667962,237.8664911537617,380.4354570230746
954,277.8299999999999,303.3343928568939,238.00477185732282,386.52122794797026
955,268.0,290.7065703263066,226.60769108013196,372.85697630744187
956,278.96000000000004,288.0206203118264,223.27298218329366,371.4609097013888
957,290.58000000000004,290.07459835735835,223.81160804481277,375.8685369307485
958,272.9599999999999,291.91000881792326,224.33050434458588,379.7574722972804
959,122.71,281.0341668483749,215.23109599213916,366.8623137198948
960,266.24999999999994,200.89350961028433,150.4810201890052,268.08314435630194
961,199.81000000000003,301.5668856634983,221.8865084501056,409.7324437746383
962,133.38000000000005,252.06015828217775,181.99192874609628,348.9577503150777
963,151.50000000000003,210.8578592688066,148.647123730701,298.93060618213065
964,164.16999999999996,205.16261844055518,141.7502921129396,296.74387577882413
965,275.33,196.88001016270613,133.71340220832965,289.66520316544677
966,286.78999999999996,262.4516023950388,175.78900508921097,391.5965122632467
967,263.5399999999999,262.30026263230434,173.53775979300676,396.2036101784444
968,189.92,252.37698945894581,165.22120257744598,385.2317068568112
969,128.33,224.96536021877384,145.9332511724787,346.50707284672177
970,279.9999999999999,212.78014933539993,136.28202536087153,331.90557980718705
971,284.21,271.26295754493856,171.98869762616891,427.5084463223533
972,200.11999999999998,211.26598757165678,132.65494169098483,336.1132328495856
973,139.20999999999995,241.57642870674812,150.5714241763491,387.2217514540042
974,274.75000000000006,181.12343712334552,111.42594217102545,294.02929403218764
975,273.78999999999996,270.95946259264866,165.1602136764746,444.1243029675641
976,237.50000000000006,210.0454250228378,126.81818730032727,347.46505308682475
977,233.33000000000004,243.29014447352228,145.8545565229972,405.37264583308286
978,256.20999999999987,218.33782189530166,130.02225169437307,366.1825166460727
979,261.24999999999994,234.48610584017266,138.91341757167598,395.3430170330928
980,250.67000000000002,222.78547396603966,131.354628315403,377.3769332105545
981,246.54,232.47540739084906,136.54967555692662,395.2987599615456
982,196.25000000000006,226.10534617270594,132.35530486000218,385.76255372345713
983,88.67000000000003,217.49757563903358,126.94089810217507,372.15034729558135
984,229.17,163.71947500740083,94.79819420902939,282.22564606501106
985,245.49999999999991,250.96008599702085,144.69219349497857,434.73978407988056
986,243.71000000000006,209.28333627401778,119.99787116860286,364.4533843237221
987,196.08000000000004,228.06455433402428,130.25590418707344,398.7577890093317
988,238.49999999999991,207.5775347670425,118.09358263939372,364.29750004435914
989,241.07999999999996,223.6022748427326,126.85740122063946,393.55034579873103
990,118.61999999999999,212.5671360725097,120.26442295587643,375.1278081272854
991,105.03999999999996,184.14968210470693,104.15217352535726,325.007572018541
992,89.08000000000001,176.96944832044736,100.09335153455612,312.3057125389472
993,222.88000000000008,145.08103628617673,81.60620746177572,257.3300918677058
994,228.96000000000004,228.88561462497856,128.4989016429768,407.09145978088895
995,126.67000000000003,202.10618642322635,113.04140803802353,360.7293373792101
996,215.20999999999992,171.25543631761465,95.45166213348537,306.6352930020737
997,216.78999999999996,225.26703770444192,125.39672649952536,404.04824586367425
998,211.96000000000006,198.51940583459503,110.23226248487218,356.88171898421825
999,100.95999999999998,207.59193581929068,115.63595463006709,372.0461659686427
1000,91.92,158.72145835312963,88.11816461374262,285.259758254902
1001,115.67000000000006,158.23682451035268,87.68584393051214,284.91221728699213
1002,89.67000000000002,161.43222676299482,89.32534866424054,291.102147197472
1003,67.53999999999998,132.53504341880472,73.13190677420769,239.53890688626015
1004,199.1699999999999,105.01772110935224,57.37531463777729,191.54298257686202
1005,193.17,213.06887545377856,116.02003535570877,390.60373946861733
1006,192.71000000000006,179.45986187424216,97.04260827125357,331.15927566483316
1007,184.3300000000001,184.31029886635676,99.15259350062549,341.8758623781819
1008,90.70999999999995,176.84816274112706,94.85468557450818,328.9783291846315
1009,95.71000000000001,122.96714077817651,65.55954244388057,229.88878661799066
1010,190.38000000000005,139.04337546298467,73.94715050773011,260.6796886633293
1011,148.11999999999995,185.15664859756401,98.35085246127672,347.807251861114
1012,50.290000000000006,145.56418980776087,77.03713825235553,274.26716400773387
1013,80.37999999999998,102.8009038927889,53.99178853381804,194.9315733536103
1014,178.24999999999991,150.30094043155566,78.81565761151487,285.8105740216387
1015,122.87999999999994,158.85187770469082,83.02170812056218,303.1192969922743
1016,140.17000000000004,122.91178746386127,63.93062558433837,235.46978500993575
1017,90.03999999999999,160.39453076281964,83.35085708927753,307.80770461622154
1018,115.53999999999995,103.42901513753985,53.457290740497136,199.25636704116687
1019,134.33000000000007,152.87336299701764,79.08982286752048,294.630718014909
1020,64.45999999999998,123.97904724070929,63.94613032513098,239.50335518067595
1021,135.00000000000006,105.052133568271,54.03542638158016,203.36027798535738
1022,128.96,154.9215564149672,79.82112913434779,299.8066333056681
1023,62.67,110.73176763962226,56.85846063324797,214.76771596133173
1024,73.12000000000003,104.34841951122316,53.50721148542084,202.6113973007249
1025,46.83,113.47576148296791,58.187480874926656,220.40999707012114
1026,59.71000000000001,82.08543252457622,41.88378533010223,159.97434134272248
1027,45.49999999999999,111.33867075000327,56.89774316651516,216.9701013488957
1028,49.669999999999995,66.37432949381157,33.57543227935992,130.28686976534078
1029,44.21000000000001,103.97388281204071,52.6752542660994,204.29974609912256
1030,62.24999999999999,66.17723876957297,32.92398475228658,132.0262774746721
1031,23.249999999999996,64.62415109953264,31.790760662823836,130.33361716786183
1032,107.83000000000001,44.00446831824107,21.286201253477905,89.88144478150966
1033,138.45999999999998,65.90090768809483,31.398571322407513,137.14595109616704
1034,118.78999999999996,97.2810371155082,45.70141090692113,205.82806084277038
1035,55.959999999999994,104.58947550812123,48.372186542168805,224.81818061790005
1036,52.00000000000001,83.40389934592717,37.92919998113173,181.99934825915471
1037,57.12000000000001,73.19179688957037,32.823022219018625,161.74189485669717
1038,46.25,73.42993944764424,32.59744157284822,163.8880279817792
1039,81.04000000000002,64.15913361358264,28.166247720645696,144.569383279541
1040,52.580000000000005,78.44131160034046,34.305825846984064,177.75015914183717
1041,35.790000000000006,67.48021878570005,29.250016175406607,154.0260448703482
1042,109.53999999999999,56.563042647588844,24.29651192420277,129.98659169993687
1043,38.96000000000001,73.19371270356645,31.4621266229327,168.5732096877038
1044,82.24999999999999,61.687399341039196,26.325564059697697,142.8107563875992
1045,45.419999999999995,69.32973441005083,29.55976611341494,160.8556740202603
1046,53.28999999999999,62.30255666276594,26.4322317223973,145.07683839193317
1047,59.579999999999984,61.92998139040021,26.20833764594785,144.55033127449835
1048,61.829999999999984,63.40410904903696,26.791489240192124,148.25034159024324
1049,33.53999999999999,64.44294423773496,27.193035279719478,150.9091118785669
1050,86.11999999999999,57.281478759044035,24.07253321696972,134.4761697570275
1051,73.00000000000003,64.04805888461283,26.950034271565663,150.38621740298265
1052,38.57999999999999,63.116309132995795,26.521672068585342,148.3695981331845
1053,48.790000000000006,57.22917281783796,23.9730436157691,134.77185941839463
1054,76.83000000000003,70.02366315965834,29.437907526475612,164.72626499469138
1055,84.46000000000001,62.640063264947614,26.256561527623987,147.5901898616919
1056,66.16999999999999,57.67551315648498,24.11694360052646,136.0714486178437
1057,59.619999999999976,56.245561156349886,23.493775071545585,132.79131075276135
1058,74.70999999999997,57.33284418700862,23.94942108875467,135.38475613686745
1059,43.82999999999999,55.02016652825535,22.952459621127105,130.0203255738037
1060,44.620000000000005,60.34590056692976,25.222307624703962,142.51595482093344
1061,39.82999999999999,64.8765314082357,27.51171389164705,151.20822595486456
1062,38.71000000000001,69.46318578010589,29.821305302399374,160.09183247002835
1063,82.79000000000002,71.05458115057726,30.802193859755395,162.25485869562138
1064,29.38,61.90230872696491,26.975817666608727,140.43287929364183
1065,16.039999999999996,63.34753841224561,27.805190588369605,142.74512423421484
1066,53.62,53.572418174232205,23.255022951334,121.78482817182713
1067,37.17000000000001,54.219939974064616,23.393866718540412,124.00034561645535
1068,38.54,53.817702102575126,23.091194503779235,123.73356036103863
1069,71.0,52.75950211778033,22.522453459606947,121.86490747721177
1070,41.92000000000001,51.70567947756996,21.97529985616194,119.9076123743088
1071,56.330000000000005,53.00401413404721,22.46657709290412,123.28031284853422
1072,42.58,51.45411605407822,21.731611244424826,120.04000290298494
1073,33.46,52.17432765687671,21.99087796235204,121.98395591464488
1074,45.419999999999995,50.859159558245366,21.664233373153294,117.6615221352787
1075,39.62,49.22768161040957,21.15243141930306,112.8845642812082
1076,41.32999999999999,47.77222640742584,20.79892308738774,108.12144876154343
1077,23.709999999999997,48.15699289036901,21.22103722387941,107.7442465299073
1078,39.790000000000006,36.66522021020687,16.268487932823327,81.15362103515854
1079,41.790000000000006,57.51333375891569,26.150836043294788,125.10330754171426
1080,44.25000000000001,37.98282040958175,17.374936689097325,81.70288560979841
1081,44.120000000000005,57.45859257578274,27.009438384213198,121.00912417678093
1082,17.499999999999996,37.20058846754508,17.60525632501901,77.43401530052543
1083,34.379999999999995,37.59591964911442,18.01421927683911,77.34373801376148
1084,28.42,38.08905129903801,18.44545051500346,77.57642229887693
1085,41.88000000000001,35.643618519517204,17.380323089770833,72.05392683500679
1086,31.0,38.062916510519564,18.73206673746013,76.33155713542017
1087,35.790000000000006,37.343201413416296,18.484597332958852,74.4545279795398
1088,35.75,48.87835336556678,24.475402407511993,96.65695138643811
1089,34.88,33.13401713777982,16.50940330039028,65.54316574775997
1090,35.46,44.498947588987534,22.424970044483885,87.37382621084349
1091,44.08,35.00476904588013,17.64570786155645,68.52502976408616
1092,48.75000000000001,41.77530994255151,21.3685746426776,80.79900462635472
1093,37.07999999999999,39.373820945567445,20.288122162237418,75.57065312393999
1094,35.790000000000006,39.20654951986344,20.349504844934724,74.71916238969679
1095,20.289999999999996,36.34151239234275,18.94703653174676,68.90454674950057
1096,73.17000000000002,35.924572096962656,18.824767634055217,67.77377075541038
1097,32.88,30.286698993725363,15.718013276180972,57.551068105598745
1098,32.32999999999999,36.30922716841968,18.99280916881692,68.62395430032086
1099,34.75,39.197603479407526,20.59262678657675,73.83329107935039
1100,40.92,36.53021282777439,19.201188924347612,68.72445434636857
1101,41.290000000000006,36.999941282723015,19.489710728016497,69.47417880409395
1102,35.83,35.9694061147507,18.963598381992306,67.46145481018084
1103,38.96000000000001,36.07890148298939,19.047957862765877,67.57780451238212
1104,86.11999999999999,33.03446806718867,17.42159121429861,61.87974817926653
1105,40.53999999999999,28.833565160918265,14.962694700442349,54.757604020710374
1106,38.57999999999999,33.74103902378803,17.407203003178427,64.5688858456093
1107,56.17000000000001,36.290393449209816,18.59405484259011,69.96915134555438
1108,77.0,35.75520196624221,18.17658053730699,69.44764153604264
1109,53.28999999999999,37.757769431871836,19.05473867778722,73.90322937979481
1110,67.42000000000003,45.157826087874696,22.716389524162935,88.83428556812267
1111,47.58,49.51369548945395,24.799757053251746,97.90145192974518
1112,67.71000000000001,48.30630539950176,24.055420469189965,96.02937354966421
1113,81.92000000000003,52.216548520773905,25.98672337726521,103.94052934376182
1114,47.92000000000001,59.50669221174059,30.051141920978115,116.9041921138785
1115,70.75000000000001,54.57970205997709,27.812801259191247,106.21287573836305
1116,76.42,57.53045909241965,29.604623328647847,110.93781425705808
1117,95.71000000000001,61.01512198398835,31.664662363073873,116.73810217112691
1118,106.45999999999995,68.63719713858377,35.908041260242584,130.38977468689723
1119,104.41999999999997,77.70012115849366,40.932367928598374,146.70711448750305
1120,108.66999999999996,84.86565288819874,44.956145370653225,159.43361092300916
1121,109.78999999999996,91.26855614282523,48.57188736914804,170.74021213443285
1122,114.00000000000001,95.95768796656404,51.2604265725056,178.88359208624195
1123,107.53999999999996,100.5128882894859,53.86678445464971,186.8161184640073
1124,62.95999999999999,101.3381090119799,54.44261326664345,187.89961960809882
1125,28.42,83.95250381514582,45.115590229727985,155.49648781487437
1126,52.96,49.27992842809514,26.328306440887026,91.50742296097857
1127,102.25000000000003,51.58620103729333,27.61240564433078,95.64718772371185
1128,52.580000000000005,86.42537127273299,46.05108915207214,161.44460393832557
1129,92.29,59.90800897585292,31.476466827863092,113.22996156157537
1130,46.61999999999999,71.60432801015675,37.40826883278421,136.24618698010482
1131,85.82999999999998,59.25181690442611,31.07048365791278,112.19696575230118
1132,126.16999999999994,68.14132899043618,35.99518925826031,128.22013565578214
1133,117.45999999999998,84.52044118237103,44.734357479284625,158.9179755250775
1134,109.37999999999998,88.88777668570854,47.04781461394108,167.161912511947
1135,126.20999999999995,88.44890622894219,46.79454522437945,166.40627592524564
1136,138.12,95.03700221342245,50.297671014441235,178.79579992129544
1137,135.17000000000002,107.21211590494804,56.78462943370575,201.64665782896844
1138,143.54000000000002,109.01166133946441,57.73148052226518,205.0660743275646
1139,137.12000000000003,115.11792346193886,60.978762564318394,216.54826316708625
1140,106.04000000000003,115.08292386451586,60.94933964875075,216.5204011752
1141,63.620000000000005,101.04641706859717,53.45052869553883,190.24646694920452
1142,138.04000000000002,73.81776368810279,38.91670280918268,139.23447252264194
1143,47.46,102.8323967369769,54.33059306012051,193.85001001942072
1144,147.92,73.66353170985357,38.47736112109748,140.21113491573055
1145,72.28999999999999,97.14565365888299,50.56616090091701,185.80020315334573
1146,124.62,86.62602427341614,44.79234203451863,166.67694747251267
1147,84.82999999999997,97.06097609169046,50.01196792829312,187.50390256600406
1148,98.67,92.89912609525722,47.65764847276203,180.2057540427317
1149,151.75000000000003,94.72286065197636,48.43925071243003,184.33586005772443
1150,79.17,105.86258887640142,54.038114924758894,206.485538285209
1151,175.99999999999994,95.53411793924644,48.600161794347876,186.87914372025813
1152,110.12000000000002,108.7424921305858,55.27257901930897,213.019239724186
1153,85.25000000000003,105.11402890108727,53.67156481967775,204.96057871692642
1154,69.08000000000001,97.76022368091654,50.08900678687796,189.91351339423267
1155,105.33,89.88648279372454,46.17782140554732,174.08974574317048
1156,141.58000000000004,92.36663266059287,47.60707555413691,178.34278075769086
1157,102.87999999999997,101.48302886153637,52.67654740960523,194.66778623982555
1158,110.04,101.39507634182473,52.90670610954904,193.4980952414535
1159,163.67000000000002,99.33054237863627,52.050968543718206,188.74616317694503
1160,195.54000000000005,96.28535316818687,50.632075986193215,182.3054309803407
1161,140.58000000000004,102.86193017624507,54.100139316262236,194.77628430335827
1162,47.74999999999999,108.6051265735876,57.126975867102054,205.6731253777694
1163,94.54000000000002,128.18754808195678,67.04959852188169,244.25379931611684
1164,192.5,105.28027366970532,54.66175801590091,201.93100638468283
1165,123.20999999999997,99.05401647587638,51.14506628455659,190.9799307249086
1166,180.99999999999997,98.32437240927396,50.549896977065266,190.3744067982379
1167,124.96000000000002,106.55487832243699,54.624531930858865,206.96672707885944
1168,36.5,114.43062781617182,58.51849698666767,222.8670415521455
1169,35.50000000000001,108.12364909696932,54.998102861852,211.64953960343266
1170,88.45999999999997,94.07270112533496,47.39628311863516,185.7667911006752
1171,116.29000000000006,120.6500697525607,60.50281853382601,239.61888257468567
1172,128.46000000000004,114.79127611106227,57.20107490635905,229.3672164990091
1173,77.16999999999997,104.59231903232957,51.81279180115919,210.11812987664365
1174,140.5,97.87134361969142,48.44067424070969,196.72267954052023
1175,140.91999999999996,126.17573623225054,62.58274704778179,253.37195838771513
1176,226.03999999999996,97.07784967193128,48.027401843163425,195.201802148145
1177,122.17000000000006,143.48575294127264,70.92877840683771,289.23338454225643
1178,230.08,100.33452974554224,49.27051957399297,203.26856546878818
1179,182.46,146.55105762815458,71.37384255113295,299.8174478480303
1180,169.04000000000005,124.91519079595571,60.16997616523275,258.18982264036333
1181,198.83000000000004,132.51609490392343,63.33414773511235,276.0930870459655
1182,145.54000000000005,142.70586136679646,67.7642954572315,299.3211834551146
1183,156.08000000000007,123.17582864496924,58.0689266853321,260.04480451807063
1184,120.83000000000006,136.29537067485137,63.982494602815834,289.0784114854221
1185,88.08000000000003,114.53084567287445,53.4482767972396,244.13863591301413
1186,229.24999999999997,103.19668966352643,47.92873135732702,220.8931461261242
1187,225.17000000000002,173.7423068740992,80.53832054623906,373.48494900463425
1188,45.17,146.6036874537273,67.50567003285548,317.0298585429292
1189,144.71000000000006,74.27589453406053,33.69250926647937,162.33382674565013
1190,213.58000000000007,163.94696926537324,74.5669742722045,359.04488643181804
1191,273.58,128.37866903441156,57.97216765203357,282.84305118108693
1192,277.0400000000001,168.15287315943203,75.76990494391444,371.707176321169
1193,101.29000000000002,154.51984686634327,69.32432521500625,342.92683748311043
1194,88.70999999999998,105.39517276045981,46.96103958283412,235.02350752171026
1195,112.92,122.24170872768353,54.40822641724519,273.1202841567932
1196,127.32999999999993,128.59262803791,57.13253042490496,287.89589217979676
1197,194.11999999999995,130.72574309699485,57.97644921005577,293.2135653615603
1198,187.11999999999995,156.9513683295817,69.6033057003122,352.36355018681314
1199,130.82999999999996,143.19653633696396,63.365937390787494,322.03795974162813
1200,203.75000000000003,126.17391766901325,55.70077604377888,284.2378126676356
1201,151.42000000000004,156.97546539719517,69.3634016269032,353.67653766640063
1202,268.5000000000001,136.64493213774188,60.25601001728612,308.29417926268894
1203,99.49999999999999,123.62246576514615,54.42062516789985,279.2342796807818
1204,191.53999999999994,142.95545524171055,62.97890739813374,322.90633001733045
1205,173.07999999999993,135.58685382761902,59.67239838148557,306.48691556950723
1206,170.50000000000006,138.87669425808423,61.10622831971607,314.0326485106867
1207,173.46000000000006,137.3004023082154,60.383216670402746,310.59985279553996
1208,301.41999999999996,135.74892895542925,59.67518044474495,307.20294943311796
1209,284.8799999999999,123.53379732575453,54.240318749384976,279.7490439498012
1210,154.66999999999996,168.73604243539663,74.13924310240657,382.4257960566018
1211,110.66999999999996,159.09747924206465,69.75098120277194,361.2734614266964
1212,152.92,152.82071755394776,66.87811152433498,347.57795270760795
1213,211.25000000000006,162.45697248093478,71.04108946571421,369.8742059675373
1214,293.42,165.1905414670491,72.16876785601599,376.47384413334873
1215,168.54000000000005,178.37211898902996,77.90156228786402,406.7784537805471
1216,260.03999999999996,155.84093886111165,67.93815219523621,355.8282485026458
1217,186.61999999999998,181.68040249934984,79.52668538034366,413.42323497733963
1218,115.67000000000006,158.89739556335,69.75951989552647,360.3249092940611
1219,257.4600000000001,160.35467497424426,70.64177231247794,362.4099254620115
1220,128.99999999999997,162.34635158089844,71.73095590542017,365.8593412891201
1221,81.45999999999997,167.37857867655734,74.15156366372008,376.2555669500249
1222,102.04000000000002,151.90167212765155,67.38306200826258,340.88175628355197
1223,162.42,153.92437608967444,68.40782285298306,344.8048577263986
1224,170.70999999999998,166.66529856462594,74.22658666625723,372.6930464156577
1225,195.08000000000007,163.54656391753377,73.23651084808736,363.7204237881367
1226,289.88,170.07557563728253,76.54561118438974,376.4146870805645
1227,101.62000000000005,184.7055983208302,84.01155871160965,404.6691792311279
1228,268.78999999999996,186.56512085588096,85.58571913059329,405.3103582776719
1229,151.91999999999993,172.592042927307,79.70845335021156,372.371017741068
1230,110.70999999999995,186.42400468262895,86.66882660736283,399.6869818002552
1231,166.96,187.150770133166,87.46309617618289,399.174918490299
1232,295.25000000000006,185.8297231622003,87.22726911077763,394.62989774779794
1233,179.53999999999996,176.93862813795488,83.34177294559738,374.4030094202584
1234,129.46,171.6346348176351,81.08687014377806,362.0631437941014
1235,221.75000000000006,172.79398790603787,82.37154415498074,361.2860838002074
1236,352.75,174.59578842056652,83.87092244792542,362.3032376896719
1237,338.33000000000004,196.45642513036717,95.10640233927386,404.6861861047048
1238,290.38,193.77758305623414,94.36759092845752,396.811316107257
1239,204.88000000000002,199.22514917599574,97.53128271257481,405.8769761122104
1240,243.96000000000004,184.51425083395867,91.56488437625259,370.799062834612
1241,161.25000000000003,200.48579682665465,100.72433921129661,398.08370639348095
1242,164.03999999999994,171.62315374169955,87.02868674789096,337.51184549727907
1243,127.99999999999997,182.81781542845337,93.53786762819227,356.4122213310075
1244,152.58000000000007,169.01935039053208,87.07560316610834,327.2018909674845
1245,170.29000000000005,173.41262526217872,89.90827220358656,333.6204158706368
1246,212.04000000000005,177.9747215638343,92.7745868255682,340.58455977454986
1247,220.45999999999995,188.1149617028564,98.52842588085065,358.33923824624617
1248,214.37999999999994,189.04839293761916,99.39776916381227,358.7529303588384
1249,116.00000000000003,188.98088311837205,99.68449272694532,357.4736335546671
1250,204.3799999999999,157.27271663123437,83.1090330780756,296.83070751244645
1251,127.67000000000002,194.16737462533348,103.55835119983539,363.297099954702
1252,131.45999999999998,161.4340130044144,86.62260572456351,300.11873942276213
1253,291.50000000000006,158.97873494755027,85.80424817886862,293.8380542698932
1254,283.62,193.45468348997431,104.75117343901776,356.56221611092604
1255,120.92000000000003,197.57355547594835,107.20019791780709,363.4305435033783
1256,154.12,176.68233776692077,95.97611468189433,324.55452709029294
1257,242.61999999999998,189.23920988053297,103.25523850052329,346.1380191201406
1258,130.28999999999996,196.74311426335348,108.19743709147087,357.088433942044
1259,100.28999999999998,160.68037482069835,88.86376763129607,289.89080383780583
1260,92.00000000000003,158.2170875476166,87.98376857589803,283.88432635355565
1261,187.5,139.11455750098202,77.67542762571874,248.5326662486208
1262,245.37999999999988,205.94952184495983,115.66747618368376,366.0954921869402
1263,92.25000000000001,196.57154265029428,110.95589329162821,347.6597562447028
1264,66.54000000000002,129.85535814281408,73.27337448089374,229.54189841729803
1265,90.12000000000005,126.13112251712388,70.8368290900184,223.9865774589108
1266,131.21,135.98118736880423,76.1084160380229,242.34367967972287
1267,308.5,159.77680616284428,89.21068867367183,285.5423352817052
1268,283.28999999999996,255.98419672282944,142.3076823138451,459.8327781105817
1269,343.7100000000001,187.18146850982043,103.39245099883672,338.2224701277217
1270,385.9199999999999,240.96799892275664,132.9338003959871,436.14515924717523
1271,382.4999999999999,234.25052582411047,128.97112486286576,424.80850137992877
1272,382.54000000000013,257.16210177750395,141.40170071591803,467.0258062867943
1273,361.74999999999994,261.3079961863707,143.4922883179554,475.1879382234057
1274,275.6199999999999,260.4047590452603,142.82868595560473,474.0961019876286
1275,259.67000000000013,214.32753976175272,117.36018958134353,390.73601819878803
1276,359.24999999999983,228.16773634870196,124.86282985052122,416.26259806457614
1277,378.2500000000001,295.6469411374177,161.80815075557408,539.5098410478304
1278,330.54,278.9001525763082,152.52454474258315,509.3033885793396
1279,130.92,260.55664561355945,142.38974552246722,476.1044025173886
1280,290.08000000000004,113.38615922261467,61.528958921843355,208.25014021192393
1281,212.12000000000003,375.5637050616861,203.22021927993757,693.3495823761212
1282,113.95999999999998,174.6464547109128,93.61703702198807,325.0689408963748
1283,224.50000000000003,144.29273759945738,76.81854145587927,270.27184863922804
1284,275.0400000000001,253.52741126283098,134.66148944243088,476.5430621499261
1285,308.04,226.81238892449144,120.58760140403072,425.8402694698053
1286,304.16999999999996,273.6415541705132,145.75051816417923,512.9878497247198
1287,368.9999999999999,255.3603394235568,136.11673373849752,478.30418000402835
1288,360.83000000000004,307.1429612383961,163.95070096409134,574.6391697992123
1289,337.7899999999999,293.653392792774,156.84153950754927,549.0492592454746
1290,369.91999999999996,288.01989414579685,153.91709900832444,538.2077423781284
1291,366.78999999999985,316.50615939378343,169.27318728915247,591.0495343861628
1292,355.92,307.0728723412511,164.28623509302182,573.2093079872914
1293,144.71000000000006,314.40585859092863,168.2831518840034,586.6595191330523
1294,205.66999999999993,157.23335875431772,83.4868557782149,295.35137432974113
1295,357.12000000000006,212.32913576420233,112.4034658176474,400.3044913378607
1296,359.50000000000006,325.7915630114616,172.0689997948321,616.0528851618345
1297,351.96000000000015,311.2682889233132,163.85145408316754,590.5112172313583
1298,250.08000000000004,270.5048659247227,141.94418701414403,514.6900309175056
1299,347.53999999999996,274.2959310969054,143.60691446091477,523.0956143836156
1300,350.46,327.841088510636,171.3953993113935,626.258395089394
1301,349.12,287.34703056018907,149.91515579711862,549.9321419291546
1302,348.4600000000001,322.74289507396605,168.20131378123435,618.4364557144302
1303,338.2899999999999,292.8576723007448,152.39765262704756,561.9312449777735
1304,342.7500000000001,311.70443816391844,162.06929385796425,598.6473237480457
1305,344.6700000000001,297.4643015645335,154.50828618372648,571.8372519208361
1306,344.00000000000017,305.29602636408777,158.4711222072481,587.3024742530209
1307,335.71,301.4486038444165,156.3692540825896,580.2771910288734
1308,263.08000000000004,311.7857195607313,161.66109494267317,600.4646980927093
1309,340.28999999999996,257.8240908045002,133.53790887026304,496.9259046264467
1310,343.6699999999999,359.337427711849,186.23286001675248,692.4843691346402
1311,232.96000000000004,254.81835478028145,131.8807932201969,491.4942804491258
1312,313.37999999999994,258.1372451645282,134.30972356182852,495.2844506941606
1313,334.2099999999999,310.23763511730294,163.22317259672772,588.8611260621913
1314,330.49999999999994,306.65083983512136,162.78047405480615,576.9018518384731
1315,313.32999999999987,323.4460935449495,173.03195657368875,603.861714417413
1316,195.58000000000004,307.97094621904944,166.97078611987192,567.3312426683993
1317,270.5800000000001,259.433731712008,142.20842074951517,472.615505697641
1318,321.17000000000013,349.3058902087986,194.55520719129748,626.5169987927575
1319,315.8800000000001,284.299540935839,160.3210527864015,503.55800189931375
1320,281.3800000000001,339.8074320128178,194.56413134832562,592.9213132509121
1321,316.75,280.38803389397754,162.49987212075453,483.27698805929094
1322,312.61999999999995,335.66547958345836,196.70938223425998,572.2840994306608
1323,310.1700000000001,288.69136455971653,170.66770652234717,487.8577380134451
1324,307.62000000000006,321.6606028169479,191.67914298444367,539.3276296417912
1325,165.28999999999994,298.7245494731196,179.15819231797852,497.64402168460066
1326,183.21000000000004,282.0788012190818,168.53209109431535,471.67515655812866
1327,235.83000000000004,293.4049213622021,174.7683101661328,492.11652163215075
1328,294.5400000000001,272.2524659211286,163.2163988517431,453.6860767503974
1329,291.6700000000001,319.6561325027873,193.61769209450617,527.3196723025345
1330,286.54000000000013,272.8804711911669,166.8995047459817,445.75839046327405
1331,239.49999999999994,311.3958535735875,192.14672705473453,504.2695990148185
1332,277.50000000000006,263.42821604039284,164.8379780312901,420.6300890083924
1333,270.00000000000006,300.1207630966645,190.1533404701344,473.3506639481633
1334,190.4600000000001,276.54276553121974,177.01079630943588,431.72648791939855
1335,265.4200000000001,266.7306905189695,172.14858365531987,412.9781055815867
1336,283.62,288.3253393734015,187.43907216923589,443.2239660804279
1337,276.79,274.6593209207642,179.61811833947692,419.71117731209614
1338,271.57999999999987,280.8144948827276,184.5946625090905,426.91860742286656
1339,277.08000000000004,270.2943890680309,178.4421492308021,409.16364246244905
1340,267.38,279.53204000686543,185.2367530570225,421.5708630471962
1341,136.82999999999996,266.2707386279092,176.98922645052292,400.33691881943844
1342,206.88000000000002,203.25271795454734,135.38468949437367,304.8933737099642
1343,257.8799999999999,304.6384943591495,203.54458127256711,455.6969638254424
1344,266.3300000000001,258.2659322744389,175.04333102792162,380.8311278572239
1345,241.45999999999998,265.82049556824336,182.41860117065684,387.14589360565026
1346,267.45999999999987,248.08011848889365,172.02577816002173,357.5645219237979
1347,251.25000000000006,265.77372038082717,185.97356822559018,379.63250630142977
1348,253.67000000000007,249.3470523768339,175.79308042871727,353.5028260257003
1349,147.75000000000003,258.74620178228133,183.6140520927664,364.4547883842542
1350,170.96000000000004,202.03541072557542,142.28536144537085,286.70125288911646
1351,113.75,228.88677258789636,160.25802318515207,326.7227834437771
1352,73.08,162.39696868315474,112.21939559900432,234.8126823906013
1353,70.71,95.54937429239281,64.7371545695802,140.80385106851287
1354,97.87999999999995,85.69108712783813,57.15175128572535,128.2367713997159
1355,192.91999999999996,118.50698032085403,78.15520837964188,179.42929376056313
1356,184.70999999999998,218.27327480915918,142.19925642523896,334.76130383494626
1357,219.25000000000006,186.09920500969875,119.730086902233,288.9535104584921
1358,234.08000000000007,219.63173378243363,139.9229685985551,344.4253230395103
1359,200.91999999999993,228.55781140810157,144.3585493403321,361.5296827577512
1360,106.12000000000003,201.24245880087767,126.12188834359267,320.7542838198902
1361,205.66999999999993,117.62135465103762,72.4218741272092,190.64623549200175
1362,196.32999999999993,209.94334458241434,127.8682151994845,344.2914634903176
1363,216.32999999999996,196.60402018244116,118.38384208947714,326.0739834541174
1364,214.62000000000003,211.4860426690726,126.1670231702156,354.0473794509472
1365,208.99999999999994,208.97438313153089,123.65812312870361,352.6812561019138
1366,70.82999999999997,203.06756155960184,119.32666831384088,345.0876151932125
1367,29.88,94.60112293183262,54.74138351898543,162.9639013034983
1368,193.17,40.915592806376495,23.060830836412947,72.01979438096107
1369,198.25,279.035016076326,156.9534199779902,495.473012358931
1370,198.07999999999993,163.14576138036216,90.21595312780644,294.38507306267667
1371,194.62,189.24027374638064,103.38530361385281,345.7093594801304
1372,183.21000000000004,177.05241603576044,95.6509597782199,327.01187829813614
1373,189.66999999999996,172.03039363013588,92.06875165431615,320.69247559055754
1374,182.00000000000009,178.3071523178143,94.69710949822263,334.96683369962176
1375,160.96,172.4102851128272,90.93964364373595,326.07465236037854
1376,176.5,161.14575820396237,84.48527222453481,306.55294121871066
1377,179.28999999999996,171.95369809332917,89.74853893657182,328.624939802788
1378,157.00000000000003,167.7190843449085,87.16769121866217,321.86350054904256
1379,170.16999999999993,155.1076186954472,80.2960616111112,298.7634587926017
1380,174.04,165.37162055996782,85.38727631623952,319.4119554183302
1381,173.49999999999994,159.9462574522276,82.36193263362226,309.7377308744282
1382,168.42000000000002,162.24038418763791,83.37104041259576,314.83613167995765
1383,162.33000000000007,158.79656125546822,81.44233697421046,308.7309213476132
1384,166.83,157.3417612614259,80.56669104321898,306.3817637898988
1385,163.37999999999994,162.84229461301265,83.29032467346069,317.47424491543484
1386,160.88,163.0250290173008,83.2909620146285,318.18262054545306
1387,151.79,166.35337228870517,84.92047319796309,324.9659796318012
1388,109.88,156.89839735291426,80.00139963781072,306.7959639969087
1389,37.33,154.69517059237003,78.81686404608419,302.70757402584854
1390,44.79,85.03721356049184,42.7409847807099,168.23263512160787
1391,77.74999999999999,106.01911799293481,53.02426697335231,210.99901928581448
1392,24.499999999999996,111.96645061568533,55.68439299871888,224.13108617030605
1393,35.71000000000001,37.835489703717236,17.975254874329117,78.48221357321039
1394,65.67,88.11666885326889,41.569237342786955,185.56149753288597
1395,62.24999999999999,91.74594959125417,42.459352992429174,196.92773185284048
1396,67.42000000000003,80.18818548185901,36.426982290695875,175.1168295814049
1397,87.53999999999999,89.6957257659173,40.233188391870684,198.4925688023731
1398,24.17,86.77041089012666,38.43493528602746,194.35077138953005
1399,21.33,41.22309319898418,17.218121273611587,96.85803774796597
1400,71.91999999999997,26.04030298677399,10.272560036941412,63.863525518638895
1401,43.53999999999999,57.21095800893816,22.567558387376476,142.7788156338399
1402,43.67000000000001,50.50503877770559,19.340591534222632,129.41749621832417
1403,9.420000000000002,48.99646949680589,18.331992183964225,128.30105383647341
1404,37.75,21.24120921511598,7.326292389250289,58.41076342565248
1405,34.080000000000005,31.346137522674702,10.78089490351645,87.81096225750095
1406,37.07999999999999,34.3791976216081,11.588008697877665,98.43491892882423
1407,54.41999999999999,37.58448901949705,12.45851150722428,109.61868112952523
1408,96.17,47.64342457294056,15.683123235490605,140.83092223101798
1409,66.33000000000001,73.22496900743592,24.09411235851898,218.5473561863009
1410,41.21,70.15328157203659,22.764028021857428,212.04424796221093
1411,105.91999999999996,54.842955126045844,17.45828408155079,167.94504513160422
1412,85.20999999999995,76.89343903528054,24.520956773984913,236.7413941991324
1413,105.66999999999999,79.87272698448761,25.2993690829435,247.69029934825542
1414,103.83000000000003,88.69118384180662,27.981982675160328,276.5692936232235
1415,106.33000000000001,90.35804563881983,28.361278756226277,283.26188696481057
1416,87.38000000000001,90.71038878914544,28.767603212396605,281.5486268358203
1417,101.75000000000003,80.14850745209765,26.73103913601072,236.46244161301397
1418,95.07999999999998,81.72526661071737,28.5345267075582,230.71083131198282
1419,89.88000000000002,79.8439891238823,28.956762270615975,217.1727957921939
1420,39.88000000000001,78.53109257733608,29.41697983753624,206.9494650793423
1421,10.039999999999997,58.03115592467916,22.191702502459425,149.25534970682907
1422,63.959999999999994,25.64706452837168,9.259221548037935,68.21246847573963
1423,81.04000000000002,59.245390929246,21.799246763642703,158.19416837952497
1424,20.210000000000004,60.617956842780195,21.98030866556788,164.21852080984215
1425,30.539999999999992,37.315348332981344,13.00330798756116,103.83707986582513
1426,26.119999999999997,50.16854855411034,17.381835035734518,141.43520062303324
1427,37.580000000000005,40.65398463977187,13.746570691607825,116.65816423731374
1428,29.959999999999997,47.872294304867495,16.088290657787898,138.7741411621552
1429,15.579999999999998,38.61942534475702,12.707405672085514,113.51465741948475
1430,26.829999999999995,28.135603934637512,8.990118452950107,83.97230744900601
1431,33.61999999999999,30.19681944359069,9.615526126407724,90.68095220216294
1432,62.04,35.46293863732007,11.327209397713736,106.8545720425219
1433,20.38,45.711329437505206,14.705072717074495,137.932709012352
1434,41.04,33.748563900034036,10.628361083498932,102.83773641396311
1435,19.420000000000005,36.982291541633614,11.659954570266903,112.95415858299062
1436,81.38,31.07271991621139,9.65407406157138,95.5507989600013
1437,31.540000000000006,44.94618220636577,14.218748687696893,137.71387869405933
1438,52.38000000000002,40.74091381971585,13.014959790435793,123.31743740670188
1439,14.46,44.79090356658709,14.553367969582274,133.8136849552588
1440,24.880000000000003,33.58616654409865,10.76082380826963,100.71081003483941
1441,30.750000000000007,31.710916023721488,10.230977051274088,94.27256820363405
1442,39.71000000000001,32.659068176675085,10.651665629462306,96.23355497409202
1443,52.62,35.40034814298641,11.688736793929994,103.42216324988773
1444,55.20999999999998,41.07354842208694,13.753493874878853,118.9840181477169
1445,76.11999999999999,45.54843536828072,15.405058439353361,131.07858071613273
1446,61.24999999999997,52.50662511739411,17.938220327878312,150.17359930800282
1447,14.670000000000002,51.571803593089676,17.833894451785053,145.74578006719412
1448,20.04,32.89874832339879,11.16641553820012,93.45059099659292
1449,8.92,34.28617088270652,11.749029931132396,96.66341927891075
1450,14.170000000000002,29.088927530610984,9.783141189317694,82.959167745966
1451,49.58,29.682804475573032,9.920177943362388,85.21054486190646
1452,13.71,34.46730604840353,11.723398747338733,97.86743497638432
1453,5.039999999999999,39.69356991306726,13.69687357332382,111.67475521293349
1454,15.879999999999999,18.676095994785154,6.049041897311327,53.922180806396995
1455,16.829999999999995,22.69834505238817,7.431937343262092,65.60528124901577
1456,11.789999999999997,22.019895648601704,7.142882473838316,64.07715141106843
1457,26.38,18.99588876324742,6.038193012331807,55.8094064387836
1458,13.830000000000002,23.770539199412568,7.682098695967106,69.67180801741479
1459,16.880000000000003,20.602956916265327,6.544768797241856,60.855805004471854
1460,34.25,20.31872805649005,6.422855090729521,60.22821480297936
