step,true_value,prediction,lower_bound,upper_bound
80,229.67,171.96453893296942,128.69493964665844,229.67
81,133.58000000000007,180.32619587216993,134.9648062838652,240.82132279751778
82,133.42000000000002,130.46023999954878,97.46764479589476,174.50734291005875
83,153.82999999999996,133.32937605151275,99.57114445207161,178.41907063599135
84,104.29,144.32572508279299,107.81223678821083,193.091831895213
85,219.92000000000007,117.2816453608087,87.47359737910388,157.13246034646343
86,97.57999999999997,175.45463325798787,130.5943645029357,235.60768237165954
87,141.37999999999997,121.87885843571017,89.5338077719285,165.7798386267043
88,221.71000000000006,138.01994556757555,101.20555816692385,188.09485562465423
89,185.67,172.0180534368826,124.23111723180301,238.0400044078324
90,193.70999999999998,164.43468497235048,117.9595043243643,229.06682103579868
91,254.42000000000007,171.23571287213224,122.98998045818482,238.2543387695431
92,102.92,199.12964371045192,142.12598203822424,278.83650292772063
93,130.21000000000006,139.85059974567767,98.38551457459495,198.61552278150938
94,90.50000000000003,139.12016302372206,97.08614085628336,199.16752534450148
95,132.5,119.41193050085809,82.49625281820202,172.64890659838952
96,145.17000000000002,124.3220063416773,85.3295233100922,180.92623648678676
97,114.91999999999996,136.05688821192487,93.02100324187396,198.79142913431508
98,123.17,133.22155211821374,90.938107354336,194.9516632596062
99,189.62000000000006,136.05632726482835,93.06373558201682,198.69903095061596
100,214.42,157.46361361035332,108.20185284630806,228.94771777171638
101,226.83000000000007,170.27414391555533,117.78368198953193,245.96012013326506
102,138.99999999999994,180.41832997897993,125.54503773298019,259.0861404127928
103,159.42000000000004,160.2130465613841,112.04136700648418,228.91270425907177
104,185.07999999999998,160.04320814422871,112.46476834922147,227.57240416305248
105,227.07999999999993,170.1461083119363,120.14416869906967,240.78621806454294
106,239.20999999999998,183.91379299872693,130.49707185753803,259.0294467257822
107,155.45999999999998,194.11742333213314,138.3956989745322,272.1132249261611
108,136.33000000000007,169.05549681619314,121.0409766892291,235.96034546693818
109,238.66999999999993,156.5726387539162,112.56321381468791,217.63714181590777
110,267.58000000000004,176.21704068383622,127.02606461412546,244.30848154549437
111,198.29000000000005,185.44636760639074,133.75180749642197,256.972406006802
112,192.20999999999998,174.05764620387296,125.65382239712504,240.96016286308293
113,294.17,173.24739041386815,125.26660759488152,239.46067004079214
114,312.4199999999999,198.43325772019884,143.4968776562952,274.2559427581407
115,238.79000000000002,223.1513557840171,161.256510299167,308.6567910105668
116,220.37999999999994,215.07143756537332,155.33893612053757,297.6259679774933
117,264.0799999999999,193.88491165572995,140.00509737358905,268.3528780057814
118,322.45999999999987,219.99848503394412,158.96664886130586,304.3157063360371
119,269.03999999999996,252.23687905190167,182.2017062442197,349.0454129311409
120,185.45999999999998,232.95296033053478,168.2303630900162,322.4288850299692
121,173.61999999999995,183.22471213466181,132.29131752211305,253.62081996052422
122,264.1699999999999,179.89380289809952,129.99427311849172,248.80151534820968
123,207.92,242.0143438541657,174.91144242417394,334.7142122481689
124,267.58000000000004,177.43139585724728,128.163888501847,245.491208934999
125,313.5000000000001,266.8600545675605,192.74759893764428,369.3220541898338
126,310.45999999999987,251.565053854101,181.62512359182946,348.2898741078734
127,236.33000000000007,261.86770828769505,189.0875560400129,362.51370652521564
128,317.88,207.13704195388024,149.5862791538172,286.6824401050563
129,312.66999999999996,291.96909425567316,210.78818709392328,404.2675995140628
130,272.83000000000004,247.7616417259519,178.70520398371173,343.3548268073517
131,281.42,246.64875938174418,177.79530644742943,342.0174384434955
132,286.67000000000013,253.8567804431335,182.90666117161996,352.17904269507113
133,193.79000000000005,257.5480636093404,185.53143010090682,357.3691025152042
134,259.7900000000001,192.2320554853954,138.80481105570692,266.0768408122443
135,190.92000000000004,271.08962368182824,196.37047321977866,374.09543402108045
136,95.71000000000001,204.80560390178087,148.59107752166682,282.144872669574
137,79.45999999999998,150.76931789726927,109.504261088007,207.44377970780573
138,256.04,122.77321790462601,88.9802346587922,169.25749631082002
139,172.45999999999992,314.2638918830245,227.2194633518331,434.5076471808425
140,213.11999999999992,176.89662424535692,127.31589603047823,245.63513950272153
141,276.96000000000004,236.56912430051034,170.33279150017896,328.4120659958569
142,291.82999999999987,250.61615172391436,180.4412749378295,347.9321149779463
143,174.42,254.6580973565608,183.89335879619262,352.5068169540044
144,105.29,195.4964116378112,141.03055120060478,270.84883435396915
145,200.83,156.22372746901178,112.26017765210922,217.25235481422317
146,318.87999999999994,241.9895773842071,173.54161782097967,337.2799784628705
147,269.9200000000001,261.8497797885531,187.34684078366342,365.82328435892464
148,310.8800000000001,232.8382645972402,166.26683012300992,325.9048259576414
149,250.75000000000006,266.7633428228989,190.25040553471896,373.8865659094125
150,259.25000000000006,225.8518638216968,160.82553146972597,317.00771888090503
151,258.0400000000001,244.2836967676464,173.78686903843322,343.214026093536
152,336.83000000000004,235.62167353291662,167.46114834343038,331.3604103147599
153,305.20999999999987,276.41342809910026,196.040342839464,389.57082920524226
154,355.53999999999996,253.418399832488,179.3479733461132,357.91017222078887
155,248.54,291.0947963398786,205.70519072826923,411.75872051512437
156,173.57999999999998,228.43018202128582,161.12619989346226,323.67428741875415
157,217.79,201.36999971904024,141.8294001088546,285.73100044579303
158,104.75000000000003,237.64431042985305,167.44516975131344,337.0987830320139
159,316.1200000000001,147.22584654701942,103.63139442958277,208.98383615509428
160,228.53999999999994,269.8507263628058,189.98822515291803,383.1080564653787
161,331.0800000000001,223.91892473858425,157.45659673776714,318.2579150824554
162,343.95999999999987,255.2542063195316,179.3939237557854,363.01568794163484
163,331.5,260.8368735402735,183.41056214358466,370.77126704903435
164,316.41999999999996,260.892906477822,183.52371559839867,370.70232693925027
165,217.49999999999994,258.04218949960887,181.57714335539055,366.53152507230345
166,309.66999999999996,223.91645728829803,157.57052795977822,318.0215319958474
167,280.71000000000004,256.00180070787235,180.5588745347798,362.793429191126
168,286.03999999999996,251.64654019350857,177.7897993507032,356.0129532196888
169,319.71,251.8185500631769,178.17366370241803,355.7333386797543
170,234.79000000000005,269.169563718517,190.70883898127613,379.7419289988124
171,161.16999999999996,246.1402375409162,174.95742604220516,346.119745870403
172,192.0399999999999,221.8828795912396,157.77477025665914,311.8757669406833
173,113.25000000000003,230.84994667160467,164.62097926658777,323.5627335960952
174,187.16999999999993,184.77056867457364,131.71171747859574,259.0426310603696
175,282.25,204.48698230308736,145.80372750190347,286.6282545038364
176,305.2500000000001,249.30127056619017,177.82703292821537,349.3425909448397
177,138.57999999999996,266.39110176831286,190.4226061208525,372.50866103940103
178,202.03999999999996,215.12822830011822,153.68246687689768,300.98258413684846
179,298.91999999999996,225.52300217867065,161.0849640472395,315.57884380369177
180,367.20999999999987,255.858833816791,182.75561853559807,358.0445888703019
181,348.9999999999999,277.61187766496636,197.93012149966853,389.21027982495605
182,202.61999999999992,280.40281055130293,199.5907635878907,393.77162542170464
183,177.24999999999997,235.7396256496035,167.51664360594438,331.58228477283427
184,197.1200000000001,222.5778635148607,158.2398221567091,312.91055564403376
185,230.16999999999996,227.64372082019688,162.2360126808176,319.25991208646747
186,266.24999999999994,237.17220085261474,169.40052895697056,331.89801156252673
187,319.2899999999999,244.22434758699103,174.8745315177111,340.9197773010677
188,261.91999999999996,259.14474453482023,186.5876505218881,359.7662227273878
189,331.71,245.30678515190937,177.42796052722835,339.00855153310437
190,194.91999999999996,269.7519558167712,195.7859610790919,371.51956987492395
191,267.70999999999987,218.35876314235233,158.43667295562167,300.80175034595766
192,263.32999999999987,263.20169465827536,191.5696329525957,361.47945426311145
193,244.67000000000004,253.10143732450587,184.76214667957504,346.58179534689407
194,309.37999999999994,245.89850030810837,179.95548970709416,335.8721753236932
195,152.79000000000002,270.34377948574235,198.30165755189003,368.42716668795185
196,166.62000000000006,206.91190592261339,151.89937092529172,281.7177140283658
197,103.20999999999998,219.29683530858983,161.17712635268268,298.2450090738531
198,185.74999999999997,163.12559726421384,119.59646062092764,222.36651953664696
199,304.4199999999999,216.76313144234751,158.75077007797253,295.84227119801415
200,257.5399999999999,256.04460759740704,187.2001600181545,350.0726573693212
201,343.5400000000001,232.1675885793547,169.53442050481203,317.80440443034854
202,217.8300000000001,264.25613444296255,192.71328203618256,362.22143799350187
203,341.32999999999987,217.7526336811887,158.6420368249087,298.7500889752488
204,144.71000000000006,266.10137378896326,193.69852918597326,365.4287767259172
205,332.37999999999994,240.47522109305723,174.82694718043783,330.63450390855877
206,347.24999999999994,246.78258186918873,179.25237861304998,339.6124698612783
207,261.75000000000006,258.1326920527643,187.36065819880736,355.4956330723734
208,318.6200000000001,245.3439535702664,177.95801544264134,338.1038021433586
209,337.46,257.56381345740226,186.74010624015133,355.10529347477393
210,335.4199999999999,268.15179537776385,194.36122678855705,369.81405633001935
211,332.1200000000001,277.60276272359,201.16246413347312,382.94614811367995
212,335.46000000000004,279.7044709299723,202.6373060933178,385.93794134149204
213,264.66999999999996,280.78454344382556,203.37800407084345,387.50819238024235
214,296.37999999999994,263.31922466948504,190.67627686741315,363.4929548491005
215,313.54000000000013,267.9562616846463,194.10995658894626,369.7523284000265
216,327.38000000000005,275.9789068163408,199.99206158140237,380.6932580200659
217,321.45999999999987,285.2501306355512,206.77446443809976,393.36577305331707
218,322.96000000000004,289.90063847584656,210.1972612083791,399.683138509837
219,306.9200000000001,293.06290731410616,212.53369458071546,403.96181938789016
220,108.08,289.12431931804645,210.33828371384533,397.28146221595085
221,211.53999999999996,215.45857499992454,156.62816931201053,296.2458215780843
222,93.41999999999997,227.37350800029975,165.75839377760445,311.7546264682677
223,132.21000000000004,171.2701955561564,124.70713579289331,235.08063368693925
224,290.8299999999999,167.3076818426411,122.1127562170832,229.09375013336728
225,238.4200000000001,235.86230145732807,172.06024340275135,323.1862414413443
226,289.1700000000001,240.16210554807935,175.5944403389187,328.33744143226903
227,183.38000000000005,254.62649600896864,186.54065647766942,347.4306106692333
228,256.7100000000001,224.62803615554964,164.26896617856946,307.0312769936797
229,293.83,241.3071047770486,176.8142071157029,329.19146207609555
230,273.8799999999999,260.7412253117731,191.3774629733355,355.11483782382555
231,296.7499999999999,265.754371429888,195.81564247063494,360.54593092147877
232,264.41999999999996,271.48503996278066,201.10263548919946,366.3781730940667
233,191.78999999999994,266.6968527400992,198.43971184646477,358.31462346938116
234,198.21000000000006,239.2481703997675,177.90378634021485,321.62695251554516
235,210.46000000000006,231.54858584686622,172.09939733263022,311.4149801368669
236,213.0800000000001,227.94240116850395,169.35588254710584,306.6772123692694
237,278.87999999999994,230.24713135950486,171.02000122519547,309.86638403167086
238,279.7499999999999,257.23053814883286,191.88638620510793,344.711338910812
239,275.2499999999999,263.78450670765676,197.72381882248146,351.8053929712704
240,219.5,265.0172134912609,199.45687983604878,352.0193522493867
241,105.25000000000001,240.81374867355007,181.84496546378332,318.8003778733352
242,176.16999999999996,171.63602303622673,129.755483185498,226.9307584178623
243,242.58000000000004,202.5485150820443,153.38813649710167,267.3625758568763
244,252.9600000000001,234.29321223181205,177.90437549108483,308.45523590686804
245,235.25000000000003,238.58540791335156,181.54824724530323,313.44381718917833
246,256.6199999999999,232.55667231644748,177.4402492619256,304.69739399692526
247,248.21000000000004,238.44405120211826,182.36242627490554,311.67831049598806
248,65.96,234.32833676094947,180.47093732843126,304.1696701298654
249,214.8799999999999,161.69118033012467,124.57343451621585,209.7804111528952
250,71.46,280.5504003134908,216.48568739451446,363.4866421618434
251,52.74999999999999,173.3678904855829,133.65340526806443,224.7957098958205
252,111.53999999999996,96.46110072867278,74.2448862650407,125.23670028268283
253,182.16999999999993,126.91020788397375,97.8268300542734,164.55242409309585
254,182.58000000000007,176.27316015599877,136.0528377512131,228.29677215980323
255,133.42000000000002,183.80947244392982,142.67295434243954,236.72422068803212
256,53.62,165.42110133744535,128.33986448387793,213.1333847912028
257,114.49999999999996,107.71937146925649,83.47402259292853,138.92350985378133
258,37.75,123.29305448331964,96.03829857493257,158.202743861631
259,42.42,76.86450447988113,59.758551103469614,98.78646540752035
260,50.789999999999985,59.39324225738924,45.89822586665548,76.77146454814952
261,130.32999999999998,59.82844964255404,46.04245432278306,77.65449069745374
262,96.12,111.98358427397443,85.62299937987795,146.36606220956588
263,151.33000000000004,108.99373789881719,82.71152975683536,143.52755088931815
264,114.66999999999999,136.76846398932975,103.03734755227971,181.43592437265428
265,52.25000000000001,126.97437853356749,95.00443605474366,169.59046679586837
266,177.21,85.85362191600731,63.774530663203464,115.45860746026243
267,185.29000000000002,129.26253597844922,95.64282245708898,174.57773922704914
268,108.17000000000003,153.85058228740843,112.91923876496247,209.48861539728307
269,89.99999999999997,129.42565682615813,94.37003915679982,177.36683416441596
270,35.080000000000005,112.07296828955914,81.13878743422495,154.6572303681742
271,88.70999999999998,71.97323141775503,51.713585042187106,100.01935770992463
272,110.66999999999996,94.210288627457,67.45054587463159,131.43136259462966
273,117.95999999999997,108.7526962337212,77.69943397739158,152.05897033556687
274,121.50000000000004,114.1806735826913,81.40809878679453,159.9864535436702
275,50.789999999999985,115.97737446155237,82.53547372834291,162.80712917745117
276,66.71000000000002,84.6030767634054,59.94540808815729,119.23689694163204
277,91.17,90.78020824055085,64.17496649588867,128.24604457158028
278,175.07999999999998,97.67615734417217,68.91850685222057,138.26189883877052
279,51.959999999999994,104.2143522507756,73.3899437785107,147.81124191342835
280,123.25,81.58989246765616,57.278397335244975,116.04320382355168
281,145.92,94.62662361391544,65.924126251403,135.63908153908466
282,170.37999999999997,98.79667459069536,68.10843354245914,143.1123137777715
283,167.71000000000004,105.63688699173318,71.0706949609207,156.781545931445
284,141.96000000000004,111.27594047061571,73.296407676399,168.6702061756026
285,37.50000000000001,108.93595904806322,70.45395408559976,168.1427052075923
286,134.92000000000004,85.60337622821555,54.08247953318586,135.1620761753689
287,96.91999999999999,96.99869278670089,60.19307511543089,155.9416763218103
288,56.61999999999998,92.68927210844706,56.5936624801612,151.40704150798203
289,27.459999999999997,88.49318100631406,53.28716824749671,146.53080157203092
290,66.46000000000002,67.96380285909771,40.36352043041205,113.9806896342337
291,58.92000000000003,91.17392148489755,53.755790002990935,154.1622541002509
292,20.04,85.89995598208255,50.20276090481747,146.48428046147376
293,17.960000000000004,63.25770862963023,36.55284174868585,108.95314671425496
294,101.75000000000003,47.5641397411072,26.795452243511033,83.85113493141252
295,132.5,101.16579556840325,56.108860599178314,181.7711089770008
296,48.83,93.4302735325408,50.73544181455862,171.3591458132897
297,26.75,64.99634307892562,34.72595091847676,120.91466392959369
298,56.71,54.05602777407771,28.35897016299704,102.24497683097843
299,112.78999999999998,76.52165113887894,40.31035853276859,144.474563977242
300,68.58,88.04664733860217,46.419975678024464,166.2144552769143
301,132.54,68.65369350985613,36.049340704270044,129.95069783538173
302,111.21000000000002,96.38925460905118,50.712035453627664,182.4131422231851
303,109.00000000000004,82.79249734807188,43.44861290384678,156.96179347632668
304,117.92000000000004,88.23600849737561,46.316437214156416,167.2938463118533
305,87.46000000000002,89.5115525713769,46.94830747532095,169.85777538858346
306,88.78999999999999,78.75002522397389,41.2141314619647,149.66202484717581
307,66.96000000000001,81.53259567484554,42.91875538165626,154.09613807663993
308,85.61999999999998,71.83578789583468,38.08326168239685,134.73718697066732
309,113.91999999999999,83.68762627394476,44.76612866722468,155.70965084384667
310,94.32999999999998,91.46727317840995,49.57465592408378,168.060895280932
311,75.33,79.92353787149166,43.715420185988634,145.45102191594125
312,56.00000000000001,76.14810349646103,42.00110765643669,137.411082817997
313,100.00000000000003,66.15692772793861,36.70955014439451,118.59975456047661
314,69.46000000000002,92.30816168217628,52.13575332095394,162.85225563507345
315,21.830000000000002,64.67989545840587,36.996784669806,112.53193973949874
316,61.58000000000001,46.08121399807719,26.49955368408227,79.60642499866496
317,62.42,89.42505072863727,52.24830793876395,152.55773950000238
318,13.880000000000004,45.96246961221361,26.84685652581561,78.20009032378529
319,26.38,27.268793594208173,15.8612393940769,46.39418453145653
320,15.920000000000005,68.62684357545868,40.73806886738766,115.15049468829956
321,24.209999999999997,18.283069632883972,10.518548845315745,31.281564236962637
322,16.540000000000003,74.93067655023891,44.220455232851975,126.49689519243225
323,87.03999999999998,26.137119304516233,15.023924547592657,44.95773288624126
324,84.67,83.4367112822458,48.497221506565175,143.0395641443366
325,83.87999999999997,66.95395778195692,38.58967862863009,115.64000664285686
326,13.880000000000004,75.00509632408374,43.048384688230755,130.14611825429182
327,66.88000000000001,38.352388586191765,21.521321508516834,67.76197237595501
328,61.00000000000001,50.04245495343229,28.270099613368917,88.01002190246038
329,24.330000000000005,54.957282165017176,31.143166041437333,96.41471712085689
330,31.379999999999995,43.21733391122802,24.113629141593865,76.85304972027424
331,76.38000000000001,40.42958045165743,22.305027006218104,72.64978105120382
332,73.54000000000003,52.10667770607468,28.59503280529964,94.29704648517396
333,52.25000000000001,59.81082294414419,32.61952690411911,108.9942958058394
334,18.17,56.781612230285894,30.829458351458385,103.8938588607226
335,14.38,40.853847806963216,21.912396865090926,75.45400813205094
336,7.33,29.627801870365413,15.648546030795941,55.344995273170554
337,9.379999999999999,18.422900106595787,9.353985453851504,35.435153423020175
338,16.420000000000005,17.333737261234106,8.743187848174735,33.49855706383952
339,12.38,23.38854704077234,11.926891665348952,45.01270298832577
340,13.170000000000003,19.43594340628067,9.807674720722801,37.641779448075035
341,54.21,19.01097549652781,9.581438167285723,36.84354583866119
342,49.96000000000001,40.84141315764384,21.122327485788635,78.13741698983988
343,34.88,41.05078866243797,21.269446198051615,78.40335881759513
344,36.83,33.52080004277795,17.30713156585033,64.09406628269387
345,28.42,34.77831061290585,18.008132913566683,66.34420030280481
346,35.540000000000006,30.45121915303472,15.803861149762156,57.86618422970122
347,41.74999999999999,32.596530472137324,17.03641434010643,61.580446339346594
348,44.620000000000005,35.80027158503047,18.837107433075612,67.26902527502382
349,35.38000000000001,36.546328671670715,19.30956468918156,68.4119651649674
350,28.57999999999999,32.213114280323744,17.190735494887416,59.641361120768245
351,36.42000000000001,29.59939983547614,15.937525464671623,54.28099557661626
352,27.210000000000004,33.68743891968801,18.373862934640552,61.10524059482875
353,15.290000000000003,28.97234298036162,15.868853834023131,52.254438776424145
354,16.29,21.638208014559055,11.702877484211514,39.344281265990396
355,19.379999999999995,22.81348561085659,12.328274731115714,41.54729951015972
356,22.88,25.232892415608056,13.65056639040848,45.971879868030115
357,17.579999999999995,27.245739954972247,14.745623826707318,49.66943262360116
358,39.21,18.460881915855573,9.831492651367062,33.96525706409216
359,23.419999999999998,47.35055518142266,25.81880940556498,86.1692755259561
360,18.709999999999997,20.68001076019946,10.964426001535696,38.285032687906174
361,32.03999999999999,21.592058142162916,11.41404643795983,40.11480439916503
362,60.580000000000005,33.009715822793126,17.61945593246417,61.12108315852751
363,38.57999999999999,51.793885826308035,27.813304244103993,95.73289661707528
364,21.71,27.752814789672218,14.68481834069371,51.70857082126901
365,30.04,22.223765932289826,11.663478242304217,41.59045530445417
366,39.82999999999999,31.142297840394917,16.520453167060616,57.966928572543424
367,18.330000000000002,33.000488934611546,17.553132194864173,61.309330610636835
368,34.67,16.916127009657842,8.785213877722285,31.803330722997742
369,31.21,37.7635617720988,20.187751053090405,69.91898132530453
370,24.209999999999997,26.049690989172273,13.794770797901673,48.45570246437895
371,18.250000000000004,28.22841954750426,15.01668462605457,52.3381613729989
372,32.0,24.421318265126978,13.01165734492622,45.12184029542304
373,49.58,33.25905044944966,17.976332793208933,60.84980788901232
374,22.539999999999996,35.262693069171235,19.170688288474384,64.1927633714069
375,48.92,24.531947622059338,13.314515590638297,44.53981203540773
376,28.04,35.91148899365463,19.77908256133956,64.56872834528325
377,34.25,25.844446546377537,14.164410674310936,46.520759352823696
378,39.17,30.822722154017377,17.359079530686348,54.15993563833802
379,60.17000000000002,29.279935223917548,16.784417184978995,50.55493529127565
380,28.379999999999995,34.26769237120438,20.031351949175615,58.140759386068055
381,52.07999999999999,27.87662442802674,16.44420595216359,46.801513043583846
382,33.17,34.19620641166833,20.111102740850818,57.678741749273385
383,44.88,32.997412207501796,19.639388249640508,55.000886403545614
384,54.83,35.66175552812513,21.526746692302616,58.666153162866024
385,29.830000000000005,39.82110715930819,24.340729787268387,64.75827940633862
386,36.790000000000006,35.497231006545206,21.868120955432815,57.24911778895714
387,38.38,34.801159291617154,21.60988982852161,55.688600269378355
388,19.29,32.60042712823122,20.447032720848934,51.64078802388695
389,41.67000000000001,33.62125737184947,21.212030793324757,52.963164069089
390,34.92,32.870997398782066,20.911285856318337,51.358609727939914
391,31.580000000000005,33.010556019819916,21.156894652110978,51.20577788264672
392,37.17000000000001,33.184569195667606,21.403829619644164,51.16004544458533
393,29.920000000000005,33.76813008104752,21.902396269862333,51.78150177339096
394,52.07999999999999,34.665963016580946,22.595537267386778,52.91108087453188
395,20.829999999999995,31.079350887132172,20.27480843410117,47.371046748897555
396,30.04,37.907370769737284,24.856903518797413,57.54465516775121
397,109.33,33.72840055942379,22.12055615234881,51.1640481945441
398,100.08000000000004,25.755338415014418,16.78898601396559,39.2410869928143
399,46.33,38.22786424711175,25.04031298226069,58.09396459397835
400,46.42,36.997358364457895,24.18947483709399,56.31756029113005
401,63.25,38.61648518923987,25.23274252854168,58.8285100020196
402,62.95999999999999,40.64979553782532,26.55226888114638,61.9605306127688
403,76.67,45.636457147750285,29.817785082817725,69.5748037845388
404,63.789999999999964,51.043510350936764,33.31953175337134,77.92086025859
405,115.75,52.763734894028694,34.391442796479154,80.67339224844933
406,89.42000000000002,66.46293656196818,43.318503142233446,101.69407779765508
407,122.17000000000006,71.64850051299979,46.6682053520812,109.71959994728225
408,62.170000000000016,85.6427907552651,55.79296442905702,131.18139368720563
409,77.08000000000003,72.77782668268159,47.318553970620506,111.65170959647206
410,44.330000000000005,71.9390798628941,46.73428497393845,110.45258327741307
411,64.45999999999998,58.32563153689094,37.8009421476944,89.70734787454336
412,119.70999999999994,59.066614006193284,38.264796230702196,90.88887921307544
413,126.74999999999997,72.99645931916854,47.322337878571425,112.31148765054822
414,145.96000000000004,86.10029345194174,55.49547922707245,133.28439271967372
415,153.04000000000005,105.43897574580059,67.52474286521871,164.33087296801148
416,153.50000000000006,120.14134496113384,76.62913375931106,188.0427568661648
417,89.75000000000003,130.37074203397484,83.35163023687359,203.59915017757245
418,62.91999999999999,97.73410391759379,62.50312875937971,152.51091303466396
419,112.78999999999998,66.70888105751042,42.593071510206364,104.16562415168968
420,118.53999999999998,88.20734454561646,56.16584768988573,138.20812237493183
421,87.28999999999998,98.1262403620944,62.26947680888505,154.30413753862163
422,144.71000000000006,80.98229110769248,51.15005805527879,127.8799342877453
423,147.46000000000006,109.2758333904564,68.8291318714107,173.15023077121387
424,69.5,113.80202809917333,71.53579718818484,180.69657143893846
425,140.38,68.88628010736082,43.00034576535001,110.00122197427561
426,141.96000000000004,119.13088454756314,74.35665237060937,190.50836678897505
427,145.75000000000003,103.348228342543,64.25207792137881,165.86905773862
428,156.25000000000003,112.4725638586296,69.81667060986972,180.8219161923752
429,88.78999999999999,123.71823682300771,76.70333608812638,199.17980410260267
430,76.46,94.19983366501748,58.32659384764881,151.76468345917309
431,64.92000000000002,83.36541536925328,51.58545890431574,134.35154886406244
432,89.83,77.3233846396928,47.82783416075458,124.636385206451
433,158.61999999999995,92.56101099177225,57.33571107180289,149.05667398187748
434,79.38,119.15923078985583,73.8036090683733,192.01529597071638
435,147.5,90.65610999517943,55.98411171133199,146.42429507377616
436,175.66999999999996,111.64062424406575,68.9448043513281,180.39889513969163
437,113.08,104.99836379277485,64.76739091249432,169.8392711168191
438,113.25000000000003,109.23795206549022,67.35117309687807,176.79367236856362
439,214.37999999999994,104.62155224520696,64.4508451129283,169.4471848978981
440,223.6200000000001,150.44818422897717,92.77979533185581,243.5788287881127
441,211.58000000000004,125.1358654427143,77.05737163191353,202.82772591945266
442,223.33000000000007,149.6493494115873,92.1255123518882,242.70578915450503
443,167.07999999999998,141.13153657147404,86.77867802052681,229.13987159209927
444,223.6699999999999,130.9924029051121,80.45263053473299,212.89112064632917
445,231.28999999999994,168.56701148932416,103.2464957337599,274.817150332364
446,215.32999999999996,183.6797941328213,112.52561104293594,299.43111900135
447,139.71000000000004,185.52103284566218,113.71177817847136,302.28268157159346
448,118.45999999999994,154.7040906811152,94.79770317420802,252.07249601533437
449,174.04,131.2580183375428,80.40024800478189,213.8910334222351
450,152.07999999999998,147.54324622013644,90.47157818060768,240.2235192230887
451,127.21000000000001,147.22498559054253,90.31661225835636,239.59857029251557
452,78.04000000000002,137.07773428580524,84.2095336136704,222.74797627624514
453,109.37999999999998,107.87979810757477,66.1996892603419,175.41168532817005
454,116.74999999999997,117.54161244389832,72.26696679991613,190.79330733281392
455,118.50000000000003,121.94796152339389,75.08228109353895,197.68228220146833
456,178.96000000000004,123.83248431638856,76.61307194729184,199.77995561345824
457,253.0800000000001,160.91752392338358,100.0739924135384,258.38704831419926
458,117.45999999999998,200.23109889886427,125.00578071763003,320.3658526888426
459,207.33000000000007,114.94316050646893,71.7927017376534,183.67258595067736
460,97.17000000000002,166.79286123034117,104.1267768855636,266.81420598970925
461,258.17000000000013,127.0588017883056,79.09066402636854,203.75615872103924
462,261.45999999999987,167.1769326034033,104.02352472670265,268.30614577534226
463,273.29,187.78834953343824,117.25485145475847,300.3917863081928
464,272.16999999999996,199.58969959516762,124.973001596309,318.40357913055004
465,241.37999999999994,208.70717851745238,130.98921873953927,332.18706741141324
466,239.07999999999993,206.48356860713457,129.8343360848488,328.0377169341316
467,233.9199999999999,207.48121136127003,130.67274298082958,329.09425114650037
468,294.96,206.7807277242423,130.42630005906693,327.49460719971984
469,180.95999999999998,232.37206681700872,146.8007848584031,367.4860105622501
470,210.79,198.15325234783688,125.26514817563644,313.1169079020192
471,295.38000000000005,203.37978092401977,128.86897539354752,320.64028956084064
472,264.83,231.72875292442728,147.16417709116374,364.55848722079054
473,135.42000000000002,236.49373458179238,151.3334637213075,369.2618754129825
474,227.83,183.86834537440416,118.33510110111472,285.3893758510482
475,205.87999999999997,198.11871633948056,128.23074629657506,305.80209108823584
476,272.5800000000001,199.13096814473406,129.48601391616555,305.9478728676727
477,226.03999999999996,218.6417031443871,142.76758767149175,334.558789999321
478,263.71,215.28723106373468,141.0427596368113,328.33861916530924
479,286.67000000000013,226.45811741566328,148.8012346292639,344.3722881945509
480,173.03999999999996,240.72189648664403,158.57755897516466,365.15095265489884
481,267.92000000000013,207.80219785766056,137.12633278739256,314.6411739193662
482,185.74999999999997,224.58539767387163,148.57506809057844,339.22228632957734
483,309.7099999999999,207.66510522790824,137.74661959170675,312.8175637568945
484,169.92000000000002,234.4304205159194,155.9191199631759,352.2232586909089
485,199.04000000000005,209.87933255178262,140.23828992741096,313.8586188656108
486,186.96,205.30670096614313,137.74621403240175,305.76480191087506
487,256.20999999999987,220.3153582859302,148.36207163503187,326.93122964251654
488,181.96000000000006,204.66136137647777,138.25922045452134,302.7256378800369
489,292.58,237.24277370735987,160.93523493198114,349.50814757898394
490,293.42,196.41793090549808,133.89014491440042,287.9302214608808
491,196.75000000000006,219.93202479097897,150.62943041340563,320.90953593350923
492,220.83000000000007,234.88853133457033,161.50741491196263,341.40529421580567
493,257.71000000000004,236.4054563231284,163.65920675716504,341.2909158982712
494,343.21000000000015,226.62197740601445,157.78122080626432,325.3091462273229
495,343.5,201.64788283482022,140.54988575515517,289.11796228835476
496,331.9199999999999,201.07062824558693,140.02515308011698,288.54082238343017
497,151.54000000000005,233.08335298036445,162.08788616870476,334.98458738895977
498,100.82999999999996,214.2847277371323,148.72139321609632,308.5583937691306
499,203.66999999999993,211.8945032616818,146.33934653593062,306.61687617492845
500,106.58000000000001,248.85314466141705,171.2028028831273,361.51787341444975
501,242.82999999999996,193.04340299304457,132.2677968183455,281.53518962607967
502,131.96000000000004,220.56522824594927,150.71490127512922,322.5750078277061
503,167.71000000000004,233.99874246719742,159.4117586408055,343.26658886536393
504,177.61999999999998,198.53117402211313,134.84036607519533,292.0843795326951
505,86.45999999999998,196.26149840229652,132.99257185436136,289.40489493860457
506,50.5,157.63926347704927,106.55146827870792,232.99416409011386
507,67.91999999999999,94.2605876883575,63.47793041671581,139.7393120108377
508,68.91999999999997,83.47932439368897,56.1344220781374,123.9116730410585
509,229.12000000000003,81.11796022986638,54.685303178023695,120.0976506809286
510,78.21000000000001,177.2771032899052,120.16572311947907,261.30789318278755
511,144.12000000000006,115.76900960019412,78.5144967163642,170.47818531314581
512,344.8299999999998,134.6932866520493,91.6007225214893,197.83935612016748
513,332.46,214.20956633172054,145.5702370082793,314.99292179674256
514,308.1700000000001,250.71150620779667,170.03408803558412,369.444763877805
515,202.11999999999995,255.61123690836752,173.02087960914972,377.39900048511237
516,49.53999999999999,203.66019723787144,137.55852361853917,301.296785788212
517,251.16999999999996,95.50391985484987,64.11842218867385,142.01646499308322
518,274.16999999999996,179.4701725073982,120.16806026872891,267.7959441837793
519,317.66999999999996,210.95656990350778,140.68570822253605,316.0791753724309
520,179.83,227.77956575431406,151.36259768785027,342.52321699032194
521,167.58000000000007,183.79954831614134,121.6836592040926,277.3652955854338
522,173.6699999999999,173.28744158670202,114.5083781143969,261.9775674345825
523,149.04,172.4962674784283,113.81797053020671,261.1624009721307
524,238.33000000000007,162.35780015845356,106.97571657413592,246.14604097382258
525,129.99999999999994,193.270048233251,127.27398342779313,293.22062550816804
526,182.71,155.43157113276646,102.19809454843005,236.12488640555088
527,226.62000000000006,169.95831384315719,111.69635099562801,258.3406513510741
528,209.45999999999995,177.8100461595917,116.79667916587314,270.42558545791513
529,118.20999999999998,173.33441012480083,113.78563118403108,263.7760546338351
530,90.58000000000001,146.85826912338177,96.30806000521991,223.66862197221528
531,92.67,133.56503504337311,87.43695781757523,203.75318354546172
532,115.71000000000004,129.4590040571739,84.63755089354329,197.73935629881402
533,215.82999999999998,140.43768310109883,91.7514345406035,214.67987923949033
534,227.04000000000008,176.3389754441306,115.18627862484921,269.67836739241096
535,255.79000000000008,178.11025525843078,116.25381249293557,272.5986391971097
536,122.46000000000002,190.2302970854215,124.10386055901144,291.3093368979527
537,171.25,139.20076738579135,90.55106304080003,213.70264268591728
538,328.2500000000001,162.98200322562698,105.91246150028745,250.51509005166105
539,354.4199999999999,197.50222730566608,128.22235582140522,303.9250572383029
540,222.88000000000008,201.1121257883675,129.67424358498351,311.60415419299284
541,353.49999999999994,186.0056717557588,119.20539365132072,289.92805411263987
542,329.9200000000001,236.50347715600734,150.40323119740503,371.5673568197989
543,253.67000000000007,223.93497540936397,141.38320255365917,354.3491019654754
544,199.54000000000002,214.37462109498472,134.9712919224995,340.14721391517935
545,202.91999999999996,195.38482633336673,123.39349558604854,309.04032672518713
546,159.45999999999998,197.19600189565813,124.89431561344323,311.02088018046425
547,37.61999999999999,179.00340547066824,113.63516156784786,281.6464894181776
548,50.290000000000006,68.85185476327487,43.57429156288452,108.46403056089076
549,312.4199999999999,95.37860880980844,60.61887472003262,149.74660610597346
550,263.49999999999994,316.37712598489,202.20000608658364,494.70982815575496
551,280.04,169.02774798208029,108.0129923461613,264.1925652316598
552,362.17000000000013,242.5047574083999,155.27772856240915,378.4178954734714
553,94.20999999999997,244.67369049947052,156.80283229368484,381.4745178926996
554,182.32999999999996,103.51669069980787,66.18206098000904,161.5990402123837
555,261.0800000000001,264.76564439841036,169.93512373826013,412.20576016111664
556,257.71000000000004,170.4558859549054,109.3341490693277,265.4371917175892
557,329.38,234.4107796537608,150.55672583019432,364.66001854172197
558,222.53999999999994,228.8047125158526,147.0328319658202,355.74657569671564
559,304.7900000000001,185.68668279635085,119.49383633088387,288.24232636928997
560,358.37999999999994,264.99101900628824,170.71305741479588,411.0316955343386
561,335.3799999999999,233.0887997440655,150.3661531625733,361.0199431689489
562,303.9599999999999,252.07610701517456,163.01770784622542,389.4914706039164
563,207.29000000000002,228.13669662333706,147.7911076483704,351.8680347184057
564,338.04000000000013,197.17104079003263,127.89582332979276,303.67830836786754
565,321.45999999999987,333.66151684580194,216.978322748549,512.804902456882
566,344.03999999999996,194.09596146952634,126.41162549108334,297.73595941512133
567,323.38,358.31954264219104,234.19163637823283,547.9588648337779
568,331.5799999999999,201.98157890355435,132.1322459170221,308.47815152055426
569,325.70999999999987,324.18242623216315,212.15718207219126,495.0827934684526
570,263.25,229.1948163264598,149.8178596787127,350.3486637222967
571,330.49999999999994,267.0561136302138,174.54951385055548,408.3094790094558
572,344.4600000000001,279.0194282738742,182.31848422316702,426.73035432352845
573,342.7500000000001,275.7336292811713,180.1121489788754,421.84022362332564
574,336.0800000000001,284.02325934088196,185.48906267456329,434.61942561246184
575,333.5399999999999,273.51204320679904,178.57206321314393,418.6469123157889
576,331.42,280.7795651461079,183.29159346276214,429.83746709245946
577,329.12000000000006,276.6181281471328,180.54099585908736,423.54226226532984
578,248.92000000000004,283.4814220039527,185.00389304315252,434.0966968557775
579,317.33,226.96159556743459,148.37789849209602,346.8860633214779
580,309.3299999999999,290.8873703742077,190.62537360272532,443.60832812569765
581,324.32999999999987,295.08002656899646,193.68743216339504,449.27756110894984
582,326.91999999999996,298.4540123002134,196.59299267376102,452.8253319071485
583,105.58000000000003,301.1498166402631,198.96290830340592,455.55723089015316
584,198.91999999999993,199.35026069429247,131.64311335471186,301.61825092214684
585,211.87999999999997,208.84420777457507,138.27061049895906,315.18007114909693
586,312.5799999999999,242.9484157854469,161.24377355330603,365.7988500321505
587,315.6700000000001,293.25126222645866,196.10351438839456,438.28088035634835
588,277.46000000000004,297.8740762994175,201.079536759189,441.0324537376405
589,257.5399999999999,289.43217269874077,196.93753762582054,425.14881416766593
590,261.75000000000006,280.22613676086013,192.09839539336153,408.5742993427119
591,304.4199999999999,282.59251872376433,195.02884612987592,409.26980602030613
592,302.8300000000001,295.9895350221114,205.4587318922394,426.21750300533256
593,290.58000000000004,294.61714192982987,205.49930007590274,422.1951128678863
594,283.37999999999994,290.16886637543877,203.22844826844147,414.11997699224895
595,238.75000000000003,286.32477069992484,201.23641259335616,407.2129563075353
596,254.28999999999996,271.792236945552,192.2526405767927,384.06901802559184
597,164.58000000000007,275.2852149844874,196.16443068941487,386.15664763726846
598,195.79000000000005,231.1253207143883,165.6841525474386,322.25907228296745
599,274.6700000000001,237.87027185603685,171.43667428310516,329.89832550874837
600,290.62000000000006,274.96161797051064,200.563354531872,376.8207341794371
601,272.12000000000006,280.5654319085382,207.6937893073624,378.88237555589205
602,239.29000000000002,272.19483346155073,204.15882071121402,362.7933615106068
603,276.54,259.4668082560488,196.89091073450314,341.83008730054115
604,280.0799999999999,273.5157668929207,209.63868611680795,356.7638451040219
605,278.96000000000004,272.94682919324543,211.36450099252167,352.38705327062144
606,244.92000000000004,270.97070631413396,212.0160490231538,346.24174742800216
607,273.2499999999999,258.3175178689139,203.89219818522548,327.1997834436992
608,155.99999999999994,266.5748406920052,212.17854568752122,334.8513172160314
609,248.42000000000002,229.33825593841127,183.81118402393045,286.0806354548277
610,232.11999999999995,255.60166595721796,206.3572804794592,316.54088797736824
611,262.61999999999995,249.13253960671372,202.51632875938517,306.4263758171245
612,259.42000000000013,254.73154351035956,208.28457960673197,311.486579131066
613,246.33,252.11425764209116,207.2384030704998,306.6609620369441
614,247.92,248.6212430705636,205.28770749081824,301.05757652751464
615,209.70999999999995,244.15962809310292,202.44473179480147,294.4278673943246
616,250.58,237.95350931402976,197.97233423848627,285.9684362502984
617,247.12000000000003,252.5312215396664,211.14231976894757,301.99508540023106
618,246.75000000000003,252.83516985572462,212.27834159969623,301.10425011939583
619,239.8300000000001,251.70072113471224,212.07410471217827,298.69692726510755
620,206.75000000000003,248.3371266949881,210.14364766515692,293.4393707126985
621,160.61999999999995,237.8142147164831,201.97291537059792,279.9844310829268
622,124.74999999999999,212.78832846283768,181.26812575669388,249.75941938386677
623,191.37999999999997,163.88849542345065,139.94951572558878,191.89329078605272
624,193.32999999999996,212.6123576585427,182.00970819738112,248.33234304284917
625,184.03999999999996,212.90350841187072,182.9536064791628,247.7296214879597
626,159.88,206.4597635842382,177.98660263229795,239.46243055881976
627,50.959999999999994,188.8922619019275,162.973688383074,218.90766619818484
628,142.70999999999998,81.37330624177895,70.18305288427626,94.32271104237408
629,153.46000000000006,132.09998064670694,114.03966750597611,152.99561935654467
630,172.61999999999995,145.68492958916056,125.73140769470339,168.780080249801
631,74.25000000000003,162.05278440046237,139.76817587216283,187.86520576133387
632,70.96000000000001,123.65610224215193,106.55130456053058,143.4812212153159
633,17.830000000000002,101.01693182472522,86.93499191434782,117.35395844543785
634,159.49999999999997,30.315528228291864,25.930171338324072,35.415004416305855
635,195.46000000000006,88.9147901702334,76.1706092454358,103.76358254013996
636,193.70999999999998,124.82244816303702,106.73978115053617,145.94004658892288
637,196.78999999999996,181.92593877980104,155.0592055677866,213.41797654119708
638,190.92000000000004,183.84893484181612,156.20551286676843,216.3532472815524
639,124.57999999999996,181.35005017353433,153.6670914692935,213.98781985495611
640,170.37999999999997,147.04485604231672,124.23742602178883,174.00582770502734
641,177.17,165.144553811344,139.2324053659642,195.84474989309672
642,150.20999999999995,169.76448892416983,142.8560328772869,201.7062062972891
643,173.32999999999996,157.99006375296557,132.7191191603465,188.03684477505917
644,171.95999999999995,165.12490503293836,138.55272718020288,196.75668043066233
645,161.21000000000004,163.94527138546775,137.42084689144528,195.55234860513667
646,134.88000000000002,158.3782404244801,132.89109654630104,188.71704748134084
647,123.57999999999996,145.57501960904617,122.25688962565576,173.3045475075849
648,22.58,139.43109106487972,117.18401170270906,165.8659834232086
649,108.12000000000002,70.0725485219562,58.73606556656603,83.56042602566393
650,151.21000000000004,126.22661307696158,104.76342312136602,152.04545368638813
651,11.119999999999997,137.95994983950516,113.4422972267216,167.73016469726238
652,102.58000000000003,80.16078166429931,64.18746523393179,100.04814563231889
653,129.17,102.30294521638761,80.22381580021425,130.38386057395533
654,25.039999999999996,107.7717773329143,82.98984880531711,139.8658273880842
655,52.00000000000001,93.33773185157001,70.43620139498128,123.58119940744727
656,32.42000000000001,106.2319638377892,78.43125686790148,143.76283672096346
657,31.040000000000006,67.52432845225653,48.817402261724794,93.25589004347576
658,72.08000000000001,56.5698107185384,40.125154591674274,79.59016772278125
659,102.99999999999999,64.17501825668452,44.868431366699696,91.60798501696817
660,50.290000000000006,78.66580671587869,54.124768678734576,114.13228829457343
661,16.999999999999996,71.63593098517396,48.53908410324502,105.50133254557599
662,138.71,51.851397120727384,34.287827818148784,78.15676170286204
663,139.28999999999996,69.088477705481,44.79927996984165,106.2592125969332
664,102.17,83.23362302380666,52.9767582587807,130.45108147658232
665,96.42,87.3986946527228,54.71216934289532,139.2625190954235
666,78.99999999999997,91.81006001886193,56.67196330774535,148.35692746821977
667,115.92000000000002,89.3830410960709,54.4935205845923,146.2080709913038
668,55.28999999999999,95.27303785401283,57.509690749857974,157.4096189683362
669,118.16999999999996,84.45441343529727,50.48613047841982,140.83347452439654
670,116.08000000000004,90.21889013489425,53.555466506600716,151.52157941743855
671,116.37999999999998,78.66994774299887,46.350666513201126,133.04881157486085
672,53.00000000000001,102.56352052105947,60.36040587711959,173.79354364432677
673,17.21,54.805294729082675,32.06410903608172,93.18765575692156
674,18.959999999999997,54.264130519464246,31.743474362972037,92.2742838532168
675,34.25,49.36576605957975,28.84123977418697,84.00687002162024
676,76.42,65.22662604751139,38.23864922418484,110.77668152076997
677,53.04,70.4194553548501,41.31535144853719,119.5410903744191
678,61.28999999999998,52.62351212993602,30.77142349250701,89.50526344302924
679,20.42,70.96756868043106,41.64010340709452,120.46619093120725
680,52.580000000000005,32.66958903302429,18.9489128834904,55.827218218539855
681,36.61999999999999,86.27085538160914,50.70715596106082,146.2949354393671
682,27.619999999999994,40.08894694421924,23.344812235772125,68.34954127533109
683,53.88000000000002,73.52677164523361,43.156406945754924,124.78558981676309
684,21.579999999999995,58.93221379752392,34.50926953069898,100.1530312547495
685,44.96000000000001,40.87603938954471,23.811157061295553,69.67798856064849
686,25.33,50.484263000514034,29.50393862724584,85.89465872248316
687,47.99999999999999,39.6728630427512,23.0982864615945,67.64727874867076
688,32.42000000000001,50.51062651197704,29.51955875830721,85.93915481114779
689,27.459999999999997,43.62567606731151,25.44029077279464,74.31879969011895
690,43.78999999999999,39.73787180116674,23.136803535771545,67.7569999245655
691,65.49999999999999,46.179638129919084,26.95348912649969,78.62935302984991
692,29.58,54.20807878124497,31.710264238500137,92.17968025243655
693,22.209999999999997,40.94428362978807,23.851591127837896,69.79317055258382
694,37.83,32.06597194279822,18.591275469618342,54.808438925657086
695,45.62,39.193993897686795,22.814561024728864,66.83904787368121
696,20.499999999999996,45.467153378424356,26.531348653551156,77.4268279140589
697,73.58000000000003,32.87813491180974,19.07247434318096,56.17920000693334
698,39.92000000000001,50.07249008650883,29.259967072344654,85.19967224023934
699,35.75,43.69171890596787,25.479420529728767,74.43026617699573
700,74.11999999999999,39.99707942496726,23.290381599966544,68.19448813350009
701,72.83000000000003,38.53305473003827,22.422960822428365,65.72352091336388
702,73.75000000000001,44.695440961408224,26.07411634925832,76.1243388970199
703,72.46,38.187932326987564,22.218479064547488,65.1410265416318
704,73.29000000000002,42.907157105180715,24.673129737197403,74.09168008705245
705,66.5,50.50628740377606,27.890851659190147,90.82483345991974
706,23.709999999999997,52.917226444151375,28.035613568073394,99.12074656574205
707,18.379999999999995,43.894781205191094,22.884302430268853,83.3877013091101
708,18.419999999999998,40.47686295208422,21.076219507148654,76.9268461155183
709,40.49999999999999,39.60999759527799,20.555629272294727,75.50771331496924
710,26.25,37.13203586735918,19.25667584955497,70.78138062674839
711,27.580000000000002,34.181363870501656,17.71683030192327,65.12916523913
712,32.120000000000005,34.14301462653803,17.771992671864936,64.7911761755642
713,27.330000000000002,34.73311430377381,18.15275279320322,65.66694190819845
714,19.33,33.35665791021451,17.46872315725992,62.91237405578343
715,22.669999999999998,29.38363628320509,15.373498767942642,55.381679131252284
716,15.5,27.88394925885647,14.598137023824302,52.486036410241034
717,15.579999999999998,23.452697399418692,12.228791875863703,44.199472160302534
718,27.83,20.940984668294764,10.888038121296377,39.49505926061491
719,28.500000000000004,28.11385561523895,14.794844840483618,52.66412885630016
720,15.290000000000003,29.925689869809467,15.796251415154106,55.94117516368818
721,26.25,22.524777165864755,11.788635798421629,42.27397772731116
722,44.79,26.439940360251573,13.956979563032265,49.34106811479227
723,58.999999999999986,36.429122680769765,19.460554016578506,67.47024882693691
724,25.000000000000004,45.618038442029295,24.54592841171098,84.07193291852509
725,26.38,31.419027613412368,16.795595266818484,58.05918490733865
726,44.67000000000001,29.57240104375887,15.806419426816209,54.613969986317976
727,59.579999999999984,37.14772241588659,19.996766121669047,68.30823142415693
728,25.42,46.49548445247363,25.203093850805185,85.08987382250844
729,25.25,24.0891691676742,12.859279376290708,44.418408304908844
730,31.379999999999995,29.76762290277227,16.026648925423505,54.597940806408616
731,21.130000000000003,32.68806481370962,17.671320712164523,59.78229432122136
732,20.619999999999997,23.217188846969083,12.439616619478143,42.63757183369241
733,35.879999999999995,25.48796841441167,13.771278901589293,46.498424164706655
734,20.42,36.996867347798315,20.2768628083235,66.85595890017123
735,25.08,22.11915578533477,11.991328705885314,40.14247097638611
736,21.42,30.15958655889341,16.561710596913557,54.2861766604791
737,53.38000000000001,24.704344913394124,13.523830426460174,44.49167320371716
738,50.25000000000001,25.59475498892503,14.024724426938569,46.07447356923456
739,27.210000000000004,30.12109048252269,16.550780603420076,54.183999772217014
740,33.04,26.664323657656997,14.577871999893055,48.1283278897692
741,28.54,31.135528029312958,17.102242972601648,56.04774614315876
742,22.46,27.11678407449995,14.879847309306118,48.78344761720495
743,38.71000000000001,26.135992362932473,14.359958872570159,46.9403680459149
744,70.96000000000001,33.11544102103215,18.347036553362734,59.1571880452787
745,42.42,40.274043476066275,22.444270827630397,71.66366599282257
746,55.24999999999999,29.547535423887002,16.455427889768732,52.4591260876845
747,62.540000000000006,40.28263920293439,22.600673529627585,71.21218908944198
748,71.49999999999999,38.699433868759606,21.704580643976765,68.41528998986915
749,26.419999999999998,44.683171342700554,25.135560009413794,78.85105898533783
750,51.830000000000005,27.472257468866704,15.369096129585134,48.52438662194977
751,81.45999999999997,41.92760764177961,23.668618730506953,73.70136524375658
752,93.07999999999998,44.98671403190622,25.416487617320126,79.05522528535371
753,70.49999999999997,52.34700318172106,29.564226132873756,92.11221347788708
754,49.92,48.00085527072378,27.011645211365416,84.71734359566305
755,68.83000000000001,42.09068777064276,23.643462691901963,74.34685347433674
756,31.879999999999995,56.980920976109246,32.33549665377008,99.84707098124557
757,27.879999999999995,42.89387761087932,24.35033814593389,75.00184583841082
758,56.17000000000001,33.58608016012206,19.051434215830387,58.656427962544655
759,57.17,42.97001936354442,24.574985797745356,74.59584267690632
760,31.789999999999992,46.215535423892184,26.538869790004522,79.95128094813695
761,28.959999999999997,39.81353409157996,22.86093612015219,68.81052866730253
762,53.459999999999994,34.85201011841357,20.002237027545277,60.201415251385775
763,26.209999999999997,48.28848931442592,27.97257554544552,82.85016289241058
764,70.92000000000003,35.95725428265717,20.646662108111844,62.09696327736127
765,42.879999999999995,51.50144124790494,29.627762579725687,88.99682317414329
766,100.58000000000001,43.46109548849511,24.84872288768588,75.47530675408363
767,51.92,54.15397739491705,30.92025153809996,94.29878606527085
768,102.07999999999996,48.96891695452685,27.808149420163964,85.6731363126271
769,85.38000000000001,58.18723806738286,33.01109086501487,101.99961162517455
770,129.92,61.32320502695937,34.71352925581912,107.7593963903618
771,97.61999999999999,79.12158419233003,44.733849411554715,139.36579767691157
772,129.61999999999998,77.2380343069954,43.5108218698274,136.5213881721642
773,128.33,90.53835702576079,51.01073847633239,160.10655323205333
774,65.04,97.95755339267342,55.164868537338116,173.35449647591966
775,84.78999999999999,76.65980413642222,43.036124924741074,135.95676422061845
776,101.16999999999996,76.73336077407927,43.04308227824625,136.19465270525947
777,60.580000000000005,81.80044555128913,45.95867378026641,144.998880112604
778,93.88000000000002,70.59546094070204,39.63680869948408,125.13958111766463
779,109.28999999999996,76.41788796359415,42.97174863031353,135.3040944114685
780,50.32999999999999,83.94700935217018,47.27631103462883,148.47277957302126
781,43.50000000000001,66.7120106428975,37.5005757107456,118.08695651073603
782,45.62,57.87629168715144,32.49077234467828,102.50366623842157
783,42.49999999999999,53.92428881970798,30.48663370152251,94.80819375444477
784,125.58000000000001,50.67067365463541,28.81785694460479,88.53891357396543
785,160.49999999999997,70.56083172305031,40.221734845357645,123.22943032615817
786,69.67,96.66982095269145,55.17551631291202,168.81408540678
787,90.45999999999997,78.37942730542068,44.935814594362505,136.17169348097013
788,150.46000000000004,80.1694246311056,46.2165435013484,138.53743765162693
789,58.82999999999998,98.00295320970397,56.41799762448671,169.7057917335454
790,90.35000000000001,75.35940062925035,43.17289351901949,130.9985538630792
791,121.88000000000001,78.87509584168046,45.106712514575065,137.37531647264618
792,157.83,89.88539734012352,51.36575732603144,156.7396350489892
793,171.25,103.60706667612945,59.250859565095304,180.6179632551419
794,110.66999999999996,112.37063656518744,64.2791380111346,195.89140553607658
795,104.82999999999996,99.93494616452499,57.465422130713215,173.25450780904634
796,86.75000000000003,93.796437114509,54.18813280716406,161.83146452888374
797,181.03999999999994,88.40016696752568,51.290684049077406,151.84538726477967
798,131.67000000000004,122.37306131165941,71.4289012417995,209.14970538620184
799,154.54000000000002,83.00378870531881,48.530291856968354,141.47112730984358
800,204.07999999999996,134.87529946143806,79.4101581515914,228.59906345327943
801,187.20999999999992,105.45341787386057,62.197807829591326,178.31524156001822
802,195.08000000000007,131.86361048004093,78.08630482248383,222.20854450609576
803,157.83,149.15978297407673,88.58365383772923,250.69726235619873
804,123.33000000000004,137.54874272834243,81.81531325938673,230.78991126292303
805,196.28999999999994,120.92012452244089,71.99696619576328,202.63198004289424
806,210.00000000000003,149.42377527174236,89.1901372922293,249.88455175190418
807,177.04000000000005,164.9311255490587,98.61314007635715,275.4006676716778
808,128.41999999999996,160.09870061554216,95.81554292366009,267.0643061670386
809,96.42,123.35564757154927,73.80199762260902,205.73681952933904
810,130.04000000000002,102.50352523584763,61.307204157369405,170.93805886699647
811,140.46000000000006,131.49757981540705,78.81346979814043,218.95796826451456
812,230.6699999999999,128.25026410643136,76.97282071253423,213.2494092033894
813,119.96000000000004,179.35386961984608,107.93922894667975,297.5840693142138
814,164.62,99.94271387020582,60.03778724041348,165.93644943825484
815,172.71,142.4836724351363,85.8824719742044,235.9587764674327
816,170.79000000000005,147.95729475642128,89.30389029221999,244.70675293557056
817,91.03999999999999,149.1398092141519,90.35215304116164,245.75896035756193
818,180.54,118.35404851652665,71.71116444853384,194.91749087402553
819,219.99999999999991,143.73196604275694,87.42778800752075,235.88641847311828
820,248.92000000000004,159.5506858832194,97.33491953708644,261.12990114717815
821,212.45999999999992,181.12122187136364,111.36738526768251,294.17585887493107
822,239.41999999999993,166.31978427835713,102.88037681363384,268.5014310660608
823,218.7899999999999,179.05942067675204,111.38351059308427,287.4888966659729
824,78.66999999999999,178.98002143641241,111.84088707904813,286.0662306435027
825,260.75,128.6522197935683,80.15849436162891,206.12185741764122
826,267.3299999999999,165.3648938114951,102.82622510499951,265.5730923465627
827,114.33000000000004,164.15434261810853,101.80708005070586,264.3120473042003
828,207.5,155.97131242432218,96.50071899147177,251.71601254929595
829,219.32999999999993,173.86242858965258,107.53574361143221,280.7216514564944
830,192.25000000000006,168.24123521174158,103.98274044150023,271.83147282630347
831,237.83000000000007,173.29592221443656,107.06226553941138,280.12559318406454
832,203.92000000000004,177.39984819037477,109.55800075594972,286.8715752521964
833,294.17,173.17611668633026,107.00530664012832,279.8873060748164
834,292.96000000000004,177.14878430499823,109.52512863972676,286.1472735652746
835,295.29,181.23164589252374,111.99705361915886,292.88706785773775
836,298.7900000000001,195.44781216669853,120.67209706300352,316.17825069702815
837,298.8300000000001,235.2675657417589,145.29288845232492,380.5794685038855
838,240.9200000000001,247.31900142516878,152.86730384968556,399.7500289277278
839,294.99999999999994,243.18652477077492,150.40066236208304,392.8361824139638
840,309.54,254.43749506879388,157.46011417142586,410.7649051825934
841,309.66999999999996,263.60509768125746,164.0575199380454,423.1906563553624
842,281.57999999999987,268.46020191974924,168.31906805182064,427.8282545732526
843,218.74999999999991,266.29362075032856,168.0043343766297,421.745842332078
844,189.70999999999995,247.45201301581858,156.92288804018543,389.87686109124934
845,95.46,226.9380458363378,144.53541577608658,355.9973154824728
846,244.7899999999999,171.20784534883842,109.37271326901035,267.68544879756905
847,272.79,200.70778886672917,128.6999572324443,312.69348886205665
848,236.33000000000007,196.0715031081808,126.08504538182257,304.5999013938483
849,261.96,246.89296639999822,159.25082003189004,382.46713469773107
850,172.07999999999996,216.67393467393524,140.11447723370773,334.76953098838106
851,241.5399999999999,217.59677652587015,141.0540504401562,335.38288073757985
852,246.46000000000006,238.58338604157828,155.01077067425334,366.92459020023773
853,249.71000000000004,220.93608351570643,143.77068018452357,339.2320490827962
854,283.53999999999996,239.39038009054505,156.55066096432682,365.7870035350799
855,326.46,236.86332453273775,155.52132330010818,360.4776566211628
856,272.53999999999996,250.07790299120873,164.78146304585613,379.26032713335115
857,258.49999999999994,251.24511598285818,166.03576596250488,379.9220029648518
858,232.32999999999993,247.10702791651985,163.7009559854961,372.75069824725
859,211.42000000000007,234.95989740148335,155.96580335262368,353.70829946724126
860,223.92000000000007,231.2305228848052,153.76026832923097,347.48101739277996
861,249.49999999999991,236.60012798900786,158.38023304527817,353.2084218458571
862,216.91999999999993,246.26658020301707,165.8762117039258,365.3839265105796
863,308.42,235.67826753919587,159.71690336073198,347.5420708960831
864,342.8300000000001,266.4168235476718,181.54289762184897,390.75316294402484
865,332.75,283.95081590875543,194.37914421939473,414.5866677145843
866,337.53999999999985,282.6986508627878,195.22536465488315,409.16575325479
867,321.41999999999996,287.45978057086694,200.15916085143309,412.64780333542495
868,183.38000000000005,282.97064753018407,198.7315702794625,402.7385203845454
869,209.37999999999997,222.23605599369657,157.16067732885332,314.0867683248694
870,177.08,235.51490265896965,167.60849799850612,330.7703427989585
871,302.16999999999996,215.30272965697313,154.4667706130258,299.9445084153408
872,277.16999999999996,267.12599311923736,192.4929112738244,370.5461600783861
873,126.91999999999999,255.30843774841503,185.14350785191252,351.9213348299871
874,175.62000000000003,228.2763664465027,166.41304777548473,312.9997324545977
875,212.21000000000006,237.98494952431795,174.34862223641304,324.7157391412939
876,245.61999999999995,225.0113803919417,165.8770667710303,305.10044300909664
877,188.82999999999996,248.17559250699296,184.06520960917888,334.49512646017905
878,159.32999999999996,220.10722292751564,163.95429780445025,295.37544872382915
879,346.28999999999996,204.82550389987793,153.04618555498436,274.0093285530751
880,356.24999999999994,285.9623577252833,214.35704886963194,381.37612923969397
881,348.38000000000005,251.87910774023638,189.21823512639847,335.1814554162237
882,333.17,281.4759056752487,211.89962161439175,373.78994411542027
883,364.1700000000001,271.78760153419523,205.06460424181782,360.1152717108795
884,360.61999999999995,298.6685555827807,225.80751741410816,394.9359205943331
885,347.12000000000006,295.678682470885,224.03136684353325,390.1376527960222
886,187.4600000000001,296.3663818456041,224.9685320035533,390.32335935410316
887,189.04,208.60977700906943,158.44779998757517,274.5526173532373
888,182.20999999999998,232.3420340086576,176.65737444703225,305.4804092977919
889,293.0799999999999,214.86795695361562,163.4766366606221,282.3166812346696
890,108.53999999999996,282.2460302627276,214.82294975496973,370.7320783108543
891,237.54,177.25361300649158,134.60387519982297,233.31742273623126
892,136.00000000000003,231.88594345628198,175.7106536186846,305.9190314725196
893,163.12000000000003,196.09291956511547,148.20184912657055,259.35614953905605
894,321.04,195.2073620071832,147.25992145858137,258.6610636716993
895,326.6200000000001,250.1988974303936,188.51809721739525,331.95440908665677
896,211.6200000000001,271.0173898635469,204.19875427210238,359.5941013172933
897,286.2899999999999,235.43680059137841,177.33905183844317,312.4611297840084
898,374.6700000000002,249.30477651944034,187.7821143545897,330.87720861504243
899,348.9600000000001,270.4754126764331,203.4886538210832,359.40581377352265
900,285.79000000000013,278.9375933534965,209.63468766583452,371.0425018355539
901,320.28999999999996,265.43235296745206,199.28853503257983,353.4196810677458
902,366.42,273.19996445470684,204.96665508848818,364.03782845170235
903,365.71,294.5234693726362,220.80110962512472,392.7497025945744
904,350.12000000000006,303.88350396959305,227.70237037402208,405.4406977538496
905,323.8800000000001,309.1414568701692,231.53954170362962,412.6402891519488
906,362.67000000000013,299.64203754632604,224.3289063723074,400.12756146192686
907,362.5799999999999,312.24991461224624,233.70040835515292,417.088360784163
908,361.8300000000001,318.53564811700755,238.3423379649654,425.5982829686479
909,366.5400000000002,322.00635751788775,240.88392821242707,430.33542508597844
910,364.38000000000005,328.15050295998265,245.43468633268878,438.6298881909408
911,371.12000000000006,342.7467051974542,256.3182100281053,458.20495607831026
912,336.3799999999999,346.0567623370774,258.75771390542445,462.69516605673857
913,365.5400000000001,333.5908610003458,249.39611551042566,446.09577078200107
914,356.1699999999999,339.1126941554035,253.50134918455674,453.5227170554677
915,354.00000000000006,338.8249458136247,253.2630066727772,453.1792976823042
916,359.5400000000001,337.50433425142256,252.25540859796436,451.4491103323264
917,356.3300000000001,340.1413650261956,254.51696479509954,454.4587247279638
918,248.17000000000004,344.0670113492857,257.70572058389257,459.2574773096904
919,353.9199999999999,302.27551919538496,226.32743850573337,403.59717994363706
920,358.33000000000015,316.80064861821546,237.81842456161834,421.9039382013837
921,361.9999999999999,326.562314238646,245.68386538382092,433.95779321615373
922,357.2099999999998,340.1219692562183,256.6066557448382,450.7126996303238
923,345.33000000000004,326.18127006839984,246.68618559718104,431.19036711908376
924,330.46000000000004,333.2717618066465,252.5824005276978,439.63630010914244
925,318.5399999999999,321.4757596106279,244.0680245801646,423.3336751687691
926,337.75000000000006,332.86729860305434,253.53720260067752,436.9217337882551
927,350.96,340.5607343397217,260.3960753403493,445.3102022124418
928,344.75000000000006,341.57430825835615,262.2710598291497,444.7655040202687
929,343.29,343.6528236334774,264.82513804166035,445.85604120673
930,201.67000000000002,351.66234453739645,272.88511509424256,453.09816890493636
931,306.2500000000001,322.09246238919644,250.4304599041643,414.1793672592546
932,211.53999999999996,339.8030282113955,265.69084823559024,434.5106476524278
933,334.8799999999999,275.19913869467035,215.32883535166874,351.63890776125925
934,328.7499999999999,304.9214279599461,238.7901287779477,389.2909621926826
935,319.3300000000001,318.1288188702943,250.2616083085104,404.3273547007683
936,321.82999999999987,322.2077660678693,254.44052564228426,407.95335532182384
937,317.82999999999987,324.6752424158675,257.93015254978496,408.62538537199094
938,263.1699999999999,324.59027881075366,259.22440793000135,406.3754283824907
939,303.28999999999996,310.8772950822489,249.3786353993212,387.48141748472784
940,318.1199999999999,311.8592625493035,251.28535885562437,386.9770059066663
941,318.6200000000001,315.80803560445423,255.55958118073926,390.20476795932666
942,281.00000000000006,318.4278283199555,258.7195911375066,391.862691098192
943,133.67000000000002,312.28234314200637,255.65981653059572,381.39654282946987
944,172.28999999999994,250.27838733640453,206.19229302540617,303.74506083410034
945,293.1199999999999,213.9719054539972,177.228516089972,258.2902704256004
946,285.9199999999999,298.6447087527558,248.58734966795924,358.74159589006695
947,189.74999999999994,295.3176091571859,247.09926680361627,352.9072349058267
948,243.12000000000012,250.1381605810068,210.20051997145973,297.6279376041994
949,135.28999999999994,267.63890940634354,225.76619128160797,317.2434878813559
950,185.17,208.8328871341178,176.69123055165917,246.78848335027357
951,288.8800000000001,202.0654922222821,171.63938351025186,237.85392367048746
952,240.88000000000005,275.64625169894725,234.98432247799843,323.31454672677546
953,291.8800000000001,259.0167169492444,221.63868206454808,302.6700202593822
954,297.79,278.40288517759575,239.00764768337007,324.2645196896111
955,277.12000000000006,282.66865326521065,243.51529231670833,328.0915021424193
956,259.75,274.07220287286555,236.87867184354405,317.08113021202917
957,267.0800000000001,265.45429230004453,230.14708896294147,306.15459235785687
958,120.61999999999998,266.9490529986875,232.12985625612558,306.9686838738268
959,62.540000000000006,202.59829903661972,176.53385864309712,232.48936190215892
960,199.1699999999999,112.57668855544136,98.09106258897222,129.1798956049879
961,187.0,269.6326274219409,234.46111774828682,310.0578074448812
962,194.11999999999995,200.86889602652744,173.25424037398605,232.8597390543189
963,57.54000000000001,239.74880535810289,205.42711967677928,279.77699951492156
964,77.41999999999997,105.22341898699258,89.34657591710639,123.89034173955622
965,200.50000000000009,133.8770691198202,111.46616740946436,160.75374508958203
966,272.61999999999995,232.50417851078473,189.92362836854264,284.5812130112443
967,279.3299999999999,240.3411436436072,193.60666158428575,298.2988376709685
968,207.71,239.30791975445123,190.49680681115055,300.56062264610676
969,183.42000000000004,198.7462558655933,156.58292195325623,252.19093108425898
970,277.6699999999999,195.68171818733364,152.8459212722398,250.44441886547355
971,275.53999999999996,248.7580619854831,192.413606696579,321.5165519228578
972,251.83000000000004,223.6363175725024,171.48294797815788,291.5592110063209
973,140.67,220.54456996228768,167.8811545332405,289.6303939917363
974,178.57999999999998,160.57430394338692,120.81567557222724,213.3094931925325
975,200.29,202.333711489325,150.8691131016401,271.2383596219049
976,238.33000000000007,195.38095683789675,144.51214648649366,264.0327215958393
977,228.04000000000008,219.99967237222754,161.64860430833556,299.2845022638099
978,183.24999999999994,206.76550949233342,151.03100791421392,282.93225518156356
979,237.25000000000009,185.17378512801602,135.2282743340161,253.43086935028384
980,237.54,223.38557885392035,163.18564098280834,305.65829055587676
981,180.70999999999995,207.20904212370965,151.68274273910092,282.9286512959059
982,225.92000000000004,183.79714306332679,134.76669145816334,250.53433229895734
983,101.62000000000005,221.15093333987718,162.4679427231097,300.90039931787635
984,37.92,132.67733291444188,97.28072965770406,180.8223104097371
985,120.61999999999998,75.64688595209743,55.03667291240306,103.83750766818856
986,110.88000000000002,203.56402269320347,147.61817644742365,280.5701307923758
987,181.03999999999994,129.98427764025567,93.53588588093737,180.48537805577567
988,170.62000000000003,193.10105562754052,138.3060743284329,269.44922468277406
989,232.75000000000003,161.28710244718783,114.91939246122597,226.20187762814209
990,70.21000000000001,195.85491297477398,139.01387405756273,275.77154869933895
991,42.74999999999999,107.14216714037408,75.5689383822227,151.73462791710608
992,62.67,87.24093901687647,61.237983021044,124.1078993987858
993,112.00000000000003,105.19696603856165,73.72625672042642,149.92145774127385
994,215.75000000000006,142.51575818731627,99.78364882191394,203.36621504421825
995,170.00000000000009,201.3534359140743,140.16108832735614,289.07223953441365
996,187.28999999999994,154.2155980834913,107.20134344709375,221.65788132469814
997,204.11999999999998,180.42618382074068,125.39683522593108,259.4136418203957
998,203.0399999999999,187.49278978253435,130.2794651152349,269.6404369397412
999,82.03999999999998,184.59230727715817,128.2254269777793,265.54587511157484
1000,62.42,101.71940875511162,70.4917376100881,146.5873616689214
1001,61.24999999999997,93.89462869560309,64.69646044715243,136.06964567018304
1002,44.5,88.6516224457376,60.663100017792225,129.3439724054414
1003,45.459999999999994,66.33632424214167,44.99300931595047,97.58412462848722
1004,177.79,67.99457625850793,45.847488104430326,100.61167109920017
1005,129.37999999999997,191.33153584263948,128.4732010697667,284.7071530938335
1006,145.83,118.44980339881982,78.82412175456811,177.74616367076004
1007,88.49999999999999,142.2421776783012,94.47125208113383,213.9162289040164
1008,149.53999999999994,98.3511866044216,65.06931536246954,148.39852525418476
1009,66.33000000000001,144.82773847038337,95.87067782130045,218.52700017869086
1010,91.88000000000002,84.15566134752228,55.46598448001199,127.4222125286916
1011,172.07999999999996,108.41499442558778,71.44163173449496,164.2591295710806
1012,114.66999999999999,142.82098696258956,94.09790491266888,216.5071712661651
1013,92.79000000000002,107.66271842804163,70.77132391940685,163.51676980949634
1014,140.54,102.96006997450803,67.60099364786576,156.544309118631
1015,152.83000000000007,121.9061345644853,80.03858269259078,185.40402400527762
1016,29.749999999999996,124.10042543057416,81.42962647903391,188.8603343409699
1017,27.250000000000004,56.486132710213376,36.72269292622198,86.60391153514696
1018,30.789999999999996,61.05306811623672,39.49917823835483,94.07805911458252
1019,123.91999999999994,53.95297585929745,34.67921236966248,83.63834695970606
1020,133.07999999999996,132.85673717663647,85.42105229811538,206.32941350641096
1021,146.12000000000006,107.69902066136284,68.84365017684075,168.17038360428137
1022,144.45999999999995,119.3074270632039,75.98877696131153,186.99983033684967
1023,22.209999999999997,116.88958690814523,74.18116639221516,183.85952490904992
1024,97.08000000000001,41.93876810396865,26.255357744695377,66.64680264177545
1025,16.96,108.85786784056893,67.31583239440579,175.66111505162877
1026,30.830000000000002,49.81549058348339,29.724712004076153,83.04355695498512
1027,33.58,55.568583721952486,32.39629420324517,94.81915421012786
1028,44.5,55.44439846286949,31.653550123915515,96.56887400435437
1029,21.499999999999996,61.672314093697146,34.63640472966503,109.21928232253383
1030,59.24999999999998,44.777303779840075,24.59320855684318,80.87959460797828
1031,11.879999999999999,60.42603830906248,32.85204817121437,110.46026270737926
1032,47.54,33.769862405815964,17.929086083057282,62.866967819511096
1033,123.61999999999996,46.028412764986626,24.39528105785731,86.08986532400145
1034,123.57999999999996,75.40945060853038,39.88462050393207,141.8019649035494
1035,115.45999999999997,86.40046997514595,45.423113871863364,163.54825010146988
1036,47.49999999999999,92.77805712178746,48.460200874992516,176.8060711836638
1037,27.83,64.86716839732028,33.54454993228276,124.59097979813379
1038,16.29,48.887787794966144,24.9224760335677,95.00901425669258
1039,26.670000000000005,36.107672699382476,18.130304798106952,70.97895630501166
1040,14.96,40.89796191277325,20.55219167937519,80.45061247409471
1041,20.42,30.29621169242276,14.996457063274375,60.22936237834975
1042,38.88,32.01381906456088,15.783257879498038,63.94044583316388
1043,17.920000000000005,43.355756819338616,21.445624421928514,86.65330498420876
1044,59.16999999999998,31.667482914476743,15.320433498931099,64.38824106832232
1045,33.04,49.17169160895805,23.793847941394517,100.52513013931201
1046,30.169999999999995,41.58302062632544,19.849730709135287,85.97060268829065
1047,49.669999999999995,38.74733510804649,18.30874193351105,80.82048595561032
1048,27.119999999999997,42.95782483298704,20.401466500741336,89.28775499943609
1049,16.459999999999997,36.42938796907268,17.257328784073323,75.73406664842892
1050,47.46,29.50456640248409,13.791757392970736,61.90858798466789
1051,74.70999999999997,39.79813080131161,18.68389464097824,83.56088123006786
1052,30.04,50.24301551843291,23.61778160584567,105.66463296590584
1053,54.499999999999986,38.768204824373335,18.182158259015978,81.44693290495458
1054,21.960000000000004,40.044995974309394,18.86583665807595,83.80346050999094
1055,53.96000000000002,33.787346914700876,15.88613811453347,70.66585380005836
1056,78.92000000000002,38.912695055167866,18.42196249127564,81.0217435432907
1057,40.79,45.14162360371432,21.491629860678444,93.65963302681818
1058,31.789999999999992,39.354173823705096,18.74975533508094,81.4546591775351
1059,31.17,36.23792147556562,17.28698524630662,74.82785118178253
1060,32.96000000000001,35.6888951046636,17.069753391637068,73.49327031900674
1061,32.71000000000001,35.654544466140564,17.097441953422408,73.24008506164577
1062,16.67,43.314536686783235,20.925352588614718,88.56654876254977
1063,41.57999999999999,25.759522123564444,12.22945574074744,53.12709625506319
1064,18.709999999999997,37.673512716390235,18.106934226651774,77.27737135026958
1065,22.46,28.44781876648619,13.576877677644298,58.48969657842091
1066,53.75,29.82685839097887,14.32758393420959,60.99902100268414
1067,37.96000000000001,31.962410616717214,15.4538751829187,65.03432331813381
1068,14.419999999999996,32.670295528238626,15.907233494161936,66.05347751602227
1069,71.83,28.397516476722966,13.797858983480321,57.40128466989506
1070,44.57999999999999,32.31571932810659,15.75539993557415,65.24354886287237
1071,29.920000000000005,31.918955573562805,15.543462420224383,64.50367804078488
1072,30.119999999999997,33.53530866536625,16.396148737700678,67.56043613994551
1073,45.21000000000001,35.3179972894598,17.37794597371597,70.77063905855589
1074,32.03999999999999,33.44458634572202,16.59711908152102,66.42180484382735
1075,23.419999999999998,35.06082066674869,17.57290760267051,69.01503560877208
1076,49.28999999999999,37.714107773138494,19.07745612794159,73.65000202811264
1077,51.00000000000001,33.64524934938365,17.072947633257424,65.41380956984656
1078,30.420000000000005,32.66904534308058,16.677192681719923,63.128090626442216
1079,39.46,35.02450973185851,18.017708555624917,67.2398353947287
1080,38.79,34.44470724082015,17.876728867220997,65.55428915806655
1081,67.11999999999999,35.322272417488634,18.48907855444247,66.69470757094994
1082,18.88,34.29534691426053,18.058655397679804,64.36460667365124
1083,60.75000000000001,40.60867289139355,21.589244107986385,75.64185890889985
1084,38.25,31.834084390597432,16.907473676755362,59.202634789756104
1085,53.17,34.58523290040187,18.501000369177593,63.935581590845686
1086,29.749999999999996,32.846337156343374,17.644869714465766,60.4418098085216
1087,17.17,37.18039548350289,20.3458664421027,67.29156376624884
1088,23.999999999999996,42.77060728128897,23.52525846121383,77.11807833963208
1089,22.12,38.21924294711035,21.057796885082638,68.73266756231183
1090,37.50000000000001,36.059956987399104,19.901525401871215,64.7100563476058
1091,52.74999999999999,33.199488015590546,18.33398148678366,59.49478123934487
1092,57.50000000000001,31.520588835430146,17.508239472821824,56.14150715177992
1093,71.75000000000001,32.616217771927516,18.240875137734456,57.731741108461584
1094,39.62,29.679967375016712,16.563014245597433,52.593328854017074
1095,72.08000000000001,36.21706417679721,20.308075687576356,64.00398657526019
1096,29.170000000000005,34.19670810177386,19.106179913271564,60.61330827363024
1097,31.540000000000006,38.648202472637486,21.60594201170106,68.53835228355382
1098,21.790000000000003,38.229393756406495,21.38362496498235,67.75317724018164
1099,37.17000000000001,41.399439758716206,23.202228859004123,73.27879896211252
1100,41.96,32.81086623682769,18.354970054259883,58.06362409654312
1101,21.29,41.15601685425191,23.190820136416153,72.46298087433306
1102,22.539999999999996,37.13677490131479,20.87462304635501,65.48862459442033
1103,58.88000000000001,33.05396928802574,18.57447441830659,58.2441359848335
1104,74.08000000000003,33.760620854292405,18.96667661211264,59.515867795588036
1105,61.50000000000002,41.451555503923124,23.36987903479643,72.9492617968885
1106,19.71,42.1614670184409,23.764880851419225,74.22395307939478
1107,22.419999999999998,34.6354447931234,19.42077343949998,61.18593675533376
1108,72.46,34.17220173772674,19.133627193549632,60.44366155124213
1109,38.54,35.46478796599313,19.825979369529144,62.84721399226568
1110,21.29,35.00895620906901,19.52580302281615,62.17145915437853
1111,36.08,34.64556648448735,19.312934406042245,61.55159321649046
1112,41.120000000000005,37.62200336996521,21.00380742250071,66.79095615898997
1113,55.50000000000001,37.579150373667744,20.99330444691467,66.6729068679291
1114,35.83,40.75694314692879,22.817715105262735,72.20779064111696
1115,28.709999999999997,34.89219381742073,19.533403437189953,61.739213251614515
1116,73.75000000000001,35.10038870474539,19.704699006658505,61.94407198165959
1117,64.58000000000003,48.37177884283915,27.377067248222232,84.89938222946303
1118,74.75000000000003,39.87462841787038,22.59892084106549,69.7971037977152
1119,65.57999999999998,48.498592067355204,27.61084409293351,84.635733384587
1120,61.16999999999998,43.98462696906858,25.027144436685887,76.75023758249543
1121,74.46000000000002,46.24218952253723,26.35604466516142,80.58432617730033
1122,96.95999999999998,50.83018345992777,29.033973096072266,88.44430724821693
1123,90.70999999999995,58.15712330500417,33.214234442323736,101.28389717802459
1124,66.12000000000003,56.34239999580713,32.1108190366806,98.3074449060437
1125,37.17000000000001,50.486479831435425,28.68844108996492,88.28921519994638
1126,61.16999999999998,37.706536877229475,21.29300564310956,66.20475565354714
1127,98.54000000000005,62.86675100295271,35.74732511205851,110.00023937074714
1128,99.49999999999999,59.565293650571775,33.81820228072973,104.35164237959937
1129,58.000000000000014,69.91609680648047,39.73936058375485,122.44555030329809
1130,44.620000000000005,42.39584878635847,23.977122937511268,74.39698213440965
1131,60.00000000000001,50.51667441787071,28.767663060941224,88.1560663544066
1132,59.74999999999998,56.724986868782054,32.46632748461276,98.56796456178637
1133,114.21000000000002,52.53910877382546,30.127593754401186,91.08666082293057
1134,88.08000000000003,88.93434426724887,51.29306177442501,153.6703521333252
1135,97.32999999999998,52.366634423493934,30.033144666559114,90.77277070344121
1136,86.38,84.9480652805145,48.983185192111335,146.79110008838447
1137,130.28999999999996,57.55611974928269,33.13412469207769,99.45135743258538
1138,132.58000000000007,97.52715196928945,56.43659983501485,168.014177424574
1139,110.42000000000004,93.20986998938294,53.921585161357605,160.60312156578408
1140,41.169999999999995,87.54356234824672,50.61969519992111,150.87928566710784
1141,80.24999999999997,43.93233450306607,25.195545484633108,76.07091593415237
1142,111.53999999999996,75.658860704203,43.69298265773234,130.48777671587527
1143,62.67,85.60255125190805,49.49110818234927,147.54104323186993
1144,113.83000000000001,61.90749928254137,35.87217370782088,106.32628614036814
1145,46.580000000000005,91.96207520764527,53.44543432515678,157.72676072893117
1146,70.33,59.13331839382325,34.074708688451175,102.09468321382079
1147,109.67000000000002,73.83373864865403,42.52161263216233,127.67373475946548
1148,164.03999999999994,78.56937246227737,45.16074488405136,136.15734115521377
1149,143.25,94.66946797365503,54.12692905030113,165.02860453211136
1150,162.79,93.29584648194006,53.27563434361667,162.82501598143654
1151,123.28999999999995,105.9535693567465,60.46154261863126,185.11745671806128
1152,168.92,94.9821914892196,54.20980014059423,165.86495983707545
1153,65.49999999999999,115.72945774136244,66.19867660811373,201.76837271743702
1154,58.000000000000014,77.27750440894195,43.99920304948646,135.16613809256899
1155,83.87999999999997,74.28094017034319,42.3157933885395,129.83495671189127
1156,109.74999999999999,85.39582621697589,48.74946118150223,149.03657548132884
1157,71.87999999999998,94.2248995242896,54.231277781865934,163.17837597790054
1158,83.03999999999999,81.87004547442196,47.361554389931065,141.00214454568018
1159,160.46,87.26068224836013,50.781592550376494,149.43855639178005
1160,168.92,109.28644355867394,63.56506646652011,187.38514847851485
1161,157.88000000000002,114.69656708376573,66.60879390955395,196.98749335590117
1162,113.67000000000002,114.47354329845865,66.37385017912237,196.912679273196
1163,157.16999999999996,100.4567832473827,58.11765483429314,173.11852509642048
1164,197.61999999999992,114.92265468990465,66.47106674162939,198.1677695242906
1165,138.54,131.95816944756473,76.45552184426796,227.23259597153657
1166,94.96000000000001,114.90772118584844,66.57399703801312,197.8131591940443
1167,47.28999999999999,99.9362992976792,58.16779472559812,171.1905736585264
1168,49.24999999999999,74.94212346850229,43.50876339018742,128.57462031346185
1169,51.07999999999999,76.24611305003404,44.26635194510081,130.8189278556265
1170,123.49999999999996,73.09016250598755,42.41152737065245,125.44918326173931
1171,154.79,112.60124917934796,65.73007698214606,192.3947089340413
1172,97.87999999999995,122.16067526044918,71.50041296844485,208.22021419673564
1173,73.41999999999999,97.09636800438723,56.8511187697408,165.3390029491608
1174,169.92000000000002,86.59046896871588,50.735367508314724,147.29488266274615
1175,89.92000000000003,139.93578367380675,82.11910294544961,237.96907468775152
1176,74.92,87.02136576868847,50.845877420302415,148.43832021543307
1177,94.08,89.44649455164402,52.21663813780227,152.7220061796713
1178,223.11999999999995,102.30323814748917,59.72531349323158,174.7349348710453
1179,219.75000000000009,163.78493785625784,95.58392443730668,280.14487894842864
1180,197.75,146.30082772592945,85.12203865627137,250.93938958345765
1181,201.29000000000005,147.01177524141,85.3552795377592,252.69017073860007
1182,189.12,152.54822788333198,88.61630435326592,262.0889374010704
1183,234.92000000000002,145.36893454465044,84.45122418777919,249.71454743184475
1184,46.83,183.11548452167014,106.86470490183154,313.26880249197956
1185,179.16999999999993,54.8068469277488,31.685615114553926,94.28363327727111
1186,180.83000000000007,137.56594711285177,80.1379075740886,235.64058235355978
1187,143.71000000000004,136.55720543751352,79.53117373810731,233.96472098263266
1188,159.20999999999995,127.14054101812238,74.00558871953018,217.91699715626137
1189,116.03999999999999,134.85657659388116,78.76947811825839,230.37934256566837
1190,134.25000000000003,119.54445702767387,70.40187749877724,202.5095802676275
1191,255.6699999999999,129.78194075205934,77.04507845038815,218.15431909967023
1192,241.87999999999988,168.441333178692,100.1364058320945,282.8776517037508
1193,183.03999999999996,164.91211630037265,98.65583918513735,275.2189407098357
1194,187.5,147.52468827108413,89.10323083377565,243.82566076591306
1195,174.42,154.04079377104304,93.85433945739814,252.41642639292337
1196,235.87999999999988,150.23302401171264,92.19163639612377,244.4236070553491
1197,253.03999999999988,173.37297593018496,107.10871357348263,280.2533211218134
1198,297.92000000000013,193.57620557673812,120.2620164550701,311.2156540310285
1199,270.6699999999999,225.66652186648832,141.00789604014676,360.7947562614853
1200,240.38000000000002,226.81081628453904,142.36594472771648,360.9950896622856
1201,247.08,217.847518842217,137.37035034933544,345.1307742769949
1202,121.96000000000001,210.59892162388212,133.40537702578683,332.12732439119236
1203,189.12,160.72319464996423,102.06246556221929,252.7722297357683
1204,167.16999999999996,170.5304631863932,108.61771524064478,267.4119052869025
1205,242.42000000000002,167.7735140270533,107.1118645199061,262.4724612652966
1206,106.08000000000004,191.13880610451687,122.32732007982351,298.34422305920884
1207,270.04000000000013,152.46915838585085,97.59025776659747,237.89563846582308
1208,233.42,182.74385752378524,117.12426025751198,284.81601361244543
1209,287.62,179.87396276573025,115.35567148654648,280.1671316800527
1210,226.28999999999996,200.88963227652434,128.82985094097566,312.9449311952195
1211,143.07999999999998,200.16979968186791,128.3287284019424,311.91800981965775
1212,225.25000000000006,188.48343001851077,120.8955356200355,293.5470485768838
1213,211.42000000000007,191.7265915553263,123.23178085199041,297.9858057076903
1214,232.32999999999993,192.64809456694735,124.03961552004648,298.9016301629415
1215,166.79,195.80823134926106,126.26514946860321,303.3526062598933
1216,147.46000000000006,188.64445127373662,122.09107182895112,291.1821815711711
1217,222.57999999999998,184.4974257858218,120.12038154021013,283.0916989824962
1218,263.7900000000001,198.4911987567198,130.25725192256775,302.19649237262917
1219,201.37999999999994,208.12439132447145,137.69369576463745,314.3208284322121
1220,86.75000000000003,200.6654598405437,133.65365496070558,301.0263928562941
1221,145.61999999999995,181.01001388824608,121.0523202471119,270.42167464352997
1222,95.75,222.0350321584139,149.1095601372215,330.3887904569906
1223,143.99999999999997,164.04110603739045,110.42284159236503,243.46124594179807
1224,140.17000000000004,170.566457914639,115.30263991744943,252.09012333914626
1225,187.95999999999998,166.33754371118968,112.83069779400277,244.9956240096914
1226,259.6199999999999,181.97440736606544,123.83571557175954,267.1895449361021
1227,197.38,204.8819287907682,139.94832659920044,299.7298463580865
1228,196.61999999999992,197.9731338154921,135.6171897274796,288.7900920032936
1229,171.53999999999996,194.75685324269827,133.74315507251194,283.3984584661167
1230,189.08000000000004,186.6408228457228,128.42973775375438,271.0323706844458
1231,202.8300000000001,193.6856424504584,133.5303033946412,280.7394922923924
1232,251.75,187.52529613772035,129.6231537245893,271.0940834023405
1233,88.75000000000004,193.38495215628308,134.4366790230093,277.9902255236271
1234,216.96000000000006,187.58831114158434,131.02253818952119,268.38999648817475
1235,156.28999999999996,184.32816883921538,129.264310798431,262.6679989689886
1236,227.07999999999993,181.50260249715822,127.71855991960652,257.7598862125116
1237,286.21000000000004,174.03378093393783,122.81089662527758,246.4485308086755
1238,218.17,193.78614231834737,136.66919340298978,274.6000838052378
1239,266.00000000000006,199.5924088608349,140.6735134134984,283.01437589221683
1240,164.70999999999995,205.1332515832015,144.98115640246064,290.0712482035608
1241,234.49999999999997,185.96112191793245,132.4523976639578,260.9245642691989
1242,130.75,191.35120037304623,137.22364986798843,266.6747743261587
1243,210.12000000000003,181.85525493712072,130.41425694144016,253.43239596917502
1244,222.71000000000004,180.75752926026288,129.63750985254703,251.88142341417438
1245,183.96000000000004,188.7250806074624,136.1394957271596,261.4743952910671
1246,292.50000000000006,184.76389495154768,134.06169914554155,254.49970780675443
1247,274.4599999999999,196.0398585559597,142.9720277311777,268.66839650439243
1248,249.79000000000002,204.7338451077445,149.80641424188784,279.667206601222
1249,200.08000000000004,209.92339210281023,154.03164270971845,285.96514181596143
1250,156.08000000000007,198.81453061350965,146.20649431006078,270.22340513185134
1251,155.28999999999994,185.04036072090386,136.46776103188554,250.7755112715921
1252,159.70999999999998,173.43306668821245,128.21776300079296,234.46990791093987
1253,265.8299999999999,179.17556152706928,132.75931772592304,241.69885286132282
1254,269.61999999999995,197.43398897182172,146.58382707751664,265.8046273023349
1255,159.70999999999998,200.71200961022015,149.25530848651144,269.79066444195627
1256,237.12000000000006,203.88994642041615,151.97027179067112,273.43168958742183
1257,184.62000000000006,196.24528355003773,146.54791937982588,262.6818061973589
1258,224.50000000000003,207.53434669457772,156.06985898934929,275.8613534840132
1259,140.58000000000004,197.00862418053893,149.01678039873028,260.35353088941343
1260,70.79000000000003,212.24893392442794,161.3685857587918,279.073313488491
1261,206.17000000000004,185.61812049562647,140.94814155084597,244.34539527483238
1262,287.2899999999999,193.90823134520687,147.12648824134047,255.46472212465716
1263,238.87999999999994,199.37088657635888,151.02168882175553,263.0971331036187
1264,249.24999999999991,213.9809118600323,161.87294999950177,282.7597800267777
1265,154.07999999999998,200.17266684859706,151.22621340870114,264.8572461388136
1266,220.04000000000002,190.68954496670068,143.90040384759087,252.5871583090256
1267,256.82999999999987,216.32981869276153,163.19429010807173,286.66073449899267
1268,291.2099999999999,201.44432847357368,151.8786277607314,267.0800235547595
1269,372.38000000000005,218.9889557098826,165.06346826003815,290.42556843714067
1270,306.4999999999999,215.75284812513388,162.34494400977576,286.62321022648626
1271,280.79000000000013,238.8442146469152,179.48771211454616,317.72112857792365
1272,373.37999999999994,211.15560669902868,158.4570733258311,281.270334674088
1273,358.33000000000015,279.35718436837567,208.99179896379033,373.30104992108147
1274,317.9199999999999,236.64628851727235,176.47935597819108,317.2102962610169
1275,207.25000000000006,258.2700541176293,192.56662378927984,346.2755769886051
1276,257.38,191.56322269813026,142.7254161316263,256.9960854100477
1277,345.2099999999999,275.7602311607891,205.518161006312,369.8934128550193
1278,339.58000000000004,251.54034513154892,187.4063426364135,337.5057266476318
1279,184.79000000000005,276.21936816498555,205.6438170732686,370.8987539731
1280,157.03999999999994,177.93616967756554,132.0755940413535,239.60123908918132
1281,297.46,217.6849776558658,161.31940566018673,293.62354952471617
1282,231.16999999999993,272.3112338889588,201.5291359303625,367.83103375106293
1283,260.46000000000004,202.14338769817388,149.32093602686118,273.5275345951575
1284,257.16999999999996,272.63322201134514,201.23873760108057,369.2314456491644
1285,311.5399999999999,219.5396962472854,161.83179975162375,297.69937994319747
1286,296.79,296.68166168725503,218.597768416903,402.53038349940033
1287,356.66999999999985,220.9481778817184,162.60904390687855,300.0896738266671
1288,361.92000000000013,310.8148752126054,228.64868693358716,422.37937003737585
1289,276.71,262.8827936163085,193.19941280932886,357.5702333462577
1290,354.00000000000006,251.737968321133,184.8773944822437,342.64846144427725
1291,338.54,280.5071655221215,205.92211076868165,381.97639602608047
1292,354.88,283.94689560718274,208.35268331326125,386.83707966463635
1293,357.17000000000013,303.46079579029964,222.60090784948346,413.56171651888343
1294,238.71000000000006,307.487834177962,225.48198924280894,419.1868067035771
1295,344.17,251.48622605924123,184.3639321966755,342.9142318258482
1296,356.08,331.28409839657763,242.94404877823368,451.61494428831605
1297,329.5000000000001,284.5677509439232,208.6447483778335,387.9863257256437
1298,330.62000000000006,314.396353833332,230.5402664431663,428.6222922235316
1299,340.8299999999998,292.0158462819259,214.10809131874913,398.1401980555331
1300,333.7900000000001,315.8434480034258,231.5984315268197,430.60123601746716
1301,317.0,307.5595934924724,225.51556760701195,419.3199971730886
1302,338.25,303.15482023052124,222.63442831243165,412.6668730640081
1303,337.53999999999985,313.38260717056147,230.61903450130453,425.7197810584212
1304,318.24999999999994,311.1412109554917,229.36041693540176,421.9551972207229
1305,325.49999999999994,303.40030069757233,223.97366326050283,410.8684014914206
1306,336.2099999999998,308.2867506171189,227.86706382088389,416.9644397507545
1307,339.2499999999999,311.20494923615564,230.26868868635688,420.46617806849116
1308,223.75000000000009,314.075501483654,232.72619327783784,423.7387519684949
1309,315.2100000000001,266.093552660956,197.37159951775243,358.62287971906323
1310,330.3300000000001,296.88648788961194,220.46838270958105,399.6728119903729
1311,236.03999999999994,304.41774935061216,227.33119266035376,407.5293845819341
1312,288.9599999999999,282.68766504271184,212.08501556698772,376.68348507868546
1313,315.62,297.8456473308173,224.36924770145146,395.2773175108756
1314,322.53999999999996,303.29062152160526,229.47046889137224,400.75551684084354
1315,324.2500000000001,314.2316611135928,238.63690221442863,413.6731961987942
1316,199.04000000000005,317.9620787117391,242.23187927835681,417.2708613605912
1317,182.0800000000001,328.5707852798719,250.9904538194927,430.0357827594396
1318,292.25000000000006,289.3981276418348,221.54100366822993,377.9462218100103
1319,165.00000000000006,317.9615055054888,243.9358998897247,414.35945543357195
1320,273.00000000000006,237.71561335904576,182.60902594456277,309.36134399292007
1321,310.03999999999996,253.38228215592216,194.9559503163278,329.2290406103748
1322,304.53999999999996,271.07365970156786,208.854231415726,351.7404513314825
1323,292.42000000000013,284.31137229666933,219.40304286450686,368.33509675658627
1324,300.4599999999999,288.83292503126023,223.18853745050995,373.6985701743113
1325,286.54000000000013,293.11919244009704,227.63580957585526,377.35761389299967
1326,217.17000000000007,292.021463593278,227.86764105686547,374.15822564454703
1327,128.71000000000006,273.56059901615333,214.3166607841491,349.1053855171919
1328,280.88,198.4157812890713,155.92431426857576,252.41295268666997
1329,155.71000000000006,259.7860775563857,203.92168122146686,330.8798569378554
1330,232.6199999999999,220.93577040900777,173.17975970302405,281.78536077337725
1331,196.11999999999992,233.2208101913578,182.62960655463337,297.75023399548763
1332,163.17,226.10460177122877,177.6704707293464,287.6682949629518
1333,251.61999999999995,207.4207774855142,162.74054514599146,264.29300027024897
1334,173.29000000000002,228.23262882205614,179.6619020933172,289.86153476635144
1335,263.7900000000001,213.46309939040742,167.73943871320893,271.5765911685431
1336,271.49999999999994,233.39127527414826,183.93528148899287,296.07295158772325
1337,273.2499999999999,247.50624438013872,195.53857328168016,313.2149272011511
1338,231.45999999999998,250.81623370123316,198.55910851846537,316.7575607860894
1339,242.61999999999998,247.11163348464302,196.2957492415563,311.0157575977396
1340,249.16999999999996,244.482531722372,194.77243745632475,306.81490062547374
1341,165.04000000000005,246.7781606438208,197.37729691996373,308.4810638376869
1342,245.28999999999988,228.34622370306252,182.96581964455174,284.92099569629465
1343,234.20999999999998,234.6816368080085,188.62347112807464,291.92699684305177
1344,253.03999999999988,236.40235604631408,190.78599514396666,292.86858312586173
1345,186.28999999999996,238.7507489313116,193.35357311881526,294.7518130010657
1346,242.7100000000001,235.54663632118005,191.03574850212564,290.3744528886259
1347,229.67,230.94256157976173,187.53135611985476,284.34962554441637
1348,246.71000000000012,230.1837121759826,187.1124484984078,283.11680992988585
1349,198.58,226.98686547993424,184.67725960968576,278.9374082783707
1350,125.82999999999996,229.3014412593876,186.7050015265501,281.5644144524782
1351,201.78999999999996,209.31778979813603,170.2810291827189,257.2514416023593
1352,64.12000000000002,210.73366554270038,171.31739739443444,259.16609931456674
1353,173.74999999999994,142.52634888012025,115.1551859340164,176.3473363002493
1354,83.87999999999997,174.10338598527466,140.03733873784648,216.39771934083117
1355,187.24999999999994,135.4220727963045,108.28228922407735,169.30190416197635
1356,167.58000000000007,164.07285583813044,130.24247417905062,206.62369732058727
1357,211.25000000000006,169.4132201873747,134.01242237277674,214.09624895439453
1358,222.16999999999993,182.52955295637688,143.96975326547894,231.34568625280514
1359,214.8799999999999,193.65489415766763,152.36721287576543,246.05754971387444
1360,93.74999999999999,202.1833177080206,158.9472850027259,257.1066667942183
1361,138.49999999999994,167.60263436452848,131.08869254365322,214.21030882536937
1362,200.91999999999993,163.3897097758806,127.26303297738536,209.69185760610367
1363,200.29,177.13811365413102,137.50819770917298,228.10692696242128
1364,204.28999999999996,185.3715207332233,143.48280603944178,239.40468684510657
1365,189.17,191.779846855051,148.68368415210807,247.28403686063012
1366,156.70999999999995,191.08039567679765,148.91124761251987,245.11147589618122
1367,49.46000000000001,183.0269533299608,143.25643834074077,233.76192772702885
1368,103.41999999999999,127.43753088379438,100.05619002044867,162.2378910800777
1369,184.95999999999995,129.8104311515345,102.24950367907856,164.72834045998056
1370,185.67,165.10106088684387,129.9552366206024,209.6793369986895
1371,182.96000000000006,173.99870003251297,136.8365592455569,221.18013262005172
1372,181.54,173.85399101461954,136.6091832851128,221.17934474906718
1373,171.61999999999995,171.9158419760286,134.9886237092303,218.8705126261927
1374,170.75000000000009,170.62068066484994,133.88975091528891,217.35356527838326
1375,145.67000000000004,168.27072472189914,132.48579586747005,213.64889250332197
1376,161.87999999999997,161.446940413557,127.62607526698949,204.1606440991844
1377,169.29000000000002,161.75388370739785,128.38354163790132,203.73103708950885
1378,121.00000000000003,162.95635654337423,129.82275451865817,204.4817371021196
1379,162.87999999999994,153.54419064213494,122.66228715984695,192.13816208461353
1380,159.70999999999998,156.70224475725874,125.49331993737648,195.6111571250626
1381,160.04000000000005,154.43712351145373,123.97107811653721,192.3303267415581
1382,143.78999999999994,153.45194884371494,123.42838106754655,190.71996209346736
1383,154.79,153.12124162445517,123.51685729279433,189.76418756706184
1384,155.08000000000007,152.1709128887188,123.05738109371431,188.11674862328854
1385,155.32999999999998,156.23111027365096,126.61547667717966,192.71962305498118
1386,150.17000000000004,155.54654386955812,126.28848689959717,191.52974871823255
1387,144.25000000000006,155.7302882605071,126.63278045477729,191.4613972264381
1388,60.61999999999997,153.81406880801464,125.23617657010898,188.8615480292346
1389,20.08,103.3117591235023,84.14500358759308,126.7930898228899
1390,43.120000000000005,38.40392373328785,31.192150258406812,47.23129841018599
1391,61.78999999999997,102.98168149078435,84.01474910337794,126.18016814356884
1392,28.460000000000004,78.92409351352563,64.31216069044171,96.80507422247382
1393,63.88000000000001,35.923073035857854,29.15015409818879,44.21745786013052
1394,24.880000000000003,118.0877892706208,96.18136388393764,144.93231651184726
1395,37.12,37.85488734731767,30.636171945396764,46.72076322566633
1396,44.92000000000001,43.019505242628796,34.77276990916552,53.16736939091071
1397,107.24999999999996,49.235183230956444,39.757653325937554,60.916558690630076
1398,57.46,88.63100753713174,70.86532228945153,110.78851295989476
1399,20.92,67.82328831116939,53.629528132694425,85.70484948098206
1400,29.209999999999994,35.65270529504325,27.71037983937579,45.79216412186971
1401,54.17000000000002,33.88980523805148,26.150736125979,43.83482524749671
1402,35.879999999999995,50.84140661482076,38.92933327016444,66.307195480054
1403,33.25,43.34756387131135,32.86003751371685,57.08340940329197
1404,63.42,39.55045102728741,29.858714495843106,52.28605242898044
1405,51.62,55.75842540605447,41.787315626573644,74.29144578011062
1406,20.829999999999995,55.662713155028506,41.37397874411897,74.76968595460595
1407,98.70999999999998,34.88652794604075,25.59621494465437,47.42203639510028
1408,108.33000000000003,60.15164071765358,43.51082681621981,83.01378787909414
1409,62.42,83.07719159439381,59.26699352737385,116.29428884136402
1410,83.62000000000002,71.3661244083523,50.2010490943814,101.28024727055431
1411,99.58,76.98985762093349,53.572337380383054,110.45606334098316
1412,63.46000000000001,85.17991648966111,58.738284539787394,123.32526416486542
1413,95.04000000000003,71.31614533599132,48.728729059086454,104.16305112166667
1414,57.749999999999986,78.72001104765435,53.44851531738695,115.7209082633831
1415,28.57999999999999,55.11155453050054,37.103125683416096,81.63118826494808
1416,94.28999999999998,43.06829484213691,28.778356037858146,64.21564212022206
1417,95.21000000000001,77.13444458314403,51.29994582751547,115.73035858298185
1418,89.03999999999999,55.833293323403,36.73663183930696,84.59384005807138
1419,68.67,62.43212802171078,40.80065339718838,95.2577026519242
1420,42.54,51.546724619054196,33.40534324815027,79.2537631517211
1421,18.46,49.85250377508274,32.11449012280859,77.09201140058126
1422,81.24999999999999,40.92198703868505,26.161632078362224,63.70351237368084
1423,75.49999999999999,55.578619287830705,35.29526019875681,87.19719552876865
1424,19.210000000000004,50.15598848013593,31.540564422092466,79.42070578232223
1425,44.330000000000005,43.376949369311916,26.785678352100714,69.875132518677
1426,57.33,57.09920925412634,35.10030144556006,92.50387616693743
1427,28.619999999999997,54.13727007974506,33.25988229990734,87.73698179211117
1428,33.83,42.64517787426822,26.119200039616167,69.24180465846342
1429,20.04,57.72163479882402,35.48704939066066,93.50559721962829
1430,32.58,31.47980168231915,19.18152478625093,51.27243870302007
1431,28.120000000000005,55.83771990760951,34.31646727183788,90.47365673440284
1432,56.71,38.17322853602738,23.3405267799917,62.044725687582385
1433,69.75,63.32028375212471,38.96580439433,102.51596732882906
1434,22.750000000000004,47.88936166231039,29.369107428299394,77.70398197876933
1435,28.329999999999995,42.91808719060782,26.281049753717696,69.70103239773556
1436,28.790000000000006,48.001477561896806,29.40926857459535,77.96095222938217
1437,14.750000000000002,41.95124712974317,25.631412684157276,68.27194031647174
1438,13.580000000000004,31.455976079332736,19.10737453994036,51.38826089253039
1439,21.29,23.360912727172693,14.084690237023583,38.34148196456576
1440,51.75,23.48940870793893,14.153643525136534,38.57669572137251
1441,68.88000000000001,53.502279412725876,32.6892849491029,87.17339001616129
1442,18.580000000000002,48.814756429072865,29.691711905044592,79.85277112483216
1443,40.79,25.595821410811737,15.333094038676485,42.307025285033475
1444,29.749999999999996,54.278296446572654,32.92257718177666,89.07835818785303
1445,19.830000000000002,28.814041823506628,17.226569524757164,47.76820559384145
1446,17.879999999999995,36.256030410944014,21.686872629871665,60.181275384497
1447,14.079999999999998,27.70756896562909,16.430360007645575,46.28098074594329
1448,26.119999999999997,28.639304565461053,16.93369181581279,47.985361416190116
1449,14.039999999999997,29.836033334543988,17.616154236814562,50.077195628768656
1450,33.669999999999995,24.455316028664726,14.322440543242523,41.28915832895584
1451,62.45999999999999,40.204290565886076,23.603355478843785,68.00658580891077
1452,16.21,32.34405858160239,18.608817705830972,55.70032020149357
1453,7.210000000000001,21.155336181579166,11.87295208343522,37.131029940709794
1454,19.540000000000003,21.053073296619093,11.651323594637786,37.44167277739908
1455,5.250000000000001,30.436304129275566,16.72221750198995,54.76284216110894
1456,8.959999999999999,11.952047711493432,6.178417381622351,22.36943242535289
1457,13.330000000000002,34.72828905569606,18.273392213920243,65.23175747574983
1458,19.58,18.79164949134171,9.326208007642167,36.93351725030449
1459,14.039999999999997,22.332746986192365,10.989606373533,44.40741913958636
1460,32.290000000000006,18.91941314700115,9.223965122401632,37.809113232549564
