step,true_value,prediction,lower_bound,upper_bound
80,165.71,161.5672992317695,157.527543515756,165.71
81,179.42,155.98652264104052,152.08544779281982,159.98700853838992
82,138.74999999999997,169.04326210599797,162.28613058892225,176.08001826831682
83,113.91999999999999,138.7622950734143,130.33601366667506,147.7291914749543
84,236.46000000000006,117.93008930910095,108.66586904487909,127.97692113562118
85,113.78999999999996,233.74788286395122,210.82897296974866,259.14651223832897
86,191.45999999999995,124.66809418133256,109.97180298760553,141.3106543283985
87,168.20999999999995,170.0496910854314,147.0434812703744,196.63110519528456
88,180.78999999999994,166.27857765093472,140.90140759271017,196.19411537646585
89,238.00000000000009,170.71873774348043,135.9568454489871,214.303768099693
90,216.17,190.46613452012895,142.57463032212172,254.33257920171516
91,183.96000000000004,186.66909090043725,128.39867554959693,271.1796612662957
92,130.07999999999996,177.52742112090752,112.1861678352863,280.58953255192375
93,138.92,157.04191370893173,92.33302250954436,266.61424646059453
94,137.74999999999997,160.32818313797344,92.55089174081374,277.2098833083032
95,129.11999999999995,157.85142322255277,90.5575860577633,274.6055041022018
96,145.75000000000003,147.7451967232644,84.6317121720518,257.37546613325514
97,148.99999999999997,156.77851571513924,90.1029579544806,272.2519402247148
98,208.37999999999997,161.53790447893692,93.46393040346358,278.66833774085023
99,161.91999999999993,180.24271892209927,105.34140762241857,307.9005862975804
100,162.5,172.29415376989226,101.91161778325541,290.81218192557986
101,235.03999999999996,169.30367729150262,101.58529871403907,281.72416089420693
102,179.50000000000009,186.13943846333098,113.2623019553867,305.4980210362358
103,191.67,180.738493772101,111.40940881500082,292.8266508714559
104,254.28999999999996,182.6476712395461,114.01105095357187,292.2454479119858
105,166.75,199.69898491864134,126.20699599173497,315.64989990008206
106,266.38000000000005,181.71923843839608,116.1663900302332,283.94792821467445
107,199.83000000000007,201.49862889738276,129.73747678004872,312.64912124093894
108,179.96000000000006,193.4604384565646,125.36336658669515,298.25494347110003
109,291.9599999999999,183.54708735534376,119.66569336549351,281.2478079845043
110,284.83,201.79624876755898,131.4994083907891,309.38869541890443
111,211.53999999999996,221.02743759441105,144.0508397499182,338.85451673173026
112,183.49999999999997,211.03450214824375,137.60609867075783,323.3625679707458
113,297.70999999999987,196.2975078562375,128.1269342393084,300.45768453033
114,213.20999999999998,220.2004814977863,143.79518914858042,336.92319553271716
115,120.25,213.28931520129237,139.3153847357527,326.2621223675292
116,131.53999999999996,179.93557690047712,117.10731155961712,276.1859130142289
117,127.88000000000005,156.3289011971173,101.4816108334758,240.5299969485539
118,95.5,153.1283285337721,99.2710617927621,235.91323530324027
119,110.07999999999997,126.39810819664946,81.46646183743762,195.81065017775603
120,115.53999999999995,126.91546588740309,81.45657704195385,197.43615876591895
121,113.12,128.99372007161082,82.50723635319389,201.35811884115844
122,188.79000000000005,125.81193876509651,80.26812421478348,196.87915580358927
123,146.75000000000003,161.54065896278394,103.00889828458979,253.01159181368237
124,166.92,153.81512786560373,97.9923854308458,241.11684274227966
125,150.37999999999994,162.354551247661,103.44348260188191,254.4942515182262
126,161.67,157.75597751725581,100.55035185082656,247.18683478795145
127,144.71000000000006,161.43156852094512,102.99839181271264,252.69636964856736
128,160.00000000000003,155.79203232006157,99.52129471095033,243.56252249581493
129,151.37999999999994,160.52234207503884,102.6711464931826,250.65600913964525
130,154.28999999999994,159.0364758188936,101.81626166385288,248.10138900270485
131,236.3799999999999,158.5917475897306,101.61436511534086,247.20624159313329
132,197.92000000000004,191.81972133923222,123.06544843953891,298.67606134481434
133,119.70999999999994,192.96000496192892,124.2255717060685,299.4217350521258
134,151.96000000000006,152.73532976135996,98.54369155087007,236.42892441110712
135,99.46000000000002,156.3469443360618,101.31038328277612,240.98971890728643
136,80.17000000000002,129.08587974995007,83.65448238426258,198.89887875641142
137,233.74999999999997,102.71601144634715,66.26052402766828,158.93052664760407
138,121.29000000000002,240.3712282684056,154.80743330984558,372.92355806247184
139,76.29000000000002,146.21035008299137,93.57705108109243,228.13473114081114
140,155.96000000000004,139.73403616725625,89.0105087302045,219.0417397405547
141,186.7899999999999,166.3149215707271,105.60274796246527,261.6037650556187
142,210.61999999999992,159.0426141692015,100.63845787683668,251.0073492373325
143,115.95999999999994,168.45195313325158,106.31721861647512,266.561578569141
144,101.04000000000002,120.46456346476751,75.74547214014943,191.24118070111084
145,187.5,145.77721043955762,91.5539772973218,231.76740917585164
146,126.83000000000003,143.16884454558505,89.75512715838373,228.01908011583933
147,176.83,126.08931069547948,78.88818911626282,201.17873344889878
148,236.11999999999992,163.0120825310699,101.97152065712865,260.23692302990395
149,214.82999999999996,148.50739717400066,92.76732683424422,237.38220160907014
150,265.17,167.0423316592028,104.29869494915043,267.17260406786596
151,256.96000000000004,168.78361194102723,105.30976992539927,270.1554629830327
152,258.5799999999999,179.94597282807243,112.2266045117915,288.16741982921343
153,270.04000000000013,178.93527199110832,111.532947929995,286.70864624158935
154,272.71,204.99736943636418,127.77285383887619,328.53308829978664
155,174.53999999999996,227.03734681391714,141.4944640082019,363.93369692550004
156,178.79000000000008,153.45681651103968,95.48372312812513,246.26355278645605
157,127.75,181.70402221888628,113.09636282508455,291.5663790539377
158,104.33,155.54794690732683,96.73863688496495,249.7428020481136
159,249.75000000000003,159.2796035164002,99.04792581060616,255.7724527543486
160,262.58,228.59368357723997,142.28939691529382,366.8796943344487
161,272.67,171.19944425276708,106.4537335983753,274.95735958131644
162,281.95999999999987,239.86781649992838,149.2843783458779,385.0501381714935
163,291.50000000000006,183.46666875391827,114.08175400341149,294.68502996712306
164,287.0800000000001,230.5698348263042,143.5231501974015,370.0449732671685
165,342.78999999999996,239.24351654151556,148.9853862328174,383.81713912208306
166,327.42000000000013,264.6825957112764,164.91319856453583,424.4468136025054
167,326.87999999999994,276.070951145575,172.15621014834053,442.34714823653894
168,346.8799999999999,280.5223753234739,175.05155020796388,449.17977810561604
169,210.61999999999992,285.02164854087334,177.96319357531706,456.1240700373937
170,126.41999999999996,208.66571494821127,130.24852554081968,333.9349018863656
171,210.07999999999998,138.5147640088326,86.28224215380669,222.00491939861723
172,291.38000000000005,255.74116060750032,159.5384738895821,409.59331108020336
173,272.53999999999996,231.32997314875433,144.2111922950068,370.7152622343488
174,262.88000000000005,240.68711563983857,150.0038026466124,385.82907875509136
175,219.5,242.3419369866244,150.98997785675448,388.6000192342336
176,185.67,214.9823001853017,133.8652985077037,344.88848658255233
177,114.42000000000002,201.99527966470885,125.72708646747017,324.1639780792316
178,188.08000000000007,132.30163726527832,82.09056036538672,212.85493634251694
179,278.38,241.25974796037127,149.81003977277186,388.1636496499275
180,314.95999999999987,248.337088790359,154.04356602612557,399.9775151583885
181,310.83,279.7293985842449,173.39938522663937,450.8880334758991
182,141.58000000000004,265.08206156909245,164.2126954751261,427.53645892798636
183,178.11999999999995,152.77721676013624,93.89011943978079,248.2085849834036
184,278.38,258.67577947421074,158.3919711047428,422.0546242585018
185,293.0799999999999,240.64565012747966,146.66041324404893,394.4520981125974
186,175.57999999999996,265.2883188857172,162.1796078970019,433.5485915111349
187,258.12,174.18586485542295,106.80530533747556,283.68067642004956
188,180.46000000000004,278.831516835865,171.85599132514045,452.0110713221897
189,223.6200000000001,183.1272281663864,113.10523068097085,296.11903608543724
190,108.57999999999996,245.53674162646792,152.20006797340486,395.73849872147
191,182.96000000000006,162.44357601580268,100.78011436763613,261.46583339788305
192,296.2499999999999,226.32339132463792,140.8140669609423,363.3920899438473
193,300.1199999999999,257.957622066601,160.79569974580485,413.46744339771806
194,343.21000000000015,252.3816002237341,157.51741367671988,404.0169242785788
195,105.29,272.7353766566981,170.43990373169166,436.06893670830357
196,180.70999999999995,168.26832277661862,104.9207300871329,269.5019600227446
197,74.28999999999999,231.77441531721513,144.55300101928253,371.2625301218846
198,262.71000000000004,160.48182324134552,99.24253155671464,259.1328880306242
199,289.28999999999996,221.7234628370144,136.40750206160428,360.01188183939956
200,366.2900000000001,217.08430194307329,132.84050253873465,354.35403597452154
201,362.7900000000001,227.48695808826386,138.2597090560662,373.8843823550551
202,357.79,182.0735570249915,109.92781659128904,301.1417739183623
203,296.2499999999999,248.41975854045262,148.29453040803483,415.69454185864544
204,345.5,242.17075197588798,143.0515210474556,409.4921224472088
205,356.66999999999985,254.44254806726943,148.99237989520245,434.02806881715674
206,354.7100000000001,261.78634728026026,152.15204041823839,449.90267245749226
207,297.70999999999987,266.77495909357066,154.06806819751833,461.3997032466479
208,349.9999999999999,254.38579329362153,146.09459387852314,442.4010910698415
209,348.1700000000001,271.07623027020804,154.98793415117143,473.55898099341147
210,333.0399999999999,280.1745987276049,159.57460134448027,491.3515568942579
211,292.70999999999987,283.79931176457393,161.10447835907325,499.36031578294194
212,341.62,271.5945654917831,153.71958207542883,479.2740295628999
213,195.79000000000005,284.6852085423653,160.7603419293581,503.5491212891788
214,319.3300000000001,232.9432434840823,131.19273472015948,413.0124741931551
215,333.7099999999999,267.6089304180228,150.5177072718809,475.18696718297144
216,330.0,285.8552883932744,160.57151095368644,508.28505894071526
217,328.4199999999999,289.95599131397034,162.6757597724223,516.213966192682
218,325.7899999999999,291.38185582412467,163.3025654249973,519.303194256473
219,251.00000000000003,293.46621665635274,164.32393668712533,523.4875877593271
220,244.54000000000002,265.46406180070574,148.487297448058,473.9774559005697
221,140.58000000000004,257.5606507663603,143.95848994064727,460.19140832728544
222,127.61999999999995,198.7793247866622,110.49943379531331,356.95498913010874
223,208.24999999999997,183.12085241408255,101.3669727540504,330.1662676119043
224,311.45999999999987,223.83113122052964,123.59421469348143,404.7093476632159
225,287.24999999999994,277.1154934987368,152.69632416816597,502.25359531315644
226,295.62000000000006,276.38780763832875,151.93363156551266,502.1201772870851
227,281.2500000000001,278.47430673177786,152.77589253913902,506.9202392099812
228,204.3799999999999,275.65605161931967,150.96643262407088,502.654455631857
229,296.95999999999987,219.03170788096847,119.688175069252,400.14909721052175
230,307.42000000000013,297.18888541846474,162.35674277041198,543.3094045531577
231,258.17000000000013,298.5829449666475,164.51038170633703,541.2616997774287
232,95.61999999999998,269.5062217719324,149.52151227677922,485.1339413251051
233,214.04,138.9895330419697,76.46226027901078,251.98860749379355
234,271.38,254.65643117966744,139.79544842640627,463.22104928830703
235,217.87999999999994,271.32392636056613,148.37034783960385,495.48622997162425
236,276.96000000000004,241.74987285743697,131.69278139895604,443.08972478412016
237,297.33000000000004,275.70622897424977,149.81358445784826,506.68859733951814
238,299.08000000000004,275.7540949762853,149.46615946577853,508.03691140972285
239,294.75,274.32682565612635,150.130101525547,500.586779607006
240,135.87999999999997,272.8206224053995,150.53139306137345,493.7999997869273
241,221.11999999999995,195.86591066268602,107.42713845343637,356.4399115742815
242,232.70999999999998,256.6755276760792,140.3455082440503,468.74734739008386
243,210.03999999999996,238.63240548067415,129.99645480129016,437.36063993915565
244,221.75000000000006,236.46917132791887,129.9554313995364,429.61678869295156
245,262.5,236.46987430952893,130.93400388196778,426.4253759101666
246,277.50000000000006,253.65384252227216,142.36185080426492,451.34195253169116
247,198.87999999999994,252.00097677100112,143.42316765431772,442.20793738778656
248,215.88,220.1392203161124,126.7341580942165,381.8463387682694
249,174.95999999999995,237.67677390653353,138.97011176910647,405.99119035070964
250,86.07999999999997,211.68891686545064,125.63561350059146,356.218432531914
251,56.71,160.7072890072555,96.53007694988646,267.1146999557094
252,116.11999999999996,108.64363499107753,65.29494472020411,180.33700457544674
253,134.37999999999997,178.30572695792162,107.64655575420038,294.9186648552894
254,244.29000000000005,162.4686286870318,98.22984521171428,268.29390555639094
255,159.07999999999996,239.50121506589747,145.21547782453933,394.586262882394
256,175.16999999999993,178.26760484945342,108.1304235376864,293.48134724192505
257,61.32999999999998,191.45529599465465,116.28882895426895,314.793424545416
258,84.37999999999998,103.77723522089622,61.58066423375821,174.42589480239087
259,38.62,121.46837095741623,70.90459721013218,207.5889145742944
260,69.83000000000001,63.08996930680145,35.40344098435102,111.83340405959099
261,124.29000000000003,87.13588148423392,47.67229597530723,158.59661341934253
262,161.54000000000005,135.62053284904482,72.6639931742175,252.3825440580347
263,201.25000000000006,160.32703584928294,84.23443924187598,304.35089721255486
264,47.830000000000005,185.54516038017445,95.86911032187896,358.23832422568717
265,121.54,76.28720144052261,37.49080300012533,154.18802001840467
266,206.42000000000002,125.466936980038,59.78511533264444,262.12175376466615
267,203.50000000000006,181.46251767565474,84.09011978884331,390.2624690052888
268,106.24999999999999,183.0873562682644,82.67233246717848,404.01027924770665
269,90.28999999999999,125.50861623738008,55.26037165910175,283.4707475320691
270,93.17000000000002,113.95729667149773,49.183959476618455,262.33474273140837
271,92.95999999999998,114.86216247997136,48.787924004482605,268.6244312843144
272,100.17,111.44260671379328,46.67538387872579,264.19639226721847
273,130.75,115.62860732008251,47.890238164945465,277.2197951159679
274,165.95999999999995,132.73943980861708,54.52291606784151,321.14154131364677
275,58.92000000000003,147.66148442225017,60.2121425732801,360.0433489428937
276,38.5,86.83659979772793,34.856096239598216,214.1731246053982
277,56.57999999999999,70.6460458518019,28.032927728206168,175.80462453710857
278,138.83,86.91079068434988,34.402199255387536,217.30019832938703
279,47.88,128.4445128587627,50.85226519176343,322.1465751259793
280,36.61999999999999,76.93738823945924,29.867208513699303,195.7860645024757
281,88.61999999999998,73.71620569298302,28.582503939791255,187.70990111310846
282,190.4600000000001,101.05390092619871,39.395971218568306,256.8227080592396
283,183.58000000000007,126.72225972098366,49.54522239236806,321.7402087896944
284,144.71000000000006,122.79422194330094,47.98162684754557,311.8726090345276
285,76.78999999999999,114.13935133056228,44.54996264131659,290.0445905129607
286,152.66999999999996,87.77129269927971,34.11385362210947,223.42260232409615
287,97.87999999999995,126.84700487158395,49.564644266908346,322.24674466921107
288,16.08,91.46965385703537,35.56903590344673,232.8217749851593
289,16.749999999999996,46.92538609940503,17.774406499818333,121.33902748399903
290,21.33,52.52864662289552,19.759011720941928,137.0275731714271
291,16.58,40.782768430306625,15.06550809007322,107.66757079281844
292,18.29,31.576269798626527,11.434660212775103,84.34317269905283
293,42.07999999999999,34.491225195072374,12.463673757671716,92.55745604943772
294,142.12000000000006,66.40732916852535,24.4368438019617,177.6286089976113
295,143.29,147.2336377392733,54.68770990417253,393.5791880332237
296,65.42000000000002,94.13381044812395,34.603730012041424,253.19926191212707
297,35.11999999999999,57.164583178843834,20.69776693621927,154.92013437665463
298,93.04000000000002,40.853835353118,14.570340937448627,111.50514942500372
299,137.54000000000005,129.92428680876574,47.592422684568916,351.7539465906755
300,120.92000000000003,94.81592351563796,34.623143566391654,256.7170423504125
301,148.88,99.29259748010286,36.34201198119822,268.36430512556365
302,135.46,119.44867249107254,43.90244539876265,322.0978307756361
303,105.54,98.73898216782976,36.221269143938095,266.2629062003595
304,124.41999999999999,87.60062581080551,32.094251583639355,236.20345735049582
305,123.53999999999998,111.22890232162192,40.95189565327503,299.2325954568131
306,93.50000000000001,96.5209577778795,35.76030802621762,257.7121195810476
307,102.96,79.48458196552244,29.555052866155098,211.00316564793528
308,119.70999999999994,98.47836324863684,37.24432361200098,257.75590989723804
309,108.04000000000002,100.41090417727337,38.40676770438694,259.97475345351
310,96.0,92.17779084011326,35.53837284986828,236.6159644962186
311,94.75000000000004,88.62030576458402,34.416142343753805,225.7835702539203
312,25.120000000000005,88.3851805245795,34.55614661840036,223.7068722929884
313,78.62000000000003,17.973014205801046,6.589474082638008,46.430858071842216
314,89.11999999999998,165.03503799545317,65.29719197013759,414.81902676313865
315,41.71,67.00239983481856,26.111694363828043,169.56574632473834
316,105.61999999999996,51.96966102224648,20.09094754888168,132.0326663754124
317,75.53999999999999,116.67456760493015,45.802873194906525,294.8643971138561
318,26.790000000000003,55.46215846891401,21.43573156914097,141.0936655951808
319,65.49999999999999,36.76418083291133,13.993974017972436,94.1137671888321
320,24.880000000000003,98.86064253105269,38.62204429568935,250.68181258632325
321,24.960000000000004,36.10228442144051,13.599576599718333,93.28900214243372
322,29.000000000000004,59.71245263977429,22.72219725885353,154.38197685971758
323,33.919999999999995,42.30009586112733,15.817556246401754,110.48458635207272
324,76.42,59.854780429607885,22.51560151734243,156.48286508446958
325,89.25000000000003,53.739221810567194,20.061013609285556,141.27151931117913
326,72.53999999999999,77.68680236613676,29.16365156428966,204.2673514481792
327,59.669999999999995,73.61819468298336,27.514641723113932,194.2637186121224
328,9.920000000000002,66.71925205893298,25.080870858881713,174.83374129777545
329,36.08,28.464461833968247,10.161697296869512,76.77979352735721
330,66.96000000000001,38.15182103107333,13.624540064547178,103.81458447812446
331,80.07999999999996,48.822042629058046,17.389313767556647,133.9825209960233
332,90.28999999999999,69.25658814223962,24.66981460080352,191.28764422917874
333,88.78999999999999,77.31515054759993,27.368370735355278,215.20074210498822
334,41.92000000000001,76.80274991777902,26.97683263241982,215.36716258415473
335,85.29000000000003,54.76642166661527,18.928247934543624,155.05455109317705
336,53.42,68.66760139341422,23.764298409761356,194.9908010960857
337,52.419999999999995,59.22820124366311,20.812026621052645,165.30441031765633
338,30.209999999999997,56.849477826892816,20.41889369229899,155.24346116659584
339,40.169999999999995,47.44068823932601,17.390714830102763,126.59157535620734
340,44.290000000000006,55.76015858070604,21.20078810158244,144.11717274925292
341,68.67,51.367281327481265,20.007812505674146,129.53868187803334
342,79.21000000000002,56.94362882546796,22.750519108692785,140.36382055896857
343,30.92,53.96438605976906,22.051620771741756,130.05732411799804
344,12.750000000000002,43.8866981879583,18.1954153490891,103.96337993084737
345,9.079999999999998,34.61353126891196,14.065918639838047,83.1849501355998
346,27.330000000000002,24.350220507191825,9.195569915105896,62.030677550561855
347,25.169999999999995,40.99345494699583,15.179056109956758,107.99586764521595
348,25.829999999999995,34.235425196246894,12.088552758028953,93.8565675451559
349,44.330000000000005,34.358688464494584,11.732911352932774,97.189394025838
350,48.379999999999995,44.07453438315195,14.808998386319496,127.51627916010887
351,39.21,44.95141254967472,14.759131501134476,132.98786063549235
352,19.880000000000003,39.169539158903284,12.516103972949013,118.38291385358464
353,22.79,26.913949728473103,8.241427029691831,83.31474781332625
354,33.21,31.92125644244919,9.750106323792107,99.81845640454914
355,32.08,38.301408708187196,11.68411862108802,120.77438358862331
356,72.61999999999999,36.13713245356748,10.866946672571592,115.21916276589677
357,56.29000000000002,58.964418345871366,17.999883111650348,188.2501888789959
358,56.54000000000001,44.243479967892696,13.232820866894922,142.82057490559015
359,55.620000000000026,47.466280333571405,14.153770214081382,154.00963101509754
360,49.79,47.33235546137702,14.033603452456637,154.38633780201067
361,36.74999999999999,45.782497882383566,14.259378861692783,142.4266838743679
362,59.88,37.888561808114794,12.497606949220344,111.04358262861695
363,44.290000000000006,54.915903663376476,19.45994547850893,151.81508378290442
364,9.880000000000003,41.88779997382079,15.413340812127839,111.06514308381108
365,13.260000000000002,16.458942327057457,5.7920950571191625,43.87785648112003
366,16.58,26.473547398500205,9.838140574779215,68.64255551492636
367,43.620000000000005,22.82044487362674,8.512962706892305,58.64635954752449
368,13.580000000000004,48.76794834439326,19.08365102789191,122.32661421822068
369,12.419999999999998,18.18217668384071,6.80977942828631,46.11476242176307
370,13.419999999999998,21.218850028603068,8.114507750060215,53.163901126782534
371,16.999999999999996,19.738642246879273,7.580524969937773,49.12412221290522
372,18.209999999999997,22.872582058426733,8.949392142070192,56.27989871125308
373,23.580000000000002,22.695682078127234,8.937003428031474,55.50449385614339
374,31.25,26.93955274918078,10.778537963508294,65.27466076373234
375,23.880000000000003,30.214662454711622,12.218233933782026,72.71296022166851
376,29.120000000000005,24.51883708909912,9.84743599605296,59.03363805206464
377,57.50000000000001,28.323296520600753,11.829158597514832,66.02354735887675
378,41.120000000000005,45.11584012230681,19.60561491689087,102.2083108785501
379,30.62,34.419110259350454,15.112044899374872,76.86183438532363
380,75.21000000000001,29.68491587074288,13.17257880063019,65.43562016763673
381,40.92,53.77724696517202,24.361364415628568,117.31172550142469
382,33.46,36.6997446361454,16.490491779194834,80.25962171750903
383,73.25,32.685376641712345,14.655341266750941,71.48034904891682
384,43.29,48.641287561439924,21.86442598251394,106.77692090945844
385,36.21000000000001,41.16603044675698,18.273549216552617,91.2494400828814
386,39.53999999999999,37.16426755169147,16.3314687215673,83.03853944268471
387,37.75,37.60827095468709,16.436580798363625,84.48686255337533
388,46.74999999999999,37.644270004726316,16.37113675987819,84.96902003830994
389,73.5,40.5039716004079,17.582349439465528,91.69977750762888
390,32.38,51.668278209969394,22.501075905414105,117.0349163913675
391,41.57999999999999,38.602975040460734,16.62036685949766,88.01038466233553
392,55.91999999999998,38.4919484724394,16.52798243590113,87.9785233328041
393,41.54,43.11930493206351,18.853086019635963,97.04586882679995
394,69.88,40.74136800921016,18.102227638785287,90.21144592281226
395,27.08,48.09751952520932,21.79277317093348,104.76011990512804
396,40.830000000000005,38.88934935576142,17.744842976023016,83.88522384856863
397,77.41999999999997,38.88746936572049,17.938932210144703,83.00738725645056
398,71.17,47.92196597122881,22.43381170690035,101.13271252774125
399,40.00000000000001,54.40212880731271,25.736989901157077,113.79960488182091
400,42.21000000000001,47.90721520681196,22.753027135750244,99.69940499017036
401,40.00000000000001,44.488275273617155,21.21219492414076,92.15527773977571
402,36.580000000000005,42.080310765508955,20.133182910462118,86.81986052531845
403,42.99999999999999,40.10837242200894,19.24469946235016,82.47361670294752
404,125.17,36.89139386580194,17.722436016331702,75.68648074646445
405,135.17000000000002,56.21215510104929,27.203065424785922,115.05939432491192
406,99.00000000000004,45.23820455491393,21.433616800238173,94.30213427017995
407,138.99999999999994,58.92849002886358,27.68523744081582,124.20112216430235
408,50.87999999999999,82.46758083512243,38.25550229480047,176.47415376698618
409,80.67000000000002,46.358540129398385,20.94244293103981,101.21429447197626
410,55.620000000000026,61.95158624318857,27.798622425609818,136.60735329511843
411,44.290000000000006,56.3991068553452,24.976269474069305,125.83335731022552
412,142.21000000000004,50.68664819120833,22.17718218529503,114.26464174478906
413,154.66999999999996,70.46756228765322,30.798033285083438,159.62667818313116
414,158.54000000000002,89.52400954627186,39.010386299157894,203.81172671172112
415,157.03999999999994,103.31758244223155,44.84758851792632,236.3550792608618
416,162.62000000000003,113.6425862432979,49.14440434382354,261.1014797670212
417,141.46000000000004,122.99978483658599,53.39286270769354,281.683166027678
418,81.49999999999997,115.97706491844387,50.43746008615486,265.0246772296789
419,137.12000000000003,81.49742617805835,35.35116496629672,186.22440758953016
420,136.50000000000003,104.08213118697077,45.3843072157277,237.06013192003857
421,168.71000000000004,110.94285102808597,48.48666577945548,252.22380683603492
422,175.03999999999996,131.6314049444977,57.707067035329565,298.64177169615914
423,33.50000000000001,140.51950545391173,61.70897067228018,318.3764816932773
424,35.04,52.40594687943133,22.52270973337878,120.25283160049246
425,35.790000000000006,48.26436408850649,20.58774688545942,111.42384774668801
426,24.71,49.61459198589772,21.08311716043826,115.00884527698894
427,32.32999999999999,33.93028099219436,14.183796892549521,79.35701075482336
428,173.12,42.04806890057524,17.653769253123574,98.34379539718843
429,156.21000000000006,148.17926324099872,63.47046620431436,344.1883302751412
430,112.82999999999997,106.82225205327457,45.49157553156865,249.05902477849665
431,140.5,94.28288731284205,40.00551400344007,220.40506796013105
432,173.83000000000007,115.08172609099553,48.87449042052682,269.17754003395345
433,188.92000000000002,128.625104989955,54.615764158414606,301.12059652361404
434,158.78999999999994,132.97867628101176,56.41554845212189,311.6380602804946
435,214.33000000000007,119.66375095519518,50.6574479888847,280.85172441562025
436,210.37999999999994,161.6211787543182,68.56025684396985,379.18329688983135
437,53.88000000000002,159.08377181037199,67.4250518773594,373.5238519214729
438,49.11999999999999,54.46098427947335,22.48368104855342,129.98120226077012
439,209.41999999999996,88.26917871337157,36.49767123458396,211.51949803245662
440,218.46000000000004,195.84330742820387,81.12378269794851,470.8156714941762
441,223.24999999999991,123.73778479516565,50.74102435322169,299.71911312355456
442,216.20999999999998,177.18548091760215,72.5486502417415,430.6879440408527
443,231.91999999999996,140.95761206392194,57.350780180955404,344.35894053852223
444,62.58,183.4824285026789,74.5615292961382,449.4112971676638
445,53.54,57.33622763003163,22.39597721513732,144.45729049099222
446,116.21,92.37241805060945,35.783241844439644,236.02120899209703
447,41.169999999999995,127.49409992181046,48.8550148210551,330.17498357945107
448,49.71000000000001,47.75552738853294,17.57920202736599,126.94421673399462
449,24.46,100.50462949772336,37.09254192038909,269.47787545927184
450,40.58,37.59345670396493,13.26008450430527,103.44923379739677
451,57.37999999999999,71.7478800162175,25.52741497149291,198.501310344079
452,40.79,72.59363351882779,25.536343405905125,203.0983119512354
453,50.0,54.390533242304365,18.832964710185188,153.6975562000169
454,63.620000000000005,69.74961837307907,24.18168376202065,197.77576683278434
455,39.92000000000001,71.38870783082575,24.634731548361895,203.41505351950943
456,57.25000000000002,47.848739070035435,16.224197624247473,137.53761787853736
457,164.82999999999996,73.47395204702855,25.16366510280548,210.9874838524967
458,102.82999999999996,148.31840830205124,51.29435254516974,425.35554266781884
459,203.83000000000007,76.78341584414801,26.169310618242886,221.68727629479102
460,236.21000000000004,155.8113761051829,53.65020779576529,448.94902430922735
461,219.75000000000009,177.59880694618178,61.124377821759616,512.446330748235
462,281.00000000000006,170.22366442579857,58.462223687498266,492.04485169400743
463,287.0800000000001,209.13691703044708,71.87515583737944,604.9338521017822
464,288.99999999999994,222.58936268661532,76.44940615707344,644.4820712920473
465,284.99999999999994,229.22426825820864,78.6680885242295,664.300431789671
466,282.5000000000001,228.56798181458814,78.37358621784433,662.9672060398226
467,295.04,233.0523493321319,79.86570429191174,676.4256491990946
468,301.29,243.77252764870465,83.51770990805626,707.8879994111732
469,81.45999999999997,253.53766478995038,86.84372252537352,736.5532472227236
470,74.25000000000003,104.74683260081413,35.38644902806092,306.32299808867975
471,71.91999999999997,84.77478088675625,28.440047748304078,248.90832552555446
472,83.08000000000001,79.76264807166189,26.73026335449488,234.21613336895493
473,66.71000000000002,87.282027055659,29.32184397662434,256.0330586446004
474,53.21,75.5836380622663,25.31105084125518,221.9121768734499
475,85.58000000000001,63.07010814860553,21.01702889450175,185.44562705729712
476,76.46,79.83445725758006,26.783418370472198,234.18378455085988
477,48.75000000000001,78.7233010871585,26.693274623681816,228.50715733698692
478,78.28999999999998,57.45302362132221,19.488299991631518,165.76620177713292
479,63.46000000000001,73.88062262886532,25.447937440278384,211.0054789885921
480,83.24999999999997,67.2372568742564,23.25877284226662,190.94388998978684
481,214.8799999999999,79.80168835855225,27.88476730765928,225.03307729819753
482,123.33000000000004,173.55783978035294,61.59920558214149,485.75441078562307
483,189.57999999999998,124.66138110416007,44.1861316406551,348.46082188627963
484,169.66999999999993,163.30916803752922,58.219252621596056,454.8906353259104
485,163.41999999999996,157.40830266594622,56.204104079133714,437.6606653045938
486,148.78999999999996,152.89639822339203,54.95919898256646,422.23874924498847
487,52.710000000000015,142.3397120243652,51.42691212407756,390.9031697804662
488,50.38000000000001,73.10449759678899,26.201059647178326,200.88465579289138
489,182.41999999999993,61.884838467824636,22.153021958408804,169.79856427502696
490,143.78999999999994,175.73667366161294,63.99013540362439,479.62450744224026
491,64.75,142.28843537000762,51.63469147078351,389.07687016046293
492,109.03999999999998,77.23750540410127,27.713430707088555,212.17923707199648
493,118.38000000000004,113.85625981796176,41.282038163567655,310.99916069178516
494,178.91999999999996,120.88858432614214,43.98790373861,329.2404814270214
495,265.8299999999999,160.49054013674098,58.73674704781311,435.5687092533284
496,189.74999999999994,192.50019283428009,70.81654569198962,520.3607012997825
497,67.75000000000001,133.6987420326452,49.13464952357513,360.9004277001129
498,54.039999999999985,72.11938877895864,26.782023279968726,191.44260799620642
499,140.25000000000003,94.44890867227275,35.907585075674405,245.84611978941265
500,115.07999999999998,142.28146424694896,55.23491145311719,364.06820169647
501,154.71000000000006,84.76549980081792,33.09017795318,214.77244232008897
502,138.20999999999998,155.23588644665367,61.77301466277976,387.85582196269706
503,97.79,88.12689485746058,35.1389208125572,218.80743221786156
504,102.54,114.30117785374593,46.11706483773085,281.1559802217383
505,91.88000000000002,96.24779015899279,39.00327931529684,235.40893578420182
506,83.96,105.27250596649962,43.06141973426692,255.3205087923298
507,94.20999999999997,92.37172240654134,37.9727804030238,222.70173374871095
508,99.95999999999995,113.8064426590772,48.1514854211047,267.1611585714665
509,215.29,99.20136867782061,42.83436832208391,228.05119131944198
510,100.58000000000001,164.81539614119086,72.13301900358474,374.95529313663843
511,193.42000000000004,83.60366478161225,36.57450280984953,189.4956701809805
512,189.66999999999996,154.98534835063666,68.45097057876369,349.3396525247321
513,186.24999999999991,113.40216739018413,50.04528620915427,255.39695406829912
514,199.54000000000002,146.32076873950746,64.85264359732878,328.57536275551746
515,87.82999999999997,136.53604482038276,60.57372651548765,306.2116094853598
516,156.37999999999994,103.98163219211686,46.06103208407201,233.18829995126814
517,208.07999999999993,143.70059932381346,63.93850602372966,321.4321704755512
518,272.33000000000004,130.41888997699368,58.23435699144874,290.5693783133066
519,225.25000000000006,165.79345225689286,74.4564230634218,367.69035910156236
520,225.25000000000006,132.2241712310591,59.459058001407676,292.5652718867917
521,223.29000000000002,166.86831318662968,75.38428860933321,367.9210318662466
522,125.91999999999999,169.11464920890708,76.58190584486115,372.01215483592506
523,97.00000000000004,126.77251763533006,57.38376366067714,278.6293907627363
524,170.99999999999994,118.06742438809624,53.49518293231483,259.15238022089903
525,90.62,158.380206018281,72.04718447510712,346.7485169751637
526,156.96000000000006,116.16273942997591,52.761572778764965,254.33307158302554
527,202.03999999999996,146.79976214076183,66.8879244208153,320.7769562883836
528,120.92000000000003,157.38495892503425,71.81211190005548,343.5277792260503
529,105.83000000000004,134.46719789108897,61.32167260890659,293.4619573936276
530,132.17,125.26107596328767,57.374513258460745,272.09622664984704
531,98.62,134.1105377766563,61.72916656050212,290.0106800269776
532,111.46000000000004,122.48820133239049,56.538467681301384,264.0285362615709
533,201.87999999999997,124.32369387904153,57.57140830097225,267.15179458860644
534,259.04,152.54442718285716,70.94626323600592,326.6874997882175
535,276.0800000000001,182.43943658803155,85.14306904541189,389.62953373527034
536,139.92000000000004,198.08664093372218,93.41255290530367,418.8116604052371
537,204.92000000000004,147.36153993274348,69.94633176489656,309.2506638983963
538,267.50000000000006,167.08653603144472,80.82024073840869,344.3067766615283
539,272.61999999999995,184.10398386294298,90.47552748396892,373.56449592966095
540,255.0399999999999,192.74251572350715,96.75273404374222,382.9909212368096
541,285.5400000000001,195.49324882942983,99.90535394405626,381.6317962964589
542,277.42,213.12848840727892,110.62314036465378,409.7661672821491
543,253.67000000000007,221.19108220342463,116.31205351051898,419.83379783563555
544,168.71000000000004,214.30812916856323,113.9164584999301,402.4025333811946
545,259.21,170.9460747160481,91.62196625224057,318.20562482705435
546,158.04000000000002,213.14767397338187,115.77940660842764,391.69960004147106
547,129.87999999999994,166.27777804859284,91.17701712318247,302.566506079061
548,192.91999999999996,151.67470155749427,83.87958561729228,273.61920703487914
549,265.08000000000004,181.44555868278164,101.19825320057352,324.70401979126507
550,215.38000000000008,223.21550351955818,125.57688357375737,396.17040425659366
551,276.21,199.16943828960697,112.75181261889598,351.23881802584015
552,256.17000000000013,227.60613058433782,129.64399556510793,399.0242239582956
553,98.62,225.71241173858493,129.1822431549863,393.8197264901482
554,202.57999999999996,145.60509329262422,83.40991754037144,253.62711024518404
555,149.16999999999996,176.84792266507293,101.63275415444373,307.1850804537946
556,302.25,169.0560605532906,97.32708279477217,293.1108686328483
557,300.83,216.61900353458586,124.57832333338472,376.1194696847499
558,220.74999999999991,235.5730650846129,135.78230309506375,408.16707685958124
559,289.28999999999996,207.31701999420966,119.64493924228913,358.6999682855868
560,362.95999999999987,234.49522605083817,135.76466892712187,404.4994753234654
561,353.3799999999999,266.4879336873183,154.7120938186657,458.50056231107123
562,345.07999999999987,263.2726897411879,153.14974858027995,452.0662890226513
563,303.71000000000004,264.49889017362403,154.12963648877314,453.3919671243958
564,347.33,250.79041001022517,146.33351479457463,429.3054241359337
565,353.54000000000013,275.3110443066986,160.88118076040408,470.62859108903234
566,355.03999999999996,288.5917863335261,168.83990982544262,492.7791288162801
567,356.08,297.88080662935124,175.29930537139765,505.6936388843214
568,344.03999999999996,305.1800125745355,180.49038222900438,515.5353609859824
569,329.5000000000001,311.73173946197846,185.78618719955563,522.5994284867946
570,317.7499999999999,310.0813042205428,186.00289198180693,516.4870656276727
571,334.12000000000006,303.86440630766384,183.2733397806466,503.37196364900126
572,357.33000000000004,307.91624838384604,186.59476017546254,507.6989019644922
573,349.21,319.37871025535406,194.32783769087752,524.4884260139324
574,343.88000000000005,322.62971007921345,197.78233138372718,525.8888261692343
575,338.04000000000013,324.2448076260682,200.04086044987486,525.1825116098382
576,337.16999999999996,324.4100910524314,201.22640454790672,522.6295803976792
577,338.45999999999987,321.29797550024165,200.2089853511392,515.2591761509832
578,227.07999999999993,323.312493325246,202.2539431107077,516.4738148600119
579,318.99999999999994,274.76015488998854,172.3961681422466,437.55446080312214
580,293.79,292.3692800994084,183.98665332671575,464.2526707104635
581,335.4199999999999,292.11054095029925,184.2645429235388,462.7357362635485
582,333.0000000000001,305.24124804753114,193.6746387796744,480.74586373241175
583,159.92,313.6914904768654,200.25195155820273,491.0734105274555
584,269.12000000000006,243.51229077114422,155.99162341191754,379.82452451163135
585,296.37999999999994,246.24856431843529,158.28399753178866,382.7915515984411
586,328.0800000000001,276.36957497263086,178.20098148279908,428.31618166322664
587,324.8300000000001,295.9742430098441,191.99200480005538,455.9811122623492
588,319.04000000000013,316.04190745293727,206.35280285533665,483.75626901230413
589,264.7900000000001,315.1739683443099,206.9103679051495,479.812858280324
590,319.04000000000013,299.65478662598287,197.61929598794637,454.10835325184615
591,319.08000000000004,309.37531912724864,204.84640273187568,466.98407669440473
592,318.28999999999996,312.4510605643041,207.58026525903642,470.04920135597735
593,266.78999999999996,314.15001754415954,209.30571327950605,471.2626504496518
594,287.41999999999996,306.5173504203086,205.59828748792816,456.7333237336372
595,302.08,305.69538771716435,206.228360973414,452.9053457989242
596,289.7099999999999,305.4391738099116,207.06467668303145,450.32585089566794
597,228.12000000000003,306.03968617458287,208.3359866505035,449.34478015278023
598,59.96000000000001,289.1289612977423,198.15093341104748,421.66843916804584
599,197.04,109.10067063022443,74.56701866082454,159.41598422235407
600,293.5800000000001,258.4042525976898,174.34006493481036,382.77176540218574
601,294.2100000000001,286.8852692461418,191.07949268568925,430.4772341914786
602,293.2500000000001,285.1128373938931,190.68998266476348,426.0466019330072
603,296.87999999999994,284.474039858186,190.93719079419898,423.594249273634
604,295.53999999999996,285.00180791548826,191.86888293537007,423.1069522777184
605,291.2099999999999,282.7208932855098,191.94786932301557,416.19841514272474
606,279.9199999999999,280.1754244491203,191.58968268858231,409.508071930221
607,284.6699999999999,275.6582577491228,189.65150461150836,400.46439828390356
608,181.91999999999996,276.6456510150226,191.47025218032257,399.5143997802525
609,277.50000000000006,240.21116848996596,167.0582637180086,345.20628892085864
610,274.62000000000006,280.51605329573863,195.9821561274848,401.32724537708145
611,275.0400000000001,265.7209229103808,186.31082609752784,378.7967912496661
612,259.0799999999999,269.91636515646985,189.84720135421335,383.5782195850542
613,234.67,262.9186068136427,186.0314892618063,371.4133903727514
614,263.4600000000001,256.31553071368586,182.28028988645616,360.2569708804167
615,238.99999999999997,263.4871698383349,188.20327878339802,368.72648391138983
616,264.7499999999999,254.77145142200678,182.6408351698167,355.23359751128095
617,258.49999999999994,267.27456554519233,192.2194593441703,371.48444210923714
618,245.37999999999988,260.90681340912937,188.1338244012632,361.68065285135935
619,177.88,256.6149027399392,185.4540319991158,354.93458292188103
620,194.25,229.75962975652445,165.2034623258593,319.39047791294513
621,204.70999999999995,239.81425521092052,171.726887149857,334.741044545527
622,156.41999999999996,237.3164140081152,169.3333166956597,332.4327909974559
623,127.17000000000004,212.32583345144099,150.47119572938468,299.43937395896336
624,172.88,192.78952409565017,135.10017945095328,274.9318892944746
625,191.71000000000004,217.7770976834573,151.22493152325694,313.42561998120806
626,55.50000000000001,217.33292045900777,149.71808050117826,315.2809929482001
627,55.07999999999999,118.63641607083402,80.67082086729202,174.2507431452279
628,179.16999999999993,121.19629084027099,80.5503249418439,182.10084608207913
629,114.91999999999996,235.831459500153,154.04100967606772,360.76970419737
630,101.75000000000003,101.43321867177367,64.18811942522993,159.95822950521315
631,24.04,117.47387760882624,72.60589658164628,189.69205495108457
632,45.99999999999999,61.075586293173984,36.71234842480858,101.17816112205823
633,27.619999999999994,53.026642899416814,31.203461935865946,89.63864465237089
634,89.17000000000004,37.63306124788662,21.54360375216369,65.20562700582909
635,210.61999999999992,62.7409380553333,35.15647121388751,111.37012484263938
636,213.70999999999992,191.06174785645314,104.44545798465933,348.8274434451446
637,212.50000000000003,198.44383769748563,105.5011075630385,372.4970021035349
638,197.04,196.66003895904248,102.0877129752479,377.9927031427213
639,198.07999999999993,185.89140666719194,94.53636394015719,364.6031739696566
640,198.29000000000005,183.49821466383426,91.7190959827512,366.12600412405607
641,198.58,185.92488180604502,91.58745225568477,376.38279417941936
642,195.71000000000004,185.14971321860068,90.0750019293062,379.47449900977733
643,193.70999999999998,182.33485492223497,87.76379989344657,377.66415216231064
644,189.25,179.84511520590704,85.78277906789275,375.8599720487372
645,175.54000000000005,175.6339449203181,83.12333378753696,369.87867412520745
646,66.58000000000003,166.58633625893486,78.30290907730574,353.15069166397046
647,142.75,84.8748787354105,39.41509683584586,181.46881425954442
648,52.290000000000006,143.1316602968086,66.51803661931234,306.67979254261394
649,18.209999999999997,79.20679460055604,35.97198645159824,173.0001151552323
650,145.0,35.11032156729585,15.251164178269544,79.23765616971076
651,37.25,140.33561995441462,60.191855860608975,325.4447071747944
652,75.75000000000003,70.36823154735733,28.121799456681117,173.90074683653097
653,167.16999999999996,84.92572989804832,33.24600080834896,214.59396379831801
654,33.46,122.83620718112462,48.35535440035859,309.7141341668697
655,80.78999999999999,73.74017876393135,28.78796020007827,186.52859491365027
656,28.169999999999995,85.55970156774093,33.49867243928563,216.18464525504862
657,124.74999999999999,60.85170236595306,23.651212759384418,154.1904615366265
658,97.61999999999999,86.40941898425316,33.837330293775466,218.31664862763213
659,55.959999999999994,93.08745417407815,36.498884624245264,235.07232912830744
660,146.71000000000004,80.70708908913346,31.564646728218953,204.00908433422217
661,14.210000000000003,101.44247495643015,39.828807440213076,256.03568958182746
662,58.000000000000014,55.78386465698743,21.63140827842463,141.47488471395812
663,155.75,58.480980163090756,22.706353116388968,148.24214550385955
664,142.50000000000003,86.69821373560829,33.952430454112644,219.04125585811684
665,145.03999999999996,98.94092944778023,38.83180771017887,249.7591282715934
666,140.46000000000006,108.71447572690208,42.72708883461475,274.2816733251216
667,139.25000000000006,117.64934649817258,46.288112895957894,296.69991996544127
668,81.49999999999997,121.30427213291739,47.74479631768079,305.8703966773372
669,132.04000000000002,107.7910416133227,42.35905093214224,271.96470934833155
670,133.25,110.75904309270197,43.541958324172576,279.41164292990106
671,127.58000000000001,112.00494609952383,44.03851733425456,282.53770503106307
672,22.62,110.31436903238355,43.364731918913236,278.2959230707147
673,13.12,82.03646081773667,32.0944724899129,207.34457558545793
674,14.170000000000002,58.64161497698152,22.770374684467345,148.64519004350797
675,21.040000000000003,43.693802839678234,16.812871767186174,111.1400321284395
676,48.209999999999994,42.46553760118598,16.32334235148984,108.05822448273864
677,76.42,55.190931724298906,21.39509277995589,139.98717246086983
678,63.91999999999997,65.90905255528472,25.666837402636816,166.87972440268393
679,18.17,65.88975874756521,25.65914778794815,166.83131482282994
680,49.75000000000001,45.15333166205,17.123994983365282,116.53093208546355
681,55.32999999999998,52.698660798865255,19.268247858337027,141.26913898753642
682,26.92,59.6608950510352,20.966766876526762,166.51414575828213
683,24.960000000000004,45.19922555460428,15.069171824528173,131.82379858477063
684,29.08,41.01827635440629,12.908171585722753,125.9423185437003
685,17.79,41.760680166500535,12.3167790001785,136.3061585145509
686,19.04,30.86471295508445,8.341798882011968,107.68997979233379
687,16.710000000000004,29.86677857158684,7.5963252018786225,109.83317545724756
688,13.750000000000002,26.302008706074304,6.278837174129672,101.40642310777953
689,88.58,21.619535532932836,4.810855541504568,87.04957963094269
690,97.67000000000004,65.09238307227437,15.678730813282396,260.90260812252967
691,60.75000000000001,71.35982253408291,17.244984595677103,285.9799034198451
692,66.24999999999999,53.87340386654081,12.826019521556583,216.7843338934833
693,41.04,60.44507040860443,14.472417634855336,243.0146567019457
694,22.12,39.51018218391688,9.19555373004529,159.9598560339152
695,34.29,26.318093854618972,5.872364393686376,107.5911935250952
696,57.79000000000002,44.04476719005177,10.327600476834313,178.1227590834851
697,46.669999999999995,57.08987019284543,13.603471387942246,230.0706084450458
698,74.03999999999998,41.95055653387581,9.81295029487287,169.60564011326125
699,26.71,67.3161285842686,16.337914430850574,268.18424608428285
700,67.87999999999997,23.424145180761244,5.259442714323829,94.30223296808987
701,87.82999999999997,64.19738326386154,15.848170426858452,251.29438430172908
702,50.87999999999999,44.018561812450834,10.716004791160962,171.98310676609324
703,71.87999999999998,42.396627700837335,10.397061893603887,164.2414730556114
704,71.99999999999999,53.22971526618981,13.352610497280992,203.90084493055437
705,33.61999999999999,47.3892575130469,11.891269453099293,180.6361259985162
706,47.959999999999994,33.01858599124084,8.11356227604052,125.98263947632044
707,32.88,48.41304623124646,12.30071350495319,182.57279381606327
708,38.29,34.03825410644249,8.469519901733927,128.64535304507234
709,47.17,46.28626738613147,11.823598159853987,173.36534235085395
710,15.119999999999997,43.426978299829116,11.423057028934972,157.87847864308628
711,78.12000000000002,25.546067077116497,6.618907510438032,91.49274601343122
712,31.789999999999992,48.048203946628966,13.308974775319339,167.12709143492225
713,56.87999999999999,39.21274542411502,10.895373815430663,134.94065387394792
714,44.25000000000001,43.9328787533236,12.449409917587438,149.1154032357014
715,22.88,42.66465001302806,12.201549069371435,143.42257122565167
716,45.88000000000001,35.59867457941621,10.159964267855841,119.02394889633072
717,23.500000000000004,41.19596848664993,11.960315111122947,136.38090017566577
718,22.830000000000002,41.77975186241815,12.220806371430832,137.42628944061934
719,23.96,38.04691834316989,11.13054371936512,124.6878395041944
720,22.88,39.85012866269897,11.747343200760222,129.9082987315773
721,47.11999999999999,31.413380403702234,9.284780303669413,101.15358988468275
722,78.17000000000002,37.83107652505362,11.558495600473453,119.06633215189593
723,74.88,44.322459821357256,14.088537535933462,135.1381352809461
724,23.999999999999996,47.47883710068058,15.541505484876737,141.07882400927897
725,34.709999999999994,40.7894467364029,13.560465217515313,118.9383283738694
726,62.12000000000002,40.04125193857432,13.556338675280777,114.71483724447208
727,82.03999999999998,43.06459930160724,14.86667258234148,121.37530594613594
728,30.830000000000002,47.39186113848169,16.88861349496027,129.90853716001175
729,24.289999999999996,43.34816620574491,15.763978476130674,116.32059001463992
730,30.0,40.64354767231825,15.043224484037761,107.09454573562027
731,30.74,39.20636755698569,14.741456491843422,101.69392752602417
732,23.210000000000004,38.42477423362282,14.648564509460217,98.32622397616612
733,35.080000000000005,36.25507036330508,13.960723966574271,91.7722662937832
734,32.46000000000001,38.063266768038815,15.026945801908077,94.210829901808
735,19.830000000000002,37.44469008227752,15.063357011780102,91.0102936415145
736,32.25000000000001,37.41679088547522,15.30238363957584,89.52969520086268
737,36.379999999999995,35.4831398714211,14.68710487111301,83.84800132423918
738,57.07999999999998,35.686243623324316,15.173902272239964,82.21309530229466
739,61.62,37.815819407258196,16.480431871469634,85.19168263891478
740,54.53999999999998,38.41871731548805,17.075609223980322,84.96309289188079
741,27.210000000000004,38.86984196937566,17.565428072177536,84.62174233112334
742,25.33,33.57468185463597,15.311283785455025,72.28721890151002
743,65.12000000000003,37.73523250626582,17.478009734035098,80.20020818859159
744,82.24999999999999,48.13565289000776,22.661483379441915,101.03554638611476
745,49.28999999999999,48.0599103953037,22.815174487135877,100.06475639283428
746,65.57999999999998,38.55420542482466,18.332107223820234,79.92936526140679
747,52.5,51.864271110348675,24.98749180948926,106.53754846814395
748,97.82999999999996,39.87460258273721,19.299112713946403,81.30572241459788
749,80.37999999999998,71.13181852299407,35.13337922882202,142.99426110923898
750,37.33,50.59073412949988,25.034417404804955,101.23404682485861
751,45.92000000000001,36.31936792448658,17.9507204154321,72.49246845249509
752,61.66999999999999,47.860347942883344,23.943419804315734,94.70995556457599
753,43.120000000000005,51.230550616734284,25.784641715795882,100.85054729025634
754,55.620000000000026,40.325992560605776,20.27414217889246,79.27762749530307
755,49.50000000000001,52.96222759266504,26.869939853379922,103.4825364561896
756,41.50000000000001,41.691077503138736,21.109965593202844,81.43016438430323
757,49.50000000000001,43.61129000843774,22.158999971023604,84.93493668582504
758,61.58000000000001,48.058394630202805,24.51871563054323,93.31219496063164
759,53.459999999999994,53.287436636237985,27.385311225656793,102.82573413074718
760,41.459999999999994,45.61338789597018,23.52726827889903,87.58744098336703
761,38.71000000000001,41.348999155113574,21.403414955930867,79.05198015425913
762,47.28999999999999,42.06848917734053,21.888291963151275,80.04120495338675
763,47.07999999999999,48.31484527726354,25.30974850128341,91.43546986402428
764,93.92000000000004,45.06919499077539,23.70700935943157,84.90156324556935
765,62.91999999999999,70.05921653827237,37.13196665763366,131.41940286922596
766,109.99999999999997,46.0115946696386,24.240277258809837,86.56203470827508
767,45.24999999999999,72.94407810438999,38.57955242508577,137.14523792448563
768,58.080000000000005,46.52835400811459,24.37446210785579,88.02432788994199
769,41.32999999999999,55.271860132917,28.97646687192273,104.63360439867171
770,54.87999999999999,50.60209787192687,26.43752083804659,96.04872829076984
771,57.21000000000001,54.29369158866529,28.455889071343424,102.79562206040698
772,68.00000000000001,53.97642060611428,28.333858635538963,102.03475107767233
773,83.96,56.29847367050559,29.80831458655038,105.56587771935088
774,59.82999999999999,57.22923387476963,30.513619929204566,106.59296092482266
775,88.95999999999997,54.32501080751322,29.108297909904614,100.66156951185665
776,62.45999999999999,61.84562853522539,33.539381615365826,113.34984765999566
777,99.25,58.99918619506741,32.25204902658133,107.2610680981688
778,107.00000000000003,66.26854551539392,36.621858248248834,119.27734477914171
779,53.96000000000002,74.63573427379478,41.63017473415149,133.19518767660892
780,69.32999999999997,61.68411895331665,34.563558448630396,109.4866593884076
781,107.33000000000004,64.35818188700217,36.28864518507281,113.55744552726415
782,40.38000000000001,74.91674714467109,42.51899401111714,131.4330359188829
783,69.08000000000001,61.64876626969204,34.91361890937098,108.28633856195381
784,72.46,62.73167803404261,35.68226248726263,109.72727006534132
785,168.54000000000005,64.35091608819465,36.74361011526809,112.15139756169363
786,105.29,76.39842773212729,43.652081783464716,133.1598504736167
787,99.54000000000002,82.6822294204585,47.231743147141,144.18893707438698
788,120.07999999999996,85.41250329938643,48.7654487174686,149.04628550340735
789,69.11999999999998,91.3404965981377,52.14316577684319,159.44899070928454
790,113.95999999999998,75.9936551893803,43.28518371938621,132.8601862190344
791,158.78999999999994,87.25736237314561,49.738837098468146,152.5187335481898
792,187.62000000000003,102.5121087595696,58.11719348157262,180.2460306187041
793,135.67,121.92808017803189,68.76588251881385,215.6003259857216
794,129.75000000000003,121.50041104247042,68.15259454310258,216.00343717719514
795,111.58,120.17776093898128,67.0958986631724,214.63779955115447
796,107.57999999999996,111.70430776052568,62.09015321117142,200.3350791091452
797,90.07999999999996,107.95807301539766,59.85294702163841,194.0909899401794
798,108.21000000000001,96.15998362471844,53.15774827759225,173.30677452779875
799,112.78999999999998,100.07941415798041,55.24892188100143,180.6398897055381
800,180.00000000000006,102.3502408078572,56.43141964091934,184.983079328789
801,213.88,122.1425333217099,67.34782974709398,220.86634994848805
802,199.32999999999993,146.83047213110345,80.96669185956368,265.6186470956751
803,90.24999999999999,161.90733493008773,89.24795323042962,293.0653923337453
804,171.53999999999996,109.97129283372661,60.43093913767766,199.46295899187595
805,164.66999999999993,133.21386286981297,73.2508969092438,241.60125784681807
806,194.79000000000005,139.43100080335057,76.6490174780995,252.97444329791836
807,91.95999999999995,150.85207573506185,82.92610264572151,273.754244247305
808,122.37999999999994,123.11922540750905,67.57222260741261,223.6621376699361
809,163.17,116.71956514666861,64.01532511149935,212.1481461417731
810,105.07999999999998,129.45410237965174,71.02844882281778,235.27154417199486
811,207.33000000000007,118.51090800728551,64.9707185238875,215.50297969021128
812,226.57999999999998,138.18497258422016,75.81548224528684,251.1946881933264
813,118.45999999999994,156.71664496934872,86.18167853495076,284.31843523080937
814,203.95999999999992,121.57670499336494,66.84896544929727,220.44845551489593
815,106.96,148.74178239715596,82.20081860820022,268.4997689994753
816,234.49999999999997,130.68140884067424,72.40252204552607,235.2315755786989
817,99.88000000000002,144.2942303461111,80.04320419630956,259.48344930604424
818,187.32999999999993,146.35546696942035,81.2382664381227,263.03321210708634
819,171.12000000000003,123.78481399564626,68.67435712964088,222.48609223555664
820,215.75000000000006,139.6757234584589,77.57843968908767,250.8459166262756
821,239.17000000000007,128.07087854941437,71.12063928755146,229.99201357735592
822,250.8299999999999,156.57431832529377,87.00799500150207,281.1296610070169
823,246.33,169.80037562009673,94.3586494551026,304.9268192100545
824,205.24999999999991,183.90470048091066,102.19974278921305,330.29683597921684
825,261.4199999999999,187.68664472100724,104.28155948650074,337.1660574721692
826,273.29,203.67200939498807,113.17420923955662,365.90099899784303
827,105.91999999999996,219.15729963599418,121.7881054775803,393.7388584137968
828,144.88,169.69778787669955,94.03682430405645,305.5941544172056
829,244.21,161.85550492348875,89.53596977700653,291.9434074568256
830,154.96,175.78194638043573,97.15402507002206,317.39607742790474
831,256.17000000000013,172.37537906487472,95.31128546962458,311.1028020684996
832,290.32999999999987,180.55412121567068,99.89798375884324,325.685407402955
833,289.8299999999999,174.82329279269905,96.74879506084869,315.2579167264752
834,280.46,205.8089684518236,114.09562504072008,370.60360714819217
835,279.08000000000004,221.43191431606897,122.90043303850413,398.3202872094529
836,260.50000000000006,230.1119729049552,127.83281773406344,413.5895817498556
837,306.03999999999996,232.73298111474577,129.37764859848141,418.0220259994966
838,316.54,247.04168637694465,137.4347254797668,443.43096172217884
839,311.61999999999995,266.6367186444703,148.44029088960758,478.31794525006933
840,312.50000000000006,270.39540607789905,150.91680060855685,483.8408217204056
841,310.03999999999996,274.57904639817053,153.7781887081069,489.6622273306606
842,145.83,279.17257988475865,156.8085072619507,496.4172551355718
843,268.3300000000001,215.99777360425256,121.36971544179185,383.80136673686246
844,138.49999999999994,230.23932889073149,129.53205597274987,408.6436452130864
845,123.45999999999998,195.7757335546161,110.17273844688278,347.29302450310365
846,207.78999999999994,173.93437321703442,97.90483189404851,308.40889688401694
847,258.4600000000001,190.53662699983335,107.3583652771305,337.5643497725975
848,256.3800000000001,224.50518877491265,126.64245958563025,397.3987015722932
849,288.83,232.34858982014137,131.1914698852573,410.91435739622796
850,104.58,247.52551600445838,139.90340882093395,437.3494524520397
851,206.29000000000002,188.10007901004468,106.00876286456428,333.16739829861734
852,290.04000000000013,213.06208532223613,120.24284022714205,376.9404729108797
853,183.54000000000002,228.5300565921673,129.1027039764181,403.94198251830977
854,276.16999999999996,216.42111187587307,122.31880831167618,382.3311441825299
855,292.83,232.72241597910661,131.63761209828263,410.84522901869883
856,174.17000000000002,230.7909222085513,130.60296186022654,407.25093036548316
857,167.75000000000003,211.61872873196586,119.76559713543926,373.33445351905726
858,182.32999999999996,210.62012403470155,119.2389804179807,371.4505708613406
859,195.20999999999992,202.71719736475018,114.78188791296938,357.43858871383844
860,309.3299999999999,213.49495765836053,121.47139601720316,374.66393751565687
861,319.74999999999994,247.89448406559728,141.67136059191722,433.20392110418715
862,300.6199999999999,240.20650975041312,137.7263350077194,418.39102869501096
863,319.92,254.0226136812279,146.2230872875572,440.7549902467062
864,341.83,262.6001522100983,151.66030434817574,454.1611536598993
865,345.7500000000001,271.7774594612204,157.98122783082937,467.02722186354094
866,353.45999999999987,278.0312342302387,162.50594616168735,475.1810289092353
867,262.4200000000001,286.14141719103395,168.03180548298604,486.7791681327954
868,189.29000000000002,256.9165379534246,151.42101951495428,435.4289174916182
869,276.38,223.22942711940559,131.95277233889698,377.1706473794765
870,156.88000000000005,248.9000433877547,148.08030492763527,417.90195834731753
871,291.54000000000013,212.66390225722125,127.12588395996457,355.30788812390426
872,312.3299999999999,240.95429123350544,144.73137383052403,400.7108842629063
873,99.04,249.68648687943468,150.5575457055651,413.65249659057645
874,114.91999999999996,187.5534004531072,112.98244855041014,310.9110466091306
875,159.49999999999997,204.68589888208578,123.32874779320629,339.28082603469596
876,328.62000000000006,206.26877680951344,124.50948962680225,341.2876307429252
877,114.28999999999999,271.1510126845997,164.0486310556821,447.75363843681686
878,254.04000000000005,158.55381199453947,95.70809538794603,262.23979207599956
879,371.37999999999994,221.0809924901064,133.54193139145195,365.57692301066675
880,310.03999999999996,188.98531241375287,113.96530490070542,312.95923286704385
881,321.74999999999994,291.83362039873964,176.0284757034906,483.3939874365778
882,357.79,197.3743204423922,118.82481200278303,327.4158794262653
883,372.7900000000001,273.6222117872274,164.0011340485079,456.0717628203524
884,374.1200000000002,288.00300358192237,171.85824306425027,482.18630687648374
885,361.3299999999999,295.50140506265615,175.66295604241853,496.6316777073542
886,212.45999999999992,301.3759153430548,178.57558201563762,508.1515959646915
887,99.92000000000003,244.480284070629,144.38207084236723,413.49794681171636
888,254.1700000000001,164.49823606347144,95.7751199342011,282.0238408254433
889,208.07999999999993,268.7929343384531,155.0650366498144,465.3967598474879
890,244.92000000000004,231.86132615361387,132.46930740946613,405.2686640881897
891,210.99999999999997,246.38231406509485,141.1540515006864,429.5048548820694
892,99.12,237.21306555369677,136.18187771105448,412.65131858023204
893,267.5400000000001,180.84971805252093,101.8587732570069,320.5021811815029
894,108.41999999999999,233.54084796149246,129.65171389436708,420.038559103568
895,123.17,191.16050176752185,102.79536121779259,354.7544191408044
896,174.79000000000005,177.83728461901782,93.1014917001033,338.8753175117678
897,358.37999999999994,191.6785804005255,98.15230299277358,373.4243373536923
898,388.08,238.0969532697843,119.73264028770797,472.503709739658
899,386.1200000000002,256.4747692269197,129.36818108088244,507.5079521614726
900,375.75000000000006,265.6742654181859,134.34006094403156,524.4553850521612
901,384.3800000000001,274.78435410778974,139.24002035221585,541.3345617009461
902,380.96000000000004,283.07390755810786,143.69789289204036,556.6997932896056
903,352.0800000000001,295.632249819942,150.3102918831802,580.5248291317426
904,368.87999999999994,291.9684615876061,148.62264549287002,572.6465840600225
905,371.50000000000006,307.81165740180813,156.87652080273313,603.045739432084
906,351.17000000000013,310.9747412290517,158.633334596267,608.6987161928884
907,376.62,309.0953659939498,157.78982748670828,604.5749132857445
908,373.33000000000004,320.8151723319915,163.89545179964824,627.0646555910059
909,377.2899999999999,323.4137951733081,165.3163792437026,631.7958255063686
910,373.61999999999983,339.1221046085721,173.44923950760978,662.13299140704
911,357.2099999999998,343.4894692516747,175.7579315371851,670.3870964276073
912,207.99999999999997,334.2213383243937,171.05925682982655,652.1083984579761
913,361.74999999999994,253.30921575987003,129.56608995693674,494.32904938587507
914,378.04,307.54999605486097,157.45190724876713,599.832780863832
915,377.12000000000006,331.3111090769109,169.68873813326093,645.9710563429827
916,376.91999999999996,338.11252702819706,173.2122584068518,659.0988187575601
917,382.08000000000015,340.44558018487646,174.4365233408,663.5428329727596
918,170.75000000000009,347.4778987581813,178.0720682302028,677.1451017073548
919,365.57999999999987,242.6896525639332,123.13581088653338,477.3844914906235
920,370.9199999999999,298.8835422061052,150.63131709065038,592.0842032607125
921,377.3299999999999,323.5827648936823,162.08783497095706,644.9952778500556
922,376.00000000000006,338.95293878300794,170.82933680402806,671.5743271593327
923,373.74999999999994,344.18444394268437,174.3576720245265,678.4815360194501
924,369.25000000000006,348.43539782518013,177.28148303488211,683.9006143243217
925,374.08,344.4808263398093,175.90870707816975,673.681327673136
926,349.9999999999999,352.21385188408533,181.70882035782984,681.835261693736
927,318.8300000000001,336.2636771614319,174.96585594403274,645.4139723142004
928,361.5399999999999,351.0982665118406,184.05431404973737,668.9286634697025
929,367.79,357.5742731057439,188.63324271169728,677.0219939010809
930,364.6699999999999,354.6731652159237,188.09561576736508,667.9917158647644
931,366.3800000000001,349.49508429190473,188.2698794156393,648.0562813907441
932,365.8299999999999,343.39865648524574,187.45812013615011,628.3729052542449
933,364.87999999999994,338.25381394765554,186.74522583758068,612.0283727033258
934,357.17000000000013,333.89717725153184,186.11680532130416,598.3909480148357
935,356.58,332.5236756895075,186.871778895259,591.0955393063929
936,357.4600000000001,333.53298194919836,190.20674410224618,584.2948155007468
937,355.74999999999994,333.8155032880261,192.75360933717482,577.5772023835311
938,309.92,334.61717280691596,195.27337831620395,572.887746006194
939,330.6700000000001,341.81324293014046,201.28414648243938,579.9695004372559
940,347.08,344.73773315241885,204.5677658177285,580.4850380353957
941,283.08000000000004,345.0198448145696,206.98484180013588,574.6656685613356
942,96.62,355.7661290014533,215.4354366554594,587.0833229971495
943,287.50000000000006,266.12248984392346,162.3304544925303,435.8715240652213
944,328.3300000000001,340.0585499867208,209.56150809225156,551.432092517507
945,313.37999999999994,331.1942692743722,205.77903454040518,532.6761184904885
946,335.54,328.304707579573,206.02299058404805,522.8142398007844
947,316.3300000000001,331.57973452663833,211.02524536391985,520.6797633128999
948,132.32999999999998,325.3974127437243,210.28375917604552,503.2283962631978
949,108.5,273.10147715258444,178.13778013210703,418.40689296150805
950,244.32999999999996,190.93263213133633,124.39496301644937,292.7768343376794
951,320.0,314.9783571363184,205.37911726769153,482.78112815097785
952,313.54000000000013,312.27582531730235,203.56478166834341,478.7587440410544
953,321.9600000000001,308.76568650757065,201.23137128854273,473.48019526406085
954,302.38,313.17087530598275,204.07168028996063,480.311406582157
955,278.87999999999994,299.4382324447062,195.07888702352523,459.3409009745638
956,287.11999999999995,289.6200475669398,188.647311912783,444.3530672064189
957,298.0400000000001,296.0404158131555,192.8163139917791,454.24036036612887
958,309.17000000000013,297.40454080756973,193.68873689957798,456.3724776924657
959,198.42,300.783156228706,195.87787743164307,461.58662766709574
960,277.5799999999999,236.72546647247776,153.98038685691267,363.6487052696143
961,286.9600000000001,305.43696079180563,199.306717892821,467.79910932175545
962,133.49999999999997,279.4221894022036,182.71604184366814,427.033412433524
963,104.92,200.49749303313584,129.44707748484444,310.2468326732406
964,138.04000000000002,186.5378958231614,116.33454170228124,298.7451718780195
965,264.21000000000004,206.82662218871738,125.30901170644853,340.9542620660594
966,286.0799999999999,286.2030174619072,169.29779494146484,483.3607826371252
967,271.04,258.4189385471019,153.74203895770694,433.90564122202454
968,142.88,260.4540519527084,155.74750365825187,435.104050700082
969,179.32999999999998,181.29463066222172,106.67224044924919,307.63416819063275
970,289.38,238.16136448497844,138.48156758670973,409.0768241420792
971,288.83,263.60797596085405,151.66878996498784,457.6227542522428
972,252.46,250.2944777787705,142.665861972219,438.55407147674526
973,235.12,236.87463775247562,133.93934173387254,418.3316979229614
974,271.07999999999987,234.00309083131907,131.4313662687098,416.0194286768588
975,279.88,266.0120871686008,148.6256393653422,475.4922308538962
976,219.21000000000004,255.88206823643128,142.26266552681926,459.6112607130941
977,230.49999999999997,213.43240274898258,118.1036770341056,385.06075390548216
978,225.29,249.76256172853277,137.8026145733838,452.03082047788865
979,272.91999999999996,218.2246948830913,119.99003046183812,396.2184043853356
980,252.71000000000004,272.1034103220968,149.35006613082075,495.0787490752559
981,256.9199999999999,225.37664540575972,123.36181456108078,411.0749264236187
982,211.25000000000006,257.73691654764747,140.88318174930907,470.8303547975678
983,76.78999999999999,212.94506305874614,116.14110516995687,389.74661230829935
984,227.95999999999992,102.1077995967538,54.87954090743673,189.25242808087364
985,209.17,327.76400788379044,173.44392759941377,618.6018076823915
986,244.25000000000006,202.25305471036748,104.92474054945019,389.01090807307213
987,216.32999999999996,239.0096407707968,122.18262124200457,466.6359950950944
988,231.67000000000007,216.36629663137597,109.12079129238977,428.05709591013954
989,245.49999999999991,227.62614767735397,113.5528567688838,455.29517129585406
990,81.12,226.00887361619624,111.67960908344378,456.3412094670286
991,38.17,187.75131095971702,91.94511644356079,382.3128490472726
992,42.38,86.48117513679345,41.31795964267211,179.8441632804367
993,130.37999999999997,77.83001281388796,36.560744732891656,164.44322974501722
994,231.99999999999991,182.92466716983228,85.51674846914715,390.0027109444263
995,96.71,218.81463723765825,101.27554196117386,471.43430655460224
996,211.16999999999993,109.29966310770159,49.7765155958203,238.59926235414864
997,220.37999999999994,234.85561977020234,107.15514641499372,513.3340397667334
998,217.42000000000004,196.5177642200768,89.92879875805812,428.05292619452416
999,112.08000000000001,203.9835300901787,93.6791701694249,442.7961119963459
1000,29.58,130.92588777084427,60.106815971609116,283.81994336297424
1001,43.67000000000001,52.70764439111604,23.757531931095485,115.51044514738689
1002,98.25000000000001,87.39511148425049,39.58115116831749,191.54495028749653
1003,32.03999999999999,136.0390706729945,61.69482005726403,298.54160285913616
1004,200.42000000000002,49.2493842841676,21.683785497761857,110.31301789055817
1005,192.53999999999996,185.709203596744,80.57485831990212,426.3415538280548
1006,98.37999999999998,168.33996843473182,70.95898327420507,397.50514285622734
1007,182.74999999999994,115.95096106461881,47.53712408253249,280.79517333331756
1008,27.119999999999997,168.18779527546945,67.82120489379771,414.92573269163813
1009,51.71,68.67581589867375,26.386165332919273,176.26904304160865
1010,188.71000000000006,88.60657138637757,33.207438645278415,233.72490059498375
1011,133.62000000000003,133.01420681158734,48.907215570565256,358.86394796850567
1012,51.00000000000001,122.1282421307517,43.89698860781837,336.6744071331536
1013,78.12000000000002,81.11649666906968,28.411009005113467,228.27193773015262
1014,117.12000000000002,128.1287975405118,44.55012777572907,365.0636570846941
1015,117.41999999999996,99.77420993565977,34.09092601092834,288.4036305851184
1016,55.169999999999995,126.16619915822656,42.796480509658316,368.2361125863422
1017,39.92000000000001,73.95248590643392,24.573627931848378,218.6745474879572
1018,65.67,94.2591336689341,31.24488938488853,280.4183183896577
1019,125.12000000000005,85.90915080192896,28.22035842827183,257.4910281526326
1020,87.38000000000001,118.75130576674655,39.031899096713985,357.22370550534174
1021,70.37999999999997,72.12687166462246,23.326685937406438,218.82194258657353
1022,108.83000000000004,100.20345146685038,32.527354972267794,304.4860306539226
1023,27.250000000000004,86.2384295156247,27.799179856277448,263.2625110275049
1024,77.91999999999999,57.90718128048273,18.164105923695832,180.07059208648158
1025,38.07999999999999,126.3128147824621,39.90658961328841,395.2332954436316
1026,16.039999999999996,51.78558553439715,15.688151993478709,165.96384604466556
1027,33.919999999999995,78.01442444657211,23.639124455876402,252.38884430749468
1028,15.789999999999996,54.6725661442731,16.158614581951625,179.63431673257696
1029,24.790000000000003,47.905127830259126,13.896131262212938,159.5592409192209
1030,43.919999999999995,38.91923530228189,11.037816017915128,131.37827731769414
1031,24.960000000000004,42.68212955052259,12.115455285559891,144.48701516824093
1032,96.21000000000001,37.31226139449459,10.503165170255873,126.60221655823011
1033,140.42000000000004,54.26127080608652,15.397937482126732,185.23122904524985
1034,130.45999999999998,78.3185912610084,22.278134462172346,269.272470925653
1035,34.58,87.00776232177918,24.7135738294254,300.2170256949404
1036,37.92,59.27098781268693,16.54315953031137,206.06600573520433
1037,59.74999999999998,52.51946848669661,14.528003822479219,183.46244216864116
1038,18.62,54.84463447372551,15.158423049913086,192.00294279154835
1039,46.08,44.6267462859086,12.17130034024129,157.05576692213953
1040,23.419999999999998,67.63586590207522,18.980942891203473,234.76875794993632
1041,22.08,38.94892571572248,10.71324745813979,135.24886450522956
1042,78.99999999999997,33.413977011502695,9.15192327588173,115.65984676636293
1043,60.540000000000006,54.44131278986439,15.439629656934677,185.9713143183244
1044,44.54,55.08657074675234,15.704201265333324,187.31809843304615
1045,52.74999999999999,49.743089877473736,14.169308827654994,168.7414957772616
1046,46.040000000000006,51.41302150188372,14.718345451054084,173.77188241671467
1047,71.49999999999999,48.624399085721066,13.922267802671199,164.02726108280226
1048,64.42000000000002,53.90806541810169,15.54900385986916,181.17988668608427
1049,38.71000000000001,53.93438773818331,15.69046942890396,179.80899216309456
1050,24.919999999999998,46.731874301791045,13.601518311149178,155.0338983804398
1051,68.20999999999998,38.62649902527589,11.192582690801197,127.78808902275375
1052,35.04,49.190703386894185,14.55974022658455,160.89902079259517
1053,31.0,43.11932970897796,12.885624832417777,139.18204275727766
1054,47.24999999999999,40.80921034167043,12.328532295304136,130.14797868703786
1055,64.42000000000002,34.546883558872466,10.456439369052603,109.2943846725504
1056,50.92000000000001,54.25514808433432,16.97413410316781,168.8625019874323
1057,13.290000000000001,45.33749666937492,14.268600444049891,139.62609113732302
1058,51.78999999999999,34.63985878672695,10.813727749424602,106.51894417066649
1059,43.919999999999995,49.91989729595306,15.964269980360541,151.84099720365933
1060,25.540000000000006,37.90546900375558,12.017436968842205,115.27753773843021
1061,15.879999999999999,43.234794270601405,13.854770150392525,130.7231437681132
1062,34.25,33.2697546158687,10.544149729109073,100.73257528620866
1063,51.11999999999999,51.76192345521194,16.8204330179491,155.21509106370897
1064,12.750000000000002,39.11950289928131,12.58087812529375,117.51770541167616
1065,56.119999999999976,33.47923284148793,10.663462180160813,100.92663884654094
1066,49.88,39.2752919270208,12.616062410796218,118.13129441302941
1067,67.62000000000002,34.75182138786145,11.080711464560459,104.80442520287052
1068,19.33,45.5281911076482,14.715376365778301,136.75505704489808
1069,50.87999999999999,41.732203012253095,13.427996785597609,125.56234967443389
1070,23.96,38.26231681627567,12.252337659663688,115.32132846068183
1071,19.29,41.384357967100925,13.302373722731263,124.6038917112211
1072,79.88,40.35560939193034,13.024246145085419,120.95211139938958
1073,45.33,36.46120590254277,11.756985269441191,109.00576688242724
1074,33.17,39.330726688507255,12.816884254941638,116.72317732496933
1075,45.49999999999999,39.70053689586157,13.126375269844148,116.26530493265481
1076,35.92000000000001,37.924184884164276,12.66023520461646,109.91259749206802
1077,25.120000000000005,38.62097263628026,13.115651207013059,110.21140991815784
1078,22.17,40.83596300940049,14.09670335564311,114.93576158265617
1079,37.42,42.82375547012732,14.986928148869733,119.13074216770623
1080,49.79,41.366449411583865,14.598833359112541,114.06732551224665
1081,41.169999999999995,35.03449976430277,12.37214178793138,96.10375449619036
1082,23.210000000000004,32.695512789807374,11.632999377924405,88.87474377241807
1083,27.749999999999996,38.813658397051,14.057422293666846,104.27216173141234
1084,26.670000000000005,40.69886790938921,14.99153374699036,107.73225873358983
1085,68.08000000000003,43.96607268885299,16.44982299616495,114.87210331609586
1086,31.96,32.48321912119426,12.125094957086967,84.41850298100519
1087,64.54000000000003,33.29669215791865,12.655086122814337,85.14102338100874
1088,40.58,25.61123655914405,9.736412257056962,64.95852452864392
1089,45.419999999999995,25.74849799670991,10.026847939318461,63.885464007243414
1090,36.88,26.33218389700773,10.475734771074293,64.09807794293546
1091,41.50000000000001,27.852041694564726,11.440362296917597,65.91447484219646
1092,54.53999999999998,28.130844947159147,11.847757229892713,65.05091551395341
1093,43.879999999999995,26.507145707691308,11.367014394587997,60.182355000353176
1094,50.71,28.964469922040657,12.693651508700489,64.56830054703838
1095,63.83000000000003,30.47134453121266,13.583350131333667,66.91618645116567
1096,61.39,34.02053841083824,15.331331223685492,74.09725286854027
1097,28.920000000000005,40.42391522078415,18.421964725321732,87.35052356889129
1098,34.32999999999999,39.433425054673656,18.044707603012846,84.84336896793728
1099,32.83,39.41459804429621,18.110191481760193,84.46956406171961
1100,40.00000000000001,37.888445152996624,17.449576506791935,80.96996640334224
1101,49.33,39.44890783984688,18.244020567767265,84.01935131875888
1102,43.78999999999999,40.10604746684239,18.60353732192634,85.19399196166398
1103,51.330000000000005,39.86712966610545,18.52929722704505,84.51881144158197
1104,89.58000000000001,43.41340181501234,20.260707380487343,91.77914537275036
1105,58.82999999999998,51.02895302420591,23.942918685266203,107.52827557803245
1106,30.420000000000005,47.334041375430424,22.239501842794677,99.5262320804069
1107,69.5,37.824068816284104,17.71352257863153,79.54647718611346
1108,79.78999999999998,46.347915378837754,21.87041439886039,97.02293266856104
1109,61.46000000000002,51.132133048624,24.226647498225393,106.73366918416802
1110,82.83000000000001,47.86996657865703,22.7994790764812,99.34982806657989
1111,35.28999999999999,56.19976295796586,27.007561550788903,115.81891251097947
1112,87.07999999999997,44.87324030204509,21.565387705243868,92.25583957594279
1113,73.5,54.43986688996731,26.48310978796052,110.83519130443284
1114,37.67,58.20350457738754,28.54250889775273,117.64445793604801
1115,88.25000000000003,50.70425221903979,24.94502217969438,102.03825061372798
1116,84.62,47.288130432412615,23.34623601292482,94.77429297160462
1117,106.17,58.72832362789042,29.27624777010405,116.8307388183246
1118,109.70999999999995,67.51788057853253,33.89043553937431,133.55549884655397
1119,108.66999999999996,77.64372854296305,39.202235091012945,152.8430891998306
1120,113.08,86.5798937981826,43.93860840715688,169.682583853206
1121,113.67000000000002,92.9955234590686,47.63786158869432,180.65186835430305
1122,117.07999999999998,97.67125001438455,50.423568818213404,188.32983072059457
1123,103.75000000000004,101.5087472984336,52.74909414353915,194.5017743114323
1124,104.99999999999997,99.1454182945353,51.78179450148482,189.01068266266157
1125,37.38,98.75260934705094,51.806058016930486,187.43639243730385
1126,57.88000000000002,63.497664576082386,33.092320930402494,121.02010958013479
1127,115.71000000000004,60.577954918855994,31.507829315900473,115.64403966013093
1128,57.17,76.28285438099917,39.754772637369825,145.5506784792648
1129,81.45999999999997,68.05025851282358,35.38005480209645,130.05912639837487
1130,67.95999999999997,71.53021994721368,37.18381754078451,136.77126396469546
1131,99.79,69.90017407959105,36.30101228558118,133.76402854781108
1132,131.57999999999998,76.19438953280053,39.589628242074234,145.810257531869
1133,117.79,85.69465513063135,44.5632061997314,163.95685565392475
1134,122.62000000000005,90.60979210792664,47.126865362093426,173.3798177362218
1135,128.82999999999998,94.76984747425027,49.294980000085665,181.3614143046789
1136,139.66999999999993,99.48404038257561,51.79350380682287,190.25539400743796
1137,144.38000000000005,108.77714404616366,56.697200951013414,207.86665481682257
1138,146.45999999999995,115.88874371999496,60.45412150977769,221.328105467504
1139,142.67000000000002,119.66239457011191,62.45494096610755,228.4449138510715
1140,125.54000000000005,121.63149596046382,63.50500817746163,232.13668545128218
1141,53.17,117.2960317542651,61.53352350194679,222.78318612368673
1142,118.83000000000006,81.93487799279967,42.802865826498916,156.0261182207751
1143,111.04,95.05991676134965,49.69752104929427,181.0110217859631
1144,157.20999999999995,101.07963756512497,53.11491571092873,191.55786077705858
1145,92.58000000000003,115.91206313794287,61.21291314554541,218.70407454146087
1146,130.04000000000002,100.03189882408813,52.93573148139444,188.2519912059026
1147,109.37999999999998,109.94449486385363,58.38970015360556,206.2527880888515
1148,86.38,107.31157830297818,57.115165637014606,200.8646572868104
1149,167.88000000000005,99.8355831385769,53.21085374363642,186.56049987665818
1150,87.32999999999997,116.07508408953609,62.04723901623148,216.40167418026337
1151,183.17,104.63094989505166,55.96558566197539,194.87084809309397
1152,118.50000000000003,118.95970999714147,63.771448269669705,221.17091646130126
1153,83.38000000000001,115.07235255645632,61.937145148135535,213.0674000430001
1154,58.120000000000026,104.62959099969275,56.48034877559438,193.11173961943302
1155,97.51999999999997,90.93221901251462,49.17920216654904,167.42700815596078
1156,136.91999999999996,94.54758294861426,51.33916128107658,173.42657436360318
1157,66.08,103.42814410163606,56.37768230746893,189.06060966482286
1158,64.42000000000002,98.70069733589308,53.921737428546116,179.98897658137133
1159,127.07999999999996,96.1165963362244,52.615709845264966,174.9117488354228
1160,169.12000000000003,105.37097246282389,57.83440852386065,191.3157564862415
1161,56.790000000000006,114.43951867811846,63.01504718117856,207.1742193350097
1162,41.24999999999999,111.66340497972024,61.55049443377667,201.92474002843903
1163,73.88000000000002,94.59093649857451,51.97158015150458,171.50055812078628
1164,124.29000000000003,102.22779878172751,56.111618152491154,185.58162360010144
1165,132.5,110.16011009468139,60.416224589380974,200.19390533813717
1166,143.61999999999998,109.4898259909346,60.002160346483436,199.1240870514639
1167,41.88000000000001,112.59854701550186,61.680314094272035,204.88010877904108
1168,68.00000000000001,104.51797217893453,56.6954798152004,191.97945850206858
1169,49.28999999999999,100.57208158131544,54.110979064647445,186.20204089750004
1170,61.42,86.00192866891632,45.61570161656085,161.37738207553
1171,109.96000000000004,89.93200393698694,47.20351883388551,170.53580360991464
1172,89.67000000000002,97.43753106442662,50.71035668378887,186.38891284998124
1173,80.24999999999997,90.18560178147641,46.53239568128989,173.92941083806855
1174,88.78999999999999,91.4154088465867,47.14697792619086,176.38616544894046
1175,91.79000000000005,92.73598406017044,47.81215859206831,179.00504302951003
1176,116.37999999999998,92.52276607881849,47.98440177085802,177.55699893913788
1177,67.71000000000001,97.21740537223582,50.69754237449731,185.59801365747026
1178,177.45999999999998,82.6239630555978,43.20099191204243,157.20837711152743
1179,179.75,103.73321860499448,53.881966838131376,198.866143859487
1180,148.82999999999998,100.04255208198215,51.56018419738077,193.2458438292317
1181,190.61999999999998,105.40669991312984,54.00571287616981,204.84017903544117
1182,159.32999999999996,117.47834997860836,59.92157665859438,229.4129371489822
1183,100.17,110.29534620529506,55.97029374689169,216.42303351968067
1184,120.03999999999996,92.14075414895703,46.49464253065902,181.6563928307575
1185,139.12,106.8488638622849,53.815559844173585,211.19116377631917
1186,171.66999999999996,107.93667371904955,54.21515370057971,213.92648459015456
1187,109.96000000000004,123.21459676343905,61.810654670932486,244.64727322041617
1188,60.07999999999999,97.38212634676599,48.64859071069408,193.9510075907594
1189,73.08,77.03465934026511,38.313235569948304,153.89460407085062
1190,111.16999999999999,92.13646744212735,46.38994416514987,182.04308478121234
1191,181.03999999999994,107.66778608204406,54.76159171273162,210.77099450116128
1192,266.6699999999999,134.13872905717562,68.84444886377284,260.4735514172146
1193,113.00000000000003,175.37765316766507,89.80382578030358,341.59654006429633
1194,96.78999999999998,98.61095054111661,50.11282859769462,193.12624462251569
1195,144.03999999999994,101.99682636699255,51.70169481501809,200.2904191963371
1196,157.91999999999993,126.51248278433846,64.09005852938556,248.79902665912846
1197,97.00000000000004,128.70624916000023,65.0754149129589,253.6137787150928
1198,98.04,99.25186645524495,49.98247884306553,196.13511300024388
1199,97.00000000000004,105.0441179718343,52.84893581883049,207.83151701007068
1200,94.11999999999996,101.59973090928337,51.03487476691997,201.30095353951882
1201,116.62000000000002,104.22179581011383,52.308086031135204,206.69131172780757
1202,207.04,118.75844080624763,59.61801887190441,235.59770496047784
1203,93.46000000000004,158.18170771884505,79.51109927815169,313.7245075458064
1204,137.03999999999996,94.89471788380384,47.47013455878177,188.72088692805664
1205,80.33000000000001,135.78253250636374,68.09865296972946,269.76448519265114
1206,124.29000000000003,103.11847234149764,51.57293453316488,205.20222894136774
1207,151.50000000000003,126.33828574137196,63.271672040266594,251.289048982458
1208,222.38000000000005,126.95640153294376,63.56168547243463,252.59995752047868
1209,267.6199999999999,149.40020050589368,74.86398694662454,297.1680929599427
1210,116.91999999999996,173.84320223605337,88.09154139588625,342.13184943468735
1211,125.38000000000005,116.10712265033781,59.49900008389767,225.682724614012
1212,121.50000000000004,132.0420396450391,68.53994957203342,253.53260207756261
1213,193.04,124.44480284492937,65.22418959418258,236.62312015042846
1214,147.75000000000003,148.72871631697095,78.71495533729804,280.2356651906499
1215,158.54000000000002,128.46675516862868,68.42455217813351,240.43678522960667
1216,185.96,138.75381343028394,74.60875419872409,257.3183465365999
1217,199.62,146.96002868268957,79.6544575431004,270.43162020627943
1218,116.46000000000005,152.67410855936404,83.43832279372147,278.680254890984
1219,249.87999999999994,121.56351702014756,66.80110927826338,220.55707870053837
1220,88.37999999999997,167.2259409272317,92.45316793240076,301.82512435879323
1221,75.70999999999997,127.70030610485813,70.55348750396095,230.4879311866842
1222,158.99999999999994,127.003126656462,70.21466635426084,229.076208632689
1223,204.28999999999996,142.8949998126328,79.10277518339983,257.490057600009
1224,154.57999999999998,144.18563189028762,79.86126727682142,259.6794132377428
1225,175.38,137.1702195184888,75.9864226973269,246.97891489053765
1226,229.12000000000003,142.4867401452088,78.97731706493452,256.4285479066856
1227,77.16999999999997,154.5221999920481,85.95228692522596,277.1658257150405
1228,226.33000000000007,130.05586261653934,72.26171855841149,233.44220889346343
1229,105.17,141.8175103785299,78.825993635958,254.51628412845267
1230,116.78999999999996,147.7770259714451,82.37793440027973,264.4731568504028
1231,163.57999999999996,143.44674371972923,80.13393519897421,256.1656572562862
1232,249.9999999999999,147.99340320329296,82.84833097609543,263.75224896757715
1233,180.41999999999993,131.9818335218844,73.95962520297692,234.9159080499227
1234,154.33000000000007,127.75928326787684,71.68004572469769,227.10873139040402
1235,151.03999999999994,129.85336959535567,72.9490962427185,230.5458227948899
1236,218.17,134.00484029829232,75.37160549466316,237.65292324175462
1237,296.50000000000006,120.54518568342148,67.81605468284779,213.67711613086112
1238,200.96,120.77305994182288,67.66771824068314,214.9483161449994
1239,263.99999999999994,138.20129268799056,77.22699464907505,246.70221549392892
1240,210.66999999999996,166.18041755296454,92.11531878435561,299.1578298616034
1241,220.2899999999999,169.65269954051232,93.89989281983168,305.8743598662794
1242,187.83,181.9877592269157,100.62344284270625,328.49602070375965
1243,140.96000000000004,179.7291597301541,99.2551068909072,324.79915567104126
1244,158.61999999999995,170.83454801887336,94.22899659541459,309.0642970995272
1245,216.20999999999998,169.2374119894282,93.26644147741975,306.4347136334861
1246,222.92000000000004,173.38145926112733,95.49377258227082,314.1384024094769
1247,257.49999999999994,177.9850839157224,97.98244132858821,322.6499305767842
1248,286.83,185.9909392047511,102.3577093829628,337.2970806282067
1249,170.37999999999997,198.70757024216596,109.33941663761101,360.45844184601964
1250,177.79,191.84012994883787,105.50630976661667,348.15598709758945
1251,85.79000000000002,177.73274907515213,97.68418497952128,322.7134257995902
1252,218.07999999999993,140.22084078559251,76.4845403032259,256.38458012584186
1253,299.7099999999999,174.34867103729866,94.69751590754124,320.2952409783901
1254,272.49999999999994,189.770440694411,102.64274314110368,350.1423949209092
1255,145.54000000000005,196.89891424952162,106.10171206959924,364.67090762927387
1256,135.32999999999998,181.3119693904819,97.34325804687026,336.9759308685399
1257,162.33000000000007,178.48331358582567,95.54803407790132,332.6604433577099
1258,129.08000000000004,181.71663219391561,97.054807788563,339.47660112980884
1259,118.95999999999997,165.82042204623315,88.34407626073107,310.48179461244155
1260,198.29000000000005,160.42280916551195,85.30547044728162,300.91971822692295
1261,227.57999999999993,196.3968302018912,104.38576257269322,368.74167688805727
1262,200.45999999999995,196.7524938680088,104.4452036606048,369.8660752070528
1263,95.28999999999998,190.67962255351344,101.0996927899881,358.85492902345163
1264,171.58000000000007,145.0246430380769,76.46494974382469,274.2625083332944
1265,180.49999999999991,192.39635371246297,101.24059827837068,364.8248314181533
1266,218.03999999999994,181.3570480071404,95.12121738005905,344.95996455593456
1267,355.67000000000013,196.75681186871515,102.97801655730134,375.11562458422605
1268,324.17000000000013,235.942955039377,123.71299925174347,449.1693029566633
1269,388.16999999999985,229.53190531362375,120.9923138222032,434.6418671178359
1270,390.71000000000004,264.74511259157384,140.2700811860807,498.8968236826247
1271,388.42,278.50427634757455,148.16238658552805,522.7422267428435
1272,386.3799999999998,288.5619429402726,154.04059012150006,539.8010814048007
1273,379.62000000000006,298.58434637550135,159.85743988658427,556.9523126596875
1274,133.16999999999996,303.32449649728585,162.79262238747847,564.4308345417064
1275,256.5399999999999,151.95250507876648,80.85934750854466,284.78860596742624
1276,371.46,229.89192652332792,122.92740996592771,429.1799073208346
1277,380.54,288.0711062752427,154.53323692248017,536.2620420987002
1278,321.33,294.5134412712109,158.32967877805572,547.0974708648006
1279,163.96000000000004,271.11321121484275,145.97208208242756,502.80724467199155
1280,304.9199999999999,183.68462810730927,98.90032006772329,340.42445025213874
1281,240.46000000000004,261.5229404627357,141.18594378330468,483.70539657727676
1282,117.12000000000002,227.88224120218194,123.10000121914253,421.1360179136972
1283,240.74999999999991,147.19728156963677,78.90789847761364,273.8468509753516
1284,297.79,230.61710878632616,123.30008452495517,430.58848433257884
1285,305.92,256.1051533508807,136.4264057262853,480.0069762810981
1286,256.6199999999999,264.638890185582,141.42323519535515,494.4530058402227
1287,360.83000000000004,244.88463994206293,131.1754826969165,456.4165717107562
1288,365.71,289.51461763842315,156.72579382876202,534.0979127309278
1289,360.87999999999994,295.14559241693155,161.14663824763474,539.8820858440134
1290,376.16999999999996,295.86174660926014,162.70979535318094,537.3116899619789
1291,371.82999999999987,305.8902141147781,169.2760458333116,552.111290895324
1292,348.83000000000004,310.1317117851042,172.52712449003363,556.8548158555403
1293,359.2900000000001,303.63277137488967,169.65318668923643,542.7995457098548
1294,329.8300000000001,309.68005666828526,173.69426287420947,551.5201344529028
1295,367.0399999999999,299.57690565833616,168.55251615040638,531.85246522084
1296,365.1200000000001,318.8880397483943,179.93496093802327,564.5532653477701
1297,352.5800000000001,306.421028093972,173.28400797241264,541.2625381057011
1298,255.79000000000008,315.8911959311965,179.00463972430873,556.8746759667148
1299,359.3300000000001,281.1239246805428,159.52237134913983,494.84309157777153
1300,355.92,344.4023803381482,196.57760333848748,602.8275711790607
1301,353.8800000000001,299.4450173575318,171.64206384351107,521.8575611606974
1302,353.45999999999987,331.3622648406622,190.90772478855177,574.6134893044401
1303,347.08,306.0205842838702,177.00512414326448,528.5445264718568
1304,343.29,321.7125431594205,186.75758058714325,553.6694050208276
1305,349.42,306.18318529528125,178.25373123662078,525.4130831597297
1306,344.61999999999995,318.93112582812427,186.16430252733204,545.8773900338384
1307,336.58000000000004,329.5967530642776,192.81907051632808,562.8981388440596
1308,250.78999999999996,329.4433946901067,193.08263730173022,561.6100232993288
1309,335.83,298.14777894508217,174.973927415749,507.5377985362097
1310,345.7500000000001,310.589159922308,182.53414730212182,527.9904140904639
1311,318.5399999999999,318.82629071285965,187.5970495558734,541.3672134427675
1312,341.4199999999999,317.01456676152173,187.0520509912957,536.7939997963622
1313,339.4999999999999,325.154369676329,192.3227841855156,549.2541943368803
1314,337.92000000000013,329.56932998777376,195.3346077906947,555.5808451104095
1315,304.4599999999999,333.49367614237616,198.00569541104005,561.2252124399945
1316,253.33,330.78634104692037,196.91446417517534,555.2108689937332
1317,276.79,318.57047849112894,190.0538996798565,533.5365412283
1318,321.71,320.0814383649341,191.58351791243877,534.3173063822005
1319,320.7899999999999,331.6831760823818,199.09545199517686,552.1264931045453
1320,271.49999999999994,330.07180279385886,198.59546324962295,548.1534568002404
1321,321.8799999999999,311.195641782164,187.59235660495744,515.808424807685
1322,317.9199999999999,330.6004116737703,199.6553643960268,546.9984716740084
1323,316.54,325.65745254946984,197.28223380814535,537.1475145642913
1324,307.8799999999999,324.7073292077434,199.2528498656289,528.7565771015259
1325,140.33,321.5704648009178,202.63718698786545,509.9661270663718
1326,228.7899999999999,250.7509533025347,158.9517055875328,395.2354903058623
1327,254.42000000000007,307.1115376763572,195.8308582415265,481.3060799379313
1328,298.91999999999996,282.2301833366986,183.8293895057147,433.01829637304303
1329,297.29,300.3742768136034,200.4220073814247,449.92617190001516
1330,297.4200000000001,301.31275316932266,205.19164508755347,442.2429873189496
1331,292.79000000000013,302.97934920473375,210.24100569231314,436.43138052242267
1332,289.4200000000001,300.12509072455947,211.93978957849015,424.8307967870451
1333,280.75000000000006,297.71510441505797,213.6054024891541,414.78968921907074
1334,247.74999999999994,293.17947880590265,213.20933555649043,403.0046411874992
1335,287.04000000000013,277.96070495854894,204.46375514377976,377.7484311114349
1336,287.9200000000001,293.45480424378366,218.1954447972787,394.5539852684082
1337,281.71,292.1607044434984,219.73825604716976,388.3443763161876
1338,278.62,288.8811957352399,219.3976803698538,380.2703813392145
1339,285.1200000000001,286.8249398514071,220.11783335844385,373.6563302570575
1340,274.0399999999999,287.1106137577802,222.29897102326862,370.7335793331312
1341,170.08000000000004,283.8743799110897,221.45294318322811,363.8115919189441
1342,265.04,234.82827734596987,183.89336974729036,299.79486610029033
1343,275.75,281.3229352056573,221.1013565358041,357.87326843178755
1344,272.53999999999996,278.53899530439054,219.5490052030835,353.3069705702556
1345,236.79000000000002,276.60638858735075,218.5640153468994,349.9924286215668
1346,265.3800000000001,265.7906060166963,210.45156108386834,335.6124472853854
1347,262.1200000000001,272.4996393544848,216.51088529030514,342.9002725183029
1348,255.20999999999992,268.93760198361565,214.94910600779465,336.42352682874645
1349,162.17,267.9353201879952,215.2295713064107,333.48804438560717
1350,227.8799999999999,237.82435586739805,191.0797953222515,295.944677912566
1351,119.67000000000004,258.69451842641655,207.920618737047,321.8079799323768
1352,91.17,198.90363649002546,158.6156256098792,249.36060053172437
1353,88.91999999999997,123.81272707393376,96.95212998062006,158.03908207728045
1354,136.57999999999998,104.89197459434243,80.41177014494265,136.73328185255565
1355,194.0,146.05380740598815,110.09875511883793,193.6450457475085
1356,197.61999999999992,196.1202095483146,145.72750217548375,263.8199992248205
1357,225.29,202.07830426437963,148.26542971519734,275.2916888497528
1358,235.83000000000004,225.62486187124546,163.79396169795652,310.65479298503897
1359,185.91999999999996,234.3288987496936,168.5689512266121,325.5909837039333
1360,57.46,196.6292922708758,140.3038897723241,275.40666669840704
1361,219.5,70.38571990946586,48.7757139171733,101.37765781666761
1362,222.79000000000008,183.05220152000817,123.05226707657292,272.0720984200295
1363,223.92000000000007,214.17069589433456,139.90153291721558,327.5871162157909
1364,219.25000000000006,217.61211432475636,138.68680597501992,341.1315005089802
1365,211.6200000000001,214.87967680931538,134.09497811217773,343.97237062799064
1366,75.0,209.70200428344074,128.5389742959406,341.71797233498944
1367,66.16999999999999,128.90548803793803,75.55409975360497,219.43804155087315
1368,198.50000000000003,108.30148617529204,61.13478709910446,191.27256482061313
1369,204.00000000000006,211.8322892273686,116.34345941064433,385.0256341961339
1370,203.2899999999999,188.82646555457345,100.97268692625907,352.36998672006644
1371,199.28999999999996,191.959134756938,100.3893444447894,366.23018469086907
1372,186.37999999999997,187.587667704944,96.2478820312829,364.71807701631656
1373,195.08000000000007,180.19218756178103,90.95391765266257,356.0332800548494
1374,188.20999999999995,186.82321261493962,94.12815767691984,369.84245147276636
1375,183.58000000000007,180.88698352080343,90.96469538585097,358.7345115480794
1376,186.00000000000003,178.56571607141532,89.6595749379142,354.65847744511797
1377,185.58,177.7500110975207,89.1366605024329,353.4791463236134
1378,167.79,176.36084246591327,88.34257994103932,351.09268034321514
1379,176.54000000000002,167.67400813661678,83.89115989234719,334.1458627370725
1380,178.61999999999998,171.70447114232192,85.85391639232168,342.4138101248126
1381,177.91999999999993,168.0899881650301,83.98152360955469,335.4428276081816
1382,176.58000000000004,169.88161590655446,84.8350445211099,339.1935283863429
1383,169.61999999999995,167.62965084130582,83.66453143941263,334.86625543672875
1384,168.88,166.208359455498,82.91779946922614,332.16692821588884
1385,166.58000000000007,169.27593697559556,84.428667585829,338.3930343556772
1386,165.20999999999998,171.40069483023524,85.47000435212868,342.726125615908
1387,159.88,172.61003430272524,86.05545497194369,345.2211991231006
1388,101.25000000000003,170.1124081157213,84.78535701540376,340.3106528880413
1389,28.57999999999999,148.07037822656017,73.72173237714772,296.39644622326625
1390,96.54,78.49166522792589,38.38109364712527,159.45579884930163
1391,60.880000000000024,178.67140731564925,87.12906377880857,365.3015720649059
1392,40.169999999999995,94.50532088327179,44.902779367121916,197.70836674325352
1393,30.080000000000002,60.86129428963997,28.017388376990638,130.88022579674754
1394,72.04000000000002,41.962527771599376,18.73980536050757,92.5054200796834
1395,78.42000000000002,85.0179723446972,37.83326470817329,189.5348834793124
1396,43.50000000000001,90.25855876471546,39.58781952937844,204.18777910168154
1397,56.07999999999999,60.46426023980876,25.991441231056143,138.9649338650419
1398,21.42,60.689533254933416,25.799334271809663,141.00347197484908
1399,35.42,36.05801661359501,14.668371835977943,86.64768986271439
1400,75.53999999999999,36.87345810703081,14.6484547653886,90.66392787597367
1401,15.620000000000001,57.01114907604984,22.504095648640913,142.17902153866837
1402,32.32999999999999,32.326984944736694,12.241943139338884,82.87650617582685
1403,14.540000000000001,33.40995149841284,12.447291743223225,87.05079749383918
1404,26.579999999999995,23.54385373084785,8.457347195564754,62.696588853559696
1405,29.540000000000006,25.81039509309624,9.207613871236424,69.41775816710555
1406,36.330000000000005,28.425969281967816,10.08988572473955,77.07904334412328
1407,20.38,33.02365226870556,11.712068020662606,90.0637759190856
1408,31.71,27.39943373773813,9.532903209435952,75.57222520583377
1409,35.669999999999995,30.219102817099813,10.539556647992962,83.460123593584
1410,33.29,33.66794723419095,12.013038313494203,91.35864342198558
1411,79.41999999999997,34.526625064076484,12.510895312371767,92.4165397083449
1412,68.04000000000003,52.36447130776118,19.521544464917174,137.769613701605
1413,82.88,60.65393241700786,22.934376643760547,157.8178977484216
1414,55.24999999999999,70.9611425340263,27.160954453706612,182.88602713431305
1415,54.78999999999999,62.93812053462195,24.452276020898598,159.61759090397896
1416,76.87999999999997,59.077985884348124,23.26537153705815,147.74548211255293
1417,55.580000000000005,65.56786851699223,26.220451919792414,161.79234202109305
1418,57.46,59.48055405288136,23.99203815644307,145.36250935782442
1419,54.53999999999998,56.32818140266374,22.901547954734667,136.5024073403452
1420,37.42,52.56459298248259,21.502295799911998,126.50546197114004
1421,12.670000000000002,45.08487199385021,18.485200943758386,107.9963317709522
1422,49.17,28.716158062582647,11.50444352762411,69.61890023731254
1423,53.38000000000001,38.155046015246455,15.409519865142983,92.42854885795336
1424,23.169999999999998,42.419089905140765,17.13384140084542,102.96128026700434
1425,16.21,36.0430245714235,14.425574730690974,87.95523786669436
1426,35.080000000000005,28.98281589754899,11.454442079741675,71.18061181629122
1427,11.920000000000002,33.49682733778221,13.299156428958614,82.22386724595235
1428,28.83,37.114389829864805,14.539082868249068,92.48728779040178
1429,24.420000000000005,28.29801741638168,10.777660208865708,71.88152394517701
1430,17.289999999999996,27.606061849771283,10.362674898506482,71.01708944964173
1431,16.500000000000004,24.99656952927179,9.221626618061599,65.11683761722296
1432,11.749999999999996,22.779228477933284,8.26927938390093,60.00276877918265
1433,25.62,17.019813086277612,5.972782214875345,45.56873736449931
1434,39.74999999999999,21.811068844116527,7.771783811854085,58.320301659490944
1435,42.32999999999999,29.537240483456316,10.680611223319529,78.83512493616142
1436,17.999999999999996,35.72357655550233,12.983639596363032,95.44277984528432
1437,19.33,27.188137504551793,9.69239965207063,73.31176553727556
1438,20.0,24.683369967117784,8.868345287847857,65.84357646870549
1439,16.250000000000004,23.43628788458638,8.492346001248706,61.90670035624824
1440,31.379999999999995,21.28669334985975,7.816232846621874,55.338881823090986
1441,27.879999999999995,25.8497175421159,9.823696311775809,65.60454167649586
1442,15.21,27.060793206782503,10.494881903974722,67.50075729108097
1443,56.119999999999976,22.434707160554304,8.731672626598472,55.43279637252785
1444,31.0,31.37521590998142,12.524604910017242,76.49983176525765
1445,79.33000000000001,31.421030207695296,12.612411999897668,76.21799779026615
1446,50.46,41.88639576710721,16.930887225593708,101.57400644780714
1447,10.000000000000002,42.65648246027996,17.343059872406656,102.90242816967235
1448,35.83,22.244198324841914,8.724434511502066,54.560326425719154
1449,11.879999999999999,29.568344960939683,11.741760530022736,72.33552623668237
1450,28.329999999999995,25.490458489773985,10.046614142747263,62.52574480563115
1451,42.25000000000001,31.181510874808012,12.424589235989323,76.14572296997844
1452,36.28999999999999,22.729325840733257,8.901742160308972,55.86685188721588
1453,6.710000000000001,22.697990544427324,8.891214647278881,55.77712756928841
1454,16.169999999999998,25.415442602332835,9.988931790599676,62.49803795069894
1455,14.830000000000002,25.61198030151812,10.039523748827385,63.15109126819104
1456,7.039999999999997,23.114949842714203,8.979728648926164,57.27120419543627
1457,10.459999999999999,20.075305080560693,7.659898169818703,50.290266412913965
1458,16.039999999999996,18.411811506308553,6.9282172859992945,46.52877126890675
1459,22.709999999999997,19.027882717595702,7.137846563776506,48.29020017841475
1460,34.92,21.783031260608578,8.21692801788102,55.31665045174146
