step,true_value,prediction,lower_bound,upper_bound
80,230.92000000000007,229.37749741530308,227.84525403301984,230.92000000000007
81,149.16999999999996,230.46493660149167,228.9254606486867,232.01472018270186
82,165.28999999999994,190.45119272960002,187.91297359059135,193.02351517170737
83,129.95999999999998,185.61470174866838,175.08572708608042,196.7732521825579
84,215.45999999999995,160.35109331454765,144.58774005221738,177.82120640420885
85,136.00000000000003,182.7072306671984,159.71124991458848,208.99367883298223
86,74.49999999999999,164.1442907560688,139.07180625511378,193.70468396511671
87,124.57999999999996,117.215687639537,95.14866074214935,144.34730589297004
88,137.03999999999996,118.36750023972078,93.7584224581036,149.36763744963784
89,258.5799999999999,127.13078091155774,99.21354976648874,162.8251220045654
90,164.66999999999993,203.24032857816476,155.60952823835697,265.35743231553926
91,167.28999999999994,161.45136786695988,121.92139291862304,213.69368590150495
92,138.12,164.96548661255312,123.50713958748362,220.22862060603094
93,140.54,152.65437520947836,113.74452812778758,204.75854383855042
94,187.16999999999993,149.06141560715145,110.92939373444173,200.18422607959778
95,88.75000000000004,177.12938985898566,131.85397906347495,237.8342430931219
96,41.38,125.96299701211848,93.25715646782568,170.01728096159542
97,92.33000000000004,64.13230283998699,46.83481548134586,87.68471280910688
98,45.33,101.64774055990043,73.81823404524842,139.8287535319311
99,118.87999999999995,59.59149253905325,42.58994568914836,83.22421524200512
100,111.08000000000004,90.43421121746636,63.043108956900724,129.54042998734568
101,75.33,98.81396089309756,68.11385484914396,143.15093487282468
102,113.50000000000003,84.25450145033044,57.65097566665674,122.92513397993588
103,150.66999999999993,98.99706808950945,67.63997926086631,144.67914696616108
104,218.17,119.4144097870217,81.13687007882402,175.53010238206028
105,133.38000000000005,159.93854730606893,108.00971284346431,236.60466231281055
106,159.45999999999998,127.93547194631674,85.87517278616772,190.35911207840917
107,281.62000000000006,145.6198311237126,97.42171779049623,217.4210493511812
108,269.5000000000001,212.13515521273936,141.37643719004157,318.05977761561684
109,117.29000000000005,240.69391508441402,159.90345346558203,362.0496880623346
110,307.2900000000001,128.59089736219724,84.29918198491562,195.88114573137835
111,289.91999999999996,221.01711576986247,141.2282522290986,345.5668664434583
112,126.41999999999996,249.5652700510167,157.03890425808422,396.26265409441027
113,291.8800000000001,179.68422010771573,110.24411401465491,292.46979554920716
114,299.79000000000013,221.6066284216302,133.61776491597578,367.1067728926834
115,217.75000000000009,251.15387923081184,149.83075076530488,420.5425467853091
116,207.29000000000002,235.05100503982317,139.6261369380827,395.22845506197774
117,205.42000000000002,225.42219197156876,134.12780931999225,378.3964341996103
118,237.00000000000009,215.9936393982892,129.24512472268043,360.5201692928729
119,323.0799999999999,223.5638857861549,134.75437665707585,370.4719189257811
120,237.54,257.6793171282248,156.68638684944497,423.35488850292097
121,313.54000000000013,255.6945045651505,156.9460933221586,416.18074368290775
122,326.91999999999996,274.1852754287408,169.79804272840062,442.3712155192041
123,324.0800000000001,295.9992934852829,184.83530272227645,473.65997600349107
124,327.5000000000001,306.78502749263305,193.05402936677183,487.1713791657135
125,331.87999999999994,314.1912420525149,199.3591501955486,494.83719520494446
126,319.8300000000001,320.4738464081766,205.24269491696714,500.0865183180164
127,317.38,324.9584205593533,210.23473943619254,501.98967024618014
128,340.62,321.60499830277155,210.1948018046393,491.78667865226345
129,341.7499999999999,325.86294403877537,214.8367862100842,494.0008108520656
130,344.6700000000001,333.0699707497657,221.45173118996627,500.69420916506294
131,339.21,336.58402564921084,225.3982292953702,502.37396510661483
132,290.74999999999994,338.2133018093311,228.05464837431958,501.3502685540299
133,219.71000000000006,323.0895754489689,219.12031728195848,476.16655241847457
134,151.03999999999994,299.5714950317917,203.7826055360202,440.1664916029965
135,94.11999999999996,245.05514888301445,167.0836244226131,359.1965182498602
136,91.82999999999998,144.3001002946559,98.2364962701227,211.74551137083347
137,244.83000000000004,105.07845923761923,71.10179264729885,155.0660158516711
138,227.42000000000004,188.34523327441394,127.17389570736131,278.7107567487565
139,117.88,237.23479934977155,159.70996418312598,352.1568183075053
140,105.75000000000001,149.59866811755535,99.81413713886877,223.96804002340014
141,210.33,125.00966581947418,82.80452383483728,188.46991347661526
142,300.83,208.2608269996939,136.6843108758293,317.0470849441077
143,153.92000000000002,276.58381471511245,179.97710442419537,424.75979120092745
144,181.41999999999996,122.05116380081192,78.6055325626993,189.2077459353513
145,193.9600000000001,188.1269637194939,121.18016029429224,291.75627335566475
146,130.67000000000004,197.34196609096375,126.98029612002254,306.38743935969325
147,260.11999999999995,127.51264985659827,82.19993892012359,197.50376559795788
148,197.71000000000006,248.18722650306916,160.7835059087616,382.8109052186703
149,138.96000000000004,195.70569270069586,127.01829285742744,301.24687954519675
150,315.00000000000006,156.2251766293363,101.53374860111367,240.0889731759744
151,275.45999999999987,246.6820472979199,160.10384432909655,379.7879123503288
152,359.3300000000001,241.49151807573443,156.3944206636428,372.59733649222795
153,363.58,296.6799388179096,192.90907001863013,455.98401815923694
154,374.57999999999987,316.7115667298397,206.5888344526575,485.25274042352135
155,341.08,337.9514368595551,221.04065039869644,516.4191137652667
156,109.50000000000004,326.63232723287484,214.5024357696519,497.1054690387223
157,228.53999999999994,147.39195165680715,96.76100547719743,224.24493492093177
158,349.95999999999987,225.83125966576196,148.6389363217348,342.8437991227752
159,358.07999999999987,281.8507413408747,185.80885774452938,427.26953091535245
160,341.46,287.51688374951897,189.73704353072938,435.4227874546164
161,366.2100000000001,280.4087155359972,185.54192859220197,423.5204591657161
162,367.0799999999999,309.5038615761914,205.39740500430176,466.1214158517021
163,352.99999999999994,320.76934638746974,213.38799246895766,481.9352198426454
164,380.28999999999996,323.7638627246075,215.81497027383816,485.4588750426077
165,375.6200000000001,343.93953307735643,229.67495758483196,514.8049348979199
166,369.49999999999983,352.87817015718736,235.99368603135255,527.4096863965914
167,362.92,356.7793105505967,238.89981962991473,532.5812059197496
168,367.0399999999999,355.96920505923185,238.60583619614502,530.819322031481
169,365.8799999999999,356.6499086439559,239.27517860187007,531.3623434486313
170,181.54,360.0321911371699,241.7298822085346,535.992981050946
171,117.79,261.9785435905495,175.83804822323302,390.07938073205105
172,315.2899999999999,180.06784372464654,120.54808170944976,268.733290480586
173,157.00000000000003,292.05259189223824,194.69148482530937,437.85313503253485
174,351.29,211.8151752228034,140.41757740715866,319.25933151659177
175,351.88000000000005,273.03722554984466,180.06059792704445,413.7583839158388
176,237.67000000000002,301.31256714481736,197.7728842127139,458.78549144503506
177,197.08,260.2562406522876,170.06894573946576,397.9901439137679
178,304.3799999999999,243.49840510951995,158.5341153714363,373.7127688765316
179,355.61999999999995,288.3285282999678,187.22221217939168,443.74558193185834
180,359.24999999999983,303.8947191864164,196.8455487405772,468.86546010017906
181,327.20999999999987,306.4557182806225,198.0770547837651,473.83633312804267
182,249.96000000000006,306.4627925732806,197.7165840284779,474.71957458473963
183,213.99999999999991,281.42427301280344,181.53482172902577,435.9767326106138
184,329.88,266.336456581689,171.85857843642054,412.452324230124
185,350.32999999999987,303.41558505573147,196.65345590025487,467.8450702910467
186,337.12000000000006,308.17443539758534,200.8320600159058,472.6057863943053
187,355.4200000000001,303.6944539003722,198.8240771734666,463.60222186865434
188,320.5800000000001,314.79483751745227,207.06617236415653,478.30126396583773
189,326.6200000000001,307.1202575055956,202.81113671624524,464.8140600898149
190,199.62,313.0753895869855,208.30189935393153,470.29696695876555
191,256.3800000000001,261.69855981983324,174.52365827692634,392.1694109436549
192,343.41999999999985,282.92437769094744,190.6861841631594,419.54701333391654
193,348.33,311.4687042836855,213.6737619927763,453.8142737630448
194,330.7100000000001,312.2588783750033,217.4351340476222,448.24606706982877
195,256.32999999999987,306.1510413795912,216.03610975327578,433.68233156138865
196,297.70999999999987,282.2563695965696,201.6434342676238,394.9376784498533
197,260.53999999999996,292.663620695054,211.3097418722388,405.19107422599586
198,289.5000000000001,280.9191844733041,205.06136342647505,384.70271133070327
199,363.29,286.116457737101,211.23586895611263,387.41624984958156
200,363.8800000000001,298.85073520968035,222.774346106551,400.7907547050752
201,359.70999999999987,308.5906353038561,231.9484391539403,410.44882453797715
202,294.66999999999996,326.52777478104184,247.17150430996696,431.2593101544598
203,346.74999999999994,313.1210912352523,238.42963134991993,411.11298452286877
204,344.78999999999996,306.043786144928,234.21855609169208,399.80123004182536
205,358.57999999999987,317.4808363429822,244.13568316300274,412.7710259435367
206,342.32999999999987,326.78208338221026,252.8250937315427,422.2879129752907
207,340.37999999999994,320.64217838419154,249.67732755280187,411.6966404408349
208,344.21,325.4083962201381,254.95245746463232,415.2587153035043
209,341.50000000000006,328.2357797887976,258.5150452563242,416.687531703891
210,327.83000000000004,325.709190879758,257.9014466739647,411.27616445003014
211,337.49999999999994,321.5958698182255,255.80406661153495,404.2431746776047
212,335.96,325.0234396281734,259.53519085483373,406.9728455808072
213,331.3299999999999,328.08744294426947,262.84701240877126,409.4596224717289
214,326.38,328.84402482754814,264.191315736612,409.2588367655805
215,327.9200000000001,319.89888683465784,257.611136867631,397.18894429295364
216,321.00000000000006,324.7369565502414,262.038992754475,402.37960448948974
217,308.2500000000001,321.91608865095566,260.2075674244465,398.202830675237
218,258.49999999999994,315.8335871376241,255.66036794042088,390.1142290647564
219,199.25000000000006,291.87215503223433,236.65349040202796,359.9208476093696
220,194.20999999999995,240.73730006030985,195.4434352638867,296.47454865034666
221,169.12000000000003,220.78042264778966,179.44740364384984,271.5811226794486
222,132.04000000000002,164.78345532741264,134.0274789556671,202.54489525291334
223,268.58,123.93904580251426,100.850852132656,152.26101686131958
224,315.5000000000001,216.0607309468679,176.08241117746823,265.0646001254781
225,303.7500000000001,312.43167276187546,254.86776588128274,382.94603224811203
226,300.4599999999999,302.63467165331394,247.12858644449017,370.5574055818871
227,308.21,294.120633275958,240.54536466616875,359.57900885647325
228,279.54,311.9816822048032,256.1017663732682,380.0068471234486
229,298.54,276.95620678691205,228.07453849476892,336.2686174510524
230,306.71,298.12550838495775,246.2043178156101,360.95188885535447
231,296.28999999999996,305.2655391650516,253.4085043271459,367.69278693389685
232,262.16999999999996,296.7491821385856,247.58522969454043,355.63653698626683
233,272.0,260.12394836602977,218.29058952124544,309.9377222211306
234,283.08000000000004,274.9872980044412,232.5650152856875,325.1147161385678
235,273.3299999999999,282.07447955955104,240.13653194199458,331.30618493421076
236,238.87999999999994,272.9625918513661,233.75177430586425,318.7228304486697
237,294.2900000000001,235.55723266403527,202.65149647264641,273.7798336614861
238,294.33000000000004,301.51436727719874,260.13274582906666,349.4537208406184
239,289.5400000000001,290.3352810286755,251.384402630843,335.29750922525875
240,79.38,291.58166626051633,253.23627984246818,335.7105256764407
241,252.74999999999994,75.17519742897747,65.36312710570778,86.43802404158588
242,271.79,260.96868741582523,227.429564266439,299.4321853292313
243,270.61999999999995,267.1410849207436,232.99011557408335,306.27640458688245
244,273.9199999999999,265.38466185133944,231.91080816745867,303.6693651873507
245,250.5,265.0880217334261,232.03711121617266,302.82643751676653
246,270.6699999999999,256.0430326472066,224.43276373805975,292.08570563081
247,190.24999999999994,260.90778530340083,228.97431150634134,297.27543586597864
248,172.33000000000004,234.4267937211906,205.93243557644183,266.8447921779062
249,215.12,223.71508185984595,196.68804226640583,254.4371394261031
250,50.87999999999999,235.83041008494197,207.56579610715414,267.9254143674896
251,157.49999999999994,118.10903298513828,103.95445462949156,134.1725545022108
252,123.49999999999996,135.34471506165363,119.04462549794313,153.85808921584785
253,114.28999999999999,129.55904584590795,113.8715231289007,147.38894782535837
254,242.82999999999996,124.58289430595859,109.42711673788432,141.81875510429748
255,138.67,148.01810194680687,128.77569313404402,170.11366675493042
256,179.75,153.44169320311173,132.40023851866513,177.8020536118211
257,218.88000000000002,156.6506359868967,134.17631241405041,182.86152561215803
258,55.32999999999998,171.48572541970984,145.6031400788249,201.93784606228067
259,161.25000000000003,148.043817519748,124.60371343201952,175.85830246478224
260,118.78999999999996,129.34093968421647,108.04933003712851,154.78968299924733
261,134.00000000000003,132.1834297474027,109.74342301616993,159.17046860373287
262,86.20999999999995,130.1256246162711,107.46311518919853,157.52328601308258
263,217.17000000000007,123.86482755087636,101.79213274474724,150.677222205576
264,148.38,122.61971367576112,99.7597729656792,150.66601868468342
265,173.25,139.8104968875604,112.80522869184989,173.2239461370337
266,171.61999999999995,144.3926860797397,115.6670783448251,180.19107348349382
267,214.62000000000003,151.63065349484216,120.72907344975923,190.3767658461435
268,86.82999999999997,161.73977095178773,128.11925903681723,204.11450613179701
269,207.29000000000002,158.63285763461474,124.66550476501004,201.78157704649982
270,42.290000000000006,143.83160170478374,112.25527737998691,184.21161519030258
271,55.75000000000001,158.13788086731185,122.36034035692427,204.29179032471149
272,65.88,61.045287436513235,46.74046360357114,79.63637012506064
273,71.46,59.85514480953403,45.672799162073076,78.34704402299371
274,199.20999999999995,65.23330004318834,49.657453121025135,85.59831405519816
275,87.62000000000002,89.10206618968147,67.54137378596552,117.44498998518837
276,92.70999999999998,127.04424171019781,95.95752928583154,168.0980365929706
277,92.42,100.2682125989225,75.29817873924995,133.41016617222311
278,193.29000000000008,99.11730959698794,74.10983456739234,132.45090877474325
279,186.32999999999996,108.39655126341637,80.74207704217012,145.40691625874993
280,69.83000000000001,123.18213691572304,91.24238136734701,166.18132056393713
281,113.70999999999998,119.60215036140711,87.95533299214424,162.50766370668217
282,191.17000000000004,119.56493217031534,87.3978436626828,163.43730148780855
283,185.20999999999998,121.49162657068545,87.5894253377105,168.36782830157168
284,160.99999999999994,129.73092688815362,92.22870264961536,182.31881447785307
285,65.88,129.5544056203396,90.99712959978217,184.27157207001073
286,147.96,116.61833880058292,80.50780672245523,168.7269768197241
287,127.92000000000002,123.83008221756846,84.28519161574498,181.71107951134766
288,95.95999999999997,122.5981915796993,82.42998503333072,182.10578571563934
289,97.20999999999998,119.63497279376564,80.12858707222152,178.37939246985187
290,77.41999999999997,114.56331378070593,76.661090380666,170.96358467949915
291,15.54,111.08203000120912,74.22716410683078,165.99262292211344
292,57.21000000000001,47.694134259726326,31.589424069257845,71.75730636617693
293,28.57999999999999,55.441661933310534,36.68312962822776,83.53812709355732
294,83.08000000000001,38.87410799828526,25.393373794487484,59.240289893935135
295,147.04000000000002,48.86758647457592,31.45267203591063,75.6277790022207
296,136.12,108.7659826617185,70.43316305946199,167.66915076493652
297,135.04000000000005,112.87440832801276,73.10683147130985,173.98226026672387
298,56.999999999999986,111.51552922115344,72.22250437411135,171.89417268814736
299,146.78999999999996,83.05883451354859,53.70354555017144,128.16690479039713
300,55.580000000000005,107.49992770424154,69.60924377202292,165.72369909292365
301,147.5,82.07034490491398,53.060259372760804,126.64796696662533
302,137.99999999999997,107.26550133581225,69.45668451281183,165.36347367953908
303,99.95999999999995,106.88751255307102,69.2106981544023,164.7826466743264
304,134.79000000000005,98.50973773734692,63.75863604941112,151.9091486269129
305,123.17,108.35082558661054,70.16298843593702,167.03121003325901
306,99.46000000000002,108.97299918272925,70.56788462385536,167.98725752211652
307,106.20999999999995,99.81289439281326,64.60670026388487,153.9116116948069
308,125.71000000000004,102.34956130281094,66.25750442575206,157.8095174312445
309,123.11999999999999,108.59187055389074,70.31985492621803,167.40160575096158
310,97.42,109.85441224864394,71.14148786352446,169.34165885571653
311,92.70999999999998,100.08631006740029,64.78463286187363,154.33174904993393
312,74.28999999999999,95.86537188120451,62.03774390404728,147.84574999965415
313,44.21000000000001,84.11783711777578,54.392719954424635,129.7941946445165
314,95.37999999999998,58.01643088508933,37.40652840137434,89.68612184927115
315,25.08,64.24493247555436,41.27714452138579,99.69036738245899
316,67.38000000000002,58.1218045892683,36.836067919538465,91.38242687704378
317,74.25000000000003,36.9634649770214,23.022362798611233,58.99512558959644
318,25.08,68.3259689368037,42.29991709595297,109.99536191665996
319,80.00000000000003,49.16834389442246,29.882942378047126,80.49685668869839
320,24.790000000000003,42.66378673795237,25.467839961783415,71.0318044483492
321,51.71,50.202351653350135,29.540048865088224,84.84402816166725
322,32.67,32.131677734418304,18.55184778720967,55.14344390587178
323,35.669999999999995,43.883142000404995,25.327932551367052,75.51555745587467
324,59.16999999999998,36.19490274866073,20.64055722375093,62.92907429222546
325,98.54000000000005,37.5608601469509,21.211927894484774,65.94330822323232
326,81.58000000000001,49.464410910639685,27.79040154727778,87.45506251018871
327,45.0,80.73263070734968,45.57293774577288,142.43572137985478
328,17.670000000000005,74.71721885944838,42.1351318890018,131.9101588598916
329,75.62,51.19977208554009,28.68811368601423,90.78138545952693
330,30.250000000000007,35.75127847925281,19.872397746186124,63.7101730373257
331,39.67000000000001,47.309481141297326,26.40376739162037,84.1636906265305
332,38.040000000000006,39.66822701960501,22.04567570452286,70.76637865270064
333,91.42000000000002,39.215266564693906,21.76921302184196,70.02870280663548
334,45.379999999999995,42.63081180074444,23.684810315881478,76.11818377503309
335,85.61999999999998,55.07990669124903,30.70817894755982,98.18437573158786
336,66.04000000000003,55.32877734016975,30.8319125172002,98.67767896207761
337,66.92000000000002,66.99594047822372,37.407719773578904,119.37808932095635
338,57.619999999999976,66.56252495388375,37.14820191024108,118.65687895026977
339,40.53999999999999,65.46658542682194,36.517106119383214,116.7544708337341
340,45.379999999999995,58.43623077484637,32.60624202581127,104.11932652295759
341,40.92,51.35102070006512,28.64320532993311,91.45388067299233
342,73.04000000000002,53.607950846550615,30.133438236828983,94.78217069940345
343,73.17000000000002,48.477146232377194,27.504265273276967,84.88146285584318
344,34.83,47.76966267163529,27.35886486184843,82.87077581179555
345,37.88,54.493640374870026,31.524535803072865,93.68372248880657
346,49.71000000000001,52.63473091105179,30.646703470656345,89.89996885673322
347,16.379999999999995,49.08057324968835,28.75756834043361,83.28322463463942
348,12.750000000000002,53.06642497677434,31.318017526034104,89.45042157720141
349,82.16999999999999,28.472269407606863,16.706438299862086,48.05643073578073
350,68.79000000000003,47.41331454502288,28.211437990821583,79.237372291353
351,53.88000000000002,49.92264656941843,29.838198587528947,83.08778892430398
352,34.53999999999999,48.034785378152954,28.78747836852064,79.71882243051832
353,24.17,44.878041787597866,26.94364446518695,74.32284204684876
354,20.08,40.18953818193933,24.11152193056686,66.56173760923218
355,45.17,34.66854511946142,20.753957479880892,57.48338685573369
356,37.75,42.45399870466373,25.510894403089445,70.22543565353534
357,48.379999999999995,40.11514277244444,24.090939618664986,66.37312316279188
358,60.880000000000024,43.71280268050729,26.292884170395258,72.25113429069401
359,68.83000000000001,46.849593686004894,28.21344990944626,77.374297558585
360,20.04,49.14397666104197,29.619448302916528,81.11834421404717
361,46.54,35.22307680681787,21.020051718764023,58.587112242544464
362,44.620000000000005,44.590813326880856,26.737356790303565,73.93584466321995
363,45.080000000000005,43.82095753477538,26.291798058766062,72.60886336651159
364,14.499999999999998,44.80977289322704,26.957905784351272,74.0605323844979
365,15.260000000000002,29.752115282250394,17.77504399379773,49.369660632764656
366,24.17,27.905411256538084,16.653087438133355,46.33012300753364
367,37.67,29.203519475200945,17.479957845258134,48.36443017498128
368,46.459999999999994,36.47769256320797,21.969770853657167,60.14895306579434
369,49.24999999999999,41.47615699800523,25.123467423184977,68.06525401440057
370,11.119999999999997,42.02746757416631,25.54042710753,68.75633656327516
371,52.580000000000005,25.2711749470595,15.212657491064796,41.570111252851625
372,22.830000000000002,39.68887278673719,24.07757910475082,65.0185084748328
373,33.61999999999999,32.89418479305142,19.74377711682637,54.38122379138243
374,22.96,35.15307053150211,21.128719186962137,58.06552918010071
375,36.92000000000001,32.80352789199803,19.76638071065932,54.02540446822087
376,26.92,34.210883319046246,20.809541718200975,55.846967264461995
377,41.120000000000005,32.83890397883153,20.175527106365262,53.07522640342576
378,42.169999999999995,34.403660644999626,21.34843852119083,55.08531378502353
379,69.17,34.559867741841934,21.613774900478827,54.91743083064455
380,45.71,36.91490073717513,23.18474793100279,58.439928917639854
381,73.29000000000002,38.68791439755314,24.381122559965263,61.05913649036262
382,50.92000000000001,41.67029924572703,26.34834238848474,65.5764093434247
383,57.54000000000001,38.31505842013306,24.244925913287727,60.22710852420868
384,64.16999999999999,49.30271366274737,31.456977777735602,76.96052421036237
385,42.790000000000006,54.89480548219336,35.21382329804983,85.27173259721731
386,60.540000000000006,51.79205386556635,33.32336139033663,80.19836864607062
387,62.67,53.61397286038943,34.61357743747732,82.75137366729625
388,58.88000000000001,56.174057778228736,36.41402868699523,86.37024580206376
389,46.83,57.69520382069228,37.52415815162276,88.42770243007865
390,41.88000000000001,55.10846155622951,35.91983264772969,84.27014432175318
391,82.71,51.98087991460875,33.93704967882,79.34375147103141
392,43.379999999999995,55.465282634176944,36.270156838240204,84.54641067907104
393,43.53999999999999,54.41227777312766,35.60466798538009,82.88330497172178
394,87.62000000000002,51.46506588418907,33.68157677059739,78.36730087098883
395,56.54000000000001,51.91810689564947,33.77762256028867,79.52091636122866
396,30.119999999999997,63.777841480740335,41.63393678280031,97.42320610178251
397,81.20999999999998,56.60870187904377,36.9625538987744,86.42200382613575
398,89.42000000000002,44.78112513714662,29.263599119417112,68.25519369169614
399,45.21000000000001,57.78745296241821,37.8840375079164,87.87874941240177
400,44.620000000000005,66.92311139080957,43.948891604676916,101.63988490715721
401,51.62,59.017573511744516,38.73400559359731,89.65557515344227
402,36.580000000000005,52.1644507357544,34.27272911773419,79.13156035078069
403,54.039999999999985,49.73325429642356,32.73175420699768,75.3038612137056
404,76.07999999999998,46.96646605471662,30.950166952311086,71.01157568949279
405,137.78999999999996,54.38675680533841,35.938345308629806,82.04900514038466
406,114.61999999999999,74.49049718034343,49.30843115280659,112.27753686506111
407,137.33000000000007,78.00965347683777,51.504013755638354,117.89615471273571
408,135.54000000000005,105.74710395090506,69.4523742420315,160.73967626355974
409,56.42,117.90114206358083,77.36475153038054,179.40613040855484
410,52.5,69.846451918399,45.431922499740864,107.098469311798
411,56.119999999999976,58.731027151203726,37.96079372208982,90.57399692591436
412,112.33,60.51647975999293,38.963098399339174,93.69429132462353
413,136.96000000000004,84.90241875508413,54.61308076849687,131.6886668748252
414,162.79,100.78332821899448,64.70168555732889,156.6800627785407
415,160.79000000000005,120.37198506929244,76.9430711991792,187.99895183775715
416,162.5,128.67670509963423,81.91179984885487,201.81851167327852
417,163.49999999999997,137.88997605694146,87.472092210702,217.03966614869213
418,93.66999999999997,143.85077059564878,90.977175898581,227.1190473307082
419,51.75,101.0888874214624,63.82281378172614,159.77890370581346
420,149.32999999999996,49.2200364527228,30.887322667872347,78.09262522857927
421,65.49999999999999,124.95933847368357,78.97684821704836,197.37934730398567
422,166.54,82.20366408043927,51.68784723791281,130.3936719629166
423,152.03999999999996,127.7937032601711,80.34496527758955,202.91941828069028
424,88.37999999999997,129.24494850376328,81.07951355635727,205.67455100230742
425,184.25000000000009,99.7308695075026,62.36050512591165,159.14247442588587
426,115.03999999999999,141.92202030294305,88.73756450815179,226.6271258244288
427,131.57999999999998,117.17289947862089,73.08482248389416,187.4979095984222
428,139.71000000000004,125.53681672000025,78.24097312323667,201.0617031132306
429,167.49999999999997,136.3784296066644,84.9497769882334,218.57977766221498
430,123.88000000000001,156.24098956469908,97.33026717320368,250.44576039577396
431,44.620000000000005,138.3880306139426,86.13103855226738,221.98624464092083
432,149.32999999999996,63.860624557425496,39.51722273909682,102.82993536030018
433,187.71000000000004,124.68214138527642,77.45142271192628,200.3475360566952
434,180.78999999999994,138.625234452035,86.09827840891244,222.82998208367425
435,131.70999999999998,133.91629433848462,83.11446796635448,215.4004233529661
436,212.58000000000004,119.54810915900296,74.12132632253568,192.44502198241247
437,150.41999999999993,140.89420950201148,86.80992859455922,228.29032072403078
438,77.70999999999998,132.52788143678168,81.14489906257688,216.0517624887798
439,129.82999999999998,106.5561785284719,64.74906932558112,174.9466964066609
440,177.3300000000001,122.79429579502343,74.26856635770585,202.6046176109585
441,220.67000000000002,141.20203655473122,85.06543655425212,233.95400720550995
442,142.12000000000006,150.30303714240134,90.21768844407673,249.96677452586144
443,190.70999999999998,133.2603861846705,79.73414661811928,222.2741913247807
444,212.21000000000006,138.6162973964892,82.77062218678113,231.69148527084513
445,240.50000000000009,150.6657261347564,90.48233072195507,250.4419156404648
446,233.74999999999997,168.22626122947497,101.53391892141937,278.2980878030608
447,167.42000000000004,181.7412549035445,110.16797017936352,299.395574281353
448,163.62000000000006,177.2213623613747,107.78890779706238,290.96776257001926
449,112.54,177.74439122249257,108.42506096743215,290.9766012559822
450,118.61999999999999,164.40086914590466,100.50624230859667,268.5149272795388
451,82.20999999999998,154.54186510768562,94.6560110918054,251.91951363054534
452,135.95999999999998,126.70642161289322,77.66208374762279,206.32898677710028
453,123.08000000000001,141.5101731091267,86.89962161547349,230.04933862443522
454,55.959999999999994,138.11351287228317,84.93753400231475,224.19344647643288
455,63.750000000000014,105.22634952850312,64.68181200509466,170.79850844060852
456,126.50000000000006,83.46462625370437,51.26694743196402,135.49683860846585
457,157.83,132.77220085783816,81.83361921170311,215.03549250473299
458,136.54000000000002,145.01835034023944,89.50356577993026,234.58584076046483
459,231.53999999999996,136.67246064937726,84.40045651082274,220.9391698316313
460,157.00000000000003,174.22166974039334,107.72522079412946,281.3874104127756
461,149.79000000000005,147.35033139957017,91.11136848882879,237.92621711544092
462,264.1200000000001,143.6194633303697,88.9637379042643,231.48021548660864
463,284.50000000000006,198.14271992523544,123.0791495170274,318.617139975468
464,282.37999999999994,221.7236441243122,137.9601520305274,355.9787520174534
465,267.6199999999999,229.12123855217612,142.74137848900227,367.4101612872679
466,98.46000000000001,224.1116473565421,139.75020715843567,359.03679709354526
467,287.7100000000001,117.74820969162364,72.9973309332894,189.56278283440216
468,302.25,218.36456635130546,135.30528148785584,352.03703895570357
469,237.12000000000006,257.3546856019058,159.8164078039969,414.0518251459208
470,88.41999999999999,210.96711543960387,131.36315441476162,338.445355668976
471,312.11999999999995,115.86355242087932,72.17363272914571,185.6394953354266
472,315.1199999999999,220.27364280868798,137.6352364741295,352.17157633992684
473,245.0800000000001,252.27197482925112,157.7666300507782,403.031333368938
474,257.49999999999994,237.20230590971167,148.6387060874608,378.1822318186865
475,299.24999999999994,247.81984983596956,155.59216030107234,394.3666489648043
476,308.82999999999987,270.12056258569334,169.88990430211908,429.1386893331612
477,154.21,283.12247977372846,178.31976458529365,449.17672033790524
478,116.62000000000002,210.52592389204895,132.42509447863344,334.3433374225568
479,193.38000000000002,169.33601909574824,105.94116061386221,270.3114317708848
480,149.49999999999994,196.99120592624797,123.33067175683101,314.29241393305807
481,304.7099999999999,173.93128988536844,109.05549395122713,277.0502370424153
482,158.0,225.32353447551225,141.37444715207542,358.77201865989275
483,281.46000000000004,187.1217940382705,117.33298908282532,298.0696818062031
484,255.1699999999999,224.12051790655798,140.5961787480326,356.91394958969573
485,197.1699999999999,227.97242000211034,143.25333637322606,362.4464923984504
486,332.04,214.35466424276729,134.86177282080922,340.3589448172695
487,216.00000000000003,240.47560070513373,151.74131310989392,380.75962055499764
488,226.16999999999996,210.86398798818914,133.31039830946972,333.1986173165476
489,314.67000000000013,214.48816225044044,135.86731781400144,338.2712651326748
490,284.83,216.84386586931714,137.76213274954205,340.994958974466
491,103.46,224.13265790832045,142.75601568825513,351.57455776166023
492,325.25000000000006,225.5012301599098,143.555145723053,353.9012870302195
493,347.08,212.41185587514053,135.1415453465878,333.5387340221878
494,346.2099999999999,221.5246517015159,140.90184254803592,347.9540355906135
495,294.58,226.96048703835538,144.30264057792178,356.63963713306555
496,253.0800000000001,229.80635094228964,146.06018482311524,361.24333390693545
497,182.71,236.13632228158266,150.0441263317336,371.29938502693193
498,224.79,229.19321432508923,145.77712606961802,360.01617016389343
499,161.91999999999993,234.0170139861901,148.98790971541544,367.2496607078746
500,240.21000000000004,228.84246201008852,146.02796830656592,358.3027772288126
501,229.88000000000002,228.5121065515785,146.1079423938065,357.0758876548658
502,156.45999999999998,228.09059785887254,146.08537559443496,355.81658910840997
503,127.29000000000005,222.52904811435954,143.20201427736723,345.4947116120402
504,102.07999999999996,207.00437010783057,133.73290631309243,320.12287315627424
505,61.42,155.91949649645048,100.6620793889844,241.21153579283992
506,163.21000000000004,91.42158674424361,58.787329595805836,141.86889469843393
507,202.32999999999993,130.55865854077703,83.4791293017783,203.87522516030995
508,279.54,159.23592975318275,101.87772783633176,248.5734861554696
509,338.04000000000013,230.30829873203788,146.5835905387378,361.5303386846795
510,174.99999999999991,253.7861911973338,160.7019781867938,400.45460156248123
511,262.9200000000001,194.51183929414944,123.28180618651328,306.56617140578203
512,355.17,229.03924627490693,145.42904232926446,360.390431740544
513,306.62,269.6599897344323,171.48201628153456,423.721554295082
514,304.00000000000006,254.91658060779682,162.2444729180689,400.1976335814905
515,218.95999999999995,261.2650593417088,166.6095949361362,409.3760371100367
516,276.25000000000006,220.51329658545384,140.81659694686684,344.99716549776724
517,251.42000000000002,246.47835201254804,157.67845742436035,384.97258701006393
518,348.38000000000005,238.81336170282518,152.960602673374,372.54003201207223
519,302.7100000000001,282.42908020607433,181.25370177153073,439.7704355281838
520,355.03999999999996,264.2125411031723,170.50248220487475,409.12637866300577
521,182.74999999999994,294.9365702887763,191.28824337800273,454.45402098307676
522,246.2100000000001,203.0755893952069,131.57395114967596,313.14049159613415
523,165.28999999999994,222.93830278535032,144.45264089052537,343.77451318417314
524,217.29000000000002,189.3111335075214,122.59320636729558,292.04464704381587
525,126.12000000000003,193.28429661284702,125.15797263783655,298.1993856679023
526,246.82999999999993,157.0161404614584,101.7516770453692,242.00431257497084
527,307.9199999999999,176.37908408125512,114.48053146296758,271.4557903476108
528,249.42000000000007,324.073769050856,210.47445149725732,498.6960842161105
529,102.04000000000002,267.8433994280764,173.78112531957638,412.5273375994729
530,195.29000000000008,141.73250840766872,91.74261724345845,218.66782437102495
531,161.58000000000007,201.91670534524556,130.78663041660425,311.43828890689514
532,195.38000000000002,183.58346171899646,118.83229445993763,283.32280708401925
533,339.04000000000013,202.29873267378431,130.93777806679125,312.2565616334998
534,300.75,271.00013628905407,175.42942800207842,418.34089442489386
535,333.11999999999983,256.2283469480544,165.81343104662065,395.6492509535194
536,205.66999999999993,295.34013966893195,191.1438156496697,456.0403584527393
537,316.1699999999999,214.27577901519112,138.5617090546604,331.06573167176214
538,372.11999999999995,255.8135246906843,165.46920448655467,395.18851226852354
539,364.46,272.9904996723025,176.58434782977668,421.73316780506497
540,301.41999999999996,305.256088341504,197.88813045343136,470.58566693953725
541,360.87999999999994,296.3850711850909,192.45056749507395,456.1600988764924
542,355.17,321.7260485174694,210.29355832185996,491.92606560701125
543,306.2900000000001,336.31407390115874,221.23345083412426,510.98765993478946
544,168.78999999999994,322.6520441638111,213.3717950206139,487.6400549164631
545,125.75000000000001,217.40190677050728,144.2015794609896,327.50464201602193
546,263.1699999999999,121.913551089931,80.56667793149008,184.2195213126916
547,249.71000000000004,251.36677540750242,165.86636498904966,380.67661489935534
548,311.17,247.63914483061782,162.8951891039054,376.2009702060732
549,353.8300000000001,270.1005527463034,177.23302148736366,411.3563023620845
550,362.54,290.05950249075545,189.9288046894838,442.7027410711703
551,368.08000000000004,295.19463018164487,192.9295414811875,451.38728601311055
552,367.37999999999994,307.1012878930501,200.81601015847806,469.36111519008927
553,321.9600000000001,324.6565881471489,213.47252941028873,493.47924027959084
554,351.96000000000015,304.69889267517533,201.41582699093266,460.68234160372555
555,360.4200000000002,304.15367631871067,202.15654983667744,457.35965537751514
556,347.88,331.49003335399397,221.47588144050027,495.9060986024491
557,362.7099999999999,332.85068162849,223.48829218045867,495.4903805950441
558,267.29000000000013,334.36428875530356,225.88570795222995,494.7086419741813
559,342.4999999999999,272.71362726239363,186.24405810406728,399.1149649699307
560,368.7100000000001,325.3986225867206,224.41021978313668,471.63190164583045
561,356.96000000000015,356.8337720923322,248.83532477523022,511.51762962273494
562,353.49999999999994,338.40142862210865,238.17805584265227,480.62164938120566
563,341.66999999999996,337.9309941668708,239.740316087866,476.1706736690348
564,357.83,326.59710443602734,233.25722242341635,457.12829898960547
565,354.79,337.69410190918444,242.5783330394484,469.95196537653743
566,348.92000000000013,335.9055586647885,242.47006350964918,465.19840576307575
567,352.2099999999998,334.16021080032897,242.33553453195296,460.6356880214317
568,326.21,339.915338533994,247.49231055230368,466.713740475219
569,254.28999999999996,323.9008696769534,236.8892894457802,442.73824211577227
570,335.2099999999999,275.76688099029764,202.96734250880647,374.5498574963799
571,351.96000000000015,328.8204939325921,243.41242670331292,444.0737619408634
572,353.2100000000001,337.8811446135633,251.57055460665177,453.6865344356904
573,350.7100000000001,340.7822864715283,254.97707995486152,455.34996448238576
574,255.62000000000012,338.9743400591853,254.7772655137328,450.8875110597852
575,276.66999999999996,276.3216263922041,208.44460084776978,366.19630944659974
576,306.96000000000004,264.04769820187994,200.40837420468227,347.79524051329975
577,331.9199999999999,299.34076647310576,228.84463422754447,391.4589160360855
578,222.61999999999998,329.4869710246009,253.46768357197396,428.2161443994243
579,319.41999999999996,273.96729362383695,211.82312233171774,354.25751024821517
580,327.9200000000001,299.5014538220352,232.61724858335796,385.53448877057565
581,336.3299999999999,306.66429956017424,239.08659084304915,393.2632568169231
582,328.3300000000001,313.7350461864726,245.52477097447922,400.81823881810135
583,261.49999999999994,315.8562677493281,247.97670883702665,402.242114015378
584,305.9999999999999,302.56612123600445,238.21317832477885,384.2312427250876
585,317.49999999999994,319.6265858690069,252.43963207455394,404.6248295679924
586,321.45999999999987,308.26881818055824,244.8976083330379,387.9716640483012
587,324.74999999999994,310.68164658757155,248.13437268104707,388.9319382312202
588,317.42,313.07983423110534,251.43880679211554,389.77249462628833
589,138.71,313.092352808236,252.6343244086793,387.961574197871
590,311.0400000000001,249.9826128348622,202.4809272536668,308.5733482032242
591,318.2100000000001,275.21018881165185,223.46815267830667,338.8792545537864
592,318.70999999999987,286.3980643966038,233.0338071217279,351.9304096478375
593,258.79000000000013,293.52672891035905,239.4929040518436,359.70084639144324
594,250.0399999999999,303.3097509371424,248.41240100128383,370.29037747785827
595,259.29,283.32586516612844,232.77575731430161,344.8065906028908
596,255.3800000000001,279.5836203779396,230.32320839927792,339.33406578255585
597,244.21,276.4948318504228,228.65190193522918,334.3047854374505
598,287.79,271.73537252596435,225.95386383502662,326.7520028517642
599,281.2100000000001,274.89270268681076,229.7631034723918,328.8481527179646
600,284.83,277.10059046531615,232.8001057585719,329.7951387200001
601,214.2899999999999,279.3759318264552,235.83250019843138,330.9251499759902
602,150.54,267.58575822912616,226.6978989832628,315.8158768510079
603,272.46000000000004,229.10893117035377,194.5363808798833,269.7942121363569
604,287.53999999999996,248.84733444253354,211.73265701542203,292.4372719441651
605,288.5799999999999,257.38636787273276,219.37614696552873,301.952547368506
606,278.04,265.44421927594624,226.5760230033935,310.9507980175483
607,284.7100000000001,265.33426128625496,226.92831093839922,310.2116193151012
608,158.57999999999998,267.8913763971488,229.5861205964052,312.5599493748555
609,269.83000000000004,245.5341979513489,210.7015703058931,286.0980629557615
610,264.95999999999987,254.49833493237753,218.6529345337044,296.19338506356553
611,270.2099999999999,253.11075879662778,217.67478667700053,294.28908530079497
612,266.00000000000006,256.20001414124397,220.51817314320863,297.62943674372843
613,241.25,257.96338495649024,222.195299190753,299.4634729820589
614,255.62000000000012,256.61465471548445,221.16687501441245,297.7182959650174
615,213.88,259.45103672294834,223.7282056093146,300.85237472143524
616,268.66999999999996,251.7548291288889,217.02218743453187,292.02065262122613
617,262.1200000000001,257.5715007755455,221.98269665024162,298.8404002539695
618,252.46,258.2771088189152,222.70730693234475,299.5025632793755
619,239.75,256.3940697457748,221.2633578793632,297.0775048681299
620,209.45999999999995,255.07486822605097,220.27718176744523,295.34478174937067
621,194.57999999999998,247.83309622433202,214.06583738004556,286.9021165373269
622,169.25000000000006,230.65877233317644,199.1114802835877,267.1794503886638
623,189.50000000000003,211.27988484774167,182.28548389997331,244.86098447143323
624,199.45999999999995,213.86203302079605,184.44088225948292,247.95100083287522
625,173.74999999999994,215.0180042451971,185.51250120350633,249.19115532187573
626,132.95999999999998,196.55363669032667,169.43491420874054,227.9873501023073
627,84.58000000000003,163.68361013430268,140.98129268756895,190.0159495909529
628,184.82999999999996,106.02968700470946,90.97836670392417,123.54400214781528
629,216.4199999999999,161.58118589359245,137.9844299176896,189.1841956125661
630,179.16999999999993,190.2397386471613,161.62490927672397,223.88951908100523
631,151.79,176.26757196444913,149.0701530151385,208.39401632382717
632,131.62000000000003,162.90263531037706,137.26117499365463,193.29947606708367
633,35.58,148.69897641705094,124.85796143612227,177.05614586953723
634,121.21000000000001,51.83235817618285,43.269777248558235,62.05109815178438
635,207.07999999999996,109.37555621140666,91.02467677949491,131.38583209772247
636,211.3300000000001,203.40654444454435,168.65318046763326,245.2791165870936
637,211.04000000000005,169.68921485912685,140.12492745241366,205.44693035572493
638,205.45999999999995,178.03567979702763,146.54283224567595,216.2506393737281
639,186.04000000000008,180.80210021221367,148.44651748934092,220.16275572583467
640,186.70999999999992,177.5536637349863,145.46295414360085,216.67559598673773
641,187.9199999999999,177.83802762667125,145.43004555129883,217.4185629730847
642,194.0399999999999,179.62230932203585,146.66287625561313,219.93852870880298
643,190.49999999999991,190.64562329131806,155.46925128126549,233.73011231258667
644,188.96000000000004,183.07344470222318,149.11942063497452,224.70719298824966
645,186.88000000000002,185.1452081066794,150.66518375342585,227.46402611038474
646,164.38000000000002,183.9505746960253,149.5704577343974,226.18078695576423
647,169.41999999999996,170.7259652422231,138.70842437670603,210.08109457206174
648,26.71,173.29836194933972,140.7186791065281,213.3677824952549
649,57.54000000000001,61.77023675660676,49.99857149895172,76.25907817950267
650,103.62000000000003,89.53256357644399,72.52644733781362,110.47206705182002
651,23.54,126.21986763425988,102.51261719397925,155.35673369700086
652,67.16999999999999,42.304405497868416,34.213551957202974,52.254256707841925
653,165.61999999999998,61.737973648465264,49.976744963441504,76.21272396537489
654,85.82999999999998,145.91443063865273,118.21479457787117,180.0500953871201
655,103.57999999999998,93.60193319157588,75.42648385324806,116.09979724787563
656,18.330000000000002,103.08585823761105,82.772608765895,128.32468075974114
657,64.21,44.64299779079801,35.618112190130965,55.892153164910084
658,60.380000000000024,63.63865615674851,50.35185570904555,80.36328886386063
659,15.290000000000003,62.07960788578316,48.69738494006799,79.06531804083119
660,142.58000000000007,33.84138182601324,26.172023530508465,43.67543192663097
661,37.38,59.344348198253215,45.33785116116812,77.58457542208198
662,38.71000000000001,52.4957911839741,39.33890223755177,69.94391556682702
663,110.07999999999997,47.43731404043923,34.96449016728599,64.23583069130385
664,121.58,55.89391684710152,40.313614475850365,77.34990511655728
665,134.37999999999997,75.00057115389946,53.09272657217364,105.78121037238058
666,110.96000000000002,92.80454337914178,63.99925685376296,134.3752763414845
667,137.03999999999996,104.05835236139515,70.15791735834772,154.10933724082994
668,38.42,114.22470130704697,75.81627485327435,171.83748550236115
669,132.08000000000004,87.70042623094722,58.13346915781777,132.05097308858885
670,129.75000000000003,85.3961650428917,56.59729888575319,128.5945726365458
671,130.16999999999993,100.67898773722943,66.78582179191157,151.5188641808469
672,102.33000000000001,110.83129627327988,73.55401050539187,166.74736518376335
673,70.45999999999998,111.04168263045675,73.69426772502409,167.0629455111235
674,23.460000000000004,98.58837269785933,65.39208192836705,148.38293375569202
675,12.790000000000003,67.13397233642759,44.42253428710187,101.20121486394662
676,31.580000000000005,47.22584384964487,31.15048192065781,71.33894722790971
677,16.039999999999996,57.18346286920025,37.78887794871137,86.2754132235493
678,114.82999999999996,24.61205588016463,16.074661090293688,37.418180187574805
679,44.330000000000005,70.00894964731323,46.33918102000525,105.51369164759808
680,66.21,57.03689750311608,37.691167949749506,86.0555646229596
681,92.25000000000001,63.288630260489356,41.85897933352468,95.4331872816443
682,34.92,68.52384208537863,45.349111795523186,103.28602471686489
683,57.88000000000002,54.02041581912966,35.680185204743275,81.53083074723588
684,51.11999999999999,50.6950101038637,33.463253622149566,76.54270966224252
685,32.67,52.746695647696875,34.83104055376941,79.62024569761672
686,21.33,52.59686452601727,34.73115338987176,79.3954984513462
687,26.670000000000005,32.418706895119136,21.279082045574253,49.12818608313076
688,15.119999999999997,26.688980443787102,17.459273992900396,40.533574847596746
689,102.04000000000002,20.921375215335548,13.614213485489726,31.882145303861655
690,100.87999999999995,31.924714920831832,20.9497548887952,48.387196263017046
691,76.58,84.70061027549328,56.13359687063055,127.55123786836992
692,39.88000000000001,61.83788104443886,40.89181561550954,93.25705799901317
693,86.11999999999999,50.03972772572816,32.9847584801292,75.65359186941502
694,66.54000000000002,62.85538768547556,41.43041903724178,95.09875718840995
695,49.75000000000001,72.67936775825402,47.872438741380726,110.0779280318491
696,88.95999999999997,57.30829958560519,37.62360544856218,87.02538657589905
697,53.25,70.3302673773047,46.217047881390776,106.75783900973332
698,93.74999999999999,55.004314856924594,36.04980021749043,83.65587571813352
699,37.17000000000001,72.94487967400919,47.88995641757008,110.83984668144774
700,89.28999999999999,55.670399202956716,36.4396409814798,84.77897815342628
701,88.08000000000003,59.366918469024604,38.851517658384,90.44356500257899
702,88.83000000000003,88.56020627802776,58.09600105334479,134.72882099623726
703,86.0,88.49894374203895,57.98239077293162,134.80427693712028
704,87.91999999999997,68.36784735495866,44.47448445293503,104.81534468281966
705,82.03999999999998,74.95206962320594,48.384856161384945,115.81145453166276
706,47.33,85.47823685992819,54.83916677994431,132.92903013531145
707,73.91999999999997,66.9837236189482,42.33018685615973,105.66436063246542
708,48.790000000000006,70.07389606406345,43.48550225804621,112.55381967867108
709,70.42000000000003,65.60797898147548,39.92582278834167,107.40644272301637
710,33.12,65.74934854656773,38.973569600093896,110.46053694891228
711,46.83,52.65050374168519,30.065443207714456,91.65525466643888
712,33.75,54.774017079973824,30.226998424348523,98.61703455980206
713,54.41999999999999,48.44752901586569,26.48109980585721,87.97235347377725
714,26.38,50.41629593880178,27.86332931016174,90.59149520342116
715,26.119999999999997,38.76933006923082,21.471570027215876,69.38224797999925
716,40.459999999999994,32.73718849261933,18.1693597049853,58.37589491267773
717,28.75,33.279477573248975,18.60864823188912,58.9267511354438
718,31.120000000000005,32.810862598010225,18.451237758183503,57.771294857088
719,23.419999999999998,32.11077385153261,18.141070530984496,56.27596809554976
720,48.379999999999995,31.57290420544755,17.90790407740828,55.11378627866902
721,23.709999999999997,28.082735384704314,15.941180652049322,48.926006624244216
722,77.45999999999998,36.84948022492527,21.113710922146442,63.78257576670708
723,83.17000000000003,27.196901995456212,15.515905774564402,47.13936898125297
724,27.08,66.23956274865378,38.46937793952841,113.54851924844323
725,30.290000000000003,61.28798855903382,35.55701666223563,105.1299272469971
726,52.79,39.61078050730704,22.831378238074116,68.2043690019478
727,82.96,38.2310960252107,22.064903445499713,65.72817421395266
728,43.620000000000005,48.915122229142845,28.334690303866683,83.93423320108671
729,25.169999999999995,53.051509842467055,30.754928724982854,91.00353562600827
730,46.61999999999999,42.016172503118696,24.239705185179126,72.31270643781622
731,35.61,41.79131830842944,24.105371443792457,71.93646009870473
732,30.080000000000002,39.82498352563624,22.94978971223117,68.59056007983638
733,68.62,36.36561836774262,20.918854632058768,62.69810190545732
734,19.619999999999997,42.62397220714332,24.56340703877372,73.44433945143265
735,46.25,39.22750314200929,22.552242953841024,67.70904024775501
736,37.25,35.66393517911156,20.449718126267616,61.669548145339704
737,51.46000000000001,38.0243044973132,21.83845163103107,65.68124293635687
738,37.88,40.340446152101116,23.24914728797494,69.47804476416681
739,67.00000000000001,40.767456076305734,23.72506707490834,69.5567504347244
740,60.120000000000005,38.08683247676136,22.27165589399531,64.64983944527182
741,48.120000000000005,39.162510048125434,23.02926065144626,66.12762563789882
742,21.33,42.704094327695344,25.31055991377738,71.59624528187659
743,38.46000000000001,41.513070207728994,24.676245177142686,69.39039883044228
744,73.91999999999997,39.5362064211921,23.54952330988135,65.93343941061794
745,42.38,39.42766464943469,23.408734547719575,65.95947574880925
746,90.03999999999999,42.12548232745181,24.9697175864334,70.61445709933032
747,20.67,43.22015140760057,25.36970552098102,73.15410039203091
748,82.62000000000002,45.71260158462105,26.625371956891335,77.98779246153138
749,82.91999999999999,37.39289454993357,21.51205795216985,64.47665944419997
750,64.88,41.99496258679011,23.920241377695287,73.17932996002317
751,32.78999999999999,46.57231952207582,26.303214090932297,81.88861440170467
752,38.830000000000005,47.64153618246894,26.68425181743001,84.46371625982684
753,109.03999999999998,46.09778893252086,25.61565631971722,82.3419884780001
754,94.28999999999998,43.06434358072002,23.712506558231084,77.57019160013226
755,60.120000000000005,52.16825584369038,28.590919708377747,94.5314487457373
756,89.0,58.10172442959646,31.679941919511606,105.88555809416692
757,82.50000000000001,60.63848462473971,32.89470738953421,111.09132868948736
758,40.79,66.6649341471657,36.03416780633273,122.630246994705
759,37.290000000000006,66.81743679113671,36.01329851084648,123.25816984595583
760,106.24999999999999,60.78400561795209,32.63979557566586,112.47462982089117
761,62.75000000000002,56.51570152082759,30.252189271839992,104.85037395807906
762,21.67,62.87187994734999,33.64598801396035,116.75149972241623
763,29.000000000000004,61.2654332252174,32.72501170800612,113.95871990471788
764,31.32999999999999,51.139490372723266,27.015067663387608,96.03801143697025
765,44.620000000000005,47.99576678261082,25.147205584493626,90.81039078377216
766,42.290000000000006,48.38883326543962,25.204811753675205,92.0843111658412
767,22.250000000000004,49.275719655484345,25.544423327783107,94.22331510706636
768,34.17000000000001,38.474241558524966,19.69174950158151,74.30613815432484
769,30.539999999999992,38.71172050840718,19.689037029506874,75.22494674298702
770,37.92,35.71957556019523,18.030783068975378,69.8498028921876
771,51.78999999999999,37.17152473172561,18.755600090026235,72.75454522793011
772,71.71000000000001,41.01295842874862,20.865263019444342,79.72570059487057
773,53.08,52.90313760634812,27.230901662039475,101.92084463302248
774,122.24999999999994,49.299957791392565,25.604163255543757,94.10112118593528
775,96.83000000000004,62.44056966320874,32.68501449709957,118.48060403949019
776,57.17,63.52795851235574,33.52987654770427,119.58709286202583
777,68.74999999999997,53.617634425783926,28.420551316529984,100.39463255375931
778,55.83000000000001,58.18265263477086,31.114952206922744,108.06403815643634
779,62.170000000000016,53.21251267934146,28.60247906758157,98.28210824161437
780,58.58000000000001,58.519819865203615,31.673713226110017,107.42382475081948
781,81.87999999999997,56.371642851788735,30.637070261842577,103.03951365506433
782,72.28999999999999,66.37350074747364,36.39854536012397,120.3733999346863
783,41.120000000000005,62.55928118665979,34.526809048707705,112.7108097557057
784,71.96000000000002,46.91382686031717,25.940023365758805,84.21651125657026
785,156.41999999999996,65.42848349138636,36.53767313799369,116.5550600257915
786,62.42,105.10077300221327,59.13205918809721,186.21085197587118
787,65.67,65.57741428303684,36.82664229815645,116.18069126191376
788,96.78999999999998,66.73447747322825,37.565724327691264,117.96468998190144
789,132.74999999999994,81.65585260568012,46.14634512460331,143.91027781508024
790,130.15000000000003,99.52959290109624,56.429316981739994,174.97630583127895
791,127.54000000000002,106.33794131152212,60.45485186926273,186.47801507204233
792,189.25,112.21107387470894,63.9397382747604,196.36370346361846
793,182.61999999999998,148.81039259298467,85.41400046228243,258.71663860950486
794,68.88000000000001,167.3323460008945,96.55897031486575,289.4477017204346
795,120.29000000000002,97.22626505182961,56.15787918930632,167.80260924442075
796,120.25,117.45680751324653,68.24212645142076,201.65141995711224
797,120.71,118.50910256724629,69.43689041273512,201.76911023099768
798,146.03999999999996,119.25614660742072,70.38639558009451,201.58118762474598
799,165.79,132.8802158969797,78.95897322484383,223.16386161212995
800,208.75000000000009,145.90995713432974,87.19587542148754,243.7113927047926
801,216.00000000000003,171.2537348860657,102.8663794944207,284.6684648740726
802,218.11999999999995,182.3837932191078,110.11662090819851,301.6515326020609
803,195.29000000000008,192.80572452068117,117.65557721197764,315.55198802736606
804,60.00000000000001,190.60074318842916,117.34412525417379,309.2042007705292
805,181.11999999999998,106.64669000987763,65.57258911188258,173.0627790607347
806,216.38000000000002,153.17602040929268,94.34243581292547,248.31443240958322
807,197.38,170.08982884996198,104.91582944991592,275.36784499479285
808,169.88000000000002,176.1480247791236,109.45336728881014,283.1146762062019
809,139.04,170.78786506721931,106.96279939107231,272.3448072002613
810,123.17,157.19665851264367,99.09263388493929,249.03021494403524
811,36.12,144.66211197761262,91.86480961617531,227.4767605024291
812,217.37999999999994,75.47911886196579,48.07408835465878,118.18826855491486
813,97.00000000000004,135.65008425071537,87.16644791161457,210.79537077922464
814,53.38000000000001,118.69400537659284,76.58759759663936,183.65135365542474
815,168.28999999999996,93.92928216158239,60.663407635308126,145.14126849767786
816,250.0399999999999,112.98832692124996,73.1752485377581,174.17081412530277
817,137.95999999999995,145.21856014596185,94.11692627339556,223.77458186260023
818,94.61999999999999,131.65553829528514,85.26981433687658,202.98202981746422
819,240.95999999999998,127.8258676196254,82.75929242421876,197.14045328719288
820,265.9599999999999,139.92318169810926,89.99521932467556,217.2460055297979
821,253.54000000000002,149.6365863888883,95.69897756610106,233.65999051940062
822,235.96000000000004,156.05801200607186,98.79781562666345,246.17193437958326
823,210.33,159.5410707824007,100.65966047093501,252.52667211915926
824,231.53999999999996,160.36735812146617,100.90294366160761,254.53161990659925
825,231.28999999999994,166.06303147960256,104.25401188504483,264.16857635447826
826,278.38,206.85321207470884,129.69356724108593,329.56682652237106
827,241.5,225.059641052748,140.9020928751303,359.1283129619968
828,120.74999999999996,226.47670024398002,141.5872647290612,361.9051251681882
829,286.71,168.53033086711147,104.56328354056048,271.25880173450025
830,60.039999999999985,214.99809865065433,132.59474499293293,348.2291453766825
831,225.67000000000002,143.39441336217996,87.72600591911306,233.99025335610995
832,288.0800000000001,167.49204918070538,101.95960868129357,274.7350285294087
833,293.1199999999999,189.68329535482667,114.94217035272865,312.60564509667506
834,303.32999999999987,203.40339941297984,122.79114669139743,336.509998156319
835,303.28999999999996,220.3222200124187,132.58517996305972,365.683827388419
836,307.32999999999987,238.4088886290446,143.08725060291803,396.7910308841267
837,307.8300000000001,269.7950089949617,161.5792658326272,450.0411368942544
838,304.0400000000001,280.6513249830697,167.74644677582063,469.0986028470581
839,293.49999999999994,285.5763616347885,170.3944632037271,478.16373442130646
840,315.9999999999999,290.0611958987269,172.81581160138458,486.3930569232646
841,319.38,296.99140923523356,176.90938655573274,498.12419854352584
842,295.38000000000005,305.9816069911128,182.23739050061147,513.2929986799368
843,270.6699999999999,306.88240338454875,184.62620153774895,509.6583743489961
844,115.92000000000002,286.0172294335344,173.526807397826,471.01281694177305
845,159.32999999999996,212.82743611501334,128.63741758241179,351.6927123988263
846,204.88000000000002,199.37703836074385,120.17715366979853,330.34098537775776
847,287.58000000000004,222.36123647256576,133.78779617654004,369.1391622518188
848,308.33000000000004,240.0599274759269,144.20356077164539,399.19603049601346
849,266.91999999999996,253.03112584069666,151.7802561585079,421.3831960913901
850,248.92000000000004,242.5991723619265,145.3136878356524,404.5707818811195
851,183.17,242.33382525318103,144.99102312422562,404.5821326901857
852,298.91999999999996,226.97323676573376,135.64535603014403,379.34074623055835
853,290.2500000000001,248.99033376856855,150.2570074892788,412.1720441590119
854,216.45999999999992,248.9433163619608,151.85411698113512,407.70120234789175
855,335.8799999999999,235.48757613267347,144.9455202126407,382.20034478360856
856,270.32999999999987,256.74613393358555,159.29847879623486,413.433562043698
857,151.99999999999997,248.76958158726205,155.36097487565408,397.97962989734134
858,262.61999999999995,224.34382352716455,140.47642817334065,357.9279108716618
859,197.96000000000006,244.02940761815114,153.21222446757088,388.32977463357764
860,248.67000000000002,224.3709176386352,141.51991154042054,355.3856444218687
861,252.58,245.88015560795947,156.25748853279555,386.5797063889864
862,302.42,243.36235684937463,155.61552762936293,380.2710166663313
863,317.2899999999999,272.26307400995466,175.45968826558058,422.17148098427907
864,320.16999999999996,281.10402684716905,183.17771865324517,431.0972294874608
865,345.3799999999998,283.38062293695293,186.76357723507178,429.71366605228644
866,351.96000000000015,294.80837170520834,196.18452306821885,442.75994327208895
867,352.42000000000013,299.7816317561153,201.13524091146817,446.56960534900253
868,244.99999999999991,302.5672680051754,205.1284073355494,446.0664058162207
869,154.33000000000007,255.21000306225085,174.83467106543645,372.3254953155939
870,128.87999999999997,205.63856918012394,142.10391489518585,297.3810631881274
871,144.71000000000006,175.38548729853588,122.09627778031552,251.74395530517899
872,143.78999999999994,180.7712595599704,126.68736929928845,257.76318842918045
873,291.82999999999987,175.56630587077765,124.11869566610353,248.1686810103068
874,160.57999999999996,265.3002113481352,189.1116780225564,372.02181171451997
875,108.17000000000003,195.49439298844047,139.73452922352172,273.34664889220784
876,271.57999999999987,133.81679347723545,95.3203272476702,187.69919074037603
877,242.75,248.91548479780437,177.1771701933914,349.53733019741355
878,254.21,238.47231393096138,170.32241168568336,333.73139080402717
879,374.74999999999994,243.29073665106992,175.02960630477165,338.0223114525292
880,348.66999999999996,296.9372757763566,215.00083668160667,409.95498360444833
881,349.08,288.3814753048918,210.16995138291765,395.5603898718797
882,357.33000000000004,292.05556630538456,214.22210367710986,398.0369180268526
883,366.78999999999985,299.6927901560266,221.5878003434133,405.20444567186627
884,340.7100000000001,358.5598502937196,267.0927890418346,481.2333581044883
885,360.2899999999999,346.2056332967941,259.6884056822374,461.4361849831281
886,201.46000000000004,314.0603148477861,236.95592084842283,416.14869559903207
887,163.08000000000004,221.56978564980824,167.73658520599741,292.577764559626
888,239.20999999999998,187.18083609399983,141.76005204770078,247.05277502423797
889,310.79000000000013,239.62847972839361,181.6515442062838,316.00835329924314
890,188.20999999999995,288.37300894487225,218.74740482938566,380.05905446675587
891,295.45999999999987,207.83906668994612,157.52144020469743,274.12843511647185
892,208.33000000000004,277.4520606891427,210.00315169398326,366.46157334407684
893,269.2100000000001,224.6868723675654,169.83238897024205,297.15519566331324
894,349.12,262.50944300941296,198.4715227325353,347.10596321680015
895,346.5399999999999,307.167146123673,232.09437594340207,406.4186241759358
896,129.92,306.71493816267485,231.5978340189067,406.09099277666564
897,364.1700000000001,176.82865942630627,133.3104817867486,234.4472390588747
898,379.29,289.6717019548028,217.80662785020687,385.1402149807952
899,379.78999999999996,300.2676455703129,225.13997765960886,400.35404277830526
900,353.08000000000004,323.8125943384798,242.22587476689753,432.76643846797083
901,375.00000000000006,339.5686437877593,253.50178136357292,454.7414117496429
902,375.2099999999999,354.0335986511166,263.84909059501354,474.9270869610279
903,307.75000000000006,359.93318799513247,267.8513887952063,483.55307142029704
904,329.17000000000013,337.97952936061796,251.85162443045368,453.4448610301533
905,373.04000000000013,300.3303931784442,224.03548282141,402.49195031227765
906,361.11999999999995,351.27355675905346,262.4477030381995,470.0485510427102
907,370.5,335.87347462708027,251.22989003833248,448.92184665376277
908,373.4999999999999,340.7260622562085,255.1214163375888,454.94274502688563
909,372.8299999999999,350.86067492189596,262.94344046485503,468.0623655524311
910,370.5800000000001,360.6814989658948,270.50818894596205,480.80317213287515
911,354.7499999999999,365.9293152910106,274.61831404579164,487.49120525989804
912,204.62,361.13140390432085,271.1576327185032,480.84999400459077
913,350.91999999999996,287.19036217719446,215.60090288035852,382.44108333517886
914,378.75000000000006,330.5694079446887,248.2170615744057,440.1346141001203
915,369.53999999999985,339.1492034939889,254.6771443376152,451.52961870074
916,374.61999999999983,342.54759732098086,257.24125634913185,456.0336796435569
917,371.96000000000004,347.71063390479156,261.1306015366433,462.88748770823383
918,347.61999999999995,356.3281937897028,267.71966858934434,474.15479141252
919,367.96,355.7777634649416,267.99936593231126,472.19952618429625
920,358.0399999999999,355.08850779398193,268.06954593767625,470.2500069120227
921,343.7100000000001,356.2376587601038,269.4418925938354,470.88970470660496
922,354.4999999999999,354.99890412980807,269.34485082633756,467.7909510917064
923,324.92000000000013,351.8360874930217,268.23648302835164,461.39388970280686
924,330.3300000000001,347.4952355043704,266.44318289192194,453.1111418731733
925,332.71000000000004,340.2511780415279,262.85683583499144,440.34678620779255
926,352.0800000000001,340.30427388543205,264.5868056150925,437.60841318030566
927,346.11999999999995,340.74803495826694,266.3780712481541,435.8036572806385
928,338.78999999999996,340.0481661705273,267.5982229530518,432.0402873462422
929,325.70999999999987,349.30754255252174,276.44340930848676,441.3077653026558
930,221.71000000000006,346.48524415958065,275.5242181683411,435.6561298263437
931,255.83000000000004,306.9039619178987,244.53152929254733,385.12087839757703
932,297.0800000000001,296.53855804500205,236.68777191012052,371.46002523417815
933,346.8799999999999,309.7287102439621,247.59982744953862,387.38454700647196
934,352.0800000000001,334.66441083553394,267.89468268964947,418.01385172278503
935,343.3799999999999,341.78437196110906,274.58250485302614,425.3736760918032
936,335.99999999999994,339.4000693360351,274.1876011092606,420.066235313311
937,228.88000000000008,334.8552593663009,271.94293281594,412.26864220394185
938,179.0,283.1312757316279,230.94079829691174,347.06546516037093
939,250.75000000000006,220.45897923548367,180.46757900676982,269.263590622944
940,308.29,268.28363878695797,221.1520504543575,325.41462444319524
941,277.75,301.9434941768398,250.95967378606116,363.2438461878582
942,250.8299999999999,284.6502480116152,238.34194133952337,339.918368642074
943,108.33000000000003,267.58345008423873,225.6984910610243,317.20710107741473
944,275.53999999999996,88.50647124562738,74.94140318313137,104.49460582819293
945,298.46000000000004,242.2923955383573,206.33341308336793,284.48794353272893
946,286.2899999999999,262.9097216265119,224.74869293515164,307.52156999637697
947,160.92000000000004,265.66958787531576,228.07657177708623,309.43187239064446
948,228.96000000000004,212.9784476100455,183.47560692962534,247.19962272340942
949,304.21000000000004,231.96212835585217,200.45669802395736,268.39463309199357
950,309.08000000000004,259.04475416868485,224.2268864627787,299.24512274127295
951,305.5800000000001,269.722432404279,233.6689666896868,311.31498753648526
952,284.29000000000013,274.89937943063654,238.44327083836438,316.9060631091834
953,298.0800000000001,271.0603625555944,235.35217662154545,312.1633561911282
954,293.3299999999999,277.8701596756454,241.73088361395594,319.3900748007191
955,263.6700000000001,278.5073612537174,242.68040109457846,319.60175805724356
956,257.74999999999994,268.5687930304074,234.33995715437015,307.77601515073286
957,261.6699999999999,266.52923050020564,232.8332122635965,305.0809389700822
958,294.42000000000013,268.9450145389571,235.17984383350245,307.53738274892106
959,271.96000000000004,278.403632064732,243.66240878350413,318.0779899499934
960,168.88,270.2050022348693,236.65416139984183,308.4923850858537
961,281.79000000000013,236.01747239772823,206.82306178548703,269.3130333042322
962,215.95999999999995,266.0082391766132,233.2415000795211,303.35853494787455
963,106.20999999999995,250.85249660601613,220.04330700723122,285.95589522920193
964,289.9599999999999,185.0501685458387,162.11928895210968,211.20461073795832
965,301.41999999999996,260.65327925264666,227.00813570204596,299.26313900100524
966,290.4199999999999,260.1647651736271,225.38330328377202,300.2900402937317
967,241.03999999999994,256.1822081096997,220.93230782111343,297.0309122973416
968,239.46000000000004,248.56718053221684,213.54056061854067,289.31236526664287
969,256.6199999999999,245.75206424072368,210.43345836502516,286.97041716047505
970,287.96,247.74511177918058,211.5542569888223,290.09805425958064
971,285.5400000000001,253.5170230773017,215.9607073026468,297.57440935500426
972,277.0400000000001,254.7570673217456,216.56976720593522,299.6469066223991
973,283.92000000000013,253.14741456624233,214.82276524423457,298.2775496023856
974,279.71000000000004,253.9016890607783,215.14183039853162,299.61219971272675
975,275.38,254.77868864801502,215.611664680913,301.0277678160654
976,275.38,262.06576429216136,221.54379087401992,309.966197128342
977,244.3799999999999,262.13886019524256,221.40254611247204,310.33663240453524
978,238.87999999999994,256.1209540588054,216.1477382580263,303.45256094518265
979,259.0799999999999,251.99862987056818,213.2958888089343,297.6912491515617
980,233.38000000000002,260.0068438341051,220.80508167404986,306.137113424445
981,230.82999999999998,255.7415723424279,217.7893263151618,300.277197014223
982,196.08000000000004,253.76823892258597,216.62260594278987,297.2541969044292
983,51.17,244.14966742360755,208.66538131255206,285.639401610682
984,219.79000000000002,100.81649457012247,85.85714223111897,118.35228698825021
985,192.33000000000004,157.9414400486863,134.23146323779514,185.80845980589592
986,246.79000000000008,182.1925308963921,154.5154686420407,214.79527534634835
987,244.4600000000001,219.4335485036301,185.7733745965859,259.1599366657824
988,219.5,230.3827587052435,194.7329740363522,272.52560951792253
989,246.49999999999997,224.4665666398582,189.4655869232645,265.89951446633916
990,130.79,234.71901261258787,197.8932953759935,278.36312685661244
991,66.67000000000003,195.70225576404403,164.3740648204838,232.96520769241502
992,75.38000000000002,132.23272643666314,110.67002856768642,157.9590297542312
993,157.32999999999996,110.12699355442932,91.89937248453953,131.93102381828632
994,228.71000000000004,153.19698462602625,127.61939852627816,183.8609956211323
995,145.88000000000002,214.97068026989865,178.47141842404736,258.89282943112386
996,216.4199999999999,153.17533897554003,126.71144851624214,185.12297820112533
997,219.71000000000006,187.16059274213518,153.38542933438026,228.32480619262304
998,216.29000000000005,193.9611960288672,158.7602262373696,236.9182156423078
999,194.71000000000004,197.04687615715392,161.11190328417587,240.94747184512065
1000,62.42,188.51331899685033,153.98301459340922,230.73699499538114
1001,78.42000000000002,106.71316991006103,86.42013543471906,131.71687254176766
1002,181.49999999999997,107.41805833826724,85.82835841226022,134.37599453429468
1003,196.42000000000002,184.20307125799258,145.501057537806,233.12921503683748
1004,160.96,175.96695523867288,137.52318638135552,225.07986478328365
1005,200.17,161.357148503673,124.95742399309287,208.27582380288453
1006,198.96,182.43934803769545,140.23703927331505,237.2519102752992
1007,161.29000000000005,185.97948323714354,142.0369532659664,243.42164317231573
1008,160.83000000000007,168.92716769938139,128.28125971047456,222.35211141196962
1009,136.91999999999996,167.0115539404488,126.36194679627653,220.63513488559198
1010,181.57999999999998,155.6274023686227,117.36734373766846,206.2543186160516
1011,88.54000000000002,171.68020668475725,129.15797705680916,228.09432410489774
1012,161.79000000000005,133.3269964987234,100.0243342700863,177.60787817842487
1013,85.08,159.62347854686726,120.39004440569141,211.53721412500192
1014,167.03999999999996,131.86238969596766,99.14717282702168,175.26473216785809
1015,171.28999999999996,155.7065920345006,116.85746678254728,207.36147812659314
1016,161.79000000000005,164.47687234817596,123.21823721224335,219.43941289673688
1017,152.29000000000005,159.2855808654658,119.12793235523893,212.86755710908014
1018,142.79,155.13612472022365,115.8582041672268,207.61598564156475
1019,159.82999999999996,149.81955978823942,111.7479894697527,200.74674263988197
1020,147.53999999999994,154.6551458823834,115.2480420586472,207.4209248654937
1021,152.53999999999994,149.35503209599997,111.19551707203688,200.49321707813192
1022,152.49999999999994,148.62947659773442,110.57445143817019,199.66404072189388
1023,65.54000000000002,148.15421202192687,110.15261445494669,199.14804935514354
1024,122.87999999999994,121.59589810547944,90.21874245714221,163.7660757804308
1025,29.749999999999996,139.98233467792795,103.76065939071933,188.72788837753427
1026,68.24999999999999,64.13269216974825,47.088255643969916,87.21837125238184
1027,16.67,42.315285808252874,30.805825900562706,57.989632607447525
1028,108.62000000000005,43.71288989031733,31.615478034421102,60.29735459445723
1029,60.710000000000015,25.919869711285546,18.44042781153776,36.27692581140096
1030,52.419999999999995,128.93613981821707,91.82979049593725,180.87480916051587
1031,55.580000000000005,61.03577016691991,42.56644208996063,87.33488794554873
1032,23.67,53.35871302601892,37.17500317575931,76.40325962098119
1033,121.21000000000001,44.695719013160165,31.09116112831842,64.06772153803662
1034,84.03999999999998,31.949971838813276,22.140085729877327,45.91860941451852
1035,102.00000000000001,104.05991896003718,72.78141454571822,148.5984678506022
1036,75.46000000000002,89.43475819954027,62.51046574288838,127.7731934405646
1037,82.16999999999999,93.56626610118532,65.41193854248318,133.65619104913745
1038,53.00000000000001,77.92714853552177,54.428908785146724,111.38710832455774
1039,65.82999999999998,72.8148207159825,50.83862638362963,104.10748716623573
1040,44.290000000000006,56.69763189342247,39.519857041334134,81.15766217321463
1041,114.16999999999999,58.797134438448666,40.99429438287911,84.14721677304094
1042,116.17000000000002,56.65715193467636,39.39913936452298,81.28757398078811
1043,25.25,116.10396114360282,80.65737117348462,166.93753605400622
1044,64.71,82.92514584566322,57.17323251157834,120.07682178077306
1045,19.120000000000005,48.81113615976166,33.28797725195712,71.36207803377187
1046,19.880000000000003,44.65761063414534,30.031712020238945,66.17700291429712
1047,75.75000000000003,21.169209081375048,13.9055608931114,31.972515077970428
1048,63.710000000000036,29.248708580607854,19.289634908914792,44.096147609463216
1049,24.38,47.88125418129107,31.721530960787923,72.0215530929562
1050,43.96,44.16106519962918,28.97444920480226,67.04201124864714
1051,99.75000000000003,38.480652796112906,24.661790667533033,59.74096564037881
1052,34.5,50.08808215396926,31.36474130107365,79.64307123270996
1053,13.290000000000001,50.53712963613976,30.91119708559442,82.2333467155107
1054,85.53999999999998,45.50296132394158,27.239906782076048,75.57693166567273
1055,67.53999999999998,42.86709929979473,25.20278054098679,72.43962591939419
1056,100.21,49.247938598812596,28.595702441226244,84.31155286630282
1057,15.170000000000005,52.32152488374547,30.03341813591957,90.61688227430702
1058,84.08,55.05397837250372,31.32806705792361,96.19258765936631
1059,49.50000000000001,48.281140340209404,27.232889747263705,85.02133238829346
1060,28.289999999999996,54.6905425721904,30.806775890550288,96.50867370705059
1061,33.96,49.776536729355215,27.924367215146113,88.13787683062836
1062,45.790000000000006,46.62247776834127,26.05682620898798,82.81989710392517
1063,42.290000000000006,45.248924884328105,25.218008986652542,80.58373330504081
1064,18.959999999999997,44.759284377571035,24.88282960458067,79.8996596870089
1065,56.75000000000002,40.1112910401961,22.209825029606133,71.81994796754351
1066,46.040000000000006,39.039012007977725,21.52583803544968,70.16816164850762
1067,65.75,41.688722739219884,22.945202786579305,75.10405580391902
1068,17.12,44.145887452715904,24.259522930585348,79.68842628161468
1069,69.17,48.51954560461387,26.64712349162567,87.69586008216012
1070,18.709999999999997,41.98534466853571,22.955217270231486,76.13308693588635
1071,17.75,50.28128339920098,27.53408994109006,91.16239356147143
1072,13.079999999999998,43.392276048843364,23.66829743206405,78.88691470191266
1073,28.790000000000006,34.65431249728403,18.769895243995908,63.30130175019795
1074,16.829999999999995,30.563170883893065,16.451079337044167,56.087228646716774
1075,17.71,27.760263369454805,14.778524119999867,51.422694466839076
1076,12.879999999999997,24.428365544662967,12.785544777042398,45.90433238081484
1077,24.71,20.931324723167563,10.746848463953402,39.945706040984035
1078,44.71000000000001,19.014301878812145,9.543002715075474,36.994136065567325
1079,56.790000000000006,21.548997723824854,10.633690798370369,42.70558812000423
1080,16.250000000000004,26.352359352505204,12.604659403139891,53.9923037379318
1081,43.82999999999999,27.991878594757797,12.978367443028613,59.130700375341014
1082,20.789999999999996,26.500817713684764,12.130692730559945,56.59749241265399
1083,49.53999999999999,28.707540240225033,12.834343907533611,62.79326356373115
1084,41.88000000000001,27.468676228001865,11.974769959654859,61.46473183686084
1085,64.21,32.28833307686849,14.24085804813495,71.70674102053844
1086,73.62000000000003,40.49742122078498,18.073294256773863,89.28518853599067
1087,26.329999999999995,51.105674318678524,23.02833985710445,111.9916303976969
1088,25.5,56.279510095534874,25.48848159642248,122.8629803992843
1089,53.459999999999994,38.37118151250621,17.21091936548822,84.11870831893907
1090,41.04,38.53181551026452,17.288643300094183,84.44999275750227
1091,63.999999999999986,40.66612900827866,18.27911057175634,89.04908707136292
1092,36.24999999999999,44.356701364783056,20.03790224493637,96.78685796438043
1093,63.670000000000016,45.589049579906884,20.654261761010396,99.23613664203461
1094,29.419999999999995,46.3623623198211,21.241774155938167,99.85496547113874
1095,79.74999999999997,46.47109831614054,21.579389156144927,98.80363772274126
1096,75.43,44.30790144358574,20.839007187826027,92.99721862658657
1097,43.620000000000005,60.23753176720243,28.89501127653101,124.440170008669
1098,42.99999999999999,58.2144733031298,28.241680881166534,118.90944921450739
1099,36.92000000000001,51.95067138115338,25.405253400177067,105.18241594667266
1100,30.71,47.26427680238327,23.345209079002906,94.6837301211002
1101,33.29,41.830361483391556,20.815388770833824,83.08925846192359
1102,32.0,37.97792718038399,19.065978849714273,74.71416369259013
1103,55.28999999999999,35.794804606357005,18.167206515910006,69.63406161436214
1104,83.38000000000001,39.94117787387597,20.542383775651714,76.80847575442665
1105,60.120000000000005,51.357206248963024,26.78541123156919,97.65886178002191
1106,34.88,52.315697567221726,27.57747962587356,98.46866008805911
1107,59.29000000000001,44.421815114315294,23.553449108834613,83.02653652177524
1108,68.74999999999997,48.24148800647492,25.810598307397093,89.43901644010785
1109,89.67000000000002,48.19367283661648,26.094044100881764,88.31916690418687
1110,50.87999999999999,53.10660651518249,28.93124020021414,96.80833834502606
1111,87.71000000000001,51.88437642252548,28.364672375367373,94.24224325912907
1112,76.5,62.6765785660414,34.46968607964233,113.31470379447265
1113,45.58,61.95668039840551,34.35276197406181,111.11411458304197
1114,89.61999999999996,54.33540147379979,30.286927270889176,96.86856439288745
1115,37.61999999999999,64.32681157136187,36.15205834528716,113.8682603374942
1116,58.38,53.86731308658326,30.358620267220996,94.99982459967889
1117,98.95999999999995,56.25295768487084,31.863530367772213,98.74281907582586
1118,100.21,62.96696561909499,35.84852792914827,110.04304352081782
1119,41.21,73.6007081488088,42.108926421566565,128.09775580770562
1120,106.62000000000003,63.68316019545301,36.47756549780112,110.63775334115857
1121,108.57999999999996,67.217479916596,38.646490773988326,116.37796902883463
1122,115.17000000000004,76.2807767760534,44.030851355970746,131.62726062846934
1123,113.87999999999997,86.13098096821314,49.90596385719855,148.13395738424018
1124,118.20999999999998,94.45236116666555,54.89417004441535,162.00721962686876
1125,78.38000000000002,102.18976440663059,59.59486947312656,174.72655194873062
1126,45.379999999999995,90.61431112716345,52.92610357752833,154.64228539594038
1127,52.07999999999999,64.12806128623677,37.4135890698411,109.4209335709791
1128,54.61999999999999,65.53579466145808,38.36429895268003,111.46261432353823
1129,81.16999999999999,63.92781532288747,37.51313173034756,108.45931980081373
1130,63.039999999999964,73.74519869613543,43.43473421619435,124.73147621278284
1131,110.24999999999997,67.21491536519888,39.62895812879354,113.53098707405674
1132,118.99999999999997,83.81965465715474,49.711125040558265,140.86973391745897
1133,103.99999999999997,90.16112438694627,53.67883626630603,150.984774493331
1134,108.66999999999996,87.4155393995741,52.21970054564318,145.8874782678123
1135,118.25000000000001,89.05350875770489,53.492416375269016,147.82134027102032
1136,112.12000000000003,94.52656319110523,57.195067648183645,155.80580234515867
1137,121.29000000000002,98.31736486791098,59.97000339049706,160.7834740983986
1138,145.57999999999998,105.92641359800227,65.07021001999057,172.04709522599876
1139,148.0,117.66890249560652,72.73315544461663,189.9901771407226
1140,50.62,127.86415015990312,79.4882422685627,205.31546581704973
1141,42.290000000000006,76.29337224115942,47.374588878062696,122.50007578296324
1142,55.45999999999998,60.42584729417264,37.42183548551411,97.20287521738965
1143,113.00000000000003,68.26744044800294,42.305716162476536,109.7931869367162
1144,157.57999999999996,94.04559260298663,58.39759088460537,151.08806516754277
1145,81.62000000000003,114.99357103378755,71.4633512714716,184.673285669128
1146,26.419999999999998,83.8359880801568,51.9828261032779,134.83920305623792
1147,67.16999999999999,23.68556374997421,14.37802179461692,38.62649200219975
1148,57.749999999999986,76.07381452541823,46.87287595111943,123.08640106694202
1149,138.96000000000004,71.24534992885165,43.761952285782115,115.6032829180258
1150,93.71000000000002,103.53363039026848,63.582707854021464,168.1982303880564
1151,179.28999999999996,87.75708087383258,53.702875853455446,143.01106490905696
1152,183.17,125.70649864495694,76.8109276940381,205.32753360804074
1153,92.70999999999998,132.35015278043582,80.76640984686294,216.4763852279838
1154,64.21,91.46903367575095,55.62607805924874,149.99972454353312
1155,72.53999999999999,75.7730469694453,45.96257274743318,124.50634252240386
1156,80.87999999999997,79.93629591997764,48.46305393915908,131.43589862655287
1157,70.57999999999998,83.2418313856666,50.44234119522489,136.9541830780794
1158,84.82999999999997,76.76255070482637,46.488487806967534,126.33642555014082
1159,93.04000000000002,85.44758313212019,51.79488865187562,140.55129066872902
1160,130.57999999999998,90.06863812242018,54.66313793791966,147.99441815015794
1161,191.53999999999994,106.55600390907631,64.78688903165146,174.8449768208904
1162,46.669999999999995,131.42779655393795,79.98451703822043,215.5490632222278
1163,154.12,72.1102236294996,43.67252476259668,118.65083297980019
1164,185.29000000000002,108.46819042304705,65.84115347046973,178.28004069814077
1165,128.62000000000003,118.50336096205166,71.80787304768123,195.14710172722496
1166,191.61999999999995,105.83944912166422,64.07483859882377,174.40831655365793
1167,98.08000000000003,124.74905396519267,75.45213079062593,205.83301314971072
1168,138.38000000000002,97.44022938636019,58.85186991789933,160.90770271558674
1169,58.67000000000001,111.95913514683222,67.78224923722105,184.50958066395197
1170,161.54000000000005,82.73669663345662,49.97891121006634,136.5438234486848
1171,177.2899999999999,116.16379235653032,70.1768212324152,191.86270448268445
1172,157.25000000000006,130.96673506261905,79.02386277668617,216.6253252318778
1173,106.17,129.97311525172418,78.29861219921828,215.32102306716692
1174,174.33000000000004,115.99481506668927,69.74230011571161,192.48800830761812
1175,120.11999999999995,130.9166691783761,78.83407962649183,216.97718077960423
1176,120.11999999999995,122.65448750434234,73.88902899103425,203.17452978048541
1177,155.32999999999998,126.87409216114467,76.49302288697437,210.00975077313
1178,207.62000000000003,135.86773328796437,81.98738441279976,224.73041129003286
1179,181.46000000000006,143.21848372312832,86.48392219700247,236.74621124738368
1180,177.3300000000001,147.24552633694992,89.05260382777934,243.0433162926484
1181,183.17,154.1820064780094,93.37833156209149,254.15872908494651
1182,123.61999999999996,160.1159282212785,97.08627153401599,263.64806869126323
1183,199.11999999999998,146.5153532103915,88.88349806556805,241.09982812320627
1184,168.46000000000006,159.6975662491257,96.98714103024417,262.5418028006506
1185,124.32999999999998,167.5542038153446,101.84160915572684,275.25510585705047
1186,233.08,161.8100808628845,98.3892999501538,265.69996110117455
1187,172.37999999999997,158.9311951210465,96.675631400797,260.8666171492753
1188,220.54000000000002,170.8302292630959,103.98279077399546,280.24254909712005
1189,50.5,171.79228366892102,105.7069474718284,278.8053360434046
1190,176.61999999999992,197.12532006178495,122.46977874249184,316.92105606224493
1191,272.91999999999996,140.9665863566483,88.15923113816967,225.05075643290726
1192,254.67000000000007,138.16408755562017,86.97573721591228,219.13618615844288
1193,104.92,155.99877134438793,98.80659072934135,245.96379290712667
1194,121.00000000000003,168.8974496577011,107.5207961867688,264.9872062725467
1195,69.95999999999997,152.3216502224513,97.37399406467814,237.96080107797758
1196,86.33,148.54326576823752,95.31674155280088,231.18381328203685
1197,142.53999999999994,137.68548362728416,88.57323881636984,213.72555445230455
1198,157.11999999999995,143.73823860564247,92.74715338605306,222.46446753849423
1199,116.96,144.14892924420195,93.23929883309911,222.5607853794715
1200,241.3300000000001,140.67463331031755,91.37739325263465,216.27936908460535
1201,221.08000000000004,151.9237634719677,98.85209170147975,233.20318028334066
1202,296.8299999999999,160.30019859803355,104.44703864787802,245.73764575453663
1203,192.71000000000006,176.21149500108282,114.91350591502473,269.92540867102025
1204,205.16999999999993,162.673786186906,106.10939047170612,249.10980052055848
1205,223.6699999999999,166.27018021826825,108.50709812805124,254.50227947356026
1206,180.66999999999996,174.59966116517748,113.99963105563178,267.1333906750397
1207,220.74999999999991,165.42608438584324,108.02368131757754,253.05160813936132
1208,269.12000000000006,176.32181458928568,115.19014307762465,269.61698261469957
1209,297.5,191.37699471406046,125.07961153903037,292.5360257178206
1210,234.29,229.93940175036747,150.37762181170822,351.31764538589556
1211,133.58000000000007,218.9061934162588,143.17975571570358,334.40585266480616
1212,165.42,164.1644890184737,107.31066139694425,250.86171038840263
1213,172.71,175.4127756191833,114.75000218665062,267.8679638336416
1214,233.83000000000004,178.21587158296936,116.643631419918,272.0137470221399
1215,136.12,199.45414771474748,130.93084209864426,303.56764087052477
1216,96.78999999999998,163.60804652647474,107.58023639321618,248.54641729767823
1217,150.28999999999994,138.2948820135146,90.85219685806283,210.2422437227287
1218,266.04000000000013,162.66053322961,107.12928198285017,246.71060757851393
1219,322.2099999999999,199.57987340601878,131.74095382322866,302.08871871714825
1220,88.78999999999999,225.09922312732996,148.8397850886625,340.1701282708938
1221,123.33000000000004,123.0898656166804,81.13959612395145,186.46494352771407
1222,61.62,147.61936394062735,97.27806522773206,223.74715275412186
1223,200.58000000000004,96.762354987293,63.57157043667793,147.01371544825636
1224,247.78999999999988,180.25421860717907,118.30941837371563,274.3604217564163
1225,268.5000000000001,199.05479386433748,130.30308867243164,303.80562911926046
1226,221.08000000000004,210.4070711698793,137.41206791823473,321.8977820563178
1227,208.91999999999993,193.02147568759818,125.76441406755583,295.96293951969574
1228,293.3800000000001,189.16665299687608,123.02551804482066,290.5799625925809
1229,122.42000000000004,218.9906626503109,142.22571888470105,336.89945011400044
1230,285.50000000000006,164.7040894356822,106.17017826427207,255.2078901091307
1231,195.42,208.01163534939909,133.11790195803988,324.72731211600467
1232,324.5000000000001,193.82630899982888,123.18041807514463,304.66244877294514
1233,132.21000000000004,221.52901892093453,139.97826742590638,350.25388590790635
1234,157.28999999999994,203.56193669891655,127.54107708322249,324.5425183571403
1235,223.08000000000004,124.99692609772195,77.62504576457421,200.9105392143078
1236,195.49999999999997,194.8308355085882,120.44151848160017,314.787521561682
1237,246.33,189.86611336440686,116.73546956447699,308.42139497633764
1238,213.41999999999993,198.73671849349583,121.69476885782251,324.1545040260001
1239,294.12,194.54099548526685,118.692560391113,318.45411469540375
1240,223.50000000000003,209.5567009211552,127.88276080581326,342.9880091457593
1241,274.41999999999996,197.3680326327196,120.46754530623589,322.9538287479954
1242,151.03999999999994,219.12898777683978,133.8354815053835,358.37700313490086
1243,187.42,197.0229987518728,120.32776958612168,322.1997766747843
1244,82.88,198.41854946102208,121.48697940349699,323.66926740135403
1245,98.70999999999998,120.57354235594782,73.83095114080855,196.51354186534184
1246,187.58000000000007,81.12170460751871,49.638437737423736,132.17895790178585
1247,231.67000000000007,152.59640787505867,93.642612712761,248.27308995285605
1248,238.75000000000003,227.88249362067378,139.94480047511837,370.6859061804548
1249,169.00000000000006,237.71697561676632,146.25525160180527,385.98650016035964
1250,162.87999999999994,193.53888481763104,119.18001815663662,313.9057412918822
1251,166.08,156.57128011762603,96.9660525852699,252.44195935930352
1252,195.54000000000005,165.2958171947725,102.952914148581,265.02716280710143
1253,348.7500000000001,182.20412120059302,114.05191703777203,290.72699498664116
1254,274.0399999999999,287.27127002515664,179.81425527535052,458.5894554628371
1255,267.5400000000001,320.59138784789224,200.5057752331457,512.2409759386476
1256,123.91999999999994,262.7688767966502,164.12987521558176,420.3290918783507
1257,167.24999999999997,171.46240830104801,106.64476249830021,275.30960937339677
1258,129.95999999999998,131.97758606156134,81.78826936105277,212.59352636834842
1259,103.33000000000001,160.14441457051575,99.10683536497187,258.3980945716767
1260,167.42000000000004,104.23657033781582,64.40480076989596,168.3260373260468
1261,344.42000000000013,138.03171043157153,85.39832184746187,222.7290735768638
1262,284.4199999999999,300.86133067805264,186.2306209147744,485.6739346028325
1263,214.07999999999993,225.62160433941614,139.33692816071925,364.9575011828281
1264,124.07999999999996,203.34792927974138,125.37086820775306,329.44068457508837
1265,167.75000000000003,141.9919144939666,87.32494382481168,230.49392148162454
1266,260.28999999999996,143.953690516386,88.44829212274075,233.90188460488633
1267,296.46,221.0003251029654,135.8539662841154,359.1221483307695
1268,371.82999999999987,237.57992175684214,145.96336210040243,386.3099951715452
1269,366.42,278.7017536230301,171.7250399911217,451.9341604657871
1270,379.3300000000001,284.0105642610148,175.37753041056249,459.5519850022656
1271,383.0,303.8086673582854,188.606083788403,489.0070812095772
1272,380.16999999999985,317.66877335172705,198.3605159104365,508.377629997286
1273,370.62,325.9799264428528,204.5531864789652,519.1372653374771
1274,368.53999999999985,370.1669396030953,233.29356851178173,587.0011898295028
1275,374.70999999999987,368.64078940499695,233.1481526087056,582.5378655337265
1276,352.12000000000006,375.4243071560696,238.1554635740925,591.4817978244873
1277,368.58,350.03068215876687,222.7191298479659,549.7912528561517
1278,315.5799999999999,369.70769032173234,236.52318628131962,577.571691527032
1279,240.38000000000002,313.44546328493163,201.61662853744676,486.9952356042755
1280,222.16999999999993,236.87669895100504,153.01701083702991,366.39658558691116
1281,228.20999999999995,221.6925803737545,144.65700818898677,339.4709870820401
1282,302.4599999999999,228.6765487663922,151.1797783628741,345.6381514070478
1283,179.67000000000002,307.87358151303687,205.9157336046979,460.07121819432575
1284,344.8799999999999,196.17785264739533,132.32987523871324,290.60085468488563
1285,348.41999999999996,319.8686594538156,216.7597491056457,471.7994821932839
1286,344.8799999999999,322.2000903738582,219.02174439878837,473.76352259229395
1287,362.38000000000005,323.828795325762,220.7128683528193,474.9026711290303
1288,362.2500000000001,347.7597641147286,238.60771582824123,506.63546008907326
1289,309.08000000000004,347.18952411997975,239.54839431955446,502.9981457778642
1290,354.24999999999994,308.7953777166766,214.1512705501943,445.0730155540867
1291,357.33000000000004,355.43441757794875,249.24398829371844,506.6864978870727
1292,356.29,338.4841115594418,239.55326496235256,478.1016327271239
1293,358.5399999999999,340.50278521883394,243.06025500468513,476.8498338862354
1294,330.9199999999999,341.35157529801774,245.45038344841487,474.57078008591
1295,366.4600000000001,321.7839255594768,233.13725878154128,443.99309141053243
1296,363.29,357.87788460311873,261.24411134376896,490.12003086459237
1297,359.2100000000001,366.47183621252947,269.21127306622765,498.74062472334913
1298,355.7900000000002,360.9399213584856,267.0004206618388,487.8070934719999
1299,353.49999999999994,357.77625268434116,266.23253029419965,480.67937993367906
1300,350.83,354.97497688840366,265.4813097369777,474.52372170405823
1301,344.58000000000004,352.4052977231764,264.68971392954444,469.07956240235427
1302,346.42,347.94493857791383,263.6841141938721,459.02976238293286
1303,317.0400000000001,346.0490566306651,264.2471559650319,453.07856408501095
1304,337.7899999999999,331.33967859435825,254.6497468098947,431.0350923340968
1305,340.08,329.56708813655314,256.53373767895863,423.3117843274628
1306,341.38000000000005,337.55375169841824,265.6163599135786,428.9010114241559
1307,274.0399999999999,340.3003755911001,270.2550789218507,428.43323620563757
1308,179.42,306.30733721307973,245.14935269757748,382.6605640845259
1309,279.8300000000001,213.10011266776638,171.63133223668223,264.530351011275
1310,321.8799999999999,245.07669965822294,198.53479254114347,302.4746038197687
1311,310.79000000000013,283.7941187990051,229.84221103311117,350.3555416901982
1312,329.61999999999995,295.53349590028483,239.2805540094584,364.956015680665
1313,336.50000000000006,307.6336831962843,250.31145331678414,378.0306774567631
1314,334.74999999999994,328.78230894259184,268.68236993235837,402.2757918835603
1315,329.5799999999999,327.5913977309062,269.54638017956944,398.0898218304981
1316,184.03999999999996,327.2113949459991,271.60254363189074,394.16403015616066
1317,197.42,236.3530343067081,197.60635523976902,282.6589132638215
1318,224.17000000000007,225.42961107887584,189.66472998284408,267.90326689128216
1319,287.2899999999999,240.15899610492062,203.36480967353654,283.57767017343804
1320,317.57999999999987,283.11076959093236,241.07003010415698,332.4528002612319
1321,321.33,315.58306230917697,270.0908421849188,368.7094100754979
1322,312.54,311.4065156328539,268.09836167664446,361.68459756413023
1323,311.29,306.8391244290565,265.49803761461993,354.59333711224804
1324,309.99999999999994,307.2140661603709,266.9631043760389,353.5111585429295
1325,266.5799999999999,307.31545153715246,268.0248074768187,352.34443149726695
1326,205.62,278.04485664093477,242.77890542013355,318.412509804997
1327,264.1200000000001,229.35525133076402,200.44965149814678,262.40845675847504
1328,289.6699999999999,271.96563381291946,237.9217755228632,310.8603864374795
1329,251.50000000000006,289.7586454874301,253.68469716854884,330.94216560933216
1330,291.12,264.4298512338628,231.36889208320096,302.1946543894715
1331,246.62000000000006,291.1337384167419,254.92948580719434,332.4595107405259
1332,282.4199999999999,262.8829089984167,230.32027357062444,300.02934164223467
1333,287.04000000000013,284.69385070788127,250.03879235583432,324.13292294922974
1334,234.11999999999998,286.36819457112273,252.0233068590971,325.37499002040096
1335,279.6200000000001,257.3490290660904,226.43903555775765,292.45983048034014
1336,284.7500000000001,280.2414661913282,246.56167740514218,318.5032572670921
1337,278.49999999999994,281.67237467600455,247.79488007176928,320.1628445968095
1338,252.38000000000005,277.87630960741706,244.436849820131,315.87171717387724
1339,271.7499999999999,264.725347278252,233.3470100540829,300.30514645717983
1340,270.9200000000001,270.96945179057104,239.27584010798475,306.84361288268235
1341,144.67000000000002,273.99386090479874,242.31113817945902,309.80214453458984
1342,268.3799999999999,187.3941866570971,165.54608383442002,212.10840068431526
1343,269.61999999999995,269.13822392532296,237.23055671687382,305.31947904254366
1344,249.71000000000004,269.5364027019262,237.14335620505548,306.33565845892383
1345,202.21,261.889361540725,230.05049546876714,298.1156382117876
1346,256.58,243.1503868195724,213.19727443965326,277.29210964559144
1347,261.45999999999987,259.6507408841044,227.32566112805785,296.55222600813414
1348,239.67000000000002,258.38476046517536,225.9230267708706,295.4902016290793
1349,204.95999999999992,252.24240026903908,220.30597048504956,288.7875423490062
1350,140.20999999999998,238.6595205024029,208.22120486398856,273.5261208335951
1351,167.11999999999995,200.13850085359707,173.87953323933635,230.34037343446195
1352,163.91999999999996,188.5218649409089,162.86023239930924,218.20228456133646
1353,165.88000000000002,177.67501596118743,152.7492383587277,206.64175269762143
1354,223.82999999999998,173.5196115288758,148.5677789905873,202.63406486170038
1355,219.96000000000006,198.28886177642045,169.1612274906505,232.40246784669796
1356,97.29000000000002,203.64644497530512,173.23371043856048,239.36776428404573
1357,224.38,160.394549316344,136.07387244507152,189.0303835033469
1358,220.12000000000006,169.6547973488347,143.63769175175037,200.3518019089889
1359,179.20999999999998,186.1471864683237,157.335709065558,220.20132981820296
1360,136.61999999999995,186.60900638744369,157.48820691947685,221.08049394846458
1361,210.79,174.54155236208166,147.06232338256822,207.12071499154504
1362,215.75000000000006,178.42810901221063,150.13499460924456,212.01781488089912
1363,221.61999999999992,187.82548264758015,157.68646766643667,223.68874265976805
1364,218.20999999999998,195.77572742187635,164.04593812021093,233.60551252225562
1365,208.61999999999992,201.02396178777437,168.35999166475844,239.98773704014593
1366,156.70999999999995,202.50881404906673,169.53119842082185,241.8636975473266
1367,61.62,190.4586734283877,159.19113961049337,227.8292830682679
1368,82.00000000000003,122.61812161272623,102.26637251302452,146.9807958697435
1369,178.61999999999998,110.25340769470053,91.66429482042128,132.57162807605533
1370,195.38000000000002,163.0694816518547,135.17992129888088,196.67080603922696
1371,187.38000000000008,175.4366090758939,145.01155289290372,212.2014652637308
1372,195.42,175.83334316659307,144.97178975059714,213.2196879883508
1373,180.49999999999991,188.57537379685402,155.15540297561972,229.14779934209506
1374,189.70999999999995,177.6114598231609,145.8568422893524,216.23232695759546
1375,156.96000000000006,184.30874706262048,151.27790527945962,224.50436108835945
1376,182.46,168.79680154362407,138.4643387405914,205.72635079904876
1377,184.70999999999998,180.49371488841803,148.01124571538034,220.05693020589547
1378,164.42000000000002,181.75667120474918,148.99642720517423,221.6719762075016
1379,175.49999999999994,171.76687206103105,140.75579867373685,209.56205362329698
1380,174.38000000000005,174.75849101474734,143.17450273224918,213.2615135017994
1381,171.71000000000004,172.90895351266985,141.62711749522023,211.05170968196504
1382,169.41999999999996,170.7163794528797,139.803581099347,208.4159448373725
1383,170.16999999999993,170.8348529359688,140.10447562019274,208.2578322108199
1384,170.25000000000003,171.13407947181742,140.5239096740177,208.3649149734431
1385,167.24999999999997,171.31404081829857,140.81985352868918,208.3651059731475
1386,162.24999999999997,170.73167318057813,140.46602961341304,207.4724343645865
1387,159.92,167.85620691345213,138.2022903830207,203.82722327876562
1388,100.38000000000001,163.14755651786044,134.40734538865905,197.98787789868967
1389,37.540000000000006,90.18685436978616,74.0811833279533,109.74735428098715
1390,37.25,27.68133634919491,22.5782011706601,33.88896582150159
1391,56.00000000000001,46.44912492069029,37.954267627924025,56.796477583507745
1392,14.46,56.717152713234235,46.32983084121224,69.38414585716443
1393,48.17,7.5007346688123775,5.91853831586217,9.444762551053897
1394,39.67000000000001,39.066194432626396,31.400718742366088,48.545195249449414
1395,125.99999999999999,38.89732728577582,31.089002323948577,48.60567824697768
1396,103.46,82.40169218309413,65.70793897414656,103.2730800257433
1397,82.32999999999998,126.94862798973448,100.85679470118379,159.72419569536288
1398,65.88,88.42782532544203,69.86539962054856,111.85247787015675
1399,21.71,70.00260838154342,55.04566064685075,88.95112804091997
1400,9.829999999999998,29.440976567416694,22.854435638276374,37.84615290965519
1401,74.70999999999997,10.434489251234023,7.898185508132073,13.693731021576921
1402,67.53999999999998,59.9482965625433,46.024444155560374,77.99497634862496
1403,12.96,59.274481738506104,45.166971376803716,77.69290621630186
1404,44.83,21.78468049819548,16.28279574365169,29.03806057220461
1405,88.75000000000004,39.471575335626255,29.445866911265576,52.798711494110826
1406,119.41999999999997,61.29035068229956,45.12837412232009,83.11499130307308
1407,108.21000000000001,82.37695508250393,59.59330088791739,113.72747873050906
1408,109.12000000000003,84.06949150195169,59.84276553168376,117.94295601392527
1409,114.16999999999999,88.83307845545269,62.382511056058796,126.3219039499083
1410,85.29000000000003,94.65441980847889,65.9679247217607,135.629111129131
1411,85.38000000000001,80.31464715731859,55.92861009988743,115.14672887178561
1412,81.45999999999997,79.79329059945192,55.56360692710861,114.40204312464198
1413,51.5,79.08619692244069,55.068568681848944,113.3920575874498
1414,109.99999999999997,59.26488397984333,41.1916124922233,85.08005303834729
1415,91.57999999999998,90.7867369196973,63.26014919960329,130.10466096486647
1416,78.66999999999999,80.60066754307692,56.12885376558216,115.55526944052478
1417,107.37999999999995,73.05155740249157,50.7576350181468,104.94829442674269
1418,102.17,83.49532410446915,57.79069041179664,120.43861120717025
1419,87.71000000000001,79.81494245995019,54.86966196005362,115.89805693606513
1420,82.79000000000002,80.89055632509688,55.24936340329347,118.22025085249618
1421,49.75000000000001,82.11733670107022,55.779937671215734,120.67134983984484
1422,87.32999999999997,64.34564149649891,43.49684334612731,94.96305134217114
1423,87.95999999999998,79.77458771850199,53.93029147240463,117.77843437935708
1424,55.20999999999998,82.08533972399354,55.42291444184866,121.34698872505176
1425,85.87999999999997,63.14278511570603,42.52358606576765,93.53028241245114
1426,14.58,77.52073084386284,52.25474409238045,114.77382029212482
1427,21.33,35.636230149167716,23.827101437145362,53.06242701915324
1428,39.67000000000001,38.431654419039994,25.68371112170132,57.269832225775524
1429,36.46,50.70667760695147,33.95380469469765,75.48896972737239
1430,22.380000000000003,38.07127793852377,25.40777790727379,56.807391637025795
1431,53.42,28.355076364672463,18.830582677752236,42.45411944665191
1432,69.25000000000003,38.08505699960217,25.38064385421321,56.90767234887538
1433,33.46,62.59771424336919,41.894805941624654,93.29275102644401
1434,55.67000000000002,38.9914814966133,25.96214760428418,58.3171811002117
1435,35.790000000000006,56.16858911816165,37.533793516120866,83.81510081258665
1436,85.79000000000002,40.8413054441074,27.19289915439276,61.09701356642189
1437,58.58000000000001,54.78201911245747,36.56490271902782,81.83353425766836
1438,65.82999999999998,57.77210116966709,38.55703460169197,86.32100145216239
1439,14.999999999999998,60.9099080390308,40.649756742896805,91.02542855319133
1440,25.210000000000004,36.00163669335429,23.884627943848074,54.018749770998866
1441,10.42,33.02105028346129,21.875982103661993,49.59594194229238
1442,25.08,16.550317787361966,10.712371840791374,25.29814512587931
1443,27.169999999999998,18.652937742084948,11.934865523518742,28.860222450089807
1444,75.75000000000003,23.506552023126815,14.939370782871565,36.678469259752355
1445,72.78999999999999,47.62061565541151,30.277751546475336,74.57973798719682
1446,34.709999999999994,83.92646254527415,53.075440671235576,132.3785532013318
1447,37.17000000000001,37.059019569673005,23.00897056214618,59.33115692550837
1448,31.92,38.122619233710516,23.471307984338686,61.545873587363864
1449,26.92,35.20291124427903,21.393488312415446,57.528209820463346
1450,38.830000000000005,32.390481277820925,19.361882610629795,53.755459565535
1451,58.290000000000006,38.72704034946677,22.85245005744055,65.16669277694784
1452,37.83,47.324137502905685,27.557758086058513,80.77190444581005
1453,25.039999999999996,39.53138133848542,22.5483433567123,68.76256666214512
1454,24.38,33.915358782392836,19.49493765505697,58.48211697059822
1455,28.04,33.30205044140249,19.420291935697378,56.620658323087696
1456,22.17,34.0677615252578,20.12734464582429,57.2064579817135
1457,22.96,31.495306045511647,18.777585011024975,52.39099361235618
1458,41.57999999999999,21.81696657784389,13.007606309319902,36.16651884112825
1459,31.08,37.045246103161304,22.516830711877287,60.54914192238811
1460,42.32999999999999,36.104854976832165,22.06936559557442,58.67958924348848
