step,true_value,prediction,lower_bound,upper_bound
80,229.67,171.96453893296942,128.69493964665844,229.67
81,133.58000000000007,180.32619587216993,134.9648062838652,240.82132279751778
82,133.42000000000002,130.46023999954878,97.45252537775495,174.5342956864744
83,153.82999999999996,133.32937605151275,99.52713985032563,178.49760927501686
84,104.29,144.32572508279299,107.72166949865903,193.2535142095111
85,219.92000000000007,117.2816453608087,87.3199195668507,157.40761289043584
86,97.57999999999997,175.45463325798787,130.1625562032566,236.38663304152598
87,141.37999999999997,121.87885843571017,87.19368341959716,170.20516192328762
88,221.71000000000006,138.01994556757555,96.60904761904786,196.99952706269616
89,185.67,172.0180534368826,117.56381066090383,251.48215832657152
90,193.70999999999998,164.43468497235048,110.42004952265661,244.63474086713265
91,254.42000000000007,171.23571287213224,113.68591343809987,257.66420643353837
92,102.92,199.12964371045192,131.28079591244236,301.7792055181091
93,130.21000000000006,139.85059974567767,90.38618173526191,216.0885255518027
94,90.50000000000003,139.12016302372206,88.78709103362391,217.66907435994258
95,132.5,119.41193050085809,75.60038571634803,188.28146211474106
96,145.17000000000002,124.3220063416773,78.49781096534257,196.56022314061372
97,114.91999999999996,136.05688821192487,85.84956048683523,215.28883901126318
98,123.17,133.22155211821374,84.0911893516755,210.71904153984698
99,189.62000000000006,136.05632726482835,86.0392543171103,214.81569133033187
100,214.42,157.46361361035332,99.91919871799213,247.82001796923254
101,226.83000000000007,170.27414391555533,108.48824059453761,266.9267856960145
102,138.99999999999994,180.41832997897993,115.45603244893675,281.6183389580395
103,159.42000000000004,160.2130465613841,102.95223386396842,249.01527543518654
104,185.07999999999998,160.04320814422871,103.34085323112299,247.55954390115585
105,227.07999999999993,170.1461083119363,110.44587886578638,261.8270393524017
106,239.20999999999998,183.91379299872693,120.04364424702271,281.4858013312589
107,155.45999999999998,194.11742333213314,127.54019327012662,295.17824525722654
108,136.33000000000007,169.05549681619314,111.85586178854865,255.24607830815074
109,238.66999999999993,156.5726387539162,104.42948677760225,234.5046699245334
110,267.58000000000004,176.21704068383622,117.62187450876894,263.7562234098301
111,198.29000000000005,185.44636760639074,123.5314673823133,278.1442895866377
112,192.20999999999998,174.05764620387296,115.7872287415786,261.40180390144025
113,294.17,173.24739041386815,115.20621937030118,260.27821067211005
114,312.4199999999999,198.43325772019884,131.76148464743437,298.5870706817971
115,238.79000000000002,223.1513557840171,147.90743373867565,336.4165348117421
116,220.37999999999994,215.07143756537332,142.316498469129,324.76058325639025
117,264.0799999999999,193.88491165572995,128.10683362193032,293.17597601596117
118,322.45999999999987,219.99848503394412,145.2711273322716,332.902741286406
119,269.03999999999996,252.23687905190167,166.4949658511166,381.8707124783115
120,185.45999999999998,232.95296033053478,153.66781893442237,352.8809044086117
121,173.61999999999995,183.22471213466181,120.75683829971237,277.7419995052482
122,264.1699999999999,179.89380289809952,118.6038637613949,272.5912277233513
123,207.92,242.0143438541657,159.8370735117336,366.1788476962207
124,267.58000000000004,177.43139585724728,117.2705033039623,268.19444948788896
125,313.5000000000001,266.8600545675605,176.5713988425158,403.05723726132896
126,310.45999999999987,251.565053854101,166.48588147364296,379.86258893627013
127,236.33000000000007,261.86770828769505,173.44366519284432,395.1131634332296
128,317.88,207.13704195388024,137.26986225090414,312.3078136340447
129,312.66999999999996,291.96909425567316,193.5073230673343,440.2733095878178
130,272.83000000000004,247.7616417259519,164.07190363528397,373.88120650087154
131,281.42,246.64875938174418,163.26126361017984,372.3680520616439
132,286.67000000000013,253.8567804431335,167.97912771217517,383.3787065138204
133,193.79000000000005,257.5480636093404,170.37219105734957,389.06971191591515
134,259.7900000000001,192.2320554853954,127.23785859971215,290.1669586097934
135,190.92000000000004,271.08962368182824,180.13009155774512,407.7270241991619
136,95.71000000000001,204.80560390178087,136.36501385359952,307.34595658046317
137,79.45999999999998,150.76931789726927,100.52480999397264,225.87977309556024
138,256.04,122.77321790462601,81.78554979743109,184.05414903871812
139,172.45999999999992,314.2638918830245,209.52109910100955,471.12047604569403
140,213.11999999999992,176.89662424535692,117.54134329459679,265.97191071341786
141,276.96000000000004,236.56912430051034,157.13555702162935,355.903215721381
142,291.82999999999987,250.61615172391436,166.33424960450006,377.34865222145953
143,174.42,254.6580973565608,169.26628908507686,382.875534582878
144,105.29,195.4964116378112,130.02468270807427,293.68371140849774
145,200.83,156.22372746901178,103.71515175052348,235.06230871098862
146,318.87999999999994,241.9895773842071,160.6769423733624,364.1970024334375
147,269.9200000000001,261.8497797885531,173.7437743605756,394.37893116768146
148,310.8800000000001,232.8382645972402,154.34535745398156,350.9920703523248
149,250.75000000000006,266.7633428228989,176.77436454222715,402.30453687355407
150,259.25000000000006,225.8518638216968,149.53427060788732,340.8608129003769
151,258.0400000000001,244.2836967676464,161.6936034549641,368.79998366473575
152,336.83000000000004,235.62167353291662,155.88945950497026,355.87430221368317
153,305.20999999999987,276.41342809910026,182.87748571189366,417.5298150654276
154,355.53999999999996,253.418399832488,167.5901324662207,382.94134476579165
155,248.54,291.0947963398786,192.51187861964783,439.89991093793475
156,173.57999999999998,228.43018202128582,150.96707571972712,345.3790309382606
157,217.79,201.36999971904024,133.0210337676391,304.57604008105375
158,104.75000000000003,237.64431042985305,157.37026179404043,358.60732940256577
159,316.1200000000001,147.22584654701942,97.53893159112137,221.9667120377038
160,228.53999999999994,269.8507263628058,178.75466615356075,407.1124431484268
161,331.0800000000001,223.91892473858425,148.05703788200955,338.390366428761
162,343.95999999999987,255.2542063195316,169.08315316416537,385.08302489001716
163,331.5,260.8368735402735,173.3921817778605,392.12856600804815
164,316.41999999999996,260.892906477822,173.9443665989446,391.055461955155
165,217.49999999999994,258.04218949960887,172.4741419648138,385.8176270003509
166,309.66999999999996,223.91645728829803,149.94206816016307,334.1445582780873
167,280.71000000000004,256.00180070787235,171.78710255626225,381.26189680784785
168,286.03999999999996,251.64654019350857,169.12051578327063,374.20621177206135
169,319.71,251.8185500631769,169.4591131153456,373.97097155958943
170,234.79000000000005,269.169563718517,181.3603720306089,399.2601680786343
171,161.16999999999996,246.1402375409162,166.03176447948934,364.6687528992762
172,192.0399999999999,221.8828795912396,149.42387040260428,329.24531201015395
173,113.25000000000003,230.84994667160467,155.68113542294284,342.08149239869925
174,187.16999999999993,184.77056867457364,124.22602514318866,274.587316184583
175,282.25,204.48698230308736,137.2209197384372,304.4884888331937
176,305.2500000000001,249.30127056619017,167.05967932035873,371.7885611850007
177,138.57999999999996,266.39110176831286,178.90905564814042,396.41190929658063
178,202.03999999999996,215.12822830011822,144.1480104824271,320.8191617845379
179,298.91999999999996,225.52300217867065,150.88902544589095,336.83000691065524
180,367.20999999999987,255.858833816791,170.9989960712449,382.5863116456405
181,348.9999999999999,277.61187766496636,185.35272755301725,415.5465104550939
182,202.61999999999992,280.40281055130293,187.03711100559804,420.1271985763226
183,177.24999999999997,235.7396256496035,157.0622853218297,353.57952691624183
184,197.1200000000001,222.5778635148607,148.17015425957985,334.1009543563535
185,230.16999999999996,227.64372082019688,152.0136284396125,340.65552182259285
186,266.24999999999994,237.17220085261474,159.14743047932774,353.2110984184701
187,319.2899999999999,244.22434758699103,164.84158472881253,361.60495669888417
188,261.91999999999996,259.14474453482023,176.05733106151536,381.2224570050382
189,331.71,245.30678515190937,167.55005057435827,358.93482176443905
190,194.91999999999996,269.7519558167712,185.13357568301348,392.8387865252663
191,267.70999999999987,218.35876314235233,150.39398547456,316.83473310720353
192,263.32999999999987,263.20169465827536,182.41097964154855,379.5799172804376
193,244.67000000000004,253.10143732450587,176.4998963874805,362.7610036088668
194,309.37999999999994,245.89850030810837,172.38259442903885,350.5858650929458
195,152.79000000000002,270.34377948574235,190.40733158470348,383.66367017412193
196,166.62000000000006,206.91190592261339,146.0386128287364,292.98645561708895
197,103.20999999999998,219.29683530858983,155.13728856215593,309.8206636216857
198,185.74999999999997,163.12559726421384,115.24878471419909,230.72037233387692
199,304.4199999999999,216.76313144234751,153.15340527909723,306.62071930698534
200,257.5399999999999,256.04460759740704,180.86504412999457,362.3019781837662
201,343.5400000000001,232.1675885793547,164.17033152995293,328.1579296373331
202,217.8300000000001,264.25613444296255,186.7149374411858,373.8280121909224
203,341.32999999999987,217.7526336811887,153.67523832470067,308.3754065663822
204,144.71000000000006,266.10137378896326,186.9792577136792,378.5266815481198
205,332.37999999999994,240.47522109305723,167.9572663576756,344.11852410360615
206,347.24999999999994,246.78258186918873,171.51425820781898,354.8906290736873
207,261.75000000000006,258.1326920527643,178.99055888653828,372.07374623378075
208,318.6200000000001,245.3439535702664,170.42137739177323,353.01269307232826
209,337.46,257.56381345740226,179.2050839110632,369.99533586205297
210,335.4199999999999,268.15179537776385,187.19065888846436,383.94306456522133
211,332.1200000000001,277.60276272359,194.33382946140117,396.368441560989
212,335.46000000000004,279.7044709299723,196.26677741860178,398.4337061271701
213,264.66999999999996,280.78454344382556,197.41864318911172,399.1767558110307
214,296.37999999999994,263.31922466948504,185.4342263660364,373.7415584127168
215,313.54000000000013,267.9562616846463,188.97672654602866,379.7701712443897
216,327.38000000000005,275.9789068163408,194.88176447529932,390.6511321340953
217,321.45999999999987,285.2501306355512,201.64798452747542,403.34222664455206
218,322.96000000000004,289.90063847584656,205.12143702025818,409.55012369886686
219,306.9200000000001,293.06290731410616,207.51789974457398,413.70297544695455
220,108.08,289.12431931804645,205.07680140424188,407.4502480929287
221,211.53999999999996,215.45857499992454,152.80993940321798,303.6247522935938
222,93.41999999999997,227.37350800029975,161.5029418325535,319.94470763553346
223,132.21000000000004,171.2701955561564,121.59555010661823,241.07257319818726
224,290.8299999999999,167.3076818426411,118.7871398937875,235.4817775293827
225,238.4200000000001,235.86230145732807,167.27164710814,332.41178276817493
226,289.1700000000001,240.16210554807935,170.3871271533993,338.34381256258456
227,183.38000000000005,254.62649600896864,180.72137341914956,358.58844153737454
228,256.7100000000001,224.62803615554964,159.43701255623924,316.3083934205321
229,293.83,241.3071047770486,171.4865445465172,339.3902210447588
230,273.8799999999999,260.7412253117731,185.49497716756053,366.34752896940176
231,296.7499999999999,265.754371429888,189.2179943083379,373.08603184833163
232,264.41999999999996,271.48503996278066,193.4356983923105,380.86453216892664
233,191.78999999999994,266.6968527400992,190.12869779474613,373.9390112201363
234,198.21000000000006,239.2481703997675,170.59894866589312,335.3609382760044
235,210.46000000000006,231.54858584686622,165.15535782268097,324.4715676222106
236,213.0800000000001,227.94240116850395,162.6255340488167,319.3327852067552
237,278.87999999999994,230.24713135950486,164.3129076111772,322.4788894269289
238,279.7499999999999,257.23053814883286,183.64082960420083,360.14986579933947
239,275.2499999999999,263.78450670765676,188.36032239610336,369.2509274659952
240,219.5,265.0172134912609,189.2702925296073,370.9191100872648
241,105.25000000000001,240.81374867355007,171.98057731888852,337.0373100487381
242,176.16999999999996,171.63602303622673,122.41038399108633,240.49666734621962
243,242.58000000000004,202.5485150820443,144.42415817043144,283.9045063307056
244,252.9600000000001,234.29321223181205,167.15392898801815,328.239382365603
245,235.25000000000003,238.58540791335156,170.2646117928578,334.1607029853487
246,256.6199999999999,232.55667231644748,166.15703040419535,325.3321862779596
247,248.21000000000004,238.44405120211826,170.54685201839436,333.21454827941096
248,65.96,234.32833676094947,167.8114180366868,327.0549783110024
249,214.8799999999999,161.69118033012467,115.7854266842805,225.64146468175582
250,71.46,280.5504003134908,201.3032181758299,390.8406668537998
251,52.74999999999999,173.3678904855829,124.34365296123694,241.56642050949995
252,111.53999999999996,96.46110072867278,69.08546496913091,134.52975869430534
253,182.16999999999993,126.91020788397375,91.04666361326701,176.74703219729963
254,182.58000000000007,176.27316015599877,126.59586322279694,245.2914746446082
255,133.42000000000002,183.80947244392982,132.41283249122714,255.00641607882488
256,53.62,165.42110133744535,119.18350274504392,229.44746024021478
257,114.49999999999996,107.71937146925649,77.48815435581653,149.59472132681438
258,37.75,123.29305448331964,88.70685995459925,171.21384630575744
259,42.42,76.86450447988113,55.023798447234455,107.2197427867677
260,50.789999999999985,59.39324225738924,41.520379329896535,84.77871994183313
261,130.32999999999998,59.82844964255404,41.04408702478774,87.00524753303074
262,96.12,111.98358427397443,74.77113047493252,167.471688826359
263,151.33000000000004,108.99373789881719,70.89738312184481,167.27625501264913
264,114.66999999999999,136.76846398932975,87.1095812789999,214.4152748709407
265,52.25000000000001,126.97437853356749,79.3424958058708,202.84531743481242
266,177.21,85.85362191600731,51.67866373502979,142.19937342891447
267,185.29000000000002,129.26253597844922,75.1075123248397,221.95208135450662
268,108.17000000000003,153.85058228740843,86.6431231224308,272.5948010576143
269,89.99999999999997,129.42565682615813,71.76714400207463,232.77105411818525
270,35.080000000000005,112.07296828955914,61.320838966868116,204.15603399705276
271,88.70999999999998,71.97323141775503,38.80475425966861,132.78031349749534
272,110.66999999999996,94.210288627457,50.47870232563796,175.09222165666404
273,117.95999999999997,108.7526962337212,57.89865754219421,203.51492161671317
274,121.50000000000004,114.1806735826913,60.41922438058615,215.00057149461307
275,50.789999999999985,115.97737446155237,61.04059033378849,219.56054048321712
276,66.71000000000002,84.6030767634054,43.623694417224364,163.21515177221585
277,91.17,90.78020824055085,46.14677262740513,177.66772538704944
278,175.07999999999998,97.67615734417217,49.06081591482797,193.5031028814641
279,51.959999999999994,104.2143522507756,51.81484755168044,208.60128510676847
280,123.25,81.58989246765616,40.30724671233352,164.13059767264437
281,145.92,94.62662361391544,46.827553903577126,190.19629580540845
282,170.37999999999997,98.79667459069536,48.91320045612971,198.53391424208013
283,167.71000000000004,105.63688699173318,52.33432539977926,212.2102652850792
284,141.96000000000004,111.27594047061571,55.15469198843252,223.485013846358
285,37.50000000000001,108.93595904806322,53.9843527733584,218.80644460133448
286,134.92000000000004,85.60337622821555,42.31458633852684,172.15517492209617
287,96.91999999999999,96.99869278670089,48.01394177273849,194.93902144070714
288,56.61999999999998,92.68927210844706,45.858589612502,186.32274660415143
289,27.459999999999997,88.49318100631406,43.75991911900167,177.93306342523894
290,66.46000000000002,67.96380285909771,33.49217251417406,136.88653361379545
291,58.92000000000003,91.17392148489755,45.100688612846845,183.29294783975251
292,20.04,85.89995598208255,42.46292038639673,172.74815779869743
293,17.960000000000004,63.25770862963023,31.138424499981745,127.477147917839
294,101.75000000000003,47.5641397411072,23.289302742993222,96.09935660767954
295,132.5,101.16579556840325,50.09811378866455,203.27074524305175
296,48.83,93.4302735325408,46.22000858370727,187.841061805889
297,26.75,64.99634307892562,31.961435350608525,131.13979468618143
298,56.71,54.05602777407771,26.42966527840199,109.5068604919049
299,112.78999999999998,76.52165113887894,37.50217074288457,155.08487208240487
300,68.58,88.04664733860217,43.14603115701505,178.61536279542483
301,132.54,68.65369350985613,33.51332044907563,139.57288480033554
302,111.21000000000002,96.38925460905118,47.16698587161781,195.9121949749278
303,109.00000000000004,82.79249734807188,40.28590414816006,169.06246457944027
304,117.92000000000004,88.23600849737561,42.7760411230166,180.9046448299516
305,87.46000000000002,89.5115525713769,43.37075737478583,183.6337911179428
306,88.78999999999999,78.75002522397389,38.09521955283554,161.6814376788219
307,66.96000000000001,81.53259567484554,39.45929689817232,167.35758085393817
308,85.61999999999998,71.83578789583468,34.70570806835825,147.5771403342723
309,113.91999999999999,83.68762627394476,40.51574038114611,171.75361051184365
310,94.32999999999998,91.46727317840995,43.81034370423737,189.8085478095132
311,75.33,79.92353787149166,36.866276623984625,171.94066291933294
312,56.00000000000001,76.14810349646103,35.39114683577578,162.5515885212355
313,100.00000000000003,66.15692772793861,30.895553401985854,140.40068005763996
314,69.46000000000002,92.30816168217628,43.7993376029123,193.34245018705732
315,21.830000000000002,64.67989545840587,30.950992022802915,134.01454553737804
316,61.58000000000001,46.08121399807719,22.07014363272165,95.08265760377651
317,62.42,89.42505072863727,43.58302637450388,182.40365076590462
318,13.880000000000004,45.96246961221361,22.275988286630607,93.75316471717247
319,26.38,27.268793594208173,13.073413015381755,55.78257935005031
320,15.920000000000005,68.62684357545868,33.794738591019744,138.3284600658732
321,24.209999999999997,18.283069632883972,8.592304069237251,37.764072925830355
322,16.540000000000003,74.93067655023891,36.624648356693505,152.2364525169393
323,87.03999999999998,26.137119304516233,12.273505772169324,54.48068888413886
324,84.67,83.4367112822458,39.658264467422846,174.3532352044649
325,83.87999999999997,66.95395778195692,31.2885517894982,142.01478766644146
326,13.880000000000004,75.00509632408374,34.707575667825196,160.78008613557284
327,66.88000000000001,38.352388586191765,16.886055544665922,85.58200146876264
328,61.00000000000001,50.04245495343229,21.555734973927088,114.50642045957507
329,24.330000000000005,54.957282165017176,23.143303878602925,128.69299657742366
330,31.379999999999995,43.21733391122802,17.694123234262733,103.58755373098107
331,76.38000000000001,40.42958045165743,16.215501342215514,98.70143199904422
332,73.54000000000003,52.10667770607468,20.74604963738557,128.69340473353043
333,52.25000000000001,59.81082294414419,23.591833486691417,149.37334199360575
334,18.17,56.781612230285894,22.608140165467997,140.42218271029734
335,14.38,40.853847806963216,15.88254401320804,102.76069950583064
336,7.33,29.627801870365413,11.121959309153306,76.38536514489265
337,9.379999999999999,18.422900106595787,6.507439640337867,49.25002752254174
338,16.420000000000005,17.333737261234106,5.997807281406568,47.03303498469626
339,12.38,23.38854704077234,8.209798410708222,63.58352292145619
340,13.170000000000003,19.43594340628067,6.647317582960651,53.61101600321172
341,54.21,19.01097549652781,6.528526819081911,52.18957479273072
342,49.96000000000001,40.84141315764384,14.813437863555666,109.70988295741812
343,34.88,41.05078866243797,14.954220017597672,109.83392514222584
344,36.83,33.52080004277795,12.140489422776099,89.68807083607842
345,28.42,34.77831061290585,12.657316924976438,92.72906240262711
346,35.540000000000006,30.45121915303472,11.087536771528807,80.83463718945185
347,41.74999999999999,32.596530472137324,11.98692416430211,85.91256262724988
348,44.620000000000005,35.80027158503047,13.29544624593578,93.7336631143655
349,35.38000000000001,36.546328671670715,13.64632835361516,95.25120799460697
350,28.57999999999999,32.213114280323744,12.002093802580243,83.84102460320155
351,36.42000000000001,29.59939983547614,11.01510717161719,76.92883217081717
352,27.210000000000004,33.68743891968801,12.655303740472492,87.11363274482927
353,15.290000000000003,28.97234298036162,10.824888463751401,74.97038623123191
354,16.29,21.638208014559055,7.947950053898845,56.27439905491446
355,19.379999999999995,22.81348561085659,8.427332987301973,59.15297197015294
356,22.88,25.232892415608056,9.399052599723886,65.17570570872374
357,17.579999999999995,27.245739954972247,10.209726416039919,70.17228342542933
358,39.21,18.460881915855573,6.730807609733861,47.98917992293853
359,23.419999999999998,47.35055518142266,18.222995339931554,120.61352302341669
360,18.709999999999997,20.68001076019946,7.62546960679512,53.492437860088415
361,32.03999999999999,21.592058142162916,7.993674471890918,55.75111909977302
362,60.580000000000005,33.009715822793126,12.545772105317601,84.38906172008313
363,38.57999999999999,51.793885826308035,20.036373637110902,131.49405190846548
364,21.71,27.752814789672218,10.725174247029033,69.50849231845504
365,30.04,22.223765932289826,8.65862983368378,54.840560552063444
366,39.82999999999999,31.142297840394917,12.593213702795786,75.00316842279672
367,18.330000000000002,33.000488934611546,13.710546731747616,77.5853353293624
368,34.67,16.916127009657842,6.903172261146815,39.61503361178329
369,31.21,37.7635617720988,16.44145601828539,85.15185106587425
370,24.209999999999997,26.049690989172273,11.377497708862688,58.11419253067581
371,18.250000000000004,28.22841954750426,12.620067854448962,61.72366029115442
372,32.0,24.421318265126978,11.09334156256495,52.437953355864096
373,49.58,33.25905044944966,15.586384876827747,69.76180532489919
374,22.539999999999996,35.262693069171235,16.8205216267445,72.79037135789746
375,48.92,24.531947622059338,11.72092334263235,50.24473529298757
376,28.04,35.91148899365463,17.587092294026846,72.30129953497493
377,34.25,25.844446546377537,12.640404994750984,51.830125693381326
378,39.17,30.822722154017377,15.312014629726907,61.082193296116614
379,60.17000000000002,29.279935223917548,14.636986531819275,57.63498541096263
380,28.379999999999995,34.26769237120438,17.32512579438671,66.87457500405853
381,52.07999999999999,27.87662442802674,14.082987646340358,54.28476571812569
382,33.17,34.19620641166833,17.465759826351913,66.08486178862503
383,44.88,32.997412207501796,16.93252538859205,63.45405829689112
384,54.83,35.66175552812513,18.437531874229755,68.14891906549093
385,29.830000000000005,39.82110715930819,20.762690093636305,75.56970634338029
386,36.790000000000006,35.497231006545206,18.594899705024673,66.9793155972904
387,38.38,34.801159291617154,18.336472479144515,65.28525487294318
388,19.29,32.60042712823122,17.434056751645834,60.24472319956254
389,41.67000000000001,33.62125737184947,18.16509504551218,61.5424220000683
390,34.92,32.870997398782066,18.07857975682694,59.13259264635673
391,31.580000000000005,33.010556019819916,18.44237057747544,58.4946956785918
392,37.17000000000001,33.184569195667606,18.788843311076683,58.0527072615345
393,29.920000000000005,33.76813008104752,19.34268266150921,58.42298218218184
394,52.07999999999999,34.665963016580946,20.058234057470397,59.4068182749093
395,20.829999999999995,31.079350887132172,18.087256209904407,52.91475558471071
396,30.04,37.907370769737284,22.30221804767528,63.963064765623415
397,109.33,33.72840055942379,19.91560782936171,56.66324437020161
398,100.08000000000004,25.755338415014418,15.032887219052299,43.64873506072476
399,46.33,38.22786424711175,22.261368407276944,65.1536890885762
400,46.42,36.997358364457895,21.33147511418549,63.65310667094724
401,63.25,38.61648518923987,22.107068284576517,66.92146365866964
402,62.95999999999999,40.64979553782532,23.287615612040423,70.4234569606201
403,76.67,45.636457147750285,26.190374797033876,78.99003881076362
404,63.789999999999964,51.043510350936764,29.32761903058884,88.30892223739048
405,115.75,52.763734894028694,30.316696369277913,91.30025912283183
406,89.42000000000002,66.46293656196818,38.05154995665245,115.54461384032302
407,122.17000000000006,71.64850051299979,41.07743626717085,124.43075564955736
408,62.170000000000016,85.6427907552651,49.373826851064045,148.02527084265148
409,77.08000000000003,72.77782668268159,42.03291666339639,125.48846817881945
410,44.330000000000005,71.9390798628941,41.66062906959717,123.7077103004351
411,64.45999999999998,58.32563153689094,33.8472118643894,99.99891408665555
412,119.70999999999994,59.066614006193284,34.411041806833595,100.88907002088672
413,126.74999999999997,72.99645931916854,42.6730927948522,124.3741295010543
414,145.96000000000004,86.10029345194174,50.31826692273269,146.8315924198476
415,153.04000000000005,105.43897574580059,61.620279386639815,179.9199139445591
416,153.50000000000006,120.14134496113384,70.31793189543984,204.77188750380435
417,89.75000000000003,130.37074203397484,76.47850422447048,221.74916165852335
418,62.91999999999999,97.73410391759379,57.31893105104735,166.15709805924394
419,112.78999999999998,66.70888105751042,39.04504863186795,113.48338135895635
420,118.53999999999998,88.20734454561646,51.78914855570693,149.74973813003487
421,87.28999999999998,98.1262403620944,57.686391754912016,166.4325381829474
422,144.71000000000006,80.98229110769248,47.555993417401545,137.4194943246227
423,147.46000000000006,109.2758333904564,64.29183961112378,185.25236327217632
424,69.5,113.80202809917333,66.99823946316066,192.8212777232803
425,140.38,68.88628010736082,40.40799017422834,116.95047590318151
426,141.96000000000004,119.13088454756314,70.150384367653,201.82995728609
427,145.75000000000003,103.348228342543,60.78221179092382,175.240902398821
428,156.25000000000003,112.4725638586296,66.21076196096851,190.57680069344104
429,88.78999999999999,123.71823682300771,72.89619152260198,209.49310222546822
430,76.46,94.19983366501748,55.47308884843521,159.48366601959154
431,64.92000000000002,83.36541536925328,49.0963486015029,141.07668840385526
432,89.83,77.3233846396928,45.54830804716801,130.78894870251878
433,158.61999999999995,92.56101099177225,54.64454100660682,156.3139542432955
434,79.38,119.15923078985583,70.4433785708642,201.09347644006849
435,147.5,90.65610999517943,53.48310804775511,153.19168987358415
436,175.66999999999996,111.64062424406575,65.94324629702281,188.53234167637143
437,113.08,104.99836379277485,61.98475709503482,177.3868612812538
438,113.25000000000003,109.23795206549022,64.49427279917,184.54914126395684
439,214.37999999999994,104.62155224520696,61.74371661326513,176.80126681766293
440,223.6200000000001,150.44818422897717,88.89660569795035,254.14369901039728
441,211.58000000000004,125.1358654427143,73.82213800338165,211.64103079042533
442,223.33000000000007,149.6493494115873,88.31290947600664,253.10913843570904
443,167.07999999999998,141.13153657147404,83.22277840122617,238.85641499419071
444,223.6699999999999,130.9924029051121,77.18282591172948,221.83659130376475
445,231.28999999999994,168.56701148932416,99.33976504778093,285.55609639636566
446,215.32999999999996,183.6797941328213,108.26108806938886,311.1571179968575
447,139.71000000000004,185.52103284566218,109.38748637052647,314.16340155655155
448,118.45999999999994,154.7040906811152,91.17561931314786,262.01709753063557
449,174.04,131.2580183375428,77.31473103646276,222.35751119964362
450,152.07999999999998,147.54324622013644,86.97594828287525,249.80827690164386
451,127.21000000000001,147.22498559054253,86.80285143950525,249.22702558189653
452,78.04000000000002,137.07773428580524,80.80419756856817,232.0621321665162
453,109.37999999999998,107.87979810757477,63.4815748623127,182.84802885568138
454,116.74999999999997,117.54161244389832,69.21642662571489,199.12573347976638
455,118.50000000000003,121.94796152339389,71.83780610379175,206.5323523777995
456,178.96000000000004,123.83248431638856,72.98416183710475,209.62817708081528
457,253.0800000000001,160.91752392338358,94.99625175980376,272.1073773492622
458,117.45999999999998,200.23109889886427,118.33900347389084,338.31869703356307
459,207.33000000000007,114.94316050646893,67.75782980919541,194.50960967693348
460,97.17000000000002,166.79286123034117,98.43678564290582,282.13912298987486
461,258.17000000000013,127.0588017883056,74.84467885033239,215.21894856747326
462,261.45999999999987,167.1769326034033,98.55495550778686,283.09917432666026
463,273.29,187.78834953343824,110.71591447233781,318.03279929185726
464,272.16999999999996,199.58969959516762,117.66301338789143,338.07977249956946
465,241.37999999999994,208.70717851745238,123.0243324671824,353.5844581214517
466,239.07999999999993,206.48356860713457,121.6820820781359,349.9023527537904
467,233.9199999999999,207.48121136127003,122.24877299500395,351.65596917889343
468,294.96,206.7807277242423,121.81501373161582,350.52730518729635
469,180.95999999999998,232.37206681700872,136.92278208200784,393.87690683370477
470,210.79,198.15325234783688,116.6858740290644,336.01596090390615
471,295.38000000000005,203.37978092401977,120.09805099403053,343.9361447824573
472,264.83,231.72875292442728,137.20928278462236,390.8888177877546
473,135.42000000000002,236.49373458179238,140.35488028610584,398.018936250699
474,227.83,183.86834537440416,109.24196913574791,309.0117440698699
475,205.87999999999997,198.11871633948056,117.93190779879747,332.36943744110533
476,272.5800000000001,199.13096814473406,118.70084266510968,333.6041975878504
477,226.03999999999996,218.6417031443871,130.5239466839047,365.79615367769946
478,263.71,215.28723106373468,128.64386236565414,359.8359506389604
479,286.67000000000013,226.45811741566328,135.45483029454385,378.1525376316882
480,173.03999999999996,240.72189648664403,144.11586680322637,401.64015595433693
481,267.92000000000013,207.80219785766056,124.42921147193016,346.5933342684413
482,185.74999999999997,224.58539767387163,135.3244065537388,372.2917159160238
483,309.7099999999999,207.66510522790824,125.74230909539592,342.5405781269272
484,169.92000000000002,234.4304205159194,143.03718822163418,383.81369699479814
485,199.04000000000005,209.87933255178262,128.8510805970839,341.46994859805585
486,186.96,205.30670096614313,126.7333944194993,332.2132137955317
487,256.20999999999987,220.3153582859302,136.66556006977916,354.79332832701715
488,181.96000000000006,204.66136137647777,127.8612938865868,327.233515957493
489,292.58,237.24277370735987,149.20076422314804,376.89168062720705
490,293.42,196.41793090549808,124.64754515077955,309.1838511547411
491,196.75000000000006,219.93202479097897,140.73084774315356,343.39192564978924
492,220.83000000000007,234.88853133457033,151.34741632827172,364.2401895368054
493,257.71000000000004,236.4054563231284,153.4557746001341,363.90283926195076
494,343.21000000000015,226.62197740601445,148.0167385946101,346.69090430286855
495,343.5,201.64788283482022,132.15675884107822,307.40465609745917
496,331.9199999999999,201.07062824558693,132.01526551621987,305.97633569424465
497,151.54000000000005,233.08335298036445,152.75732659660258,355.3733667553287
498,100.82999999999996,214.2847277371323,140.0271756256664,327.6424321499077
499,203.66999999999993,211.8945032616818,137.93187550256718,325.23233045033453
500,106.58000000000001,248.85314466141705,161.52416898159478,383.10652574552506
501,242.82999999999996,193.04340299304457,124.87467092691381,298.12961811819423
502,131.96000000000004,220.56522824594927,142.3925051789251,341.355064558107
503,167.71000000000004,233.99874246719742,150.07087989302656,364.5529708986182
504,177.61999999999998,198.53117402211313,126.54187438466712,311.1538678863027
505,86.45999999999998,196.26149840229652,124.48221011316188,309.1005211561677
506,50.5,157.63926347704927,99.10345941211064,250.4040580049723
507,67.91999999999999,94.2605876883575,58.700152724189635,151.00261896573608
508,68.91999999999997,83.47932439368897,51.86158556641032,134.0083652153828
509,229.12000000000003,81.11796022986638,50.6194691064044,129.6359695101411
510,78.21000000000001,177.2771032899052,111.5016086066243,281.5090765463784
511,144.12000000000006,115.76900960019412,72.57101975920287,184.33114870009192
512,344.8299999999998,134.6932866520493,84.38000074076994,214.6555151403619
513,332.46,214.20956633172054,133.54551968596414,343.2341116135943
514,308.1700000000001,250.71150620779667,155.50893307677364,403.8247030494918
515,202.11999999999995,255.61123690836752,157.8165902618354,413.62498847934484
516,49.53999999999999,203.66019723787144,125.16535115292382,330.9912793067494
517,251.16999999999996,95.50391985484987,58.14507404760224,156.46039204982344
518,274.16999999999996,179.4701725073982,108.69239426042206,295.9165126209794
519,317.66999999999996,210.95656990350778,126.9251112839593,350.1866206278913
520,179.83,227.77956575431406,136.25346419153217,380.3389338843487
521,167.58000000000007,183.79954831614134,109.30484197611915,308.6044783350805
522,173.6699999999999,173.28744158670202,102.92705855370068,291.2829984564825
523,149.04,172.4962674784283,102.3680243592141,290.20180070717555
524,238.33000000000007,162.35780015845356,96.25780512471134,273.3817921696951
525,129.99999999999994,193.270048233251,114.59143835674423,325.502136984159
526,182.71,155.43157113276646,92.02917599658744,262.044751121556
527,226.62000000000006,169.95831384315719,100.6233945923595,286.5985907510005
528,209.45999999999995,177.8100461595917,105.25094140961802,299.91999358700326
529,118.20999999999998,173.33441012480083,102.55850624405427,292.4813146294027
530,90.58000000000001,146.85826912338177,86.80733569386085,247.97769161775065
531,92.67,133.56503504337311,78.89462331534239,225.6453974600185
532,115.71000000000004,129.4590040571739,76.441633449248,218.77263367957778
533,215.82999999999998,140.43768310109883,82.9447292727012,237.30701908657355
534,227.04000000000008,176.3389754441306,104.23765679066747,297.83896288313105
535,255.79000000000008,178.11025525843078,105.27602475261381,300.86002547061986
536,122.46000000000002,190.2302970854215,112.45594070322987,321.3191866085997
537,171.25,139.20076738579135,82.17317321871306,235.32926837931836
538,328.2500000000001,162.98200322562698,96.27406293602867,275.43645767704334
539,354.4199999999999,197.50222730566608,114.85469260722937,339.10822832092657
540,222.88000000000008,201.1121257883675,114.98294337552784,351.20102371804444
541,353.49999999999994,186.0056717557588,104.78205966082034,329.59595720629795
542,329.9200000000001,236.50347715600734,131.26114409775363,425.48883801809
543,253.67000000000007,223.93497540936397,122.60715078450549,408.32699153157324
544,199.54000000000002,214.37462109498472,116.02315166145087,395.3850464906641
545,202.91999999999996,195.38482633336673,104.68473238588507,363.92499099271504
546,159.45999999999998,197.19600189565813,104.79185022578766,370.3107870179634
547,37.61999999999999,179.00340547066824,95.24037934167409,335.6697658786907
548,50.290000000000006,68.85185476327487,36.079315214122914,130.59039172361
549,312.4199999999999,95.37860880980844,50.28781899250652,180.1119368805923
550,263.49999999999994,316.37712598489,166.8003309585404,599.2863017196097
551,280.04,169.02774798208029,88.40114125201016,322.36762908166776
552,362.17000000000013,242.5047574083999,126.4370971972024,464.2849773309602
553,94.20999999999997,244.67369049947052,127.06116707446756,470.3026093892529
554,182.32999999999996,103.51669069980787,53.29680608062469,200.18565756186038
555,261.0800000000001,264.76564439841036,137.85836812757745,507.65769701116653
556,257.71000000000004,170.4558859549054,89.01969020726695,325.5632303432256
557,329.38,234.4107796537608,123.10994223881423,445.52534823161
558,222.53999999999994,228.8047125158526,121.35771770834015,430.6050256868596
559,304.7900000000001,185.68668279635085,99.78263305835685,344.8127305854847
560,358.37999999999994,264.99101900628824,144.29118661244155,485.9615552162132
561,335.3799999999999,233.0887997440655,128.9110644449446,420.8083070887316
562,303.9599999999999,252.07610701517456,141.35603367301374,448.9107926051854
563,207.29000000000002,228.13669662333706,129.37662219373655,401.7073631454884
564,338.04000000000013,197.17104079003263,112.86193487621436,343.9068510077515
565,321.45999999999987,333.66151684580194,192.88421051482763,576.6557593841181
566,344.03999999999996,194.09596146952634,113.01811413394911,332.8279576962916
567,323.38,358.31954264219104,210.20132069546753,610.3149922521488
568,331.5799999999999,201.98157890355435,118.89169566044362,342.6561735757788
569,325.70999999999987,324.18242623216315,191.86390311478945,547.2809827160831
570,263.25,229.1948163264598,136.00679952013644,385.7665958855163
571,330.49999999999994,267.0561136302138,159.01717203731852,448.0398070388134
572,344.4600000000001,279.0194282738742,166.58270158502944,466.8936397921873
573,342.7500000000001,275.7336292811713,164.973246074219,460.40871126231673
574,336.0800000000001,284.02325934088196,170.25817379764416,473.3613490897634
575,333.5399999999999,273.51204320679904,164.1992371856529,455.15744448556114
576,331.42,280.7795651461079,168.79715700877878,466.6151517061301
577,329.12000000000006,276.6181281471328,166.47765959687976,459.19167727463116
578,248.92000000000004,283.4814220039527,170.78209394418965,470.1182499130804
579,317.33,226.96159556743459,136.7648274667016,376.21158592682997
580,309.3299999999999,290.8873703742077,175.51911794741258,481.65727800289375
581,324.32999999999987,295.08002656899646,178.15971742491496,488.30297163388286
582,326.91999999999996,298.4540123002134,180.29172665754862,493.63208904223075
583,105.58000000000003,301.1498166402631,182.00134696139241,497.87344116109114
584,198.91999999999993,199.35026069429247,119.94925649682241,330.87659124903774
585,211.87999999999997,208.84420777457507,125.32939494488781,347.5696385686757
586,312.5799999999999,242.9484157854469,145.51444697023703,405.1772118371257
587,315.6700000000001,293.25126222645866,176.01280947127927,488.1386424546442
588,277.46000000000004,297.8740762994175,179.1870195611872,494.738892298494
589,257.5399999999999,289.43217269874077,174.42300199570667,479.84256898405823
590,261.75000000000006,280.22613676086013,169.9754203147212,461.5702329133471
591,304.4199999999999,282.59251872376433,172.37382286377007,462.880390635921
592,302.8300000000001,295.9895350221114,181.42276959884944,482.507536403538
593,290.58000000000004,294.61714192982987,181.3094933106109,478.346922729201
594,283.37999999999994,290.16886637543877,179.1793897271689,469.5272277519231
595,238.75000000000003,286.32477069992484,177.31655893824876,461.9717192240876
596,254.28999999999996,271.792236945552,170.09298277657163,433.9424700540565
597,164.58000000000007,275.2852149844874,173.84458331282195,435.579266985085
598,195.79000000000005,231.1253207143883,147.02233446692023,363.0137463768964
599,274.6700000000001,237.87027185603685,152.3135365774488,371.17200809761954
600,290.62000000000006,274.96161797051064,177.68295358896114,425.2007822418648
601,272.12000000000006,280.5654319085382,183.55546376049577,428.5678428070002
602,239.29000000000002,272.19483346155073,180.38029294997483,410.4858114749494
603,276.54,259.4668082560488,174.25068235420207,386.11950956045223
604,280.0799999999999,273.5157668929207,185.80817518775766,402.4026144576726
605,278.96000000000004,272.94682919324543,188.35018339222705,395.33901526030377
606,244.92000000000004,270.97070631413396,190.74157281015658,384.7695752096741
607,273.2499999999999,258.3175178689139,184.92231183464006,360.68641842998886
608,155.99999999999994,266.5748406920052,194.25773364970493,365.6758495711964
609,248.42000000000002,229.33825593841127,169.62507661740398,309.9490890821221
610,232.11999999999995,255.60166595721796,191.62336234383432,340.8298495614818
611,262.61999999999995,249.13253960671372,188.90066145717955,328.4685067972351
612,259.42000000000013,254.73154351035956,195.0249548037743,332.6239633961733
613,246.33,252.11425764209116,194.7954291201434,326.21309026266596
614,247.92,248.6212430705636,193.59538077660858,319.20680420788017
615,209.70999999999995,244.15962809310292,191.78605913492103,310.7613561709116
616,250.58,237.95350931402976,188.29947888799182,300.63199576093587
617,247.12000000000003,252.5312215396664,201.5131886411866,316.40194664202085
618,246.75000000000003,252.83516985572462,203.18396685303549,314.5600042879992
619,239.8300000000001,251.70072113471224,203.48765997933745,311.28121280499823
620,206.75000000000003,248.3371266949881,202.00052377184386,305.25045489235026
621,160.61999999999995,237.8142147164831,194.444083430467,290.8084198283793
622,124.74999999999999,212.78832846283768,174.73597315523273,259.0802133241167
623,191.37999999999997,163.88849542345065,134.90855363608154,199.04786450608853
624,193.32999999999996,212.6123576585427,175.6841222007515,257.25885640473854
625,184.03999999999996,212.90350841187072,176.45165510155266,256.84324685347445
626,159.88,206.4597635842382,171.7801215096006,248.10014607228123
627,50.959999999999994,188.8922619019275,157.34512943370217,226.72453601313873
628,142.70999999999998,81.37330624177895,67.76078925544503,97.68068203804947
629,153.46000000000006,132.09998064670694,110.08366357795391,158.47983958704856
630,172.61999999999995,145.68492958916056,121.40181812783779,174.78553078439535
631,74.25000000000003,162.05278440046237,135.04144490614647,194.42728702334207
632,70.96000000000001,123.65610224215193,102.99347901105577,148.42421365241407
633,17.830000000000002,101.01693182472522,83.56714141178294,122.06735459170362
634,159.49999999999997,30.315528228291864,24.70560562895544,37.14974532684427
635,195.46000000000006,88.9147901702334,71.28900603964415,110.838160935888
636,193.70999999999998,124.82244816303702,96.50518223722483,161.36355954110698
637,196.78999999999996,181.92593877980104,136.01406081632197,243.22237308424715
638,190.92000000000004,183.84893484181612,133.50673617341192,253.03284388747386
639,124.57999999999996,181.35005017353433,128.46566919613443,255.83674293542606
640,170.37999999999997,147.04485604231672,101.93556646548663,211.92231784568796
641,177.17,165.144553811344,112.48622228440631,242.23668728696012
642,150.20999999999995,169.76448892416983,113.8938417718643,252.80394830416293
643,173.32999999999996,157.99006375296557,104.60755970287539,238.3563533073837
644,171.95999999999995,165.12490503293836,108.14949468908728,251.84115286849763
645,161.21000000000004,163.94527138546775,106.37409575968759,252.38460230963963
646,134.88000000000002,158.3782404244801,102.92358368444572,243.4240529457918
647,123.57999999999996,145.57501960904617,94.71095928410419,223.46997223817812
648,22.58,139.43109106487972,90.80981375680119,213.8015613005384
649,108.12000000000002,70.0725485219562,44.99315502377647,108.827367807112
650,151.21000000000004,126.22661307696158,80.62062857652572,197.31519748538423
651,11.119999999999997,137.95994983950516,87.4927466660679,217.20847907755206
652,102.58000000000003,80.16078166429931,50.06153632427199,128.0026300526511
653,129.17,102.30294521638761,63.325111206172565,164.8994176656154
654,25.039999999999996,107.7717773329143,66.13920968884163,175.22041723448262
655,52.00000000000001,93.33773185157001,56.704233668132176,153.22798441587548
656,32.42000000000001,106.2319638377892,63.98270454443691,175.95006923951303
657,31.040000000000006,67.52432845225653,40.10630047585221,113.23026483716629
658,72.08000000000001,56.5698107185384,32.636483490173575,97.53238990147587
659,102.99999999999999,64.17501825668452,36.23628105936277,113.07645672206809
660,50.290000000000006,78.66580671587869,43.65664036252238,141.12087403283684
661,16.999999999999996,71.63593098517396,39.06223772604802,130.69455251503769
662,138.71,51.851397120727384,27.403347227217935,97.34299300246333
663,139.28999999999996,69.088477705481,35.78862424358078,132.53026398993075
664,102.17,83.23362302380666,42.3354378856902,162.72981545571767
665,96.42,87.3986946527228,43.709594489872565,173.77969338494879
666,78.99999999999997,91.81006001886193,45.26552846628134,185.17980873129954
667,115.92000000000002,89.3830410960709,43.50418775817542,182.55787464682757
668,55.28999999999999,95.27303785401283,45.91074634842781,196.5772832262946
669,118.16999999999996,84.45441343529727,40.270320425869194,175.9420905923804
670,116.08000000000004,90.21889013489425,42.72234555476567,189.3119746176322
671,116.37999999999998,78.66994774299887,36.94208801761472,166.28917423905133
672,53.00000000000001,102.56352052105947,48.0524069554297,217.65191635675063
673,17.21,54.805294729082675,25.30944717095571,117.36930284258254
674,18.959999999999997,54.264130519464246,24.4977722960998,118.78003751094545
675,34.25,49.36576605957975,21.462070840854892,111.93305985637119
676,76.42,65.22662604751139,28.146596887906966,149.4795230298968
677,53.04,70.4194553548501,30.079677412835526,163.11813209737124
678,61.28999999999998,52.62351212993602,22.11289020833735,123.41027613725888
679,20.42,70.96756868043106,29.767981784995655,167.33508866344684
680,52.580000000000005,32.66958903302429,13.074078008569222,79.54816983126813
681,36.61999999999999,86.27085538160914,35.24757392915563,209.11619188427017
682,27.619999999999994,40.08894694421924,16.066117153534865,97.92710484734772
683,53.88000000000002,73.52677164523361,29.95437363481122,178.43311524851882
684,21.579999999999995,58.93221379752392,24.040983542441182,142.43966340556742
685,44.96000000000001,40.87603938954471,16.393032610891858,99.82213459753761
686,25.33,50.484263000514034,20.383766907508623,122.9552108929585
687,47.99999999999999,39.6728630427512,15.893298497028692,96.9253275128811
688,32.42000000000001,50.51062651197704,20.394716878453778,123.0186845533126
689,27.459999999999997,43.62567606731151,17.5350823630096,106.44225061761529
690,43.78999999999999,39.73787180116674,15.920299604860237,97.08184474532564
691,65.49999999999999,46.179638129919084,18.595859506442245,112.59125397578667
692,29.58,54.20807878124497,21.93043775449846,131.92079267515123
693,22.209999999999997,40.94428362978807,16.42137756216618,99.98644168282134
694,37.83,32.06597194279822,12.73380903962746,78.6107254270937
695,45.62,39.193993897686795,15.694402259994998,95.77238635363796
696,20.499999999999996,45.467153378424356,18.2999320334013,110.87585217177008
697,73.58000000000003,32.87813491180974,13.07113743102502,80.56611579758938
698,39.92000000000001,50.07249008650883,20.2127388010788,121.96381283419603
699,35.75,43.69171890596787,17.60041609517619,106.38199234629145
700,74.11999999999999,39.99707942496726,16.307265817927455,96.11300092450685
701,72.83000000000003,38.53305473003827,15.892303296018252,91.51920172760511
702,73.75000000000001,44.695440961408224,18.727242291728256,104.84719819318515
703,72.46,38.187932326987564,16.105430468980487,88.77815804457138
704,73.29000000000002,42.907157105180715,18.34580948459624,98.65147473379326
705,66.5,50.50628740377606,21.988338652184012,114.40188624584842
706,23.709999999999997,52.917226444151375,23.50925756058133,117.61099016338154
707,18.379999999999995,43.894781205191094,19.55661441015858,97.04831375666357
708,18.419999999999998,40.47686295208422,18.00504420664981,89.51966107734904
709,40.49999999999999,39.60999759527799,17.61903252318746,87.57452193795064
710,26.25,37.13203586735918,16.519367882877177,81.99683921876587
711,27.580000000000002,34.181363870501656,15.27286191103876,75.06089024506633
712,32.120000000000005,34.14301462653803,15.371334090616593,74.43865821838781
713,27.330000000000002,34.73311430377381,15.74733272106426,75.2423174551597
714,19.33,33.35665791021451,15.185307479874357,71.92910216424681
715,22.669999999999998,29.38363628320509,13.37638737353639,63.214001042391985
716,15.5,27.88394925885647,12.717708478190314,59.81792203957498
717,15.579999999999998,23.452697399418692,10.649961782345967,50.32501044026009
718,27.83,20.940984668294764,9.481433003811667,44.92948388252618
719,28.500000000000004,28.11385561523895,12.939784856147256,59.80557178837614
720,15.290000000000003,29.925689869809467,13.836066527396092,63.464411247925014
721,26.25,22.524777165864755,10.304242576443633,47.95641056543027
722,44.79,26.439940360251573,12.332994324817623,55.47271037779149
723,58.999999999999986,36.429122680769765,17.42225275228932,75.04603212698946
724,25.000000000000004,45.618038442029295,22.197295706261816,92.68512328770642
725,26.38,31.419027613412368,15.282499756059881,63.54742006110236
726,44.67000000000001,29.57240104375887,14.476855114387305,59.39157817737507
727,59.579999999999984,37.14772241588659,18.441915217605203,73.85109924776178
728,25.42,46.49548445247363,23.377825662674017,91.5357771685583
729,25.25,24.0891691676742,11.955086190718978,47.58836137849267
730,31.379999999999995,29.76762290277227,14.992272555126263,58.19400234232209
731,21.130000000000003,32.68806481370962,16.608614381909593,63.450597092900054
732,20.619999999999997,23.217188846969083,11.718643528057145,45.111225175547574
733,35.879999999999995,25.48796841441167,13.00322473722625,49.10363569026354
734,20.42,36.996867347798315,19.200410381629197,70.47191076668312
735,25.08,22.11915578533477,11.365703084659696,42.224017313633205
736,21.42,30.15958655889341,15.7524297804801,56.95695593080383
737,53.38000000000001,24.704344913394124,12.880210260680624,46.601105099854
738,50.25000000000001,25.59475498892503,13.395838797875628,48.13093310167692
739,27.210000000000004,30.12109048252269,15.837784861232663,56.520765397786455
740,33.04,26.664323657656997,13.961357493042003,50.15276496745175
741,28.54,31.135528029312958,16.373369564866913,58.44109793249939
742,22.46,27.11678407449995,14.196192507214075,51.02313318397061
743,38.71000000000001,26.135992362932473,13.662390912354741,49.221146463954945
744,70.96000000000001,33.11544102103215,17.4296262801229,62.15175893256159
745,42.42,40.274043476066275,21.29271896299564,75.41717763059673
746,55.24999999999999,29.547535423887002,15.543823472194454,55.404852363300336
747,62.540000000000006,40.28263920293439,21.373548856767666,75.17281954106008
748,71.49999999999999,38.699433868759606,20.528476225794254,72.20745941190609
749,26.419999999999998,44.683171342700554,23.791025015824623,83.18176104434535
750,51.830000000000005,27.472257468866704,14.486611440349128,51.34647027181824
751,81.45999999999997,41.92760764177961,22.35525522792154,77.90213486699588
752,93.07999999999998,44.98671403190622,24.025152185223252,83.50609418075973
753,70.49999999999997,52.34700318172106,28.001646817885632,97.12900509896069
754,49.92,48.00085527072378,25.616401107325284,89.21068654550747
755,68.83000000000001,42.09068777064276,22.416978346786813,78.29320961266572
756,31.879999999999995,56.980920976109246,30.574568251269834,105.47135918010927
757,27.879999999999995,42.89387761087932,22.98329328420137,79.33394200236958
758,56.17000000000001,33.58608016012206,17.951382123925033,62.11924549989729
759,57.17,42.97001936354442,23.151587103321425,79.05116163006063
760,31.789999999999992,46.215535423892184,24.987589021138735,84.78351703005086
761,28.959999999999997,39.81353409157996,21.503160527544953,73.02269396805876
762,53.459999999999994,34.85201011841357,18.796906599377614,63.927650341656815
763,26.209999999999997,48.28848931442592,26.250668640599667,88.14846130706974
764,70.92000000000003,35.95725428265717,19.437694728342187,65.82938865012454
765,42.879999999999995,51.50144124790494,28.00499224652032,94.03196241805219
766,100.58000000000001,43.46109548849511,23.542319621464383,79.54613592059192
767,51.92,54.15397739491705,29.385443178071245,99.11245202684303
768,102.07999999999996,48.96891695452685,26.483305846925848,89.85124895510673
769,85.38000000000001,58.18723806738286,31.507633938142185,106.76327667252113
770,129.92,61.32320502695937,33.18905362881909,112.60893246715393
771,97.61999999999999,79.12158419233003,42.856217111853105,145.37533002712237
772,129.61999999999998,77.2380343069954,41.745190816117365,142.20184084696035
773,128.33,90.53835702576079,48.932346857584655,166.81247696758024
774,65.04,97.95755339267342,52.906473318395285,180.65902480068448
775,84.78999999999999,76.65980413642222,41.2560990062016,141.72602820298985
776,101.16999999999996,76.73336077407927,41.25484606336958,142.00076654335143
777,60.580000000000005,81.80044555128913,43.97190932342681,151.44880385633545
778,93.88000000000002,70.59546094070204,37.8586563403676,130.91166422259008
779,109.28999999999996,76.41788796359415,40.99360906392953,141.72479813819493
780,50.32999999999999,83.94700935217018,45.05413486417134,155.685049434975
781,43.50000000000001,66.7120106428975,35.69425711534866,123.9491540567546
782,45.62,57.87629168715144,30.894288241204915,107.68459257078506
783,42.49999999999999,53.92428881970798,28.744109693279047,100.42100514887306
784,125.58000000000001,50.67067365463541,26.974678946064483,94.43839702580154
785,160.49999999999997,70.56083172305031,37.59624888611779,131.68006048993573
786,69.67,96.66982095269145,51.50812760126743,180.67461611601146
787,90.45999999999997,78.37942730542068,41.71044692025653,146.5304974237605
788,150.46000000000004,80.1694246311056,42.70434684405263,149.75103440977986
789,58.82999999999998,98.00295320970397,52.287025087274536,182.93942480725093
790,90.35000000000001,75.35940062925035,40.08665840361893,140.91365983525156
791,121.88000000000001,78.87509584168046,41.96699091826166,147.4867988045685
792,157.83,89.88539734012352,47.87875211024021,167.99276460745844
793,171.25,103.60706667612945,55.301901009260945,193.3564640345673
794,110.66999999999996,112.37063656518744,60.05879792363752,209.500397522895
795,104.82999999999996,99.93494616452499,53.4186251590956,186.21280310648834
796,86.75000000000003,93.796437114509,50.15494450189999,174.66951889218234
797,181.03999999999994,88.40016696752568,47.30335435530084,164.46241892504054
798,131.67000000000004,122.37306131165941,65.60003260226851,227.54211421049695
799,154.54000000000002,83.00378870531881,44.37873109832882,154.5053732453908
800,204.07999999999996,134.87529946143806,72.49386025969044,250.20597745852075
801,187.20999999999992,105.45341787386057,56.8496649680084,194.8927538006262
802,195.08000000000007,131.86361048004093,71.47789817498311,242.56030506255988
803,157.83,149.15978297407673,81.17935521525187,273.3749979999489
804,123.33000000000004,137.54874272834243,75.03434516341902,251.46162205181608
805,196.28999999999994,120.92012452244089,66.06578669684072,220.6408320200577
806,210.00000000000003,149.42377527174236,81.91016016788211,271.91362266320954
807,177.04000000000005,164.9311255490587,90.61254046992292,299.53896862533594
808,128.41999999999996,160.09870061554216,88.07268274206395,290.3664497472249
809,96.42,123.35564757154927,67.8413886847041,223.637058874081
810,130.04000000000002,102.50352523584763,56.357620001829204,185.77517888479505
811,140.46000000000006,131.49757981540705,72.48996104488174,237.8844463561304
812,230.6699999999999,128.25026410643136,70.94965517230325,231.1850011869554
813,119.96000000000004,179.35386961984608,99.70786004689496,321.9888736758569
814,164.62,99.94271387020582,55.51352680650216,179.3007538066072
815,172.71,142.4836724351363,79.81525352216083,253.7484955897348
816,170.79000000000005,147.95729475642128,83.32843500617393,262.11736556627545
817,91.03999999999999,149.1398092141519,84.76526168977391,261.83324817919487
818,180.54,118.35404851652665,67.70217899590013,206.34988475599155
819,219.99999999999991,143.73196604275694,82.91974418317288,248.61160449774098
820,248.92000000000004,159.5506858832194,92.6705861845446,274.1826778022794
821,212.45999999999992,181.12122187136364,105.84924349216928,309.4199746472634
822,239.41999999999993,166.31978427835713,97.63136469759714,282.8438897889243
823,218.7899999999999,179.05942067675204,105.56925192527152,303.2284185046367
824,78.66999999999999,178.98002143641241,105.88738249361693,302.0554903726443
825,260.75,128.6522197935683,76.19925596830127,216.74430189200217
826,267.3299999999999,165.3648938114951,97.79246079796286,279.15576967469116
827,114.33000000000004,164.15434261810853,96.84907586216336,277.75538573345636
828,207.5,155.97131242432218,91.81986712522745,264.46033394953304
829,219.32999999999993,173.86242858965258,102.2287940357125,295.20484495530513
830,192.25000000000006,168.24123521174158,98.77039117984167,286.0851297392046
831,237.83000000000007,173.29592221443656,101.62783913882323,295.01196668954105
832,203.92000000000004,177.39984819037477,103.93794081753255,302.28883515723936
833,294.17,173.17611668633026,101.89977775171481,293.8239567351696
834,292.96000000000004,177.14878430499823,104.63633025221662,299.4363108181982
835,295.29,181.23164589252374,107.38363892616702,305.396547428347
836,298.7900000000001,195.44781216669853,116.13864380510103,328.4535573528803
837,298.8300000000001,235.2675657417589,140.2432741859014,394.2213862450126
838,240.9200000000001,247.31900142516878,147.8308511841383,413.3114547702368
839,294.99999999999994,243.18652477077492,145.67501720847125,405.52498301656584
840,309.54,254.43749506879388,152.71909733706224,423.46459169578065
841,309.66999999999996,263.60509768125746,158.5953933442074,437.70851314549583
842,281.57999999999987,268.46020191974924,161.95253824003507,444.58250643311
843,218.74999999999991,266.29362075032856,161.00476693347835,440.01097175219087
844,189.70999999999995,247.45201301581858,149.87195409489718,408.14431805387665
845,95.46,226.9380458363378,137.6390560015966,373.7555287673777
846,244.7899999999999,171.20784534883842,103.88637231563197,281.7397053112654
847,272.79,200.70778886672917,121.99757711515821,329.78726462564475
848,236.33000000000007,196.0715031081808,119.35980226077108,321.6756492435343
849,261.96,246.89296639999822,150.60133556344917,404.3455239177085
850,172.07999999999996,216.67393467393524,132.35530704608598,354.3060083319968
851,241.5399999999999,217.59677652587015,133.12135263647252,355.278472951419
852,246.46000000000006,238.58338604157828,146.1850232173418,388.9866821530307
853,249.71000000000004,220.93608351570643,135.49120825977496,359.8703138779865
854,283.53999999999996,239.39038009054505,147.3359170272191,388.57210093272903
855,326.46,236.86332453273775,146.19441301154956,383.38253191938117
856,272.53999999999996,250.07790299120873,154.74773811938636,403.75780985108275
857,258.49999999999994,251.24511598285818,155.79348874735666,404.80510737744686
858,232.32999999999993,247.10702791651985,153.49076561113802,397.4516295071736
859,211.42000000000007,234.95989740148335,146.14521000530118,377.38182554303114
860,223.92000000000007,231.2305228848052,144.00234681519564,370.93202002505996
861,249.49999999999991,236.60012798900786,148.1617180046137,377.4739246476549
862,216.91999999999993,246.26658020301707,154.94729929860745,391.06040733172887
863,308.42,235.67826753919587,149.1205863628324,372.14404161709325
864,342.8300000000001,266.4168235476718,169.4392505565065,418.57329243605204
865,332.75,283.95081590875543,181.36225824593433,444.2509431944133
866,337.53999999999985,282.6986508627878,181.24186997490878,440.6379425455151
867,321.41999999999996,287.45978057086694,185.52662600441766,445.0974113423464
868,183.38000000000005,282.97064753018407,184.6973574420398,433.2513526821798
869,209.37999999999997,222.23605599369657,146.3811065913138,337.1324638429463
870,177.08,235.51490265896965,156.41981682342973,354.35106258271355
871,302.16999999999996,215.30272965697313,144.0363254852605,321.5872601261701
872,277.16999999999996,267.12599311923736,179.91955797635728,396.3674764094447
873,126.91999999999999,255.30843774841503,173.11414120989065,376.30430627022133
874,175.62000000000003,228.2763664465027,155.64491177797632,334.58480524039464
875,212.21000000000006,237.98494952431795,163.51972564629122,346.15476138060484
876,245.61999999999995,225.0113803919417,155.8908986361186,324.5838580231788
877,188.82999999999996,248.17559250699296,173.20072465062938,355.41915971207004
878,159.32999999999996,220.10722292751564,154.5116216905758,313.3713858761772
879,346.28999999999996,204.82550389987793,144.44283819413724,290.27689325679256
880,356.24999999999994,285.9623577252833,202.2673587715032,404.11863414244385
881,348.38000000000005,251.87910774023638,178.4931120448748,355.2690646062818
882,333.17,281.4759056752487,200.11111545418248,395.7589613674562
883,364.1700000000001,271.78760153419523,193.76831805751743,381.0594452574356
884,360.61999999999995,298.6685555827807,213.69619308765476,417.27124139274645
885,347.12000000000006,295.678682470885,212.6236176728736,411.0248575110474
886,187.4600000000001,296.3663818456041,214.03422294413184,410.2218224673932
887,189.04,208.60977700906943,150.80582261247562,288.42406728331287
888,182.20999999999998,232.3420340086576,168.21227888643426,320.7763225790505
889,293.0799999999999,214.86795695361562,155.71291097515888,296.35249348226716
890,108.53999999999996,282.2460302627276,204.7744885270956,388.8846462156548
891,237.54,177.25361300649158,128.47595013968956,244.40735569491645
892,136.00000000000003,231.88594345628198,168.13311518773082,319.66968434491963
893,163.12000000000003,196.09291956511547,142.08155209114003,270.49285407497683
894,321.04,195.2073620071832,141.42894152576014,269.2914765315103
895,326.6200000000001,250.1988974303936,181.33727327612542,345.0668514807039
896,211.6200000000001,271.0173898635469,196.43900709626715,373.76616944340276
897,286.2899999999999,235.43680059137841,170.606265823045,324.75943777910766
898,374.6700000000002,249.30477651944034,180.66518924304853,343.8788477831307
899,348.9600000000001,270.4754126764331,195.97120747441386,373.160775236213
900,285.79000000000013,278.9375933534965,202.0592074300539,384.9222005460713
901,320.28999999999996,265.43235296745206,192.22096940876185,366.3835139373543
902,366.42,273.19996445470684,197.81751889379876,377.1639612308208
903,365.71,294.5234693726362,213.24524781250693,406.6362105658858
904,350.12000000000006,303.88350396959305,220.00154943637025,419.6031642304831
905,323.8800000000001,309.1414568701692,223.7874491409798,426.9052217422737
906,362.67000000000013,299.64203754632604,216.88140177504832,413.8386874861635
907,362.5799999999999,312.24991461224624,226.00002307766408,431.2709208316143
908,361.8300000000001,318.53564811700755,230.538954951579,439.97560360375877
909,366.5400000000002,322.00635751788775,233.04004007301893,444.79169856757113
910,364.38000000000005,328.15050295998265,237.4799138560108,453.29424997286355
911,371.12000000000006,342.7467051974542,248.0446911896769,473.46021342455094
912,336.3799999999999,346.0567623370774,250.43370633174217,478.04633806326154
913,365.5400000000001,333.5908610003458,241.3950051988522,460.8537587980086
914,356.1699999999999,339.1126941554035,245.38884881910786,468.4881496466335
915,354.00000000000006,338.8249458136247,245.17490886256562,468.10139758273914
916,359.5400000000001,337.50433425142256,244.21359110593477,466.28724859910733
917,356.3300000000001,340.1413650261956,246.34211505600396,469.5119906716473
918,248.17000000000004,344.0670113492857,249.376178065535,474.5693742172293
919,353.9199999999999,302.27551919538496,218.9953682655221,417.08171357598934
920,358.33000000000015,316.80064861821546,229.68797856368428,436.80890920710425
921,361.9999999999999,326.562314238646,236.91072283173298,449.9971994211688
922,357.2099999999998,340.1219692562183,247.39970820268934,467.4554533143388
923,345.33000000000004,326.18127006839984,237.77174577338226,447.3260074882135
924,330.46000000000004,333.2717618066465,243.40176299693945,456.18823535130826
925,318.5399999999999,321.4757596106279,235.15129971823026,439.35588904456785
926,337.75000000000006,332.86729860305434,243.82314769189404,454.29752446766565
927,350.96,340.5607343397217,250.14002313772235,463.5366110311811
928,344.75000000000006,341.57430825835615,251.48981718841327,463.7995629507578
929,343.29,343.6528236334774,253.5398848818262,465.6678029404971
930,201.67000000000002,351.66234453739645,260.31766762877544,474.9369329412995
931,306.2500000000001,322.09246238919644,238.70292989377876,434.4921289404883
932,211.53999999999996,339.8030282113955,252.50688834911617,457.1599529481273
933,334.8799999999999,275.19913869467035,204.56810538877784,370.0982502436503
934,328.7499999999999,304.9214279599461,226.79980122617644,409.8340726431605
935,319.3300000000001,318.1288188702943,237.12759849747547,426.6833247223497
936,321.82999999999987,322.2077660678693,240.5965450985472,431.3872264148975
937,317.82999999999987,324.6752424158675,242.8058477011526,434.03617539413364
938,263.1699999999999,324.59027881075366,243.78955414270285,432.06190097582817
939,303.28999999999996,310.8772950822489,234.69020166725392,411.6919426423241
940,318.1199999999999,311.8592625493035,237.06740850708988,410.14791300792024
941,318.6200000000001,315.80803560445423,242.25480679015905,411.6016367279182
942,281.00000000000006,318.4278283199555,246.1525859607969,411.8386401807163
943,133.67000000000002,312.28234314200637,243.32665169463087,400.69922455783643
944,172.28999999999994,250.27838733640453,196.29505440685705,319.0324921078694
945,293.1199999999999,213.9719054539972,168.75789675033192,271.22839714189587
946,285.9199999999999,298.6447087527558,236.44039449072596,377.14522535688747
947,189.74999999999994,295.3176091571859,234.82759966489306,371.32336512519714
948,243.12000000000012,250.1381605810068,199.61143282310718,313.39073442850594
949,135.28999999999994,267.63890940634354,214.26668223199104,334.2440001340107
950,185.17,208.8328871341178,167.3554681521318,260.52901955790674
951,288.8800000000001,202.0654922222821,162.33081330762195,251.46671645363946
952,240.88000000000005,275.64625169894725,221.98382647134557,342.22286862770346
953,291.8800000000001,259.0167169492444,208.95631147705205,321.0131493901436
954,297.79,278.40288517759575,224.95438678297626,344.49438653096496
955,277.12000000000006,282.66865326521065,228.70165835414534,349.3148624257467
956,259.75,274.07220287286555,221.9861802795896,338.32469132597924
957,267.0800000000001,265.45429230004453,215.20247113411008,327.38611655404105
958,120.61999999999998,266.9490529986875,216.58845372314488,328.9655554988505
959,62.540000000000006,202.59829903661972,162.76462280979553,252.1210139246593
960,199.1699999999999,112.57668855544136,88.95452017581604,142.40206760046456
961,187.0,269.6326274219409,209.8176762618939,346.41877590148675
962,194.11999999999995,200.86889602652744,153.6508498791156,262.50357088126196
963,57.54000000000001,239.74880535810289,180.84010497628464,317.74149703616143
964,77.41999999999997,105.22341898699258,78.17886887137999,141.5053793028443
965,200.50000000000009,133.8770691198202,98.41481291701378,181.98906612174915
966,272.61999999999995,232.50417851078473,168.94463830528707,319.8350785627589
967,279.3299999999999,240.3411436436072,172.76769235563248,334.19204189003716
968,207.71,239.30791975445123,170.4477852748449,335.824976794755
969,183.42000000000004,198.7462558655933,140.40496275835926,281.15817856763607
970,277.6699999999999,195.68171818733364,137.318055667233,278.6720795597891
971,275.53999999999996,248.7580619854831,173.66019616333563,356.1454223514661
972,251.83000000000004,223.6363175725024,155.3435658450803,321.7601654073572
973,140.67,220.54456996228768,152.56700831681758,318.6128974428935
974,178.57999999999998,160.57430394338692,110.02147865926992,234.1459916590671
975,200.29,202.333711489325,137.67951573130262,297.13053506857455
976,238.33000000000007,195.38095683789675,132.09302095162386,288.76335447810965
977,228.04000000000008,219.99967237222754,147.97471942632737,326.84659958890023
978,183.24999999999994,206.76550949233342,138.4150566611133,308.6258608533006
979,237.25000000000009,185.17378512801602,124.10397214072461,276.0549781577217
980,237.54,223.38557885392035,149.96330833441567,332.5173861324996
981,180.70999999999995,207.20904212370965,139.66203444247122,307.19265051795225
982,225.92000000000004,183.79714306332679,124.2862122434811,271.57575652459366
983,101.62000000000005,221.15093333987718,150.06271279225834,325.6923800822125
984,37.92,132.67733291444188,89.84840710386742,195.6972223815448
985,120.61999999999998,75.64688595209743,50.789122185771795,112.43588920238196
986,110.88000000000002,203.56402269320347,136.13793981201604,304.1412281516487
987,181.03999999999994,129.98427764025567,86.07657599905214,196.03210412322989
988,170.62000000000003,193.10105562754052,127.11819421374861,293.0661162681497
989,232.75000000000003,161.28710244718783,105.4712969694175,246.3634150269535
990,70.21000000000001,195.85491297477398,127.48593197092472,300.60388898509956
991,42.74999999999999,107.14216714037408,68.55325854973306,167.14062428799735
992,62.67,87.24093901687647,55.04845713085012,137.9237762674166
993,112.00000000000003,105.19696603856165,65.74075411647334,167.97914542760262
994,215.75000000000006,142.51575818731627,88.38326814699505,229.43208505430638
995,170.00000000000009,201.3534359140743,124.0642598597437,326.40699119118665
996,187.28999999999994,154.2155980834913,94.3068447450678,251.78228392575838
997,204.11999999999998,180.42618382074068,109.78472284430454,296.1119061426562
998,203.0399999999999,187.49278978253435,114.74726269053853,305.95785778532246
999,82.03999999999998,184.59230727715817,113.51084601215362,299.79687400792875
1000,62.42,101.71940875511162,61.981885141375805,166.52875705951305
1001,61.24999999999997,93.89462869560309,56.80359460424272,154.78599595630376
1002,44.5,88.6516224457376,53.30613934141851,147.00192951707513
1003,45.459999999999994,66.33632424214167,39.25715373494696,111.63043066322756
1004,177.79,67.99457625850793,39.79116080070923,115.69811448484944
1005,129.37999999999997,191.33153584263948,110.63622166658656,330.35678659984865
1006,145.83,118.44980339881982,67.25634966227939,208.03924107593753
1007,88.49999999999999,142.2421776783012,80.49508034487812,250.77374363201753
1008,149.53999999999994,98.3511866044216,55.78831818790299,172.81494283817764
1009,66.33000000000001,144.82773847038337,83.38397114619393,251.0114782290108
1010,91.88000000000002,84.15566134752228,48.217311206668654,146.3360994688261
1011,172.07999999999996,108.41499442558778,62.174681137337,188.50061622196336
1012,114.66999999999999,142.82098696258956,82.93929378316982,245.42185272996278
1013,92.79000000000002,107.66271842804163,63.00279169040395,183.48548984062813
1014,140.54,102.96006997450803,60.71119053544825,174.1334896528439
1015,152.83000000000007,121.9061345644853,72.44176073382194,204.68567205697016
1016,29.749999999999996,124.10042543057416,74.17434302902703,207.1842795336126
1017,27.250000000000004,56.486132710213376,33.30834996624352,95.32219145565907
1018,30.789999999999996,61.05306811623672,35.30702556376474,105.05614761461722
1019,123.91999999999994,53.95297585929745,30.491760764538224,94.8926869275933
1020,133.07999999999996,132.85673717663647,74.10576607393264,237.56525303180283
1021,146.12000000000006,107.69902066136284,58.90483784547719,196.237443880861
1022,144.45999999999995,119.3074270632039,64.29823486463957,220.65801321539323
1023,22.209999999999997,116.88958690814523,62.16133125937814,219.03897676411896
1024,97.08000000000001,41.93876810396865,21.582858068865324,80.64324465326783
1025,16.96,108.85786784056893,55.661659035167126,211.9967835743289
1026,30.830000000000002,49.81549058348339,24.704732983922764,99.45675575992784
1027,33.58,55.568583721952486,27.146040314550383,112.69288996055589
1028,44.5,55.44439846286949,26.692624730528518,114.04760378755105
1029,21.499999999999996,61.672314093697146,29.38330988951071,128.27554529584148
1030,59.24999999999998,44.777303779840075,20.893824530539717,94.71473172394616
1031,11.879999999999999,60.42603830906248,28.041509754695753,128.9229349375105
1032,47.54,33.769862405815964,15.254942166153505,73.37389314350622
1033,123.61999999999996,46.028412764986626,20.808278428012464,100.41431449963017
1034,123.57999999999996,75.40945060853038,34.138624348992316,165.15346361630895
1035,115.45999999999997,86.40046997514595,38.90906653665055,190.406184478438
1036,47.49999999999999,92.77805712178746,41.56387293038943,205.6147507751421
1037,27.83,64.86716839732028,28.742925978382175,144.86607504030556
1038,16.29,48.887787794966144,21.422482516080816,109.99535340436445
1039,26.670000000000005,36.107672699382476,15.612374146998686,81.8887768226236
1040,14.96,40.89796191277325,17.699563182797778,92.87594754400855
1041,20.42,30.29621169242276,12.927286382417071,69.32618123897268
1042,38.88,32.01381906456088,13.655351778920169,73.36957267687436
1043,17.920000000000005,43.355756819338616,18.64885999527128,99.1296341614622
1044,59.16999999999998,31.667482914476743,13.411622370183743,73.04887614703877
1045,33.04,49.17169160895805,21.056383604644612,113.12562839060898
1046,30.169999999999995,41.58302062632544,17.664597729284168,96.15257044179559
1047,49.669999999999995,38.74733510804649,16.3776402246573,89.91284131603088
1048,27.119999999999997,42.95782483298704,18.177169327363764,99.75993651943206
1049,16.459999999999997,36.42938796907268,15.299216544751669,84.95254133183909
1050,47.46,29.50456640248409,12.263058979913227,69.15942346428811
1051,74.70999999999997,39.79813080131161,16.715165963125763,92.95833379972687
1052,30.04,50.24301551843291,21.225515137764123,117.14559181850827
1053,54.499999999999986,38.768204824373335,16.272393598512284,90.56288072832767
1054,21.960000000000004,40.044995974309394,16.84786331853834,93.39178597816844
1055,53.96000000000002,33.787346914700876,14.141900075777166,78.92124497635986
1056,78.92000000000002,38.912695055167866,16.387543010162734,90.61865052674352
1057,40.79,45.14162360371432,19.115596557863743,104.84073023449767
1058,31.789999999999992,39.354173823705096,16.60331474045415,91.50867629216705
1059,31.17,36.23792147556562,15.252399239629021,84.32049793849654
1060,32.96000000000001,35.6888951046636,15.019864253433152,83.0253701720685
1061,32.71000000000001,35.654544466140564,15.010885480536604,82.91513584014758
1062,16.67,43.314536686783235,18.362996403427633,100.41912547257563
1063,41.57999999999999,25.759522123564444,10.668329746959918,60.368853967132814
1064,18.709999999999997,37.673512716390235,15.833807303128296,87.84743414799907
1065,22.46,28.44781876648619,11.828873077434386,66.59549532290174
1066,53.75,29.82685839097887,12.439289010787354,69.71022860619253
1067,37.96000000000001,31.962410616717214,13.379073150579329,74.56262509321027
1068,14.419999999999996,32.670295528238626,13.695488349959895,76.14536420710513
1069,71.83,28.397516476722966,11.836278425770356,66.32589823419423
1070,44.57999999999999,32.31571932810659,13.518653790890694,75.4490406848583
1071,29.920000000000005,31.918955573562805,13.321864831698326,74.66456245668245
1072,30.119999999999997,33.53530866536625,14.038890323091135,78.30688494887387
1073,45.21000000000001,35.3179972894598,14.870387454641348,82.110568717178
1074,32.03999999999999,33.44458634572202,14.174766828341319,77.18436632001831
1075,23.419999999999998,35.06082066674869,14.997118505755997,80.28856373049383
1076,49.28999999999999,37.714107773138494,16.275465086052222,85.75784606692073
1077,51.00000000000001,33.64524934938365,14.537293574599225,76.2524054281396
1078,30.420000000000005,32.66904534308058,14.251231093783643,73.32872843796001
1079,39.46,35.02450973185851,15.457476150109152,77.8556695804272
1080,38.79,34.44470724082015,15.430438641855854,75.46340422020184
1081,67.11999999999999,35.322272417488634,16.04721714871344,76.39136904640321
1082,18.88,34.29534691426053,15.786063641021961,73.21403495418637
1083,60.75000000000001,40.60867289139355,19.01260224855616,85.50957223256135
1084,38.25,31.834084390597432,14.944087003484718,66.61610730882558
1085,53.17,34.58523290040187,16.453069530243027,71.55507682368183
1086,29.749999999999996,32.846337156343374,15.820289112295722,67.10670918037007
1087,17.17,37.18039548350289,18.214624737272086,74.86630596271772
1088,23.999999999999996,42.77060728128897,21.233887742026578,85.16873863905725
1089,22.12,38.21924294711035,19.10828762332339,75.49328705445717
1090,37.50000000000001,36.059956987399104,18.152143296090028,70.71209982478898
1091,52.74999999999999,33.199488015590546,16.79316379779009,64.73339029643431
1092,57.50000000000001,31.520588835430146,16.05869665506213,60.99703996080306
1093,71.75000000000001,32.616217771927516,16.794308087806346,62.50626794328849
1094,39.62,29.679967375016712,15.314031473734907,56.6963701245453
1095,72.08000000000001,36.21706417679721,18.866736757083892,68.72004929022643
1096,29.170000000000005,34.19670810177386,17.79701478821901,64.9045212848316
1097,31.540000000000006,38.648202472637486,20.182752325895173,73.21037337955214
1098,21.790000000000003,38.229393756406495,20.025224100669693,72.19519293238675
1099,37.17000000000001,41.399439758716206,21.785249225329377,77.89808332026341
1100,41.96,32.81086623682769,17.26917100825779,61.573976409106486
1101,21.29,41.15601685425191,21.884196037449485,76.65751325096748
1102,22.539999999999996,37.13677490131479,19.698536784336948,69.2664934737871
1103,58.88000000000001,33.05396928802574,17.479706754414316,61.7538542511117
1104,74.08000000000003,33.760620854292405,17.86065475118818,63.06462437894679
1105,61.50000000000002,41.451555503923124,22.031035686142722,77.24809050106988
1106,19.71,42.1614670184409,22.413917518399128,78.56431185511984
1107,22.419999999999998,34.6354447931234,18.266810893863806,64.91048890235308
1108,72.46,34.17220173772674,17.962452500098273,64.23859585530599
1109,38.54,35.46478796599313,18.53727550277361,67.05865849698795
1110,21.29,35.00895620906901,18.19118954385271,66.56459386239497
1111,36.08,34.64556648448735,17.984520219129152,65.92854996249639
1112,41.120000000000005,37.62200336996521,19.55778093775311,71.55934620697623
1113,55.50000000000001,37.579150373667744,19.591779807297296,71.27888300488857
1114,35.83,40.75694314692879,21.340338354609756,77.04905517986737
1115,28.709999999999997,34.89219381742073,18.24101157068134,65.95331855578095
1116,73.75000000000001,35.10038870474539,18.385481639635074,66.22753083261755
1117,64.58000000000003,48.37177884283915,25.55032187049886,90.80952901421155
1118,74.75000000000003,39.87462841787038,21.107943417318793,74.57171722224358
1119,65.57999999999998,48.498592067355204,25.810798714755634,90.38521543940405
1120,61.16999999999998,43.98462696906858,23.395518440874913,81.95034468936164
1121,74.46000000000002,46.24218952253723,24.646352964055996,86.02307396343193
1122,96.95999999999998,50.83018345992777,27.16180988162402,94.39045710420277
1123,90.70999999999995,58.15712330500417,31.075121859288693,108.10528268842793
1124,66.12000000000003,56.34239999580713,30.0354515133567,104.94821975971654
1125,37.17000000000001,50.486479831435425,26.823591978526068,94.27373775027714
1126,61.16999999999998,37.706536877229475,19.890144170477956,70.71783903461916
1127,98.54000000000005,62.86675100295271,33.43130636717906,117.46666054940478
1128,99.49999999999999,59.565293650571775,31.62089160557528,111.44802377973815
1129,58.000000000000014,69.91609680648047,37.16551687756899,130.77059287311414
1130,44.620000000000005,42.39584878635847,22.405726242066244,79.45893011018329
1131,60.00000000000001,50.51667441787071,26.837307200524396,94.33852265088701
1132,59.74999999999998,56.724986868782054,30.24121336459043,105.65956120570624
1133,114.21000000000002,52.53910877382546,28.014636795095196,97.79276409829377
1134,88.08000000000003,88.93434426724887,47.620788909893584,165.35242784253174
1135,97.32999999999998,52.366634423493934,27.79215074380899,97.91576683632209
1136,86.38,84.9480652805145,45.38752341059777,158.24691344431463
1137,130.28999999999996,57.55611974928269,30.613606432646765,107.46023427910646
1138,132.58000000000007,97.52715196928945,52.095137103286355,181.83406362234632
1139,110.42000000000004,93.20986998938294,49.688883730277425,174.0975549322451
1140,41.169999999999995,87.54356234824672,46.57657708566938,163.78618079650246
1141,80.24999999999997,43.93233450306607,23.085980953527443,82.82115255304757
1142,111.53999999999996,75.658860704203,40.060973392981204,142.11840267943853
1143,62.67,85.60255125190805,45.356417152503084,160.7899385680713
1144,113.83000000000001,61.90749928254137,32.725325798750596,116.34070382589306
1145,46.580000000000005,91.96207520764527,48.90371938960023,172.17241144780982
1146,70.33,59.13331839382325,31.248575703176463,111.1294786577736
1147,109.67000000000002,73.83373864865403,39.09828824889881,138.65903994140814
1148,164.03999999999994,78.56937246227737,41.60517887966516,147.60364867667428
1149,143.25,94.66946797365503,50.13131157495898,178.00278362592638
1150,162.79,93.29584648194006,49.38037892480011,175.49146063426284
1151,123.28999999999995,105.9535693567465,56.12696439110657,199.2393461664348
1152,168.92,94.9821914892196,50.254496833367085,178.74190855924581
1153,65.49999999999999,115.72945774136244,61.45281472958963,217.1769767077727
1154,58.000000000000014,77.27750440894195,40.94828601034319,145.06956038635525
1155,83.87999999999997,74.28094017034319,39.44194732845245,139.13222229147425
1156,109.74999999999999,85.39582621697589,45.510295268265345,159.485732130083
1157,71.87999999999998,94.2248995242896,50.42695130766539,175.32352801087515
1158,83.03999999999999,81.87004547442196,43.8760028359312,152.03155368004727
1159,160.46,87.26068224836013,46.90532085543424,161.61133193229244
1160,168.92,109.28644355867394,58.93191674265568,201.94861726262226
1161,157.88000000000002,114.69656708376573,61.93585495234367,211.68791287739285
1162,113.67000000000002,114.47354329845865,61.86885335383478,211.09451883676945
1163,157.16999999999996,100.4567832473827,54.27811333329733,185.21255766893213
1164,197.61999999999992,114.92265468990465,62.19921097434343,211.63021583940713
1165,138.54,131.95816944756473,71.58037980259847,242.56272137080282
1166,94.96000000000001,114.90772118584844,62.342225383910126,211.09548210645866
1167,47.28999999999999,99.9362992976792,54.32917060982546,183.13680168380193
1168,49.24999999999999,74.94212346850229,40.64816520212418,137.47443432180538
1169,51.07999999999999,76.24611305003404,41.3804119259657,139.79528041780992
1170,123.49999999999996,73.09016250598755,39.66288392485783,133.99662715284984
1171,154.79,112.60124917934796,61.49828022472726,205.4895828925927
1172,97.87999999999995,122.16067526044918,66.89647888338135,222.40704820147226
1173,73.41999999999999,97.09636800438723,53.17324057322663,176.6319325524708
1174,169.92000000000002,86.59046896871588,47.44310042007011,157.37322936871755
1175,89.92000000000003,139.93578367380675,76.87937614050112,254.0469213301822
1176,74.92,87.02136576868847,47.6039410725035,158.4060205987771
1177,94.08,89.44649455164402,48.91200162066958,162.89982591467202
1178,223.11999999999995,102.30323814748917,55.97673610509102,186.29677656638054
1179,219.75000000000009,163.78493785625784,89.7769596565676,298.1296012448705
1180,197.75,146.30082772592945,80.06187089785944,266.6663344728811
1181,201.29000000000005,147.01177524141,80.38193676389652,268.19346578923506
1182,189.12,152.54822788333198,83.42754696309127,278.25788601223604
1183,234.92000000000002,145.36893454465044,79.48125528031261,265.19695387600257
1184,46.83,183.11548452167014,100.45238138655976,333.1322419183763
1185,179.16999999999993,54.8068469277488,29.741566812150314,100.30922028301586
1186,180.83000000000007,137.56594711285177,75.31002966265514,250.612032968165
1187,143.71000000000004,136.55720543751352,74.73769049060216,248.83577720958124
1188,159.20999999999995,127.14054101812238,69.5396550718617,231.77684354551155
1189,116.03999999999999,134.85657659388116,73.93391155215424,245.3105024347082
1190,134.25000000000003,119.54445702767387,65.76040251179795,216.65845581186824
1191,255.6699999999999,129.78194075205934,71.68208031347973,234.32507535702774
1192,241.87999999999988,168.441333178692,93.1373568828106,303.9837635139191
1193,183.03999999999996,164.91211630037265,91.45341822290439,296.7372915396316
1194,187.5,147.52468827108413,82.09153949914442,264.4853088412192
1195,174.42,154.04079377104304,86.02828646067684,275.204998520985
1196,235.87999999999988,150.23302401171264,84.1331954940119,267.6546348813605
1197,253.03999999999988,173.37297593018496,97.57137623307723,307.46616834132885
1198,297.92000000000013,193.57620557673812,109.38442792085199,341.9822529296199
1199,270.6699999999999,225.66652186648832,128.28891832163245,396.38682016999115
1200,240.38000000000002,226.81081628453904,129.54213938869933,396.5556725150519
1201,247.08,217.847518842217,125.43456298092383,377.80651757083785
1202,121.96000000000001,210.59892162388212,122.77350092943652,360.74224124043803
1203,189.12,160.72319464996423,94.08098227965401,274.0748999507012
1204,167.16999999999996,170.5304631863932,100.28349121335127,289.49847560013876
1205,242.42000000000002,167.7735140270533,99.02218599542444,283.78180869135366
1206,106.08000000000004,191.13880610451687,113.22537332727724,322.1971998506325
1207,270.04000000000013,152.46915838585085,90.09090932667128,257.5634807003201
1208,233.42,182.74385752378524,107.91237265472368,308.99053968600504
1209,287.62,179.87396276573025,106.0876374017462,304.5010942471806
1210,226.28999999999996,200.88963227652434,118.4129315845143,340.33173920031265
1211,143.07999999999998,200.16979968186791,117.88801548707247,339.3983836238176
1212,225.25000000000006,188.48343001851077,110.90224261750441,319.8512127348872
1213,211.42000000000007,191.7265915553263,113.23345630408518,324.1546464081316
1214,232.32999999999993,192.64809456694735,114.13607221742527,324.6979659562679
1215,166.79,195.80823134926106,116.32375915386405,329.1418246923652
1216,147.46000000000006,188.64445127373662,112.80097854514158,315.0343466172426
1217,222.57999999999998,184.4974257858218,110.93796733410375,306.3961033298405
1218,263.7900000000001,198.4911987567198,119.95724637396991,328.01491704226964
1219,201.37999999999994,208.12439132447145,126.56988967140028,341.81609210041603
1220,86.75000000000003,200.6654598405437,122.65595868969902,327.88797372678334
1221,145.61999999999995,181.01001388824608,110.86798951053446,295.13158599297026
1222,95.75,222.0350321584139,136.35883615104788,361.15089588559556
1223,143.99999999999997,164.04110603739045,100.81638383566055,266.52636123877954
1224,140.17000000000004,170.566457914639,104.99579782829717,276.7001549538548
1225,187.95999999999998,166.33754371118968,102.51082379898965,269.5210190353797
1226,259.6199999999999,181.97440736606544,112.30222006928165,294.4896535168583
1227,197.38,204.8819287907682,126.85880745546909,330.51700259186055
1228,196.61999999999992,197.9731338154921,122.87439871635485,318.60040485048756
1229,171.53999999999996,194.75685324269827,121.12865885320083,312.7735724875601
1230,189.08000000000004,186.6408228457228,116.27472167778654,299.22734562489273
1231,202.8300000000001,193.6856424504584,120.86275882914647,310.02610625685605
1232,251.75,187.52529613772035,117.49468691479878,298.9441427223716
1233,88.75000000000004,193.38495215628308,122.2126373992857,305.6691081561047
1234,216.96000000000006,187.58831114158434,119.3985464975545,294.3985088180232
1235,156.28999999999996,184.32816883921538,118.04048538045956,287.52814280388253
1236,227.07999999999993,181.50260249715822,116.83439618331097,281.6610989411008
1237,286.21000000000004,174.03378093393783,112.51080215454309,268.90228142620475
1238,218.17,193.78614231834737,125.17078483383821,299.7165350459781
1239,266.00000000000006,199.5924088608349,128.8009456986403,308.9924601937153
1240,164.70999999999995,205.1332515832015,132.93055392148776,316.2608203589773
1241,234.49999999999997,185.96112191793245,120.89501005615739,285.75875323123057
1242,130.75,191.35120037304623,124.77869434569918,293.1593922358672
1243,210.12000000000003,181.85525493712072,118.85337590130646,277.9745721109466
1244,222.71000000000004,180.75752926026288,118.37442250970865,275.7410199627021
1245,183.96000000000004,188.7250806074624,124.41065260889707,286.0219192923205
1246,292.50000000000006,184.76389495154768,122.53938503379035,278.329742965217
1247,274.4599999999999,196.0398585559597,130.7156841277811,293.76144862207656
1248,249.79000000000002,204.7338451077445,137.13143840933594,305.42130068455634
1249,200.08000000000004,209.92339210281023,141.14428943966251,311.9825159458158
1250,156.08000000000007,198.81453061350965,134.08493980736662,294.56104996776185
1251,155.28999999999994,185.04036072090386,125.34508125577483,272.9403502942626
1252,159.70999999999998,173.43306668821245,117.92018797689335,254.8597936303837
1253,265.8299999999999,179.17556152706928,122.23864627968831,262.4176368500502
1254,269.61999999999995,197.43398897182172,134.95695024875766,288.6214419875079
1255,159.70999999999998,200.71200961022015,137.86521541101328,292.00163255834786
1256,237.12000000000006,203.88994642041615,140.87640044030968,294.8905780938727
1257,184.62000000000006,196.24528355003773,136.26024410823925,282.4447959458307
1258,224.50000000000003,207.53434669457772,144.94998922897037,296.95530634203334
1259,140.58000000000004,197.00862418053893,138.2597655923791,280.54158584922607
1260,70.79000000000003,212.24893392442794,149.5834207549015,300.99279304408293
1261,206.17000000000004,185.61812049562647,131.0288657781948,262.7780964946523
1262,287.2899999999999,193.90823134520687,137.11674489330414,274.05150570601364
1263,238.87999999999994,199.37088657635888,140.94557338474584,281.8442707302532
1264,249.24999999999991,213.9809118600323,151.2570994808796,302.54441679072494
1265,154.07999999999998,200.17266684859706,141.44705662595166,283.1086565463195
1266,220.04000000000002,190.68954496670068,134.7074718849289,269.76535388337373
1267,256.82999999999987,216.32981869276153,152.8357786670477,306.0303313200959
1268,291.2099999999999,201.44432847357368,142.28028881959784,285.0386901000611
1269,372.38000000000005,218.9889557098826,154.6800956669805,309.8627369927113
1270,306.4999999999999,215.75284812513388,152.0241930074142,306.0220221196072
1271,280.79000000000013,238.8442146469152,168.22590909532684,338.9316783530524
1272,373.37999999999994,211.15560669902868,148.6142973141872,299.8402422885614
1273,358.33000000000015,279.35718436837567,196.34239335751747,397.29328858177263
1274,317.9199999999999,236.64628851727235,166.013407659606,337.1510457001108
1275,207.25000000000006,258.2700541176293,181.0085310387767,368.3286275017354
1276,257.38,191.56322269813026,134.05291237587116,273.56345874785154
1277,345.2099999999999,275.7602311607891,192.948681728585,393.9303747233685
1278,339.58000000000004,251.54034513154892,175.8555019067727,359.61431638570645
1279,184.79000000000005,276.21936816498555,193.02618035900073,395.08354884685923
1280,157.03999999999994,177.93616967756554,123.91800338847823,255.31335716523074
1281,297.46,217.6849776558658,151.33596956451353,312.9318940172804
1282,231.16999999999993,272.3112338889588,189.43010060385706,391.26482753006616
1283,260.46000000000004,202.14338769817388,140.56673559583797,290.50376175449395
1284,257.16999999999996,272.63322201134514,189.71976479351986,391.5924524360264
1285,311.5399999999999,219.5396962472854,152.73464478655097,315.37473575572244
1286,296.79,296.68166168725503,206.86910857945114,425.29889698601096
1287,356.66999999999985,220.9481778817184,154.2134733658975,316.37575737956666
1288,361.92000000000013,310.8148752126054,216.97923209219468,445.04486157071017
1289,276.71,262.8827936163085,183.41394091705698,376.5968802600791
1290,354.00000000000006,251.737968321133,175.57852897102705,360.7454568418953
1291,338.54,280.5071655221215,195.95290455575298,401.36159207221164
1292,354.88,283.94689560718274,198.5958777948012,405.7956423410942
1293,357.17000000000013,303.46079579029964,212.4796649534502,433.2164214726271
1294,238.71000000000006,307.487834177962,215.4886079318351,438.58314825403613
1295,344.17,251.48622605924123,176.42874446047708,358.29518942089265
1296,356.08,331.28409839657763,232.77428457279098,471.3048227866439
1297,329.5000000000001,284.5677509439232,200.10464213260542,404.50501228807235
1298,330.62000000000006,314.396353833332,221.29592196054654,446.48846102995685
1299,340.8299999999998,292.0158462819259,205.66814615366783,414.44034613090986
1300,333.7900000000001,315.8434480034258,222.60866797573027,447.9529473588901
1301,317.0,307.5595934924724,216.8738987149706,435.99141245365615
1302,338.25,303.15482023052124,214.08483591342156,429.1100738998585
1303,337.53999999999985,313.38260717056147,221.60001910379953,443.009053050762
1304,318.24999999999994,311.1412109554917,220.25171943852828,439.36781193843314
1305,325.49999999999994,303.40030069757233,214.9628994711945,428.0530609269373
1306,336.2099999999998,308.2867506171189,218.60091124576874,434.6006246269119
1307,339.2499999999999,311.20494923615564,220.81991912282814,438.4191951426034
1308,223.75000000000009,314.075501483654,223.29177748803878,441.6045963297525
1309,315.2100000000001,266.093552660956,189.48037986692668,373.52133349844036
1310,330.3300000000001,296.88648788961194,211.7686097878652,416.0556914183909
1311,236.03999999999994,304.41774935061216,217.95098276171535,425.03143608590284
1312,288.9599999999999,282.68766504271184,203.00911529494422,393.4857619770301
1313,315.62,297.8456473308173,214.48104539672607,413.4620737482842
1314,322.53999999999996,303.29062152160526,218.90280687977238,420.06230320483417
1315,324.2500000000001,314.2316611135928,227.2470076251779,434.3660589128943
1316,199.04000000000005,317.9620787117391,230.32491595320462,438.80047387845707
1317,182.0800000000001,328.5707852798719,238.35028566648415,452.7989257357335
1318,292.25000000000006,289.3981276418348,210.1497910826075,398.38979861405966
1319,165.00000000000006,317.9615055054888,231.35190698675638,436.8549903622126
1320,273.00000000000006,237.71561335904576,173.02113062386158,326.46106094757033
1321,310.03999999999996,253.38228215592216,184.71650280985477,347.4361620846838
1322,304.53999999999996,271.07365970156786,197.88234939483846,371.2003311437434
1323,292.42000000000013,284.31137229666933,207.78198173759367,388.89274114716943
1324,300.4599999999999,288.83292503126023,211.28348754571823,394.71200475065154
1325,286.54000000000013,293.11919244009704,214.58931668115295,400.25410986646216
1326,217.17000000000007,292.021463593278,213.9257123667526,398.49421212028454
1327,128.71000000000006,273.56059901615333,200.54707670292515,373.0243905557717
1328,280.88,198.4157812890713,145.48554121222975,270.47152884881916
1329,155.71000000000006,259.7860775563857,190.4647106764281,354.2058131598979
1330,232.6199999999999,220.93577040900777,161.4833732652021,302.1417011920721
1331,196.11999999999992,233.2208101913578,170.0676116212933,319.6883372414345
1332,163.17,226.10460177122877,164.53309496557463,310.578178106285
1333,251.61999999999995,207.4207774855142,150.5447183600903,285.642919382046
1334,173.29000000000002,228.23262882205614,165.64974207287935,314.31760843464383
1335,263.7900000000001,213.46309939040742,154.89060553731304,294.04292989054323
1336,271.49999999999994,233.39127527414826,169.71860654598106,320.8118460324024
1337,273.2499999999999,247.50624438013872,180.30841582503933,339.6094152602077
1338,231.45999999999998,250.81623370123316,182.99009220326013,343.6458165009305
1339,242.61999999999998,247.11163348464302,181.02523480786803,337.1914751292327
1340,249.16999999999996,244.482531722372,179.72272264308515,332.4482377173899
1341,165.04000000000005,246.7781606438208,181.95181936455594,334.574781957753
1342,245.28999999999988,228.34622370306252,168.28418995663586,309.71826814027486
1343,234.20999999999998,234.6816368080085,172.90977174910017,318.3945536806182
1344,253.03999999999988,236.40235604631408,174.6361441312141,319.8899793099283
1345,186.28999999999996,238.7507489313116,176.76648186505275,322.347916941731
1346,242.7100000000001,235.54663632118005,174.7209578736897,317.4270779760103
1347,229.67,230.94256157976173,171.57647047897,310.730514147566
1348,246.71000000000012,230.1837121759826,171.24576881682034,309.2886598759133
1349,198.58,226.98686547993424,169.06025404796836,304.64467354438005
1350,125.82999999999996,229.3014412593876,170.95549881408704,307.44465115648916
1351,201.78999999999996,209.31778979813603,155.5515433446662,281.54957926660387
1352,64.12000000000002,210.73366554270038,156.19325332807594,284.197641597134
1353,173.74999999999994,142.52634888012025,105.00314561865069,193.3320898887888
1354,83.87999999999997,174.10338598527466,127.7547678956175,237.1363912547717
1355,187.24999999999994,135.4220727963045,98.78213244960617,185.51617768781867
1356,167.58000000000007,164.07285583813044,119.19551394273005,225.70602954066686
1357,211.25000000000006,169.4132201873747,122.70881115264206,233.7501794257638
1358,222.16999999999993,182.52955295637688,131.88788818847877,252.4700285145161
1359,214.8799999999999,193.65489415766763,139.6353366144366,268.42394942611617
1360,93.74999999999999,202.1833177080206,145.52423172415288,280.7517628931088
1361,138.49999999999994,167.60263436452848,119.64733672757305,234.61936040783016
1362,200.91999999999993,163.3897097758806,115.85981467358584,230.25123684032815
1363,200.29,177.13811365413102,124.92559676849,250.99950090046036
1364,204.28999999999996,185.3715207332233,130.11981592535574,263.90537296199335
1365,189.17,191.779846855051,134.9169877497587,272.4321144747625
1366,156.70999999999995,191.08039567679765,134.95288327099107,270.37988923569657
1367,49.46000000000001,183.0269533299608,129.6851068132301,258.14138479687193
1368,103.41999999999999,127.43753088379438,90.46606533328568,179.3532192996002
1369,184.95999999999995,129.8104311515345,92.37923380551847,182.24597665566955
1370,185.67,165.10106088684387,117.5648049961579,231.69605536507274
1371,182.96000000000006,173.99870003251297,123.91003936789002,244.17280731033017
1372,181.54,173.85399101461954,123.80165342419787,243.9800730589733
1373,171.61999999999995,171.9158419760286,122.4140203799993,241.27302792839345
1374,170.75000000000009,170.62068066484994,121.48602040057106,239.46546647154418
1375,145.67000000000004,168.27072472189914,119.80582283530876,236.17878472578454
1376,161.87999999999997,161.446940413557,115.1760845313184,226.14665032984365
1377,169.29000000000002,161.75388370739785,115.96313802435338,225.4715799291041
1378,121.00000000000003,162.95635654337423,118.02088691582895,224.85688569090112
1379,162.87999999999994,153.54419064213494,111.75088850459267,210.82899024569267
1380,159.70999999999998,156.70224475725874,114.54513755449032,214.24054172984833
1381,160.04000000000005,154.43712351145373,113.70606983463273,209.63139379063776
1382,143.78999999999994,153.45194884371494,113.676707258606,207.02310313833402
1383,154.79,153.12124162445517,114.49662625461623,204.66277899320286
1384,155.08000000000007,152.1709128887188,114.69226686308477,201.7908104085179
1385,155.32999999999998,156.23111027365096,118.55687565318077,205.77708331555314
1386,150.17000000000004,155.54654386955812,118.71577992972432,203.7083551716365
1387,144.25000000000006,155.7302882605071,119.4375496135179,202.95950712255734
1388,60.61999999999997,153.81406880801464,118.45526807163596,199.63908681297934
1389,20.08,103.3117591235023,79.28437632018075,134.53001954010904
1390,43.120000000000005,38.40392373328785,29.26249227193315,50.3067196061305
1391,61.78999999999997,102.98168149078435,78.71304386600731,134.6389062726741
1392,28.460000000000004,78.92409351352563,59.85212606656236,103.97350112256562
1393,63.88000000000001,35.923073035857854,26.830128137041356,47.9869581519012
1394,24.880000000000003,118.0877892706208,86.62325725644881,160.85088294375228
1395,37.12,37.85488734731767,26.606276847537888,53.68692062716136
1396,44.92000000000001,43.019505242628796,29.35958724085401,62.8255331481679
1397,107.24999999999996,49.235183230956444,32.78188966985044,73.70196779726027
1398,57.46,88.63100753713174,57.61075755632464,136.0689929131355
1399,20.92,67.82328831116939,43.23331270137125,106.08320776109332
1400,29.209999999999994,35.65270529504325,21.7994919140289,57.923278225277585
1401,54.17000000000002,33.88980523805148,20.4915459956979,55.64080703141778
1402,35.879999999999995,50.84140661482076,30.66892860871104,83.86335212059977
1403,33.25,43.34756387131135,26.119185071622358,71.52085253026321
1404,63.42,39.55045102728741,23.819057654945702,65.25308266644711
1405,51.62,55.75842540605447,33.75553868215673,91.69080488251953
1406,20.829999999999995,55.662713155028506,33.71079212573788,91.49754515709687
1407,98.70999999999998,34.88652794604075,20.81957944692048,58.022351514832906
1408,108.33000000000003,60.15164071765358,35.16006751902949,102.41582355987134
1409,62.42,83.07719159439381,48.35459091832187,142.2282998373753
1410,83.62000000000002,71.3661244083523,41.217127410717616,123.04576727680553
1411,99.58,76.98985762093349,44.25847293005728,133.3929102763428
1412,63.46000000000001,85.17991648966111,48.78746122669476,148.17366387388336
1413,95.04000000000003,71.31614533599132,40.61917845313301,124.65420728199271
1414,57.749999999999986,78.72001104765435,44.73179606256355,137.96852318557023
1415,28.57999999999999,55.11155453050054,31.100144042308536,97.08387612465384
1416,94.28999999999998,43.06829484213691,24.151514062379782,76.21263242749535
1417,95.21000000000001,77.13444458314403,43.223181937110986,137.0495740672439
1418,89.03999999999999,55.833293323403,30.939228142637216,100.13028453784236
1419,68.67,62.43212802171078,34.43299722016715,112.55615333248195
1420,42.54,51.546724619054196,28.20214291561148,93.55327563357004
1421,18.46,49.85250377508274,27.13755168497669,90.9048383863305
1422,81.24999999999999,40.92198703868505,21.765578435660686,76.19781872613214
1423,75.49999999999999,55.578619287830705,29.178261360863274,105.07437327945917
1424,19.210000000000004,50.15598848013593,25.888761396363176,96.32449623855679
1425,44.330000000000005,43.376949369311916,22.214854523574758,83.82989343425044
1426,57.33,57.09920925412634,29.270580983865177,110.51150741883608
1427,28.619999999999997,54.13727007974506,27.57487347312416,105.39132154709645
1428,33.83,42.64517787426822,21.444363922335246,83.87215580125535
1429,20.04,57.72163479882402,29.050847209395073,113.74652842294603
1430,32.58,31.47980168231915,15.581602397445945,62.62096328430079
1431,28.120000000000005,55.83771990760951,27.961960815410933,110.54377374120598
1432,56.71,38.17322853602738,18.958838956349773,75.88532570917033
1433,69.75,63.32028375212471,31.76840208149487,125.25268976085223
1434,22.750000000000004,47.88936166231039,23.905133441004637,94.97096475752792
1435,28.329999999999995,42.91808719060782,21.371239001681648,85.21777194981658
1436,28.790000000000006,48.001477561896806,23.959282366806278,95.20247761780179
1437,14.750000000000002,41.95124712974317,20.829804270219608,83.50875725518873
1438,13.580000000000004,31.455976079332736,15.430594903076116,63.11151814503103
1439,21.29,23.360912727172693,11.303999512329876,47.232614793768676
1440,51.75,23.48940870793893,11.356206140442938,47.536835016170784
1441,68.88000000000001,53.502279412725876,26.394583861071045,107.43378662904446
1442,18.580000000000002,48.814756429072865,23.92416171911226,98.56242404674312
1443,40.79,25.595821410811737,12.255090173931372,52.36347827394677
1444,29.749999999999996,54.278296446572654,26.419248182022123,110.44324737680734
1445,19.830000000000002,28.814041823506628,13.466395828114372,60.44426714263793
1446,17.879999999999995,36.256030410944014,16.279184174857765,79.32854953886218
1447,14.079999999999998,27.70756896562909,12.175209285793368,61.551151791189504
1448,26.119999999999997,28.639304565461053,12.663436079274634,63.2948355031056
1449,14.039999999999997,29.836033334543988,13.268936933284381,65.6385278913866
1450,33.669999999999995,24.455316028664726,10.816983207072521,53.834055593087406
1451,62.45999999999999,40.204290565886076,18.180341151374765,87.51738077225376
1452,16.21,32.34405858160239,14.557515549957246,70.46553954088046
1453,7.210000000000001,21.155336181579166,9.357545272830173,46.39143381843649
1454,19.540000000000003,21.053073296619093,9.295401676386957,46.23837467570555
1455,5.250000000000001,30.436304129275566,13.703628114180471,66.2107053874158
1456,8.959999999999999,11.952047711493432,5.067747354765349,26.64708714990484
1457,13.330000000000002,34.72828905569606,15.760728658578707,75.16080809195664
1458,19.58,18.79164949134171,8.266868887792384,41.26987500644807
1459,14.039999999999997,22.332746986192365,9.90716034966413,48.91373230690915
1460,32.290000000000006,18.91941314700115,8.298715159500148,41.67073604416671
