step,true_value,prediction,lower_bound,upper_bound
80,165.71,161.5672992317695,157.527543515756,165.71
81,179.42,155.98652264104052,152.08544779281982,159.98700853838992
82,138.74999999999997,169.04326210599797,162.14662491159282,176.23143830476207
83,113.91999999999999,138.7622950734143,130.1283291893052,147.96475265835446
84,236.46000000000006,117.93008930910095,108.47856010652711,128.19759018850525
85,113.78999999999996,233.74788286395122,210.31331052142085,259.78134109550666
86,191.45999999999995,124.66809418133256,109.62111625960009,141.7618019882144
87,168.20999999999995,170.0496910854314,146.60904883553647,197.2127589821426
88,180.78999999999994,166.27857765093472,140.51702639616641,196.7297237901673
89,238.00000000000009,170.71873774348043,133.5988510484781,218.0756062367415
90,216.17,190.46613452012895,138.04998060923973,262.64103401855596
91,183.96000000000004,186.66909090043725,124.50935739813046,279.6140387419528
92,130.07999999999996,177.52742112090752,108.9493534766323,288.87928609198843
93,138.92,157.04191370893173,89.76360850304253,274.19009987294794
94,137.74999999999997,160.32818313797344,89.55258748736095,286.42174461035944
95,129.11999999999995,157.85142322255277,86.55690064786236,287.19858255737194
96,145.75000000000003,147.7451967232644,79.74442808785872,273.01436943943764
97,148.99999999999997,156.77851571513924,83.55908241583636,293.3984171783094
98,208.37999999999997,161.53790447893692,85.18296061996763,305.54052961697784
99,161.91999999999993,180.24271892209927,94.24814299241481,343.87730815802934
100,162.5,172.29415376989226,89.39984135724872,331.20040300894885
101,235.03999999999996,169.30367729150262,87.29892392840559,327.46767784536894
102,179.50000000000009,186.13943846333098,95.71772362659952,361.09670901248586
103,191.67,180.738493772101,92.85761154375608,350.9041191790189
104,254.28999999999996,182.6476712395461,93.97327826326628,354.1153310536309
105,166.75,199.69898491864134,103.11887553207923,385.86628473011746
106,266.38000000000005,181.71923843839608,94.23475971683057,349.56863895890285
107,199.83000000000007,201.49862889738276,105.17445930396676,385.2105347569963
108,179.96000000000006,193.4604384565646,101.681416150494,367.27367154048954
109,291.9599999999999,183.54708735534376,97.22790559076064,345.72048891312573
110,284.83,201.79624876755898,107.62917525185868,377.5936735581538
111,211.53999999999996,221.02743759441105,118.780256342467,410.55516401464394
112,183.49999999999997,211.03450214824375,114.2816889877156,388.9893425923381
113,297.70999999999987,196.2975078562375,107.16613233177371,358.87518243589386
114,213.20999999999998,220.2004814977863,121.34219586607163,398.9409416225939
115,120.25,213.28931520129237,118.61485786573458,382.8980493625889
116,131.53999999999996,179.93557690047712,99.74101582622103,323.9687599416429
117,127.88000000000005,156.3289011971173,86.48856605114415,281.921349258628
118,95.5,153.1283285337721,84.69667562719164,276.20493803002006
119,110.07999999999997,126.39810819664946,69.89077833223139,227.9476622195006
120,115.53999999999995,126.91546588740309,70.29197443319025,228.51203895362755
121,113.12,128.99372007161082,71.61469285033323,231.71278297473054
122,188.79000000000005,125.81193876509651,70.02788232801895,225.40781741311858
123,146.75000000000003,161.54065896278394,90.31709148561805,288.3156733996172
124,166.92,153.81512786560373,86.26825819007367,273.64423277293554
125,150.37999999999994,162.354551247661,91.41422103090305,287.75111552800314
126,161.67,157.75597751725581,89.1565614575834,278.55214784136473
127,144.71000000000006,161.43156852094512,91.61432171315387,283.8805018935555
128,160.00000000000003,155.79203232006157,88.77198313031275,272.84647795258735
129,151.37999999999994,160.52234207503884,91.8083780460543,280.1111188308828
130,154.28999999999994,159.0364758188936,91.23179186299487,276.6881276531633
131,236.3799999999999,158.5917475897306,91.21108276633448,275.20894511438274
132,197.92000000000004,191.81972133923222,110.65251567033847,331.99245175195125
133,119.70999999999994,192.96000496192892,112.67311260715621,329.9532277421171
134,151.96000000000006,152.73532976135996,90.02558471393723,258.6473474035847
135,99.46000000000002,156.3469443360618,92.9778923595055,262.4455856616319
136,80.17000000000002,129.08587974995007,77.27237301336146,215.1980716673781
137,233.74999999999997,102.71601144634715,61.75811311148063,170.40430929194054
138,121.29000000000002,240.3712282684056,145.68988631238696,396.1648714194899
139,76.29000000000002,146.21035008299137,87.95469339299116,242.61713075461347
140,155.96000000000004,139.73403616725625,82.59472720367809,235.92964375216164
141,186.7899999999999,166.3149215707271,96.94477051218395,284.8170255933795
142,210.61999999999992,159.0426141692015,91.5335080322809,275.8039264346966
143,115.95999999999994,168.45195313325158,95.9469742497435,295.1821618764926
144,101.04000000000002,120.46456346476751,67.87282866675558,213.21568510090847
145,187.5,145.77721043955762,81.59447660035494,259.83523246547946
146,126.83000000000003,143.16884454558505,79.60346943695754,256.8630409186715
147,176.83,126.08931069547948,69.6647444546945,227.5679091842963
148,236.11999999999992,163.0120825310699,89.7693749227245,295.355056307036
149,214.82999999999996,148.50739717400066,81.41389794603158,270.2219949162191
150,265.17,167.0423316592028,91.31868417948752,304.8776831628177
151,256.96000000000004,168.78361194102723,92.00789978782066,308.93576835412136
152,258.5799999999999,179.94597282807243,97.88107494498,330.1194290810017
153,270.04000000000013,178.93527199110832,97.1250117378398,328.9536125714291
154,272.71,204.99736943636418,111.13969674827041,377.4111910874808
155,174.53999999999996,227.03734681391714,122.95179637101268,418.52624378497245
156,178.79000000000008,153.45681651103968,82.84954236885751,283.5204337762212
157,127.75,181.70402221888628,98.0766882708166,335.91840449608276
158,104.33,155.54794690732683,83.81468271430096,287.95067335749104
159,249.75000000000003,159.2796035164002,85.76851673070473,295.0699602956759
160,262.58,228.59368357723997,123.2095708115162,423.3896762074508
161,272.67,171.19944425276708,92.10679994833166,317.47994579791344
162,281.95999999999987,239.86781649992838,129.17266036110902,444.69500895578744
163,291.50000000000006,183.46666875391827,98.65097622437678,340.47133495761824
164,287.0800000000001,230.5698348263042,124.67987936930903,425.6760015253237
165,342.78999999999996,239.24351654151556,129.9038876667152,439.9108718541832
166,327.42000000000013,264.6825957112764,144.25246406206676,484.9624387075418
167,326.87999999999994,276.070951145575,150.91197240533532,504.3473452630744
168,346.8799999999999,280.5223753234739,153.727831414832,511.22102115090877
169,210.61999999999992,285.02164854087334,156.5254621906783,518.3343494844859
170,126.41999999999996,208.66571494821127,114.67544063197069,379.02632006049936
171,210.07999999999998,138.5147640088326,75.99094827959215,251.81373734683092
172,291.38000000000005,255.74116060750032,140.7114342019726,464.14259009008566
173,272.53999999999996,231.32997314875433,127.25994365467506,419.84235253235624
174,262.88000000000005,240.68711563983857,132.44559708924055,436.72640791769066
175,219.5,242.3419369866244,133.37637367218335,439.6674825208517
176,185.67,214.9823001853017,118.28093730117669,390.07970685667647
177,114.42000000000002,201.99527966470885,111.11886854586383,366.53031938863177
178,188.08000000000007,132.30163726527832,72.37432413333708,241.1736310008541
179,278.38,241.25974796037127,131.96225589347748,440.4018481217847
180,314.95999999999987,248.337088790359,135.50913331385127,454.41995863029354
181,310.83,279.7293985842449,152.37383417654434,512.8359854703573
182,141.58000000000004,265.08206156909245,144.11230724225186,486.8956501647008
183,178.11999999999995,152.77721676013624,82.47763589352022,282.2786547124715
184,278.38,258.67577947421074,139.41084699866988,479.2443107987072
185,293.0799999999999,240.64565012747966,129.22537200440792,447.3966474947434
186,175.57999999999996,265.2883188857172,142.83006784043522,492.00865834012006
187,258.12,174.18586485542295,94.68840273997652,319.72943393714803
188,180.46000000000004,278.831516835865,154.59721361042685,502.2588694725418
189,223.6200000000001,183.1272281663864,102.9456711452061,325.1591923811451
190,108.57999999999996,245.53674162646792,139.98268162100794,430.1193706414708
191,182.96000000000006,162.44357601580268,92.71231433897127,284.06181636071545
192,296.2499999999999,226.32339132463792,129.6309011318228,394.58729056907475
193,300.1199999999999,257.957622066601,148.09309663413921,448.7797117390708
194,343.21000000000015,252.3816002237341,145.11906868728022,438.38300393457865
195,105.29,272.7353766566981,157.0739425973532,473.0253529593374
196,180.70999999999995,168.26832277661862,95.9580970148379,294.506677397194
197,74.28999999999999,231.77441531721513,131.41915614015372,408.1849699519499
198,262.71000000000004,160.48182324134552,88.39783030558601,290.68917353153904
199,289.28999999999996,221.7234628370144,119.48386837023621,410.7210176691613
200,366.2900000000001,217.08430194307329,114.67859277673526,410.14575836682167
201,362.7900000000001,227.48695808826386,118.18890145753758,437.01301445023506
202,357.79,182.0735570249915,93.15295593607595,354.97318160184005
203,296.2499999999999,248.41975854045262,125.41016874671382,491.12983866058573
204,345.5,242.17075197588798,120.71914384756738,484.8070205502897
205,356.66999999999985,254.44254806726943,125.5166617573898,514.7494234887838
206,354.7100000000001,261.78634728026026,127.98914968274096,534.3680095322118
207,297.70999999999987,266.77495909357066,129.43731606138581,548.7156096328958
208,349.9999999999999,254.38579329362153,122.59699473687562,526.698133397682
209,348.1700000000001,271.07623027020804,129.9495980509037,564.2974593268439
210,333.0399999999999,280.1745987276049,133.69506521746848,585.9491569122204
211,292.70999999999987,283.79931176457393,134.88836217403525,595.8917917907845
212,341.62,271.5945654917831,128.62479747854567,572.2529468210184
213,195.79000000000005,284.6852085423653,134.4587569953945,601.5157781616853
214,319.3300000000001,232.9432434840823,109.65371677267102,493.6010199032877
215,333.7099999999999,267.6089304180228,125.78611371746021,568.0746043458706
216,330.0,285.8552883932744,134.15916027808177,607.8078404000902
217,328.4199999999999,289.95599131397034,135.88523409752403,617.4406188119777
218,325.7899999999999,291.38185582412467,136.3802777535906,621.2665364565033
219,251.00000000000003,293.46621665635274,137.20934873339277,626.3841353465258
220,244.54000000000002,265.46406180070574,123.95089295310517,567.2480097039258
221,140.58000000000004,257.5606507663603,120.14963570253559,550.826753229969
222,127.61999999999995,198.7793247866622,92.54494787380239,425.65883641367765
223,208.24999999999997,183.12085241408255,85.16410311378262,392.4409698308079
224,311.45999999999987,223.83113122052964,104.16479977658709,479.6649912640902
225,287.24999999999994,277.1154934987368,129.03525458315005,593.825057035484
226,295.62000000000006,276.38780763832875,128.6498371169027,592.4754530930849
227,281.2500000000001,278.47430673177786,129.58637666476838,597.1166651381674
228,204.3799999999999,275.65605161931967,128.23698841312225,591.2342499418706
229,296.95999999999987,219.03170788096847,101.76352529047487,470.1200042638408
230,307.42000000000013,297.18888541846474,138.24069603011617,637.5820663225833
231,258.17000000000013,298.5829449666475,138.8700330426386,640.6666884430462
232,95.61999999999998,269.5062217719324,125.2780246309001,578.4643702354873
233,214.04,138.9895330419697,63.021944169327426,305.099254178813
234,271.38,254.65643117966744,113.89744521476905,567.8569548378657
235,217.87999999999994,271.32392636056613,119.58596220240376,613.9996194744197
236,276.96000000000004,241.74987285743697,105.14356542539805,554.1679043014475
237,297.33000000000004,275.70622897424977,118.70126713965203,638.645168198781
238,299.08000000000004,275.7540949762853,117.63620517664661,644.6109159265314
239,294.75,274.32682565612635,116.96555404716113,641.6016606133445
240,135.87999999999997,272.8206224053995,116.27050807406512,638.3571110575075
241,221.11999999999995,195.86591066268602,83.19162588192772,459.33303639249397
242,232.70999999999998,256.6755276760792,109.06289071684711,602.2612548216731
243,210.03999999999996,238.63240548067415,101.24974841929618,560.6022596063175
244,221.75000000000006,236.46917132791887,102.87364218967551,541.8865893447366
245,262.5,236.46987430952893,105.08912181936127,530.5525309051237
246,277.50000000000006,253.65384252227216,115.48777612072205,555.6985796359645
247,198.87999999999994,252.00097677100112,117.08097717853971,541.0813392346644
248,215.88,220.1392203161124,103.98856307289417,464.789352008416
249,174.95999999999995,237.67677390653353,113.97199897395157,494.48240363583704
250,86.07999999999997,211.68891686545064,102.7257616746019,435.1170708903564
251,56.71,160.7072890072555,78.53501651298039,327.77653723512344
252,116.11999999999996,108.64363499107753,52.01706558319897,225.75201959623942
253,134.37999999999997,178.30572695792162,84.45537455708462,375.2261166900861
254,244.29000000000005,162.4686286870318,75.954789802941,346.2427464651127
255,159.07999999999996,239.50121506589747,111.04078039567698,515.248050432223
256,175.16999999999993,178.26760484945342,81.77508544028414,387.2433219793419
257,61.32999999999998,191.45529599465465,87.1953755592887,418.9657943685596
258,84.37999999999998,103.77723522089622,45.58663635487274,234.65275107883463
259,38.62,121.46837095741623,52.07195221880682,281.60693752374107
260,69.83000000000001,63.08996930680145,25.977554260215,151.25709959202268
261,124.29000000000003,87.13588148423392,35.193530141359666,213.62215966953252
262,161.54000000000005,135.62053284904482,53.93763948459537,338.75194731820767
263,201.25000000000006,160.32703584928294,62.72438147912175,407.4215788652723
264,47.830000000000005,185.54516038017445,71.57553517324043,478.48798142787797
265,121.54,76.28720144052261,28.402285396890772,202.15806835680817
266,206.42000000000002,125.466936980038,46.20387661550993,337.825691783495
267,203.50000000000006,181.46251767565474,66.01043158144601,495.82668162007076
268,106.24999999999999,183.0873562682644,65.68306990709954,507.1972798350566
269,90.28999999999999,125.50861623738008,44.29300881311297,352.3532084020703
270,93.17000000000002,113.95729667149773,39.75014273964221,323.2977611747816
271,92.95999999999998,114.86216247997136,39.72522746060896,328.62469534441624
272,100.17,111.44260671379328,38.24033405864006,321.20265468940227
273,130.75,115.62860732008251,39.45337844291642,335.2446492476777
274,165.95999999999995,132.73943980861708,45.14821812848578,386.5824134861259
275,58.92000000000003,147.66148442225017,50.07140103369555,431.73214564929947
276,38.5,86.83659979772793,29.062570488565814,255.64033842218163
277,56.57999999999999,70.6460458518019,23.44322013630754,209.00325888215517
278,138.83,86.91079068434988,28.91104837404379,257.3763371348109
279,47.88,128.4445128587627,42.94129607965869,380.32425313232886
280,36.61999999999999,76.93738823945924,25.404920734157617,229.04183753259738
281,88.61999999999998,73.71620569298302,24.27150821373388,219.90139401028372
282,190.4600000000001,101.05390092619871,33.46923897868272,301.15342731226167
283,183.58000000000007,126.72225972098366,42.08702924774113,377.60525343806626
284,144.71000000000006,122.79422194330094,40.71925306056293,366.33661948118464
285,76.78999999999999,114.13935133056228,37.76882967853754,340.951777619993
286,152.66999999999996,87.77129269927971,28.86832067768834,262.83613904975294
287,97.87999999999995,126.84700487158395,41.98889337641498,379.2111515529753
288,16.08,91.46965385703537,30.07658361259796,274.14726171423945
289,16.749999999999996,46.92538609940503,15.015598011997096,142.41285483417516
290,21.33,52.52864662289552,16.802286225686828,159.95213687467145
291,16.58,40.782768430306625,12.839229409708418,125.14862330961321
292,18.29,31.576269798626527,9.752450531650329,97.69502313627731
293,42.07999999999999,34.491225195072374,10.680052228761577,106.84430079392692
294,142.12000000000006,66.40732916852535,21.127938286389718,204.33987246469596
295,143.29,147.2336377392733,47.5572554356507,451.5216913574854
296,65.42000000000002,94.13381044812395,30.106758688303728,289.94776415205814
297,35.11999999999999,57.164583178843834,17.989307003343765,177.15914692268245
298,93.04000000000002,40.853835353118,12.646358951943418,127.36710069951954
299,137.54000000000005,129.92428680876574,41.64009116027231,400.99653448101316
300,120.92000000000003,94.81592351563796,30.17629622215797,293.47664769843874
301,148.88,99.29259748010286,31.606658282931612,307.4831638380817
302,135.46,119.44867249107254,38.132935457749866,369.73331032181784
303,105.54,98.73898216782976,31.385670077113126,306.1687119700758
304,124.41999999999999,87.60062581080551,27.75478729150877,272.00048560555643
305,123.53999999999998,111.22890232162192,35.407904850174106,344.9503250227792
306,93.50000000000001,96.5209577778795,30.84878211685446,297.60913271412244
307,102.96,79.48458196552244,25.434790878272814,244.04706558844325
308,119.70999999999994,98.47836324863684,32.30113439229748,296.16539496974804
309,108.04000000000002,100.41090417727337,33.50183393620082,297.0760821314348
310,96.0,92.17779084011326,31.139787027279596,269.1356016601698
311,94.75000000000004,88.62030576458402,30.27620902600433,255.80219743574298
312,25.120000000000005,88.3851805245795,30.50567166653204,252.5959424061098
313,78.62000000000003,17.973014205801046,5.744158340666428,52.37586246795579
314,89.11999999999998,165.03503799545317,57.02727454924505,474.08062469410334
315,41.71,67.00239983481856,22.426182217070874,196.39991520789687
316,105.61999999999996,51.96966102224648,17.025511377463243,154.65633229799442
317,75.53999999999999,116.67456760493015,38.62996295748161,348.41500893815714
318,26.790000000000003,55.46215846891401,17.84764478587032,168.14449392418072
319,65.49999999999999,36.76418083291133,11.511646143892538,112.98446995537701
320,24.880000000000003,98.86064253105269,31.874056529655626,302.34400373494617
321,24.960000000000004,36.10228442144051,10.8580552392448,115.08813431173868
322,29.000000000000004,59.71245263977429,17.92218970211174,193.79785181127713
323,33.919999999999995,42.30009586112733,12.2099492327698,140.93077267335545
324,76.42,59.854780429607885,17.231309565438096,202.12881462757375
325,89.25000000000003,53.739221810567194,15.147899146259299,184.55865238485805
326,72.53999999999999,77.68680236613676,21.909700590028855,269.2616231179505
327,59.669999999999995,73.61819468298336,20.48410888837487,258.1624817522873
328,9.920000000000002,66.71925205893298,18.313749199636046,236.44209640600042
329,36.08,28.464461833968247,7.216007626658955,104.66622508338726
330,66.96000000000001,38.15182103107333,9.71003747199158,142.12415750718677
331,80.07999999999996,48.822042629058046,12.408671467861982,184.12169066720145
332,90.28999999999999,69.25658814223962,17.648233323449762,263.6893189169497
333,88.78999999999999,77.31515054759993,19.543994082354757,297.542862731892
334,41.92000000000001,76.80274991777902,19.206413142657023,298.5716187743204
335,85.29000000000003,54.76642166661527,13.360645720970608,215.5566817763224
336,53.42,68.66760139341422,16.811189359754817,271.5014363655311
337,52.419999999999995,59.22820124366311,14.526921756155971,232.62236778252645
338,30.209999999999997,56.849477826892816,14.019822922715601,221.80968970565615
339,40.169999999999995,47.44068823932601,11.65300231088153,184.4500789177598
340,44.290000000000006,55.76015858070604,13.902259054022672,215.18974616048155
341,68.67,51.367281327481265,12.808928426937342,197.5912352389377
342,79.21000000000002,56.94362882546796,14.33604473905259,217.92633847852315
343,30.92,53.96438605976906,13.593371050204748,206.01753724578597
344,12.750000000000002,43.8866981879583,10.94960324517238,167.60942015215795
345,9.079999999999998,34.61353126891196,8.502507227084438,132.47252247562014
346,27.330000000000002,24.350220507191825,5.765756933037938,93.98326441867837
347,25.169999999999995,40.99345494699583,10.210139438211383,156.30850344058996
348,25.829999999999995,34.235425196246894,8.407830156832615,130.96828259687723
349,44.330000000000005,34.358688464494584,8.442229712157792,131.4090694721587
350,48.379999999999995,44.07453438315195,11.038374689606085,167.76976354724408
351,39.21,44.95141254967472,11.273966611696908,171.03340876763872
352,19.880000000000003,39.169539158903284,9.730623697563683,149.37260850038192
353,22.79,26.913949728473103,6.457360632411437,103.48583994412009
354,33.21,31.92125644244919,7.795704545277156,122.22027418843359
355,32.08,38.301408708187196,9.500939802541206,146.0916656501718
356,72.61999999999999,36.13713245356748,8.923168492168731,137.9844995539721
357,56.29000000000002,58.964418345871366,15.023385441439267,223.40522826465164
358,56.54000000000001,44.243479967892696,11.090172946034864,168.30878398033505
359,55.620000000000026,47.466280333571405,11.951786592630631,180.36342137607986
360,49.79,47.33235546137702,11.916338185050083,179.85749621736477
361,36.74999999999999,45.782497882383566,11.502434601296326,174.05407369923734
362,59.88,37.888561808114794,9.52630717913446,142.67054027278704
363,44.290000000000006,54.915903663376476,14.300338241109412,203.3476577590545
364,9.880000000000003,41.88779997382079,10.844159577495391,154.2970790843922
365,13.260000000000002,16.458942327057457,3.7979729449817468,62.52988453140979
366,16.58,26.473547398500205,6.5187142429908596,99.3889471343159
367,43.620000000000005,22.82044487362674,5.495900100363333,86.3494950985705
368,13.580000000000004,48.76794834439326,12.531026406026568,182.04957865628248
369,12.419999999999998,18.18217668384071,4.256347690913779,69.00220000022786
370,13.419999999999998,21.218850028603068,5.129177380652296,79.54544124500688
371,16.999999999999996,19.738642246879273,4.753355169347115,73.75486382893553
372,18.209999999999997,22.872582058426733,5.654745858186456,84.63815753162763
373,23.580000000000002,22.695682078127234,5.632523945190455,83.65636216132152
374,31.25,26.93955274918078,6.847656125674127,98.47156135835384
375,23.880000000000003,30.214662454711622,7.793533552107672,109.80359748306705
376,29.120000000000005,24.51883708909912,6.207045909258704,89.35755489546514
377,57.50000000000001,28.323296520600753,7.34666942739474,102.01782361392316
378,41.120000000000005,45.11584012230681,12.214293747673059,159.93714509416395
379,30.62,34.419110259350454,9.20682992192509,121.90920698788459
380,75.21000000000001,29.68491587074288,7.885229640416679,104.96958098996447
381,40.92,53.77724696517202,14.926518003261782,187.39942192442373
382,33.46,36.6997446361454,9.999410803733207,128.21335251413595
383,73.25,32.685376641712345,8.857260707421716,114.11358309105891
384,43.29,48.641287561439924,13.562942043982263,168.21425789618226
385,36.21000000000001,41.16603044675698,11.39642230701002,142.4263918736791
386,39.53999999999999,37.16426755169147,10.240328496732978,128.57907041421677
387,37.75,37.60827095468709,10.388658939064875,129.88446972431052
388,46.74999999999999,37.644270004726316,10.414239501118109,129.8347879025933
389,73.5,40.5039716004079,11.272575797380334,139.36007493839733
390,32.38,51.668278209969394,14.588586980798015,176.94733628004113
391,41.57999999999999,38.602975040460734,10.731006377383466,132.69659700118387
392,55.91999999999998,38.4919484724394,10.706130878098794,132.23052769448515
393,41.54,43.11930493206351,12.274538878778367,145.63507979175378
394,69.88,40.74136800921016,12.202524069792293,130.97035612810095
395,27.08,48.09751952520932,15.202962342539603,147.77319175145874
396,40.830000000000005,38.88934935576142,12.648022126234684,115.58540536561729
397,77.41999999999997,38.88746936572049,13.072636154418081,112.05701326625972
398,71.17,47.92196597122881,16.716182905185512,134.09449339617828
399,40.00000000000001,54.40212880731271,19.51260861374549,148.63459471094603
400,42.21000000000001,47.90721520681196,17.452335164058866,128.6267208469284
401,40.00000000000001,44.488275273617155,16.4395082699956,117.64917033976052
402,36.580000000000005,42.080310765508955,15.742738820083055,109.84883994168524
403,42.99999999999999,40.10837242200894,15.162328555461798,103.55784742821054
404,125.17,36.89139386580194,14.04479615526652,94.4321822825587
405,135.17000000000002,56.21215510104929,21.122265111003568,146.96091968351027
406,99.00000000000004,45.23820455491393,16.48088727278561,121.30337780339532
407,138.99999999999994,58.92849002886358,21.227155450586583,160.57820667263223
408,50.87999999999999,82.46758083512243,29.458128395384016,227.73490320973016
409,80.67000000000002,46.358540129398385,16.044265983040294,130.58861316876553
410,55.620000000000026,61.95158624318857,21.3914435410224,175.98288202247195
411,44.290000000000006,56.3991068553452,19.213506349277043,161.9928727288412
412,142.21000000000004,50.68664819120833,17.04790639927723,147.0232411527093
413,154.66999999999996,70.46756228765322,24.22348445347446,201.49432503113323
414,158.54000000000002,89.52400954627186,31.24114066620094,253.1658308300514
415,157.03999999999994,103.31758244223155,36.44226037281502,289.6383828924168
416,162.62000000000003,113.6425862432979,40.41949117806163,316.31250690769735
417,141.46000000000004,122.99978483658599,44.6361263923995,335.92488506387383
418,81.49999999999997,115.97706491844387,42.73340200752564,311.88747476309203
419,137.12000000000003,81.49742617805835,30.25747811552583,216.73430667855703
420,136.50000000000003,104.08213118697077,39.269223376385796,273.2107587123471
421,168.71000000000004,110.94285102808597,42.3143661915811,288.30821337360146
422,175.03999999999996,131.6314049444977,50.74215421882075,338.9759798008705
423,33.50000000000001,140.51950545391173,54.595878046095564,359.2384048564601
424,35.04,52.40594687943133,19.83468257689587,135.89650185750935
425,35.790000000000006,48.26436408850649,18.105371233872777,126.03116518050325
426,24.71,49.61459198589772,18.53034301988656,130.1721416920501
427,32.32999999999999,33.93028099219436,12.42072605461454,89.91345171851792
428,173.12,42.04806890057524,15.479591334635185,111.45037564578033
429,156.21000000000006,148.17926324099872,54.60073817358001,399.2546245276635
430,112.82999999999997,106.82225205327457,38.28284502162427,294.94694659819675
431,140.5,94.28288731284205,33.04971758385163,265.6344762570797
432,173.83000000000007,115.08172609099553,39.80617823528162,329.2187981087202
433,188.92000000000002,128.625104989955,43.93503939404508,372.9324159996974
434,158.78999999999994,132.97867628101176,44.89607407757557,390.1072146970955
435,214.33000000000007,119.66375095519518,39.919842087083346,354.81126543920016
436,210.37999999999994,161.6211787543182,53.67753326104853,482.66570695835327
437,53.88000000000002,159.08377181037199,52.43337376385152,478.60314297751046
438,49.11999999999999,54.46098427947335,17.347992793313317,166.6434480816326
439,209.41999999999996,88.26917871337157,28.31013862047114,270.8849737064729
440,218.46000000000004,195.84330742820387,63.21626322070914,602.3874556995205
441,223.24999999999991,123.73778479516565,39.47149437200547,383.45615110194024
442,216.20999999999998,177.18548091760215,56.544833561690545,550.7448508353008
443,231.91999999999996,140.95761206392194,44.664436166249786,440.3054296679373
444,62.58,183.4824285026789,58.144859240683395,574.430677546284
445,53.54,57.33622763003163,17.64925688428844,181.47994948098489
446,116.21,92.37241805060945,28.77753956045709,291.78471563833756
447,41.169999999999995,127.49409992181046,39.8938833411279,402.74580171286874
448,49.71000000000001,47.75552738853294,14.454094338758578,152.8169367176865
449,24.46,100.50462949772336,31.063682848416512,320.3351959030783
450,40.58,37.59345670396493,10.88841913864847,124.2862035725756
451,57.37999999999999,71.7478800162175,20.935685732742424,240.26230250255938
452,40.79,72.59363351882779,20.79131792921595,247.54040091086867
453,50.0,54.390533242304365,15.225476319273636,188.0922098368435
454,63.620000000000005,69.74961837307907,19.53557507992807,242.74815316610366
455,39.92000000000001,71.38870783082575,19.848332378977233,250.34504411012853
456,57.25000000000002,47.848739070035435,12.975872380770266,169.73705624384743
457,164.82999999999996,73.47395204702855,20.18782022215097,260.7715968584921
458,102.82999999999996,148.31840830205124,41.278356239826216,526.3617292825417
459,203.83000000000007,76.78341584414801,20.934421621882567,274.8340240140045
460,236.21000000000004,155.8113761051829,43.06725624201301,557.0063242639009
461,219.75000000000009,177.59880694618178,49.042774129925654,636.4053876346704
462,281.00000000000006,170.22366442579857,46.85665420009897,611.611636760387
463,287.0800000000001,209.13691703044708,57.60831898457653,752.434404264036
464,288.99999999999994,222.58936268661532,61.247892993512146,802.1147835287742
465,284.99999999999994,229.22426825820864,62.99687042132738,827.2157134571997
466,282.5000000000001,228.56798181458814,62.7313255625206,825.9317766303606
467,295.04,233.0523493321319,63.90431041735977,843.0194784542127
468,301.29,243.77252764870465,66.81320536601324,882.50919217223
469,81.45999999999997,253.53766478995038,69.46217764028569,918.4922008722986
470,74.25000000000003,104.74683260081413,28.233471289105584,381.52017676983644
471,71.91999999999997,84.77478088675625,22.68483152898677,309.63396111417427
472,83.08000000000001,79.76264807166189,21.85724332585628,284.3627285915399
473,66.71000000000002,87.282027055659,24.51425100140446,304.46522022641767
474,53.21,75.5836380622663,21.530932297855756,259.3111820370778
475,85.58000000000001,63.07010814860553,18.136890502739778,213.50604828335665
476,76.46,79.83445725758006,23.4567799166345,266.1737449656336
477,48.75000000000001,78.7233010871585,23.472613798049863,258.7109074119497
478,78.28999999999998,57.45302362132221,17.165633551759218,187.0890066806375
479,63.46000000000001,73.88062262886532,22.515771246933298,237.44030401587455
480,83.24999999999997,67.2372568742564,20.62099219745237,214.36121854166868
481,214.8799999999999,79.80168835855225,24.796401852313277,252.09393453285523
482,123.33000000000004,173.55783978035294,55.088005836503335,542.2612369497459
483,189.57999999999998,124.66138110416007,39.59809170119514,387.9538162834413
484,169.66999999999993,163.30916803752922,52.33137324731682,505.2217801140778
485,163.41999999999996,157.40830266594622,50.61946655402516,485.11874605955836
486,148.78999999999996,152.89639822339203,49.33176053046419,469.5597645804113
487,52.710000000000015,142.3397120243652,46.024217086098005,435.9296144922345
488,50.38000000000001,73.10449759678899,23.374728468102028,224.29385594013593
489,182.41999999999993,61.884838467824636,19.730525728394063,189.7574829956202
490,143.78999999999994,175.73667366161294,57.35738728452188,534.2510328243594
491,64.75,142.28843537000762,46.37828985139567,432.3540905588435
492,109.03999999999998,77.23750540410127,24.899563827684627,235.3401674476767
493,118.38000000000004,113.85625981796176,37.05966477070337,345.6126278002774
494,178.91999999999996,120.88858432614214,39.42418103048772,366.5232647960416
495,265.8299999999999,160.49054013674098,52.59669453319454,485.5821443056432
496,189.74999999999994,192.50019283428009,63.83197960562761,576.5286340886847
497,67.75000000000001,133.6987420326452,44.495750920052025,397.80100313236807
498,54.039999999999985,72.11938877895864,24.081597306316446,212.16206261162145
499,140.25000000000003,94.44890867227275,32.17429064163346,273.6251386395665
500,115.07999999999998,142.28146424694896,49.3584695268134,406.66882293392035
501,154.71000000000006,84.76549980081792,29.431208040975704,240.7163638781477
502,138.20999999999998,155.23588644665367,54.884686103379984,435.78606637633646
503,97.79,88.12689485746058,31.09965971732558,246.46690329073257
504,102.54,114.30117785374593,40.76938527170374,317.2800399858239
505,91.88000000000002,96.24779015899279,34.40436957200244,266.11766951744113
506,83.96,105.27250596649962,37.85330009974187,289.6791828598037
507,94.20999999999997,92.37172240654134,33.25924184811573,253.4796111897532
508,99.95999999999995,113.8064426590772,41.25233521297292,310.94771151927023
509,215.29,99.20136867782061,35.97276045020108,270.5597689394037
510,100.58000000000001,164.81539614119086,60.31804190650293,447.39568816277165
511,193.42000000000004,83.60366478161225,30.34472922462168,227.35673721044276
512,189.66999999999996,154.98534835063666,56.88276745510055,419.35704182498296
513,186.24999999999991,113.40216739018413,41.50953415787552,306.880482880968
514,199.54000000000002,146.32076873950746,53.804307079252006,395.0164822559354
515,87.82999999999997,136.53604482038276,50.214280272725574,368.3533038852101
516,156.37999999999994,103.98163219211686,38.12443846736636,280.6946013656816
517,208.07999999999993,143.70059932381346,52.96489575746457,386.99784843046933
518,272.33000000000004,130.41888997699368,48.432927251851474,348.38098152256003
519,225.25000000000006,165.79345225689286,62.19714005560744,439.2106755352126
520,225.25000000000006,132.2241712310591,49.79107020222293,348.44488725157345
521,223.29000000000002,166.86831318662968,63.33630074570334,437.00731850449705
522,125.91999999999999,169.11464920890708,64.48919360624717,440.88960471043197
523,97.00000000000004,126.77251763533006,48.3758818461166,329.64353794735825
524,170.99999999999994,118.06742438809624,45.16070505684513,306.12380872338326
525,90.62,158.380206018281,60.959172717729835,408.9804590057222
526,156.96000000000006,116.16273942997591,44.65346377177115,299.6805262216334
527,202.03999999999996,146.79976214076183,56.70573699222201,377.55455674728086
528,120.92000000000003,157.38495892503425,60.94283496355414,403.9830013179852
529,105.83000000000004,134.46719789108897,52.055864015463584,344.88752902251855
530,132.17,125.26107596328767,49.37794972585299,315.445178697418
531,98.62,134.1105377766563,53.76728605708238,332.31681616048576
532,111.46000000000004,122.48820133239049,49.73285565075761,299.5810667013237
533,201.87999999999997,124.32369387904153,51.077976304421604,300.58676204463444
534,259.04,152.54442718285716,63.42708463920118,364.9313664577457
535,276.0800000000001,182.43943658803155,76.60837879578466,432.5875509560595
536,139.92000000000004,198.08664093372218,84.30339987019752,463.6413936441505
537,204.92000000000004,147.36153993274348,63.25806222971799,341.5429551941165
538,267.50000000000006,167.08653603144472,72.68360315664737,382.437866562872
539,272.61999999999995,184.10398386294298,80.97861627383054,416.956369591351
540,255.0399999999999,192.74251572350715,86.14137008109377,429.7501977986146
541,285.5400000000001,195.49324882942983,88.54771724523665,430.16226770814745
542,277.42,213.12848840727892,97.68079925739558,463.63962485741524
543,253.67000000000007,221.19108220342463,102.37331759561806,476.57852953750734
544,168.71000000000004,214.30812916856323,99.98278343156507,458.06429700942783
545,259.21,170.9460747160481,80.20046073072331,363.10449330209644
546,158.04000000000002,213.14767397338187,101.12899874956932,448.0323691575723
547,129.87999999999994,166.27777804859284,79.44573539939442,346.83515732625057
548,192.91999999999996,151.67470155749427,72.94631863295255,314.2227849417584
549,265.08000000000004,181.44555868278164,87.9006162288709,373.42239767357654
550,215.38000000000008,223.21550351955818,109.0627098127894,455.7631680524668
551,276.21,199.16943828960697,97.87692608926147,404.2290621272492
552,256.17000000000013,227.60613058433782,112.52703329315956,459.33760792278383
553,98.62,225.71241173858493,112.09770928838009,453.4611730841348
554,202.57999999999996,145.60509329262422,71.46918426814177,295.5819692383047
555,149.16999999999996,176.84792266507293,86.23184196760589,361.5956174125926
556,302.25,169.0560605532906,81.86039564092769,348.0094816373322
557,300.83,216.61900353458586,104.44137282669008,448.1408773406873
558,220.74999999999991,235.5730650846129,114.42132684489823,483.8914551011531
559,289.28999999999996,207.31701999420966,101.23534615696263,423.47140299835047
560,362.95999999999987,234.49522605083817,117.06218446889046,468.7355189743132
561,353.3799999999999,266.4879336873183,135.55180147596406,522.975472274567
562,345.07999999999987,263.2726897411879,136.00309379200078,508.769908182321
563,303.71000000000004,264.49889017362403,138.45141431845548,504.4782773479353
564,347.33,250.79041001022517,132.73011048921748,473.07730645843634
565,353.54000000000013,275.3110443066986,147.1472509488951,514.350725152472
566,355.03999999999996,288.5917863335261,155.5204640575736,534.7983265433892
567,356.08,297.88080662935124,162.2475188379199,546.2042528260572
568,344.03999999999996,305.1800125745355,167.7347465273757,554.5832573282897
569,329.5000000000001,311.73173946197846,172.68402488539678,562.0980795812834
570,317.7499999999999,310.0813042205428,172.90738253858535,555.4546853787699
571,334.12000000000006,303.86440630766384,170.38728307478326,541.2940638645274
572,357.33000000000004,307.91624838384604,173.49228241287386,545.8966718525161
573,349.21,319.37871025535406,180.6992689072091,563.9033075488156
574,343.88000000000005,322.62971007921345,184.09409910372673,564.8537454900796
575,338.04000000000013,324.2448076260682,186.35315918788126,563.6245056462366
576,337.16999999999996,324.4100910524314,187.5915177072814,560.4872219391619
577,338.45999999999987,321.29797550024165,186.75570135846885,552.2507628795314
578,227.07999999999993,323.312493325246,188.76101276745806,553.2687182837101
579,318.99999999999994,274.76015488998854,160.95576655824757,468.53353153746014
580,293.79,292.3692800994084,171.84542521354214,496.93354032781235
581,335.4199999999999,292.11054095029925,172.15948713479378,495.15409838502563
582,333.0000000000001,305.24124804753114,180.45904488245364,515.8312335516873
583,159.92,313.6914904768654,187.33621130287028,524.8188719709146
584,269.12000000000006,243.51229077114422,144.75392403664387,409.18628303359964
585,296.37999999999994,246.24856431843529,145.88703393743648,415.1827692944313
586,328.0800000000001,276.36957497263086,163.3081504742599,467.2292442489039
587,324.8300000000001,295.9742430098441,174.7963780451629,500.68099019999477
588,319.04000000000013,316.04190745293727,186.56207827763285,534.9056159135315
589,264.7900000000001,315.1739683443099,185.95243044243418,533.7134456717849
590,319.04000000000013,299.65478662598287,176.69829995816576,507.68973277963795
591,319.08000000000004,309.37531912724864,182.3753487702977,524.3314546875724
592,318.28999999999996,312.4510605643041,184.13406931741113,529.704951990416
593,266.78999999999996,314.15001754415954,185.08756135645,532.7247306274161
594,287.41999999999996,306.5173504203086,180.53924611101885,519.9172277365041
595,302.08,305.69538771716435,180.01889466421775,518.6256502475215
596,289.7099999999999,305.4391738099116,179.8378532940644,518.2771620253659
597,228.12000000000003,306.03968617458287,180.16684054588652,519.3676820886461
598,59.96000000000001,289.1289612977423,170.16838243397808,490.76613686919785
599,197.04,109.10067063022443,62.88660230051538,188.7449110879915
600,293.5800000000001,258.4042525976898,147.34369060042192,452.61259379085897
601,294.2100000000001,286.8852692461418,161.60457766287644,508.6900065184637
602,293.2500000000001,285.1128373938931,160.29329935728097,506.5260785648317
603,296.87999999999994,284.474039858186,159.67059824659935,506.2205389306693
604,295.53999999999996,285.00180791548826,159.7443642405526,507.8640868834397
605,291.2099999999999,282.7208932855098,159.47526614050068,500.61964035161503
606,279.9199999999999,280.1754244491203,158.8937482050511,493.450972609356
607,284.6699999999999,275.6582577491228,157.04636026797004,483.28696143970456
608,181.91999999999996,276.6456510150226,158.22837494068054,483.1292109919103
609,277.50000000000006,240.21116848996596,137.922988008806,417.8135357454784
610,274.62000000000006,280.51605329573863,161.72336506310097,486.0307852377379
611,275.0400000000001,265.7209229103808,153.64588834848175,459.01902461096836
612,259.0799999999999,269.91636515646985,156.48924188102964,465.0361306776638
613,234.67,262.9186068136427,152.76230053784437,451.9916031355875
614,263.4600000000001,256.31553071368586,149.19844371526193,439.8253555009237
615,238.99999999999997,263.4871698383349,153.6324658200781,451.38535541744676
616,264.7499999999999,254.77145142200678,148.74084611988008,435.88169966761484
617,258.49999999999994,267.27456554519233,156.24289700448566,456.7074315567245
618,245.37999999999988,260.90681340912937,152.66188490174008,445.4033416874202
619,177.88,256.6149027399392,150.27041287359424,437.72054589528454
620,194.25,229.75962975652445,134.59758199527585,391.70616733581164
621,204.70999999999995,239.81425521092052,140.5914536418419,408.5692502704359
622,156.41999999999996,237.3164140081152,139.19487263681134,404.1126272843065
623,127.17000000000004,212.32583345144099,124.54847840158865,361.47282163139374
624,172.88,192.78952409565017,112.54243778017036,329.7519230996929
625,191.71000000000004,217.7770976834573,126.69700255757101,373.8202190510951
626,55.50000000000001,217.33292045900777,126.0270930459741,374.268480235998
627,55.07999999999999,118.63641607083402,67.57078077352503,207.73135596262406
628,179.16999999999993,121.19629084027099,67.26805533873785,217.72504527966476
629,114.91999999999996,235.831459500153,128.46433258859338,432.2400985467592
630,101.75000000000003,101.43321867177367,53.843138362187986,190.3195451756565
631,24.04,117.47387760882624,61.320252851056544,224.22469074727414
632,45.99999999999999,61.075586293173984,29.28737499062193,126.22721645023498
633,27.619999999999994,53.026642899416814,23.727650709810572,117.04106169386543
634,89.17000000000004,37.63306124788662,15.746843348946907,88.1220745476677
635,210.61999999999992,62.7409380553333,25.259194814116672,153.7232203018525
636,213.70999999999992,191.06174785645314,73.38326354095024,494.9141779167565
637,212.50000000000003,198.44383769748563,72.29100251851176,541.738440307921
638,197.04,196.66003895904248,68.46487384561121,561.4352113288779
639,198.07999999999993,185.89140666719194,62.235301273788295,551.3559970848105
640,198.29000000000005,183.49821466383426,59.44463076702249,562.1532657605986
641,198.58,185.92488180604502,58.961630236566336,581.7211718619338
642,195.71000000000004,185.14971321860068,58.71297221007863,579.3046548990674
643,193.70999999999998,182.33485492223497,57.810023973844714,570.5295923753656
644,189.25,179.84511520590704,57.01136704378089,562.7680572008504
645,175.54000000000005,175.6339449203181,55.66051084375025,549.640120138545
646,66.58000000000003,166.58633625893486,52.75822539176889,521.4350301003984
647,142.75,84.8748787354105,26.5468823390003,266.707056902799
648,52.290000000000006,143.1316602968086,45.23445116882316,448.3172293547828
649,18.209999999999997,79.20679460055604,24.72867835374091,249.0373245623952
650,145.0,35.11032156729585,10.583443191839851,111.5706149801904
651,37.25,140.33561995441462,44.337539342439825,439.6008300763626
652,75.75000000000003,70.36823154735733,21.89345040282325,221.4839150313962
653,167.16999999999996,84.92572989804832,26.563194338674865,266.8655807375957
654,33.46,122.83620718112462,38.7240901968209,385.048016028161
655,80.78999999999999,73.74017876393135,22.975101225463455,231.99565116044383
656,28.169999999999995,85.55970156774093,26.766559318613762,268.8419292617791
657,124.74999999999999,60.85170236595306,18.840744960949852,191.81700828754035
658,97.61999999999999,86.40941898425316,27.039131065307945,271.490845360682
659,55.959999999999994,93.08745417407815,29.181306429498086,292.30900746917956
660,146.71000000000004,80.70708908913346,25.209941749501038,253.71435500411525
661,14.210000000000003,101.44247495643015,31.86142403572474,318.3550183275666
662,58.000000000000014,55.78386465698743,17.215087595981025,176.0184891174776
663,155.75,58.480980163090756,18.080266383950423,184.42649929342767
664,142.50000000000003,86.69821373560829,27.131770439626155,272.3911365060409
665,145.03999999999996,98.94092944778023,31.058980052021987,310.55667967846716
666,140.46000000000006,108.71447572690208,34.19413125514941,341.0248136475241
667,139.25000000000006,117.64934649817258,37.06025272716577,368.87845365502204
668,81.49999999999997,121.30427213291739,38.232677164914584,380.2723490442762
669,132.04000000000002,107.7910416133227,33.897912718958324,338.1460925077641
670,133.25,110.75904309270197,34.84998611618952,347.39856485623613
671,127.58000000000001,112.00494609952383,35.24964599391086,351.282553189661
672,22.62,110.31436903238355,34.70734388834384,346.01233426445077
673,13.12,82.03646081773667,25.527659905954167,258.91941428606424
674,14.170000000000002,58.64161497698152,17.990731820670188,186.30832864433418
675,21.040000000000003,43.693802839678234,13.180648106355815,139.86352029120073
676,48.209999999999994,42.46553760118598,12.749339071728043,136.40682000088802
677,76.42,55.190931724298906,16.643824066574048,177.95331511644946
678,63.91999999999997,65.90905255528472,19.434082103768727,218.08600010079118
679,18.17,65.88975874756521,18.577257567968108,227.5427266701609
680,49.75000000000001,45.15333166205,11.998437197383552,162.8758560864502
681,55.32999999999998,52.698660798865255,12.781956129831379,208.22618998547534
682,26.92,59.6608950510352,12.546418666412777,270.63963251160436
683,24.960000000000004,45.19922555460428,9.251180940929306,207.2070791788905
684,29.08,41.01827635440629,8.32023154500698,188.43043842522226
685,17.79,41.760680166500535,8.482109112422823,191.8342889353811
686,19.04,30.86471295508445,6.064174983487306,142.73368922533172
687,16.710000000000004,29.86677857158684,5.841481770662829,138.26193934666665
688,13.750000000000002,26.302008706074304,5.05027038805017,122.20105244532361
689,88.58,21.619535532932836,4.011837530773883,101.08698597749795
690,97.67000000000004,65.09238307227437,13.6422515207268,297.3286480217106
691,60.75000000000001,71.35982253408291,15.028970228391056,325.6550403774467
692,66.24999999999999,53.87340386654081,11.154272140275076,246.73926543266847
693,41.04,60.44507040860443,12.608779856749965,276.4309465845101
694,22.12,39.51018218391688,7.971533083352851,181.9202261561334
695,34.29,26.318093854618972,5.049613580268053,122.35965627356714
696,57.79000000000002,44.04476719005177,8.974707012445924,202.41760902593376
697,46.669999999999995,57.08987019284543,11.862873028142154,261.3389822506097
698,74.03999999999998,41.95055653387581,8.526292271975892,192.64830029375474
699,26.71,67.3161285842686,14.190093430873295,306.24586691854233
700,67.87999999999997,23.424145180761244,4.442223189569572,108.61308403415245
701,87.82999999999997,64.19738326386154,13.553550337883667,291.0729777798656
702,50.87999999999999,44.018561812450834,9.064563473995792,200.36699548846258
703,71.87999999999998,42.396627700837335,8.714583094886072,192.8598164646373
704,71.99999999999999,53.22971526618981,11.153059917313469,240.98531381075594
705,33.61999999999999,47.3892575130469,9.854389044689597,214.72105376207531
706,47.959999999999994,33.01858599124084,6.636943487823511,150.53499494773158
707,32.88,48.41304623124646,10.10043011546233,218.9598675415475
708,38.29,34.03825410644249,6.875738132171949,154.88116697438582
709,47.17,46.28626738613147,9.634005469186057,209.26800200469214
710,15.119999999999997,43.426978299829116,9.170008718190768,193.07617589580747
711,78.12000000000002,25.546067077116497,5.169223939824418,113.22728111938575
712,31.789999999999992,48.048203946628966,10.545849315655108,207.3628709001221
713,56.87999999999999,39.21274542411502,8.569804483963287,167.97575047165273
714,44.25000000000001,43.9328787533236,9.792689030799552,186.06770734330232
715,22.88,42.66465001302806,9.571036473603545,179.36090079919038
716,45.88000000000001,35.59867457941621,7.919937020237235,149.16507156172523
717,23.500000000000004,41.19596848664993,9.342842367402639,171.14801243978397
718,22.830000000000002,41.77975186241815,9.53680265929141,172.68714481866766
719,23.96,38.04691834316989,8.65703359644503,156.88097005890498
720,22.88,39.85012866269897,9.138386435161816,163.59552241681996
721,47.11999999999999,31.413380403702234,7.12493199923926,128.30904889954513
722,78.17000000000002,37.83107652505362,9.013677503213453,149.57929552960843
723,74.88,44.322459821357256,11.193636670643738,167.45879697267537
724,23.999999999999996,47.47883710068058,12.521246740186175,172.81515860141488
725,34.709999999999994,40.7894467364029,11.017917480276964,144.31285153194517
726,62.12000000000002,40.04125193857432,11.113971299912501,138.04477061933417
727,82.03999999999998,43.06459930160724,12.297304313379845,145.02124354313406
728,30.830000000000002,47.39186113848169,13.978852944266006,155.33855497209743
729,24.289999999999996,43.34816620574491,13.026828274546974,139.21415300144864
730,30.0,40.64354767231825,12.415364550908018,128.26857530824722
731,30.74,39.20636755698569,12.156031346522493,121.87535272213616
732,23.210000000000004,38.42477423362282,12.072488952833337,117.8995323675716
733,35.080000000000005,36.25507036330508,11.493082639931151,110.09670109269857
734,32.46000000000001,38.063266768038815,12.225547729040697,114.37811830963372
735,19.830000000000002,37.44469008227752,12.122549581244852,111.63010944418619
736,32.25000000000001,37.41679088547522,12.204111396591108,110.77199113295504
737,36.379999999999995,35.4831398714211,11.613499851042578,104.52340830032676
738,57.07999999999998,35.686243623324316,11.850902004706931,103.73042831522218
739,61.62,37.815819407258196,12.749061273802328,108.58332399955982
740,54.53999999999998,38.41871731548805,13.095341792693173,109.23750240691886
741,27.210000000000004,38.86984196937566,13.371766302542525,109.60604975059819
742,25.33,33.57468185463597,11.548518569016915,94.26292835082806
743,65.12000000000003,37.73523250626582,13.140467570213536,105.10810638787201
744,82.24999999999999,48.13565289000776,17.025991888133415,132.93506442864205
745,49.28999999999999,48.0599103953037,17.07391778640569,132.16840523671965
746,65.57999999999998,38.55420542482466,13.624056671574435,105.98366410397598
747,52.5,51.864271110348675,18.604449125486145,141.5508639462546
748,97.82999999999996,39.87460258273721,14.349601163980317,107.84537770383788
749,80.37999999999998,71.13181852299407,26.72978166141903,186.63217492884857
750,37.33,50.59073412949988,19.232096622654108,130.55353583278736
751,45.92000000000001,36.31936792448658,13.885232888556288,92.5648929855795
752,61.66999999999999,47.860347942883344,18.770937156301237,119.7496428837088
753,43.120000000000005,51.230550616734284,20.394751605255745,126.50932883264164
754,55.620000000000026,40.325992560605776,16.104921685519532,98.84481031357451
755,49.50000000000001,52.96222759266504,21.533338762658108,128.2272768555795
756,41.50000000000001,41.691077503138736,16.961185184338365,100.47036955936457
757,49.50000000000001,43.61129000843774,17.88928520745064,104.35958213135243
758,61.58000000000001,48.058394630202805,19.885314165620287,114.23533065422929
759,53.459999999999994,53.287436636237985,22.66974370629293,123.51025296695622
760,41.459999999999994,45.61338789597018,19.873279973492583,103.09518455649872
761,38.71000000000001,41.348999155113574,18.398632627588764,91.45176007350028
762,47.28999999999999,42.06848917734053,19.11214317031801,91.22760321019378
763,47.07999999999999,48.31484527726354,22.409466962010832,102.88762668825592
764,93.92000000000004,45.06919499077539,21.17544472933307,94.70814714217073
765,62.91999999999999,70.05921653827237,33.39129777246669,145.82238188393075
766,109.99999999999997,46.0115946696386,21.85833546684166,95.6863941859788
767,45.24999999999999,72.94407810438999,34.96372915988885,151.03447513464215
768,58.080000000000005,46.52835400811459,22.121581661945314,96.69852546197349
769,41.32999999999999,55.271860132917,26.380663330515258,114.64812015673635
770,54.87999999999999,50.60209787192687,24.11277995316144,105.0327255584742
771,57.21000000000001,54.29369158866529,25.984192192743574,112.30308899610523
772,68.00000000000001,53.97642060611428,25.892782421185316,111.38728575290249
773,83.96,56.29847367050559,27.127149850647044,115.72405851295653
774,59.82999999999999,57.22923387476963,27.669402132415435,117.26698240801275
775,88.95999999999997,54.32501080751322,26.30861792206285,111.08391539941552
776,62.45999999999999,61.84562853522539,30.121748623981155,125.90716944304842
777,99.25,58.99918619506741,28.794312837545178,119.82515088362659
778,107.00000000000003,66.26854551539392,32.48260841857096,134.1464963299223
779,53.96000000000002,74.63573427379478,36.722513400908326,150.6538476197703
780,69.32999999999997,61.68411895331665,30.31608879247329,124.47220679416219
781,107.33000000000004,64.35818188700217,31.699106711467124,129.63634971032508
782,40.38000000000001,74.91674714467109,37.02818194182968,150.55477340052485
783,69.08000000000001,61.64876626969204,30.414686758557515,123.93735637982607
784,72.46,62.73167803404261,30.996057361997888,125.94460255153291
785,168.54000000000005,64.35091608819465,31.842450975533325,129.0372568645329
786,105.29,76.39842773212729,37.18362966377808,155.88703950237814
787,99.54000000000002,82.6822294204585,39.63921630908726,171.31423626671622
788,120.07999999999996,85.41250329938643,40.40765430192986,179.33189400246852
789,69.11999999999998,91.3404965981377,42.74812196605627,193.90590518620468
790,113.95999999999998,75.9936551893803,35.126495748111566,163.0907266720178
791,158.78999999999994,87.25736237314561,40.072863423782024,188.6474061887425
792,187.62000000000003,102.5121087595696,46.83693654922063,222.9850089235601
793,135.67,121.92808017803189,55.47370028384559,266.5814196750847
794,129.75000000000003,121.50041104247042,54.994090125838866,266.9988311596731
795,111.58,120.17776093898128,54.15255609830274,265.2442284635432
796,107.57999999999996,111.70430776052568,50.10937868790259,247.53092160139815
797,90.07999999999996,107.95807301539766,49.221470033650846,235.39016674091778
798,108.21000000000001,96.15998362471844,44.40742486130024,206.89689014056177
799,112.78999999999998,100.07941415798041,46.79804946029442,212.75449588184077
800,180.00000000000006,102.3502408078572,48.36291142443894,215.3825424153146
801,213.88,122.1425333217099,58.31819132719018,254.63968107600655
802,199.32999999999993,146.83047213110345,70.726682160182,303.6822720964611
803,90.24999999999999,161.90733493008773,78.5286910761272,332.70095012151097
804,171.53999999999996,109.97129283372661,53.45782552691062,225.13146437702255
805,164.66999999999993,133.21386286981297,65.15665117320329,271.2834464410325
806,194.79000000000005,139.43100080335057,68.48269286926607,282.8241463055569
807,91.95999999999995,150.85207573506185,74.37481688718141,304.9251598522754
808,122.37999999999994,123.11922540750905,60.777125608654345,248.37356608902945
809,163.17,116.71956514666861,57.72769126775848,234.96868392353684
810,105.07999999999998,129.45410237965174,64.20889066154797,259.98086710307905
811,207.33000000000007,118.51090800728551,58.83884340394091,237.68872324803672
812,226.57999999999998,138.18497258422016,68.78877581549823,276.58699542868334
813,118.45999999999994,156.71664496934872,79.10592022959342,309.52062106139095
814,203.95999999999992,121.57670499336494,61.94334235776136,237.70751129849594
815,106.96,148.74178239715596,76.68925936970766,287.6190649440038
816,234.49999999999997,130.68140884067424,67.92029911357352,250.5948662046618
817,99.88000000000002,144.2942303461111,75.61345684129046,274.5444570997537
818,187.32999999999993,146.35546696942035,77.1937142737158,276.69027021491416
819,171.12000000000003,123.78481399564626,65.5738834286089,232.89426907363767
820,215.75000000000006,139.6757234584589,74.39584153974913,261.4767993355121
821,239.17000000000007,128.07087854941437,68.44558973374592,238.88984402593925
822,250.8299999999999,156.57431832529377,83.9771608912135,291.1922259496006
823,246.33,169.80037562009673,91.29027096937689,315.09798091985266
824,205.24999999999991,183.90470048091066,99.07781684461854,340.6316356402789
825,261.4199999999999,187.68664472100724,101.26932487480333,347.1263804142236
826,273.29,203.67200939498807,110.06695949199342,376.1655550974355
827,105.91999999999996,219.15729963599418,118.59234769560231,404.2871067167389
828,144.88,169.69778787669955,91.64491849570555,313.5097999881058
829,244.21,161.85550492348875,87.32345543632046,299.2816788911329
830,154.96,175.78194638043573,94.81630788236663,325.1642747122238
831,256.17000000000013,172.37537906487472,92.95341550382523,318.93538398468525
832,290.32999999999987,180.55412121567068,97.37083204618392,334.0779722481073
833,289.8299999999999,174.82329279269905,94.25361433673096,323.5423336817826
834,280.46,205.8089684518236,111.29516780840659,379.8707913868538
835,279.08000000000004,221.43191431606897,120.01172404999788,407.8525875878712
836,260.50000000000006,230.1119729049552,124.94056729545038,423.11071481611697
837,306.03999999999996,232.73298111474577,126.54666933939806,427.3224857515823
838,316.54,247.04168637694465,134.51545715637215,453.0048749547799
839,311.61999999999995,266.6367186444703,145.3685045394244,488.3772290164101
840,312.50000000000006,270.39540607789905,147.64711504703385,494.50552270645943
841,310.03999999999996,274.57904639817053,150.42129306267057,500.5398381408172
842,145.83,279.17257988475865,153.3636847259454,507.5177557055799
843,268.3300000000001,215.99777360425256,118.35965313361862,393.5054506524845
844,138.49999999999994,230.23932889073149,126.01479698032207,419.98738491169684
845,123.45999999999998,195.7757335546161,106.95579352326243,357.6717123024407
846,207.78999999999994,173.93437321703442,94.87582051487134,318.1840734034708
847,258.4600000000001,190.53662699983335,103.88451469878017,348.77784459253417
848,256.3800000000001,224.50518877491265,122.39507749292416,411.11198369987676
849,288.83,232.34858982014137,126.60743251997029,425.71154254692044
850,104.58,247.52551600445838,134.8350491551932,453.70541284757155
851,206.29000000000002,188.10007901004468,101.84143656822948,346.708482833971
852,290.04000000000013,213.06208532223613,114.92481345446899,394.2784137151251
853,183.54000000000002,228.5300565921673,122.85467747825082,424.3698604839125
854,276.16999999999996,216.42111187587307,115.96214577341262,403.16443779100524
855,292.83,232.72241597910661,124.4047921688126,434.5987262239229
856,174.17000000000002,230.7909222085513,123.09372393932257,431.95526891078947
857,167.75000000000003,211.61872873196586,112.61576457017603,396.8912959712985
858,182.32999999999996,210.62012403470155,111.90162019627014,395.65575054291327
859,195.20999999999992,202.71719736475018,107.53782493940702,381.3616009010408
860,309.3299999999999,213.49495765836053,113.14823186015077,402.05562435017737
861,319.74999999999994,247.89448406559728,131.3248015811936,467.15459730932366
862,300.6199999999999,240.20650975041312,127.13058241698184,453.07255042856303
863,319.92,254.0226136812279,134.37379224414173,479.4218926770832
864,341.83,262.6001522100983,138.84272145747468,495.87991996292055
865,345.7500000000001,271.7774594612204,143.6372820887512,513.4423437413624
866,353.45999999999987,278.0312342302387,146.88887987443115,525.465747405471
867,262.4200000000001,286.14141719103395,151.1310375711899,540.9682583042448
868,189.29000000000002,256.9165379534246,135.60436391151168,485.96058196918676
869,276.38,223.22942711940559,117.73038496666481,422.47067265395714
870,156.88000000000005,248.9000433877547,132.0983159433746,468.20226783162633
871,291.54000000000013,212.66390225722125,113.36517560857929,398.17975804129935
872,312.3299999999999,240.95429123350544,129.05556142916305,449.1297630258879
873,99.04,249.68648687943468,134.23357657472783,463.7049667375067
874,114.91999999999996,187.5534004531072,99.52628663096881,352.6625694027904
875,159.49999999999997,204.68589888208578,107.56946614692774,388.6739156999972
876,328.62000000000006,206.26877680951344,109.09787607204315,389.20140417604927
877,114.28999999999999,271.1510126845997,144.34014977297002,508.60573400363853
878,254.04000000000005,158.55381199453947,82.24630351599635,304.80840045464635
879,371.37999999999994,221.0809924901064,112.59755112345941,433.16400034705913
880,310.03999999999996,188.98531241375287,94.55808592015866,376.7222888611344
881,321.74999999999994,291.83362039873964,144.19601979797403,589.5914594294524
882,357.79,197.3743204423922,96.17121486511637,403.97971611866774
883,372.7900000000001,273.6222117872274,132.13691395929277,565.4646788340609
884,374.1200000000002,288.00300358192237,137.8830450738143,600.3890034955782
885,361.3299999999999,295.50140506265615,140.42626448548816,620.6177986738107
886,212.45999999999992,301.3759153430548,142.31560639981365,636.9709542900775
887,99.92000000000003,244.480284070629,114.72293381354395,519.7314391500845
888,254.1700000000001,164.49823606347144,75.78873962493745,355.6885753549419
889,208.07999999999993,268.7929343384531,122.50111848930813,588.373021955703
890,244.92000000000004,231.86132615361387,104.37883969274593,513.5662770260359
891,210.99999999999997,246.38231406509485,109.86336622916222,551.0129091669535
892,99.12,237.21306555369677,104.87266720412622,534.9784172725391
893,267.5400000000001,180.84971805252093,79.18097691453103,411.4334876966094
894,108.41999999999999,233.54084796149246,101.71563896904205,534.5504761945303
895,123.17,191.16050176752185,82.67248544232734,440.31183918275497
896,174.79000000000005,177.83728461901782,76.49113240070047,411.72818423304506
897,358.37999999999994,191.6785804005255,82.14219074517761,445.52462260642426
898,388.08,238.0969532697843,101.80803077704724,555.0592166857895
899,386.1200000000002,256.4747692269197,109.37809715841924,599.6015549743416
900,375.75000000000006,265.6742654181859,113.03030226423569,622.651454255888
901,384.3800000000001,274.78435410778974,116.67009211247523,645.358038863023
902,380.96000000000004,283.07390755810786,119.98360488162321,666.0158740458395
903,352.0800000000001,295.632249819942,125.13407931105321,696.596495045965
904,368.87999999999994,291.9684615876061,123.41020667252677,688.8993400994195
905,371.50000000000006,307.81165740180813,129.98957488365647,727.0322867827731
906,351.17000000000013,310.9747412290517,131.2038793617536,735.1980573853773
907,376.62,309.0953659939498,130.29993284294366,731.3624157976063
908,373.33000000000004,320.8151723319915,135.16752246073682,759.5705330574096
909,377.2899999999999,323.4137951733081,136.1858938346783,766.1656870609321
910,373.61999999999983,339.1221046085721,142.75622388028071,803.7167831822334
911,357.2099999999998,343.4894692516747,144.53992804542247,814.3981936026731
912,207.99999999999997,334.2213383243937,140.572892987623,792.7490242416807
913,361.74999999999994,253.30921575987003,106.36839440213281,601.3483687217681
914,378.04,307.54999605486097,129.2344642573282,730.013104774973
915,377.12000000000006,331.3111090769109,139.23239834365816,786.4833099930411
916,376.91999999999996,338.11252702819706,142.07540577513777,802.7531353794196
917,382.08000000000015,340.44558018487646,143.03653063401012,808.4133044902613
918,170.75000000000009,347.4778987581813,145.98292954914072,825.1969352183673
919,365.57999999999987,242.6896525639332,101.77279698954464,576.8245655099943
920,370.9199999999999,298.8835422061052,125.45928817505003,710.1390565602104
921,377.3299999999999,323.5827648936823,135.8633032489595,768.7751607995649
922,376.00000000000006,338.95293878300794,143.17267236382867,800.5943569080868
923,373.74999999999994,344.18444394268437,146.11012440485345,808.9530934533635
924,369.25000000000006,348.43539782518013,148.54309432541535,815.5211359578623
925,374.08,344.4808263398093,147.37485803067455,803.4287485940644
926,349.9999999999999,352.21385188408533,153.0341952787644,808.9501863012123
927,318.8300000000001,336.2636771614319,148.00319500403364,762.384892044572
928,361.5399999999999,351.0982665118406,156.28579469191268,787.2033436234888
929,367.79,357.5742731057439,160.69046281064013,794.1953819557724
930,364.6699999999999,354.6731652159237,160.66800947388325,781.4887611741754
931,366.3800000000001,349.49508429190473,159.399303985469,764.8811544713336
932,365.8299999999999,343.39865648524574,157.52122506496968,747.2306204751445
933,364.87999999999994,338.25381394765554,155.9207300326515,732.4477111729108
934,357.17000000000013,333.89717725153184,154.55258635230032,720.0173868599607
935,356.58,332.5236756895075,154.46443788769648,714.5208210754623
936,357.4600000000001,333.53298194919836,156.94111432187015,707.5698774022526
937,355.74999999999994,333.8155032880261,158.80151757822134,700.5041092281344
938,309.92,334.61717280691596,160.6704830788663,695.7189343274222
939,330.6700000000001,341.81324293014046,165.4384604714799,705.0923250273473
940,347.08,344.73773315241885,167.98221060046882,706.3796685498064
941,283.08000000000004,345.0198448145696,171.71654111284602,692.2152081905823
942,96.62,355.7661290014533,180.29442596883138,701.0738234090236
943,287.50000000000006,266.12248984392346,136.8205609746902,516.7342486185405
944,328.3300000000001,340.0585499867208,177.25627042249982,651.5489074989773
945,313.37999999999994,331.1942692743722,174.54096378392887,627.6454748793918
946,335.54,328.304707579573,177.13377599532342,607.7649005818807
947,316.3300000000001,331.57973452663833,183.39807382962906,598.8396703427851
948,132.32999999999998,325.3974127437243,183.8045795997005,575.4752760811441
949,108.5,273.10147715258444,152.88653088578155,487.2273929028483
950,244.32999999999996,190.93263213133633,102.75348919844072,354.05442333997684
951,320.0,314.9783571363184,164.40216426484844,602.6337107336475
952,313.54000000000013,312.27582531730235,158.56447205632708,614.0601162243211
953,321.9600000000001,308.76568650757065,153.15203802428562,621.4684523625274
954,302.38,313.17087530598275,152.28601485809548,642.916139263598
955,278.87999999999994,299.4382324447062,143.14492660626186,625.1970756768774
956,287.11999999999995,289.6200475669398,136.45835790559542,613.4407174267014
957,298.0400000000001,296.0404158131555,137.8009159775854,634.6803051696058
958,309.17000000000013,297.40454080756973,137.00783425003092,644.218950492708
959,198.42,300.783156228706,137.35237085443046,657.268975232694
960,277.5799999999999,236.72546647247776,107.1761746046044,521.4200025201457
961,286.9600000000001,305.43696079180563,137.56282028866391,676.6970239469141
962,133.49999999999997,279.4221894022036,125.11889349209545,622.5116891035357
963,104.92,200.49749303313584,89.08037619664621,449.7223594404822
964,138.04000000000002,186.5378958231614,82.41294135279458,420.64275470188323
965,264.21000000000004,206.82662218871738,91.03687214725208,468.2891433910103
966,286.0799999999999,286.2030174619072,125.72097445729516,649.9228136264225
967,271.04,258.4189385471019,113.10382209378173,588.7978213349661
968,142.88,260.4540519527084,113.69303579544759,595.0102181304617
969,179.32999999999998,181.29463066222172,78.78701768926327,415.5004950767533
970,289.38,238.16136448497844,103.47528361544106,546.4802870395179
971,288.83,263.60797596085405,114.40244787994114,605.7235334118947
972,252.46,250.2944777787705,108.44379807927403,575.9985661166836
973,235.12,236.87463775247562,102.47681525757388,545.8311248758679
974,271.07999999999987,234.00309083131907,101.12502727040282,539.7729542538741
975,279.88,266.0120871686008,114.93609695050121,613.9547601604354
976,219.21000000000004,255.88206823643128,110.45673442900366,591.0539240583996
977,230.49999999999997,213.43240274898258,91.98116704376365,493.5222437040371
978,225.29,249.76256172853277,107.67747163142027,577.6099126221862
979,272.91999999999996,218.2246948830913,93.96699864818339,505.0649228752245
980,252.71000000000004,272.1034103220968,117.26216095358046,629.6790957323652
981,256.9199999999999,225.37664540575972,96.99647146056044,521.9411306486646
982,211.25000000000006,257.73691654764747,110.97429282032351,596.8585825230923
983,76.78999999999999,212.94506305874614,91.56805620693662,493.4739241892052
984,227.95999999999992,102.1077995967538,43.13265868898391,239.89231543029675
985,209.17,327.76400788379044,138.43316385103893,774.179805826429
986,244.25000000000006,202.25305471036748,84.53230063083325,481.9965281467395
987,216.32999999999996,239.0096407707968,99.33242922519288,573.137675204048
988,231.67000000000007,216.36629663137597,89.35589239581711,521.9111866247986
989,245.49999999999991,227.62614767735397,93.58212342146878,551.6405361916705
990,81.12,226.00887361619624,92.53131705929393,549.970843998967
991,38.17,187.75131095971702,76.49980135423826,458.70514461277963
992,42.38,86.48117513679345,34.44484810223907,214.91166031350227
993,130.37999999999997,77.83001281388796,30.58085053183042,195.77022042121564
994,231.99999999999991,182.92466716983228,71.97966417688257,462.53026661705593
995,96.71,218.81463723765825,85.51147133004248,557.5210146246112
996,211.16999999999993,109.29966310770159,42.110017875517805,281.2085510797607
997,220.37999999999994,234.85561977020234,90.64085524493868,606.020452051691
998,217.42000000000004,196.5177642200768,75.79042176250834,507.04861188489315
999,112.08000000000001,203.9835300901787,78.73319164403222,525.9856472800074
1000,29.58,130.92588777084427,50.33772293669509,338.01853975071975
1001,43.67000000000001,52.70764439111604,19.677780410039535,138.49809935316281
1002,98.25000000000001,87.39511148425049,32.725089765999066,230.68791509609795
1003,32.03999999999999,136.0390706729945,50.88212617660274,360.96872169412114
1004,200.42000000000002,49.2493842841676,17.161783578220124,138.02822980260416
1005,192.53999999999996,185.709203596744,62.62054243542632,546.9413625420278
1006,98.37999999999998,168.33996843473182,53.88256769959498,521.4978733946442
1007,182.74999999999994,115.95096106461881,35.32332132415859,375.5494672658441
1008,27.119999999999997,168.18779527546945,49.679413155824435,563.8153419251745
1009,51.71,68.67581589867375,19.125119831869718,240.22685289346924
1010,188.71000000000006,88.60657138637757,24.093489481042493,318.9769263532655
1011,133.62000000000003,133.01420681158734,35.55544762010008,490.30317904967075
1012,51.00000000000001,122.1282421307517,31.843694434874557,460.5974016038527
1013,78.12000000000002,81.11649666906968,20.491851728185864,312.75235184402226
1014,117.12000000000002,128.1287975405118,32.25471759122838,500.4099520922308
1015,117.41999999999996,99.77420993565977,24.598721960258995,395.71673468395625
1016,55.169999999999995,126.16619915822656,30.92813034556917,505.4888558560369
1017,39.92000000000001,73.95248590643392,17.632915584800017,300.50274217616334
1018,65.67,94.2591336689341,22.48228928685017,385.4317672143391
1019,125.12000000000005,85.90915080192896,20.270979527994083,354.09415460495813
1020,87.38000000000001,118.75130576674655,28.13112059553071,491.2699484152673
1021,70.37999999999997,72.12687166462246,16.697243888863685,301.1679190859318
1022,108.83000000000004,100.20345146685038,23.384447323668688,419.0275057643665
1023,27.250000000000004,86.2384295156247,19.94117471522993,362.42486454772205
1024,77.91999999999999,57.90718128048273,13.095507309491484,245.18170387347644
1025,38.07999999999999,126.3128147824621,29.381622728258076,532.4985873798591
1026,16.039999999999996,51.78558553439715,11.567723302893414,220.7042795306987
1027,33.919999999999995,78.01442444657211,17.77585426630903,331.5163895112806
1028,15.789999999999996,54.6725661442731,12.207293030752854,233.6759940792944
1029,24.790000000000003,47.905127830259126,10.5854880555702,205.44029121794935
1030,43.919999999999995,38.91923530228189,8.445422872027962,167.71085272827065
1031,24.960000000000004,42.68212955052259,9.325244966858168,183.8022442269722
1032,96.21000000000001,37.31226139449459,8.048115008438513,161.22488018677302
1033,140.42000000000004,54.26127080608652,12.04131520658678,233.16411632787182
1034,130.45999999999998,78.3185912610084,17.706980150020637,335.31504760130804
1035,34.58,87.00776232177918,19.745247267019593,372.3561778846673
1036,37.92,59.27098781268693,13.200693319616173,254.8038463445419
1037,59.74999999999998,52.51946848669661,11.605094113290306,226.23618573212184
1038,18.62,54.84463447372551,12.148428713403773,236.18599898745512
1039,46.08,44.6267462859086,9.739678739178043,192.84192276109025
1040,23.419999999999998,67.63586590207522,15.242960621967864,289.02607331057607
1041,22.08,38.94892571572248,8.497517895956515,167.03513121252024
1042,78.99999999999997,33.413977011502695,7.213574105073308,143.1907991086014
1043,60.540000000000006,54.44131278986439,12.276062121556729,230.52491572577554
1044,44.54,55.08657074675234,12.468441504949395,232.561055818854
1045,52.74999999999999,49.743089877473736,11.214470642964326,209.8041556263862
1046,46.040000000000006,51.41302150188372,11.642132238961153,216.2991684496622
1047,71.49999999999999,48.624399085721066,10.990223418035027,204.38241021554583
1048,64.42000000000002,53.90806541810169,12.28637198018051,225.9163961731541
1049,38.71000000000001,53.93438773818331,12.487400537350913,222.7485976494767
1050,24.919999999999998,46.731874301791045,10.864763917686302,191.02504492868735
1051,68.20999999999998,38.62649902527589,8.95400757060689,156.75147988002317
1052,35.04,49.190703386894185,11.97023828370179,193.22208377132614
1053,31.0,43.11932970897796,10.73047269530039,164.9366424977352
1054,47.24999999999999,40.80921034167043,10.388491881772916,152.48916147463754
1055,64.42000000000002,34.546883558872466,8.883875829276853,126.84265530787093
1056,50.92000000000001,54.25514808433432,14.634725810167529,194.2788572624799
1057,13.290000000000001,45.33749666937492,12.375400899369662,159.53078436591156
1058,51.78999999999999,34.63985878672695,9.415050824681318,120.95807353409663
1059,43.919999999999995,49.91989729595306,14.037008322777497,171.4303056149059
1060,25.540000000000006,37.90546900375558,10.591797958662132,129.57814877381475
1061,15.879999999999999,43.234794270601405,12.279766912934702,146.34573558339775
1062,34.25,33.2697546158687,9.35453937972551,112.42040803199754
1063,51.11999999999999,51.76192345521194,15.029307319447327,172.67067155273853
1064,12.750000000000002,39.11950289928131,11.245256133746429,130.44474033904862
1065,56.119999999999976,33.47923284148793,9.565386527309764,111.52001942992284
1066,49.88,39.2752919270208,11.382964797847723,129.9944077438291
1067,67.62000000000002,34.75182138786145,10.023602306675762,114.95054837704814
1068,19.33,45.5281911076482,13.381197276857552,149.53493294564427
1069,50.87999999999999,41.732203012253095,12.235173590139407,136.96881180620602
1070,23.96,38.26231681627567,11.181799384661204,125.5436634691777
1071,19.29,41.384357967100925,12.170070984628714,135.40274242865033
1072,79.88,40.35560939193034,11.866690975116494,131.92356453462048
1073,45.33,36.46120590254277,10.667603102761891,119.27679852604122
1074,33.17,39.330726688507255,11.668748707529096,127.39212086165966
1075,45.49999999999999,39.70053689586157,11.97002103615127,126.72020176329255
1076,35.92000000000001,37.924184884164276,11.556439447924465,119.66256323539578
1077,25.120000000000005,38.62097263628026,11.954487616933466,120.17974242322605
1078,22.17,40.83596300940049,12.836166719529263,125.4980276982
1079,37.42,42.82375547012732,13.635274751087643,130.22552026997556
1080,49.79,41.366449411583865,13.266086025054761,124.81699231253617
1081,41.169999999999995,35.03449976430277,11.219516620184486,105.26321921103396
1082,23.210000000000004,32.695512789807374,10.494827127317185,97.77378490276297
1083,27.749999999999996,38.813658397051,12.651113533316114,115.11707653654041
1084,26.670000000000005,40.69886790938921,13.359358318149116,120.09145453435667
1085,68.08000000000003,43.96607268885299,14.541369500577218,129.1009986915319
1086,31.96,32.48321912119426,10.608766031220156,95.57580829028657
1087,64.54000000000003,33.29669215791865,10.98100284018491,97.17734864645807
1088,40.58,25.61123655914405,8.356119530675873,74.68927576062814
1089,45.419999999999995,25.74849799670991,8.58073169950549,73.67927998828354
1090,36.88,26.33218389700773,8.945620840706704,74.11328740004187
1091,41.50000000000001,27.852041694564726,9.64925965611265,77.16884335871013
1092,54.53999999999998,28.130844947159147,9.88312087076302,76.97452012273126
1093,43.879999999999995,26.507145707691308,9.382806940861457,71.87461563080767
1094,50.71,28.964469922040657,10.409704533146568,77.69348895937314
1095,63.83000000000003,30.47134453121266,11.072907183767247,81.03869304437319
1096,61.39,34.02053841083824,12.519599734441577,89.71556367609094
1097,28.920000000000005,40.42391522078415,15.077737833500048,105.72774801958322
1098,34.32999999999999,39.433425054673656,14.765116902488256,102.70122034387677
1099,32.83,39.41459804429621,14.819048727025919,102.25145103646881
1100,40.00000000000001,37.888445152996624,14.271978359014424,98.02522979447335
1101,49.33,39.44890783984688,14.929393757515438,101.71038373098871
1102,43.78999999999999,40.10604746684239,15.22681316241366,103.13055979840738
1103,51.330000000000005,39.86712966610545,15.165214066991357,102.31581630933002
1104,89.58000000000001,43.41340181501234,16.598238538345722,111.0879374650849
1105,58.82999999999998,51.02895302420591,19.645999343789107,130.1155690610525
1106,30.420000000000005,47.334041375430424,18.55241423706494,118.48292049036037
1107,69.5,37.824068816284104,14.964352813604533,93.41712652247718
1108,79.78999999999998,46.347915378837754,18.741887486661508,112.55677577618944
1109,61.46000000000002,51.132133048624,20.99506319837285,122.56224083959393
1110,82.83000000000001,47.86996657865703,20.028513230353898,112.57310938900181
1111,35.28999999999999,56.19976295796586,24.027965108028628,129.72628431138136
1112,87.07999999999997,44.87324030204509,19.3594385706229,102.36012795783056
1113,73.5,54.43986688996731,23.951489222713793,122.18218016339314
1114,37.67,58.20350457738754,25.963696757595432,128.99163229564977
1115,88.25000000000003,50.70425221903979,22.787146485654837,111.3854725131603
1116,84.62,47.288130432412615,21.406959736155702,103.06336103220684
1117,106.17,58.72832362789042,27.007210285145167,126.37693640591459
1118,109.70999999999995,67.51788057853253,31.415922359730423,143.82697443791284
1119,108.66999999999996,77.64372854296305,36.488991201207355,163.9773931217459
1120,113.08,86.5798937981826,41.23101600532007,180.62569891130912
1121,113.67000000000002,92.9955234590686,44.86283314701316,191.6431017033606
1122,117.07999999999998,97.67125001438455,47.62973946209618,199.2070273683
1123,103.75000000000004,101.5087472984336,49.95375592580934,205.22705984607381
1124,104.99999999999997,99.1454182945353,49.141200748275416,199.01724441615798
1125,37.38,98.75260934705094,49.253234912997925,197.00880657280143
1126,57.88000000000002,63.497664576082386,31.46351661436716,127.14227075842402
1127,115.71000000000004,60.577954918855994,29.970404510990157,121.43445288688714
1128,57.17,76.28285438099917,37.84403232488315,152.75951526661413
1129,81.45999999999997,68.05025851282358,33.68710600873925,136.455635517316
1130,67.95999999999997,71.53021994721368,35.41825380255985,143.45044054312729
1131,99.79,69.90017407959105,34.585673153684674,140.26007010761907
1132,131.57999999999998,76.19438953280053,37.73175868469745,152.8523934286536
1133,117.79,85.69465513063135,42.48598987422979,171.83642961691282
1134,122.62000000000005,90.60979210792664,44.94022923546629,181.67984617670476
1135,128.82999999999998,94.76984747425027,47.01646079819474,190.0149880431418
1136,139.66999999999993,99.48404038257561,49.37116736067132,199.45281657479765
1137,144.38000000000005,108.77714404616366,54.02143264533867,218.02412888104084
1138,146.45999999999995,115.88874371999496,57.57839136131119,232.2426359092978
1139,142.67000000000002,119.66239457011191,59.463008969382535,239.79869182107726
1140,125.54000000000005,121.63149596046382,60.44406629326401,243.7507905763375
1141,53.17,117.2960317542651,58.26716993151509,235.1164055070709
1142,118.83000000000006,81.93487799279967,40.37647521932828,165.23441100820367
1143,111.04,95.05991676134965,46.75346777112863,192.23219943780308
1144,157.20999999999995,101.07963756512497,49.80192870956726,204.11529129138918
1145,92.58000000000003,115.91206313794287,57.23807648819553,233.699209372769
1146,130.04000000000002,100.03189882408813,49.367667272450284,201.6586723738141
1147,109.37999999999998,109.94449486385363,54.34684377838772,221.3917408891532
1148,86.38,107.31157830297818,53.064438941729264,215.98917484608123
1149,167.88000000000005,99.8355831385769,49.3573521922402,200.91321394502668
1150,87.32999999999997,116.07508408953609,57.4916629592051,233.33382846597422
1151,183.17,104.63094989505166,51.79271909404046,210.3529624389148
1152,118.50000000000003,118.95970999714147,58.97201001968729,238.95080401464455
1153,83.38000000000001,115.07235255645632,57.42559762185806,229.597402104277
1154,58.120000000000026,104.62959099969275,52.478224097542814,207.6383884852121
1155,97.51999999999997,90.93221901251462,45.773360479265904,179.69116278937074
1156,136.91999999999996,94.54758294861426,47.81677325588065,186.0123729700339
1157,66.08,103.42814410163606,52.54423005557233,202.66783254131727
1158,64.42000000000002,98.70069733589308,50.2751813296467,192.86043679412677
1159,127.07999999999996,96.1165963362244,49.07480529971868,187.35087280880833
1160,169.12000000000003,105.37097246282389,53.96651871015044,204.84865201945894
1161,56.790000000000006,114.43951867811846,59.01155676201828,221.061935928147
1162,41.24999999999999,111.66340497972024,57.39880041490737,216.35108823201648
1163,73.88000000000002,94.59093649857451,47.86469147912605,185.99856407725204
1164,124.29000000000003,102.22779878172751,51.148148511247655,203.34049425594617
1165,132.5,110.16011009468139,54.59367838948291,221.26574017450295
1166,143.61999999999998,109.4898259909346,53.78829865871267,221.82133131297078
1167,41.88000000000001,112.59854701550186,54.92217082480972,229.76053189101313
1168,68.00000000000001,104.51797217893453,49.518740944606215,219.39429812716196
1169,49.28999999999999,100.57208158131544,46.49282964118819,216.23042898699114
1170,61.42,86.00192866891632,38.870441302123716,188.8483022736952
1171,109.96000000000004,89.93200393698694,39.96539280330193,200.84425863309994
1172,89.67000000000002,97.43753106442662,42.707155500709426,220.70162782390818
1173,80.24999999999997,90.18560178147641,38.99040919639376,206.9202023519129
1174,88.78999999999999,91.4154088465867,39.96081208235478,207.5067985251426
1175,91.79000000000005,92.73598406017044,40.92141308837632,208.59299938686394
1176,116.37999999999998,92.52276607881849,41.146984227562115,206.52392929963423
1177,67.71000000000001,97.21740537223582,43.55118610557349,215.52978430684854
1178,177.45999999999998,82.6239630555978,37.14169279525477,182.34181533741432
1179,179.75,103.73321860499448,46.85602775992804,228.20930952289416
1180,148.82999999999998,100.04255208198215,45.24044835146063,219.79364918003824
1181,190.61999999999998,105.40669991312984,47.75873234435028,231.21247235142283
1182,159.32999999999996,117.47834997860836,53.3504664975819,257.27044951450665
1183,100.17,110.29534620529506,50.1034244794003,241.38403224718385
1184,120.03999999999996,92.14075414895703,41.80161544406977,201.68394062772273
1185,139.12,106.8488638622849,48.59424523498836,233.5307884266341
1186,171.66999999999996,107.93667371904955,49.12343504858091,235.75948923829085
1187,109.96000000000004,123.21459676343905,56.181126134568835,268.83144775415684
1188,60.07999999999999,97.38212634676599,44.308285276697895,212.62633181549623
1189,73.08,77.03465934026511,34.950348838946496,168.38383784900347
1190,111.16999999999999,92.13646744212735,42.14168858271545,200.0677340773771
1191,181.03999999999994,107.66778608204406,49.56915931569773,232.51560302303113
1192,266.6699999999999,134.13872905717562,62.13514046237459,288.2600849137613
1193,113.00000000000003,175.37765316766507,81.67711732134272,375.2719062400413
1194,96.78999999999998,98.61095054111661,45.82542512159594,210.90072363333613
1195,144.03999999999994,101.99682636699255,47.53403894747228,217.57538485831927
1196,157.91999999999993,126.51248278433846,59.209642412168954,269.0469993580301
1197,97.00000000000004,128.70624916000023,60.35237624348714,273.2144983005769
1198,98.04,99.25186645524495,46.49047622933226,210.63057365915955
1199,97.00000000000004,105.0441179718343,49.29764793615797,222.5761594796216
1200,94.11999999999996,101.59973090928337,47.7160753734954,215.08277559206965
1201,116.62000000000002,104.22179581011383,49.00656393117283,220.40346072855283
1202,207.04,118.75844080624763,55.95913500414485,250.79603137055824
1203,93.46000000000004,158.18170771884505,74.75930247137406,333.46474882556083
1204,137.03999999999996,94.89471788380384,44.66465868160123,200.37667035096905
1205,80.33000000000001,135.78253250636374,64.16621310545123,286.1037046234221
1206,124.29000000000003,103.11847234149764,48.62436906847993,217.4542894191254
1207,151.50000000000003,126.33828574137196,59.712102286997116,266.08083569400816
1208,222.38000000000005,126.95640153294376,60.02460726668751,267.2989932521473
1209,267.6199999999999,149.40020050589368,70.74623032664091,314.2809591420952
1210,116.91999999999996,173.84320223605337,82.42399177888211,365.44309048630254
1211,125.38000000000005,116.10712265033781,55.24450641383376,242.82964754879924
1212,121.50000000000004,132.0420396450391,63.25576387898896,274.4645380334503
1213,193.04,124.44480284492937,59.874906517783835,257.5038640873479
1214,147.75000000000003,148.72871631697095,71.95310940434912,306.3027136605018
1215,158.54000000000002,128.46675516862868,62.29757621307978,263.80699098917506
1216,185.96,138.75381343028394,68.00109006671644,282.05535969681296
1217,199.62,146.96002868268957,72.66490594930977,296.18588255371884
1218,116.46000000000005,152.67410855936404,76.80665982399549,302.51812678934886
1219,249.87999999999994,121.56351702014756,61.94803039475244,237.63837534145102
1220,88.37999999999997,167.2259409272317,85.61010150469234,325.7513455034944
1221,75.70999999999997,127.70030610485813,65.24370654108841,249.04290454686915
1222,158.99999999999994,127.003126656462,64.87060715593935,247.74221054379473
1223,204.28999999999996,142.8949998126328,73.03497407636556,278.6755348319568
1224,154.57999999999998,144.18563189028762,73.68733813360872,281.2281290795765
1225,175.38,137.1702195184888,70.06898108467487,267.62647065449653
1226,229.12000000000003,142.4867401452088,72.79524258329215,277.9941990401435
1227,77.16999999999997,154.5221999920481,79.56299342787415,299.2266135011567
1228,226.33000000000007,130.05586261653934,66.80925560664218,252.29343276971193
1229,105.17,141.8175103785299,72.82099652772852,275.3013536814024
1230,116.78999999999996,147.7770259714451,75.8361068976592,287.0755461282016
1231,163.57999999999996,143.44674371972923,73.54587446723966,278.8929105111312
1232,249.9999999999999,147.99340320329296,75.84512469201641,287.88018969413326
1233,180.41999999999993,131.9818335218844,67.5511910151911,256.9702523756782
1234,154.33000000000007,127.75928326787684,65.34506682531644,248.88976303707676
1235,151.03999999999994,129.85336959535567,66.39866333512578,253.04961296220642
1236,218.17,134.00484029829232,68.51468465077537,261.1936213266576
1237,296.50000000000006,120.54518568342148,61.567196668069336,235.11785327688824
1238,200.96,120.77305994182288,61.475166749899294,236.35315804689213
1239,263.99999999999994,138.20129268799056,70.21388059689531,271.09582912200386
1240,210.66999999999996,166.18041755296454,84.32124645525457,326.5771648254243
1241,220.2899999999999,169.65269954051232,86.09569652681064,333.3717889838524
1242,187.83,181.9877592269157,92.39326508604604,357.53249156711
1243,140.96000000000004,179.7291597301541,91.24232421526398,353.10024036842924
1244,158.61999999999995,170.83454801887336,86.70406189121552,335.6675528606041
1245,216.20999999999998,169.2374119894282,85.8901133208599,332.53364765264774
1246,222.92000000000004,173.38145926112733,88.00632619680783,340.64867412683765
1247,257.49999999999994,177.9850839157224,90.35700184156744,349.6645316565322
1248,286.83,185.9909392047511,94.44415292288522,365.34629020098936
1249,170.37999999999997,198.70757024216596,100.93574328570266,390.2573973218243
1250,177.79,191.84012994883787,97.43104655787884,376.8006738637896
1251,85.79000000000002,177.73274907515213,90.23072694497691,349.16048497813904
1252,218.07999999999993,140.22084078559251,70.71797652662438,277.0798739460526
1253,299.7099999999999,174.34867103729866,87.66559099830924,345.7766479460234
1254,272.49999999999994,189.770440694411,95.11000659320683,377.66359948113984
1255,145.54000000000005,196.89891424952162,98.3905495170145,393.0412891512899
1256,135.32999999999998,181.3119693904819,90.31968305025158,362.97031913422126
1257,162.33000000000007,178.48331358582567,88.7002585070196,358.1322967394444
1258,129.08000000000004,181.71663219391561,90.14126246909754,365.303546558907
1259,118.95999999999997,165.82042204623315,82.07654273703979,333.98087781252514
1260,198.29000000000005,160.42280916551195,79.2772533826329,323.591614945841
1261,227.57999999999993,196.3968302018912,97.05199239031232,396.39639780745654
1262,200.45999999999995,196.7524938680088,97.13039906903701,397.51105469880787
1263,95.28999999999998,190.67962255351344,94.03598642014919,385.60173989068704
1264,171.58000000000007,145.0246430380769,71.34550090752022,293.74115331173635
1265,180.49999999999991,192.39635371246297,94.75377502933516,389.6075725768259
1266,218.03999999999994,181.3570480071404,89.23896125272923,367.5114777057871
1267,355.67000000000013,196.75681186871515,96.81429086079157,398.81638977617496
1268,324.17000000000013,235.942955039377,116.47286121523395,476.91433154870424
1269,388.16999999999985,229.53190531362375,113.52340194335292,463.0532717829745
1270,390.71000000000004,264.74511259157384,131.24142576698551,533.0267957390616
1271,388.42,278.50427634757455,138.28965882713157,559.864612307918
1272,386.3799999999998,288.5619429402726,143.47937474804323,579.3327910683755
1273,379.62000000000006,298.58434637550135,148.63643379436104,598.792298689616
1274,133.16999999999996,303.32449649728585,151.13912907742088,607.7414837322832
1275,256.5399999999999,151.95250507876648,75.26735279890866,305.74289786290893
1276,371.46,229.89192652332792,113.87808318843676,463.0666022099851
1277,380.54,288.0711062752427,142.55638687736314,581.0855922946696
1278,321.33,294.5134412712109,145.52308883275848,595.0029553542233
1279,163.96000000000004,271.11321121484275,133.73883756255717,548.5490465640643
1280,304.9199999999999,183.68462810730927,90.34317627549343,372.4095227459932
1281,240.46000000000004,261.5229404627357,128.7147857493054,530.3063878654259
1282,117.12000000000002,227.88224120218194,111.99901380656812,462.60652693314717
1283,240.74999999999991,147.19728156963677,72.11341614919694,299.38856644057154
1284,297.79,230.61710878632616,113.200397584989,468.7574283190444
1285,305.92,256.1051533508807,125.70299504927027,520.7166323011919
1286,256.6199999999999,264.638890185582,130.4715242352016,535.7247424072546
1287,360.83000000000004,244.88463994206293,121.13940246950528,494.00206270071504
1288,365.71,289.51461763842315,143.75683476220595,582.0380527471616
1289,360.87999999999994,295.14559241693155,146.95207326129065,591.774470642861
1290,376.16999999999996,295.86174660926014,147.64250286469635,591.8781802074413
1291,371.82999999999987,305.8902141147781,152.95679161930343,610.7404924383059
1292,348.83000000000004,310.1317117851042,155.33746832846055,618.1922071742196
1293,359.2900000000001,303.63277137488967,152.2826340682856,604.4249130022387
1294,329.8300000000001,309.68005666828526,155.5083869861143,615.7215666210436
1295,367.0399999999999,299.57690565833616,150.56941328053568,595.0732726986315
1296,365.1200000000001,318.8880397483943,160.44363419692823,632.8333405530911
1297,352.5800000000001,306.421028093972,154.26315655352437,607.6935922996952
1298,255.79000000000008,315.8911959311965,159.1438055157744,626.0615946416513
1299,359.3300000000001,281.1239246805428,141.64785597205787,556.9747997947028
1300,355.92,344.4023803381482,174.84058485823678,677.4713804235869
1301,353.8800000000001,299.4450173575318,152.84450606582135,585.7431393120232
1302,353.45999999999987,331.3622648406622,170.03043846606028,644.8772840714864
1303,347.08,306.0205842838702,157.65442876446966,593.1317863489655
1304,343.29,321.7125431594205,166.3593988702631,621.273898062652
1305,349.42,306.18318529528125,158.78971534111943,589.5355618583583
1306,344.61999999999995,318.93112582812427,165.85046901599844,612.4590203869113
1307,336.58000000000004,329.5967530642776,171.79100959565113,631.5225681151047
1308,250.78999999999996,329.4433946901067,172.03283008687276,630.0527143288376
1309,335.83,298.14777894508217,155.89343256151164,569.3832989484154
1310,345.7500000000001,310.589159922308,162.63859290884807,592.3062785205605
1311,318.5399999999999,318.82629071285965,167.156751664811,607.2946727886388
1312,341.4199999999999,317.01456676152173,168.12781092051569,596.9694535279449
1313,339.4999999999999,325.154369676329,174.15151647264602,606.3408612227269
1314,337.92000000000013,329.56932998777376,177.99567656794088,609.4956500839731
1315,304.4599999999999,333.49367614237616,181.39745990204807,612.4187364195005
1316,253.33,330.78634104692037,182.20710433847344,599.8619398401032
1317,276.79,318.57047849112894,177.355067636305,571.5953967918601
1318,321.71,320.0814383649341,180.0323929145819,568.4742714423401
1319,320.7899999999999,331.6831760823818,188.20424629405923,583.9662352516463
1320,271.49999999999994,330.07180279385886,188.6781649498913,576.8658741987085
1321,321.8799999999999,311.195641782164,178.98562545025234,540.5216826563558
1322,317.9199999999999,330.6004116737703,191.1916478299574,571.1311735643196
1323,316.54,325.65745254946984,189.52955672797466,559.0448200194761
1324,307.8799999999999,324.7073292077434,190.19016641710405,553.867785763645
1325,140.33,321.5704648009178,189.37749957953608,545.5546348265245
1326,228.7899999999999,250.7509533025347,148.11857461604052,424.0211125738419
1327,254.42000000000007,307.1115376763572,182.06391359597848,517.5769154854055
1328,298.91999999999996,282.2301833366986,167.81953522337565,474.1780452824768
1329,297.29,300.3742768136034,180.3708434051601,499.77759478698204
1330,297.4200000000001,301.31275316932266,182.42949295357468,497.2459432079826
1331,292.79000000000013,302.97934920473375,187.7334647785544,488.59756475277294
1332,289.4200000000001,300.12509072455947,191.8539950435496,469.1811867749899
1333,280.75000000000006,297.71510441505797,195.4238474858091,453.2763760502429
1334,247.74999999999994,293.17947880590265,196.82739810167638,436.4599604551903
1335,287.04000000000013,277.96070495854894,190.20250415631307,405.9981993925742
1336,287.9200000000001,293.45480424378366,204.46624854534193,420.9847899890544
1337,281.71,292.1607044434984,206.69842877694205,412.7883908698559
1338,278.62,288.8811957352399,207.04738673618797,402.9036921307121
1339,285.1200000000001,286.8249398514071,207.85419122278174,395.6556549114138
1340,274.0399999999999,287.1106137577802,210.02344016879178,392.3578454293477
1341,170.08000000000004,283.8743799110897,209.31633370231378,384.86357465033666
1342,265.04,234.82827734596987,173.98875273239256,316.82029146192474
1343,275.75,281.3229352056573,209.39037511337193,377.8492686520802
1344,272.53999999999996,278.53899530439054,208.07771260404897,372.7464358229964
1345,236.79000000000002,276.60638858735075,207.27760948692912,369.012442404893
1346,265.3800000000001,265.7906060166963,199.69163970110543,353.6596538090073
1347,262.1200000000001,272.4996393544848,205.20029509269645,361.7640430553522
1348,255.20999999999992,268.93760198361565,202.90300217024077,356.3577053261239
1349,162.17,267.9353201879952,202.4752692002922,354.45453129945116
1350,227.8799999999999,237.82435586739805,175.9116873390188,321.4042108997383
1351,119.67000000000004,258.69451842641655,187.9438216888227,355.9380691992111
1352,91.17,198.90363649002546,140.39219781141225,281.6284936544838
1353,88.91999999999997,123.81272707393376,83.01220417493435,184.42802194779398
1354,136.57999999999998,104.89197459434243,67.33662031163104,163.08640392741762
1355,194.0,146.05380740598815,90.5624962516641,235.1755430210263
1356,197.61999999999992,196.1202095483146,118.05722866344091,325.3672222894866
1357,225.29,202.07830426437963,118.52367046203999,344.04293169271256
1358,235.83000000000004,225.62486187124546,129.4814743545706,392.6101141729784
1359,185.91999999999996,234.3288987496936,131.98413681555886,415.43832048593805
1360,57.46,196.6292922708758,108.91998840401787,354.3251572400966
1361,219.5,70.38571990946586,37.618467288132265,130.9555478204782
1362,222.79000000000008,183.05220152000817,95.72794720763487,349.21122501075763
1363,223.92000000000007,214.17069589433456,109.33346420319111,418.62272014217376
1364,219.25000000000006,217.61211432475636,108.77780762888902,434.34533583601683
1365,211.6200000000001,214.87967680931538,105.49540192486404,436.6154652402281
1366,75.0,209.70200428344074,101.38226148012703,432.62330512377343
1367,66.16999999999999,128.90548803793803,59.98264894064508,275.725201602834
1368,198.50000000000003,108.30148617529204,48.828082869266936,238.7606769554471
1369,204.00000000000006,211.8322892273686,93.63778198371872,477.64164172354725
1370,203.2899999999999,188.82646555457345,81.63915836174078,435.04131188277273
1371,199.28999999999996,191.959134756938,81.50423485079209,450.2886854048401
1372,186.37999999999997,187.587667704944,78.41063985129098,446.8657831871405
1373,195.08000000000007,180.19218756178103,74.3106170296843,434.9359958567752
1374,188.20999999999995,186.82321261493962,76.41551168604397,454.6910937960829
1375,183.58000000000007,180.88698352080343,73.43685797879947,443.442117421445
1376,186.00000000000003,178.56571607141532,72.04346544193791,440.43368873798437
1377,185.58,177.7500110975207,71.33855514691628,440.6948389758631
1378,167.79,176.36084246591327,70.46319517173544,439.1827873022403
1379,176.54000000000002,167.67400813661678,66.71090929564774,419.1822323289965
1380,178.61999999999998,171.70447114232192,68.11017411191476,430.58384037997797
1381,177.91999999999993,168.0899881650301,66.48232481146295,422.6875978640456
1382,176.58000000000004,169.88161590655446,67.04185735490408,428.15534334293994
1383,169.61999999999995,167.62965084130582,66.01501716377574,423.3221944324365
1384,168.88,166.208359455498,65.34068423555908,420.4402639038956
1385,166.58000000000007,169.27593697559556,66.46312311522675,428.7739768643016
1386,165.20999999999998,171.40069483023524,67.2236103170119,434.6556247879565
1387,159.88,172.61003430272524,67.63263188578587,438.15617370977805
1388,101.25000000000003,170.1124081157213,66.58704458710976,432.2110745488251
1389,28.57999999999999,148.07037822656017,57.83767601122232,376.6827905366491
1390,96.54,78.49166522792589,29.629577420836746,205.30140448526046
1391,60.880000000000024,178.67140731564925,66.82977007637763,474.9239869224972
1392,40.169999999999995,94.50532088327179,34.34831776179242,257.03961530740173
1393,30.080000000000002,60.86129428963997,21.513863074790258,168.9761484058459
1394,72.04000000000002,41.962527771599376,14.4137107396658,118.74915214773698
1395,78.42000000000002,85.0179723446972,29.487722727113212,241.6908573172297
1396,43.50000000000001,90.25855876471546,31.01253278841152,259.15200368112676
1397,56.07999999999999,60.46426023980876,20.372392346003803,175.7633321373738
1398,21.42,60.689533254933416,20.291114960822206,177.7411565911047
1399,35.42,36.05801661359501,11.709020123639846,107.05684324781551
1400,75.53999999999999,36.87345810703081,11.918776521695643,110.03209553753832
1401,15.620000000000001,57.01114907604984,18.697265648424203,169.85079102808888
1402,32.32999999999999,32.326984944736694,10.136922653440676,98.73023608667758
1403,14.540000000000001,33.40995149841284,10.34401356364623,103.37617651636026
1404,26.579999999999995,23.54385373084785,6.998745971133096,74.31189990721987
1405,29.540000000000006,25.81039509309624,7.652256125418802,82.07628376097409
1406,36.330000000000005,28.425969281967816,8.417635608014594,90.94321209948131
1407,20.38,33.02365226870556,9.81232884317875,106.06379083467313
1408,31.71,27.39943373773813,7.970902224856751,88.9048742711113
1409,35.669999999999995,30.219102817099813,8.930220852058708,97.14810719970959
1410,33.29,33.66794723419095,10.186659178098678,106.43748837773396
1411,79.41999999999997,34.526625064076484,10.6044604915156,107.76344396762435
1412,68.04000000000003,52.36447130776118,16.612748203311995,160.68781640910285
1413,82.88,60.65393241700786,19.528821748093154,184.16442049744296
1414,55.24999999999999,70.9611425340263,23.141006296876522,213.50663535398905
1415,54.78999999999999,62.93812053462195,20.59510445681303,188.30601913389205
1416,76.87999999999997,59.077985884348124,19.408364995285922,175.85710681642794
1417,55.580000000000005,65.56786851699223,21.723765244472197,194.00646443148418
1418,57.46,59.48055405288136,19.731741215835466,175.43946933649272
1419,54.53999999999998,56.32818140266374,18.720680732817232,165.653495762325
1420,37.42,52.56459298248259,17.481414499988883,154.24599707347883
1421,12.670000000000002,45.08487199385021,14.941305905627262,132.2271922553004
1422,49.17,28.716158062582647,9.123951970167441,86.22384821683336
1423,53.38000000000001,38.155046015246455,12.16825643609072,115.4252561374941
1424,23.169999999999998,42.419089905140765,13.44265060343784,129.53125911264175
1425,16.21,36.0430245714235,11.207154265055182,111.40831725434765
1426,35.080000000000005,28.98281589754899,8.80236669667241,90.70940824438728
1427,11.920000000000002,33.49682733778221,10.20225967261534,105.23134359952994
1428,28.83,37.114389829864805,11.306178572591595,117.04693906672054
1429,24.420000000000005,28.29801741638168,8.413563803822422,90.1847885050779
1430,17.289999999999996,27.606061849771283,8.153206662604617,88.40110332001224
1431,16.500000000000004,24.99656952927179,7.288972352913767,80.5326193062636
1432,11.749999999999996,22.779228477933284,6.559297602106751,73.80214919017922
1433,25.62,17.019813086277612,4.713840929880531,55.829314580021254
1434,39.74999999999999,21.811068844116527,6.217446148630502,71.09542698281967
1435,42.32999999999999,29.537240483456316,8.644256475447364,95.69206316925398
1436,17.999999999999996,35.72357655550233,10.579900335194264,115.46223507891841
1437,19.33,27.188137504551793,7.876647765485837,88.51251834785755
1438,20.0,24.683369967117784,7.220418808978264,79.24353846149542
1439,16.250000000000004,23.43628788458638,6.930080585679199,74.29963398565386
1440,31.379999999999995,21.28669334985975,6.368021398430004,66.41249429277177
1441,27.879999999999995,25.8497175421159,8.017754430914367,78.94310974138037
1442,15.21,27.060793206782503,8.551774311246133,81.43579566853113
1443,56.119999999999976,22.434707160554304,7.068545495293728,67.06499387296849
1444,31.0,31.37521590998142,10.2553049139663,92.1253851610272
1445,79.33000000000001,31.421030207695296,10.364463600249097,91.49210844454213
1446,50.46,41.88639576710721,14.138491067443287,120.49446954118248
1447,10.000000000000002,42.65648246027996,14.608971098297284,121.10211991568342
1448,35.83,22.244198324841914,7.18068446504752,65.04493280153
1449,11.879999999999999,29.568344960939683,9.61510021955178,87.02778064496333
1450,28.329999999999995,25.490458489773985,8.340513972385812,74.1290981495309
1451,42.25000000000001,31.181510874808012,10.495357615156399,89.09285981846303
1452,36.28999999999999,22.729325840733257,7.570200856927251,64.70218297749177
1453,6.710000000000001,22.697990544427324,7.6394925523326815,64.00321083003134
1454,16.169999999999998,25.415442602332835,8.537386935962274,72.16213681611929
1455,14.830000000000002,25.61198030151812,8.529591451427109,73.3156198435277
1456,7.039999999999997,23.114949842714203,7.575218469077768,66.8152758455801
1457,10.459999999999999,20.075305080560693,6.404542204045473,58.985948084141626
1458,16.039999999999996,18.411811506308553,5.7505800854854865,54.82015488811924
1459,22.709999999999997,19.027882717595702,5.904435082223755,57.0954243718631
1460,34.92,21.783031260608578,6.796325942209063,65.5783495032779
