step,true_value,prediction,lower_bound,upper_bound
80,168.78999999999994,184.5281354918363,168.78999999999994,201.72506660626175
81,199.45999999999995,156.34357389818007,142.99630191587585,170.928028134468
82,152.32999999999996,171.76809341151335,154.58379452951672,190.8504057013895
83,161.87999999999997,149.73702503144108,133.45273353657015,167.99359438571153
84,186.6699999999999,154.5441332761032,137.3806231316878,173.83645360947915
85,230.82999999999998,167.60932950994462,147.72362507060913,190.15393391127918
86,186.00000000000003,189.32531944407188,164.6403652086784,217.68900841804071
87,175.38,177.0067986383717,152.53784904937208,205.3753045758289
88,213.75000000000006,170.16455084368806,145.90624134808178,198.42858245283136
89,238.79000000000002,186.78700027155102,158.76762129917518,219.7203010486929
90,253.8299999999999,205.20426222163152,172.60803526197097,243.92067832116908
91,239.32999999999993,217.86593687311503,181.76020227227394,261.10464711557995
92,157.49999999999994,214.13963590278203,177.51961965102177,258.2715748939067
93,248.42000000000002,165.9408950294942,136.56437152405093,201.5907008078476
94,169.12000000000003,206.77720964127954,168.96443152401284,253.00237249178167
95,111.46000000000004,182.39995313629572,148.1654731558275,224.49147667206935
96,217.57999999999998,137.119396299002,110.72042477447397,169.7563113236524
97,198.29000000000005,175.74609042112994,141.012128529486,218.9754401446637
98,201.95999999999992,186.6711012200208,149.2161583036076,233.46507107411117
99,153.61999999999998,190.26734466268744,151.6147705712,238.70941342959958
100,194.99999999999991,175.05941565979697,139.12009402877325,220.21679304685622
101,232.79000000000002,182.41226776132905,144.66880674697092,229.93523395016746
102,161.87999999999997,198.72320349754443,157.3347326719076,250.93056092107122
103,173.49999999999994,185.9858506679893,147.01111365938124,235.22353406848737
104,275.5,195.66797399702193,154.47705244080382,247.77170867912895
105,159.32999999999996,204.2297028890059,161.06151908443474,258.8965577137737
106,227.45999999999992,184.56337753751745,145.36888766582297,234.25332215236543
107,159.45999999999998,207.3105259604811,163.16915818591286,263.32050761198207
108,171.71000000000004,203.0285570302803,159.6463819578275,258.125985761611
109,263.2900000000001,205.33672423283275,161.3494313466694,261.2420258203725
110,265.67,188.9319511670246,148.32021546171845,240.58916435103475
111,138.62000000000006,175.7276599345876,137.807587068674,224.00690665059332
112,226.67000000000007,190.25750633378735,149.11522663536417,242.67570531583448
113,260.3799999999999,184.26194885052792,144.3393195575775,235.15075257249055
114,262.16999999999996,173.43595906757594,135.75883179138933,221.49315395030192
115,220.2899999999999,175.18683030267542,137.04721071408196,223.86364636802634
116,154.04000000000002,192.3591291499908,150.42794345138168,245.9012784132985
117,228.3300000000001,187.8642279723834,146.8504573340536,240.25523350267514
118,235.25000000000003,195.5991460813357,152.86354405276845,250.2045623143498
119,262.46000000000004,194.4276678648113,151.9279326151389,248.73837489318308
120,223.82999999999998,194.88062919012458,152.2395206282556,249.38724171553065
121,111.08000000000004,198.14377570667372,154.75977946546604,253.61157905338922
122,121.38000000000004,218.64907074621,170.75586813502332,279.897036028754
123,259.33000000000004,191.8320025390567,149.6287767963527,245.85974349705498
124,252.00000000000003,206.34064541920108,160.5312415310036,265.1413534334752
125,297.95999999999987,193.0157393913388,149.95474822270913,248.36020611973788
126,314.29,187.0307670234771,144.66552566245645,241.71748024556507
127,271.1700000000001,213.3158493985507,163.9434914924121,277.4667820950986
128,306.03999999999996,217.8753079851685,166.61851825701518,284.8061325428605
129,325.61999999999995,231.2482732955953,175.97683242893092,303.7814773747071
130,315.92000000000013,235.87813871552947,178.60806484307875,311.4094268837945
131,292.42000000000013,239.13446579685038,180.30790428049187,317.0476984297878
132,276.66999999999996,236.16747298434123,177.42452406904704,314.2504429268429
133,158.99999999999994,237.9121613573541,178.18814819645598,317.5423892090388
134,286.2899999999999,188.36234472586773,140.65617453712912,252.13473074680337
135,192.0,246.49019811253703,182.8965088206686,332.0753724178294
136,148.61999999999998,210.47267325575217,155.23642453025812,285.23729497389456
137,299.95999999999987,208.56754234418338,152.98276033751654,284.2173497079512
138,301.24999999999994,225.44647826362677,164.57928227455778,308.688548069509
139,136.88,262.4338688878194,190.83176733543092,360.7617886815313
140,177.88,175.74897894191304,127.24985521146104,242.58859123465925
141,208.88000000000002,248.88992367952093,179.77239360009742,344.434237567805
142,242.42000000000002,207.73236952976248,149.6191593689905,288.2673300796509
143,119.24999999999997,244.21100602892184,175.5636789957355,339.5481683419624
144,137.12000000000003,167.95341559250087,120.43356119120457,234.06892460665026
145,211.87999999999997,213.72362175166953,153.12215236280056,298.1538401930753
146,341.5799999999998,219.07091168119905,156.77905386904234,305.95586632426085
147,346.71,268.73811141150435,192.16149953449678,375.672623287702
148,278.49999999999994,248.5629911318252,177.5361873981572,347.8462896531323
149,334.0400000000001,239.47876540492447,170.89191628469084,335.43255518134686
150,349.3799999999999,274.7391107670806,195.95401520741723,385.0396404031118
151,340.16999999999996,267.05072821100754,190.34540880298445,374.50518376132965
152,330.78999999999996,272.6773004784006,194.2604251097946,382.58650891510155
153,320.75000000000006,271.64675137829124,193.4772084775126,381.2363125174705
154,362.2500000000001,269.47672666403736,191.88891862391077,378.27352275499595
155,239.88,300.334722535202,213.85684658662112,421.6191366387733
156,215.79000000000008,231.59147555419207,164.8166206177721,325.2567666553811
157,211.96000000000006,241.69190668331038,171.99504708124175,339.468484868936
158,184.79000000000005,233.81621957794127,166.36281061865242,328.4558496780573
159,280.9600000000001,216.3056983035137,153.9020976925272,303.8491093316924
160,174.53999999999996,279.400109547724,198.89934975973517,392.3190454540066
161,342.96,199.80251211165236,142.10348263425874,280.76567144353595
162,325.54000000000013,265.77092399785846,189.05978538253433,373.44389273319206
163,324.8300000000001,257.5691513544922,183.25133198966023,361.8630811522937
164,336.42000000000013,276.60595017659017,196.84840503262495,388.5157181617892
165,355.4200000000001,277.7117480799212,197.66366198710082,390.01382578364644
166,348.9999999999999,293.9974843223218,209.29645193237886,412.8135235133735
167,301.6699999999999,296.5914867341566,211.16660986302088,416.41107629434396
168,251.50000000000006,276.428288753752,196.8079502632653,388.09687552193674
169,185.45999999999998,256.93010697584566,182.9187615192134,360.72459805097816
170,164.38000000000002,216.8508082182679,154.5099337168023,304.1829134451285
171,184.88,187.02301407768442,133.52135771527355,261.8032784034499
172,132.32999999999998,206.82411678501438,147.98560066082698,288.89958308653877
173,166.71,164.27738382694722,117.51903157116428,229.48292955615221
174,218.88000000000002,191.2030885222094,137.05558564284217,266.5880665418887
175,304.9199999999999,222.12723176741417,160.1445279216271,307.95099075534694
176,262.99999999999994,285.2395777652583,206.09500282263406,394.63048244773296
177,173.83000000000007,264.3327516454912,191.80940525945945,364.1350358195969
178,187.20999999999992,205.09792974116212,149.32243011278806,281.5683207204851
179,264.1200000000001,206.59404998051582,150.89773679413796,282.712519336075
180,361.6699999999999,257.378836008262,188.57088833629388,351.161787513252
181,333.83000000000004,321.2479055537755,235.29471299678022,438.46693227626304
182,148.71000000000006,305.0515292338532,223.9560286817707,415.38154396335347
183,224.91999999999996,182.09354529618602,133.8526300374581,247.59171318953693
184,111.25000000000001,239.96610962338698,176.78419983853948,325.6019479782988
185,159.29,165.12049052638045,121.74352389643903,223.82666699392243
186,140.42000000000004,189.97898982721475,140.43289287075547,256.88183933106154
187,150.61999999999995,173.15897337066423,128.11913222188966,233.90978822100263
188,334.16999999999996,174.6991879700304,129.75393099152046,235.0938934625992
189,320.9599999999999,263.5525045771912,195.95125944704247,354.3570963423243
190,152.49999999999994,271.154328008684,201.67479023099537,364.4523493989586
191,226.03999999999996,188.13313502779812,139.74053807037006,253.16516986426254
192,276.16999999999996,229.3229903880868,170.45721818353357,308.39893031814876
193,240.17,254.3309880547054,189.1357888755372,341.880810848651
194,223.24999999999991,231.54971011224282,172.2194800495351,311.2014201741239
195,167.83000000000007,223.8166826543115,166.97486199311746,299.8934801313325
196,200.53999999999996,193.43637596054208,144.4101142280415,258.99226049283095
197,154.38000000000002,216.03623464234823,161.4390657712112,288.983982141793
198,224.04000000000008,186.77542301850994,139.63290698295216,249.72090342308434
199,191.17000000000004,219.39128728759297,164.15400108419152,293.1031957652745
200,353.49999999999994,198.31694411389407,148.43364846103938,264.85206625172464
201,355.33000000000004,239.64483143052198,179.25577407818548,320.2653530261175
202,350.4199999999999,243.29382531540836,181.68925789022853,325.6720428800172
203,303.0400000000001,254.01289649678577,189.03474020991507,341.2088893212134
204,134.96000000000004,244.11721684987083,181.11447226239522,328.915844961834
205,339.16999999999985,183.6325011217315,135.63238884921947,248.49545827003905
206,349.3299999999999,247.0091480423618,181.64976802783812,335.75672395775206
207,152.32999999999996,249.87778115339495,182.85882066110204,341.3260349986924
208,318.24999999999994,213.5627911505828,155.4455517870505,293.2697367899166
209,338.67000000000013,249.10286340797475,180.5708102390975,343.5016421003938
210,293.91999999999996,223.36888133592873,161.44054740903786,308.90658253060764
211,286.12000000000006,255.28803419283525,184.11599155894964,353.823783279205
212,302.8800000000001,219.8869304332225,158.22888202450073,305.42076623199387
213,152.88000000000002,249.55364371669964,179.30938584054508,347.163397524027
214,315.4600000000001,218.15436504706827,156.3403001959616,304.25323556244496
215,330.54,278.70990820578874,198.9013330532199,390.3812457051574
216,325.70999999999987,215.2624993874092,152.9587403603794,302.7792367735238
217,326.75,265.9336997187716,188.25727530903194,375.49067878211656
218,325.54000000000013,240.73894533355144,169.80002890251995,341.14114638311753
219,318.37999999999994,266.61519779718935,187.5256333615367,378.88411875369076
220,159.70999999999998,256.6716018075065,180.06593979640672,365.6877075429058
221,138.74999999999997,253.08597926517163,177.16602545024668,361.35687862481774
222,78.28999999999998,234.6375473169327,163.3630856237596,336.8194896671692
223,181.96000000000006,157.8355283022285,109.18399391549666,227.96905579949018
224,263.32999999999987,213.2715907929732,146.9465557428749,309.33040539818376
225,291.38000000000005,248.59650282348977,170.65353700721798,361.93114204280397
226,292.88000000000005,256.91122293406676,175.9557145566927,374.9030844637398
227,124.24999999999994,258.07425216599876,176.399210113567,377.35268878820335
228,99.46000000000002,208.50583501797408,142.06700075723464,305.79817619898625
229,274.9999999999999,191.87076746217096,130.12338283278314,282.69564709053856
230,272.71,288.24243505353905,194.90051345000347,426.05955570173757
231,280.0799999999999,212.19798280831037,143.23998115832998,314.1233070644895
232,93.54000000000002,267.48425108680306,180.47676621807395,396.20673110860406
233,257.08000000000004,167.800183913722,113.00787070457447,248.92574559295844
234,120.17000000000003,271.248038153116,182.3640865568173,403.2176179098951
235,121.88000000000001,201.66489164688642,134.9240797670065,301.17646775059546
236,94.32999999999998,191.54860268440228,126.83113785913235,289.0307782331701
237,273.07999999999987,159.25528940646623,104.47518567929568,242.4862533528724
238,281.79000000000013,229.0991749217302,148.91494848529373,352.17112025592843
239,273.61999999999995,231.60013350261687,149.66294116362687,358.0984065993843
240,269.2499999999999,236.50640846615048,152.07999051057112,367.49554193429685
241,171.75000000000003,233.9654082122838,149.80531385334208,365.09282289651657
242,178.37999999999994,197.70924721204898,126.07934589223957,309.7142600581364
243,156.62000000000006,200.09559890791,127.21446058943323,314.40467209565145
244,253.37999999999994,189.69368633966562,120.26812878364247,298.8651201643331
245,244.25000000000006,219.56192862135205,138.95404117847272,346.59671065970764
246,242.20999999999995,218.70821989010787,138.15187064101963,345.8994104420635
247,242.54,216.63841917895454,136.62203636294058,343.1780310371091
248,238.4200000000001,214.21745569602658,134.90740875619926,339.8096266433922
249,183.78999999999996,210.54971263731719,133.32103246075542,332.18148391992924
250,68.67,172.39896820485595,109.6086626756249,270.8340629674264
251,114.58000000000001,194.3904614073195,123.3055962449019,306.1256127016966
252,100.41999999999999,167.14860972335504,105.43516716575195,264.64485878869357
253,97.75,151.42592906610807,95.0692893742427,240.84277830096477
254,148.33000000000004,144.84898418873254,90.8320453221316,230.63946870906298
255,67.67,169.81128874726605,106.45775692557044,270.51596309339226
256,74.88,123.45256904830893,77.23676193445263,196.9688519790791
257,53.00000000000001,116.66204480073898,72.72673208146907,186.77933587769633
258,116.17000000000002,86.99906595483785,53.920471205616366,140.0008952751299
259,41.96,116.83025691142225,72.28928358749417,188.44064894885784
260,111.25000000000001,75.15993498466564,46.19373858635016,121.90477234084035
261,139.08,96.66601309528218,59.32805427964425,157.1130077511275
262,107.53999999999996,121.83257646385022,74.66843565801989,198.39412926330917
263,98.67,117.34463008834422,71.73631342373659,191.55102178682213
264,62.20999999999998,111.72358763109101,68.14628247361772,182.76414109135038
265,40.42,89.82784158874989,54.57872203061457,147.4326466363664
266,63.12000000000002,59.8989509764009,36.086820692900744,99.00000433404651
267,124.67000000000002,68.74212937092496,41.29969069683323,113.9881838156082
268,109.12000000000003,107.34661886326053,64.36525683137135,178.5906631161073
269,48.32999999999999,110.5356759742978,65.9856213162129,184.71458725922994
270,87.41999999999997,75.77409661402262,44.93177744425329,127.32644933136015
271,100.78999999999998,84.47950353870188,50.06806614322578,142.07856312260603
272,151.54000000000005,94.57177668666004,56.029246331802206,159.16281270670214
273,161.96000000000004,122.4879227340023,72.6123913789328,206.15625148842977
274,133.20999999999998,138.83020412627366,82.28218894783907,233.7739202465173
275,83.17000000000003,129.40359158971052,76.61071535166141,218.10758871947428
276,65.28999999999998,101.2091724842259,59.957313658348006,170.37754787656365
277,106.58000000000001,82.52522642363749,48.94188507961694,138.69163234423544
278,145.71000000000004,103.49510374949537,61.616362399463725,173.3829614048503
279,44.83,115.16071452411535,68.73552865739588,192.49264081791645
280,62.49999999999999,78.91930463807336,47.01599469094701,132.02015911455027
281,169.41999999999996,88.97866509927054,53.138392726899276,148.54563231841234
282,170.91999999999993,98.10956921431038,58.658889234476554,163.6478309584365
283,165.61999999999998,100.4749843603431,60.105916981091255,167.51350834188864
284,102.87999999999997,104.96227429741919,62.83288520668444,174.89685219344796
285,61.209999999999994,92.04366618717332,55.14333294267188,153.1968273666608
286,155.11999999999995,83.04445071273459,49.81296864252529,138.00919163565388
287,55.540000000000006,111.07829432772024,66.83742630767756,184.17129471330523
288,34.21000000000001,75.76957981210857,45.44857639103948,125.88372480807939
289,53.38000000000001,80.99056742025623,48.454215187035416,134.9328647815221
290,46.169999999999995,78.23338970506103,46.665637908584344,130.70766866047643
291,42.11999999999999,67.86428939316454,40.32712961307265,113.75005397242558
292,39.17,66.78705537018813,39.59666326112447,112.18873293119198
293,44.169999999999995,61.20627781630675,36.18645563311425,103.05995768829524
294,53.42,66.36735923643451,39.209256648639645,111.86856482198505
295,125.58000000000001,68.98979944522304,40.71942627832565,116.41705156016207
296,44.79,116.81383771527688,68.90215661992879,197.5646942578656
297,52.5,47.508410699614416,27.550459215316423,81.41779548470876
298,63.170000000000016,88.58089429698818,51.364620345873526,152.24729884498328
299,130.16999999999993,71.78924443569524,41.47688121968688,123.73312431101427
300,108.37999999999998,104.18133707332049,60.03897154589773,180.24672464726328
301,128.67000000000002,84.29364648699092,48.264133127442406,146.67348310438976
302,112.08000000000001,102.59515383533738,58.59466730794116,179.08248695663335
303,102.92,92.21672957946471,52.441365838216264,161.59611889030785
304,102.28999999999998,91.4867552956658,52.08887758507633,160.12225939251925
305,109.28999999999996,90.44123600242187,51.544268928013906,158.13247652386104
306,86.82999999999997,92.20342653765535,52.8085084064806,160.44061553867354
307,77.74999999999999,81.01256776197584,46.53679754459162,140.49167841193628
308,105.29,78.41456856363266,45.231610738635496,135.41475171180792
309,104.25000000000004,91.47442738749807,53.033914037451076,157.26208174959464
310,72.04000000000002,92.01008514361041,53.517993251079965,157.67928040895538
311,81.20999999999998,74.33138940846688,43.27372708738443,127.17575125332255
312,28.790000000000006,80.6030352652251,47.068731589753774,137.53195506238401
313,73.25,49.07944902717515,28.556581245404676,83.85254752713863
314,48.209999999999994,67.29742630819305,39.515888560740876,114.12862252373041
315,28.209999999999997,61.269465724072525,36.10125380250014,103.51092521569045
316,69.58,47.417052449108525,27.954785262877525,79.96108973272902
317,53.70999999999999,59.149878945741804,35.084777416893004,99.26410570274518
318,18.379999999999995,60.12484579299738,35.9062806060346,100.23606908811043
319,33.61999999999999,37.61317619167077,22.353997315787566,62.842491520759594
320,34.04,36.9599944044712,21.992360267805395,61.671302919916535
321,21.499999999999996,37.82711364742624,22.54666918486986,63.02369449173902
322,56.670000000000016,30.563318909375,18.094999081625883,51.17298499550817
323,87.24999999999996,42.14167861074278,25.020567788016862,70.52820217127443
324,84.78999999999999,60.80201753458596,36.06484170458693,102.0488515717198
325,80.42000000000002,70.80494152190823,41.857085311049104,119.30565283531747
326,30.830000000000002,73.75503919647659,43.435620996673165,124.76207465819245
327,19.830000000000002,52.67657710845369,30.76246709790443,89.71004847321397
328,29.120000000000005,30.731428924966096,17.704748937112857,52.83037136747535
329,58.38,35.95920122129296,20.71539549249965,61.90387644046474
330,35.92000000000001,55.96889181395235,32.414032427780185,96.12849359096087
331,76.04,44.58938423112988,25.782707293142188,76.60201132115472
332,78.28999999999998,63.333988338365515,36.836751645589985,108.38735159637703
333,43.25,69.74829043515123,40.64851730926434,119.18004296117222
334,45.49999999999999,51.80740149827923,30.111939486811774,88.63188084698314
335,23.12,50.30628013519615,29.25598323332577,86.00210999627375
336,22.79,36.041980309957616,20.8616091708209,61.763371834250265
337,32.54,42.59491778352253,24.779774853749462,72.72123563273382
338,40.21000000000001,42.99269655280495,25.0585873615058,73.26946530670807
339,26.500000000000004,46.37424081786236,27.272947575748134,78.38042848400917
340,19.540000000000003,34.89099893773593,20.41278794499486,59.158621476922775
341,69.5,35.5680108538746,20.806551857431725,60.32191033922509
342,65.24999999999997,61.438257608333956,36.094327953273684,104.09790116902808
343,47.959999999999994,38.14160714504274,22.1798593193611,65.09468111038943
344,24.209999999999997,49.94382320222315,29.188671188232675,84.9684451255671
345,19.08,26.983058760523623,15.591510241032328,46.1959192514229
346,36.67,38.51235594777453,22.438304497765564,65.61003455657254
347,38.88,39.39749220677133,22.97285862350578,67.07520964546092
348,38.669999999999995,38.679002896685255,22.717310394647328,65.38287582686787
349,32.42000000000001,39.67309324889616,23.46134135204066,66.62918233408301
350,17.830000000000002,33.89365116815969,20.095392128439787,56.71719645845064
351,22.0,26.257016748017534,15.43820802719057,44.19622581566052
352,25.039999999999996,35.99708634796537,21.265804599435143,60.47473324514535
353,17.42,29.894239467375808,17.56003923915796,50.425216292315504
354,18.92,24.347815652182,14.195248332969948,41.28372871951756
355,35.080000000000005,28.105546960142767,16.416024448081927,47.64100107199682
356,42.74999999999999,40.29689445056976,23.67264744425732,68.12243589240143
357,48.92,36.07791055972908,21.122792490150704,61.1427630389487
358,47.959999999999994,41.962739791872465,24.605251513932245,71.08665805996135
359,38.17,35.61758787771848,20.802803253447472,60.498869039714904
360,24.919999999999998,35.54353047410554,20.741064419681642,60.42429798896827
361,32.25000000000001,26.824274902872443,15.569731939815153,45.72316225046027
362,51.580000000000005,39.186801787109665,22.951526608424224,66.42697717265423
363,17.579999999999995,41.51743600708015,24.358363896383427,70.28742106559842
364,25.58,22.85993423562495,13.239087292159514,38.98124669421895
365,35.83,40.623949443398146,23.852846107205124,68.71246511538484
366,35.42,27.443669647127038,15.99047091020217,46.61741727294297
367,16.62,35.25885736703682,20.79440500351286,59.32303875013857
368,31.540000000000006,22.121260756411694,12.88975709580962,37.48826838932007
369,23.750000000000004,37.11276837880866,21.884584703661382,62.47430518432408
370,22.209999999999997,26.331615797304327,15.501029767390566,44.270945669567574
371,17.25,29.029503092165175,17.23346332730083,48.45692651884421
372,43.620000000000005,24.18600630265932,14.366831139698279,40.27948746953238
373,51.00000000000001,39.27127780324299,23.646244421954027,64.80214770820618
374,21.08,34.60760638043752,20.84886604808577,57.030546269711685
375,34.12,25.87299868210012,15.525835135175988,42.69873306015312
376,33.53999999999999,32.14157872720682,19.440688848578457,52.734208698550454
377,37.50000000000001,28.86150797475863,17.463662903684973,47.29538229646763
378,28.790000000000006,32.044442510782964,19.55121626109992,52.13238725025216
379,25.79,28.77568125669963,17.610885857324384,46.63831238864175
380,36.17000000000001,28.98150458784573,17.870056434011715,46.63582030050734
381,52.12,31.011644277284873,19.26702618899321,49.56219692911596
382,40.169999999999995,33.864170540563755,21.18397229355617,53.79227847010004
383,32.78999999999999,31.16678860771566,19.555068231052292,49.338061528317084
384,30.669999999999995,31.14868749883172,19.84582397892734,48.580103379090396
385,42.879999999999995,30.86806881347889,19.94442340402775,47.48898393189111
386,28.000000000000004,32.3573298537604,21.175951285640974,49.17649257252203
387,26.25,30.951653913438303,20.449436744204814,46.596037135099365
388,35.58,31.82114955843185,21.224969182080788,47.46926218487098
389,53.38000000000001,32.51705406014122,21.898587828947598,48.05948442157969
390,49.419999999999995,33.94695326781094,23.056328075417184,49.76791183067461
391,69.29000000000002,31.932804527107706,21.78132318557372,46.60784108920811
392,62.20999999999998,37.66721073859265,25.849472397725208,54.68650155037721
393,38.74999999999999,38.330278377196535,26.397832782063862,55.459604288133356
394,78.71000000000001,34.03286867790179,23.471000685733703,49.15331835279683
395,24.08,50.924399249094215,35.31553014591642,73.24215553362947
396,25.169999999999995,38.28820165762814,26.44706421490894,55.23781025921196
397,76.74999999999997,31.853622447686732,21.801958834430017,46.33630631353283
398,74.33000000000003,40.63251059105186,27.6189978071793,59.56347429745573
399,30.58,40.3249089426283,27.176802738799243,59.60829949187118
400,25.829999999999995,31.067563185924904,20.71376101471506,46.35838291608739
401,46.580000000000005,37.59865806466436,24.982575354846478,56.34059784473903
402,28.83,40.84926233195262,27.14307237954783,61.23061697419148
403,73.00000000000003,33.19514848073685,21.976604496539547,49.89125243879035
404,56.5,47.356958693769286,31.33876197229737,71.30936843265889
405,109.99999999999997,35.52136496859169,23.325569072774723,53.831609290566696
406,50.71,52.66887648661839,34.38997699819464,80.38881535534307
407,116.82999999999996,40.96821162092069,26.439345165829433,63.18997159056805
408,74.11999999999999,58.1911617228101,37.36238431425154,90.32888084837528
409,80.74999999999999,57.534185155147746,36.65515469002923,89.99022059480106
410,70.67000000000002,61.86996100593831,39.18919076298142,97.3506241814902
411,65.57999999999998,60.87661777209488,38.34197580390415,96.31884961746076
412,78.71000000000001,58.9236335430566,36.983717668774545,93.53634550244357
413,140.96000000000004,62.13803995421671,38.917165573374035,98.86711310783357
414,145.99999999999997,80.04484788052484,50.04781545409546,127.668921667841
415,152.46,97.77015063715034,60.947289089381826,156.4813490677437
416,124.54,112.99462190490233,70.31565968635229,181.21487230704892
417,106.58000000000001,110.46278852961122,68.58230390206919,177.55047231954867
418,63.620000000000005,102.74382998564438,63.64564646274394,165.4888952157514
419,52.38000000000002,76.77308737044056,47.38750560747737,124.00444160517904
420,57.46,62.61645252930117,38.56265488986379,101.29477884331044
421,111.75000000000001,60.81566352728992,37.47079910376588,98.32666714336764
422,42.67,76.48111063045889,47.19714107020484,123.55764742943697
423,100.78999999999998,61.23005624195734,37.662905142144474,99.16267235065764
424,95.28999999999998,72.084671235617,44.30634695962783,116.89450105915348
425,87.07999999999997,77.0104951554921,47.26901905836209,125.07750215613262
426,73.08,78.57361393275617,48.157502189040386,127.809637437824
427,99.25,73.695942557289,45.08156604269429,120.0784336051526
428,151.16999999999996,80.91963644906937,49.479646334731136,131.94124113802465
429,63.08000000000001,103.5465070552481,63.34677170296453,168.86045839110037
430,116.54000000000003,78.0149522810521,47.58926499082611,127.49263484754746
431,97.61999999999999,90.88515517891815,55.460944701054395,148.53490039808352
432,153.54000000000005,89.09924093647896,54.327990684673466,145.7227187698764
433,200.08000000000004,100.82508865262798,61.487505751468056,164.92674894647973
434,128.12000000000003,118.92617920371953,72.08409742279422,195.79094311311772
435,117.66999999999997,108.91799881786284,65.58902044392845,180.44081987656457
436,95.83000000000001,104.76895293808106,62.7533782700423,174.47417421916933
437,101.62000000000005,97.86422405957396,58.336737880179484,163.72315715499653
438,168.96,96.72619122749356,57.44051820771197,162.4210089973559
439,213.96000000000004,117.83072748267915,69.65879968818226,198.8440655145245
440,220.04000000000002,142.58447920240013,83.96679745067064,241.64187054706682
441,196.32999999999993,157.35994998038655,92.32665974009767,267.7107181123708
442,221.75000000000006,155.26326300943498,90.77049565773474,265.0790615910529
443,221.67,171.22947584266979,100.10857663793787,292.3776078686351
444,213.88,183.10093307949793,107.74153499366388,310.68544349421455
445,232.2899999999999,190.08311577541468,112.45454374797576,320.82719112201255
446,170.54,200.6136294057787,119.30851110558794,336.86517004184515
447,168.83,174.07232378834124,104.19657014491857,290.3623373312075
448,142.32999999999996,167.51428286271022,100.85380950741568,277.80217407740656
449,191.75000000000009,154.020353140094,93.16777032839319,254.19676003663002
450,108.04000000000002,167.50060996115323,101.79265826119918,275.21092826624476
451,140.91999999999996,136.176562237914,82.98670263780187,223.0522444197339
452,103.71,136.9885419707711,84.12633492605873,222.67740525606146
453,156.66999999999996,121.17827927517551,74.85979479261563,195.77791071609732
454,116.32999999999996,133.53800042989522,83.05865133209595,214.33147716305575
455,185.62000000000003,126.60928804658143,79.15517305410984,202.1575726842055
456,167.38,151.30141333738507,95.1976829867548,240.1255633647514
457,175.33,155.65357732809406,98.414719546813,245.84818708494606
458,192.42000000000002,160.53008190238143,101.92148179289454,252.51332787740122
459,237.62000000000003,169.7153517666775,108.14556668679167,266.017087486956
460,136.28999999999996,191.57318756974485,122.47758073309332,299.3333265083408
461,218.88000000000002,150.13171862213915,96.1444219141129,234.12205769133502
462,247.92,180.53289337098363,116.50268397069439,279.45479696327453
463,274.2499999999999,200.162899445972,130.29236371159018,307.2167992831859
464,276.88000000000005,223.10550853331523,146.37780009518022,339.77913310241024
465,176.12000000000003,234.62819536012958,154.95581000767527,355.0024243145477
466,278.25,186.01132134528382,123.45654760148828,280.00758847412214
467,298.7900000000001,224.21575980344753,149.58019154396018,335.8446934737523
468,290.0000000000001,249.28382641277395,167.08734469123948,371.6752533266973
469,227.04000000000008,253.37980295939778,170.48575339352234,376.3437902166067
470,219.79000000000002,235.94958739998498,159.7313151241973,348.31031906035065
471,285.88,225.0696362356964,153.5074405131646,329.77682380859545
472,214.20999999999995,245.084259418246,168.39271586060855,356.49744270738705
473,178.79000000000008,226.4821737718714,156.54203043896104,327.471959132363
474,140.82999999999998,202.60405116860176,140.7352685611192,291.479141381741
475,228.00000000000006,172.61714057278016,120.2996898419298,247.49949360916645
476,158.96000000000006,195.92125110397558,137.00630127426965,279.9870185513399
477,135.42000000000002,181.16045875026907,127.09415093584028,258.04721245803705
478,132.74999999999994,162.68115526259132,114.73395573848752,230.4923085203676
479,198.58,151.90494643203027,107.69172162019082,214.10306668138134
480,110.54,170.90843962126962,121.75467073831724,239.74449823598474
481,182.96000000000006,147.4058826155554,105.38072699636638,206.03285845803902
482,160.53999999999996,159.70232539736043,114.95945855563693,221.7091925901694
483,219.71000000000006,162.8704026850013,117.91205693467252,224.82662825265197
484,141.62000000000003,183.55174046881012,133.3979573798922,252.42159638478853
485,165.92000000000002,170.43097299171387,124.2219874732546,233.69183882073952
486,283.9599999999999,171.11744979036365,125.04785732767523,234.0251495773263
487,166.66999999999993,203.4732138702458,149.07154761949764,277.595748851965
488,173.0,191.38390879981483,140.63329124042895,260.3196942678304
489,259.67000000000013,187.80407109598644,138.42144932877957,254.67785612640307
490,250.32999999999998,205.07919433113474,151.506588466102,277.4708173156022
491,156.11999999999998,215.14566634983217,159.31861342947406,290.413130904885
492,317.0,195.71804892221385,145.12683139904496,263.8246759425418
493,341.62,223.44569711087738,165.73321972942054,301.1345778204195
494,312.96,206.395458509687,152.7267409689529,278.80087224466894
495,299.33000000000004,266.37784731315,196.71120349187413,360.5926258663052
496,270.25000000000006,269.6160384991013,198.6970810278768,365.72063465326306
497,168.38,260.2415228921752,191.44466220752122,353.6325083801449
498,183.12000000000003,219.9281249094852,161.4310380263504,299.49205477652004
499,228.7899999999999,203.8450314837541,149.42809361756474,277.9471428805009
500,177.17,211.7131855514397,155.04886241055098,288.9534069553199
501,167.28999999999994,198.58542692431945,145.29291694788503,271.29166983356635
502,212.12000000000003,189.39426411494492,138.45444696943133,258.9413399546696
503,299.8800000000001,197.8221600889559,144.53743781915892,270.61568827092924
504,274.5799999999999,218.49893742484608,159.5883643370887,299.0203889585862
505,97.17000000000002,229.8850389988161,167.8431332057723,314.7244255146432
506,188.25000000000009,184.17836186897392,134.30336776554358,252.4380797076451
507,179.03999999999994,187.6788063320945,136.7614270900908,257.4155282858906
508,166.71,185.04687483775163,134.82021739348662,253.84747632684866
509,228.74999999999991,182.354774074848,132.9087361556556,250.05884904297685
510,151.62000000000006,196.25194148749281,143.43366443501364,268.38545506537133
511,248.70999999999992,210.23173694536493,154.2005291741789,286.4915886587015
512,347.12000000000006,200.8668504364162,147.81614715425158,272.82932621471394
513,313.6199999999999,223.60577756157366,164.9786282637741,302.9412714862739
514,297.5800000000001,229.21857945879273,169.2687266222479,310.2761537567007
515,122.37999999999994,229.55639587178771,169.8466512505612,310.1342908292086
516,166.71,173.99281928587783,128.72781031923267,235.0518282569053
517,253.24999999999994,228.08411474404218,168.88845379966415,307.9058170483228
518,224.46000000000004,216.5980923793167,160.41972267935157,292.32803340997447
519,300.21000000000004,220.87417462282045,163.6345567982643,298.0146802829479
520,163.82999999999998,238.76472982871744,176.7356829058076,322.4416675930157
521,204.79000000000002,190.26185914799441,140.3931371741994,257.7190545159101
522,198.54000000000005,240.40563447760292,177.04771050676197,326.3093497898181
523,201.25000000000006,192.44425994199537,141.66377522117082,261.29981399618237
524,204.5399999999999,237.04000459934178,174.54212749957898,321.7888632589949
525,157.96,198.89626837024602,146.405471984525,270.07893330136596
526,170.16999999999993,206.75483244845012,152.193711391586,280.74831730106
527,151.67,196.40338437130117,144.55534215477792,266.720137126994
528,162.5,192.01429259553922,141.31452052179677,260.7759383200153
529,187.83,193.5044346007444,142.6441963784597,262.3728060942974
530,157.67,201.62038112899543,148.8427420038213,272.98737035800093
531,166.25000000000003,181.44603728258045,134.08027149991958,245.42056275506195
532,162.07999999999996,202.16087080246658,150.34065873154566,271.72472428199654
533,172.00000000000006,178.3368296066673,133.29178585422886,238.49118145082767
534,342.71,207.73446311325907,155.99971593846064,276.51691033796976
535,321.79000000000013,233.6018122147397,176.12183550574127,309.7353203363567
536,133.67000000000002,219.33265060135955,164.84856914273524,291.71568137099774
537,223.03999999999996,157.900315253965,118.00678573458335,211.1669788151586
538,341.11999999999995,236.57679324026603,176.17113394987007,317.5774760706695
539,300.33000000000004,210.55675682236725,156.15937948525243,283.78262960689585
540,165.38000000000002,235.23001776025455,173.49111451184527,318.8135414925205
541,353.79000000000013,169.48197070825668,124.31780973775162,230.92315918537327
542,253.46000000000006,276.89112840304944,202.43267517214002,378.602141985182
543,146.88000000000005,186.42648167037004,136.08633359329414,255.25228358322613
544,151.71000000000006,237.021951632093,172.96217296765627,324.6710840769035
545,291.2099999999999,189.36494911428898,137.6790848924879,260.31419802330157
546,171.58000000000007,230.9683222919481,167.51978815140146,318.30554350446835
547,157.42000000000002,181.74410594650774,131.44760454560844,251.14052283360633
548,134.5,200.77322125239075,144.94727392491419,277.95301994822904
549,90.38000000000002,184.0760778483278,132.48894126085003,255.59919292330278
550,132.04000000000002,161.1450662029836,115.54533442249125,224.58622894900049
551,345.25,187.08380615462724,133.79205319919,261.44513157860246
552,260.11999999999995,248.09436642407414,177.06979544602441,347.4476591259891
553,153.46000000000006,190.5486726047618,135.64128918411052,267.5198170752685
554,188.71000000000006,178.02047449282787,126.606412044199,250.14984250585044
555,170.70999999999998,200.351029118155,142.43019491002826,281.66179901917917
556,302.29,178.99784290645053,127.14847298237015,251.8256692955875
557,285.45999999999987,240.73149671381324,170.83944395640538,339.0506610014677
558,199.28999999999996,202.56228624023998,143.52031445011235,285.72511914342283
559,341.50000000000006,196.58233496972338,139.1216871166846,277.6062592836105
560,352.83000000000015,251.24642127957145,177.62698709726632,355.2074134615732
561,297.00000000000006,229.21943299030627,161.9131472000492,324.3327815298759
562,253.79000000000002,233.58945611845795,164.9055527883934,330.7080832860701
563,135.74999999999997,219.01474647131738,154.51839366954394,310.2589290736597
564,338.04000000000013,173.51687355894387,122.30432292634814,245.9997680047308
565,315.96000000000004,281.52576866257664,198.43722103788969,399.2302556312454
566,352.45999999999987,215.92018669370438,152.00805624837483,306.5286919457965
567,340.42000000000013,259.9972019277596,182.69750099093795,369.8245297113767
568,333.0399999999999,239.41299256368902,167.89641807841383,341.21215376275313
569,209.58000000000004,259.72291750827577,182.15582628523924,370.13992545431506
570,144.88,209.3851739270269,146.78788527009024,298.49627689315895
571,326.7900000000001,195.97011118480165,137.14834786669522,279.8374135432303
572,344.03999999999996,280.87155859031225,196.36111268174812,401.56955619342466
573,344.00000000000017,237.718865165897,165.9061300405155,340.4296201838753
574,340.45999999999987,275.0043916054594,191.68040400648295,394.36155520483885
575,342.4999999999999,249.94284127569617,173.95726259618266,358.92966884069904
576,332.7900000000001,271.1878416946096,188.55976121829156,389.83305808269233
577,288.50000000000006,273.09343571731614,189.70772822176332,392.93899871724807
578,288.17000000000013,255.42633891312533,177.27304507309503,367.8413313489347
579,282.28999999999996,264.60679039276687,183.5302663722374,381.3056699026203
580,198.25,259.5011818146301,179.87881706171302,374.1730956072425
581,318.75000000000006,221.31594651494163,153.28928499222036,319.33579050759414
582,326.0799999999999,291.45100978002057,201.8791166432835,420.56923066524575
583,94.04000000000002,263.7425291229263,182.64836568894032,380.6456871994062
584,149.04,204.91083081936833,141.78805694346852,295.9384916100434
585,112.54,275.3638072669484,190.6455429230185,397.5323780671624
586,302.7100000000001,188.39231332073294,130.29588449504516,272.19552690421403
587,313.6700000000001,274.490722569449,189.15978218965947,398.11245873294945
588,260.6199999999999,275.5935194417888,189.22087844936465,401.18495267626463
589,223.11999999999995,261.0020017603967,178.62410115892575,381.1594567965016
590,272.38000000000005,248.19129843086944,170.08333726832097,361.95938695814084
591,305.9999999999999,267.9393488549675,183.8637697198015,390.2522906579381
592,307.96000000000004,275.0755498570609,188.9632647493676,400.22341195513815
593,302.08,273.2253862434888,187.91562051564833,397.0589972133175
594,286.21000000000004,272.11397471918195,187.48082191498014,394.7497767096779
595,299.79000000000013,267.2384801452139,184.39281597450812,387.10501826838765
596,263.6700000000001,280.82086972391437,194.02768373441342,406.239634349044
597,146.78999999999996,264.70391328985136,183.72219757357124,381.1877958626105
598,57.12000000000001,209.16276662980894,145.68146303084308,300.1177252043643
599,270.16999999999996,113.20567349969804,78.6932027422102,162.66434539857343
600,276.54,292.7397628559872,203.9384112043684,420.01940663845835
601,198.58,246.90390402724626,171.93462690609144,354.3732802472389
602,284.6699999999999,225.08251188259206,156.69315395988332,323.1313962947653
603,284.5400000000001,266.27888428765004,185.40849613979623,382.2336157707983
604,282.3299999999999,255.00051757099203,177.52695690220128,366.09450569146924
605,280.75000000000006,255.66807917585436,178.61055968545799,365.78524349120676
606,257.5399999999999,252.64518645060318,177.01603365623336,360.4049773392897
607,238.75000000000003,243.93169812912836,171.32929260064026,347.1215285171755
608,144.82999999999998,238.17010783580804,167.8800462859634,337.71580296307906
609,238.21000000000006,202.40846013447705,143.06688999206656,286.1929952576721
610,172.71,246.32658883674168,174.62694475048934,347.29758971507835
611,254.70999999999995,209.37523395487233,148.19665398325657,295.6402923924423
612,252.74999999999994,238.13811963284812,169.00161834850988,335.39115213773283
613,245.20999999999992,232.54648823716238,165.64908478818435,326.2983001211074
614,245.17000000000002,230.86045452016143,164.97314310777224,322.90343017959265
615,254.42000000000007,229.21292783449223,164.41003985063767,319.4037202940364
616,249.4600000000001,238.266393988731,171.46277013812525,330.9464673246317
617,248.54,235.29915048490602,170.93498928884463,323.75814696497645
618,243.46,243.42461321018692,178.27603016304906,332.24807275469954
619,236.08,239.97583776053852,177.81996905938843,323.736407739271
620,215.38000000000008,237.1135515410395,177.87985625849396,315.9617005145319
621,181.8799999999999,230.1162311716403,174.44555031867912,303.4517926727731
622,139.20999999999995,220.41362185801444,168.57844401843536,288.0932997295002
623,150.91999999999996,201.67071487465768,155.02858961355696,262.2557197981352
624,180.83000000000007,208.3358016297407,160.8700630084226,269.7200888757669
625,179.67000000000002,213.42066660694357,165.42288020484548,275.26142638304987
626,88.41999999999999,207.6956151656879,161.49484112073597,267.0322617566903
627,23.500000000000004,159.0103284181558,123.88972097029713,204.00730565788825
628,146.62,52.590638607145806,40.722498818693595,67.83472053775783
629,140.79000000000002,119.20037411993879,92.12606692148982,154.14592655087412
630,93.07999999999998,155.28514658982425,120.46738826573898,200.0831663818046
631,23.67,117.75424217526738,90.8726182581654,152.50134024692014
632,25.62,64.26461752300783,49.29334066606536,83.69253074092397
633,32.62,39.40514353175221,30.032781792250102,51.60809793820047
634,25.42,37.87742480717423,28.993372365881925,49.392938186464036
635,131.42000000000004,31.735800370632667,24.351459378565078,41.271042858068775
636,194.96,125.08425735247086,96.24563933663529,162.47509318225175
637,197.04,181.15919459246294,137.67115373735948,238.28532560867566
638,176.74999999999991,178.75113153871322,134.3267215671673,237.75897468934835
639,116.70999999999995,164.34132265683937,122.30869371691881,220.70174830229453
640,168.67,118.60574884063578,87.41862799303259,160.79322706586814
641,179.20999999999998,163.4980730100802,119.6815198524394,223.22336126621715
642,117.25000000000004,163.22544247007752,118.7031006524361,224.30741315382852
643,154.17,118.35914667705126,85.52227244782279,163.6582491700648
644,170.54,151.6300416200107,109.12309267651008,210.54445483436157
645,163.33000000000007,156.8783354624799,112.45722467211766,218.69133195736313
646,43.50000000000001,149.96839785811818,107.1945896614133,209.65246629402805
647,41.71,56.48776697836289,40.10392896111134,79.40212786678572
648,23.750000000000004,65.49952433987683,46.52465527902355,92.05036957062866
649,26.119999999999997,38.57758826872355,27.230659297358933,54.48526078224264
650,103.71,42.92681427031524,30.26206378406457,60.722253056189516
651,53.78999999999998,122.60985250733451,86.5053474075941,173.61099337980545
652,82.79000000000002,62.97126273524391,44.01513705590208,89.90991883151554
653,84.41999999999997,90.52359407393749,63.0752110960847,129.73024854572404
654,48.209999999999994,85.54712552787944,59.32890667955131,123.15946764832422
655,90.41999999999997,60.176444469763375,41.169287335318295,87.75078509632567
656,54.53999999999998,93.26657201425569,63.34839184613007,137.09492893882273
657,64.92000000000002,64.00647769314614,43.00878509691907,95.02269484974595
658,61.829999999999984,70.89341868973956,47.3297142752889,105.94587643239895
659,96.95999999999998,66.2655011962669,43.948838037576365,99.66217167621699
660,81.41999999999999,93.02159685641543,61.50928849399395,140.41995355265774
661,47.07999999999999,80.03375903888681,52.642021670318265,121.41280062727013
662,138.45999999999998,56.45375505331797,36.789546231991466,86.35045267445395
663,111.49999999999999,107.06414089277493,69.19298982858432,165.3678748463568
664,105.61999999999996,97.19744215493704,62.10842731514604,151.79635471850753
665,35.28999999999999,94.25010399423914,59.662657189057704,148.55794439795622
666,46.49999999999999,52.78135203274892,32.89754761040607,84.32870459285171
667,81.41999999999999,57.68053125711816,35.65971665184356,92.92884242176645
668,61.66999999999999,79.2465428673751,48.75722212239564,128.4185520711989
669,104.38000000000004,71.29051074855117,43.53850207665618,116.33483841221141
670,115.33,89.76019016655412,54.614822013396996,147.11540918147264
671,109.12000000000003,95.49466326149263,57.85632811665374,157.20253039730812
672,32.03999999999999,94.10728061890234,56.78287427555909,155.54110218862277
673,21.17,54.17504919139134,32.37131175668874,90.22464455303519
674,26.25,43.530814194665126,25.699210644537953,73.27161196787907
675,108.57999999999996,45.54125559911142,26.8344851415115,76.82031755677716
676,39.46,88.57634766935738,52.45762523427662,149.0987375817193
677,105.96,54.8609853907052,32.276331016877435,92.77385046560329
678,52.03999999999999,70.53412689820001,41.338738787393794,119.86168501106572
679,41.74999999999999,59.76902558403449,34.77050178406155,102.23798342908599
680,47.74999999999999,58.01491472641797,33.74650350316175,99.2333993073424
681,31.21,61.99426329019916,36.149571538919815,105.8189226171171
682,29.709999999999994,56.251944516923324,32.761995475208614,96.0850539144151
683,36.67,51.19674304839097,29.629323856784044,87.95070611414445
684,56.38000000000002,52.39856851880524,30.356855010252495,89.93409141080117
685,29.250000000000004,59.10492141822172,34.316321612202906,101.29269113469451
686,27.919999999999995,47.44440966548575,27.340081981660653,81.81065768815003
687,27.669999999999998,44.35420566922865,25.43341067918458,76.81833365553969
688,42.03999999999999,41.590619306272764,23.7440660817427,72.30892371930246
689,31.96,48.839070012190604,27.87721417769621,85.0170542904566
690,76.07999999999998,43.314500465421574,24.617411040543452,75.65782261883831
691,40.32999999999999,60.882993800727405,34.69064913572877,106.29714965893604
692,36.08,48.97763697579912,27.767593838943498,85.82562092848617
693,18.83,45.044464983005085,25.459293108394753,79.12658338550018
694,40.21000000000001,32.793528648203676,18.236556434232966,58.36626871869227
695,31.580000000000005,45.28039271036026,25.344436580755286,80.30273512813767
696,23.210000000000004,41.15031086299784,22.993358243483776,73.04752131060536
697,61.50000000000002,34.73364120003024,19.368509208564234,61.68957145256418
698,68.20999999999998,48.01844488980297,26.955595272055763,84.95087731208076
699,36.74999999999999,52.514459792470696,29.55267441086859,92.73311705443422
700,72.66999999999999,41.80293901487828,23.471762356768107,73.8655352892756
701,72.49999999999997,51.11707539932928,28.826496914386958,90.06632790219507
702,54.12,42.996635248653575,24.20041243968996,75.81239018748701
703,71.0,39.62962022441312,22.326583580305606,69.76758728499635
704,71.25,47.23740902802547,26.704504968500903,82.98806015059937
705,26.540000000000003,49.59850891875198,28.069561576799188,87.07181690845869
706,32.5,43.32178801006043,24.46291815068712,76.14830172973423
707,12.619999999999997,40.97567269049144,23.114606781379777,72.06596843120717
708,36.61999999999999,29.551746880441858,16.54024796634984,52.21528174728724
709,38.17,37.68273339334045,21.19608724934673,66.41520908484878
710,47.71,38.81874842548656,21.83718253772384,68.42768546658982
711,68.91999999999997,41.204055840677306,23.210910516117558,72.56940699182913
712,35.38000000000001,46.33409010735097,26.159244199253575,81.49552417045524
713,31.5,39.40050389157327,22.184841697234816,69.39947634784562
714,26.38,37.52729479765531,21.11936068810392,66.10648039767902
715,18.670000000000005,35.60810250959979,20.025191956882416,62.74035357687561
716,24.919999999999998,30.974495260737577,17.364423055405528,54.67113892412742
717,22.539999999999996,31.46698770874184,17.647679767570537,55.52742346598784
718,17.579999999999995,30.15790001241877,16.896117298589708,53.24722675797337
719,29.709999999999994,26.437503015812183,14.759479920242565,46.76912534884688
720,14.88,31.754898620098018,17.813916594102388,56.0260518721135
721,61.58000000000001,24.40409682465339,13.59188923076304,43.227866951990066
722,40.75000000000001,40.267168939249046,22.703721142387906,70.84438350547369
723,62.78999999999997,38.3453415915176,21.600010913541293,67.49801581403898
724,23.750000000000004,44.47023124230375,25.125793906792893,78.13795602173069
725,23.210000000000004,33.295866089073996,18.710246822963036,58.67487070884265
726,20.499999999999996,30.537105010742874,17.161487923014004,53.76362931686298
727,50.25000000000001,27.874904886822552,15.65703051361421,49.05454793047271
728,21.92,37.93264989831385,21.451157411919034,66.5132778366243
729,21.880000000000003,31.087484929976135,17.498266713734633,54.65963044348263
730,32.78999999999999,28.842036980636042,16.22732010695696,50.69388887096937
731,18.869999999999997,32.38550136261418,18.333368267655736,56.651190718680816
732,17.960000000000004,27.2673404677444,15.412635128646084,47.68459761983968
733,30.379999999999995,25.604202662889577,14.481598303613747,44.71773439974144
734,26.209999999999997,30.16776426856331,17.199100523380984,52.37788690450411
735,24.540000000000003,30.26548663505668,17.309074135820147,52.390501741125846
736,46.71,29.028715120668817,16.62813305869162,50.152537185648576
737,51.07999999999999,30.373297521109198,17.456011868241696,52.331337472845334
738,33.07999999999999,32.488607089110765,18.73543398599569,55.82605234648753
739,60.28999999999999,30.53711058417491,17.621165623049347,52.41176616609709
740,34.709999999999994,37.27428105997957,21.626783297182605,63.74276840052279
741,20.709999999999997,33.661952958176315,19.51256622206227,57.571461506489044
742,19.92,28.629045178461443,16.556881712756475,49.00206372350617
743,29.920000000000005,27.451804381611822,15.877879677333155,46.96249221142772
744,66.46000000000002,28.63015136958569,16.59334973961673,48.902143888358054
745,44.54,32.80943860474005,19.09084624884999,55.895469937366
746,56.03999999999999,32.32379277641267,18.843441157719827,54.96182417046537
747,51.580000000000005,35.40564862735126,20.686514441746642,60.11499639733791
748,83.54000000000003,36.324045322055646,21.24048982080595,61.637305672091564
749,68.12000000000002,45.265028680006,26.57547067511464,76.62162626269946
750,38.54,47.11138613702061,27.682384772479185,79.7012908580204
751,83.21000000000001,37.784260338423685,22.12627031410113,64.04372860683179
752,93.07999999999998,49.668991139944445,29.21778545186203,83.96144322785139
753,88.58,65.36555996238998,38.56795827072095,110.31197417332218
754,35.790000000000006,69.88603225509307,41.27067848179193,117.87269732456599
755,58.88000000000001,45.144132246753934,26.509443795245335,76.40181723244932
756,82.08000000000003,51.28041819477469,30.17363058938609,86.67801744436966
757,41.04,60.069497736191515,35.420276171108455,101.4012980085316
758,44.74999999999999,49.83041099725514,29.31813477984252,84.22063447873153
759,76.46,44.872869470562684,26.36438808813921,75.89995283963158
760,38.33,55.17655170531702,32.50032298580517,93.20222494085627
761,31.580000000000005,46.208852571364815,27.145037549016408,78.18538951044123
762,38.74999999999999,38.9691203584921,22.823456790044055,66.05704366543668
763,35.75,41.969470946480115,24.606883412281004,71.10465263159988
764,104.92,39.51096336362282,23.147800844244376,66.9622199650514
765,54.580000000000005,62.65071518825064,36.93334214761923,105.80349567432128
766,71.0,38.97618721772696,22.82018202539119,66.08998036888475
767,58.25000000000001,54.87654297027402,32.26640450360601,92.85408795742985
768,71.17,52.553288704645226,30.860326076954525,89.01649023164123
769,69.79000000000002,56.731314717983,33.35426336451019,96.01575212670316
770,76.32999999999998,57.03812654992457,33.612610148075916,96.31783066965001
771,37.42,60.29547534002668,35.62337719267476,101.58844446249768
772,115.83000000000003,46.10097675290805,27.193405190376698,77.68868609866362
773,81.96000000000001,63.60989490088369,37.73344756699254,106.77348212764211
774,74.83000000000001,55.417374039457734,32.866402255792885,92.98459480483012
775,72.95999999999998,58.601764932942785,34.817810018208625,98.17888283275435
776,89.0,60.51620815753287,36.198834361631334,100.7301732976925
777,73.12000000000003,62.03822247344925,37.32726344620095,102.68122154585943
778,102.04000000000002,60.95607787342046,36.84401779902238,100.4309740007706
779,85.20999999999995,70.15319432284657,42.62611866240919,115.04922045717419
780,78.28999999999998,72.6970788089088,44.33824111416529,118.7942242904874
781,65.61999999999999,72.14217796417255,44.125826469575216,117.55247019020521
782,52.5,69.38903767211458,42.533016578108985,112.81284858853188
783,61.209999999999994,63.786163550416774,39.15077967651262,103.53712285036028
784,98.67,64.21955174945644,39.490469957516545,104.05163152867776
785,151.11999999999995,69.02399562784176,42.538222137691406,111.62196118575818
786,78.87999999999998,80.74573550594236,49.890929564799464,130.30758920209595
787,110.61999999999998,78.86387028646756,48.773064954181656,127.14637360598897
788,126.74999999999997,84.4516716188273,52.36406895564963,135.83342228870345
789,71.49999999999999,95.30061318779069,59.24335037897643,152.9391159689026
790,76.32999999999998,84.14255413444094,52.64137800721502,134.1429585489237
791,81.16999999999999,75.95792492541823,47.77741831665158,120.41934553359673
792,153.04000000000005,78.1061038748261,49.39597300118819,123.17213712903686
793,104.75000000000003,93.19612916313456,59.27069746573469,146.21765505306104
794,52.53999999999999,91.40177810559696,58.341389650560494,142.88083338380892
795,112.37999999999997,77.91537804362346,49.839657353426425,121.49565036355004
796,87.32999999999997,82.38800962920656,52.86462399858006,128.0932644420566
797,185.79000000000002,79.78023608384038,51.45458180901138,123.40184092059538
798,136.57999999999998,88.68753366152265,57.32487852247465,136.9146240516759
799,163.7100000000001,92.4494383677526,59.79687516056645,142.638920720593
800,202.1699999999999,109.36137191136153,70.82523137197491,168.57317334741174
801,161.25000000000003,132.59344235120562,85.97153942632288,204.20745012641746
802,171.41999999999993,137.5993205992566,89.25377597368957,211.84175053435405
803,83.82999999999998,145.00029561568311,94.17383506778847,222.97002605478986
804,112.25000000000001,98.91517885432046,64.13610642338111,152.26434927813486
805,194.32999999999993,104.29128851863251,67.70200528808513,160.36727583753054
806,199.95999999999995,129.38848190265324,84.07083999642501,198.8470476322202
807,111.66999999999996,146.58488049542953,95.21710483471654,225.37655735190245
808,97.11999999999999,122.03079840344223,79.21281573859835,187.70522392726247
809,129.17,101.65553686055048,65.93124064025363,156.44754089901036
810,90.28999999999999,116.4863873869109,75.60341605010902,179.1884554625897
811,137.46000000000004,100.08261255430186,64.90965255173144,154.02576883990398
812,145.20999999999998,117.7438679136346,76.42726807056981,181.10775762150607
813,135.70999999999995,122.79896292861571,79.7927771577042,188.69744278358797
814,160.92000000000004,119.3208020571744,77.58019752337148,183.23338021485552
815,72.16999999999999,117.09151900245651,76.42656745688603,179.11397532343113
816,121.54,108.54360339507812,70.82453494379416,166.07105801894215
817,98.46000000000001,119.6203611548932,78.0894857332955,182.9596172644203
818,177.17,112.45620118172822,73.39381723397236,172.02929282556795
819,174.29,129.06054373946526,84.21164411983041,197.51447783377216
820,178.46000000000004,132.43788794012548,86.43689547622988,202.6402349482094
821,163.67000000000002,137.13620530563836,89.82502266351932,209.09200610864008
822,185.53999999999996,134.3815345950482,88.27245665092325,204.30587593189847
823,135.61999999999998,140.51323927309068,92.54620564285293,213.07599326924742
824,159.79000000000002,133.613256442993,88.17175789962344,202.21152388388109
825,262.66999999999996,138.44108383587817,91.55976728347194,209.06768309795027
826,259.67000000000013,162.1965853067779,107.13170310076825,245.3026540049309
827,118.75000000000004,169.9476659333799,112.09256447054128,257.3998746945259
828,141.17000000000002,135.0561430383833,88.89149384845076,204.9290959130061
829,144.25000000000006,146.72263995873524,96.49057540650364,222.8367992535448
830,202.50000000000009,144.19650763376856,94.7325451223584,219.2179603822033
831,255.20999999999992,160.37254756870794,105.31211833884295,243.9494894440491
832,286.9200000000001,175.41099705932766,115.0424444696914,267.1849734007837
833,292.17,190.72601694021378,124.86608695604902,291.0474169074225
834,295.2100000000001,205.04568702805605,134.1307989326363,313.175787297962
835,294.7900000000001,225.58851402583983,147.47638076678504,344.79476158623993
836,295.7899999999999,240.40391027387045,157.06952469134674,367.67225361312865
837,300.3799999999999,252.6080963417074,164.9581831098864,386.54983529482416
838,293.2500000000001,261.45059194808323,170.65445059132665,400.2730982308691
839,306.75000000000006,270.50348127888236,176.49620624229394,414.29980785013396
840,305.54000000000013,279.17741865705585,182.0973416421326,427.73034213003365
841,289.7899999999999,279.9749414452563,182.8084297632362,428.5065129594808
842,270.75,273.3728019105831,178.64721188721475,418.0459380773818
843,198.17000000000007,258.638694209984,170.5518549489529,391.9555384354475
844,223.11999999999995,209.07278690437838,138.89178075574748,314.4622491711991
845,232.21000000000004,214.26194631319504,143.30341329888515,320.1130247804254
846,223.29000000000002,221.17009827644034,148.96160858200687,328.1479268253566
847,160.99999999999994,216.7216120809523,147.22503142391028,318.8022622208877
848,138.78999999999996,166.16078680792495,113.91004746945326,242.17045603581877
849,280.88,150.47141164221438,104.09428374555522,217.31433382651048
850,173.25,295.0413186207703,205.80930617409243,422.7742679574997
851,229.42000000000007,190.83138613404853,133.46970419245093,272.6622418194947
852,293.2500000000001,220.86490132773733,155.34869439062436,313.8349567805435
853,189.0,259.682395687406,183.53259973460186,367.25640303696935
854,280.25,197.65759034052317,140.24701826361297,278.4029826969436
855,264.88,246.5036168800248,175.63692451500276,345.8020094716443
856,134.70999999999995,247.36000683728187,176.81301837377248,345.8963834051474
857,197.82999999999993,185.185313095014,132.57985336920726,258.50747764691994
858,183.24999999999994,204.9784803477788,147.04508607878424,285.5825235415251
859,294.2100000000001,192.00118131434115,137.9287818845532,267.1190713936056
860,247.57999999999993,243.83629523243061,175.05279324084609,339.49338473792596
861,332.7900000000001,240.25428831642685,172.31924692530245,334.8174736135933
862,212.58000000000004,264.8940347555848,189.86113234037623,369.4244905794672
863,316.2499999999999,245.3204195118592,175.6854940225261,342.3997193949768
864,350.5799999999998,262.33925730461283,188.12026083441765,365.6850084267895
865,342.32999999999987,281.93062385016805,202.39772232424636,392.5626072775488
866,337.4199999999999,293.4821475386909,210.88598157438415,408.27547247176295
867,174.99999999999991,299.22048110451874,215.30821688596777,415.6847592393783
868,229.75000000000006,239.83575573229976,172.6144243600246,333.08434496703666
869,292.53999999999996,237.7165656726883,171.16494005162582,329.99421234936136
870,264.53999999999996,250.91543067880275,180.7542808878558,348.1603273611089
871,311.8799999999999,249.947809137953,180.12719676179142,346.6827557484892
872,359.9599999999998,257.84940370090607,185.89266126178634,357.51067315297865
873,139.71000000000004,272.7818747331251,196.49560187017585,378.5351097573171
874,155.20999999999998,235.11490466534292,169.19337315722137,326.57002914339654
875,254.75000000000009,215.68645181479272,155.08728734245508,299.81257224407835
876,279.78999999999996,237.54062465248737,170.93829725039163,329.9421491288454
877,233.33000000000004,241.73066322832287,174.05246559878657,335.5743788282289
878,242.75,233.08831217703673,167.89688588693255,323.4425591989759
879,365.1200000000001,240.65356777085063,173.6745748039635,333.31566604309285
880,300.5800000000001,251.72337118711485,181.96047337332627,348.0868883677237
881,282.5000000000001,248.12378068189182,180.11543586216317,341.66907072720045
882,350.28999999999996,255.79956669576887,186.55146072955262,350.6155896553008
883,372.8299999999999,269.02897511592437,196.98146555134286,367.2953209741098
884,327.42000000000013,277.45501848562435,203.63140289785036,377.9115268810187
885,289.9599999999999,271.3124796645017,199.5106213580748,368.82622705359944
886,222.41999999999993,268.84361020513785,198.0245686888591,364.86223725160824
887,205.82999999999998,247.78917285526902,182.75621498565587,335.8378725848297
888,316.2499999999999,238.3051422222047,175.96451812189432,322.60696766650005
889,300.96,293.5189859122991,217.0180891564384,396.863468111437
890,282.5800000000001,266.5966330645621,197.2614065515131,360.17951180218444
891,301.29,293.14284928914367,217.09082380962263,395.71552556223804
892,177.37999999999994,269.83070721113404,199.93256471127754,364.0442230401004
893,320.8800000000001,227.58084508430645,168.25594962749796,307.69935653338536
894,224.57999999999998,330.2489407003561,243.7082296287469,447.3946489318155
895,238.21000000000006,234.09299381150728,172.1268840660876,318.23820518920513
896,269.88,283.40633481233533,207.88162067073998,386.2382980448446
897,337.49999999999994,250.73621443656376,183.46644414518596,342.53739484984493
898,381.9999999999999,284.76452762051775,208.2424656969538,389.27147273464055
899,357.2900000000001,280.224988928941,204.92086098426734,383.0674228927461
900,198.25,287.4388718081131,210.20510560966522,392.9155851833244
901,345.7500000000001,242.10085213858892,176.89145834854963,331.2139514687379
902,358.7099999999999,300.65154009811675,219.36520856624242,411.9220408048795
903,378.0800000000001,277.4802220959424,202.51075665954477,380.0670029021692
904,360.03999999999996,299.206775417807,218.41476543233347,409.7476897882311
905,336.62,306.8096103585246,224.18533659555712,419.7501148231339
906,356.96000000000015,296.0084030703501,216.4589840356485,404.6580687415445
907,368.6200000000001,305.78363458765176,223.77028149242577,417.7217181288325
908,367.42000000000013,312.1462088964877,228.95732371503442,425.4293328955262
909,366.8800000000001,316.16981568687964,232.36531928320008,430.0695877683962
910,369.88,330.2338316689947,243.23851144499847,448.21601672482956
911,366.6200000000001,339.5571526848786,250.57310141991783,460.01579855011187
912,206.95999999999998,340.71681638958813,251.82270857258695,460.86667037431084
913,249.32999999999996,278.67102361615065,206.08761780512225,376.6946312845695
914,367.99999999999994,282.75284218362606,209.25690777041407,381.9395014940641
915,372.29000000000013,319.6697901197027,236.75298802004295,431.5039830277361
916,351.42000000000013,319.1753341468954,236.65018772345454,430.3577261523822
917,371.20999999999987,316.34728809851975,234.77354996199628,426.1441867831144
918,210.33,324.76406145042756,241.22109487564768,437.121311387678
919,322.53999999999996,285.30031975647194,211.89413518882185,384.0170556364009
920,327.95999999999987,309.76863671791745,230.10383850868303,416.8950301765946
921,367.37999999999994,313.04246510911315,232.69283763784003,421.01836773725483
922,367.53999999999985,320.8382518927118,239.0513447243513,430.49044009853975
923,358.57999999999987,323.29412104750065,242.06713632574275,431.6651415559258
924,340.04,323.6832904054697,243.37101383900955,430.3901121594243
925,360.32999999999987,325.34978770733454,245.49339269181462,431.0772365277239
926,317.2899999999999,332.5698451719238,251.70340729008942,439.3139743988129
927,160.61999999999995,320.91559375918837,243.49689067008566,422.8485373835061
928,312.4599999999999,284.46956583606925,216.2861776116157,374.0485829995908
929,343.41999999999985,364.27296560300255,277.5413216728037,478.01093668659655
930,340.04,355.0543923830919,270.93699397732246,465.1915559229314
931,351.29,328.50379308169266,251.8950418961747,428.31940792970215
932,256.11999999999995,325.32360707854366,252.32716109723864,419.35404366244444
933,340.25,318.5008172595795,247.76895988052232,409.3436870844583
934,346.71,333.9523092211659,260.45954662778297,428.102899089437
935,341.38000000000005,322.86704660648957,252.35814308771697,412.9983921546797
936,343.3799999999999,330.71136144611194,258.975873042334,422.24091856983824
937,341.62,322.9249661583644,255.05513441662538,408.7843378136326
938,342.6700000000001,329.0449845204393,261.7974319721253,413.50059458210796
939,328.67000000000013,323.53840824888607,259.015451803466,404.07276663054324
940,337.04000000000013,303.64484918644763,244.36307726915763,377.24959308781683
941,327.0799999999999,299.09516004837235,241.79816005390012,369.91345776453136
942,164.03999999999994,299.1477104161329,242.8701067129593,368.41242730534066
943,102.87999999999997,363.26720734828643,296.0333224785754,445.71957086192
944,295.2100000000001,178.43480951037756,145.7092057028539,218.46033113448428
945,302.67000000000013,373.37777540545494,305.7753073601842,455.87744533159986
946,308.66999999999996,254.99615375169137,209.16456956109823,310.8224488196037
947,319.61999999999995,313.95475454102416,257.98081592279783,382.02643017993745
948,183.07999999999998,260.0668972544263,213.9768303242662,316.0384675374008
949,85.29000000000003,277.53803620821634,228.64220871272587,336.844850254788
950,54.74999999999999,150.59658047108678,124.11369941621219,182.68510656914324
951,186.92,87.87309408489273,72.40670234040604,106.59817019970639
952,266.24999999999994,352.65263230590443,291.3073731548329,426.87215042518466
953,312.38000000000005,214.5570812669169,177.18038098552805,259.77425038217945
954,291.29000000000013,309.94261325124063,255.37200879097372,376.12895877935125
955,281.92000000000013,263.4411301937123,216.55958618332744,320.4250981301365
956,279.88,275.38277739350787,225.9656974964357,335.5594029509632
957,288.50000000000006,265.60350599482706,217.59243553757267,324.15960231623234
958,107.37999999999995,277.9264723276705,227.3920736250551,339.6421936204354
959,85.38000000000001,121.02186617071834,98.38307590089329,148.81761923561945
960,264.1699999999999,142.79614857695915,115.15462057928859,177.01558166558087
961,236.66999999999996,334.7711721733569,268.33012866762283,417.60255523734594
962,117.66999999999997,194.20913146509758,154.22803130515922,244.48791018578885
963,111.25000000000001,152.9927267728556,119.45408591535777,195.86970117064232
964,79.96000000000001,162.81395198256462,125.28768591800996,211.49111240796782
965,137.88000000000002,108.18574649650543,82.10264757840899,142.45544438582357
966,278.49999999999994,221.84661414873395,166.77526297189854,294.9948478571159
967,266.38000000000005,255.06872558397498,190.0984368747828,342.1278313656044
968,116.21,224.64593289304995,166.139848858047,303.631644572194
969,81.58000000000001,120.98057635755919,88.73990685203574,164.80428407459166
970,254.46,132.47483036466167,96.57834166423639,181.57668696787056
971,273.7100000000001,298.95219735727176,216.36924872670582,412.91006881831254
972,98.57999999999998,179.16867762232133,128.59509025916543,249.47825755791092
973,78.45999999999997,119.41461307533834,84.8505922078355,167.89433921412214
974,180.49999999999991,131.729582620929,92.57489356767503,187.26782944706193
975,263.04,222.3011912832991,154.93407863770582,318.7724478456837
976,218.11999999999995,206.39978588372446,143.19228841219748,297.31464399573304
977,157.78999999999994,190.0588819059717,131.33421176838536,274.84322955767004
978,134.46,152.0682532412926,104.68309556393108,220.6995066743385
979,223.75000000000009,155.59429509148146,106.82501014270896,226.42194248572588
980,245.92000000000007,222.72866745316293,152.69682766313466,324.6704604865044
981,86.58000000000001,180.83216378766036,123.67050432426616,264.2025510517414
982,215.41999999999993,84.86976070992486,57.56072410294074,124.91401348484136
983,141.66999999999996,368.8948813509221,247.2504986158759,550.1458144594551
984,121.70999999999995,102.77764603874164,67.59033231028631,156.0162944920917
985,58.95999999999999,207.3802836175428,134.94427010453478,318.41281943797867
986,167.38,98.92376475725978,62.67494306519981,155.80828725736467
987,140.77000000000004,199.90555605826552,124.45384148667677,320.7362017516812
988,114.16999999999999,135.98639949911654,83.07809667935987,222.1886114084478
989,222.25000000000009,152.50131328263652,91.84401424549183,252.78753138776784
990,32.58,164.56896916310873,97.90350741939322,276.1699838054402
991,51.25000000000001,198.35547934515753,116.8319919388421,336.2819765753005
992,43.919999999999995,149.43464246063112,87.12007351469441,255.81528339265594
993,114.08000000000004,100.22401912448422,57.628529312211796,173.76648600802838
994,209.12000000000006,136.55101568884203,77.90833696325264,238.77544889639714
995,70.03999999999999,150.26353971979202,85.07003190604622,264.8376898655917
996,187.16999999999993,118.88824704138372,66.38765219309464,212.29117888645936
997,202.8300000000001,158.525504672308,87.73949477790899,285.77633002807823
998,201.11999999999995,130.2998702973675,71.78059090236597,235.87161269729535
999,57.25000000000002,158.58900940594907,87.5174253927785,286.7247255007702
1000,41.32999999999999,110.29801987361216,60.76558649450635,199.55260430318643
1001,29.709999999999994,128.37497092465318,70.56950385839284,232.86892739779745
1002,38.62,72.08364596529853,39.37283885005275,131.29734295917905
1003,30.420000000000005,71.95923145182977,39.304109833642336,131.07212554781327
1004,181.07999999999998,53.51307873167869,29.114093430687692,97.68056495361472
1005,109.62000000000002,126.4052010207873,69.38113084715492,229.6312082765204
1006,77.04000000000002,112.81611916133821,61.8742556114529,205.0320055477249
1007,176.67000000000004,96.05410927262355,52.61459272652525,174.6891108871961
1008,19.96,125.49166761577212,68.87647708422784,227.97751351907291
1009,64.07999999999998,67.829950142839,37.023013883207994,123.59722554392087
1010,125.38000000000005,81.08122382605305,44.34327725956404,147.5849217782675
1011,149.49999999999994,100.92739939076223,55.306693729567534,183.5108291469159
1012,52.830000000000005,105.12797269030162,57.627172773274005,191.1147832065998
1013,123.33000000000004,81.01183407620249,44.30494500134731,147.459311193128
1014,151.99999999999997,96.50706454247155,52.86481409786377,175.50905874131251
1015,111.95999999999998,98.5739763396281,54.006616696813154,179.25062000694274
1016,65.33,92.89161264515593,50.86756758816242,168.96430206840796
1017,88.08000000000003,82.61658176865595,45.05255147875125,150.82074656385387
1018,111.83000000000004,89.0819998468207,48.0891426849449,164.3067511992079
1019,59.379999999999995,91.69887678806454,48.85669212866554,171.3556335344619
1020,107.16999999999996,79.5384691932399,41.6681175292166,151.02088574798074
1021,92.88,89.11668352685042,45.974321358328574,171.88204310457073
1022,127.58000000000001,84.13923646907385,42.66194813613432,165.01846449764594
1023,66.21,93.30708787382278,47.11888231351558,183.8302868984728
1024,82.66999999999999,81.70588098185364,41.204094073528246,161.0758103957258
1025,57.25000000000002,87.63105291869545,44.23181798070681,172.67118749963277
1026,64.83000000000003,81.1785458623644,40.94213558787537,160.01501045180387
1027,39.580000000000005,80.03653883779347,40.36202865097504,157.76688936664146
1028,36.379999999999995,69.47882653540576,34.87728694624343,137.45152219147715
1029,68.42000000000002,67.4934151835238,33.787541355616845,133.85712817543222
1030,77.04000000000002,75.43271841541068,37.83809786573922,149.4182945458538
1031,30.329999999999995,73.07611756742429,36.89569362005559,143.79933390000883
1032,117.66999999999997,61.34351091531296,31.077163412853444,120.16761395710961
1033,125.08000000000001,74.80453717507656,38.13079737588254,145.84924002773312
1034,123.33000000000004,71.25068698570573,36.46034328159541,138.35168000639067
1035,74.11999999999999,77.98394422831016,40.10445770824771,150.77097068498847
1036,54.45999999999999,81.8651158242018,42.26125667098756,157.72464068209487
1037,74.28999999999999,79.12655442096604,40.94445423302633,152.06587821378375
1038,49.92,79.17699009933503,41.06713313906579,151.81169078334835
1039,45.419999999999995,76.18839209276608,39.702858481901465,145.3791020111239
1040,39.62,65.41632582032369,34.24112728676992,124.16989878264776
1041,30.329999999999995,60.07407345598118,31.868299992208932,112.48449568096765
1042,101.71000000000002,48.19606946401324,25.559853491468303,90.12449552801421
1043,39.71000000000001,71.2481175205326,38.03383640984461,132.7247620360529
1044,64.58000000000003,60.92436269568684,32.527111388810646,113.37390626341708
1045,38.919999999999995,64.70341202472457,34.637269493693616,120.13549699576868
1046,26.119999999999997,57.336032317275986,30.68969109251371,106.38800377029258
1047,32.03999999999999,47.198489245743005,25.1776766841346,87.74333630149664
1048,40.040000000000006,44.082089409766084,23.517667651421316,81.89511116822418
1049,26.079999999999995,46.068492349004586,24.746381186622532,85.04871325215282
1050,63.42,38.89927211782787,20.994088339198814,71.38090031198207
1051,72.53999999999999,52.637669972513606,28.81751170959033,95.48691239232234
1052,36.790000000000006,61.65195549101685,34.24072328920185,110.38442008229443
1053,54.45999999999999,51.36596860817723,28.753297475388138,91.16439524193713
1054,48.209999999999994,53.974967245146864,30.504337851582765,94.93113931937901
1055,54.53999999999998,52.30786045515007,29.77217053911702,91.3473364575762
1056,33.96,53.43979396911217,30.636764667738287,92.67870572497627
1057,37.83,47.678898023361825,27.481202328070527,82.19996766545887
1058,42.58,46.22278335609068,26.788803845529266,79.24783219501698
1059,21.92,46.34553920396793,26.99773679713167,79.06361724009473
1060,60.07999999999999,38.67819600447672,22.536015610225284,65.89149362586622
1061,19.71,46.359881077121784,27.196668777750645,78.54692638759461
1062,28.04,38.19137853846973,22.38155570896001,64.69127267938936
1063,64.21,36.64492765437985,21.498348808685044,61.98864819610377
1064,28.54,48.669724567061955,28.71403371475348,82.02748668360209
1065,16.33,39.50734174064675,23.251133208765363,66.66053861353056
1066,39.330000000000005,33.906822408779156,19.880823891399466,57.35431863298866
1067,42.21000000000001,38.23126137776183,22.45107489670862,64.62990720337004
1068,23.12,40.25818589157561,23.647893147299957,68.06220717896448
1069,63.999999999999986,41.542881038189165,24.33949586394873,70.4259169459054
1070,25.879999999999992,37.508899192362364,21.878543132094677,63.81773373616711
1071,39.120000000000005,42.149687123635836,24.58036124028645,71.78613000724046
1072,54.96000000000001,38.970401053013134,22.652117317100856,66.54714340874676
1073,36.330000000000005,37.19592580953206,21.566836462041298,63.64923654236067
1074,24.25,39.93823432761452,23.15497274252614,68.38277462479164
1075,26.500000000000004,33.816995976413814,19.52007645758576,58.07498499468246
1076,21.62,39.435368975824105,22.867652215878767,67.50355658874929
1077,23.96,38.18013352474429,22.156649567913476,65.29123347549579
1078,57.290000000000006,36.29161447208165,21.06471339005821,62.026629231493516
1079,56.119999999999976,35.11339848019674,20.387556205624605,59.97833418885406
1080,28.959999999999997,36.13738995766888,21.04393762182709,61.56530736606453
1081,47.61999999999999,37.12106963640667,21.67323619251737,63.09389192987622
1082,20.12,43.838211270447076,25.727491029570825,74.22087231116843
1083,67.21,39.48702200398673,23.179259961416243,66.79359473230514
1084,65.24999999999997,32.70637965101339,19.151738154846367,55.37826476546491
1085,33.53999999999999,28.058813756390514,16.362351778826177,47.63480867599834
1086,35.46,27.234634058241856,15.861008973927103,46.28035917871623
1087,35.33,27.859905132416166,16.226673116010325,47.34909901889159
1088,47.040000000000006,28.87974885896378,16.82941703040028,49.074513953679364
1089,22.250000000000004,32.05713849950971,18.719735768356127,54.415266138064624
1090,47.58,31.669714152251593,18.523134124275447,53.669000171581786
1091,54.78999999999999,33.70432469326813,19.79531518444738,56.916417314825416
1092,64.16999999999999,31.463214041372666,18.53813737885845,52.93862503169424
1093,60.380000000000024,31.819527251091372,18.785113887251,53.44099918369424
1094,55.620000000000026,37.3885335124798,22.151999785770382,62.652363462120185
1095,72.49999999999997,40.07873318161293,23.859535100616547,66.87988242645359
1096,36.52,45.09319792336146,26.88965205910976,75.17817856957483
1097,17.999999999999996,41.658958334389546,24.808172529326082,69.51203350827501
1098,29.250000000000004,39.20332732722678,23.319724067555622,65.46076755189911
1099,44.96000000000001,37.83081354428024,22.487150323683068,63.19817047750779
1100,38.79,38.60157808140255,22.951347070219015,64.47794501660499
1101,20.96,38.75625835752181,23.118750466279174,64.53241971634598
1102,52.5,32.48180324909895,19.26286070879513,54.32442654184501
1103,27.210000000000004,47.966536113320146,28.572805588842723,80.07859944954637
1104,73.58000000000003,31.412942438637415,18.525203241775213,52.80731890578278
1105,44.620000000000005,41.22519612363582,24.32773189275043,69.39584891491404
1106,40.49999999999999,36.212678280856096,21.240315553394087,61.26455832022435
1107,27.960000000000008,39.6551574877602,23.22296196514183,67.23450545532434
1108,58.16999999999998,39.201980777469075,22.940060472945042,66.51024126519982
1109,50.92000000000001,42.211214844351694,24.72027045733712,71.59679059059306
1110,65.42000000000002,41.49317222853097,24.30354467155366,70.36034533823779
1111,47.040000000000006,38.89993136154212,22.76785785063649,65.98140541988894
1112,55.880000000000024,41.964896585921586,24.730809292582098,70.7421017601305
1113,55.00000000000002,43.09360392987534,25.557134411232987,72.20992835365374
1114,65.49999999999999,43.57523047406204,25.97999549508174,72.64534853899274
1115,56.83,48.26076341340167,28.94130153039886,80.04600294704711
1116,63.620000000000005,47.25542489393413,28.4349805510326,78.10948090001129
1117,70.62,49.28325328615059,29.794841384292297,81.10484118060282
1118,83.67,52.264836682647726,31.731932553570722,85.67813372112157
1119,92.88,57.85958344828385,35.27193072734876,94.51326588450178
1120,91.57999999999998,65.11924504123897,39.841195498045074,106.04276678268798
1121,94.70999999999998,70.37408346201465,43.17490404784311,114.32022309602199
1122,100.95999999999998,78.49123640347766,48.28209440448162,127.21810317336977
1123,94.08,84.40087361558277,52.03778171249381,136.51158096769908
1124,90.79000000000002,85.11877612597235,52.56252614369148,137.4632902029182
1125,36.08,84.35268845883219,52.18083104841175,135.9869797731947
1126,64.54000000000003,56.87760761866607,35.09744123620732,91.7993051291475
1127,63.58,60.41586480811439,37.33629700468911,97.3900048997227
1128,34.419999999999995,61.29050529888878,37.90994567200907,98.72018678972745
1129,62.75000000000002,48.0085638522239,29.622808991255962,77.43301806647872
1130,57.12000000000001,53.79190972500638,33.24550887004923,86.66560843658254
1131,54.66999999999999,54.958069755452925,33.99253883316863,88.48494951123818
1132,108.75,54.514689354554456,33.75521883104733,87.67389813064833
1133,67.16999999999999,67.67713757668203,42.03767252924832,108.59117788075442
1134,69.00000000000003,66.54410733873657,41.362820095219774,106.69364329221243
1135,63.53999999999999,65.97391398475173,41.03487517533541,105.70913463468213
1136,67.78999999999998,64.37714667036973,40.05733220164281,103.10250928549165
1137,126.96000000000004,64.78198166448165,40.45565863358697,103.38307469562884
1138,132.99999999999997,82.82020464201157,51.82266987809057,132.00779234452935
1139,129.92,97.65152606834266,61.12455835453175,155.65501459300066
1140,72.53999999999999,103.43875933239255,64.77541231721045,164.8287506931435
1141,51.20999999999999,77.21203063308391,48.40853454826061,122.80698581083095
1142,123.08000000000001,61.42719068354253,38.7669092372883,96.99992534962024
1143,50.54,84.57769841042993,53.58412863649906,133.1698154420923
1144,106.79000000000002,68.16471136749472,43.163595323632926,107.3190184923409
1145,52.38000000000002,78.3078794872958,49.657242142055175,123.16269585173
1146,100.33,70.72947626773886,44.8751617683209,111.15476016472756
1147,151.45999999999998,76.85000635259202,48.84368399181236,120.59260720163007
1148,157.03999999999994,87.23658184163074,55.48976456752725,136.82486853503988
1149,137.83000000000004,100.02847326979052,63.525742434099854,157.18109216874078
1150,160.24999999999997,105.16194432021253,66.82456712056863,165.16926432885452
1151,167.62000000000006,117.37349491978242,74.7047748309256,184.0911561498985
1152,132.25000000000006,128.2681478983108,82.05017349587344,200.2067327215137
1153,72.25000000000001,120.67002767682644,77.62382512301703,187.2838390490108
1154,61.58000000000001,90.00020946970024,57.98178417537265,139.39992582976151
1155,80.06000000000002,75.83595077958464,48.92857742347185,117.24417271354788
1156,98.54000000000005,79.13842087353414,51.18772083002235,122.05895712558443
1157,56.920000000000016,85.73240392209736,55.58617485605878,131.93900690833496
1158,75.04000000000002,73.23364404515895,47.5077272073547,112.60321799178932
1159,156.82999999999998,76.88218874195432,50.05535471834821,117.80507650370974
1160,171.61999999999995,103.90903771643184,67.83132293166322,158.89676975284274
1161,66.78999999999998,117.97097413755507,76.82723638640167,180.8655440489451
1162,130.12,82.75752616644544,53.487442824126,127.75119157576873
1163,183.75000000000009,100.00859668154138,64.39527167188005,155.01642661210116
1164,142.70999999999998,117.22739981698953,75.17922796061868,182.4846380264206
1165,80.67000000000002,110.67556533727286,70.66670602135527,173.01988434745778
1166,119.46000000000001,91.92048938403545,58.425863270622386,144.29393217308183
1167,89.99999999999997,106.2710819885487,67.41878347603289,167.18605134984415
1168,42.169999999999995,98.57024024453739,62.52590223088283,155.0659887414418
1169,64.07999999999998,80.17700327303146,50.65404793384252,126.57385188532997
1170,53.88000000000002,90.59159649837892,57.14997414957438,143.2652498441955
1171,61.66999999999999,78.56096085379167,49.20372389010054,125.08519849713275
1172,88.70999999999998,75.87473220082325,47.256991434566366,121.46359077236572
1173,51.71,87.12935803195869,54.07783234755456,140.01469531543762
1174,138.54,75.4955346600413,46.62774099762107,121.86047375662552
1175,160.46,102.58703446607251,63.18334623878273,166.18158740984333
1176,145.79,101.5698519277199,62.29155737712525,165.22397931823866
1177,106.45999999999995,117.36050667665424,71.90042527131013,191.16910585386694
1178,193.00000000000003,96.30328089544028,58.83679780800345,157.22919708030523
1179,108.04000000000002,146.90589746559914,89.68320551764941,240.23711088760126
1180,103.54000000000005,95.2264866853404,57.84796342595362,156.34676615368264
1181,194.17000000000004,104.48136371287013,63.47526314899427,171.567238151712
1182,74.42,134.63193466743746,81.73197221595592,221.35686166906243
1183,172.37999999999997,79.69854321274725,48.12769664448888,131.55770820654124
1184,170.2100000000001,113.90344353661253,68.78938965247279,188.18063909595602
1185,73.5,123.98311477075183,74.762448286564,205.181021483293
1186,142.32999999999996,99.98158676485434,60.11097365913765,165.86497129673947
1187,162.62000000000003,109.92058654283923,66.03048664324642,182.5489660770216
1188,133.20999999999998,118.6784848526216,71.23572222616787,197.28056389848894
1189,101.83000000000004,117.69423675538182,70.56817336098338,195.85177331385023
1190,156.04000000000005,112.35422458272625,67.28875897746848,187.15952175951332
1191,255.25000000000006,122.96482928777793,73.67397503201849,204.79162812423988
1192,252.20999999999995,146.05066809881268,87.5160289752803,243.29359561922988
1193,50.120000000000005,170.65322940301746,102.22890322152111,284.43198895812856
1194,73.62000000000003,107.67316761383832,64.27051089919088,179.93710615296862
1195,187.4600000000001,96.51150626140796,57.503129682744785,161.52966131781304
1196,237.21000000000004,111.81239481722218,66.62064666993467,187.20636966867846
1197,205.57999999999996,142.11811539651217,84.71887965285929,237.9531342173362
1198,262.38,116.59372726239013,69.38441468932697,195.4679929853605
1199,218.92000000000007,157.0355927243666,93.20004471004191,264.12990142009426
1200,245.61999999999995,131.26634884727238,77.56314102714634,221.67932275446353
1201,237.9599999999999,161.4858880416809,94.94057481433495,274.18767595239444
1202,261.75000000000006,146.60317832756635,85.7135551843715,250.24904873380163
1203,145.67000000000004,167.54404832694073,97.3742725700915,287.76550224240924
1204,208.99999999999994,129.2002540190977,74.57536434254675,223.3073029698121
1205,219.62000000000006,175.26341997710352,100.83354669617803,304.0938932208559
1206,189.41999999999993,153.3460962149113,87.81586453834166,267.2259249584677
1207,239.12,167.9820046976393,95.9084491407833,293.6587027736865
1208,290.17,173.755512740417,99.15128080188508,303.93358635700275
1209,272.9599999999999,188.05705266236842,107.28474499784878,329.0794508228433
1210,136.61999999999995,187.02929381989026,106.96213262172962,326.476074025706
1211,145.99999999999997,144.31478870271968,82.61160642581902,251.55330830715135
1212,128.33,170.79698874093359,98.37943852229468,295.98502808336224
1213,228.71000000000004,147.3200418302534,85.18991126623628,254.23677290460162
1214,248.28999999999996,210.2398570987481,122.2286588087963,361.1095746593835
1215,237.9199999999999,191.1061708280212,111.43578212013178,327.2298586296489
1216,225.92000000000004,199.16282688284147,116.47891389433707,340.04126381152776
1217,97.49999999999999,192.55452602187884,112.92551642928157,327.84076998509175
1218,107.29000000000005,127.01950859122255,74.49860564745865,216.0767849205937
1219,136.91999999999996,161.43739928030388,94.95489575317536,273.98241207849674
1220,107.33000000000004,162.1311880542356,95.50030688712243,274.7689107363617
1221,189.83000000000007,138.83159510422158,81.81633449977468,235.09925635436284
1222,98.70999999999998,208.99195849625363,123.50224484203825,353.18335379446154
1223,164.28999999999996,128.1762691425857,75.65694488914495,216.67771379003452
1224,130.75,188.91428548599112,111.78764205409192,318.78180565524127
1225,196.96000000000006,142.0802490882483,84.02926358135296,239.7636714337569
1226,240.12000000000006,181.28443911121067,107.38781122014305,305.5623003918874
1227,200.78999999999996,205.7990246858462,122.19667072419236,346.1346779066751
1228,249.75000000000003,196.3750551165467,116.77129208450181,329.78445258380935
1229,163.03999999999994,212.02899094062616,126.2852477790007,355.53268366162
1230,228.16999999999993,181.4550105444557,108.69012810051723,302.4897620164276
1231,113.46,199.11529161953555,120.65392648553684,328.1807432514951
1232,204.0399999999999,158.9367836040111,97.1529150050737,259.6114627189015
1233,86.04000000000003,182.270564285364,112.38097890747197,295.2410455186345
1234,204.88000000000002,149.43916563177783,92.70810300139603,240.51532077912535
1235,205.71000000000004,171.90625476482336,107.33040511082667,274.97582512695783
1236,304.6200000000001,180.96055276142351,113.56760358840178,287.9965550836977
1237,360.1200000000001,165.31410985043095,103.53802276429946,263.5963870744593
1238,181.91999999999996,229.31958374875092,142.83962358495057,367.79344742492793
1239,227.11999999999992,189.09295086087232,117.06897570313961,305.05270988247537
1240,166.71,193.82064561401202,120.04659724420611,312.5576283973334
1241,254.75000000000009,177.98008551730663,110.89496508725952,285.2851870662928
1242,128.62000000000003,192.37659845254768,121.03792574583953,305.417112553658
1243,220.67000000000002,180.63896635951357,114.5257760175923,284.5874700649348
1244,179.53999999999996,169.96391993853356,108.6193970298591,265.6376819495527
1245,176.16999999999996,184.35970128336493,118.92800703248571,285.4903679300819
1246,248.70999999999992,175.18920693748422,113.87316770617753,269.2340090477914
1247,275.53999999999996,189.53202000827503,124.2972506826255,288.7306241809473
1248,215.03999999999994,200.88414817805457,132.69700906181228,303.8475771566092
1249,125.03999999999999,202.15473460272943,134.38285462509234,303.852828711561
1250,235.33000000000004,187.81695173631252,125.49907827216421,280.8347908139507
1251,155.71000000000006,174.60603089674044,117.28093222831238,259.71385730865524
1252,174.50000000000009,200.93653238700423,135.63746594974302,297.44203293031217
1253,312.3299999999999,193.64660480662587,131.38330156140967,285.1939558530478
1254,244.74999999999991,191.00537579594254,129.99288188991443,280.4356307201724
1255,108.12000000000002,196.54807635734963,134.13033611758013,287.7970502680645
1256,185.25,210.37874044100974,143.79365053400997,307.58377936906044
1257,166.16999999999996,189.19716745530044,129.54941037984872,276.09786204904583
1258,216.5,204.08076992230602,140.19257325480237,296.8777227611389
1259,142.70999999999998,187.2870466504873,128.96487554759452,271.78148643615543
1260,78.74999999999997,206.99331385880708,142.88176882473846,299.671995926492
1261,187.04000000000002,193.28141975907474,133.47145157607886,279.6935570428267
1262,166.62000000000006,183.33246403798742,126.81225701946084,264.8466260645278
1263,133.79,183.61940040043564,127.20474085750595,264.8585226742873
1264,127.29000000000005,178.09874933398982,123.53085348468265,256.57762928160383
1265,89.17000000000004,176.5954900168992,122.62046057916368,254.13703740122338
1266,110.75000000000001,143.7651663962002,99.86149694686883,206.7795197979175
1267,230.6699999999999,135.01987713785323,93.84319775048347,194.07363116615682
1268,161.49999999999994,157.94592060726006,109.75886950859257,227.09735951421462
1269,315.7500000000001,161.53032095542517,112.3432931531413,232.0627997033929
1270,368.53999999999985,181.36767992493162,126.09427306885794,260.6795381738687
1271,376.62,212.67400164826626,147.82948032262817,305.7710703646233
1272,377.1700000000001,241.67597197560877,167.77173458326712,347.9424785478579
1273,359.7900000000001,271.33677227846243,187.43328765562464,392.5998700537306
1274,252.92000000000004,280.2101051839938,192.72867370174848,407.1952441347825
1275,139.71000000000004,239.6875041258564,164.20052463837678,349.6676190595865
1276,331.3299999999999,165.33951841854116,112.09789409207193,243.64500961606996
1277,286.67000000000013,232.82532636131145,155.92058438706988,347.4200843473211
1278,312.9999999999999,243.4475668145899,161.23852231957733,367.3133454819614
1279,125.25000000000003,256.46609495744434,168.27437569471567,390.60557987930076
1280,180.49999999999991,179.9640021537846,117.02685688670539,276.46201957195143
1281,279.5000000000001,182.31088285983648,117.74538827459334,281.982608951074
1282,148.07999999999996,223.71895361694737,144.4030853927274,346.3008016184884
1283,146.78999999999996,182.07041184587794,117.34003131451685,282.20742627104653
1284,185.83000000000007,172.0657590017238,110.78083135465954,266.95074411113876
1285,234.75,186.8983091782404,120.60230310149953,289.3380420564276
1286,260.7899999999999,203.58707381186946,131.91639635056785,313.90374340655603
1287,355.88000000000005,222.32726275290568,144.56981617046395,341.61955947173203
1288,366.66999999999985,268.7954639109721,174.96689368076179,412.655039447313
1289,353.54000000000013,286.1956191160581,186.41349436262476,439.1034403630697
1290,363.6200000000001,286.95608076367387,186.99314620413313,440.07301847450265
1291,337.53999999999985,301.8085105290569,196.7641863611575,462.64812424316284
1292,240.57999999999996,294.26875966426985,191.90181151703123,450.9586402431423
1293,147.79,238.17444684293972,155.29746548914227,364.9970802699939
1294,111.88000000000002,174.0231332226767,113.09503050240652,267.48756714637733
1295,345.6200000000001,142.9885842617183,92.64990222358794,220.38530746348107
1296,359.75,303.86813761136625,196.2155462713263,470.2842526255568
1297,345.8800000000001,273.23523728162024,175.58537543842587,424.8844492653359
1298,325.12,278.73050604523775,179.04466961728176,433.6096786906153
1299,330.54,276.8492954304345,177.76700111543585,430.84833044963415
1300,341.7499999999999,283.92388050915747,182.26050564033574,441.9847958824388
1301,335.5,295.5843143176878,189.7088674959741,460.2384135790117
1302,342.4999999999999,292.97980204635394,188.15639785862024,455.89241807093816
1303,338.78999999999996,296.35195871114917,190.43134636241578,460.8793579498971
1304,340.67,292.4712960807753,188.4011949566821,453.724700353806
1305,344.8299999999998,292.53966762138316,188.84426935284,452.87483520572806
1306,348.49999999999994,295.0678869353865,190.8220667447564,455.96616224567373
1307,348.7500000000001,298.64121706007813,193.43251635872875,460.7790308056881
1308,329.5000000000001,308.46257884683985,200.06503560572335,475.29906123673413
1309,334.9600000000001,293.740617923437,191.32064322849493,450.70414572021457
1310,332.25000000000006,308.427363816775,201.63921955099477,471.4914243686389
1311,130.54,304.51856538809693,199.69864271055317,464.0833335799773
1312,286.3299999999999,156.92924791310236,102.6882498562704,239.54458804128265
1313,330.1700000000001,323.5543773568932,211.5585803847988,494.5600647634629
1314,324.2500000000001,298.3672361973811,195.0437197703429,456.14671305689126
1315,330.3300000000001,301.5863080337694,197.13527901842895,461.10081446924534
1316,173.79000000000002,306.67763426816083,201.1694310174255,467.2484693776116
1317,246.25000000000006,230.87370295530843,151.2699820783717,352.0926673028314
1318,262.20999999999987,300.03217313460993,197.2874357185547,456.0151857264953
1319,245.83000000000007,281.8812178369333,188.45438025239991,421.38022313497197
1320,171.95999999999995,276.3149693592278,188.17668182015146,405.5172910888722
1321,307.50000000000006,233.6593069949057,161.60232975544776,337.6482250417112
1322,305.3300000000001,308.7642424968486,216.7436060179053,439.6737248659142
1323,307.9199999999999,283.53252153464734,201.4591526552897,398.87698629118665
1324,305.7899999999999,289.70850583136934,208.6746189812962,402.0599210019123
1325,222.88000000000008,287.70884706108825,209.78620141874683,394.43764160232956
1326,83.71,294.02679804959297,216.4952040241516,399.19646390791183
1327,200.88000000000002,171.31926123722832,127.01699836281941,230.95300759346884
1328,257.96000000000004,266.89684099241555,199.57117379829197,356.82169518482795
1329,288.79000000000013,272.6098446886805,205.20286007733768,362.05193382131677
1330,262.83000000000004,280.76546071280296,212.8484045167621,370.2525937712812
1331,255.53999999999996,269.17387054388627,205.3352230848411,352.76374054492334
1332,243.92000000000004,267.1336537676199,204.86682024444204,348.2338211539209
1333,254.70999999999995,261.4078605149934,201.38164580604254,339.2377966925315
1334,101.67000000000002,264.3856003257254,204.51457314323562,341.69840714000884
1335,228.42,195.6828148348732,151.83999743205067,252.10213492097927
1336,268.29,260.4267157652766,203.4522205740946,333.27823637185924
1337,269.12000000000006,252.27228711646572,198.46807547990085,320.589563978468
1338,241.5,253.18715253922946,200.84221357282271,319.10701513977625
1339,260.7099999999999,244.26964641794132,195.36719595535013,305.35055494534055
1340,251.92000000000004,253.85770085162292,204.47293024422277,315.11194528726287
1341,192.5,249.92191294026193,202.74095916754052,308.02871298365466
1342,127.95999999999995,251.89847104966364,205.58863586041565,308.58932660009134
1343,216.25,203.70137740777494,167.07703826620988,248.306236859508
1344,241.70999999999995,239.40728252202038,197.3268967755144,290.41615398258995
1345,245.61999999999995,234.23286039115155,193.9054813802573,282.90427101352947
1346,242.54,234.39399382478913,194.9186880837466,281.82310825345763
1347,240.78999999999994,230.91486111078575,192.7627658990147,276.57914455074643
1348,239.78999999999994,228.79984446657167,191.69286037200206,273.05254359145647
1349,204.95999999999992,230.87840150107638,194.06517918714758,274.63911358628076
1350,134.62000000000003,221.93006775517668,187.0533729005689,263.2750531021043
1351,64.99999999999997,199.92834243639447,168.8899751974108,236.63732231595674
1352,122.67,132.74102117713863,112.2484671273973,156.9417470205799
1353,55.420000000000016,187.32822851536278,158.67175280615157,221.12771534357617
1354,36.330000000000005,98.821905433168,83.72308379725064,116.61154525670949
1355,164.96000000000006,55.512726589129144,47.008253243046774,65.52373395818597
1356,200.11999999999998,216.0370545986927,181.13216267042472,257.63132781283883
1357,225.29,191.27820753996548,158.684759844512,230.52434290398966
1358,225.42,203.7605278807989,167.5421608894181,247.76193325616597
1359,222.45999999999998,208.77697106324305,170.36799020589027,255.79461803570905
1360,187.32999999999993,208.68154118433168,171.31601869580882,254.14951567590947
1361,46.54,187.69360987041824,154.9632675332919,227.29271897839212
1362,186.04000000000008,77.53330149307003,64.18513369346131,93.61481620034006
1363,201.42000000000002,175.09487842618023,143.87923624749686,213.03623466759518
1364,183.78999999999996,185.1956431008666,151.04388117537374,227.0184986185457
1365,196.28999999999994,177.55808838305978,145.6892838593402,216.35051183142363
1366,84.20999999999998,180.4795320981265,148.85561663996086,218.77701809924986
1367,41.419999999999995,121.09201254436516,99.00800043191785,148.052670413916
1368,181.91999999999996,81.39150467698164,65.88601952329297,100.49146400576353
1369,188.12000000000006,226.05744002479935,181.92719116550006,280.83388561393167
1370,185.32999999999996,139.7756260170044,111.88795231173796,174.55262961766786
1371,179.96000000000006,175.51118733636858,139.72844682988634,220.39233365203313
1372,161.41999999999993,152.37444541577148,120.6826794185499,192.3202048064812
1373,171.41999999999993,155.88168164488462,122.9464750613593,197.56847097541825
1374,166.96,156.70009127513026,123.2847503936625,199.09951912372787
1375,157.54,155.4291980246873,123.34720748625142,195.7884481631998
1376,165.57999999999996,152.14833297199502,121.63176021192895,190.2588700640663
1377,168.20999999999995,155.38265900365673,125.00154814785822,193.08917109777332
1378,76.53999999999999,152.19297745342158,123.08470569592087,188.12958055084474
1379,154.88000000000002,109.3419925326478,87.82220643471753,136.0755783355093
1380,151.54000000000005,167.81108345493163,133.64330086883842,210.64945981967696
1381,156.21000000000006,125.72257834288952,99.28601918948873,159.12812146354418
1382,142.92000000000004,150.26422081014493,117.91450040950716,191.41441891867854
1383,152.12,130.70470029386232,102.30822839524923,166.90654867423692
1384,144.32999999999996,146.54804361171136,114.5172596506121,187.46036721689248
1385,145.50000000000003,138.879609996224,108.3378804125377,177.9526668970626
1386,145.0,151.35577017395113,117.92756796325692,194.1799831008848
1387,130.42000000000002,150.62935222835904,117.22333180482447,193.4748139491492
1388,25.62,147.61307125762053,114.75740060778928,189.7942371948567
1389,30.62,99.46372252157279,76.91972787107824,128.5302206341228
1390,56.83,94.0002449086868,71.75019124042502,123.05529633433503
1391,78.83,100.59684980328987,75.96445916956893,133.11281000768
1392,33.75,106.87528925354009,79.97247866156403,142.71646050473225
1393,48.120000000000005,53.59864392451175,38.804493048795656,73.89134241054775
1394,43.379999999999995,75.64331798028546,53.50785624196944,106.76791816854075
1395,10.879999999999999,61.27281746186182,42.262634586905016,88.6363300956283
1396,34.29,22.79187226880202,15.095315044639086,34.16881679451982
1397,39.88000000000001,33.275527877469884,21.66955350439547,50.82333260562134
1398,13.580000000000004,40.89662723261025,26.183015724753325,63.57441629148846
1399,28.920000000000005,24.28992687165553,14.840460138052812,39.376377680926694
1400,77.67,27.324100203867104,16.546317784940047,44.72210888869671
1401,78.53999999999998,50.799418283916296,30.60565180331045,83.89556713622586
1402,20.25,70.8073855599077,42.813604478589106,116.6872042899148
1403,21.000000000000004,39.54821817114146,23.740680633467356,65.45564934985627
1404,57.70999999999999,31.27417391827455,18.69223471795615,51.895078543688136
1405,28.83,43.209265695574175,25.97448551247929,71.4558461898254
1406,51.03999999999999,38.01533948364686,22.80538769662152,62.943370064930534
1407,89.58000000000001,44.76937938126534,26.926396007946078,74.01276170223109
1408,108.12000000000002,62.233620178687026,37.58228234680608,102.63541184425178
1409,72.46,81.30814246103026,49.22068929311373,133.89719895808335
1410,71.62,56.17600092892394,33.886198276601576,92.7074041804353
1411,98.29000000000003,71.50719174336834,43.24059441973152,117.83413691577357
1412,96.17,78.4014010934041,47.44712776306087,129.1332563290293
1413,92.12000000000003,72.69694147693508,43.96652565714597,119.7840522184457
1414,83.29000000000002,70.4537406924141,42.59782644643501,116.10760547229619
1415,82.74999999999997,65.4976633534756,39.57385320746518,107.98494675528086
1416,92.74999999999997,55.6941333519111,33.59218457222178,91.91765744986698
1417,91.50000000000004,69.97252261773308,42.30420903887138,115.31892322991418
1418,88.70999999999998,56.39107689202689,34.01742785844428,93.05989840662372
1419,55.169999999999995,70.47962884998411,42.613622224092246,116.1500343236584
1420,25.46,42.8091145655526,25.730331471697518,70.80002691136964
1421,11.119999999999997,34.522788899086144,20.67439199554917,57.219327740688755
1422,33.71000000000001,20.379702260768518,12.044923045441028,34.039813356266286
1423,68.83000000000001,70.62288106952708,42.70102822054786,116.38481453595678
1424,18.580000000000002,48.70653745346799,29.328670999579863,80.46548411723163
1425,10.250000000000002,23.370674697526105,13.869878547283244,38.941804724501345
1426,18.88,23.53538433923044,13.970376887936842,39.211752127552316
1427,18.670000000000005,33.37108835661028,19.971676645973936,55.33177235949357
1428,30.459999999999997,23.966281678672917,14.233290868915281,39.91796225927533
1429,33.25,49.803061795066256,29.99772033801944,82.26260962448013
1430,50.92000000000001,31.06559751567341,18.56497087265838,51.55323663548363
1431,22.209999999999997,62.060127685339516,37.476425109082385,102.35106997122368
1432,55.83000000000001,20.966957336719354,12.403239413947272,35.00228271167899
1433,72.46,70.12778063433498,42.39894042727224,115.5733800907928
1434,71.17,60.23424043494087,36.36235165845211,99.35857046476643
1435,15.579999999999998,60.128743161004046,36.29798201460843,99.18566792649654
1436,19.17,18.485631549636317,10.859272057575748,31.016285236127537
1437,24.209999999999997,30.40494243236614,18.07259000583024,50.711404108133266
1438,27.540000000000003,30.91224710189806,18.27912430444716,51.82353591431984
1439,18.419999999999998,33.537548599888275,19.513467817124866,57.14922537348109
1440,66.5,23.414450773704583,13.163361926820041,41.08502258583976
1441,67.21,65.51441661278756,36.82171577864436,115.97427063416117
1442,51.92,52.75964872293598,29.405275952141277,94.05257690680284
1443,68.20999999999998,46.278285205271956,25.72322215483598,82.64396475095486
1444,36.24999999999999,57.17827404857683,31.95163919063414,101.71754772774237
1445,61.78999999999997,34.47501641705164,19.127717003731405,61.52456697184182
1446,18.17,53.32934596755492,29.81158964054198,94.79764847245823
1447,17.04,24.363603635361226,13.378949033069574,43.739875486878816
1448,16.33,27.295009385455884,15.035669752320814,48.92666776560212
1449,16.880000000000003,25.129437625572145,13.832825423039878,45.02949816750026
1450,70.21000000000001,25.63226273769537,14.139480273039085,45.8495222912469
1451,48.67,44.992671346225485,25.176359729976536,79.81054200746983
1452,30.58,33.079943469744705,18.460888626875835,58.68085883277816
1453,5.08,30.287079950840617,17.017361408149775,53.329896019486874
1454,9.25,15.936966679099328,8.768753388217013,28.365143011484975
1455,13.830000000000002,20.606738764679314,11.478675334743246,36.411916531339216
1456,13.830000000000002,20.442284521105364,11.4673845715467,35.87794844584597
1457,11.329999999999998,19.48510791100084,10.981377723518529,34.024323229675716
1458,15.46,17.727314016585666,10.006409015048682,30.8643700953044
1459,43.04,20.813246275016628,11.872913805441174,35.96270481150945
1460,16.749999999999996,36.276836059171245,21.064970431152346,61.9759514483863
