step,true_value,prediction,lower_bound,upper_bound
80,229.67,171.96453893296942,128.69493964665844,229.67
81,133.58000000000007,180.32619587216993,134.9648062838652,240.82132279751778
82,133.42000000000002,130.46023999954878,97.4298506033258,174.5747326122126
83,153.82999999999996,133.32937605151275,99.46116904647582,178.61548169961023
84,104.29,144.32572508279299,107.58595988510918,193.49629024954393
85,219.92000000000007,117.2816453608087,87.0348870789617,157.92049269866712
86,97.57999999999997,175.45463325798787,125.42656470546895,245.27923467467366
87,141.37999999999997,121.87885843571017,83.43748727298397,177.82121245091028
88,221.71000000000006,138.01994556757555,91.22501409249278,208.55860463441084
89,185.67,172.0180534368826,110.43151861264641,267.64254555434735
90,193.70999999999998,164.43468497235048,102.93336939152208,262.32866096933566
91,254.42000000000007,171.23571287213224,104.97910181181926,278.91500476429957
92,102.92,199.12964371045192,120.02366525334969,329.9424996163209
93,130.21000000000006,139.85059974567767,82.48114941253331,236.64516406788488
94,90.50000000000003,139.12016302372206,80.66016949451506,239.43129235867178
95,132.5,119.41193050085809,68.19214703288,208.54737826033295
96,145.17000000000002,124.3220063416773,70.17219079061944,219.6705329572828
97,114.91999999999996,136.05688821192487,76.08057102559427,242.70071934338327
98,123.17,133.22155211821374,73.87949797756526,239.59222537015393
99,189.62000000000006,136.05632726482835,74.95591264230652,246.30710473829564
100,214.42,157.46361361035332,86.34646157882314,286.4840764532969
101,226.83000000000007,170.27414391555533,92.99668784281279,311.0836813214304
102,138.99999999999994,180.41832997897993,98.22696254505621,330.690193957286
103,159.42000000000004,160.2130465613841,86.95000887721514,294.5047613228386
104,185.07999999999998,160.04320814422871,86.69417788764926,294.74272219773
105,227.07999999999993,170.1461083119363,92.07813540666977,313.69249209113514
106,239.20999999999998,183.91379299872693,99.49002595504284,339.2637278297981
107,155.45999999999998,194.11742333213314,105.00108444134155,358.1549000504644
108,136.33000000000007,169.05549681619314,91.39000602161815,312.008660164343
109,238.66999999999993,156.5726387539162,84.63883182289882,288.9284816871259
110,267.58000000000004,176.21704068383622,95.37540637894197,324.87026803550424
111,198.29000000000005,185.44636760639074,100.48069033797793,341.55036970918235
112,192.20999999999998,174.05764620387296,94.38114989761559,320.2917806855508
113,294.17,173.24739041386815,94.05401988177397,318.4199793318235
114,312.4199999999999,198.43325772019884,107.93932133607592,364.0988807080072
115,238.79000000000002,223.1513557840171,121.62032071632342,408.751254982034
116,220.37999999999994,215.07143756537332,117.38478399750873,393.3654290280201
117,264.0799999999999,193.88491165572995,105.95254465235382,354.1119696545322
118,322.45999999999987,219.99848503394412,120.49208244592386,401.0042245060477
119,269.03999999999996,252.23687905190167,138.4627070878442,458.8284247526775
120,185.45999999999998,232.95296033053478,128.07877169155154,423.0355476748253
121,173.61999999999995,183.22471213466181,100.83301117649636,332.27841501491673
122,264.1699999999999,179.89380289809952,99.1927237090208,325.5962508611823
123,207.92,242.0143438541657,133.88540655361328,436.8232814637182
124,267.58000000000004,177.43139585724728,98.25818865173467,319.75704241666386
125,313.5000000000001,266.8600545675605,148.34829756451296,479.4139719232056
126,310.45999999999987,251.565053854101,140.15386793198036,450.9118559263556
127,236.33000000000007,261.86770828769505,146.2683499591369,468.2076205077194
128,317.88,207.13704195388024,115.8949788308134,369.5978534459679
129,312.66999999999996,291.96909425567316,163.8851102990639,519.5496726375831
130,272.83000000000004,247.7616417259519,139.2552815521843,440.2122931083098
131,281.42,246.64875938174418,138.84009783147124,437.5716899113513
132,286.67000000000013,253.8567804431335,143.0962054298871,449.7542606279333
133,193.79000000000005,257.5480636093404,145.34379485869243,455.7812476141278
134,259.7900000000001,192.2320554853954,109.38857527380952,337.2472069640868
135,190.92000000000004,271.08962368182824,156.67698553008654,468.52168109018436
136,95.71000000000001,204.80560390178087,119.72388207871596,349.849772787784
137,79.45999999999998,150.76931789726927,88.46310596245156,256.4684346938493
138,256.04,122.77321790462601,71.21521793307562,211.14101278020706
139,172.45999999999992,314.2638918830245,179.9493655871578,548.2769825565239
140,213.11999999999992,176.89662424535692,99.69298352118896,313.2940829758425
141,276.96000000000004,236.56912430051034,132.41447648123074,422.0357177832302
142,291.82999999999987,250.61615172391436,139.36076100582295,450.0568862313692
143,174.42,254.6580973565608,140.8067337000044,459.9164955611321
144,105.29,195.4964116378112,107.46572229929274,354.97273468567414
145,200.83,156.22372746901178,85.35423515708592,285.2546397902027
146,318.87999999999994,241.9895773842071,131.89441029951908,443.2920856060207
147,269.9200000000001,261.8497797885531,142.23764563286588,481.3453110362921
148,310.8800000000001,232.8382645972402,126.0372401949463,429.42759671052875
149,250.75000000000006,266.7633428228989,144.08837605735008,493.16231477670584
150,259.25000000000006,225.8518638216968,121.64785965063272,418.58961424984136
151,258.0400000000001,244.2836967676464,131.3631242917695,453.5381670455462
152,336.83000000000004,235.62167353291662,126.48422478532243,438.19015454502266
153,305.20999999999987,276.41342809910026,148.25794713993344,514.605443893344
154,355.53999999999996,253.418399832488,135.72733602688564,472.41463714758316
155,248.54,291.0947963398786,155.82055201732123,543.0573250846064
156,173.57999999999998,228.43018202128582,122.07396216263342,426.695732690906
157,217.79,201.36999971904024,107.4807719169369,376.5195922982765
158,104.75000000000003,237.64431042985305,126.84833404070353,444.45834193199846
159,316.1200000000001,147.22584654701942,77.54402518837735,278.72721708476587
160,228.53999999999994,269.8507263628058,140.13999045555798,518.7684634558557
161,331.0800000000001,223.91892473858425,114.54929831792309,436.80899963902283
162,343.95999999999987,255.2542063195316,129.06497637296735,503.8724113719295
163,331.5,260.8368735402735,130.5394471606565,520.2014329177678
164,316.41999999999996,260.892906477822,129.42306643778366,524.887761549603
165,217.49999999999994,258.04218949960887,127.04889043213029,523.0409012081036
166,309.66999999999996,223.91645728829803,109.48033962762938,456.8861083304245
167,280.71000000000004,256.00180070787235,124.56529299776179,525.0205586289381
168,286.03999999999996,251.64654019350857,121.87570788960822,518.4702465445439
169,319.71,251.8185500631769,121.48360460572651,520.8430618677166
170,234.79000000000005,269.169563718517,129.4590877407869,558.4979577419934
171,161.16999999999996,246.1402375409162,118.00492497748097,512.2417588880309
172,192.0399999999999,221.8828795912396,106.06911442251278,462.96926212399654
173,113.25000000000003,230.84994667160467,110.1515753757766,482.613458377853
174,187.16999999999993,184.77056867457364,87.90751792080839,387.1640719788603
175,282.25,204.48698230308736,97.19986711565869,428.9893791739792
176,305.2500000000001,249.30127056619017,118.4675338528663,523.4163332626289
177,138.57999999999996,266.39110176831286,126.48967536918833,559.8140510031596
178,202.03999999999996,215.12822830011822,101.95551014753632,452.70481872422454
179,298.91999999999996,225.52300217867065,106.82486964350893,474.8890104452546
180,367.20999999999987,255.858833816791,121.1854214339278,538.9699877075666
181,348.9999999999999,277.61187766496636,131.46008388921976,585.0224159371503
182,202.61999999999992,280.40281055130293,132.7242793650482,591.170263785844
183,177.24999999999997,235.7396256496035,111.45525724097628,497.3817718065082
184,197.1200000000001,222.5778635148607,105.16724169692164,469.83318973821537
185,230.16999999999996,227.64372082019688,107.93234855509581,478.9120900626042
186,266.24999999999994,237.17220085261474,112.7913199431113,497.5090012782854
187,319.2899999999999,244.22434758699103,117.06202932565056,508.35072853605664
188,261.91999999999996,259.14474453482023,125.06398020643546,535.8328685026883
189,331.71,245.30678515190937,119.02099998686948,504.47014621196223
190,194.91999999999996,269.7519558167712,131.55516005630733,552.0272948066854
191,267.70999999999987,218.35876314235233,106.82452902212013,445.26456895973274
192,263.32999999999987,263.20169465827536,129.30920449351882,534.6684950354088
193,244.67000000000004,253.10143732450587,124.69036650614262,512.7031758692842
194,309.37999999999994,245.89850030810837,121.42789796270968,496.91649181921315
195,152.79000000000002,270.34377948574235,133.8307096282717,545.0732712050398
196,166.62000000000006,206.91190592261339,102.49497596097503,416.67593279767937
197,103.20999999999998,219.29683530858983,108.82557381481473,440.8888421089541
198,185.74999999999997,163.12559726421384,80.3549913442914,330.10705602975975
199,304.4199999999999,216.76313144234751,106.41823163596266,440.45933789233106
200,257.5399999999999,256.04460759740704,125.27141304482483,522.2532740522214
201,343.5400000000001,232.1675885793547,113.13982101156931,475.3203926734783
202,217.8300000000001,264.25613444296255,128.4601291051928,542.4941039063182
203,341.32999999999987,217.7526336811887,105.49279956873902,448.351645709796
204,144.71000000000006,266.10137378896326,128.7492860669382,548.8538453856713
205,332.37999999999994,240.47522109305723,116.08575037680673,497.01348340242976
206,347.24999999999994,246.78258186918873,118.95668866900702,510.8197956194838
207,261.75000000000006,258.1326920527643,125.16652691554309,531.2311212978333
208,318.6200000000001,245.3439535702664,120.48053218405549,498.5478894403017
209,337.46,257.56381345740226,127.89733400562278,517.6705073878251
210,335.4199999999999,268.15179537776385,134.4185538768463,533.9539400705404
211,332.1200000000001,277.60276272359,140.27662271526967,548.4150263887049
212,335.46000000000004,279.7044709299723,142.2938697749841,548.8839561232332
213,264.66999999999996,280.78454344382556,143.6621232767077,547.8826454728937
214,296.37999999999994,263.31922466948504,135.3505512244438,511.3899529740438
215,313.54000000000013,267.9562616846463,138.31141797738653,518.2501214159056
216,327.38000000000005,275.9789068163408,142.96672341341846,531.8822730852311
217,321.45999999999987,285.2501306355512,148.2261492619855,548.0936923194041
218,322.96000000000004,289.90063847584656,151.0320515541282,555.6140863101269
219,306.9200000000001,293.06290731410616,153.01332062174495,560.4643792428925
220,108.08,289.12431931804645,151.226616812089,551.939574054012
221,211.53999999999996,215.45857499992454,111.85130547504711,414.18628866334245
222,93.41999999999997,227.37350800029975,118.36139207120311,435.94580174845044
223,132.21000000000004,171.2701955561564,88.16130979441567,331.84639206606965
224,290.8299999999999,167.3076818426411,85.38854333466954,326.90778352984785
225,238.4200000000001,235.86230145732807,119.71915567533293,463.7460424802001
226,289.1700000000001,240.16210554807935,121.45677863202918,473.9362330291706
227,183.38000000000005,254.62649600896864,128.3939950449187,504.0072489000667
228,256.7100000000001,224.62803615554964,112.90443545210525,445.93615746698384
229,293.83,241.3071047770486,121.04700907399742,480.0665453492428
230,273.8799999999999,260.7412253117731,130.58140839989667,519.6546263701656
231,296.7499999999999,265.754371429888,132.88167601552155,530.4983856992122
232,264.41999999999996,271.48503996278066,135.56719060619207,542.6744848740537
233,191.78999999999994,266.6968527400992,133.0083858931191,533.7546311326324
234,198.21000000000006,239.2481703997675,119.14647932540329,479.40678099363845
235,210.46000000000006,231.54858584686622,115.196373739658,464.40905743360656
236,213.0800000000001,227.94240116850395,113.31121225029445,457.52565134235283
237,278.87999999999994,230.24713135950486,114.39051648136012,462.42834222982566
238,279.7499999999999,257.23053814883286,127.78724558386398,516.7765121874047
239,275.2499999999999,263.78450670765676,130.99685750828232,530.155334421639
240,219.5,265.0172134912609,131.56096735954557,532.8310309830382
241,105.25000000000001,240.81374867355007,119.46103256298618,484.4174649132303
242,176.16999999999996,171.63602303622673,83.72316290153397,350.77152775094277
243,242.58000000000004,202.5485150820443,97.63204787775487,419.06628558961154
244,252.9600000000001,234.29321223181205,111.78906037687037,489.8534173205845
245,235.25000000000003,238.58540791335156,112.79660124729848,503.4189989494063
246,256.6199999999999,232.55667231644748,109.89736759867263,490.88470713695585
247,248.21000000000004,238.44405120211826,112.66167097130082,503.4220550880264
248,65.96,234.32833676094947,110.68197416330636,494.86718445446337
249,214.8799999999999,161.69118033012467,74.87117977691048,347.8600050116019
250,71.46,280.5504003134908,128.36367698880827,611.773459767574
251,52.74999999999999,173.3678904855829,77.13119046678828,388.1424289166094
252,111.53999999999996,96.46110072867278,40.720587821319825,226.67335388286514
253,182.16999999999993,126.91020788397375,51.66975684151587,309.6340765945048
254,182.58000000000007,176.27316015599877,69.6261523424583,443.9594416430097
255,133.42000000000002,183.80947244392982,70.5917982629803,476.0733789859944
256,53.62,165.42110133744535,61.94937854553548,438.9723017175444
257,114.49999999999996,107.71937146925649,39.011881048507334,294.40979886300875
258,37.75,123.29305448331964,43.6902753611232,344.68512429065487
259,42.42,76.86450447988113,26.373825122987952,220.48461278821975
260,50.789999999999985,59.39324225738924,19.829537902910644,174.10439873224644
261,130.32999999999998,59.82844964255404,19.641395909812935,178.25630137047574
262,96.12,111.98358427397443,36.81355743657747,336.58501396766957
263,151.33000000000004,108.99373789881719,35.38312859546619,331.5338651184971
264,114.66999999999999,136.76846398932975,44.11768470275068,419.6809324331772
265,52.25000000000001,126.97437853356749,40.556138928167954,393.1040237006166
266,177.21,85.85362191600731,27.000642074004666,268.40638075339183
267,185.29000000000002,129.26253597844922,40.73854415356527,405.5385754018293
268,108.17000000000003,153.85058228740843,48.35914923775847,484.8005700067125
269,89.99999999999997,129.42565682615813,40.38989759419871,409.99043359119224
270,35.080000000000005,112.07296828955914,34.74827865163283,356.6534770360938
271,88.70999999999998,71.97323141775503,21.996947222559115,230.5564953910717
272,110.66999999999996,94.210288627457,28.923281661228504,301.941340563898
273,117.95999999999997,108.7526962337212,33.414103153985685,349.0208701262178
274,121.50000000000004,114.1806735826913,35.04519699124284,367.05423952005566
275,50.789999999999985,115.97737446155237,35.5463669453717,373.42042204556753
276,66.71000000000002,84.6030767634054,25.70638369811641,273.38708415914465
277,91.17,90.78020824055085,27.59898448729491,293.5421586008085
278,175.07999999999998,97.67615734417217,29.716256550226728,315.9977439239728
279,51.959999999999994,104.2143522507756,31.722942912152163,337.29658748202786
280,123.25,81.58989246765616,24.66742987919802,264.74886421905114
281,145.92,94.62662361391544,28.700290901133112,306.89096222113346
282,170.37999999999997,98.79667459069536,29.978856933370594,320.4894687942099
283,167.71000000000004,105.63688699173318,32.08713013445148,342.68123258436816
284,141.96000000000004,111.27594047061571,33.82333145862142,360.9954289422338
285,37.50000000000001,108.93595904806322,33.08635495953549,353.5675419435383
286,134.92000000000004,85.60337622821555,25.84443187880172,278.3929410757432
287,96.91999999999999,96.99869278670089,29.369419282558418,315.2307352191533
288,56.61999999999998,92.68927210844706,28.02808318920108,301.3857845176658
289,27.459999999999997,88.49318100631406,26.723233657388807,287.8923256791266
290,66.46000000000002,67.96380285909771,20.360517534903487,221.6540671131722
291,58.92000000000003,91.17392148489755,27.545967596425367,296.6263380530132
292,20.04,85.89995598208255,25.909800292805347,279.626473162898
293,17.960000000000004,63.25770862963023,18.73009434835676,208.2769069132376
294,101.75000000000003,47.5641397411072,13.770263552168169,158.67729082583494
295,132.5,101.16579556840325,29.822395631002486,337.64498753062304
296,48.83,93.4302735325408,27.293533801642774,314.16305534491886
297,26.75,64.99634307892562,18.773968136165518,219.26521281913313
298,56.71,54.05602777407771,15.495942866356799,182.7522243388724
299,112.78999999999998,76.52165113887894,22.34017796989518,256.479030496229
300,68.58,88.04664733860217,25.978812616094917,292.9086132172826
301,132.54,68.65369350985613,20.2160682195586,227.67748017007037
302,111.21000000000002,96.38925460905118,28.798881555125032,317.2893591412445
303,109.00000000000004,82.79249734807188,24.737537977849936,271.79931040292803
304,117.92000000000004,88.23600849737561,26.499449805913855,288.5718012085903
305,87.46000000000002,89.5115525713769,26.970265270653044,291.8946532901386
306,88.78999999999999,78.75002522397389,23.703062466870374,256.46065014222614
307,66.96000000000001,81.53259567484554,24.670599740929955,264.34749548398247
308,85.61999999999998,71.83578789583468,21.734075389438093,232.35244154559575
309,113.91999999999999,83.68762627394476,25.51222038704824,269.51653687289814
310,94.32999999999998,91.46727317840995,28.02109597311606,293.6200452584989
311,75.33,79.92353787149166,24.452784181199558,256.2849765675464
312,56.00000000000001,76.14810349646103,23.309731490198352,243.83322144057544
313,100.00000000000003,66.15692772793861,20.194395299078433,211.79460339459052
314,69.46000000000002,92.30816168217628,28.486542443792604,294.26734282608254
315,21.830000000000002,64.67989545840587,19.778996814828336,206.60620475906083
316,61.58000000000001,46.08121399807719,13.909205353901076,147.67597963245856
317,62.42,89.42505072863727,27.658147737813117,284.31815363935243
318,13.880000000000004,45.96246961221361,13.893950926867044,147.07847581259685
319,26.38,27.268793594208173,7.965795893792084,88.13036842889305
320,15.920000000000005,68.62684357545868,21.083986602842348,218.52093312977453
321,24.209999999999997,18.283069632883972,5.072857341230373,60.229295136268966
322,16.540000000000003,74.93067655023891,22.76910887509539,241.56137121816536
323,87.03999999999998,26.137119304516233,7.262068160052163,88.13303907467379
324,84.67,83.4367112822458,24.107087052577175,282.96596535596524
325,83.87999999999997,66.95395778195692,18.804266669229428,232.16896582728432
326,13.880000000000004,75.00509632408374,20.775787284147288,264.2843082940438
327,66.88000000000001,38.352388586191765,9.995636421397371,139.83864071979133
328,61.00000000000001,50.04245495343229,12.961472668542148,185.60869591096025
329,24.330000000000005,54.957282165017176,14.03121655449813,207.31430482972627
330,31.379999999999995,43.21733391122802,10.696266051199123,166.16211906077388
331,76.38000000000001,40.42958045165743,9.816451616077165,157.6851397596184
332,73.54000000000003,52.10667770607468,12.7118187084652,204.68527610678825
333,52.25000000000001,59.81082294414419,14.55330593585856,236.7601393809349
334,18.17,56.781612230285894,13.660305094833976,226.7384195167689
335,14.38,40.853847806963216,9.546868592254786,165.09143850856861
336,7.33,29.627801870365413,6.673324166417348,121.24978732370401
337,9.379999999999999,18.422900106595787,3.842163279661486,76.90919610979583
338,16.420000000000005,17.333737261234106,3.5515083912000254,72.84934687011372
339,12.38,23.38854704077234,5.033126267200127,97.5892223064648
340,13.170000000000003,19.43594340628067,4.040057595245002,81.86170842545802
341,54.21,19.01097549652781,3.9535212974529372,79.83928911914425
342,49.96000000000001,40.84141315764384,9.39001895349321,167.49861996065465
343,34.88,41.05078866243797,9.469928825179295,167.89024334917005
344,36.83,33.52080004277795,7.61461922834865,137.33294357014714
345,28.42,34.77831061290585,7.945669859330058,142.09576928758216
346,35.540000000000006,30.45121915303472,6.87667004575064,124.58342300321026
347,41.74999999999999,32.596530472137324,7.425679023310373,132.9627176210405
348,44.620000000000005,35.80027158503047,8.240086139714073,145.56356750954572
349,35.38000000000001,36.546328671670715,8.436909969645688,148.3843642946242
350,28.57999999999999,32.213114280323744,7.354946465200998,131.03088311725122
351,36.42000000000001,29.59939983547614,6.703054258285641,120.55221018782254
352,27.210000000000004,33.68743891968801,7.737573950900822,136.7062358005036
353,15.290000000000003,28.97234298036162,6.553837111913101,117.92516749079286
354,16.29,21.638208014559055,4.707987552543094,88.78443933048094
355,19.379999999999995,22.81348561085659,5.006602345661034,93.40979513952915
356,22.88,25.232892415608056,5.618998638994617,102.96808974014152
357,17.579999999999995,27.245739954972247,6.128829709272336,110.91483849953708
358,39.21,18.460881915855573,3.912800137196432,76.08962594985606
359,23.419999999999998,47.35055518142266,11.20827054205371,190.49118446375212
360,18.709999999999997,20.68001076019946,4.475015571843956,84.84868123106784
361,32.03999999999999,21.592058142162916,4.70615901525379,88.44740056042215
362,60.580000000000005,33.009715822793126,7.591004622477234,133.63626446212055
363,38.57999999999999,51.793885826308035,12.337349246630708,207.9766361441987
364,21.71,27.752814789672218,6.264478870488275,112.80367030699695
365,30.04,22.223765932289826,4.8679879934664285,90.91281656988808
366,39.82999999999999,31.142297840394917,7.1219646300044275,126.20165101975984
367,18.330000000000002,33.000488934611546,7.5919708859884185,133.54808717728238
368,34.67,16.916127009657842,3.527638136381923,69.89515490358852
369,31.21,37.7635617720988,8.969883981838976,149.71526649622632
370,24.209999999999997,26.049690989172273,6.061903232013759,102.6102816154083
371,18.250000000000004,28.22841954750426,6.853454542793113,107.780219531403
372,32.0,24.421318265126978,6.082832572291378,90.24081583758391
373,49.58,33.25905044944966,8.844070376342628,118.22736153111451
374,22.539999999999996,35.262693069171235,9.696491507104934,121.93590919559627
375,48.92,24.531947622059338,6.773186210090658,82.86269565102553
376,28.04,35.91148899365463,10.543843945167355,117.02463947020499
377,34.25,25.844446546377537,7.589463313704801,82.89631389792875
378,39.17,30.822722154017377,9.382051766437026,96.54195683801024
379,60.17000000000002,29.279935223917548,9.04315001835602,90.29351602722825
380,28.379999999999995,34.26769237120438,10.862762223284275,103.84995836370662
381,52.07999999999999,27.87662442802674,8.829578908402832,83.83165414588456
382,33.17,34.19620641166833,11.102834546260445,101.35395196371752
383,44.88,32.997412207501796,10.979562304800817,95.48299390233936
384,54.83,35.66175552812513,12.56429482663969,98.08987791715418
385,29.830000000000005,39.82110715930819,14.789401104734006,104.53679513608091
386,36.790000000000006,35.497231006545206,13.660310590334921,89.86082200900307
387,38.38,34.801159291617154,13.849860205153721,85.31212610196266
388,19.29,32.60042712823122,13.32256463794146,77.82587593347685
389,41.67000000000001,33.62125737184947,14.103998680385828,78.35855182272974
390,34.92,32.870997398782066,14.096700616055966,74.99305927602218
391,31.580000000000005,33.010556019819916,14.437501064214954,73.92909091735379
392,37.17000000000001,33.184569195667606,14.758548379681285,73.15561020837002
393,29.920000000000005,33.76813008104752,15.239843409025084,73.4356234778011
394,52.07999999999999,34.665963016580946,15.846578221028345,74.50856329461016
395,20.829999999999995,31.079350887132172,14.297201155028118,66.27274766871273
396,30.04,37.907370769737284,17.703705187928858,79.93495299481003
397,109.33,33.72840055942379,15.809836994257644,70.74738254914584
398,100.08000000000004,25.755338415014418,12.004146973075597,54.047680957780045
399,46.33,38.22786424711175,18.0767113688653,79.6651263750477
400,46.42,36.997358364457895,17.486898669474815,77.09851011197512
401,63.25,38.61648518923987,18.28226898840235,80.39425394870509
402,62.95999999999999,40.64979553782532,19.27873580200029,84.54307750148521
403,76.67,45.636457147750285,21.713156386993063,94.7576788640201
404,63.789999999999964,51.043510350936764,24.3526796634864,105.83395229218922
405,115.75,52.763734894028694,25.19607724270354,109.34244413676507
406,89.42000000000002,66.46293656196818,31.678996684397937,138.27134463516327
407,122.17000000000006,71.64850051299979,34.05759694718959,149.54667422692316
408,62.170000000000016,85.6427907552651,40.676106105229366,179.12654951271236
409,77.08000000000003,72.77782668268159,34.39076024997572,152.80194354608517
410,44.330000000000005,71.9390798628941,33.90697753356244,151.40819306485227
411,64.45999999999998,58.32563153689094,27.335708646301057,123.20831259889412
412,119.70999999999994,59.066614006193284,27.64136027505394,124.97160482323567
413,126.74999999999997,72.99645931916854,34.23302177797857,154.40750453586298
414,145.96000000000004,86.10029345194174,40.42192376770751,182.15086382657975
415,153.04000000000005,105.43897574580059,49.566427687784476,223.04698286709268
416,153.50000000000006,120.14134496113384,56.50058682652334,254.21870765018306
417,89.75000000000003,130.37074203397484,61.30947513829141,275.97668491435155
418,62.91999999999999,97.73410391759379,45.80010743427618,207.29916448590262
419,112.78999999999998,66.70888105751042,31.076788878113724,141.9224287842645
420,118.53999999999998,88.20734454561646,41.24220797607082,187.38859761753724
421,87.28999999999998,98.1262403620944,45.92078512253444,208.41703133617472
422,144.71000000000006,80.98229110769248,37.7929430283097,172.25563699463632
423,147.46000000000006,109.2758333904564,51.1663752998073,232.11490131469063
424,69.5,113.80202809917333,53.29450317134393,241.7410674353383
425,140.38,68.88628010736082,32.04530914622051,146.79986247467454
426,141.96000000000004,119.13088454756314,55.789136527500304,253.1230648082047
427,145.75000000000003,103.348228342543,48.31788706926852,219.7830344178001
428,156.25000000000003,112.4725638586296,52.620730013009045,239.1314332260469
429,88.78999999999999,123.71823682300771,57.925858562831586,262.9696556929112
430,76.46,94.19983366501748,43.973442571019284,200.51911465383714
431,64.92000000000002,83.36541536925328,38.85077582424607,177.60438506434758
432,89.83,77.3233846396928,35.993319948529376,164.8286574428186
433,158.61999999999995,92.56101099177225,43.186781438219434,197.10591522810103
434,79.38,119.15923078985583,55.74470764910728,253.4420676777772
435,147.5,90.65610999517943,42.28174790759432,193.09665518555454
436,175.66999999999996,111.64062424406575,52.18844493531599,237.54636557851907
437,113.08,104.99836379277485,49.04992710819824,223.48890090201607
438,113.25000000000003,109.23795206549022,51.049931378701714,232.47592885715045
439,214.37999999999994,104.62155224520696,48.868763130284975,222.70541393901274
440,223.6200000000001,150.44818422897717,70.47392195117416,319.9079882579105
441,211.58000000000004,125.1358654427143,58.505690913891016,266.37369664366736
442,223.33000000000007,149.6493494115873,70.04738276205077,318.4378961733822
443,167.07999999999998,141.13153657147404,66.01207264390897,300.4587206623949
444,223.6699999999999,130.9924029051121,61.2172833419045,279.0185654028936
445,231.28999999999994,168.56701148932416,78.91311469384473,358.80291214497333
446,215.32999999999996,183.6797941328213,86.59274298074388,388.3773068442343
447,139.71000000000004,185.52103284566218,88.04742171870755,389.6917799788886
448,118.45999999999994,154.7040906811152,73.75007527187437,323.330962432555
449,174.04,131.2580183375428,62.79534433995065,273.19216238354335
450,152.07999999999998,147.54324622013644,70.93942193682959,305.7177272704743
451,127.21000000000001,147.22498559054253,71.03116677673357,304.01583323530406
452,78.04000000000002,137.07773428580524,66.29533116816246,282.3103036206075
453,109.37999999999998,107.87979810757477,52.19630921198259,221.85024302542996
454,116.74999999999997,117.54161244389832,57.451918859430165,239.40466343958752
455,118.50000000000003,121.94796152339389,60.100386902595886,246.3994357327993
456,178.96000000000004,123.83248431638856,61.45047183101119,248.5281249878921
457,253.0800000000001,160.91752392338358,80.46191672862125,320.8348598501388
458,117.45999999999998,200.23109889886427,100.72802912037257,397.0609426348846
459,207.33000000000007,114.94316050646893,57.85220151839181,227.41654384038335
460,97.17000000000002,166.79286123034117,84.41784026854876,328.60847747201973
461,258.17000000000013,127.0588017883056,65.10601604863399,247.072077182685
462,261.45999999999987,167.1769326034033,85.79146706230264,324.8785871148664
463,273.29,187.78834953343824,96.4053891826467,364.9041991273034
464,272.16999999999996,199.58969959516762,102.4734760691833,387.8554740035725
465,241.37999999999994,208.70717851745238,107.15819492969847,405.59980272724806
466,239.07999999999993,206.48356860713457,105.99579419486894,401.346947988877
467,233.9199999999999,207.48121136127003,106.49697767507423,403.3315117383139
468,294.96,206.7807277242423,106.12454235517318,402.0153115658172
469,180.95999999999998,232.37206681700872,119.30780847975652,451.6931564845723
470,210.79,198.15325234783688,101.65955779802593,385.34510776632106
471,295.38000000000005,203.37978092401977,104.34693426810816,395.50982860348637
472,264.83,231.72875292442728,118.95274836768434,450.53340106670476
473,135.42000000000002,236.49373458179238,121.40300434522176,459.79975134048794
474,227.83,183.86834537440416,95.52672194595279,353.0605589051907
475,205.87999999999997,198.11871633948056,104.12243397089627,376.16272063924396
476,272.5800000000001,199.13096814473406,105.65376537106069,374.5367123814302
477,226.03999999999996,218.6417031443871,116.98953389820228,407.87082240522443
478,263.71,215.28723106373468,115.97857649556072,398.9037064961433
479,286.67000000000013,226.45811741566328,122.73188947338546,417.1395386304697
480,173.03999999999996,240.72189648664403,131.13724198947153,441.1877917336538
481,267.92000000000013,207.80219785766056,113.6183084636337,379.37865341576384
482,185.74999999999997,224.58539767387163,123.27052831712739,408.4999219269042
483,309.7099999999999,207.66510522790824,114.29606524897264,376.64624530551356
484,169.92000000000002,234.4304205159194,129.41832201558634,423.99766940475195
485,199.04000000000005,209.87933255178262,116.07245206330776,378.8510419294695
486,186.96,205.30670096614313,113.74585258137664,369.92804581628536
487,256.20999999999987,220.3153582859302,122.28712848079878,396.28792791907756
488,181.96000000000006,204.66136137647777,114.05628359873634,366.6165633051155
489,292.58,237.24277370735987,132.7676525401822,423.31498307654294
490,293.42,196.41793090549808,110.18741630377994,349.5238338889529
491,196.75000000000006,219.93202479097897,123.75694688379178,390.2484298265813
492,220.83000000000007,234.88853133457033,132.49941441438486,415.806316786247
493,257.71000000000004,236.4054563231284,133.61229519107778,417.6939284557159
494,343.21000000000015,226.62197740601445,128.2726045054243,399.79462153986475
495,343.5,201.64788283482022,114.24654397950015,355.33315325047676
496,331.9199999999999,201.07062824558693,114.05183093543097,353.90559748225223
497,151.54000000000005,233.08335298036445,132.41040414836348,409.7252091193224
498,100.82999999999996,214.2847277371323,121.79958403400433,376.42403088285
499,203.66999999999993,211.8945032616818,120.1676379985967,373.0608488180908
500,106.58000000000001,248.85314466141705,140.93508273994138,438.82497274179406
501,242.82999999999996,193.04340299304457,107.6248989784217,345.6317814721358
502,131.96000000000004,220.56522824594927,121.4937246578931,399.7646147162553
503,167.71000000000004,233.99874246719742,127.55004908663801,428.59461589894033
504,177.61999999999998,198.53117402211313,107.16898842059028,367.0601065791638
505,86.45999999999998,196.26149840229652,105.12234659790187,365.6720535247622
506,50.5,157.63926347704927,82.90453157342006,298.94108118604964
507,67.91999999999999,94.2605876883575,48.23476370568178,183.31244274833446
508,68.91999999999997,83.47932439368897,41.8149382822976,165.68846286682427
509,229.12000000000003,81.11796022986638,39.930437706571475,163.75170484754562
510,78.21000000000001,177.2771032899052,86.06375612769017,364.05116446878407
511,144.12000000000006,115.76900960019412,55.04449796038043,242.28885259440142
512,344.8299999999998,134.6932866520493,63.17380208717367,285.91876503473276
513,332.46,214.20956633172054,98.45207599185478,464.7032744543259
514,308.1700000000001,250.71150620779667,113.05525251490438,554.5086763682203
515,202.11999999999995,255.61123690836752,113.3480708179425,574.8674058654065
516,49.53999999999999,203.66019723787144,88.91173283320671,464.85462223429585
517,251.16999999999996,95.50391985484987,40.29967937075365,224.4982772080862
518,274.16999999999996,179.4701725073982,74.43341604143751,430.7646591393767
519,317.66999999999996,210.95656990350778,85.83570774259748,516.3630605790781
520,179.83,227.77956575431406,91.14416778949531,567.0239017004766
521,167.58000000000007,183.79954831614134,72.36025088522058,464.522849850695
522,173.6699999999999,173.28744158670202,67.34061565855518,443.4811039836667
523,149.04,172.4962674784283,66.32213559284396,446.1182407372402
524,238.33000000000007,162.35780015845356,61.82671280291074,423.75198338520914
525,129.99999999999994,193.270048233251,73.15262245028256,507.96179249565915
526,182.71,155.43157113276646,58.32719958037157,411.47246828016404
527,226.62000000000006,169.95831384315719,63.48328088112642,452.245316812808
528,209.45999999999995,177.8100461595917,66.13239720392099,475.2682987540906
529,118.20999999999998,173.33441012480083,64.19423531874774,465.18364959673613
530,90.58000000000001,146.85826912338177,54.10800131369958,395.71313106990857
531,92.67,133.56503504337311,49.01068344249384,361.0776084183278
532,115.71000000000004,129.4590040571739,47.36730733159922,350.88131567685065
533,215.82999999999998,140.43768310109883,51.32969245028745,381.2804466128095
534,227.04000000000008,176.3389754441306,64.49779226539262,479.15530178703256
535,255.79000000000008,178.11025525843078,65.05358966565129,484.67358263380635
536,122.46000000000002,190.2302970854215,69.43412931459173,518.1946983548872
537,171.25,139.20076738579135,50.58337439752621,380.0579553032776
538,328.2500000000001,162.98200322562698,59.277955939388626,445.10167950831607
539,354.4199999999999,197.50222730566608,71.91052726373583,539.4313440606351
540,222.88000000000008,201.1121257883675,73.18743767228104,549.623025573986
541,353.49999999999994,186.0056717557588,67.60392362795199,508.7539531190017
542,329.9200000000001,236.50347715600734,86.08771525170687,646.7136470759409
543,253.67000000000007,223.93497540936397,81.44565080971503,612.686018188957
544,199.54000000000002,214.37462109498472,77.91427085935064,586.805309567932
545,202.91999999999996,195.38482633336673,70.93523594386772,535.1350318511653
546,159.45999999999998,197.19600189565813,71.58058198831506,540.2143867039779
547,37.61999999999999,179.00340547066824,64.90438623358493,490.6399018753945
548,50.290000000000006,68.85185476327487,24.242540560303215,192.29597994359065
549,312.4199999999999,95.37860880980844,33.44364206237808,268.68217296219217
550,263.49999999999994,316.37712598489,110.21128364563046,904.7375906153062
551,280.04,169.02774798208029,57.58968012586565,492.4219647854867
552,362.17000000000013,242.5047574083999,81.72326259575401,715.7822571297755
553,94.20999999999997,244.67369049947052,81.45650097886477,730.9685105131973
554,182.32999999999996,103.51669069980787,33.720505756857335,313.61922563388504
555,261.0800000000001,264.76564439841036,86.95495912715766,802.0403111254885
556,257.71000000000004,170.4558859549054,55.56148794955871,518.7374025025252
557,329.38,234.4107796537608,76.4480820793801,714.5533576724448
558,222.53999999999994,228.8047125158526,74.70613402250885,696.5683882998464
559,304.7900000000001,185.68668279635085,60.57226393880338,565.0327443562026
560,358.37999999999994,264.99101900628824,86.81393824612094,804.6946722251001
561,335.3799999999999,233.0887997440655,76.34604465300563,707.4727656269077
562,303.9599999999999,252.07610701517456,82.67880396578762,764.3971245590716
563,207.29000000000002,228.13669662333706,74.80882830082594,691.5793066093752
564,338.04000000000013,197.17104079003263,64.59745975557603,597.678082263186
565,321.45999999999987,333.66151684580194,112.28974837272429,987.6007557282011
566,344.03999999999996,194.09596146952634,67.29103092822936,556.3562686690251
567,323.38,358.31954264219104,128.4038498821341,996.7333274256683
568,331.5799999999999,201.98157890355435,73.8895652518951,549.1637142049939
569,325.70999999999987,324.18242623216315,121.46594149472256,862.4532102526892
570,263.25,229.1948163264598,87.2203623832439,599.651051889548
571,330.49999999999994,267.0561136302138,103.2668606745929,688.1363141620228
572,344.4600000000001,279.0194282738742,109.30340939364119,709.8654269334638
573,342.7500000000001,275.7336292811713,109.18459324021204,694.0291263332468
574,336.0800000000001,284.02325934088196,113.52457107751884,708.352216742305
575,333.5399999999999,273.51204320679904,110.15917024056951,676.9185352183268
576,331.42,280.7795651461079,113.85610447616722,690.2973733181525
577,329.12000000000006,276.6181281471328,112.79521462350814,676.2852912216935
578,248.92000000000004,283.4814220039527,116.1647416066198,689.7340754193109
579,317.33,226.96159556743459,93.26740253380488,550.2667969716797
580,309.3299999999999,290.8873703742077,120.11793468278543,702.432049160257
581,324.32999999999987,295.08002656899646,122.21726613397615,710.4537181646264
582,326.91999999999996,298.4540123002134,123.9313702648515,716.7757299274984
583,105.58000000000003,301.1498166402631,125.32251828161925,721.7097190400816
584,198.91999999999993,199.35026069429247,81.05844746981593,488.1662979004811
585,211.87999999999997,208.84420777457507,83.45863783222644,520.3746357597184
586,312.5799999999999,242.9484157854469,95.7379179394295,614.1758362371495
587,315.6700000000001,293.25126222645866,114.22214832914396,750.451058476436
588,277.46000000000004,297.8740762994175,114.7835725958795,770.488661829467
589,257.5399999999999,289.43217269874077,110.49190296876463,755.5647790776586
590,261.75000000000006,280.22613676086013,106.12435125575072,737.2834908248029
591,304.4199999999999,282.59251872376433,106.31640735920666,748.4167821598157
592,302.8300000000001,295.9895350221114,110.75848575924105,788.2267268425891
593,290.58000000000004,294.61714192982987,109.71380634031989,788.3278850348366
594,283.37999999999994,290.16886637543877,107.6075429729288,779.6024004013236
595,238.75000000000003,286.32477069992484,105.80573528012319,771.9502881211677
596,254.28999999999996,271.792236945552,103.08346872048814,713.9608429903335
597,164.58000000000007,275.2852149844874,106.77955918948537,707.2374486689429
598,195.79000000000005,231.1253207143883,94.77868794772826,561.5694574785167
599,274.6700000000001,237.87027185603685,102.37628897075692,550.9544892225509
600,290.62000000000006,274.96161797051064,123.36927812733559,611.3281869894821
601,272.12000000000006,280.5654319085382,130.34348139253368,602.6012720639544
602,239.29000000000002,272.19483346155073,130.50402896854598,566.5523222785534
603,276.54,259.4668082560488,128.2520880545448,523.8886824517941
604,280.0799999999999,273.5157668929207,138.79392062591305,538.0714126579792
605,278.96000000000004,272.94682919324543,141.60597108222632,525.25331643204
606,244.92000000000004,270.97070631413396,143.24854319621735,511.78205972861826
607,273.2499999999999,258.3175178689139,138.7401985071872,480.2185455013211
608,155.99999999999994,266.5748406920052,145.15037688841323,488.8810177274888
609,248.42000000000002,229.33825593841127,126.12276936560069,416.35805799008875
610,232.11999999999995,255.60166595721796,141.8709587003334,459.8663340051209
611,262.61999999999995,249.13253960671372,139.31619959701018,444.8949682915824
612,259.42000000000013,254.73154351035956,143.37336683010784,451.9825949349031
613,246.33,252.11425764209116,142.8847992017876,444.26473802043546
614,247.92,248.6212430705636,141.73354115264547,435.5530658659659
615,209.70999999999995,244.15962809310292,140.30892803882304,424.33224249097583
616,250.58,237.95350931402976,137.6720027116514,410.7542005376446
617,247.12000000000003,252.5312215396664,148.23238552721244,429.72473892521356
618,246.75000000000003,252.83516985572462,150.22244192238207,425.0762664364045
619,239.8300000000001,251.70072113471224,151.09636299834665,418.8499767065289
620,206.75000000000003,248.3371266949881,150.3840117673705,409.67086294454066
621,160.61999999999995,237.8142147164831,145.07195372698405,389.43928485578175
622,124.74999999999999,212.78832846283768,130.19986501713606,347.3650641025017
623,191.37999999999997,163.88849542345065,99.64740216103503,269.1333103412682
624,193.32999999999996,212.6123576585427,128.79321292440073,350.5610586743
625,184.03999999999996,212.90350841187072,128.46575359618564,352.41169104549425
626,159.88,206.4597635842382,124.15135398218125,342.90002294786103
627,50.959999999999994,188.8922619019275,113.23229913175298,314.6644084405628
628,142.70999999999998,81.37330624177895,48.37421595873535,136.427226933037
629,153.46000000000006,132.09998064670694,78.34374707371862,222.276634914836
630,172.61999999999995,145.68492958916056,86.03582707563899,246.2139266267669
631,74.25000000000003,162.05278440046237,95.36558356102931,274.8890624463074
632,70.96000000000001,123.65610224215193,72.4253923435061,210.63174387286946
633,17.830000000000002,101.01693182472522,58.8675667790963,172.8412789905562
634,159.49999999999997,30.315528228291864,16.929546119520925,53.69532255193238
635,195.46000000000006,88.9147901702334,46.365475192522105,169.68697101625364
636,193.70999999999998,124.82244816303702,60.72296855623597,255.48942090846145
637,196.78999999999996,181.92593877980104,83.46235581441735,395.17529911188814
638,190.92000000000004,183.84893484181612,80.06794995974009,420.4875142287801
639,124.57999999999996,181.35005017353433,75.5483466333676,433.38613974969985
640,170.37999999999997,147.04485604231672,58.87855145126847,365.0288846236942
641,177.17,165.144553811344,64.10808230821631,422.9721365236262
642,150.20999999999995,169.76448892416983,64.14432113709542,446.629358454208
643,173.32999999999996,157.99006375296557,58.282929792818386,425.3932376573307
644,171.95999999999995,165.12490503293836,59.75233779140462,453.262092217089
645,161.21000000000004,163.94527138546775,58.33369657872251,457.541168361693
646,134.88000000000002,158.3782404244801,55.53258689323543,448.3235656945121
647,123.57999999999996,145.57501960904617,50.37500089839886,417.1846422909131
648,22.58,139.43109106487972,47.725229617897206,403.7367553180065
649,108.12000000000002,70.0725485219562,22.025161048008087,218.3820552600567
650,151.21000000000004,126.22661307696158,37.88278757866081,415.29245440000903
651,11.119999999999997,137.95994983950516,39.41531040093718,476.78595457601705
652,102.58000000000003,80.16078166429931,21.112933437664562,296.88325004137255
653,129.17,102.30294521638761,25.626257556032915,399.7885249334283
654,25.039999999999996,107.7717773329143,25.74399881099234,441.390819255428
655,52.00000000000001,93.33773185157001,21.28339402996863,398.38295032299703
656,32.42000000000001,106.2319638377892,23.480376386775433,468.7106730238288
657,31.040000000000006,67.52432845225653,14.19696462768721,307.9816752799365
658,72.08000000000001,56.5698107185384,11.45696844903066,265.0585614974598
659,102.99999999999999,64.17501825668452,12.810468067573915,306.5770483646878
660,50.290000000000006,78.66580671587869,15.583355749151561,381.71148829551265
661,16.999999999999996,71.63593098517396,13.893069138385053,353.2573005643791
662,138.71,51.851397120727384,9.698098050061585,260.0996987073558
663,139.28999999999996,69.088477705481,13.03303220349604,349.05939100231546
664,102.17,83.23362302380666,15.709249702908945,423.6332644416427
665,96.42,87.3986946527228,16.39758264327866,448.16178164121504
666,78.99999999999997,91.81006001886193,17.143620747751715,473.7512836858722
667,115.92000000000002,89.3830410960709,16.5686676733268,463.98085510357583
668,55.28999999999999,95.27303785401283,17.623061625214383,496.68926313873425
669,118.16999999999996,84.45441343529727,15.462327956192176,442.5859129403357
670,116.08000000000004,90.21889013489425,16.511378328444412,474.1702442477626
671,116.37999999999998,78.66994774299887,14.248848701754042,415.24785565890323
672,53.00000000000001,102.56352052105947,18.77198435050306,541.4545454105124
673,17.21,54.805294729082675,9.631257785793482,291.9315592329366
674,18.959999999999997,54.264130519464246,9.508930166173661,289.6217924925461
675,34.25,49.36576605957975,8.562592338300366,264.2743420430265
676,76.42,65.22662604751139,11.55738201926554,348.2739164029542
677,53.04,70.4194553548501,12.526808659099387,376.0836663496525
678,61.28999999999998,52.62351212993602,9.146576970164073,282.3941990096488
679,20.42,70.96756868043106,12.60657416413098,379.6491538058181
680,52.580000000000005,32.66958903302429,5.3613646539581685,177.2072381194773
681,36.61999999999999,86.27085538160914,15.478859288511046,461.1801828447983
682,27.619999999999994,40.08894694421924,6.880994875830739,213.22442059472843
683,53.88000000000002,73.52677164523361,13.804575319605554,374.17048425599694
684,21.579999999999995,58.93221379752392,11.265561499120977,291.841893208846
685,44.96000000000001,40.87603938954471,7.790117141294937,198.49707686106717
686,25.33,50.484263000514034,10.042190105120223,239.04561699014863
687,47.99999999999999,39.6728630427512,7.884528237006295,185.1980449568382
688,32.42000000000001,50.51062651197704,10.428336821508852,231.1724223828116
689,27.459999999999997,43.62567606731151,9.032613789455366,197.4977201611911
690,43.78999999999999,39.73787180116674,8.262095313402723,178.17913201420075
691,65.49999999999999,46.179638129919084,9.82966179172009,204.5390368489586
692,29.58,54.20807878124497,11.775852680191445,237.5697486510526
693,22.209999999999997,40.94428362978807,8.773676707515913,179.00625372263397
694,37.83,32.06597194279822,6.7502322769478,140.07428802798486
695,45.62,39.193993897686795,8.46805103282825,169.63249235198649
696,20.499999999999996,45.467153378424356,9.992250014417946,195.42896952506644
697,73.58000000000003,32.87813491180974,7.14824500430182,139.85585601523334
698,39.92000000000001,50.07249008650883,11.458193339969164,208.37219165383416
699,35.75,43.69171890596787,10.033162707101418,180.03147681167303
700,74.11999999999999,39.99707942496726,9.434155642006138,160.08256183285388
701,72.83000000000003,38.53305473003827,9.32550920178428,150.35935533505062
702,73.75000000000001,44.695440961408224,11.20067006872184,170.14415133727934
703,72.46,38.187932326987564,9.734612324778446,142.0600373447815
704,73.29000000000002,42.907157105180715,11.292042632491409,155.8362966756387
705,66.5,50.50628740377606,13.83355327737235,177.8443802043849
706,23.709999999999997,52.917226444151375,14.906120584544189,181.76406820747127
707,18.379999999999995,43.894781205191094,12.518129347638908,148.09913403173763
708,18.419999999999998,40.47686295208422,11.708024679871466,134.37353000823546
709,40.49999999999999,39.60999759527799,11.627687037643922,129.59968145965283
710,26.25,37.13203586735918,11.15340522202969,118.64154348724423
711,27.580000000000002,34.181363870501656,10.450652259533165,107.09238947573286
712,32.120000000000005,34.14301462653803,10.643933081704343,105.0665213699676
713,27.330000000000002,34.73311430377381,11.020242228090098,105.22543486375685
714,19.33,33.35665791021451,10.707055450306907,99.82637327292754
715,22.669999999999998,29.38363628320509,9.467229949340988,87.19576509334438
716,15.5,27.88394925885647,9.043626499568358,82.06586518565281
717,15.579999999999998,23.452697399418692,7.570307872083559,68.76813657479165
718,27.83,20.940984668294764,6.741873714554705,61.18220885072075
719,28.500000000000004,28.11385561523895,9.3317042044356,81.04034610486455
720,15.290000000000003,29.925689869809467,10.028122125323987,85.72358567080514
721,26.25,22.524777165864755,7.423665826445978,64.69766086472148
722,44.79,26.439940360251573,8.971086580024146,74.51336766873604
723,58.999999999999986,36.429122680769765,12.954987299131,99.38986024296513
724,25.000000000000004,45.618038442029295,16.76479484039186,121.33417428729409
725,26.38,31.419027613412368,11.585475464201654,82.50843433676052
726,44.67000000000001,29.57240104375887,11.057384679565269,76.51861041345893
727,59.579999999999984,37.14772241588659,14.248180343083597,94.43753371067785
728,25.42,46.49548445247363,18.256409457881077,116.14650378146817
729,25.25,24.0891691676742,9.295722214096548,60.13863568136386
730,31.379999999999995,29.76762290277227,11.82583037547312,72.80782307065842
731,21.130000000000003,32.68806481370962,13.23198480522987,78.74191417599468
732,20.619999999999997,23.217188846969083,9.347640131426845,55.676906831016225
733,35.879999999999995,25.48796841441167,10.443216310479967,60.3125236547628
734,20.42,36.996867347798315,15.569592940493845,86.1332164544503
735,25.08,22.11915578533477,9.162274432816734,51.59603721195996
736,21.42,30.15958655889341,12.78946127977646,69.41028034540521
737,53.38000000000001,24.704344913394124,10.440850721783745,56.75036870017988
738,50.25000000000001,25.59475498892503,10.895138783708642,58.45966716165021
739,27.210000000000004,30.12109048252269,12.977574182477781,68.29115597436777
740,33.04,26.664323657656997,11.468953759365446,60.37762784313574
741,28.54,31.135528029312958,13.527751812426908,70.08409993894605
742,22.46,27.11678407449995,11.743425351349078,61.03618924235017
743,38.71000000000001,26.135992362932473,11.325588650037478,58.74254880872491
744,70.96000000000001,33.11544102103215,14.524340681696282,73.97022514017337
745,42.42,40.274043476066275,17.823041407258685,89.50326288966646
746,55.24999999999999,29.547535423887002,12.99329692717641,65.68563708252023
747,62.540000000000006,40.28263920293439,17.982471430299334,88.78052756815242
748,71.49999999999999,38.699433868759606,17.31322488864683,85.06048683850739
749,26.419999999999998,44.683171342700554,20.131128559512792,97.76198225991271
750,51.830000000000005,27.472257468866704,12.200682679219703,60.41117585150183
751,81.45999999999997,41.92760764177961,18.94196781705732,91.40710419110982
752,93.07999999999998,44.98671403190622,20.3989278246202,97.82634703871454
753,70.49999999999997,52.34700318172106,23.859290366465814,113.48045002561955
754,49.92,48.00085527072378,21.861702252113602,104.02646700511704
755,68.83000000000001,42.09068777064276,19.14677568136765,91.16399695482058
756,31.879999999999995,56.980920976109246,26.20882834693644,122.55501509922031
757,27.879999999999995,42.89387761087932,19.78971332656723,91.67431741142643
758,56.17000000000001,33.58608016012206,15.51059574673922,71.45025916636793
759,57.17,42.97001936354442,20.131113268465192,90.49364627729788
760,31.789999999999992,46.215535423892184,21.82019297624754,96.6900934924256
761,28.959999999999997,39.81353409157996,18.821520588769605,83.03717351474691
762,53.459999999999994,34.85201011841357,16.483560943952686,72.51858317944195
763,26.209999999999997,48.28848931442592,23.120036589164506,99.71938199254731
764,70.92000000000003,35.95725428265717,17.139312200277768,74.2971573030242
765,42.879999999999995,51.50144124790494,24.820489473531445,105.75248182002125
766,100.58000000000001,43.46109548849511,20.903560310613784,89.24966644711132
767,51.92,54.15397739491705,26.058712764876564,111.42076623939127
768,102.07999999999996,48.96891695452685,23.428489450027882,101.2123233086584
769,85.38000000000001,58.18723806738286,27.835778009019712,120.48550834831957
770,129.92,61.32320502695937,29.275007717744813,127.29664391979051
771,97.61999999999999,79.12158419233003,37.78747164067066,164.50365316303544
772,129.61999999999998,77.2380343069954,36.76515007042621,161.0856795433755
773,128.33,90.53835702576079,43.07558014950961,189.11141268140238
774,65.04,97.95755339267342,46.54745405541244,204.954189724888
775,84.78999999999999,76.65980413642222,36.24735977176934,160.91872968882302
776,101.16999999999996,76.73336077407927,36.225830854136426,161.31942279299713
777,60.580000000000005,81.80044555128913,38.60105153690139,172.12453880431588
778,93.88000000000002,70.59546094070204,33.20432778007646,148.86144619679857
779,109.28999999999996,76.41788796359415,35.95133949645192,161.2005983658351
780,50.32999999999999,83.94700935217018,39.512707019424184,177.1168163958512
781,43.50000000000001,66.7120106428975,31.271194185007545,141.07458078616472
782,45.62,57.87629168715144,27.044003228101595,122.60638011041888
783,42.49999999999999,53.92428881970798,25.14879623998483,114.36582696444805
784,125.58000000000001,50.67067365463541,23.589569537635786,107.57687084914024
785,160.49999999999997,70.56083172305031,33.02586059097113,149.50178152594867
786,69.67,96.66982095269145,45.11484349011826,205.86167843061125
787,90.45999999999997,78.37942730542068,36.255717013915266,168.1309142428547
788,150.46000000000004,80.1694246311056,36.90280551887164,172.8255362565275
789,58.82999999999998,98.00295320970397,45.03115532262684,211.93371142967626
790,90.35000000000001,75.35940062925035,34.37303690132388,163.83623050867138
791,121.88000000000001,78.87509584168046,35.886412840787386,171.9642555174918
792,157.83,89.88539734012352,40.859839187280336,196.328886351338
793,171.25,103.60706667612945,47.081640763264495,226.58454630243443
794,110.66999999999996,112.37063656518744,51.019530586801224,246.0783778748082
795,104.82999999999996,99.93494616452499,45.24532646236122,219.30038787870575
796,86.75000000000003,93.796437114509,42.37851609238353,206.16163896585897
797,181.03999999999994,88.40016696752568,39.86569898939562,194.57697657136472
798,131.67000000000004,122.37306131165941,55.344065403569125,269.1422438794468
799,154.54000000000002,83.00378870531881,37.33477010967744,183.07927050712723
800,204.07999999999996,134.87529946143806,60.96561036752026,296.9410175133612
801,187.20999999999992,105.45341787386057,47.52087471167778,232.55576840619833
802,195.08000000000007,131.86361048004093,59.529911181164,290.6366246921787
803,157.83,149.15978297407673,67.38224385545246,328.734140787835
804,123.33000000000004,137.54874272834243,62.07309959025014,303.34137907139905
805,196.28999999999994,120.92012452244089,54.486977881363984,266.89198711360945
806,210.00000000000003,149.42377527174236,67.44238481836001,329.6037951052482
807,177.04000000000005,164.9311255490587,74.48237178431522,363.7624971914131
808,128.41999999999996,160.09870061554216,72.27104596972859,353.2025502234306
809,96.42,123.35564757154927,55.55098070517745,272.45815917076663
810,130.04000000000002,102.50352523584763,46.062381692145564,226.63360780008458
811,140.46000000000006,131.49757981540705,59.23920315556257,290.43162155721603
812,230.6699999999999,128.25026410643136,57.75736992374934,283.31549596691457
813,119.96000000000004,179.35386961984608,80.98267107103354,395.76089912548844
814,164.62,99.94271387020582,44.88200761246209,221.0790242995965
815,172.71,142.4836724351363,64.73477236451849,312.1913828089255
816,170.79000000000005,147.95729475642128,67.701451524753,321.9666210641412
817,91.03999999999999,149.1398092141519,68.69010974538921,322.45999157152056
818,180.54,118.35404851652665,54.70163243463492,254.7445495695689
819,219.99999999999991,143.73196604275694,67.37656792422568,305.3526384918209
820,248.92000000000004,159.5506858832194,75.64260541491358,335.3210657835548
821,212.45999999999992,181.12122187136364,86.71151640627019,377.15033663638025
822,239.41999999999993,166.31978427835713,80.19057815142332,343.8172293925853
823,218.7899999999999,179.05942067675204,86.93203405015211,367.70971227568776
824,78.66999999999999,178.98002143641241,87.3715684455284,365.55237296391505
825,260.75,128.6522197935683,62.026837073398994,265.7069914649805
826,267.3299999999999,165.3648938114951,79.18921131837632,344.14964591711185
827,114.33000000000004,164.15434261810853,78.03266859027035,344.1225597230751
828,207.5,155.97131242432218,73.65690348781322,329.04306062916635
829,219.32999999999993,173.86242858965258,81.73309453180852,368.584494636731
830,192.25000000000006,168.24123521174158,78.71904126622837,358.2942820315877
831,237.83000000000007,173.29592221443656,80.7909508816337,370.42334418565355
832,203.92000000000004,177.39984819037477,82.44884663772257,380.3894034092231
833,294.17,173.17611668633026,81.10728674833814,368.48388901115607
834,292.96000000000004,177.14878430499823,83.95648809668346,372.5675763013059
835,295.29,181.23164589252374,86.7616921331983,377.39257604897733
836,298.7900000000001,195.44781216669853,94.40162318956898,403.51872426109844
837,298.8300000000001,235.2675657417589,114.60389412701042,481.8761439489751
838,240.9200000000001,247.31900142516878,121.27822639152079,503.27887522147495
839,294.99999999999994,243.18652477077492,119.89715179765037,492.2048273513349
840,309.54,254.43749506879388,126.05183448262963,512.556645228454
841,309.66999999999996,263.60509768125746,131.12838618764982,528.9077642518897
842,281.57999999999987,268.46020191974924,134.0016077339495,536.8365608928428
843,218.74999999999991,266.29362075032856,133.2957693620965,531.003949440758
844,189.70999999999995,247.45201301581858,124.12995004772533,492.3143723630425
845,95.46,226.9380458363378,114.03336753109448,450.6581045551357
846,244.7899999999999,171.20784534883842,86.05925940375312,339.63627697723103
847,272.79,200.70778886672917,101.12368401588151,397.3995728471547
848,236.33000000000007,196.0715031081808,99.07224494291448,387.09139696498374
849,261.96,246.89296639999822,125.19644635720769,485.9465390225775
850,172.07999999999996,216.67393467393524,110.04998139718154,425.6722176833717
851,241.5399999999999,217.59677652587015,110.72377105578504,426.70262994114125
852,246.46000000000006,238.58338604157828,121.63934883978213,467.04063630618583
853,249.71000000000004,220.93608351570643,112.75530631495764,431.9962861680943
854,283.53999999999996,239.39038009054505,122.35190137560575,467.4770497709155
855,326.46,236.86332453273775,121.17110828266013,462.1124490322466
856,272.53999999999996,250.07790299120873,128.06246247182443,487.44654102446776
857,258.49999999999994,251.24511598285818,128.75140876388073,489.38079157193533
858,232.32999999999993,247.10702791651985,126.69725577451705,481.0549739163067
859,211.42000000000007,234.95989740148335,120.50549011115879,457.22681041640675
860,223.92000000000007,231.2305228848052,118.6354609092604,449.79456667329555
861,249.49999999999991,236.60012798900786,121.80651499574964,458.6972792717617
862,216.91999999999993,246.26658020301707,127.16196356945335,476.05855920475005
863,308.42,235.67826753919587,121.96690893866204,454.54208696338947
864,342.8300000000001,266.4168235476718,138.21926065660023,512.662816330553
865,332.75,283.95081590875543,147.60352669923566,545.4000033552574
866,337.53999999999985,282.6986508627878,147.16744915164335,542.2024710028783
867,321.41999999999996,287.45978057086694,149.8417895990019,550.6312503862212
868,183.38000000000005,282.97064753018407,147.65160475612356,541.471968540186
869,209.37999999999997,222.23605599369657,115.96374696580963,425.0665205107374
870,177.08,235.51490265896965,123.01596764226049,450.065296213676
871,302.16999999999996,215.30272965697313,112.49152593015569,411.24990565243536
872,277.16999999999996,267.12599311923736,139.7603512497096,509.7372036791904
873,126.91999999999999,255.30843774841503,136.12872226151174,478.06823732923857
874,175.62000000000003,228.2763664465027,123.65660736977411,420.69968620257214
875,212.21000000000006,237.98494952431795,130.72508204202748,432.5833784557324
876,245.61999999999995,225.0113803919417,125.03142909544378,404.30480716827503
877,188.82999999999996,248.17559250699296,139.32888850832367,441.44970911693787
878,159.32999999999996,220.10722292751564,124.57222612794726,388.3249768536
879,346.28999999999996,204.82550389987793,116.7311989826187,358.83782057543743
880,356.24999999999994,285.9623577252833,163.9472825776647,498.234624932245
881,348.38000000000005,251.87910774023638,144.96269026084676,437.11088311141896
882,333.17,281.4759056752487,162.88553518155516,485.8802923861242
883,364.1700000000001,271.78760153419523,158.08024090432565,466.7706994140935
884,360.61999999999995,298.6685555827807,175.02154871196555,509.1718730586629
885,347.12000000000006,295.678682470885,174.3372125085268,500.9940683064059
886,187.4600000000001,296.3663818456041,175.66204521475362,499.54195254250817
887,189.04,208.60977700906943,123.92089045155875,350.7126595797779
888,182.20999999999998,232.3420340086576,138.4385449018699,389.4838857406017
889,293.0799999999999,214.86795695361562,128.29133580543655,359.41838804614326
890,108.53999999999996,282.2460302627276,168.97605475193663,470.997739779755
891,237.54,177.25361300649158,103.99609468313867,301.624118027989
892,136.00000000000003,231.88594345628198,134.02131663109427,400.68370456426516
893,163.12000000000003,196.09291956511547,111.69798459555751,343.68778729368995
894,321.04,195.2073620071832,111.71450420795313,340.5472496316182
895,326.6200000000001,250.1988974303936,143.87675429051444,434.54872815353264
896,211.6200000000001,271.0173898635469,156.41156971706988,469.06367143896745
897,286.2899999999999,235.43680059137841,136.21298305753535,406.413055442768
898,374.6700000000002,249.30477651944034,144.61408924280298,429.2638671452844
899,348.9600000000001,270.4754126764331,157.25621422584317,464.69355932314886
900,285.79000000000013,278.9375933534965,162.47566137907845,478.36833845149187
901,320.28999999999996,265.43235296745206,154.8210783431196,454.5622349850553
902,366.42,273.19996445470684,159.56722481533816,467.25010890877894
903,365.71,294.5234693726362,172.2404113496569,503.1209511663539
904,350.12000000000006,303.88350396959305,177.891094355493,518.6119534495018
905,323.8800000000001,309.1414568701692,181.11786315021038,527.1619364829446
906,362.67000000000013,299.64203754632604,175.656519440105,510.6461879044976
907,362.5799999999999,312.24991461224624,183.16838460294522,531.8032236158862
908,361.8300000000001,318.53564811700755,186.9537367954441,542.234905346298
909,366.5400000000002,322.00635751788775,189.07242698661298,547.9123733045288
910,364.38000000000005,328.15050295998265,192.75481947238077,558.1605612383393
911,371.12000000000006,342.7467051974542,201.40628090696592,582.785230402101
912,336.3799999999999,346.0567623370774,203.4063034267315,588.2596963237426
913,365.5400000000001,333.5908610003458,196.10603895449967,566.9736899933123
914,356.1699999999999,339.1126941554035,199.3950398499331,576.2430535819257
915,354.00000000000006,338.8249458136247,199.2561729263422,575.6663374702009
916,359.5400000000001,337.50433425142256,198.50392295383674,573.3505321121564
917,356.3300000000001,340.1413650261956,200.0803611805225,577.7608011478392
918,248.17000000000004,344.0670113492857,202.41340689386573,584.3657541051629
919,353.9199999999999,302.27551919538496,177.79205458166862,513.4302455633871
920,358.33000000000015,316.80064861821546,186.36788693693285,538.0318155007728
921,361.9999999999999,326.562314238646,192.13429657109012,554.5567893136106
922,357.2099999999998,340.1219692562183,200.577150731465,576.268790073619
923,345.33000000000004,326.18127006839984,192.70519379719343,551.6314570359351
924,330.46000000000004,333.2717618066465,197.2214088831286,562.7010218568265
925,318.5399999999999,321.4757596106279,190.48787242278934,542.0663269726493
926,337.75000000000006,332.86729860305434,197.48258799889706,560.5977411435226
927,350.96,340.5607343397217,202.25683148944822,572.9720253818203
928,344.75000000000006,341.57430825835615,204.0053234772782,571.4590692967956
929,343.29,343.6528236334774,206.23368821338133,572.1962301236443
930,201.67000000000002,351.66234453739645,211.90974860705956,583.1476497356095
931,306.2500000000001,322.09246238919644,193.6587311020355,535.2653843561542
932,211.53999999999996,339.8030282113955,203.97199173383285,565.6467064870012
933,334.8799999999999,275.19913869467035,164.8711319051019,458.91103659509866
934,328.7499999999999,304.9214279599461,182.48990951141474,509.0439600970563
935,319.3300000000001,318.1288188702943,190.20711285303966,531.6329209929812
936,321.82999999999987,322.2077660678693,192.47514342882548,538.9311673595521
937,317.82999999999987,324.6752424158675,193.8016809134085,543.4735539514202
938,263.1699999999999,324.59027881075366,193.62304582948195,543.6889868784791
939,303.28999999999996,310.8772950822489,186.18925160131573,518.6208989337958
940,318.1199999999999,311.8592625493035,187.43185910023914,518.449941375491
941,318.6200000000001,315.80803560445423,191.47723651442706,520.450397154004
942,281.00000000000006,318.4278283199555,194.5091667290691,520.8892761514293
943,133.67000000000002,312.28234314200637,194.02682015564955,502.2427152645791
944,172.28999999999994,250.27838733640453,156.0140305580095,401.1349411768428
945,293.1199999999999,213.9719054539972,133.75540719466827,341.93926378600094
946,285.9199999999999,298.6447087527558,187.34109949840195,475.7252167617597
947,189.74999999999994,295.3176091571859,186.01611038082345,468.5003297728419
948,243.12000000000012,250.1381605810068,157.48185154367883,396.9659190353973
949,135.28999999999994,267.63890940634354,168.50761800894193,424.74407271313714
950,185.17,208.8328871341178,130.12016351744157,334.7976328116963
951,288.8800000000001,202.0654922222821,124.84655506533946,326.6656568792703
952,240.88000000000005,275.64625169894725,169.24637744858956,448.5434776706981
953,291.8800000000001,259.0167169492444,158.05966476414423,424.0524052927846
954,297.79,278.40288517759575,169.05308941269436,458.0682387199088
955,277.12000000000006,282.66865326521065,170.9058306292394,467.0929352469069
956,259.75,274.07220287286555,165.08589192432902,454.57582234501155
957,267.0800000000001,265.45429230004453,159.3815916205649,441.68104068381047
958,120.61999999999998,266.9490529986875,159.85439128533994,445.34588107410207
959,62.540000000000006,202.59829903661972,118.95934916767361,344.5526197684249
960,199.1699999999999,112.57668855544136,63.72783054659375,198.2908471408449
961,187.0,269.6326274219409,148.93140553912232,487.5035177382613
962,194.11999999999995,200.86889602652744,108.17818857710978,372.2526772431978
963,57.54000000000001,239.74880535810289,126.57087448282208,453.3355802515742
964,77.41999999999997,105.22341898699258,53.70408222941889,205.26275556485172
965,200.50000000000009,133.8770691198202,66.79658819337115,267.3294876501097
966,272.61999999999995,232.50417851078473,113.97782657068477,473.21492480966884
967,279.3299999999999,240.3411436436072,115.7731690164578,497.79221490507996
968,207.71,239.30791975445123,113.55477754401093,503.10727107846327
969,183.42000000000004,198.7462558655933,93.02150070829242,423.3557742830638
970,277.6699999999999,195.68171818733364,90.58838954749297,421.36465189796115
971,275.53999999999996,248.7580619854831,114.24568082056624,540.2705194901545
972,251.83000000000004,223.6363175725024,101.85123699514193,489.62584609378735
973,140.67,220.54456996228768,99.76771329203658,486.08058242355503
974,178.57999999999998,160.57430394338692,72.07918921300549,356.2324211027781
975,200.29,202.333711489325,90.52880200879946,450.7113446327991
976,238.33000000000007,195.38095683789675,87.04114472404548,437.03928639781753
977,228.04000000000008,219.99967237222754,97.73705507522962,493.65578197991766
978,183.24999999999994,206.76550949233342,91.5526567251255,465.3994364074302
979,237.25000000000009,185.17378512801602,81.72786698718286,417.9722221928277
980,237.54,223.38557885392035,98.49664175448218,505.0360541800976
981,180.70999999999995,207.20904212370965,91.15761404095333,469.40068987472074
982,225.92000000000004,183.79714306332679,80.66995587415593,417.14622915909115
983,101.62000000000005,221.15093333987718,97.05061623897616,502.3220501490433
984,37.92,132.67733291444188,57.93588466586108,302.20456605395793
985,120.61999999999998,75.64688595209743,31.629464977732717,179.04417572163456
986,110.88000000000002,203.56402269320347,83.53159934161447,494.0390115217502
987,181.03999999999994,129.98427764025567,51.77426987584689,324.09935294797407
988,170.62000000000003,193.10105562754052,75.5406613157597,491.2249056655101
989,232.75000000000003,161.28710244718783,61.83626758950086,418.1385744417549
990,70.21000000000001,195.85491297477398,74.04562597432017,515.3772872727627
991,42.74999999999999,107.14216714037408,39.31852846675351,289.05841131974915
992,62.67,87.24093901687647,31.282014770745796,240.20128108101443
993,112.00000000000003,105.19696603856165,37.231064514716145,293.99036291428126
994,215.75000000000006,142.51575818731627,49.9642427744977,403.14164376414084
995,170.00000000000009,201.3534359140743,70.02790715049733,575.4904904134526
996,187.28999999999994,154.2155980834913,52.94651321982862,445.5883047944733
997,204.11999999999998,180.42618382074068,61.84431637486549,522.7619258902733
998,203.0399999999999,187.49278978253435,64.292121930861,543.1626148653208
999,82.03999999999998,184.59230727715817,63.287422188139615,534.7891691419192
1000,62.42,101.71940875511162,34.58103293416343,295.54217612296475
1001,61.24999999999997,93.89462869560309,31.870603032218504,272.9527031630674
1002,44.5,88.6516224457376,30.0544751912256,257.81659109228946
1003,45.459999999999994,66.33632424214167,22.32466667752236,193.39422758449794
1004,177.79,67.99457625850793,22.89906951261008,198.18145978777008
1005,129.37999999999997,191.33153584263948,65.62182730636721,554.2447474831295
1006,145.83,118.44980339881982,40.376283608147766,343.8413991731007
1007,88.49999999999999,142.2421776783012,48.617737322493085,412.52795538946293
1008,149.53999999999994,98.3511866044216,33.41431259644229,285.81840591890887
1009,66.33000000000001,144.82773847038337,48.86412588621045,425.47352038045864
1010,91.88000000000002,84.15566134752228,28.46474161249726,245.10725438903
1011,172.07999999999996,108.41499442558778,37.24158096454732,312.05298325009034
1012,114.66999999999999,142.82098696258956,50.14580417664384,403.42176291636235
1013,92.79000000000002,107.66271842804163,38.216402442707796,300.0879540371365
1014,140.54,102.96006997450803,36.99209747174864,283.4722157585885
1015,152.83000000000007,121.9061345644853,44.396655885500266,331.7539797575314
1016,29.749999999999996,124.10042543057416,45.627179276514575,334.643645739329
1017,27.250000000000004,56.486132710213376,20.402753424842004,153.40328580062862
1018,30.789999999999996,61.05306811623672,22.08166230104526,165.8243479354579
1019,123.91999999999994,53.95297585929745,19.424560363782543,146.852854700725
1020,133.07999999999996,132.85673717663647,48.71766944614759,359.38748974311585
1021,146.12000000000006,107.69902066136284,39.350491731198616,291.8211425885492
1022,144.45999999999995,119.3074270632039,43.63807020011213,323.24961342822064
1023,22.209999999999997,116.88958690814523,42.72297692501256,316.8638710993747
1024,97.08000000000001,41.93876810396865,14.533368963851933,117.6952946638299
1025,16.96,108.85786784056893,37.909152678268114,309.177690742072
1026,30.830000000000002,49.81549058348339,16.190236323258606,149.21399558924745
1027,33.58,55.568583721952486,17.404176078254142,172.8738344330765
1028,44.5,55.44439846286949,16.764744679992972,178.3422970735566
1029,21.499999999999996,61.672314093697146,18.176588177541934,203.82365880177653
1030,59.24999999999998,44.777303779840075,12.675388950793737,152.2359736817673
1031,11.879999999999999,60.42603830906248,16.98029323712505,208.8496466428997
1032,47.54,33.769862405815964,8.762000066129255,122.84176639313776
1033,123.61999999999996,46.028412764986626,11.743947984236351,172.5468168835661
1034,123.57999999999996,75.40945060853038,19.09127071082754,289.59407074491435
1035,115.45999999999997,86.40046997514595,21.40027019208603,340.0156255425515
1036,47.49999999999999,92.77805712178746,22.51732961386384,372.9507904142668
1037,27.83,64.86716839732028,15.215149701686038,266.5574356387124
1038,16.29,48.887787794966144,11.089730768412469,204.85994996498854
1039,26.670000000000005,36.107672699382476,7.8732139422714695,154.18383554403513
1040,14.96,40.89796191277325,8.905485296973314,176.21890041879965
1041,20.42,30.29621169242276,6.327914805717212,132.66051493021908
1042,38.88,32.01381906456088,6.666891570522393,141.1582970363178
1043,17.920000000000005,43.355756819338616,9.22923662458678,191.3343095111734
1044,59.16999999999998,31.667482914476743,6.489160341929809,141.494537604284
1045,33.04,49.17169160895805,10.444235646625186,218.9534085657082
1046,30.169999999999995,41.58302062632544,8.671715547794875,186.48624654035538
1047,49.669999999999995,38.74733510804649,7.994835367339364,174.63975144312818
1048,27.119999999999997,42.95782483298704,8.916920370104775,193.8478249228049
1049,16.459999999999997,36.42938796907268,7.421907607482662,165.3470022509679
1050,47.46,29.50456640248409,5.8484320476972504,134.8746885305588
1051,74.70999999999997,39.79813080131161,8.14199177605489,181.07055066934433
1052,30.04,50.24301551843291,10.46392576076262,228.05300454838928
1053,54.499999999999986,38.768204824373335,7.88460409085504,177.00569375749285
1054,21.960000000000004,40.044995974309394,8.159150730311891,182.9353608359829
1055,53.96000000000002,33.787346914700876,6.755061717557316,155.047694968561
1056,78.92000000000002,38.912695055167866,7.890140435434683,178.18988323483458
1057,40.79,45.14162360371432,9.270202678487575,206.3035455518759
1058,31.789999999999992,39.354173823705096,7.976559026809577,180.41242542161368
1059,31.17,36.23792147556562,7.2790757767844685,166.49004758583817
1060,32.96000000000001,35.6888951046636,7.153419821337314,164.09330483367975
1061,32.71000000000001,35.654544466140564,7.142737459109405,164.00048500485784
1062,16.67,43.314536686783235,8.841258459670472,198.54543108605773
1063,41.57999999999999,25.759522123564444,4.941078957749218,119.5289526320013
1064,18.709999999999997,37.673512716390235,7.584218348181521,173.23142389448117
1065,22.46,28.44781876648619,5.654097541690018,129.32180918159037
1066,53.75,29.82685839097887,6.072156464719729,133.37134811681867
1067,37.96000000000001,31.962410616717214,6.660200475721098,140.83969689941978
1068,14.419999999999996,32.670295528238626,6.9109181253920315,142.30685553678958
1069,71.83,28.397516476722966,5.971650004617226,122.96118199089766
1070,44.57999999999999,32.31571932810659,6.963653488320163,138.3753703594784
1071,29.920000000000005,31.918955573562805,6.9219427677865255,135.79190418551678
1072,30.119999999999997,33.53530866536625,7.794574372341216,134.6162895572415
1073,45.21000000000001,35.3179972894598,8.704079201474679,134.92190456532632
1074,32.03999999999999,33.44458634572202,8.645661566990968,122.0013639072778
1075,23.419999999999998,35.06082066674869,9.5091712117134,122.73790101640154
1076,49.28999999999999,37.714107773138494,10.671472706992388,127.4141408969119
1077,51.00000000000001,33.64524934938365,9.750164422429163,110.65348317618972
1078,30.420000000000005,32.66904534308058,9.763807718272401,104.31631965052986
1079,39.46,35.02450973185851,10.812786745497823,108.86106237085693
1080,38.79,34.44470724082015,10.915456272594163,104.43677410633713
1081,67.11999999999999,35.322272417488634,11.471438344342332,104.78631246401177
1082,18.88,34.29534691426053,11.401716033925666,99.45073684884754
1083,60.75000000000001,40.60867289139355,13.909595746259617,115.11861845532043
1084,38.25,31.834084390597432,10.963188307400834,89.11620230887269
1085,53.17,34.58523290040187,12.15060890770627,95.29278837680168
1086,29.749999999999996,32.846337156343374,11.659560942971794,89.49085857411653
1087,17.17,37.18039548350289,13.48671319668396,99.62617927787569
1088,23.999999999999996,42.77060728128897,15.811292825749575,112.9630414882981
1089,22.12,38.21924294711035,14.359289197543271,99.14454429248538
1090,37.50000000000001,36.059956987399104,13.755780546606083,92.07812674293066
1091,52.74999999999999,33.199488015590546,12.8097062772053,83.69441399047747
1092,57.50000000000001,31.520588835430146,12.395033912360407,77.95379027202038
1093,71.75000000000001,32.616217771927516,13.08191628794108,79.24831806856878
1094,39.62,29.679967375016712,12.031070663599397,71.23200782429788
1095,72.08000000000001,36.21706417679721,14.994761545579308,85.5977190089879
1096,29.170000000000005,34.19670810177386,14.278530633381013,80.08163611590281
1097,31.540000000000006,38.648202472637486,16.357826659389666,89.56317879870629
1098,21.790000000000003,38.229393756406495,16.299035807470258,87.96133585841945
1099,37.17000000000001,41.399439758716206,17.812135881528967,94.56131760764713
1100,41.96,32.81086623682769,14.080016656810795,74.80725550248954
1101,21.29,41.15601685425191,17.885674390139005,93.09935384377293
1102,22.539999999999996,37.13677490131479,16.14964701457641,83.80720324082291
1103,58.88000000000001,33.05396928802574,14.36284015521665,74.4855750989519
1104,74.08000000000003,33.760620854292405,14.724431897065621,75.84225224069002
1105,61.50000000000002,41.451555503923124,18.24806890266459,92.62677231756942
1106,19.71,42.1614670184409,18.60852623532791,94.00521420256592
1107,22.419999999999998,34.6354447931234,15.216527380450493,77.30806780091707
1108,72.46,34.17220173772674,15.028508541418415,76.18021747829285
1109,38.54,35.46478796599313,15.637667836560016,78.91990070164552
1110,21.29,35.00895620906901,15.446584063607652,77.83977136235933
1111,36.08,34.64556648448735,15.31070705243777,76.9001428886619
1112,41.120000000000005,37.62200336996521,16.700430972257156,83.27247600058793
1113,55.50000000000001,37.579150373667744,16.70439997155705,83.06672047316903
1114,35.83,40.75694314692879,18.184471312344225,89.88821227269885
1115,28.709999999999997,34.89219381742073,15.505923861428816,77.04771110314447
1116,73.75000000000001,35.10038870474539,15.615277650783103,77.4361292074036
1117,64.58000000000003,48.37177884283915,21.776504322308078,106.02136340205544
1118,74.75000000000003,39.87462841787038,17.95074711092148,87.16197263991343
1119,65.57999999999998,48.498592067355204,22.046498644041193,105.31162045449923
1120,61.16999999999998,43.98462696906858,20.02034708542724,95.26942197111305
1121,74.46000000000002,46.24218952253723,21.1429194551278,99.79178924017116
1122,96.95999999999998,50.83018345992777,23.356638297441,109.29304966818884
1123,90.70999999999995,58.15712330500417,26.8613351743637,124.60651583358265
1124,66.12000000000003,56.34239999580713,26.05745715809752,120.52475445369383
1125,37.17000000000001,50.486479831435425,23.333137698001607,107.94022950646901
1126,61.16999999999998,37.706536877229475,17.318038201387196,80.78801575568662
1127,98.54000000000005,62.86675100295271,29.26012644549726,133.7965908543027
1128,99.49999999999999,59.565293650571775,27.724059805499063,126.70321534693858
1129,58.000000000000014,69.91609680648047,32.66115296138181,148.40346196803785
1130,44.620000000000005,42.39584878635847,19.612952062167647,90.360018992372
1131,60.00000000000001,50.51667441787071,23.485078037373075,107.39123073350967
1132,59.74999999999998,56.724986868782054,26.449847230703835,120.39135351084506
1133,114.21000000000002,52.53910877382546,24.470430210724768,111.53976256312119
1134,88.08000000000003,88.93434426724887,41.687979484716195,188.47222090180915
1135,97.32999999999998,52.366634423493934,24.28206203948603,111.64894711684462
1136,86.38,84.9480652805145,39.663553505514145,180.66316734866433
1137,130.28999999999996,57.55611974928269,26.672861959225106,122.90547696673251
1138,132.58000000000007,97.52715196928945,45.42852279852641,208.08698123575812
1139,110.42000000000004,93.20986998938294,43.28538444268681,199.41599988598747
1140,41.169999999999995,87.54356234824672,40.53515368069022,187.75486758973193
1141,80.24999999999997,43.93233450306607,20.04012947292546,94.9554306209651
1142,111.53999999999996,75.658860704203,34.90173708378197,162.68514177329465
1143,62.67,85.60255125190805,39.563732804771035,183.89427290718243
1144,113.83000000000001,61.90749928254137,28.46833885159668,133.29170493499075
1145,46.580000000000005,91.96207520764527,42.55100179074929,197.43280456403969
1146,70.33,59.13331839382325,27.173496561030714,127.3481435546966
1147,109.67000000000002,73.83373864865403,34.063177959594235,158.71422917193732
1148,164.03999999999994,78.56937246227737,36.28411009923996,168.8118854704726
1149,143.25,94.66946797365503,43.83029751403302,203.16208702378555
1150,162.79,93.29584648194006,43.188389869700146,200.22268971476217
1151,123.28999999999995,105.9535693567465,49.12168296626475,227.22589588317774
1152,168.92,94.9821914892196,43.981461317949034,203.8083991303571
1153,65.49999999999999,115.72945774136244,53.85229203790274,247.40833078000028
1154,58.000000000000014,77.27750440894195,35.86777970132436,165.19844607218968
1155,83.87999999999997,74.28094017034319,34.525597622298015,158.52497163267145
1156,109.74999999999999,85.39582621697589,39.838380792198485,181.77509154182277
1157,71.87999999999998,94.2248995242896,44.091604027470154,200.0968934235937
1158,83.03999999999999,81.87004547442196,38.30037882120191,173.74244887501928
1159,160.46,87.26068224836013,40.910451346385344,184.8712512199622
1160,168.92,109.28644355867394,51.42635975677362,231.00351291315943
1161,157.88000000000002,114.69656708376573,54.04903124254218,242.15951312552377
1162,113.67000000000002,114.47354329845865,53.986121969995494,241.5000840971673
1163,157.16999999999996,100.4567832473827,47.34392079999838,211.92188752110357
1164,197.61999999999992,114.92265468990465,54.268255204332156,242.14250234014156
1165,138.54,131.95816944756473,62.42085901102238,277.7391261883565
1166,94.96000000000001,114.90772118584844,54.310510715458186,241.8941562230355
1167,47.28999999999999,99.9362992976792,47.18303541221494,210.446548121123
1168,49.24999999999999,74.94212346850229,35.24787557931999,158.10466543853207
1169,51.07999999999999,76.24611305003404,35.866893503532,160.85149911714097
1170,123.49999999999996,73.09016250598755,34.3579054769707,154.25105647841514
1171,154.79,112.60124917934796,53.2101055750444,237.05974325660102
1172,97.87999999999995,122.16067526044918,57.768512180819364,257.1067882736101
1173,73.41999999999999,97.09636800438723,45.806344838208496,204.58959365263024
1174,169.92000000000002,86.59046896871588,40.79178701315036,182.57889916852446
1175,89.92000000000003,139.93578367380675,66.24195194384468,294.3943861763267
1176,74.92,87.02136576868847,40.99468664604656,183.4938360199582
1177,94.08,89.44649455164402,42.150626512815094,188.58168253364914
1178,223.11999999999995,102.30323814748917,48.28333137175235,215.53485498493436
1179,219.75000000000009,163.78493785625784,77.40663341331323,345.32370454105063
1180,197.75,146.30082772592945,68.92979869468193,309.2759374937829
1181,201.29000000000005,147.01177524141,69.132914219542,311.37095811440435
1182,189.12,152.54822788333198,71.82938526646092,322.73001913788306
1183,234.92000000000002,145.36893454465044,68.48347532498346,307.33036055744043
1184,46.83,183.11548452167014,86.4657658615321,386.5631946596617
1185,179.16999999999993,54.8068469277488,25.437129683141155,116.80417168370701
1186,180.83000000000007,137.56594711285177,64.48555367440508,292.20240300245223
1187,143.71000000000004,136.55720543751352,63.87691360664651,290.6597556182109
1188,159.20999999999995,127.14054101812238,59.331421815645015,271.16329001149285
1189,116.03999999999999,134.85657659388116,62.88566025026835,287.9069210759478
1190,134.25000000000003,119.54445702767387,55.625991906661376,255.61300810498147
1191,255.6699999999999,129.78194075205934,60.380487507139115,277.6539618944183
1192,241.87999999999988,168.441333178692,78.46461742988215,360.2974719812363
1193,183.03999999999996,164.91211630037265,76.75953221340961,352.9994332749005
1194,187.5,147.52468827108413,68.57242161300789,316.07366963202355
1195,174.42,154.04079377104304,71.59102821205808,330.137997700413
1196,235.87999999999988,150.23302401171264,69.78028730047255,322.13273121702275
1197,253.03999999999988,173.37297593018496,80.58292581374262,371.6997338164476
1198,297.92000000000013,193.57620557673812,90.00936352362712,415.00005000377985
1199,270.6699999999999,225.66652186648832,104.99333092134475,483.7258944355421
1200,240.38000000000002,226.81081628453904,105.50649452122839,486.2732714518548
1201,247.08,217.847518842217,101.29805583209424,467.1832524950933
1202,121.96000000000001,210.59892162388212,97.89506147280552,451.7435745080348
1203,189.12,160.72319464996423,74.57506997877195,345.07168336247184
1204,167.16999999999996,170.5304631863932,79.14950314351755,366.09771922420566
1205,242.42000000000002,167.7735140270533,77.85408481989283,360.2304816180437
1206,106.08000000000004,191.13880610451687,88.763808369853,410.271775136356
1207,270.04000000000013,152.46915838585085,70.69330989027239,327.52134476298056
1208,233.42,182.74385752378524,84.83135845284428,392.3504698783232
1209,287.62,179.87396276573025,83.486730003335,386.22519388887906
1210,226.28999999999996,200.88963227652434,93.29938543409484,431.23424450880094
1211,143.07999999999998,200.16979968186791,92.95992615819364,429.7079619869816
1212,225.25000000000006,188.48343001851077,87.49900813685092,404.69912598409655
1213,211.42000000000007,191.7265915553263,89.01149943624614,411.6532645847302
1214,232.32999999999993,192.64809456694735,89.4399669629151,413.635097608849
1215,166.79,195.80823134926106,90.91420077804655,420.4090923812466
1216,147.46000000000006,188.64445127373662,87.86063399209323,403.73510353433676
1217,222.57999999999998,184.4974257858218,86.16107500793241,393.77823064980475
1218,263.7900000000001,198.4911987567198,92.95968262398415,422.55122186454224
1219,201.37999999999994,208.12439132447145,97.69624611757558,442.1071369698508
1220,86.75000000000003,200.6654598405437,94.33972347049892,425.56886565527094
1221,145.61999999999995,181.01001388824608,84.24071137986408,387.6364228938742
1222,95.75,222.0350321584139,102.62102148006682,479.06306885783704
1223,143.99999999999997,164.04110603739045,74.90451456076566,357.8530516223671
1224,140.17000000000004,170.566457914639,77.22912237761165,375.26715712459014
1225,187.95999999999998,166.33754371118968,74.74447598886489,368.68839205397416
1226,259.6199999999999,181.97440736606544,81.30878710188223,405.75649502065437
1227,197.38,204.8819287907682,91.12502456629873,459.10699918025455
1228,196.61999999999992,197.9731338154921,87.63430299215504,445.6702692281772
1229,171.53999999999996,194.75685324269827,85.86907026135665,440.1322174416103
1230,189.08000000000004,186.6408228457228,81.99753817398121,423.2183463853337
1231,202.8300000000001,193.6856424504584,84.8762433294618,440.36187037124876
1232,251.75,187.52529613772035,81.96402075593168,427.40000954599367
1233,88.75000000000004,193.38495215628308,85.10856748586035,437.8124286355723
1234,216.96000000000006,187.58831114158434,83.49747907426419,419.9066529425894
1235,156.28999999999996,184.32816883921538,82.84436607232631,408.64625024021916
1236,227.07999999999993,181.50260249715822,82.24812527817049,399.09549532726385
1237,286.21000000000004,174.03378093393783,79.40152409841673,380.0478073839528
1238,218.17,193.78614231834737,89.00816747050123,420.5355373355229
1239,266.00000000000006,199.5924088608349,92.1606680983634,430.91311648933123
1240,164.70999999999995,205.1332515832015,95.59943547899012,438.8671399845293
1241,234.49999999999997,185.96112191793245,87.28766049009977,394.9155890503142
1242,130.75,191.35120037304623,90.42552176157002,403.68988934448714
1243,210.12000000000003,181.85525493712072,86.3937267102543,381.59089658658775
1244,222.71000000000004,180.75752926026288,86.27813367306278,377.5117537749478
1245,183.96000000000004,188.7250806074624,90.46858891561793,392.529698427019
1246,292.50000000000006,184.76389495154768,88.86335022234272,383.00776937637323
1247,274.4599999999999,196.0398585559597,94.59349465298565,405.14380717736424
1248,249.79000000000002,204.7338451077445,99.0564305630326,422.02543459366166
1249,200.08000000000004,209.92339210281023,101.79435582236275,431.7929970497212
1250,156.08000000000007,198.81453061350965,96.55309666565431,408.2729806531498
1251,155.28999999999994,185.04036072090386,89.96518679710006,379.486393045778
1252,159.70999999999998,173.43306668821245,84.39900317674164,355.29098259241874
1253,265.8299999999999,179.17556152706928,87.30644888794974,366.6201838077156
1254,269.61999999999995,197.43398897182172,96.34513855388829,403.49937782431005
1255,159.70999999999998,200.71200961022015,98.11361982456437,409.51608137219375
1256,237.12000000000006,203.88994642041615,100.20376437467658,413.80561917383875
1257,184.62000000000006,196.24528355003773,96.86241215107539,396.5551085198472
1258,224.50000000000003,207.53434669457772,102.85565879217219,417.7212739014661
1259,140.58000000000004,197.00862418053893,97.93124252608874,395.3097424914145
1260,70.79000000000003,212.24893392442794,105.83744568639997,424.6476512307131
1261,206.17000000000004,185.61812049562647,90.82469324981261,378.26968950033745
1262,287.2899999999999,193.90823134520687,93.44512507454688,401.23588688279307
1263,238.87999999999994,199.37088657635888,94.83543581795594,417.93159711466313
1264,249.24999999999991,213.9809118600323,100.69093005642826,453.482936074292
1265,154.07999999999998,200.17266684859706,93.26782475935887,428.3134162190237
1266,220.04000000000002,190.68954496670068,88.10832986726467,411.36191615616366
1267,256.82999999999987,216.32981869276153,99.34269363625174,469.7094097378762
1268,291.2099999999999,201.44432847357368,91.9312177322978,440.01118150819735
1269,372.38000000000005,218.9889557098826,101.55649345371143,470.8876299740854
1270,306.4999999999999,215.75284812513388,101.20146544517003,458.697881686076
1271,280.79000000000013,238.8442146469152,116.14007309688999,490.0808554132855
1272,373.37999999999994,211.15560669902868,105.76332730772012,420.58672447611366
1273,358.33000000000015,279.35718436837567,142.91401415554174,545.1605062451572
1274,317.9199999999999,236.64628851727235,123.06596911654033,454.2074904036306
1275,207.25000000000006,258.2700541176293,136.31080009776355,488.5533411377543
1276,257.38,191.56322269813026,102.2337688143276,358.1905552008033
1277,345.2099999999999,275.7602311607891,148.91800860864592,509.92077771740117
1278,339.58000000000004,251.54034513154892,137.00897180498504,461.1194193757348
1279,184.79000000000005,276.21936816498555,151.63445698587873,502.4942935126619
1280,157.03999999999994,177.93616967756554,98.14977871390983,321.9271233298947
1281,297.46,217.6849776558658,120.83230755667431,391.5323291615405
1282,231.16999999999993,272.3112338889588,152.82157507592783,484.6212825348652
1283,260.46000000000004,202.14338769817388,114.32309144975748,356.840181413012
1284,257.16999999999996,272.63322201134514,155.4851575722014,477.4807795829653
1285,311.5399999999999,219.5396962472854,125.91215833562573,382.2395434661182
1286,296.79,296.68166168725503,171.55854564547812,512.5322123480559
1287,356.66999999999985,220.9481778817184,128.45794749100898,379.5173387940215
1288,361.92000000000013,310.8148752126054,181.64682490848477,531.3307232554907
1289,276.71,262.8827936163085,154.12750594731867,447.8831838139333
1290,354.00000000000006,251.737968321133,148.0308919720858,427.61234866029247
1291,338.54,280.5071655221215,165.42713129551424,475.1620513640077
1292,354.88,283.94689560718274,167.83331059378528,479.9165503573289
1293,357.17000000000013,303.46079579029964,179.7345524784039,511.8868547940709
1294,238.71000000000006,307.487834177962,182.4176454621956,517.8418136979317
1295,344.17,251.48622605924123,149.32459308401369,423.07761126624143
1296,356.08,331.28409839657763,197.06274181057177,556.4633625582433
1297,329.5000000000001,284.5677509439232,169.38373706595047,477.61927308006744
1298,330.62000000000006,314.396353833332,187.33781781861023,527.1725208644259
1299,340.8299999999998,292.0158462819259,174.09735180522915,489.3460005941057
1300,333.7900000000001,315.8434480034258,188.45002403179154,528.9010705105701
1301,317.0,307.5595934924724,183.59130144385875,514.7828239549875
1302,338.25,303.15482023052124,181.03537346747893,507.19877976072524
1303,337.53999999999985,313.38260717056147,187.22624058861612,524.0937562280419
1304,318.24999999999994,311.1412109554917,185.94301970057882,520.186272334827
1305,325.49999999999994,303.40030069757233,181.35565372332482,507.1254196009636
1306,336.2099999999998,308.2867506171189,184.32503137863657,515.1649961459171
1307,339.2499999999999,311.20494923615564,186.10972874669494,519.9345926608975
1308,223.75000000000009,314.075501483654,187.86107974582436,524.6380603604536
1309,315.2100000000001,266.093552660956,160.58553536963663,440.4935143164807
1310,330.3300000000001,296.88648788961194,180.6349583869886,487.5422963466517
1311,236.03999999999994,304.41774935061216,186.47399380546693,496.5623537160343
1312,288.9599999999999,282.68766504271184,174.12599558329478,458.54737347436213
1313,315.62,297.8456473308173,184.37492742106986,480.77346403332615
1314,322.53999999999996,303.29062152160526,188.52758862085804,487.54514015493953
1315,324.2500000000001,314.2316611135928,196.0273604868287,503.3512734622356
1316,199.04000000000005,317.9620787117391,198.95012266431792,507.8109289480775
1317,182.0800000000001,328.5707852798719,205.40074179318069,525.2427914083207
1318,292.25000000000006,289.3981276418348,180.71856357984387,463.07516588600936
1319,165.00000000000006,317.9615055054888,198.45285246672495,509.077648607712
1320,273.00000000000006,237.71561335904576,146.7878449876286,384.58748905335
1321,310.03999999999996,253.38228215592216,156.62982196769144,409.52095769110576
1322,304.53999999999996,271.07365970156786,167.72234923525212,437.73308212530674
1323,292.42000000000013,284.31137229666933,176.04741862433173,458.7784017090519
1324,300.4599999999999,288.83292503126023,178.95336710261293,465.80496055556387
1325,286.54000000000013,293.11919244009704,181.70107468662434,472.48434873737506
1326,217.17000000000007,292.021463593278,181.0924034256015,470.527513015817
1327,128.71000000000006,273.56059901615333,169.678598374461,440.6694491873022
1328,280.88,198.4157812890713,121.60187601106061,323.355997811511
1329,155.71000000000006,259.7860775563857,157.83244458873628,427.18316133924293
1330,232.6199999999999,220.93577040900777,132.86869684954513,366.938788874579
1331,196.11999999999992,233.2208101913578,139.12143790814724,390.5131670476977
1332,163.17,226.10460177122877,133.9175077671075,381.2817438541702
1333,251.61999999999995,207.4207774855142,122.08416011378606,351.92291426864773
1334,173.29000000000002,228.23262882205614,133.6925428244059,389.1299731580172
1335,263.7900000000001,213.46309939040742,124.47429463433609,365.56449142973213
1336,271.49999999999994,233.39127527414826,135.6338904704875,401.09108981280355
1337,273.2499999999999,247.50624438013872,143.4131978677648,426.6295685417126
1338,231.45999999999998,250.81623370123316,144.9513114419695,433.46965244081804
1339,242.61999999999998,247.11163348464302,142.48215780324023,428.03858997461816
1340,249.16999999999996,244.482531722372,140.691528294177,424.3018801216636
1341,165.04000000000005,246.7781606438208,141.7851221630776,428.9748878732323
1342,245.28999999999988,228.34622370306252,130.98168598331006,397.5377966266227
1343,234.20999999999998,234.6816368080085,134.4689134785559,409.0264223149224
1344,253.03999999999988,236.40235604631408,135.3223225686828,412.4310331159835
1345,186.28999999999996,238.7507489313116,136.55448875219244,416.8738341042225
1346,242.7100000000001,235.54663632118005,134.61867206504124,411.5855997766262
1347,229.67,230.94256157976173,131.89782972141975,403.8023356359656
1348,246.71000000000012,230.1837121759826,131.39427083395367,402.6874740788322
1349,198.58,226.98686547993424,129.50589465362197,397.28094331923774
1350,125.82999999999996,229.3014412593876,130.781378666492,401.475329844438
1351,201.78999999999996,209.31778979813603,118.71163216689405,368.501041000806
1352,64.12000000000002,210.73366554270038,118.97693644374283,372.66469300680484
1353,173.74999999999994,142.52634888012025,79.5356092774574,254.78514904988813
1354,83.87999999999997,174.10338598527466,96.4399485769305,313.66761047498443
1355,187.24999999999994,135.4220727963045,73.6375699986785,248.35139161644358
1356,167.58000000000007,164.07285583813044,88.01932691577252,305.10260354291876
1357,211.25000000000006,169.4132201873747,89.77940861364662,318.90366601997283
1358,222.16999999999993,182.52955295637688,95.75294293697671,347.13511388804125
1359,214.8799999999999,193.65489415766763,100.713008216693,371.5239129572243
1360,93.74999999999999,202.1833177080206,104.37298044931818,390.78412168662896
1361,138.49999999999994,167.60263436452848,85.34086495612723,328.23979078856274
1362,200.91999999999993,163.3897097758806,82.28386408578477,323.4803417425827
1363,200.29,177.13811365413102,88.4287491618592,353.84324485873617
1364,204.28999999999996,185.3715207332233,91.83864963290081,373.1366755953425
1365,189.17,191.779846855051,94.39937112668593,388.5630433884596
1366,156.70999999999995,191.08039567679765,93.52166112098428,389.33252236364154
1367,49.46000000000001,183.0269533299608,89.12795128073051,374.75379303166477
1368,103.41999999999999,127.43753088379438,61.484642741497545,263.00405948980665
1369,184.95999999999995,129.8104311515345,62.27927697614766,269.41030991078264
1370,185.67,165.10106088684387,78.96476355018243,344.0214970050027
1371,182.96000000000006,173.99870003251297,82.9038956587513,363.9955079275901
1372,181.54,173.85399101461954,82.54313081696559,364.96567395498937
1373,171.61999999999995,171.9158419760286,81.3729635334858,361.9818222349637
1374,170.75000000000009,170.62068066484994,80.55057560908607,360.17044928110573
1375,145.67000000000004,168.27072472189914,79.26212286549782,355.9875456184054
1376,161.87999999999997,161.446940413557,75.99060175106196,341.75623062475603
1377,169.29000000000002,161.75388370739785,76.10549321836022,342.540071611055
1378,121.00000000000003,162.95635654337423,76.64899363001155,345.1949163058851
1379,162.87999999999994,153.54419064213494,72.17046732177374,325.41457319386666
1380,159.70999999999998,156.70224475725874,73.64749793462009,332.1658620796734
1381,160.04000000000005,154.43712351145373,72.56008654298334,327.4484902202651
1382,143.78999999999994,153.45194884371494,72.08099620175732,325.42418332343294
1383,154.79,153.12124162445517,71.91361202504537,324.77397361283596
1384,155.08000000000007,152.1709128887188,71.45480720361265,322.80637614882346
1385,155.32999999999998,156.23111027365096,73.36737592128014,331.4256333053015
1386,150.17000000000004,155.54654386955812,73.03678840306168,330.0086907617678
1387,144.25000000000006,155.7302882605071,73.11790144500792,330.42308105481504
1388,60.61999999999997,153.81406880801464,72.20686129967558,326.3927535669242
1389,20.08,103.3117591235023,47.46866552759159,223.49438153491988
1390,43.120000000000005,38.40392373328785,16.444803103638407,88.0046850259336
1391,61.78999999999997,102.98168149078435,43.180683057900694,243.7266392753838
1392,28.460000000000004,78.92409351352563,31.79290936423837,193.79396149354582
1393,63.88000000000001,35.923073035857854,13.647095373825636,92.07738412405878
1394,24.880000000000003,118.0877892706208,44.90601855121538,307.93338174256274
1395,37.12,37.85488734731767,13.31776206912854,104.44261480835148
1396,44.92000000000001,43.019505242628796,14.611249774751995,123.12310799995556
1397,107.24999999999996,49.235183230956444,16.244836462030158,145.33792786636138
1398,57.46,88.63100753713174,28.928789785648426,267.4277436428025
1399,20.92,67.82328831116939,21.54307263724372,209.11532412564148
1400,29.209999999999994,35.65270529504325,10.937785433221512,111.53517773126512
1401,54.17000000000002,33.88980523805148,10.252959094196328,107.17585839950151
1402,35.879999999999995,50.84140661482076,15.483177689357486,162.04692520171102
1403,33.25,43.34756387131135,12.847410961337403,141.0270133392569
1404,63.42,39.55045102728741,11.352108168686593,132.12214045250528
1405,51.62,55.75842540605447,16.152931849704245,186.8115579774893
1406,20.829999999999995,55.662713155028506,16.00918957295217,187.76049610233062
1407,98.70999999999998,34.88652794604075,9.711102990101164,119.2343856848491
1408,108.33000000000003,60.15164071765358,17.163514705107175,204.88103256301582
1409,62.42,83.07719159439381,23.869991804431006,283.2370919133536
1410,83.62000000000002,71.3661244083523,20.330821377904865,244.50653109446705
1411,99.58,76.98985762093349,21.91996700921227,264.37638074648004
1412,63.46000000000001,85.17991648966111,24.26271288891101,292.98972465166304
1413,95.04000000000003,71.31614533599132,20.15302752738919,246.22819792508858
1414,57.749999999999986,78.72001104765435,22.27600607472237,272.03997692026445
1415,28.57999999999999,55.11155453050054,15.357490676788224,191.4810237732344
1416,94.28999999999998,43.06829484213691,12.102188353628668,147.22062985803953
1417,95.21000000000001,77.13444458314403,22.62274440022254,257.4370099800467
1418,89.03999999999999,55.833293323403,16.428914505546093,184.32555363422838
1419,68.67,62.43212802171078,18.689266571458898,203.3567672142381
1420,42.54,51.546724619054196,15.478995597374713,166.55622342848372
1421,18.46,49.85250377508274,15.087647184520598,159.74302914120406
1422,81.24999999999999,40.92198703868505,12.361274652335478,130.53333368268756
1423,75.49999999999999,55.578619287830705,17.14681202361499,175.40234308657355
1424,19.210000000000004,50.15598848013593,15.495866965445309,157.6418684669087
1425,44.330000000000005,43.376949369311916,13.37530862005211,135.99279002465929
1426,57.33,57.09920925412634,17.89356287418517,177.65969158029097
1427,28.619999999999997,54.13727007974506,16.98954684089452,167.993614943976
1428,33.83,42.64517787426822,13.27998842222279,132.3965753580072
1429,20.04,57.72163479882402,18.25856197609854,178.04921445983337
1430,32.58,31.47980168231915,9.671266798147453,97.85775862205232
1431,28.120000000000005,55.83771990760951,17.702497894299498,171.73234957992062
1432,56.71,38.17322853602738,11.906653097063588,117.89541172257552
1433,69.75,63.32028375212471,20.215307514570345,194.00537049074313
1434,22.750000000000004,47.88936166231039,15.140659974148399,147.08376408253366
1435,28.329999999999995,42.91808719060782,13.51092338850788,131.9204441951205
1436,28.790000000000006,48.001477561896806,15.20144730406599,147.2055743653515
1437,14.750000000000002,41.95124712974317,13.209194824912112,128.83210187011298
1438,13.580000000000004,31.455976079332736,9.868974514154264,95.9171821951029
1439,21.29,23.360912727172693,7.24313905748587,70.99369860951079
1440,51.75,23.48940870793893,7.360009441871824,70.73809348356359
1441,68.88000000000001,53.502279412725876,17.74554722968424,157.46421685033297
1442,18.580000000000002,48.814756429072865,16.24281659006664,142.91558044626092
1443,40.79,25.595821410811737,8.268957004296952,75.31254694437364
1444,29.749999999999996,54.278296446572654,18.37734550334652,156.69394510241057
1445,19.830000000000002,28.814041823506628,9.502781621501208,83.6325403961652
1446,17.879999999999995,36.256030410944014,12.17960299714049,104.31514509825031
1447,14.079999999999998,27.70756896562909,9.191804752304767,79.86148978962568
1448,26.119999999999997,28.639304565461053,9.597484817650901,81.89593146299887
1449,14.039999999999997,29.836033334543988,10.09203925905529,84.72462913281225
1450,33.669999999999995,24.455316028664726,8.203579498937327,69.40446754374341
1451,62.45999999999999,40.204290565886076,13.962780042179793,112.46778848929944
1452,16.21,32.34405858160239,11.153354062144322,90.48307841672174
1453,7.210000000000001,21.155336181579166,7.100702779344493,59.5946094665272
1454,19.540000000000003,21.053073296619093,7.071271199690813,59.25544549223973
1455,5.250000000000001,30.436304129275566,10.515120757056883,84.82117705562734
1456,8.959999999999999,11.952047711493432,3.7477191120458944,34.33392266092017
1457,13.330000000000002,34.72828905569606,12.104544570334898,96.4097674280907
1458,19.58,18.79164949134171,6.262988653450517,52.93225960803785
1459,14.039999999999997,22.332746986192365,7.566222662255685,62.55392608698681
1460,32.290000000000006,18.91941314700115,6.315796596305705,53.236475125796666
