step,true_value,prediction,lower_bound,upper_bound,width,covered
80,67.33,70.83086776660795,46.330271086844185,108.01424068830418,61.68396960146,True
81,73.16,75.56937692228261,49.475354822997986,115.15311081667325,65.67775599367526,True
82,83.25,80.35824287757971,52.67808154396257,122.31222528335199,69.63414373938943,True
83,93.82,92.5494325261794,60.420335240614065,141.48532333283788,81.06498809222381,True
84,80.34,104.43582205860444,67.48025103899317,161.3345768233787,93.85432578438554,True
85,71.74,78.27201474979321,50.10508796413261,121.96334030188555,71.85825233775294,True
86,65.7,66.23450692857966,42.27889062419687,103.44997218579044,61.171081561593574,True
87,59.37,61.65467911012195,39.29862592827493,96.41296939948538,57.11434347121045,True
88,54.38,55.22448517586347,35.14989973814341,86.44679117202006,51.296891433876645,True
89,49.55,50.94540635562779,32.40654317828809,79.77235729092187,47.365814112633785,True
90,46.19,46.26868003433499,29.418119224150995,72.45385478055312,43.035735556402116,True
91,44.01,43.72906608528733,27.813247974489943,68.43643960699359,40.62319163250365,True
92,43.29,42.347666881520304,26.962908058669747,66.19688167370963,39.23397361503988,True
93,45.4,42.6215176653616,27.19091255480234,66.49823368542584,39.30732113062351,True
94,47.08,46.79583103447057,29.96310906145345,72.7794599289644,42.81635086751095,True
95,54.06,48.3435721384541,31.081306038194626,74.89429521616321,43.81298917796859,True
96,60.26,59.6533795461898,38.55407310513674,92.00767687301465,53.45360376787791,True
97,136.75,65.431554920186,42.37300554389623,100.7488051328908,58.37579958899457,False
98,228.79,246.45773584497397,162.07944292746706,374.4938693085712,212.41442638110416,True
99,272.87,360.1033524807206,238.68176404282298,543.0365131388064,304.35474909598344,True
100,211.29,302.3823567872612,202.03114390665345,452.3336740303752,250.30253012372177,True
101,214.44,175.02371113182002,117.78434191571434,259.8453806361444,142.06103872043008,True
102,201.37,221.8383327630655,148.59118723026174,330.9508553146726,182.35966808441086,True
103,154.98,193.22170599223472,130.64699338927477,285.5395563345032,154.8925629452284,True
104,119.15,132.2075719834002,90.03855518737991,193.90925792034665,103.87070273296673,True
105,96.01,102.80283816327902,70.4323463919712,149.842437005023,79.41009061305179,True
106,85.09,85.0603710888446,58.582453123611494,123.30484284667054,64.72238972305905,True
107,74.13,79.98606003170079,55.382405089359814,115.32604017269873,59.94363508333891,True
108,69.41,68.31819051773392,47.503855446550475,98.06452780744016,50.56067236088968,True
109,79.39,67.26296680809534,46.99092875115421,96.0981966530717,49.10726790191749,True
110,89.35,86.94063884881758,61.12684366261689,123.48010401326114,62.35326035064425,True
111,78.8,94.94713541959324,66.96975305567351,134.4404331539254,67.47068009825189,True
112,69.7,72.02647752239211,51.56485172374653,100.45308593954013,48.8882342157936,True
113,66.57,65.62974445529083,47.430448241060546,90.66801067129954,43.237562430238995,True
114,62.98,65.41607866520566,48.3038815427468,88.46750980322587,40.163628260479065,True
115,57.28,60.958572903148706,45.90774192205201,80.83861765450037,34.93087573244836,True
116,51.89,54.20048457739056,41.72133717270504,70.32486245129849,28.603525278593445,True
117,47.71,49.18525949878958,38.2080415709211,63.23580903435783,25.02776746343673,True
118,43.03,45.644085415215024,35.73857879638278,58.220328480319075,22.481749683936293,True
119,38.88,40.589050598894126,31.987413970824676,51.4336078980651,19.446193927240422,True
120,35.32,36.81023664939721,29.17266420650836,46.38109918629747,17.208434979789107,True
121,32.0,33.531471822628134,26.701520319107654,42.045382798519704,15.34386247941205,True
122,29.59,30.30682627810771,24.23008430218525,37.84716990512492,13.617085602939671,True
123,28.34,28.404451261044365,22.820781558359794,35.296951543963864,12.47616998560407,True
124,27.79,27.76199972789685,22.59950790572377,34.05380839516991,11.45430048944614,True
125,28.03,27.543725128719444,22.479953486022332,33.69956806809302,11.21961458207069,True
126,27.59,28.24067083139444,23.186360268595003,34.351198823419736,11.164838554824733,True
127,27.32,27.178002379594275,22.394508264176178,32.939581423913324,10.545073159737147,True
128,26.91,27.270648034705395,22.5350942078171,32.95905422110997,10.423960013292874,True
129,25.95,26.105986414925244,21.095087885298692,32.25329608736152,11.158208202062827,True
130,24.35,25.509819957273137,20.644414168756022,31.46891085560057,10.824496686844547,True
131,24.14,22.76273325151759,18.481597936435406,27.984659955778678,9.503062019343272,True
132,24.14,24.781598040023976,19.965986011187287,30.70329299765317,10.737306986465882,True
133,22.5,23.686574225583076,18.830979458296873,29.731056339239515,10.900076880942642,True
134,21.27,20.81557895636703,15.701072236791735,27.49634313616428,11.795270899372547,True
135,21.46,20.783746321234428,14.738924178811276,29.150193138787635,14.41126895997636,True
136,29.27,22.05078140632985,15.098065981892265,32.00635766060795,16.90829167871568,True
137,41.31,42.293841952803554,26.817076827223843,66.38151397705272,39.564437149828876,True
138,33.3,45.86291466200255,24.47036845705068,85.2230467659451,60.75267830889442,True
139,30.55,24.115428992158524,12.308596613506273,46.396791095163486,34.08819448165721,True
140,27.84,35.729190506266605,17.426002896882597,72.2135690412738,54.78756614439121,True
141,27.66,24.44461775680874,12.510086258748963,46.92186817984527,34.411781921096306,True
142,24.6,28.45760012890418,15.647898020516202,51.123709809192434,35.47581178867623,True
143,21.51,23.16738537710739,13.302115365359032,39.83749159094845,26.53537622558942,True
144,20.83,20.64746265624765,12.44474934745359,33.85469511875958,21.409945771305992,True
145,21.79,20.834825885601603,13.132236501951128,32.735610169608705,19.60337366765758,True
146,23.07,22.264313386830477,14.590827399950308,33.7145320435261,19.123704643575792,True
147,21.13,23.492527355163546,15.921194453709912,34.45162830463852,18.530433850928606,True
148,18.87,20.161709681119532,14.002495025567764,28.84956541327303,14.847070387705266,True
149,17.94,18.322632549699154,13.034630213532337,25.603061353956566,12.568431140424229,True
150,17.59,17.77679106345171,12.901436243930208,24.361975299096297,11.46053905516609,True
151,15.58,17.51522587756561,12.934655877392325,23.601510960414753,10.666855083022428,True
152,14.05,14.832868834073802,11.065419067886308,19.776711866080344,8.711292798194036,True
153,12.6,13.78064795892817,10.390998703346655,18.178964002654315,7.787965299307659,True
154,10.41,12.139776019743065,9.153601524625472,16.004184518200642,6.85058299357517,True
155,8.53,9.701973150798302,7.207021065930556,12.95539604447469,5.748374978544133,True
156,7.95,7.9654773995661134,5.793136944870689,10.832498837348387,5.039361892477698,True
157,7.79,7.897081399628384,5.66658262445585,10.873858300537378,5.207275676081529,True
158,7.43,7.7315243856216185,5.502052419288268,10.725454238194278,5.22340181890601,True
159,6.96,7.274602402076553,5.10930002870174,10.20734692858113,5.09804689987939,True
160,6.05,6.78933577616675,4.695057842595091,9.653755152418928,4.958697309823837,True
161,4.71,5.674588295927659,3.7836758791957505,8.312948879727283,4.529273000531533,True
162,3.97,4.187508815306445,2.720654792353915,6.232664466529827,3.512009674175912,True
163,3.5,3.7643618774112255,2.3908633189144015,5.694207924074227,3.303344605159826,True
164,2.97,3.3114904599837978,2.061207046008722,5.072424931455727,3.0112178854470044,True
165,2.51,2.7381482336095213,1.6515680347401154,4.269995728322911,2.6184276935827957,True
166,2.38,2.3253370475007786,1.358172430999299,3.689167905671476,2.330995474672177,True
167,2.3,2.3306139780274266,1.4042784832933055,3.6138538225558836,2.209575339262578,True
168,1.82,2.0591023893697624,1.2050850681465306,3.2438759228974696,2.038790854750939,True
169,1.68,1.4078704065373477,0.7262481393848519,2.3586364337773538,1.6323882943925019,True
170,1.49,1.7711279100647337,0.8912617444103057,3.060331636610189,2.169069892199883,True
171,2.17,1.3436413393271418,0.5829899107933987,2.469797684718146,1.8868077739247473,True
172,3.05,2.8129090873322142,1.5920333676426504,4.608830460960676,3.0167970933180257,True
173,2.81,3.8012450359569714,2.252827135304346,6.0867442186240375,3.8339170833196916,True
174,2.39,2.472583227811144,1.3808138945463728,4.06500499753379,2.684191102987417,True
175,2.04,2.224087943093671,1.1847895687494505,3.7577776887463887,2.572988119996938,True
176,1.56,1.8484851533076752,0.9367205767260984,3.189488027400536,2.2527674506744377,True
177,1.63,1.279968439773691,0.5248413746139193,2.4090471132974383,1.884205738683519,True
178,2.79,1.8212693746469335,0.8990459790352396,3.1913471143886385,2.292301135353399,True
179,2.67,3.9967617826745876,2.169726925853221,6.876901984569722,4.707175058716501,True
180,2.61,2.228975542238438,0.45194607164594136,6.180902415028864,5.728956343382923,True
181,2.6,2.876925884664987,0.8432156303893326,7.154528459597843,6.311312829208511,True
182,2.22,2.527577947127385,0.7886891682215218,5.956941649863193,5.168252481641671,True
183,1.91,2.0994247669031294,0.6376363129910101,4.866036194658595,4.228399881667585,True
184,1.99,1.8161243247973067,0.5522796287795255,4.108973966855739,3.5566943380762135,True
185,2.0,2.090833767668455,0.747609788085398,4.46646822676914,3.718858438683742,True
186,1.85,1.9519191331468448,0.72162711314117,4.061390182650954,3.339763069509784,True
187,1.9,1.8049047776540665,0.6978292626501641,3.633852758213237,2.936023495563073,True
188,1.9,1.9522483660292376,0.8432043623274803,3.7285968896669637,2.8853925273394836,True
189,1.81,1.8690273030758084,0.834841966814635,3.486118049765545,2.65127608295091,True
190,1.73,1.7843730532741215,0.8135704659939651,3.274845364527928,2.4612748985339628,True
191,1.77,1.7062571857375248,0.7909019875335248,3.0894633019211435,2.2985613143876185,True
192,1.77,1.8040171977333803,0.8762420921421175,3.1905639352797373,2.31432184313762,True
193,1.75,1.750799014200517,0.8696566373269121,3.047211164583188,2.1775545272562757,True
194,1.62,1.7571454227158547,0.8509247659610746,3.1070555766515993,2.2561308106905247,True
195,1.57,1.5671560463364074,0.7390573055813769,2.7895761945799724,2.0505188889985955,True
196,1.48,1.579679174625646,0.6593872957136482,3.0103625363331865,2.3509752406195386,True
197,1.54,1.4714818217532497,0.4853243302086986,3.112382912625227,2.6270585824165287,True
198,1.5,1.5665317284392768,0.46288610272637776,3.5028010730358057,3.039914970309428,True
199,1.43,1.4630217533581886,0.34247819411873226,3.5188638326434605,3.176385638524728,True
200,1.36,1.4427341020521736,0.3888396897230976,3.296356114735107,2.9075164250120094,True
201,1.38,1.3249527007237076,0.3710005728203714,2.9426716281253356,2.571671055304964,True
202,1.44,1.4080305405764078,0.4739667346076196,2.9340176058263197,2.4600508712187,True
203,1.23,1.4450676848760668,0.5485744834527939,2.860554366294033,2.3119798828412392,True
204,1.06,1.191720897356244,0.33476818368355876,2.5988575024701723,2.2640893187866133,True
205,1.26,1.0404074589373988,0.18122301320657,2.5245356312401177,2.3433126180335475,True
206,1.45,1.324104966225275,0.4003871008796993,2.857121999081454,2.4567348982017547,True
207,1.3,1.4140151264657872,0.39060963224795636,3.190585837799338,2.7999762055513817,True
208,1.0,1.2813798560342975,0.3123824617636983,2.9658363313728926,2.6534538696091943,True
209,0.98,0.9120704629943952,0.1087768204941908,2.297339363413177,2.1885625429189863,True
210,0.84,1.035175601164613,0.20862481262263832,2.426985516363841,2.2183607037412028,True
211,0.73,0.7556874533777347,0.07402844757951897,1.869978389208148,1.795949941628629,True
212,0.73,0.7341109226444744,0.08884989049549799,1.7617587311933556,1.6729088406978576,True
213,0.71,0.7282634261986911,0.11021184946355997,1.6903824452776894,1.5801705958141294,True
214,0.61,0.7054936987162259,0.12960977413069824,1.5749677658368149,1.4453579917061166,True
215,0.64,0.5748208234287162,0.06411216878428659,1.330638346837146,1.2665261780528596,True
216,0.83,0.6706529573591218,0.15002124239787062,1.426982390441058,1.2769611480431873,True
217,0.65,0.8985930978290719,0.3137381900274335,1.7438159128562134,1.43007772282878,True
218,0.49,0.5710925924465726,0.09449476007911665,1.2552249897131227,1.160730229634006,True
219,0.47,0.49441484160820437,0.040845105677202724,1.1456369508178104,1.1047918451406076,True
220,0.4,0.47896755681589126,0.0,1.223838048129596,1.223838048129596,True
221,0.62,0.3801466793351109,0.0,1.0476303268200828,1.0476303268200828,True
222,0.93,0.7239630031753517,0.15248510325032863,1.5788172254334345,1.4263321221831058,True
223,2.31,0.971829931773875,0.3001401116097356,1.9905340548453627,1.6903939432356272,False
224,1.94,3.9008116495382437,2.315447015131767,6.244258380432964,3.9288113653011965,False
225,1.52,1.874178256349377,1.0000597217362368,3.130326989486254,2.130267267750017,True
226,1.26,1.4999617488529955,0.7857052685658796,2.4999105707670455,1.7142053022011658,True
227,1.06,1.2162743964507334,0.6191971551109852,2.03352324011858,1.4143260850075947,True
228,0.94,1.0239958701597511,0.5079633565722736,1.7166172603395013,1.2086539037672277,True
229,1.0,0.9189265068491443,0.4539408271776876,1.5326195329668968,1.0786787057892093,True
230,1.07,1.0199432922415324,0.5523750035633825,1.6283410223082542,1.0759660187448716,True
231,1.03,1.082783116872739,0.6198782074516895,1.6779701658894592,1.0580919584377697,True
232,0.89,1.0174437478502578,0.5852804244340502,1.5674191221992313,0.9821386977651811,True
233,0.81,0.859485307038337,0.474147247284198,1.3455496820019217,0.8714024347177237,True
234,0.96,0.7966004413077319,0.43541826082966656,1.2486638450882572,0.8132455842585906,True
235,1.15,1.0008262146354707,0.6083950035341223,1.4890064520071582,0.8806114484730359,True
236,1.09,1.1936961430738875,0.773945076222357,1.712768750645382,0.938823674423025,True
237,1.24,1.0673556389127463,0.6797769915777307,1.5443611617337454,0.8645841701560146,True
238,1.0,1.2819017819094642,0.8602599007427916,1.799111962904985,0.9388520621621934,True
239,0.96,0.9478836869489358,0.5973348481627996,1.3753634763843023,0.7780286282215028,True
240,0.87,0.9590700884698973,0.6147753681940593,1.3767736907144945,0.7619983225204352,True
241,0.74,0.8514056716161436,0.5329090154400784,1.236077240310557,0.7031682248704787,True
242,0.89,0.7155451594107038,0.4260263020775558,1.0638435558234423,0.6378172537458864,True
243,1.02,0.9252160835405216,0.6056639818079295,1.3083640228074032,0.7027000409994737,True
244,0.94,1.0424609844927106,0.7088255371240211,1.4412362658132305,0.7324107286892094,True
245,0.99,0.9206383722890428,0.6118740550963389,1.2885483797235184,0.6766743246271796,True
246,0.8,1.0027808688759334,0.6895916421637984,1.3740240592090815,0.6844324170452831,True
247,0.74,0.7638587826430716,0.49053484692916793,1.087302964782645,0.5967681178534772,True
248,0.78,0.7301185429502277,0.46591774722478135,1.0419359669579262,0.5760182197331449,True
249,0.92,0.7890396249067888,0.5189562808026074,1.10714608441226,0.5881898036096527,True
250,1.29,0.9490887935124168,0.6638961662971905,1.2831635783197992,0.6192674120226087,False
251,3.42,1.380560412087351,1.0421010782626303,1.7751162446958317,0.7330151664332014,False
252,3.25,4.914802561624915,4.093591193937883,5.868413268941134,1.774822075003251,False
253,3.12,2.9682064738868754,2.4308778605808525,3.5896890706368003,1.1588112100559478,True
254,3.36,3.171527716761492,2.611047981858559,3.8190009047603253,1.2079529229017663,True
255,2.71,3.4185897262288494,2.8308275496735447,4.0965319935633575,1.2657044438898128,False
256,2.59,2.59098064125491,2.107932282100705,3.149106478327603,1.041174196226898,True
257,3.09,2.569665927550429,2.061608758178662,3.1620323956399092,1.100423637461247,True
258,2.63,3.170295633645967,2.5845261810484152,3.8517892724443525,1.2672630913959373,True
259,3.21,2.5292768878938787,2.0373610850367534,3.100860912712715,1.0634998276759617,False
260,3.09,3.2654230541261953,2.6640767594209476,3.965461977261225,1.3013852178402776,True
261,3.05,3.0877656755981553,2.510327540259902,3.760190616674267,1.249863076414365,True
262,3.05,3.046089801079651,2.4685111210871207,3.71984725056027,1.2513361294731493,True
263,2.95,3.049307337392058,2.4661887985245126,3.730524176766422,1.2643353782419093,True
264,2.71,2.950219486750162,2.380636045597563,3.6157686846596055,1.2351326390620425,True
265,2.68,2.697066837185286,2.165384800194005,3.3180542213311597,1.1526694211371549,True
266,2.34,2.6724745923176445,2.1401891220864373,3.294986418606989,1.1547972965205515,True
267,2.12,2.3119037119090664,1.8378535089987063,2.8651417919127176,1.0272882829140113,True
268,2.03,2.0911476648107206,1.6480834893711651,2.6083431372225445,0.9602596478513794,True
269,2.08,2.0117436221153877,1.5792845216432103,2.516711541219973,0.9374270195767629,True
270,2.14,2.0821355151945946,1.6397660854490392,2.598636783155701,0.9588706977066619,True
271,2.58,2.1472061809145617,1.6958540934212891,2.6741256766669363,0.9782715832456472,True
272,3.17,2.6343838157782287,2.1108717727707393,3.2459949124248766,1.1351231396541372,True
273,3.09,3.283899546719282,2.6671400889993837,4.004388946425318,1.3372488574259345,True
274,2.76,3.100243818097737,2.5090774460764576,3.7910026570221227,1.2819252109456651,True
275,2.65,2.717280509088525,2.1813555254605737,3.3434863763769203,1.1621308509163466,True
276,2.51,2.629679255797807,2.1067394904348933,3.2406424936918974,1.133903003257004,True
277,2.32,2.4869538903397186,1.9851802587239473,3.0730697577883452,1.087889499064398,True
278,1.9,2.289283670059361,1.816191491677594,2.8418506319945296,1.0256591403169355,True
279,1.68,1.8323369840673727,1.4251367215386161,2.307909496428828,0.8827727748902117,True
280,1.73,1.6291641898953615,1.251270060780043,2.070490945467918,0.819220884687875,True
281,1.83,1.741739947555672,1.3523727055935306,2.1955556711519995,0.8431829655584688,True
282,2.73,1.8219375908187474,1.42417430305477,2.2849666612013415,0.8607923581465715,False
283,2.5,2.846933964937756,2.296128769869512,3.4897823974205915,1.1936536275510794,True
284,2.3,2.5040838608204474,1.9787583900498262,3.1220542574642804,1.1432958674144542,True
285,2.28,2.295278325888126,1.7909048816453077,2.8908023403027925,1.0998974586574848,True
286,2.28,2.2790971104036726,1.7730670486497164,2.877467681386715,1.1044006327369984,True
287,2.05,2.264489231298893,1.7536654526403876,2.870074315326846,1.1164088626864586,True
288,1.9,2.0721344553662626,1.5864355035858848,2.649041353926483,1.0626058503405984,True
289,1.8,1.8815691651327802,1.4150739506404775,2.438172504507349,1.0230985538668715,True
290,1.92,1.7775655062829343,1.297259314769216,2.3582931156676206,1.0610338008984046,True
291,2.35,1.9637107563830023,1.4210195844072993,2.6280505552583766,1.2070309708510774,True
292,7.39,2.495643955641207,1.8197583758323477,3.333536791429477,1.5137784155971294,False
293,10.63,15.552579042154335,11.748889107872749,20.49111743215122,8.742228324278472,False
294,6.05,12.095542723405051,8.649729389162847,16.77181849401113,8.122089104848282,False
295,7.2,4.996983398905501,3.2073429990985085,7.5478673582006515,4.340524359102143,True
296,6.75,8.328884799978868,5.248677423020529,12.92744187604559,7.678764453025061,True
297,4.78,6.01630357771105,3.6726807884097994,9.535390308858284,5.862709520448485,True
298,4.06,4.657334709283601,2.6306735171802402,7.815288915793776,5.184615398613536,True
299,3.87,3.8769696757624663,2.122269217598283,6.61780345021063,4.495534232612346,True
300,3.7,3.9419488204076565,2.046713566995646,7.016132007976035,4.969418440980389,True
301,3.6,3.5763615703849583,1.774318612234897,6.548911336475963,4.7745927242410655,True
302,4.22,3.6605593079138172,1.7579734798135105,6.8756424677625425,5.117668987949032,True
303,4.93,4.438565635253679,2.33067213104951,7.880488683718649,5.549816552669139,True
304,4.91,5.038462021225231,2.800165410145135,8.595114855904894,5.794949445759759,True
305,4.69,4.813482878334926,2.7316624469757094,8.056709618546408,5.325047171570699,True
306,4.27,4.679910102115337,2.706077569874475,7.704992855614881,4.998915285740406,True
307,4.06,4.114128655240868,2.4016294138317273,6.688759920762367,4.287130506930639,True
308,3.64,4.004847592337735,2.207137669337684,6.8102351707594995,4.603097501421816,True
309,3.44,3.46917348249322,1.9050884739835454,5.875353985082696,3.9702655110991505,True
310,3.34,3.50713277945934,1.8851186009940006,6.041043610712599,4.155925009718598,True
311,3.26,3.2064752330716484,1.7108450823618089,5.527275941209077,3.8164308588472684,True
312,3.41,3.3851019298298475,1.6777035599731533,6.181197807867218,4.503494247894064,True
313,3.49,3.338586694384439,1.67407135501605,6.039204271561673,4.365132916545623,True
314,3.45,3.658355663405911,1.6895401934245529,7.068396798768518,5.378856605343965,True
315,3.53,3.2635125656152715,1.5044179770438189,6.2581891536395355,4.753771176595716,True
316,3.46,3.76710237041455,1.6631046930424245,7.533372746998499,5.8702680539560745,True
317,3.44,3.204203996570606,1.4120723719744595,6.32786107504382,4.91578870306936,True
318,3.29,3.6652899599435935,1.6229341050479769,7.297932597110513,5.674998492062537,True
319,3.42,3.0536724888291635,1.329600676739222,6.053681264246073,4.724080587506851,True
320,3.81,3.7176606602918776,1.706202445149005,7.224189637239114,5.517987192090109,True
321,3.77,3.7617885101692456,1.7656612671136496,7.198628691518669,5.432967424405019,True
322,4.01,3.7767125450905903,1.7491745588038716,7.299575836447861,5.5504012776439895,True
323,4.66,4.1099939616465,1.996002039542938,7.715627674287992,5.719625634745054,True
324,5.37,4.4539103432777605,2.3052491182596015,7.999363427158137,5.694114308898536,True
325,5.41,5.579384525631538,2.9504013390218105,9.957950096999182,7.007548757977371,True
326,5.23,5.16796133098858,2.432019613493235,10.084944512262885,7.652924898769649,True
327,5.27,5.204903376323028,2.405470284523346,10.30558269278622,7.900112408262874,True
328,5.47,5.347804610387935,2.33994208457615,11.064467691743177,8.724525607167028,True
329,5.93,5.597232743541854,2.482608941970516,11.497377855991632,9.014768914021115,True
330,6.41,6.208925542750253,2.647873030712978,13.246276403638907,10.59840337292593,True
331,7.08,6.607100681274391,3.0172341834364635,13.404930888431123,10.38769670499466,True
332,6.9,7.509245517985196,3.5981777099354515,14.746946693447299,11.148768983511847,True
333,6.61,6.633434105846464,3.179899086713694,12.940364357961643,9.760465271247948,True
334,6.61,6.491327208698259,3.1591784879791565,12.493045203513296,9.333866715534139,True
335,7.25,6.646968222817955,3.3077507794938343,12.574630008576916,9.26687922908308,True
336,7.23,7.705925434432894,3.909806043513056,14.437094051820058,10.527288008307002,True
337,7.1,7.082030515657298,3.619940474623994,13.13854087835016,9.518600403726165,True
338,6.76,7.09518334110926,3.658630677656853,13.06679298285424,9.408162305197386,True
339,6.66,6.563060130733129,3.405098509507563,11.984926084542721,8.579827575035157,True
340,6.84,6.666447543174682,3.523955615294126,11.991820196809753,8.467864581515627,True
341,6.98,6.938397502959557,3.7448873286144044,12.281275307626112,8.536387979011707,True
342,7.17,7.021604376270545,3.8480916234993536,12.27246714098974,8.424375517490386,True
343,7.28,7.266161635586293,4.035422017845096,12.569752037363529,8.534330019518432,True
344,7.21,7.309889816385484,4.090353140991567,12.56571279984238,8.475359658850813,True
345,7.75,7.158860000351218,4.030446328449115,12.232821137335074,8.20237480888596,True
346,9.0,8.102209543408994,4.602949672532512,13.78689322845154,9.183943555919027,True
347,9.99,9.757676406074062,5.614308998250256,16.496552049264256,10.882243051014001,True
348,9.98,10.403542670271198,5.990738851754527,17.601865724115633,11.611126872361107,True
349,9.85,9.805055071934518,5.620319341209166,16.634982406485275,11.014663065276109,True
350,9.69,9.825422652855973,5.625282180183269,16.68826933341661,11.06298715323334,True
351,9.37,9.579018579620708,5.449812991099588,16.351764192604964,10.901951201505376,True
352,9.39,9.170803587551397,5.172902616701947,15.757958458093576,10.585055841391629,True
353,9.79,9.492472444937453,5.345004200653246,16.350970074446487,11.00596587379324,True
354,9.73,10.0779260296803,5.671580405146234,17.39450889693331,11.722928491787076,True
355,10.03,9.580787000529156,5.390480495611383,16.51872236014956,11.128241864538177,True
356,10.38,10.273008426331291,5.805684409625279,17.672731694758877,11.867047285133598,True
357,10.33,10.52550881698638,5.95963145693867,18.086837329294713,12.127205872356043,True
358,9.96,10.244535751882493,5.800790935566243,17.591894012521365,11.791103076955121,True
359,9.63,9.74788538788863,5.50939454411068,16.746203510694095,11.236808966583414,True
360,9.2,9.487599769261001,5.357897308030009,16.299705168450366,10.941807860420358,True
361,8.88,8.970253563615554,4.959528449558707,15.680171420299121,10.720642970740414,True
362,8.69,8.76713650882893,4.880188723544745,15.223451332458417,10.343262608913673,True
363,8.49,8.606326590328498,4.825803683670754,14.840133923274784,10.01433023960403,True
364,8.37,8.387755584391938,4.737219685367973,14.361091215845532,9.623871530477558,True
365,8.88,8.334861257592024,4.724034789443135,14.223463501515498,9.499428712072362,True
366,10.31,9.415090106937933,5.290470792990567,16.244194513470823,10.953723720480255,True
367,10.99,11.645591189669993,6.155268382102153,21.3487041990281,15.193435816925945,True
368,10.56,10.891973914569716,5.6045453243053185,20.41238141925862,14.8078360949533,True
369,10.62,10.207170312801567,4.856037503661734,20.448063872815652,15.592026369153917,True
370,10.74,10.930560682347304,5.151675603228215,22.138131360580275,16.98645575735206,True
371,11.19,10.639443289669034,5.3086025824325995,20.474904834024535,15.166302251591937,True
372,12.79,11.708544160937773,5.959487206038472,22.206752151275207,16.247264945236736,True
373,14.24,14.183046979929111,7.884855670942217,24.945825585964513,17.060969915022298,True
374,14.21,14.793524171126933,8.551155419944873,25.115731006020038,16.564575586075165,True
375,13.88,13.783233293748198,8.043727014544091,23.165256897507355,15.121529882963264,True
376,17.01,13.85589876578861,8.423078629824468,22.42097915227421,13.997900522449742,True
377,17.68,21.053218494358738,12.431368680772083,35.20959691592425,22.77822823515217,True
378,16.17,16.641022304572893,10.10394431035356,27.026587602773127,16.922643292419565,True
379,13.86,16.664404140648383,9.686698594799664,28.198088715255395,18.51139012045573,True
380,13.99,12.82990285035864,7.820004797104069,20.68549986652589,12.865495069421822,True
381,13.45,14.509959531265356,9.420632495145407,22.084860230274565,12.664227735129158,True
382,12.76,13.038076519441644,8.857532262854306,18.99157467719378,10.134042414339472,True
383,12.49,12.626640900947299,8.949976232461703,17.66188801914653,8.711911786684828,True
384,12.22,12.422548797835486,9.11746596920333,16.807306372828986,7.689840403625656,True
385,13.63,12.120749453609974,9.177730841573997,15.914778834707583,6.7370479931335865,True
386,16.57,14.395154725539777,11.22934761229566,18.380493264008116,7.151145651712456,True
387,21.04,17.990834016972812,14.389482668700476,22.43495128616081,8.045468617460335,True
388,35.76,23.949041359926802,19.59050967238813,29.230172768090824,9.639663095702694,False
389,45.58,57.65019271499682,47.87684101126005,69.37781154297203,21.500970531711978,False
390,41.96,51.774497958742494,43.618088192860526,61.4219402399894,17.80385204712887,False
391,48.31,38.921443958097406,30.539383759748443,49.53116128836576,18.991777528617316,True
392,46.39,55.59893386329689,39.54540953481053,78.00868066732737,38.46327113251684,True
393,54.3,41.790817258675474,28.089305794234658,61.94595184283373,33.856646048599075,True
394,56.68,58.737488473410096,41.39747647257045,83.16933803641663,41.77186156384618,True
395,52.54,58.09914394889472,42.50324696878169,79.28616388102199,36.7829169122403,True
396,49.19,50.6048673125842,38.18763472753648,66.956699833127,28.769065105590528,True
397,65.39,47.60348123318142,36.90235840384358,61.32589441570641,24.42353601186283,False
398,63.24,75.00435978513607,59.59395075149179,94.33398358591418,34.740032834422394,True
399,49.61,63.82782408824281,51.24446463432519,79.44195314148114,28.197488507155946,False
400,45.47,45.5263851812606,35.33023586240469,58.58410306592884,23.253867203524152,True
401,129.12,45.132606761845516,34.36667795345053,59.17577928705168,24.809101333601156,False
402,671.52,130.41386698260587,101.66873833541902,167.20703863041726,65.53830029499824,False
403,522.16,2477.014327535083,809.8632964830314,7571.860966950487,6761.9976704674555,False
404,197.72,343.3039224800772,81.60910825695535,1434.0135661364675,1352.4044578795122,True
405,122.48,158.99681180709445,30.39379891871379,814.415167011702,784.0213680929883,True
406,92.67,100.9690883614089,16.661548984583966,587.7193128039071,571.0577638193231,True
407,79.19,87.16264531387245,12.946297408972601,556.3272819880493,543.3809845790768,True
408,69.56,73.29691202537035,10.150085328742588,494.0662684415638,483.9161831128212,True
409,63.13,66.72255970007366,8.938153118732869,460.488672747961,451.5505196292281,True
410,58.18,60.36061217740564,8.017523642939913,416.5342229053993,408.5166992624594,True
411,60.16,56.44141830906844,7.735415979757027,376.7171625259176,368.9817465461606,True
412,58.1,63.39552257448074,8.934743458125185,416.40215488392766,407.4674114258025,True
413,53.25,54.065175299689706,7.710392551159439,347.1098599146309,339.39946736347144,True
414,48.79,52.663161338909,7.62184317844158,333.00455393185393,325.38271075341237,True
415,44.91,45.80985769052725,6.922880029237809,275.5613979918116,268.63851796257376,True
416,41.77,44.295930497752,7.060682672836707,253.53443621731623,246.4737535444795,True
417,39.34,39.716125485197345,6.682852486504004,214.77960496293485,208.09675247643085,True
418,37.61,39.04439483056857,6.896614768073885,202.0684799047884,195.17186513671453,True
419,36.78,35.443207254610115,6.471287001287443,176.76152285056233,170.2902358492749,True
420,34.72,38.04657074871575,7.2349073823659005,184.1429064641691,176.9079990818032,True
421,33.18,31.990701918847137,6.160421012205582,151.00033786323064,144.83991685102507,True
422,32.23,34.03135862991995,6.685712542922667,158.67238959361313,151.98667705069047,True
423,31.72,30.834561154794077,6.1562880252498084,140.61521732252353,134.45892929727373,True
424,33.13,32.382366164858816,6.606911790245712,145.49602907104497,138.88911728079927,True
425,33.91,34.12457256322478,7.063523169023076,152.00205281095685,144.93852964193377,True
426,31.72,33.74911133405756,7.136068111937654,147.4133025797831,140.27723446784546,True
427,30.1,29.78828564648517,6.661452198156521,122.7256995844274,116.06424738627088,True
428,29.72,30.18358021638125,7.165676390796994,118.085747288177,110.92007089738001,True
429,30.24,29.29681921184707,7.296208162992306,109.64057655277966,102.34436838978736,True
430,31.28,31.49404455498057,8.146201180811412,114.44278445965585,106.29658327884444,True
431,33.53,30.905517124737425,8.174561264147833,109.95484499895207,101.78028373480424,True
432,33.48,36.56400687621537,9.612905635361614,131.95648346243655,122.34357782707494,True
433,30.48,29.640183128246697,7.561921537344782,108.65071544251039,101.0887939051656,True
434,27.76,29.154363445350274,7.886108544940511,101.32664053062885,93.44053198568834,True
435,25.51,25.655141585749767,7.116078604090019,86.54185458459195,79.42577598050192,True
436,24.17,23.463568715974684,6.500714861141341,78.78788760810862,72.28717274696727,True
437,23.71,23.192813472049703,6.624430655810224,75.76536781764362,69.14093716183339,True
438,24.2,23.528629813475597,6.940559263400186,74.76968580785993,67.82912654445974,True
439,23.03,24.771562225746774,7.525417217417585,76.90509280866858,69.379675591251,True
440,20.77,21.568482204447182,6.644065996765268,65.63160538226442,58.987539385499154,True
441,19.33,19.487953974105135,6.063650258785937,58.42483597952031,52.361185720734376,True
442,17.98,18.574312366573807,5.82575976293764,55.133488128991,49.307728366053354,True
443,17.06,16.906258356655798,5.327585130710413,49.67242584839111,44.3448407176807,True
444,16.42,16.682014273021064,5.308483479447963,48.560822306961185,43.25233882751322,True
445,16.23,15.905187785534263,5.1152748507892,45.733038340426376,40.61776348963718,True
446,16.62,16.36747628493028,5.4800407466567345,45.54742837276696,40.067387626110225,True
447,17.23,16.99766143631516,5.993363238435418,45.31760229412788,39.32423905569246,True
448,17.71,17.70586081175956,6.420761974239065,46.152735786920616,39.73197381268155,True
449,16.98,17.913763584768994,6.641581472098327,45.81366733400846,39.17208586191013,True
450,16.25,15.991122332510521,6.092168020301303,39.70662698513914,33.61445896483784,True
451,15.09,16.276577669301226,6.143945234314604,40.78085444016344,34.63690920584884,True
452,14.31,13.71495839845103,5.305104654822099,33.34201532286128,28.03691066803918,True
453,14.2,14.1367761746362,5.644579962100708,33.48253979452396,27.837959832423252,True
454,17.84,14.181722109014109,5.819387281212996,32.79844503483463,26.979057753621632,True
455,31.53,22.207515372437314,9.53740398039567,50.11209276629544,40.57468878589977,True
456,37.42,59.047030962709506,23.876397295788827,143.94244823976067,120.06605094397185,True
457,35.1,31.965295471514274,12.574720550429987,79.05400195805997,66.47928140762998,True
458,31.63,37.831030244605856,14.785612111119882,94.52045870906193,79.73484659794204,True
459,28.15,28.621442708953325,11.312716734754437,70.26208513212445,58.949368397370016,True
460,26.05,27.360758850583895,11.072270700508257,65.62645847952277,54.55418777901451,True
461,24.82,24.977474807921922,10.256405377428107,58.95068361249838,48.69427823507027,True
462,23.52,24.438380494801784,10.20977770136243,56.72738937719187,46.51761167582944,True
463,22.76,22.673894460628276,9.576345001721393,51.99120620987189,42.4148612081505,True
464,22.36,22.62176358976957,9.706705882299755,51.115722727886315,41.409016845586564,True
465,23.32,22.090059415151813,9.59709181051414,49.31105262919998,39.713960818685834,True
466,26.58,24.375061646384154,10.753514409213103,53.783082841424346,43.02956843221124,True
467,29.32,28.99090325379366,12.904630821726382,63.687390086832664,50.78275926510628,True
468,27.42,30.248702878514354,13.682346958113671,65.50717588784771,51.82482892973404,True
469,23.33,25.32405898511543,11.478813921415504,54.530604576338824,43.05179065492332,True
470,20.72,21.248475509629014,9.639436169283604,45.524520155647686,35.88508398636408,True
471,20.43,19.762331760974874,8.749329958085863,43.21579965044295,34.466469692357094,True
472,19.63,20.79536779637144,9.220155209970773,45.48051302740086,36.26035781743009,True
473,19.44,18.719645228619612,7.913573693618,42.62609446097271,34.71252076735471,True
474,19.84,19.863510865743613,8.166930389594244,46.484388682509554,38.31745829291531,True
475,20.64,19.918038977529843,8.043742769009112,47.38310485398735,39.339362084978234,True
476,21.68,21.31053680421398,8.689586332825474,50.37061948722432,41.68103315439885,True
477,23.81,22.179419813883086,8.794614386916384,53.85519711995402,45.060582733037634,True
478,27.61,25.493207761000164,10.056671008543836,62.48113794153294,52.424466932989105,True
479,42.86,30.19758831267642,12.713948453007477,69.97077255776047,57.256824104752994,True
480,39.25,62.29108123240088,28.406731148389305,135.21918544271026,106.81245429432096,True
481,36.85,33.11241059756429,14.951337921896979,71.95040469172322,56.99906676982624,True
482,35.16,37.428492911122945,18.45484527479203,74.90649252470155,56.45164724990951,True
483,33.15,34.234902545555315,17.48581651086631,66.15950884100816,48.67369233014185,True
484,32.11,32.42927849738945,17.567346767411692,59.18720255806412,41.61985579065243,True
485,35.5,31.79241684734302,18.367604579400997,54.52274667119233,36.15514209179133,True
486,37.35,37.8230097458279,23.429953081901882,60.69582400226657,37.26587092036469,True
487,30.88,37.794887147881944,24.59086882915407,57.81173003013852,33.22086120098445,True
488,31.55,28.683511534724442,18.911292656079766,43.251815904231535,24.34052324815177,True
489,29.84,32.22504724503774,21.799666200956235,47.41754062121714,25.617874420260907,True
490,24.79,29.317335306922317,20.430833013119017,41.88871177101238,21.457878757893365,True
491,24.01,23.659060608010964,16.6868158475261,33.379804443693025,16.692988596166927,True
492,25.02,24.182738006517273,17.270742277552863,33.70960751737059,16.43886523981773,True
493,21.35,25.233885804206956,18.265417454858625,34.722909508748124,16.4574920538895,True
494,20.45,20.400701708851205,14.86508694198828,27.86779223498095,13.00270529299267,True
495,20.13,20.648955010832893,15.218013224737803,27.898561529483757,12.680548304745955,True
496,21.06,19.970571997992593,14.86609877304165,26.71726662071478,11.851167847673132,True
497,22.22,21.370439223021446,16.1336737754179,28.207778646333562,12.074104870915662,True
498,23.09,22.35724159549511,17.192265907571258,28.98860822077559,11.796342313204331,True
499,21.52,23.2352392035514,18.09427745805495,29.760358465702588,11.666081007647637,True
500,21.77,21.126760628743543,16.623398741975944,26.780880583243384,10.15748184126744,True
501,19.69,21.959793330097778,17.548621452634187,27.42001553090829,9.871394078274104,True
502,18.8,19.296703312565683,15.551940226053944,23.88869339377302,8.336753167719078,True
503,20.49,18.819020885938865,15.297388561779439,23.101627533042855,7.804238971263416,True
504,20.12,20.750398744317437,17.016512518031234,25.258125431508407,8.241612913477173,True
505,31.77,19.932149796510732,16.42361303616007,24.14718928813674,7.72357625197667,False
506,109.17,33.641838901013244,28.03682881281382,40.32879007483678,12.291961262022962,False
507,84.22,286.99858990813067,225.7087268233386,364.8579400593812,139.14921323604258,False
508,60.2,66.68617785206061,51.58970189655639,86.11627004907537,34.526568152518976,True
509,47.72,67.7459586604537,51.35807444806321,89.26319019491038,37.905115746847166,False
510,39.53,43.29097154203423,32.60009174029412,57.383476310118965,24.783384569824847,True
511,35.14,40.17759039762552,30.562801091249256,52.721276069655396,22.15847497840614,True
512,30.06,33.877572963138476,25.370157196749712,45.12961108737654,19.759453890626826,True
513,25.79,29.438226066379745,21.761006589404875,39.70494872135019,17.943942131945317,True
514,22.74,24.977711478592575,18.259417692419444,34.03955853922934,15.780140846809896,True
515,21.29,22.31048999186397,16.167325821569644,30.65192699832548,14.484601176755834,True
516,22.68,21.10549982828299,15.199147701362385,29.16536003416541,13.966212332803025,True
517,20.76,23.242369682526164,16.70101547105761,32.201060627577085,15.500045156519477,True
518,17.02,19.89137329189952,14.218306159550837,27.679241529621994,13.460935370071157,True
519,14.62,16.38195103605133,11.56573306667624,23.044138150676382,11.478405084000142,True
520,12.52,14.228464149361134,9.91896394993151,20.238839271910226,10.319875321978717,True
521,11.15,12.077621933331026,8.25373745423816,17.481634720770323,9.227897266532164,True
522,11.26,10.95129324562806,7.349313678765215,16.107203746130978,8.757890067365762,True
523,10.57,11.41445166757998,7.639232225194013,16.839387365607976,9.200155140413964,True
524,10.68,10.261533331886712,6.776087395330928,15.309247380802905,8.533159985471976,True
525,10.18,10.902362243726635,7.205302334220859,16.265205011405754,9.059902677184896,True
526,9.38,9.899350086383842,6.449801954908796,14.946173203608314,8.496371248699518,True
527,8.26,9.276070715821849,5.97227864793521,14.14535415015912,8.17307550222391,True
528,7.19,7.961278971915078,5.049397822372534,12.274795801244304,7.2253979788717695,True
529,7.69,7.004333269347205,4.373040328868904,10.924226725516867,6.551186396647963,True
530,9.06,7.986123755811235,5.019923030765939,12.413862559714627,7.393939528948688,True
531,8.79,9.373817214467266,5.941746086238243,14.502739838399211,8.560993752160968,True
532,9.66,8.520974637171527,5.37531376068665,13.218744589583965,7.843430828897315,True
533,9.89,10.167844974277456,6.554913673264622,15.508562078062766,8.953648404798145,True
534,8.27,9.66078796396897,6.245867008850399,14.685134694562556,8.439267685712156,True
535,7.43,7.899324604448621,5.115404295071751,11.950571146893468,6.835166851821717,True
536,6.38,7.348672255487454,4.664207757991413,11.305397578541932,6.641189820550519,True
537,6.21,5.953764242777236,3.5105273872526217,9.720439760721721,6.209912373469099,True
538,6.01,6.010049139071439,3.451729317611502,10.038584205421065,6.586854887809563,True
539,4.97,5.846726972360996,3.052318918272948,10.568109810575889,7.515790892302941,True
540,4.24,4.359108325805791,1.9401888804487202,8.768094233230965,6.827905352782245,True
541,3.66,3.776315797103549,1.447385793141006,8.32145338818126,6.874067595040254,True
542,3.28,3.316651298795655,1.087112521858728,7.927874391170688,6.84076186931196,True
543,2.84,3.051506321894901,0.8658157486670992,7.797601525274228,6.9317857766071285,True
544,2.62,2.5820333993260225,0.5876812623710637,7.08157378813252,6.493892525761456,True
545,3.16,2.4866384439979736,0.5050155739688411,7.077423150583485,6.572407576614644,True
546,3.3,3.5145866460428454,0.9145987924123653,9.645307343450279,8.730708551037914,True
547,2.9,3.339916225342604,0.8149568101176317,9.377587355244703,8.562630545127071,True
548,2.68,2.7726638464777764,0.5154553016531715,8.391891983217246,7.8764366815640745,True
549,2.4,2.615316473864925,0.40090134855573245,8.33007396964407,7.9291726210883375,True
550,2.11,2.2520506438902546,0.27142691191920637,7.318082062981427,7.04665515106222,True
551,2.02,2.0342480027664873,0.1005183911060033,7.365749283880547,7.265230892774543,True
552,2.06,2.0334593330630537,0.06616055252227207,7.6308534897281515,7.564692937205879,True
553,2.06,2.069050873896352,0.0,8.622435863770816,8.622435863770816,True
554,1.98,2.0587064108216704,0.0,9.37871080132832,9.37871080132832,True
555,1.85,1.904210050685014,0.0,10.00936935355436,10.00936935355436,True
556,1.81,1.8093922980646968,0.0,10.543900259539146,10.543900259539146,True
557,1.7,1.8116549026434177,0.0,11.896922847140392,11.896922847140392,True
558,1.66,1.6020083516173593,0.0,11.710469763377144,11.710469763377144,True
559,1.56,1.7138239438611729,0.0,13.780527123760995,13.780527123760995,True
560,1.37,1.510140760347905,0.0,11.234844985375096,11.234844985375096,True
561,1.17,1.2751222471300743,0.0,9.089808902947903,9.089808902947903,True
562,1.15,1.0488745613040837,0.0,9.544103738387408,9.544103738387408,True
563,1.13,1.2100883153747684,0.0,10.154833052340708,10.154833052340708,True
564,1.11,1.116590379180797,0.0,8.680426362033995,8.680426362033995,True
565,1.14,1.140678775784843,0.0,8.755626942726385,8.755626942726385,True
566,1.13,1.144899924110478,0.0,9.37409055718766,9.37409055718766,True
567,0.94,1.1192856874705166,0.0,9.373469320509903,9.373469320509903,True
568,0.73,0.8016648065925405,0.0,7.304888182751766,7.304888182751766,True
569,0.65,0.6436625704516334,0.0,6.701789280503242,6.701789280503242,True
570,0.63,0.6339491702744773,0.0,6.769326742973569,6.769326742973569,True
571,0.57,0.620960050870196,0.0,6.36741938478128,6.36741938478128,True
572,0.6,0.5234353495530317,0.0,5.8984799069534475,5.8984799069534475,True
573,0.63,0.6537184149314244,0.0,6.061995550142762,6.061995550142762,True
574,0.65,0.6155129547189508,0.0,5.5804766562650014,5.5804766562650014,True
575,0.53,0.6738677986069408,0.0,5.415445114921383,5.415445114921383,True
576,0.46,0.4212627571900628,0.0,4.303424678611339,4.303424678611339,True
577,0.48,0.4339346564389183,0.0,4.04626447239516,4.04626447239516,True
578,0.42,0.5066238364834217,0.0,4.146687858337209,4.146687858337209,True
579,0.41,0.3625620008108338,0.0,3.441927539687451,3.441927539687451,True
580,0.39,0.4249198503389464,0.0,3.4909138540522298,3.4909138540522298,True
581,0.44,0.37136180806371005,0.0,3.1501079812693487,3.1501079812693487,True
582,0.45,0.47617582823946125,0.0,3.365929452768457,3.365929452768457,True
583,0.32,0.44861739639348125,0.0,3.145549804731786,3.145549804731786,True
584,0.31,0.2436360746700833,0.0,2.689102088447102,2.689102088447102,True
585,0.28,0.33642345398515733,0.0,2.4478203492817094,2.4478203492817094,True
586,0.5,0.263778478864677,0.0,1.8992143805132322,1.8992143805132322,True
587,0.55,0.6057050962939103,0.0,2.331898040547824,2.331898040547824,True
588,0.52,0.5676926405156046,0.0,1.9863863682222158,1.9863863682222158,True
589,0.37,0.5085799781530518,0.0,1.6706259979885014,1.6706259979885014,True
590,0.23,0.3185332518025574,0.0,1.19345085795569,1.19345085795569,True
591,0.3,0.17941967739722464,0.0,0.8615747672293341,0.8615747672293341,True
592,0.46,0.33125419980562065,0.0,1.0085437422799894,1.0085437422799894,True
593,0.46,0.5135197490328605,0.04211632637594362,1.1981634609629053,1.1560471345869616,True
594,0.34,0.444573248101479,0.018640122847598473,1.0486056089140203,1.0299654860664218,True
595,0.27,0.3031821820433898,0.0,0.8271032369094837,0.8271032369094837,True
596,0.14,0.2566031125349974,0.0,0.7301883376505129,0.7301883376505129,True
597,0.09,0.09389192744994633,0.0,0.48145341269558534,0.48145341269558534,True
598,0.05,0.08231609175649111,0.0,0.43491427203852695,0.43491427203852695,True
599,0.05,0.03674840841236348,0.0,0.34887220741752784,0.34887220741752784,True
600,0.06,0.05309077919456495,0.0,0.34844948667907766,0.34844948667907766,True
601,0.26,0.06247187179849454,0.0,0.3419135373957397,0.3419135373957397,True
602,0.49,0.3382966859213876,0.07188758941594384,0.6709196348882815,0.5990320454723377,True
603,0.4,0.5822100716887664,0.27961263455526975,0.9563644835559357,0.676751849000666,True
604,0.33,0.34220206337336423,0.08491162743064302,0.6605097902675803,0.5755981628369372,True
605,0.4,0.32627504276338176,0.07094337203304332,0.642482259092535,0.5715388870594916,True
606,0.39,0.4318585513639268,0.16370473974635666,0.7618033519059764,0.5980986121596197,True
607,0.37,0.3730558817076146,0.12534550763971555,0.6752921138380343,0.5499466061983188,True
608,0.43,0.3702954450998934,0.12015760185880042,0.676290553887797,0.5561329520289966,True
609,0.59,0.4553304326294764,0.1962298143664962,0.770551647100645,0.5743218327341488,True
610,0.51,0.6514931222426588,0.36285689428274337,1.0012589320687422,0.6384020377859988,True
611,0.58,0.4561159787916378,0.19313268123458324,0.777064510125056,0.5839318288904727,True
612,0.59,0.6267275158268122,0.3431867403332093,0.9701224939814461,0.6269357536482368,True
613,0.53,0.5765981598262839,0.30527577836243375,0.9043192241612523,0.5990434457988185,True
614,0.65,0.5169651412162057,0.2619122567488976,0.8235683403168701,0.5616560835679725,True
615,0.7,0.688815520746475,0.3823967950436061,1.063154279104229,0.680757484060623,True
616,0.79,0.6904852416739267,0.35923319248188573,1.1024651017381912,0.7432319092563056,True
617,0.93,0.8451238217859416,0.48145832631674,1.2980612125528475,0.8166028862361074,True
618,1.06,0.9615337223559042,0.5665482357358693,1.4561098446688003,0.889561608932931,True
619,1.02,1.1037304718920193,0.6794533577087936,1.6351919081603947,0.9557385504516012,True
620,0.97,0.974418580326496,0.5807015657598755,1.4662015998348745,0.885500034074999,True
621,1.21,0.9754503168846786,0.5905974145415658,1.4534202802061693,0.8628228656646035,True
622,1.62,1.3163246812056268,0.8835336443122566,1.8485607596998497,0.9650271153875931,True
623,1.69,1.7536478799850932,1.2582680116135219,2.3576956357490464,1.0994276241355245,True
624,1.59,1.6439822866715033,1.2013107541181598,2.175672639201323,0.9743618850831632,True
625,1.56,1.5730405557596083,1.1665164610102376,2.0558446338767182,0.8893281728664806,True
626,1.73,1.5510621482280555,1.142726855412599,2.0372131042660553,0.8944862488534562,True
627,1.86,1.829791988998117,1.3901617567420144,2.3502848409360793,0.9601230841940649,True
628,2.15,1.8415516740803985,1.4216853268885825,2.3342135028101465,0.912528175921564,True
629,2.16,2.315432477900216,1.855398203990677,2.849583045948941,0.9941848419582642,True
630,2.1,2.0109892465080628,1.6077654633848817,2.476561205323827,0.8687957419389454,True
631,1.76,2.1437544861176767,1.7457671019969236,2.5994284663827587,0.8536613643858351,True
632,1.62,1.6021752110170482,1.2890597002244037,1.958121113297222,0.6690614130728183,True
633,1.88,1.6622435972058618,1.352823937208198,2.012355008285705,0.6595310710775069,True
634,2.18,1.9769687284752493,1.6447649576932966,2.3508999673260482,0.7061350096327517,True
635,2.61,2.253538723051878,1.8989602088362743,2.6514865537417553,0.7525263449054811,True
636,2.46,2.800264157341284,2.390632018103024,3.2593851495724415,0.8687531314694175,True
637,2.01,2.327297741100578,1.97537302404871,2.72084782931465,0.7454748052659399,True
638,1.79,1.910008918353598,1.6110230566071286,2.2432313776276436,0.6322083210205149,True
639,1.65,1.7488879479070167,1.4723472593297662,2.056360679768313,0.5840134204385468,True
640,1.55,1.599957568896429,1.3426113659397383,1.8855743886268321,0.5429630226870938,True
641,1.36,1.5188054512247873,1.268723131663247,1.7964544516582368,0.5277313199949898,True
642,1.34,1.2566813133654744,1.0358200037947727,1.50150334538431,0.4656833415895374,True
643,1.32,1.371949407535054,1.138888965891803,1.630404888530569,0.491515922638766,True
644,1.24,1.2904490593009794,1.0645141544518104,1.5411096755816387,0.4765955211298283,True
645,1.15,1.1999573818504619,0.9807146313496371,1.443467829921842,0.46275319857220487,True
646,1.2,1.106042136918263,0.8943562300249046,1.341383005041735,0.4470267750168304,True
647,1.11,1.2582368264493393,1.0295439564302549,1.5126992436772242,0.4831552872469693,True
648,1.33,1.027556432221826,0.8217411648716413,1.2566241380035774,0.43488297313193613,False
649,2.86,1.4985442135618192,1.2392302162180027,1.7878880616692623,0.5486578454512596,False
650,3.63,4.714945539635111,3.892303464859636,5.67591508899424,1.783611624134604,False
651,3.38,3.2546644755191085,2.447474185485101,4.250849991991194,1.8033758065060925,True
652,3.09,3.518389319998989,2.5270460608692438,4.7883684235327,2.261322362663456,True
653,3.53,2.8714918041062183,1.9985818783137344,3.9985124293789296,1.9999305510651952,True
654,2.85,3.9571285241345207,2.8262808824558356,5.422195327441888,2.5959144449860525,True
655,2.4,2.42995209449965,1.6822396766258163,3.386099972006247,1.7038602953804305,True
656,2.25,2.377232579662906,1.6682201905761902,3.2746471739551435,1.6064269833789533,True
657,2.2,2.189493479905446,1.5428657486894588,3.0005527871859696,1.4576870384965108,True
658,2.17,2.204915840767933,1.5746365637883417,2.989489503439537,1.4148529396511953,True
659,1.93,2.1521359820182613,1.5508829002703384,2.8951067679669786,1.3442238676966403,True
660,1.79,1.818569198477344,1.2946007472031758,2.4621850168437107,1.167584269640535,True
661,2.07,1.7714135687675596,1.2601515788243431,2.3983265729213645,1.1381749940970214,True
662,3.05,2.241407129306048,1.6619315275967308,2.947028715423738,1.2850971878270072,False
663,6.91,3.617010009512576,2.709793122443056,4.746083602069248,2.0362904796261923,False
664,5.71,11.96736694221423,9.129661257110197,15.600022562057642,6.4703613049474455,False
665,4.43,4.697044268990255,3.4200773523993,6.342928825717681,2.9228514733183806,True
666,3.64,4.516201151745983,3.2485918055215306,6.162014271876727,2.913422466355196,True
667,3.15,3.408156870935736,2.402404792791561,4.711209624424126,2.308804831632565,True
668,2.75,3.05505797337141,2.1497073413643357,4.220642232836888,2.0709348914725525,True
669,2.46,2.636379227036833,1.860723823926532,3.6223454959994035,1.7616216720728715,True
670,2.55,2.391308203282969,1.6978416424420448,3.263026839204639,1.5651851967625943,True
671,2.54,2.6135455388588866,1.8877612194166176,3.5217420587304886,1.633980839313871,True
672,2.72,2.5117466226865446,1.8115079750079475,3.3863878216157266,1.5748798466077791,True
673,2.73,2.8040560362835834,2.069754821616436,3.7140058956127566,1.6442510739963208,True
674,2.77,2.7019292326025157,1.9824821757271098,3.594924373640569,1.612442197913459,True
675,4.13,2.796517949790585,2.0811653317694807,3.677953628280167,1.5967882965106863,False
676,13.42,4.769081715353994,3.586984753869313,6.255813050251969,2.6688282963826557,False
677,10.23,25.241026328077364,16.348513682564736,38.69166900118274,22.343155318618003,False
678,7.42,8.516483538490741,5.055095311371822,13.956570339740448,8.901475028368626,True
679,6.07,7.69709250265098,4.31328446158828,13.235905972378008,8.922621510789728,True
680,5.98,5.753411263436322,2.9664570497093994,10.49856487074531,7.532107821035911,True
681,6.13,6.091518729882957,3.108874240272212,11.239274057934935,8.130399817662724,True
682,5.8,6.12530363888879,3.1633665973625087,11.194446671721046,8.031080074358538,True
683,8.78,5.726508094459035,2.9679084088465313,10.402962589546235,7.435054180699703,True
684,9.61,9.694845844577813,5.281183645514718,17.209900250402626,11.928716604887908,True
685,9.06,9.375732415904016,5.14693734940709,16.513733595613346,11.366796246206256,True
686,9.92,9.049211897659738,4.999012292843009,15.833881118154398,10.83486882531139,True
687,13.25,10.122962691867835,5.633050663461989,17.652096195524976,12.019045532062986,True
688,14.16,14.047444160546203,7.7853130744154,24.773193720796684,16.987880646381285,True
689,13.31,14.001634833208808,7.827087605289652,24.49527746094677,16.66818985565712,True
690,11.25,13.185535004239336,7.30248394714928,23.23725292785337,15.934768980704089,True
691,9.94,10.846369630904151,5.9837857021973475,19.094613353879588,13.11082765168224,True
692,8.94,9.80714431375213,5.431252781154283,17.16043812809092,11.729185346936637,True
693,8.4,8.750872767030657,4.800426875934464,15.391814215139561,10.591387339205097,True
694,7.85,8.383181762320847,4.636264080340967,14.621003333013508,9.98473925267254,True
695,8.1,7.7361404797021205,4.275686697123242,13.466391744359324,9.190705047236083,True
696,8.05,8.21444231312675,4.508910015042224,14.412476680523497,9.903566665481273,True
697,8.11,7.985869952471498,4.328814077603353,14.152688314291083,9.82387423668773,True
698,7.91,8.15381170596579,4.3926642203165045,14.538195097071782,10.145530876755277,True
699,7.84,7.844368861064659,4.183040171332393,14.092080702600764,9.90904053126837,True
700,7.8,7.855943464894294,4.168724289137556,14.173518699425589,10.004794410288033,True
701,7.6,7.782203348549677,4.110699254255317,14.091299999908797,9.98060074565348,True
702,7.38,7.566769587650461,3.9754331547984174,13.750382305330412,9.774949150531995,True
703,7.47,7.3496268840482095,3.843651570656638,13.393328687217982,9.549677116561345,True
704,7.53,7.717876020001908,3.9178808988315295,14.45408761692093,10.5362067180894,True
705,7.52,7.256675320197557,3.738279634525326,13.38764543283205,9.649365798306725,True
706,7.46,7.4695172399924665,3.8976862456961188,13.64624695825816,9.748560712562043,True
707,7.5,7.680673315243197,4.04452603106306,13.937793707865072,9.893267676802012,True
708,7.56,7.531288819803958,3.958295944466763,13.679012657188093,9.72071671272133,True
709,8.23,7.578620825697184,3.8816663024741365,14.075330985607721,10.193664683133584,True
710,8.64,8.466847635304548,4.269082470025644,16.008882411672545,11.7397999416469,True
711,8.36,8.704118653757934,4.306204040425826,16.74713488753355,12.440930847107726,True
712,8.25,8.249683316260388,3.988721606691038,16.150013209066305,12.161291602375268,True
713,8.28,8.266172403392867,3.9365918503288775,16.39296130055381,12.456369450224933,True
714,8.08,8.291137324316468,3.655107646678939,17.544196897550368,13.889089250871429,True
715,8.11,7.950062589758897,3.3929790407425493,17.234464498392356,13.841485457649807,True
716,8.68,8.185936431162352,3.423810747356505,18.07437567662196,14.650564929265453,True
717,10.28,9.05499685166226,3.763346662324844,20.225194984568407,16.46184832224356,True
718,11.73,12.027915647936439,4.6835574907901565,28.8627376259989,24.179180135208743,True
719,17.39,12.630433895392576,4.684866315602635,31.68128358036366,26.99641726476103,True
720,70.67,24.129272723937415,9.042268410116822,61.88224152601381,52.83997311589698,False
721,64.67,468.145524600553,92.4713660018704,2353.70532492618,2261.2339589243093,False
722,47.95,78.9903735478891,16.448937242309,365.6962504063735,349.2473131640645,True
723,37.59,57.97613965264918,12.85431384283436,250.054298883791,237.19998504095665,True
724,29.22,35.360570951279875,8.218873391602852,142.4113544836514,134.19248109204855,True
725,25.35,28.00118308752842,6.8512638901350575,106.1252517105086,99.27398782037355,True
726,24.29,24.75066984581341,6.385208984199902,88.78716769244171,82.4019587082418,True
727,21.79,24.1989731858897,6.578033769311545,82.79327262893366,76.21523885962212,True
728,19.81,21.08588411469133,5.665593294612349,72.17972392972756,66.51413063511521,True
729,18.83,19.471030292529043,5.4571921750346934,63.89865407101506,58.44146189598037,True
730,20.13,18.65417926361698,5.4621276685133395,58.77702427771128,53.31489660919794,True
731,33.71,20.63718055366411,6.378047662323686,62.45412821098702,56.076080548663334,True
732,36.97,39.55372173716397,13.153214819431568,115.20005544446165,102.04684062503009,True
733,38.15,35.750639985161335,12.215753481019897,101.19693801482055,88.98118453380064,True
734,50.36,38.952306399196765,13.738207445639535,107.30264077247388,93.56443332683435,True
735,61.36,54.33586935284888,19.660699013510058,147.2069137657577,127.54621475224764,True
736,54.85,63.308116249360566,23.057433188785883,170.90253769338145,147.84510450459555,True
737,44.25,52.1470850013515,19.049893768571177,139.87918254053534,120.82928877196416,True
738,37.65,42.11577148081128,15.486025130945926,111.7603370503219,96.27431191937598,True
739,32.71,36.40713403982871,13.453881786774879,95.81092579254718,82.35704400577231,True
740,28.46,31.592371210327023,11.605835602877246,83.2675324806945,71.66169687781725,True
741,25.03,27.495364907665433,9.93197254152168,73.27624046227122,63.34426792074954,True
742,22.81,24.253495057239984,8.425622981900284,66.66014446267091,58.23452148077063,True
743,37.25,22.34863744406532,8.016754912543332,59.46065084191555,51.44389592937222,True
744,63.5,44.46048715811362,17.10735518046375,113.13350387486484,96.02614869440109,True
745,51.83,72.15010189451878,28.17787774765389,182.39021958540957,154.21234183775567,True
746,43.1,45.580753903072605,17.86717385268051,114.0022070671888,96.1350332145083,True
747,37.36,43.10320519087859,16.997849694068137,107.0736166359817,90.07576694191356,True
748,33.71,35.3521533496514,13.984268703069862,87.19109422976626,73.2068255266964,True
749,30.06,33.33893232539728,13.098772346211511,82.63581199075588,69.53703964454436,True
750,27.14,27.445791514908915,10.240556925905762,70.98602882787873,60.74547190197296,True
751,25.33,27.774788431341317,8.446749544812597,86.64797302402492,78.20122347921233,True
752,23.77,24.37899827350952,7.434039260036881,75.36833710494048,67.9342978449036,True
753,21.53,23.339658879177318,6.777279013907363,75.17304114914086,68.3957621352335,True
754,19.87,20.324068868240506,5.73155256667916,66.54993125186076,60.81837868518159,True
755,18.99,19.580335951315263,5.230272364945248,66.9826182643496,61.75234589940435,True
756,18.17,18.573872275496306,5.533258269126764,57.64401192709206,52.1107536579653,True
757,17.06,17.91296491863899,5.827858459865075,51.3883504785976,45.560492018732525,True
758,16.41,16.540352652503987,5.598291789753079,45.62782140856446,40.02952961881138,True
759,16.03,16.374647666914417,5.698912555723178,44.0637889416106,38.36487638588743,True
760,15.47,15.638807568328208,5.542916497161438,41.312922290230034,35.7700057930686,True
761,14.47,15.513934367880179,5.584140934572258,40.4192270512768,34.83508611670454,True
762,14.23,13.7532326778887,4.7896127157472295,36.594548225292,31.804935509544773,True
763,15.26,14.528757029225707,5.410222088077632,36.61839941883249,31.208177330754857,True
764,19.09,15.849763965651121,6.2498228807964535,38.161583719541106,31.91176083874465,True
765,19.82,22.19133118052994,8.990007519472908,52.8375812907694,43.847573771296496,True
766,19.52,18.325722498083984,7.521658069989337,42.82756818045115,35.30591011046182,True
767,19.41,20.375732128436542,8.866244604349093,45.31163551583351,36.44539091148442,True
768,19.07,18.758797234848704,8.50318185010848,40.08203697726864,31.578855127160164,True
769,18.57,19.32618379217412,9.126384284468621,39.7997302834851,30.673345999016476,True
770,18.03,18.088343273789757,8.821708137374207,36.097910449153915,27.276202311779706,True
771,17.03,18.04085585441297,8.972711118263993,35.354626878196854,26.38191575993286,True
772,16.16,16.424402258290286,8.265732892096308,31.766948669294308,23.501215777198,True
773,15.73,16.05214146820732,8.145327530715372,30.794982484242475,22.649654953527104,True
774,15.09,15.596233288575998,7.941607687983344,29.803740108056406,21.86213242007306,True
775,14.46,14.89912429132964,7.710351797736841,28.02088906407053,20.31053726633369,True
776,14.94,13.958067200556497,7.273037983314273,26.04493498369383,18.77189700037956,True
777,15.5,15.510769779479773,8.150533305788109,28.7912164899228,20.64068318413469,True
778,15.51,15.884178264464808,8.32155759095049,29.582386353862304,21.260828762911814,True
779,14.41,15.425672123374348,8.07521227302417,28.72963018248935,20.654417909465177,True
780,14.07,13.580251569295891,7.148280298624654,25.08939899377753,17.941118695152873,True
781,15.9,14.064033046464,7.465169083830279,25.806917780109064,18.341748696278785,True
782,17.29,17.370574869379922,9.132671922379732,32.30592598050229,23.173254058122556,True
783,22.6,17.66026041059483,9.129575597471389,33.37511426225339,24.245538664782003,True
784,71.11,27.252954676304576,13.641165195531924,53.51953019319241,39.87836499766048,False
785,73.44,323.15383139781125,116.01147312495533,896.9949025825134,780.983429457558,False
786,55.09,83.37079180507313,30.25099981344883,226.7824886342224,196.53148882077357,True
787,47.57,64.62176926490055,22.224718153922392,184.41523616847746,162.19051801455507,True
788,42.98,45.091550415015035,15.67084600775254,126.43390579409923,110.76305978634669,True
789,37.81,42.953657692492044,15.317520216885576,117.39568751075211,102.07816729386653,True
790,37.08,36.28806235069334,13.310969463654343,96.15621274997477,82.84524328632043,True
791,36.36,37.634442866681844,14.285810988192665,96.64743112235647,82.3616201341638,True
792,41.53,35.831760569913016,14.007291496997858,89.39463163294835,75.3873401359505,True
793,46.4,43.85022254743033,17.692653544165676,106.61139170537221,88.91873816120653,True
794,50.7,46.915587169663866,19.305637652062707,112.06729358387975,92.76165593181705,True
795,59.6,52.03602120850393,21.53282511955419,123.8320852225444,102.29926010299022,True
796,55.84,62.36079742266187,25.714408467323448,149.27810385343795,123.5636953861145,True
797,47.99,53.32040835969808,22.08744012992815,126.80571374560353,104.71827361567537,True
798,41.09,46.57661712906536,19.195450141052117,111.08140851708453,91.8859583760324,True
799,36.65,39.421760655480185,16.445305231136132,92.65950969850216,76.21420446736603,True
800,33.14,35.870918488775516,15.821471014424791,79.81722633176115,63.99575531733636,True
801,29.97,32.25320311125433,14.83599274961269,68.82672539966775,53.990732650055065,True
802,28.71,29.239771634735668,14.007276587515603,59.93336010623544,45.926083518719835,True
803,29.29,28.59668352639298,14.475744347397246,55.60236148245649,41.12661713505924,True
804,31.27,29.57313181496764,15.754072591542158,54.79039865490694,39.03632606336478,True
805,31.56,31.904760677575247,17.77508304137351,56.66809514837143,38.893012106997915,True
806,28.25,31.351579218466306,18.10549654678287,53.78133872971441,35.67584218293155,True
807,26.98,27.167648018253157,16.132138705166486,45.31157898814658,29.179440282980092,True
808,31.42,27.044463844076205,16.49186981250587,43.9632864143199,27.471416601814035,True
809,36.15,33.253860826263775,20.736271663594284,52.980139725168854,32.243868061574574,True
810,33.64,37.05818203167028,23.080664912815877,59.14888811416869,36.068223201352815,True
811,30.75,32.307719406965795,20.603920397955825,50.3519838833575,29.748063485401673,True
812,29.11,30.350660964455333,19.74345008227661,46.381893513846634,26.638443431570025,True
813,25.81,28.70468598753159,18.995273294369024,43.128847684534726,24.133574390165702,True
814,30.67,24.80204050259723,16.59842517322831,36.82982213149596,20.23139695826765,True
815,35.98,43.570439383253714,27.847002766149764,67.86414103122564,40.01713826507588,True
816,33.8,34.61012573886407,21.679028409640992,54.914258416760056,33.235230007119064,True
817,32.11,33.44139867347524,21.07169418750862,52.743493023593665,31.671798836085046,True
818,33.66,30.909470125695453,19.563611228880433,48.51534399136209,28.951732762481655,True
819,33.05,36.112428669080096,22.560881146311324,57.45844020707149,34.897559060760166,True
820,28.19,30.52459204182429,18.451154543121373,50.092077912408286,31.640923369286913,True
821,25.1,26.756926088341043,15.636422555172064,45.310854591398005,29.67443203622594,True
822,25.71,24.00066725933679,13.493252431451003,42.12581778095055,28.632565349499544,True
823,28.47,26.783837077810965,15.467683881270784,45.87614896739042,30.408465086119637,True
824,31.0,29.15346320223675,15.80180009176696,53.11511493546323,37.313314843696276,True
825,33.34,32.108914004779884,17.613384471675108,57.89311469625799,40.27973022458288,True
826,32.65,34.45725465043908,19.311757608101246,60.89601764667818,41.584260038576936,True
827,28.58,31.104891348621585,17.808565920462257,53.80077815956453,35.99221223910227,True
828,26.6,26.39678170597239,15.342790654759117,44.927507957530445,29.584717302771327,True
829,24.93,26.666319182634247,15.760450909047378,44.668533696919525,28.908082787872146,True
830,22.34,23.61338547663161,14.221213797404817,38.800948379330336,24.57973458192552,True
831,20.29,21.40877051547991,13.017270913654674,34.82387749431871,21.806606580664035,True
832,17.83,19.45033558389192,11.973127310025045,31.237117196145718,19.263989886120672,True
833,15.48,16.62694537876237,10.225708321452341,26.678360642250652,16.45265232079831,True
834,13.85,14.580972039506594,8.996215946643748,23.28585886816458,14.289642921520834,True
835,13.3,13.214016232206703,8.156011536409403,21.066186422550796,12.910174886141393,True
836,13.6,13.345968012567985,8.198627195691055,21.37364270116639,13.175015505475335,True
837,14.86,13.826040738572585,8.533296224662072,22.057238420135807,13.523942195473735,True
838,17.33,15.85259177843782,9.880799165958543,25.10192921667167,15.221130050713128,True
839,21.37,18.985742884399063,11.348909598024452,31.345359359113587,19.996449761089135,True
840,23.71,24.39724042680483,14.264200986210522,41.25703146071203,26.992830474501506,True
841,22.46,23.364746779188405,12.509223713952384,42.94337514751916,30.43415143356678,True
842,20.98,21.543220678463086,11.379043240434838,40.052994862956325,28.673951622521486,True
843,20.6,20.084619601933984,9.663239649667837,40.69100558216442,31.027765932496585,True
844,21.02,21.004568236140983,10.084883443990746,42.68120113355599,32.59631768956524,True
845,22.78,21.410585508434213,10.446917783237406,42.87507207977867,32.428154296541265,True
846,22.55,24.933799190646834,12.366485148118448,49.31703795035964,36.95055280224119,True
847,19.74,20.668879180560577,10.285870599755764,40.604262674418116,30.318392074662352,True
848,17.51,17.886132368691147,8.847954026989933,35.21929944739456,26.37134542040463,True
849,16.45,16.267682630617344,8.109956785934827,31.730436646207053,23.620479860272226,True
850,19.08,16.089129193189653,8.07995667708381,31.162965856277644,23.083009179193834,True
851,23.98,23.72513735340656,11.630656175574963,47.400685494630814,35.77002931905585,True
852,26.92,27.164497190732067,13.494224604174441,53.7279294801528,40.23370487597836,True
853,24.82,28.300954234852405,13.547641889990969,58.01615709028482,44.46851520029385,True
854,20.86,21.157316846605593,10.083876758833327,43.29377017834583,33.209893419512504,True
855,18.31,19.02977644839707,8.261892731885505,42.31641017516822,34.05451744328272,True
856,17.17,16.62102520019617,7.1242973217917545,37.21875502673871,30.094457704946958,True
857,19.38,17.211473207911443,7.082481540617755,40.034149566041236,32.95166802542348,True
858,19.34,22.9939945105281,9.929418324007322,51.67542658758487,41.74600826357755,True
859,17.05,16.778311567699934,7.178444246504226,37.64651426013117,30.468070013626942,True
860,14.85,16.777458754194264,7.3885698558330954,36.67484150320537,29.286271647372274,True
861,12.68,13.155102958824187,6.0767719082038605,27.313324545988927,21.236552637785067,True
862,11.22,12.063165769289089,5.105955529983621,26.947517645347794,21.841562115364173,True
863,10.73,10.36667343963502,4.72597532711518,21.564062487568822,16.838087160453643,True
864,10.82,10.816411940538506,4.644786629343364,23.735672101877714,19.09088547253435,True
865,11.36,10.86778027406127,4.168944490827107,26.248156540149,22.079212049321896,True
866,12.28,11.948665777136224,4.45627089168577,29.72940268846808,25.273131796782312,True
867,12.79,12.891823600869463,4.938475774546038,31.497019485176935,26.558543710630897,True
868,12.78,12.902079234265013,4.8904378699114845,31.81043129628778,26.919993426376298,True
869,11.8,12.680604578133787,5.0465395044066845,29.95306687186195,24.906527367455265,True
870,10.45,10.84758755405386,4.180567292293795,26.094586930618267,21.914019638324472,True
871,9.24,9.760287846894077,3.729719901043965,23.480053147007723,19.75033324596376,True
872,8.51,8.502369381209167,3.309793506872267,19.95112531794384,16.641331811071574,True
873,8.98,8.267636659299672,3.103473709142813,19.930824793011,16.827351083868187,True
874,8.19,9.728443103258236,3.747327719255634,23.24511182427836,19.497784105022728,True
875,7.39,7.019717107793621,2.4452506491096466,17.66797775821007,15.222727109100425,True
876,7.35,7.365986463828589,2.6717384123808317,18.061741783391476,15.390003371010645,True
877,7.18,7.355714822496868,2.809189246890897,17.328826863060183,14.519637616169286,True
878,7.02,7.025258024186941,2.7310044069591086,16.262045103631728,13.531040696672619,True
879,6.6,6.961685291781198,2.786337980118768,15.741356164770249,12.95501818465148,True
880,6.14,6.2545762731846875,2.481774299409143,14.115533741628616,11.633759442219473,True
881,5.85,5.923204071515036,2.5114587830566824,12.649812678171106,10.138353895114424,True
882,5.18,5.700565012738825,2.581083792851241,11.537425563614761,8.956341770763519,True
883,4.59,4.690382171440128,1.9976817135957843,9.801830331147,7.804148617551216,True
884,4.48,4.299816405464405,1.9568374452350001,8.499356813440684,6.542519368205684,True
885,4.04,4.519142407421585,2.233932595664287,8.419161349942204,6.185228754277917,True
886,3.47,3.6404796811282463,1.4927933994336304,7.6385224206132385,6.1457290211796085,True
887,3.3,3.253209418131304,1.1103847234441009,7.571797432725294,6.461412709281193,True
888,3.26,3.3079085237580754,1.018696304614854,8.193099430876586,7.174403126261732,True
889,2.85,3.2130116227796472,0.9512136238113862,8.096629255286581,7.1454156314751955,True
890,2.35,2.468413346635594,0.5063800075458271,6.985960436848103,6.479580429302276,True
891,2.24,2.0984549388275755,0.3110121718237624,6.322909134085115,6.0118969622613525,True
892,2.13,2.3062405369894874,0.3025921200784447,7.391902822024004,7.08931070194556,True
893,2.77,1.9784658398048807,0.13903715177521508,6.788384026858592,6.649346875083378,True
894,2.93,3.289701334233576,0.8572437078138901,8.907982167071253,8.050738459257364,True
895,2.57,3.0467117540796718,0.9419416352775305,7.432733364958329,6.490791729680799,True
896,1.95,2.4172301569234738,0.7887687621147839,5.5282121382651335,4.73944337615035,True
897,2.66,1.6474821518212845,0.49089092998677436,3.701324290888561,3.2104333609017863,True
898,3.05,3.0259781323935844,1.4159378543780368,5.7089887652280185,4.293050910849981,True
899,2.12,3.068704556512494,1.5752664788874253,5.428211178882504,3.8529446999950783,True
900,1.74,1.92196217552157,0.891083559453395,3.5147994188297833,2.6237158593763885,True
901,1.5,1.7346407666698433,0.8228266784573248,3.1025623615853313,2.2797356831280062,True
902,1.52,1.4162206478729087,0.645263230336429,2.548442651340102,1.903179421003673,True
903,1.42,1.5789441166079055,0.8073646469127018,2.6799174798220897,1.872552832909388,True
904,1.12,1.3494325736016566,0.6817797512562846,2.2821381121857387,1.600358360929454,True
905,0.92,1.054486473712343,0.4877188312927488,1.8371723082910942,1.3494534769983455,True
906,0.85,0.8837248121392072,0.3887561636455869,1.5551059723501286,1.1663498087045416,True
907,0.78,0.8437340475724773,0.3735403848184851,1.474885540862505,1.10134515604402,True
908,0.71,0.7559533595902057,0.3258313185301901,1.325614245162304,0.999782926632114,True
909,0.6,0.6959801930719072,0.29665036456913696,1.2182917568900722,0.9216413923209352,True
910,0.46,0.5644214720855101,0.2155290805010684,1.013456182647078,0.7979271021460097,True
911,0.34,0.42409555277692745,0.1139272348701414,0.8206289243618743,0.7067016894917328,True
912,0.28,0.34712846837713035,0.0,0.8381567139975192,0.8381567139975192,True
913,0.23,0.27111753274847405,0.0,0.7216913819129807,0.7216913819129807,True
914,0.21,0.21466202013176477,0.0,0.6236282665780775,0.6236282665780775,True
915,0.25,0.21053350295917572,0.0,0.5920733561420823,0.5920733561420823,True
916,0.23,0.26642929753805306,0.0,0.6413267430269958,0.6413267430269958,True
917,0.17,0.20518873138599525,0.0,0.6576409767754032,0.6576409767754032,True
918,0.06,0.16558727315888852,0.0,0.6866311489198604,0.6866311489198604,True
919,0.05,0.026668363176001145,0.0,0.4449399738688555,0.4449399738688555,True
920,0.06,0.07819239628860544,0.0,0.652820723368664,0.652820723368664,True
921,0.08,0.03916046122288277,0.0,0.7114687913478714,0.7114687913478714,True
922,0.07,0.11766224018402742,0.0,1.0771574694291481,1.0771574694291481,True
923,0.25,0.029213666532831802,0.0,1.1842287303326233,1.1842287303326233,True
924,0.22,0.41260087186780414,0.0,2.2456377320873298,2.2456377320873298,True
925,0.33,0.10477802012439459,0.0,1.692303350477267,1.692303350477267,True
926,0.35,0.41347951897938134,0.0,2.1326240306884476,2.1326240306884476,True
927,0.31,0.30905316548259393,0.0,1.6626008470528437,1.6626008470528437,True
928,0.21,0.29362507679900973,0.0,1.4106784831714871,1.4106784831714871,True
929,0.19,0.20430500575455762,0.0,1.1166387687025683,1.1166387687025683,True
930,0.2,0.16159474319468237,0.0,0.9641839918138528,0.9641839918138528,True
931,0.23,0.19248949550825833,0.0,0.9412155243094664,0.9412155243094664,True
932,0.3,0.2320547678155038,0.0,0.9408577719455546,0.9408577719455546,True
933,0.33,0.3313891510431327,0.0,1.021755759967287,1.021755759967287,True
934,0.35,0.3545027297524272,0.0,0.9954567506675851,0.9954567506675851,True
935,0.26,0.36916780257988513,0.0,0.9683335327959748,0.9683335327959748,True
936,0.22,0.23646116177599852,0.0,0.7491969061449129,0.7491969061449129,True
937,0.25,0.19989976929938177,0.0,0.6611522991459633,0.6611522991459633,True
938,0.14,0.2540344496887275,0.0,0.7036399428532683,0.7036399428532683,True
939,0.11,0.1116230769032348,0.0,0.4862636449714071,0.4862636449714071,True
940,0.36,0.09298519054323443,0.0,0.4413367007439906,0.4413367007439906,True
941,0.36,0.40919881548755854,0.08677770478222364,0.8272746053154223,0.7404969005331986,True
942,0.17,0.35338981064478114,0.057306155620407355,0.7323875112429763,0.675081355622569,True
943,0.06,0.1555068726914726,0.0,0.4664052497342348,0.4664052497342348,True
944,0.04,0.050593444839691804,0.0,0.32345361541592077,0.32345361541592077,True
945,0.23,0.04050355566085765,0.0,0.3024342215161464,0.3024342215161464,True
946,0.43,0.2208922003984122,0.0,0.6186333222697296,0.6186333222697296,True
947,0.23,0.46284982735766,0.1146682756805147,0.9197905458409947,0.80512227016048,True
948,0.05,0.22220850475580564,0.0,0.6979359767534263,0.6979359767534263,True
949,0.01,0.10749554921750369,0.0,0.6109203926920743,0.6109203926920743,True
950,0.1,0.006951688322167269,0.0,0.43012314069989227,0.43012314069989227,True
951,0.02,0.13128853551751368,0.0,0.6569637633556944,0.6569637633556944,True
952,0.03,0.07470519290469317,0.0,0.6119901374810359,0.6119901374810359,True
953,0.12,0.07985372109451458,0.0,0.6420154126485067,0.6420154126485067,True
954,0.06,0.12151123612330303,0.0,0.6700294556140742,0.6700294556140742,True
955,0.01,0.0408127432632723,0.0,0.5423840324251852,0.5423840324251852,True
956,0.0,0.002912138229353991,0.0,0.47594629161365903,0.47594629161365903,True
957,0.0,0.00016672354689105924,0.0,0.4686487958077412,0.4686487958077412,True
958,0.1,-0.0001669181066920621,0.0,0.45684814943441926,0.45684814943441926,True
959,0.13,0.15378378839618614,0.0,0.6642574059252822,0.6642574059252822,True
960,0.09,0.10696043600451771,0.0,0.5859115520752602,0.5859115520752602,True
961,0.04,0.08803942719834681,0.0,0.5450504049548377,0.5450504049548377,True
962,0.48,0.017826132950684397,0.0,0.43287562617755626,0.43287562617755626,False
963,0.57,0.35519568623450987,0.0,0.9232571990881435,0.9232571990881435,True
964,0.77,0.4775646918056326,0.06612256135208663,1.0477921559992893,0.9816695946472027,True
965,1.2,0.8472866684801097,0.3638335290774586,1.5021147836515265,1.138281254574068,True
966,1.01,1.2307956626971697,0.6781705760133181,1.9654013482530583,1.2872307722397403,True
967,0.59,0.9674861207526848,0.49621758955381084,1.5871916373532442,1.0909740477994334,True
968,0.49,0.5110306568120129,0.16818676227166718,0.95449368163168,0.7863069193600128,True
969,0.42,0.5068739357950316,0.17293455785220524,0.9358872523427881,0.7629526944905829,True
970,0.41,0.3890855305919295,0.09657350023702181,0.7596254249102248,0.663051924673203,True
971,0.78,0.42678521740620484,0.13340840902440942,0.7961010703645042,0.6626926613400947,True
972,0.79,0.9102622180955804,0.539722739734736,1.3699732735726924,0.8302505338379564,True
973,0.65,0.715802478282584,0.3907157400654981,1.116879862409557,0.7261641223440589,True
974,0.42,0.6537258760747411,0.35613727478406276,1.0166168455436289,0.6604795707595661,True
975,0.39,0.35567066509210793,0.12210116630620098,0.637858517018745,0.515757350712544,True
976,0.57,0.42032851562094625,0.18644002608865556,0.7003245405809138,0.5138845144922581,True
977,0.58,0.59881908682486,0.34718757927061217,0.8974510392824857,0.5502634600118735,True
978,0.53,0.5622449573452415,0.32007584809415496,0.8488402088972677,0.5287643608031127,True
979,0.51,0.5249451868855641,0.2935290018399667,0.7977624156069365,0.5042334137669697,True
980,0.53,0.50770221088051,0.28270050278711883,0.7721720321733123,0.4894715293861935,True
981,0.46,0.536932556098058,0.31205960271365885,0.8003463235272121,0.4882867208135533,True
982,0.42,0.43854619832274055,0.22774409070378102,0.6855427612138265,0.4577986705100455,True
983,0.36,0.43480278435561803,0.22250955578643375,0.6839615038185203,0.46145194803208656,True
984,0.62,0.33405195797252496,0.13655140738143884,0.5658725289607978,0.4293211215793589,False
985,0.99,0.7065535936527725,0.4629745820523554,0.9906874690355822,0.5277128869832268,True
986,1.13,1.0456512289545916,0.764710367425592,1.3713177118283557,0.6066073444027638,True
987,0.92,1.1425445048514833,0.8549913252864914,1.4746730039615228,0.6196816786750314,True
988,0.57,0.8488928322833995,0.6086067838854541,1.1250716704128667,0.5164648865274126,False
989,0.41,0.5633063912230749,0.3472369499325857,0.8140289820296314,0.4667920320970457,True
990,0.49,0.35532209608254545,0.16928072263200522,0.5709640538627876,0.40168333123078237,True
991,0.44,0.5895469081297244,0.37200089683911586,0.8415872605956825,0.4695863637565666,True
992,0.8,0.3274674300337333,0.13962485581156794,0.5462718005965743,0.4066469447850064,False
993,1.64,1.1062333852495456,0.804115203044012,1.4589444541317005,0.6548292510876885,False
994,1.55,2.047512380460766,1.5844230075158965,2.593580339616489,1.0091573321005924,False
995,1.06,1.3276888206938904,0.9558988133474522,1.7701510983128848,0.8142522849654326,True
996,0.87,0.9348463729727068,0.6117512244718146,1.3227098761674339,0.7109586516956192,True
997,0.52,0.8424136683232446,0.5311602770837394,1.2169384721039687,0.6857781950202293,False
998,0.46,0.3398142732887253,0.10911048821909773,0.6185062768548846,0.5093957886357868,True
999,0.45,0.5355282999196407,0.26527648853183466,0.8635034960540786,0.598227007522244,True
1000,0.43,0.38998164264119467,0.13845718485028313,0.6970765282961386,0.5586193434458555,True
1001,0.63,0.462173208534195,0.20167503538847337,0.779141971659612,0.5774669362711387,True
1002,1.09,0.7512244126460723,0.40111035708451837,1.1888261177578214,0.7877157606733031,True
1003,1.44,1.3772464408750933,0.8951052974182079,1.9820509965078643,1.0869456990896564,True
1004,1.23,1.512600013439437,0.9701210440173964,2.2044522577467136,1.2343312137293172,True
1005,1.08,1.0506053065216099,0.6016533404675635,1.6254009009883776,1.0237475605208142,True
1006,0.99,1.092510579044332,0.6296251623930014,1.686875868425318,1.0572507060323166,True
1007,1.01,0.9161408597035776,0.49948764812339597,1.448566881374819,0.949079233251423,True
1008,0.86,1.0808476559836402,0.6216931513461483,1.67000385604292,1.0483107046967717,True
1009,0.74,0.7174696687664559,0.3394088430067677,1.2022417415963376,0.8628328985895699,True
1010,0.62,0.7523371945593649,0.36771807024105985,1.2451159418365938,0.877397871595534,True
1011,0.88,0.5301084140045758,0.1995433496662382,0.9517691955518108,0.7522258458855726,True
1012,1.03,1.1580050064993044,0.6927185634766075,1.75118717816343,1.0584686146868225,True
1013,1.09,0.9596546219581064,0.5356590221474637,1.5007154465784818,0.965056424431018,True
1014,1.07,1.171709479995807,0.7076523976985716,1.761874765531859,1.0542223678332874,True
1015,1.16,1.0135674924702798,0.5878361068877995,1.5534461832335364,0.9656100763457369,True
1016,1.28,1.2547154664307962,0.7705874938436073,1.8712175208729227,1.1006300270293154,True
1017,1.4,1.3039056106992106,0.8098250750574234,1.9328696657840743,1.1230445907266509,True
1018,1.53,1.4632432814281833,0.9423006075747411,2.1239075145414117,1.1816069069666706,True
1019,1.71,1.5745526735129967,1.0227804702304635,2.2768367928417494,1.254056322611286,True
1020,1.56,1.7932501649155608,1.1900589143872908,2.56257378856113,1.3725148741738393,True
1021,1.43,1.4286768903027847,0.9140271806645479,2.081707249028126,1.167680068363578,True
1022,1.45,1.4224915040604826,0.9114437028496967,2.070174171750993,1.1587304689012965,True
1023,1.57,1.4692120291389754,0.9514047134671482,2.124420066615392,1.173015353148244,True
1024,1.54,1.6366824173652819,1.0872490135454145,2.330744978163556,1.2434959646181416,True
1025,1.63,1.5133907212573683,0.9835497882984505,2.184761458960737,1.2012116706622864,True
1026,2.19,1.6916905452477682,1.1253036714161375,2.4090177741746377,1.2837141027585002,True
1027,2.43,2.5664519657317166,1.8195524135730974,3.5112052404632017,1.6916528268901043,True
1028,2.69,2.435984078905153,1.718758247723307,3.3424186760172763,1.6236604282939693,True
1029,2.91,2.839372664196777,2.0261790138857334,3.871087396661876,1.8449083827761426,True
1030,2.81,2.990187678085786,2.144304893625187,4.063630355512702,1.9193254618875146,True
1031,2.65,2.7265759786529364,1.9362549981358854,3.7296193734841294,1.793364375348244,True
1032,2.8,2.583347512196129,1.815244207520025,3.5610179603116547,1.7457737527916297,True
1033,4.23,2.913030583497486,2.0669562459439197,3.9925095500259244,1.9255533040820048,False
1034,5.06,5.034598859230912,3.720027575053015,6.715290390315568,2.995262815262553,True
1035,3.59,5.242194274534667,3.8653641378385126,7.008648121113492,3.143283983274979,False
1036,3.14,3.01269001631802,2.1094651089519845,4.1782800587478635,2.068814949795879,True
1037,2.8,3.2725900752684716,2.212989826081249,4.681632043493752,2.468642217412503,True
1038,3.0,2.5670617062877725,1.69268148545717,3.7253747928171066,2.0326933073599367,True
1039,3.15,3.249123362287082,2.152555551137407,4.727115368806051,2.574559817668644,True
1040,3.65,3.0190462015260398,2.003102216996033,4.378682176911806,2.3755799599157728,True
1041,3.64,3.918305235671694,2.6396842580789945,5.646105726765102,3.0064214686861073,True
1042,3.63,3.499443323898464,2.3500254660973043,5.043234724588335,2.6932092584910308,True
1043,3.53,3.699294199387067,2.5244701198246853,5.2657265408995455,2.7412564210748602,True
1044,3.74,3.46074459379859,2.3563012532266963,4.928622262966854,2.572321009740158,True
1045,4.81,3.863931474129066,2.680332326411498,5.428177481485992,2.747845155074494,True
1046,6.56,5.266360656670821,3.7555562958923536,7.257136165833925,3.5015798699415717,True
1047,14.62,7.354083855898237,5.362567380225103,9.968955281839452,4.606387901614349,False
1048,14.41,26.255838854144546,19.57005290688318,35.114673841918595,15.544620935035415,False
1049,9.44,13.59783460384236,10.043137562017781,18.29675999455727,8.253622432539489,False
1050,7.23,9.518020347091474,6.160020919814364,14.450897875965772,8.290876956151408,True
1051,5.96,6.713971381294662,4.212619808285427,10.415632956167201,6.203013147881774,True
1052,5.25,5.6016446491557375,3.434420101378967,8.828052164064028,5.393632062685061,True
1053,5.1,5.069487046916984,3.1461011260116383,7.885136153958257,4.739035027946619,True
1054,5.83,5.111226830102604,3.251471736728835,7.7845093844376585,4.533037647708824,True
1055,6.23,6.245066528705659,3.9808202477017067,9.538623438497288,5.557803190795581,True
1056,5.86,6.23252852837904,3.954613569669135,9.55772931193701,5.603115742267875,True
1057,5.6,5.6676158291287,3.582231268754155,8.702063959101494,5.119832690347339,True
1058,5.83,5.5587804801361385,3.530863228709351,8.494350020110563,4.963486791401212,True
1059,6.27,5.977146109657734,3.79472081659235,9.152951485110608,5.3582306685182575,True
1060,5.96,6.431680948053645,4.107852445970346,9.812740246096014,5.704887800125668,True
1061,5.85,5.72491290775477,3.5815286439163305,8.871040242635798,5.289511598719468,True
1062,6.01,5.915313267943292,3.770490167392853,9.024453654817563,5.25396348742471,True
1063,6.3,6.059774811831596,3.9161759549661985,9.1380464918926,5.221870536926402,True
1064,6.69,6.429948110510914,4.179386126907087,9.658430858842014,5.479044731934927,True
1065,6.62,6.835779580816371,4.487447891246483,10.189070558115457,5.701622666868974,True
1066,6.3,6.512385685103395,4.2539207394473095,9.741680638235747,5.487759898788438,True
1067,6.02,6.180271622525928,4.040480203217093,9.228450166384,5.187969963166908,True
1068,5.81,5.925066148892163,3.910296683132927,8.766526192045554,4.856229508912627,True
1069,5.64,5.7408221331729425,3.6690134773607967,8.731966560259075,5.062953082898278,True
1070,6.82,5.579789058583197,3.55273987248916,8.509355963221514,4.956616090732354,True
1071,7.22,7.623297126566852,5.045649103346189,11.299961850564255,6.254312747218066,True
1072,9.41,7.060936243277922,4.591048973347665,10.621914497251366,6.0308655239037,True
1073,11.04,10.867432365862342,7.228963557218817,16.114664560006403,8.885701002787586,True
1074,10.9,11.355128104027688,7.649205819810771,16.648925652491236,8.999719832680466,True
1075,10.25,10.713122787347594,7.183291935124615,15.765532321118666,8.582240385994051,True
1076,10.33,9.964128763629978,6.701304039227482,14.609320049324623,7.908016010097141,True
1077,13.91,10.872325649241981,6.82981534828889,17.00197195613973,10.172156607850841,True
1078,15.82,17.20439165115018,9.333765451460124,31.069614599356015,21.73584914789589,True
1079,17.18,16.457731913944947,9.314811867204314,28.547063727666053,19.232251860461737,True
1080,15.36,18.148160565400918,10.534227134321583,30.788176942289812,20.25394980796823,True
1081,13.83,14.305393516540189,8.320395235597527,24.133598390919786,15.81320315532226,True
1082,12.47,13.304333129904135,7.820154074623195,22.1984548750657,14.378300800442505,True
1083,13.0,11.966765245001735,7.138906262868691,19.658427003399627,12.519520740530936,True
1084,15.22,13.324636176617508,8.140831630647453,21.44819835697213,13.307366726324679,True
1085,15.17,16.323751854696802,10.202447948390036,25.789892682897197,15.58744473450716,True
1086,15.11,14.957000823952137,9.47484448088287,23.308320353616185,13.833475872733315,True
1087,16.87,15.122541375539864,9.726548887271717,23.232988926609863,13.506440039338147,True
1088,21.5,17.690050563081165,11.598423688689438,26.727118779481906,15.128695090792467,True
1089,21.56,24.031802525207382,15.963815105800773,35.93692331312406,19.97310820732329,True
1090,19.59,21.130646085892533,14.16146820000386,31.303302669520207,17.141834469516347,True
1091,17.82,18.86240099143189,12.71914546913868,27.75652671165992,15.03738124252124,True
1092,15.66,17.204219584927404,11.647905474339906,25.201461686172976,13.55355621183307,True
1093,14.72,14.815330423090927,10.02256279115301,21.69206183087493,11.66949903972192,True
1094,14.27,14.466109519119346,9.808010913457208,21.131782209764616,11.323771296307408,True
1095,14.04,14.110543673683006,9.58566043256988,20.569606503885396,10.983946071315517,True
1096,12.98,13.963875569116205,9.505424090176863,20.314472421667187,10.809048331490324,True
1097,15.78,12.496275350273113,8.49108588235776,18.191634191085875,9.700548308728115,True
1098,18.12,17.318889994472848,11.949444291303006,24.914759203603655,12.965314912300649,True
1099,16.99,18.867368130880728,13.092139822045736,27.009395409946723,13.917255587900987,True
1100,14.38,16.333234459639403,11.356437642510675,23.31453348651262,11.958095844001944,True
1101,13.67,13.352197647295835,9.21500874209557,19.164992757978485,9.949984015882915,True
1102,29.56,13.714492099511252,9.331308222425049,19.95729534780607,10.625987125381021,False
1103,73.89,41.45103512779152,23.515366190912165,72.50860555731872,48.993239366406556,False
1104,52.88,121.50344788041338,61.44904197665432,239.3094469919866,177.86040501533228,False
1105,40.65,32.79908682463329,13.699319547611012,76.71640493146253,63.01708538385152,True
1106,34.25,49.40845388886396,18.46390267746515,129.54998607281615,111.08608339535101,True
1107,32.24,27.708379059910165,10.113402315380542,73.16010010785499,63.04669779247445,True
1108,42.47,35.743526193775885,13.042939203363478,95.13989618564541,82.09695698228194,True
1109,44.45,44.54420851440279,15.807154801651397,122.41618517130517,106.60903036965378,True
1110,41.15,43.98068919972206,15.057623992719915,125.00011071371978,109.94248672099987,True
1111,37.43,39.88863618240255,13.800281049735256,111.96275815564898,98.16247710591372,True
1112,33.78,36.353594478422046,12.450129831433447,102.73810795473183,90.28797812329839,True
1113,31.2,32.578549120397966,10.839649446729728,94.2324615778565,83.39281213112677,True
1114,30.4,30.653177231288375,10.763309069592509,84.17362103706589,73.41031196747338,True
1115,32.33,30.37120438014488,10.809293802179821,82.33711403463951,71.52782023245969,True
1116,79.27,33.54756146487322,12.209983724228664,89.35090641180062,77.14092268757196,True
1117,66.65,132.70773957124686,43.5934626657314,399.90539178943015,356.31192912369875,True
1118,51.49,48.3800274287094,16.030679554613577,142.17614872857726,126.14546917396368,True
1119,43.41,63.14917148240737,20.724070309460416,188.4265735315382,167.70250322207778,True
1120,37.97,39.74917499735793,13.930725367050966,110.21330157405961,96.28257620700865,True
1121,32.95,38.699241822911176,14.575771008406775,100.18470542892175,85.60893442051497,True
1122,29.2,31.386240095465354,12.554544499776327,76.38132015712043,63.8267756573441,True
1123,26.29,28.982808551510356,12.277803805032606,66.70463111495835,54.42682730992574,True
1124,24.01,25.564509769240303,11.224887542541122,56.72430845064276,45.49942090810164,True
1125,22.38,23.72890047881464,11.090299796989454,49.579268434963886,38.48896863797443,True
1126,21.72,22.041437616423206,10.872083920500028,43.71901066288635,32.846926742386316,True
1127,21.01,21.710853852145615,11.435852011986167,40.47547608289206,29.03962407090589,True
1128,19.76,20.791755812192893,11.566363076925102,36.78982180216001,25.223458725234913,True
1129,19.14,19.499572309562755,11.396277728219987,32.899891087333216,21.50361335911323,True
1130,18.34,19.098486608039547,11.65248336625775,30.926472633097163,19.273989266839415,True
1131,17.69,18.114884029686753,11.465544841023569,28.311096797464312,16.845551956440744,True
1132,17.32,17.621583936704784,11.459256795772044,26.8317875613105,15.372530765538455,True
1133,17.12,18.28176291763762,12.283145714735854,26.989332436482922,14.706186721747068,True
1134,16.97,17.758221338960904,12.143290657048574,25.771900354554244,13.62860969750567,True
1135,17.41,16.946893516779244,11.782328525339155,24.19814650860468,12.415817983265525,True
1136,17.91,17.485320050442912,12.050739875040124,25.18296438662686,13.132224511586736,True
1137,20.25,17.94381238626274,12.105971277509438,26.38202458460737,14.276053307097934,True
1138,23.92,20.51836954067427,13.658223141270513,30.5891103052811,16.930887164010585,True
1139,23.94,24.351099621593626,16.0139756965842,36.773549432834294,20.759573736250093,True
1140,23.14,23.789126374398357,15.46876846923233,36.31309888495485,20.844330415722517,True
1141,23.65,23.09189803421993,14.87924628799109,35.55208442293642,20.672838134945327,True
1142,22.99,23.736627952218136,15.21879660976839,36.72787693002568,21.50908032025729,True
1143,22.27,22.874561055509496,14.628957770396068,35.47042073867002,20.84146296827395,True
1144,21.32,22.226089774229543,14.188966516944486,34.515994165815684,20.327027648871198,True
1145,20.57,21.21540745743084,13.568049502338981,32.87717267300854,19.309123170669558,True
1146,20.61,20.558046899889543,13.189228490923085,31.753675538817312,18.564447047894227,True
1147,22.44,20.649149134066196,12.107124501505623,34.75808394703208,22.650959445526453,True
1148,21.99,25.016482208619895,13.919206312570513,44.36818731041571,30.4489809978452,True
1149,20.32,20.518045093831574,10.852641665855401,38.06523775151627,27.21259608566087,True
1150,18.87,19.204623033992252,9.590578392482175,37.54622257793908,27.955644185456908,True
1151,18.64,17.902171905575216,8.636165344158666,36.07824533796563,27.442079993806967,True
1152,18.27,18.887704361835393,8.987420635040614,38.601895147591144,29.61447451255053,True
1153,18.44,17.831271462498545,8.460036247520986,36.485774432126505,28.02573818460552,True
1154,18.75,18.78969880147882,8.938180808015174,38.40682768997316,29.468646881957987,True
1155,43.04,18.81457715382775,8.941737434433849,38.491836348960156,29.55009891452631,False
1156,67.32,69.03994759452827,33.60947327515392,140.74137294848646,107.13189967333254,True
1157,71.03,79.64904345460471,38.42903258668316,163.9613947753687,125.53236218868554,True
1158,73.99,71.03960957241992,33.99112887521774,147.31488763491342,113.32375875969568,True
1159,61.37,75.62593467045626,36.37881176221471,156.0818757287629,119.70306396654819,True
1160,51.1,54.98485872520937,26.572862578186268,112.67352220299736,86.1006596248111,True
1161,43.35,48.51517669359963,23.558316812066973,98.83390725677502,75.27559044470804,True
1162,38.61,40.39587453422185,19.55112583678403,82.38318990708855,62.83206407030452,True
1163,35.17,37.125648235411695,17.843524760598225,76.13870264918552,58.29517788858729,True
1164,30.96,33.82410860014564,16.237739056575272,69.3525291695462,53.11479011297093,True
1165,27.59,29.153051153323766,13.996659166245529,59.627269298845015,45.630610132599486,True
1166,25.29,26.341850421733174,12.643441559955965,53.79385690180973,41.150415341853765,True
1167,24.96,24.41419142894877,11.714073930716244,49.80048531311848,38.08641138240223,True
1168,25.4,25.069782827181744,12.07628071991865,50.9745324541066,38.89825173418795,True
1169,27.4,25.621966589449038,12.400597868045384,51.887872023960405,39.48727415591502,True
1170,43.87,28.546480684729307,13.93677397484741,57.4459885597218,43.509214584874385,True
1171,43.76,57.589262927621164,28.410297163201218,115.71768263181617,87.30738546861495,True
1172,39.17,41.11664313617007,20.227119825118546,82.5634623855333,62.33634256041475,True
1173,36.47,38.06341484727036,18.800149499866563,76.06761908743296,57.267469587566396,True
1174,35.01,35.548397733840766,17.59190342288921,70.8476934032736,53.255789980384385,True
1175,31.74,34.57434997725462,17.15613293767714,68.70285911919002,51.54672618151288,True
1176,28.74,30.322350311084,15.027543151597705,60.21272734882414,45.185184197226434,True
1177,26.8,27.708592852969993,13.861458900904776,54.45776555943797,40.596306658533194,True
1178,28.83,26.14393120527437,13.196139523049428,50.900941103064014,37.70480158001459,True
1179,31.77,30.142286387527143,15.422174262426097,58.05685726778305,42.634683005356955,True
1180,31.05,32.93684947169215,16.92516508993228,63.250998319181605,46.32583322924933,True
1181,29.81,30.34998096126431,15.597205644927385,58.216070903599075,42.61886525867169,True
1182,30.8,29.42533422740747,15.44815178386217,55.279938014536604,39.83178623067444,True
1183,30.5,31.45973837598558,16.885014521255517,57.91158848013426,41.02657395887874,True
1184,28.88,29.99871538632498,16.412488890508147,54.18569812993223,37.77320923942408,True
1185,26.37,28.331230843539636,16.117309481027124,49.26029959618323,33.14299011515611,True
1186,23.22,24.5356281375048,14.405143087295984,41.32796155685577,26.922818469559786,True
1187,21.03,21.854118890417976,13.620343471642771,34.72493021592959,21.10458674428682,True
1188,19.75,20.26470405891399,12.567289642705916,32.32925371400908,19.76196407130316,True
1189,18.18,19.290741130362754,11.769570020102101,31.24181980844041,19.47224978833831,True
1190,20.94,17.43861980229915,10.40141810552673,28.819334495674273,18.417916390147543,True
1191,18.21,22.57008181183832,13.718259790755278,36.74554631558404,23.027286524828767,True
1192,15.8,17.288057641101773,10.603260118753168,27.824058830131587,17.22079871137842,True
1193,14.34,15.288831044128141,9.500676830105943,24.267515711315887,14.766838881209944,True
1194,14.58,13.971520423171816,8.839862649931796,21.779426070851144,12.939563420919349,True
1195,14.78,14.753238390719833,9.589581934174134,22.434779704946223,12.845197770772089,True
1196,15.7,14.791465950595308,9.944602971193516,21.784782374030417,11.8401794028369,True
1197,15.45,15.975498528574153,11.063737457194028,22.887087340563678,11.82334988336965,True
1198,14.69,15.311893589903256,10.838783987237832,21.475101562386637,10.636317575148805,True
1199,13.95,14.52020224675068,10.469870765216502,20.000818815720816,9.530948050504314,True
1200,14.27,13.790426624688529,10.105051807068804,18.69884729407998,8.593795487011175,True
1201,15.04,14.517935275349032,10.926353711158422,19.1911096251171,8.264755913958679,True
1202,17.24,15.347980096729003,11.81925156728443,19.848054337673165,8.028802770388735,True
1203,17.44,18.32529431396141,14.221521451015445,23.53545800418754,9.313936553172095,True
1204,37.05,17.440771184148574,13.62902838974202,22.24570250369999,8.616674113957972,False
1205,57.04,48.054128396234425,37.816521489673185,60.99183802068485,23.175316531011667,True
1206,57.23,79.49064227692922,62.02261195331455,101.80030124666784,39.77768929335329,False
1207,56.22,55.746092809454055,42.508968755665045,73.01046591617737,30.501497160512322,True
1208,49.66,56.09093886989558,41.74440529475971,75.25267631096831,33.5082710162086,True
1209,44.0,46.97830102998038,34.527975713917535,63.79168383414752,29.263708120229985,True
1210,40.16,42.01799596945086,30.672110352016034,57.42831300661645,26.756202654600415,True
1211,38.49,38.75603078213603,28.16432188246462,53.194367690766235,25.030045808301615,True
1212,37.03,37.9265621044568,27.47255812367546,52.21886536117565,24.746307237500194,True
1213,33.19,36.442115642882804,26.359111730297375,50.24113814932584,23.882026419028467,True
1214,29.84,31.592784402415397,22.85251970780822,43.535739121707444,20.683219413899224,True
1215,28.26,28.545267412470025,20.79907267420624,39.04403487801797,18.244962203811728,True
1216,42.49,27.698895370511526,20.184529228922685,37.878682957140825,17.69415372821814,False
1217,49.24,51.360639322718065,36.80464101909812,71.5211634438944,34.716522424796274,True
1218,48.86,50.66747804730401,36.24354193020094,70.67761575340157,34.43407382320063,True
1219,45.19,48.48494643994242,34.82135194052315,67.36034352443839,32.53899158391524,True
1220,42.33,43.773351061148155,31.433922603196372,60.807293239555854,29.373370636359482,True
1221,51.15,41.47124936989656,30.049178927843343,57.09516017257303,27.04598124472969,True
1222,99.34,56.350045446301685,40.52026188401374,78.21500403539648,37.694742151382734,False
1223,153.69,140.82814945183205,96.9612446480706,204.33859128878865,107.37734664071805,True
1224,108.27,177.8516652800835,117.87322240324197,268.0927151360426,150.21949273280063,False
1225,77.28,84.80787653035281,52.81031232964419,135.83235342590615,83.02204109626196,True
1226,61.08,72.68968384639864,42.95013496936751,122.55296540424554,79.60283043487803,True
1227,51.65,54.78921915778821,32.24450268736134,92.62260592392582,60.37810323656448,True
1228,49.23,49.29688716652656,29.415607923923492,82.17364114404238,52.75803322011889,True
1229,49.4,48.96090689434594,29.408921507752087,81.08420732939109,51.67528582163901,True
1230,74.74,49.65257172067373,29.552193779859827,82.97704729174988,53.424853511890056,True
1231,80.9,96.83478356106777,57.25249046242331,163.31305852262776,106.06056806020445,True
1232,75.18,72.1712901701665,40.99107892821125,126.50417092926023,85.51309200104897,True
1233,64.81,78.64868312416357,45.707093838811836,134.82332365414413,89.1162298153323,True
1234,57.36,56.671621469227105,32.46413403480244,98.39046740103262,65.92633336623018,True
1235,50.23,56.02801726085515,32.85879560531473,95.05169630410313,62.1929006987884,True
1236,43.93,46.83546500081273,28.50231965927417,76.56107784984512,48.05875819057095,True
1237,38.67,41.87406073073268,25.856316480342585,67.4451676345119,41.58885115416932,True
1238,34.34,36.49362954906346,22.13438036614178,59.76550287985308,37.631122513711304,True
1239,31.04,32.72543388448603,19.668754391860887,54.0301614278573,34.361407035996415,True
1240,28.2,29.76984938098827,17.90199406305832,49.0890873084697,31.18709324541138,True
1241,26.96,27.052759464245582,16.429613049487152,44.15059005179553,27.72097700230838,True
1242,28.28,26.75277993964357,16.588474002809107,42.790995981531374,26.202521978722267,True
1243,30.85,29.309765746813632,18.76717736822404,45.47511794493777,26.70794057671373,True
1244,37.01,32.05542769599956,21.0784743281347,48.48989155346988,27.41141722533518,True
1245,79.15,41.00986792755005,27.289226944242934,61.385197261438535,34.0959703171956,False
1246,66.87,134.16532879180187,84.97783254253258,211.4927503651367,126.5149178226041,False
1247,56.68,49.57701485718623,30.48607230122753,80.24336396713116,49.75729166590363,True
1248,49.49,59.35308530834952,36.05050174215947,97.31162156954407,61.261119827384604,True
1249,47.08,46.59263732990358,27.810253656107044,77.61989536963333,49.80964171352628,True
1250,57.45,47.1213211164269,29.13557568086301,75.84145710416232,46.7058814232993,True
1251,74.18,62.515196075251495,39.37081569149408,98.92813034311872,59.557314651624644,True
1252,78.75,80.4485405025356,50.4044603457718,128.05231774384032,77.64785739806851,True
1253,69.49,78.38852740576732,48.78467451060949,125.59595238115196,76.81127787054247,True
1254,58.16,67.00540623726225,41.6552083953755,107.42134997039332,65.76614157501783,True
1255,49.09,54.34632147265273,33.35151206693472,88.17264819625626,54.821136129321545,True
1256,45.05,46.46284793350438,28.39294194645784,75.64159436855682,47.248652422098985,True
1257,51.04,44.16895690158978,26.864338694893696,72.22027950914762,45.35594081425392,True
1258,54.72,53.225524355776386,31.894445370687116,88.389179799917,56.49473442922989,True
1259,110.79,55.27908581730555,32.89238216577201,92.45272589397214,59.56034372820013,False
1260,220.17,138.5938883459079,81.02810543734394,236.5582559128379,155.53015047549394,True
1261,145.28,307.65540982791646,168.17979422490856,562.1178501694419,393.93805594453335,False
1262,94.6,116.66616502628688,62.01369069196691,218.71933781301914,156.70564712105224,True
1263,72.2,91.01332895827267,47.36616049170369,174.04909672198528,126.6829362302816,True
1264,59.04,65.59052520015395,33.49162680159091,127.56158023337446,94.06995343178355,True
1265,50.5,56.696543197270245,28.539487051079206,111.69292155135285,83.15343450027365,True
1266,43.73,48.00074160469992,23.99819268950822,95.04985078854534,71.05165809903713,True
1267,37.34,41.98528059640101,20.9805400770675,83.06228152142126,62.08174144435375,True
1268,31.44,35.4114206807901,17.922126011579586,69.0656762977975,51.14355028621791,True
1269,26.41,29.792018528812193,15.257319550755227,57.32132425758141,42.06400470682618,True
1270,22.5,24.99423446308642,12.937061177621455,47.4822601200081,34.54519894238665,True
1271,19.3,21.4328399218696,11.192701307449521,40.273241611582876,29.080540304133354,True
1272,17.03,18.37749263901451,9.661586838618902,34.21869930421182,24.557112465592915,True
1273,15.17,16.44025251796485,8.701143583481429,30.353252868897883,21.652109285416454,True
1274,13.79,14.599903500397149,7.765500884142407,26.76304428443539,18.997543400292983,True
1275,11.66,13.642361370593367,7.247177212851259,24.996621749918933,17.749444537067674,True
1276,10.34,9.918273148390288,4.7155674136405805,19.856842359756083,15.141274946115502,True
1277,9.17,10.592574857641104,5.151392406547742,20.84672720390362,15.695334797355876,True
1278,8.25,8.12522633102966,3.8632443723910406,16.122264319112762,12.259019946721722,True
1279,8.15,8.325324334451249,3.999604310401362,16.393711290669614,12.394106980268251,True
1280,9.07,8.010462610368133,3.803483762658482,15.90199040204697,12.098506639388487,True
1281,8.43,10.059136803622156,4.930212806375143,19.62396592408107,14.693753117705928,True
1282,7.44,7.2937161492107165,3.3671100722210863,14.7508573006255,11.383747228404413,True
1283,6.67,7.512664249499533,3.47600438841942,15.189763533787925,11.713759145368506,True
1284,6.19,6.051036984248892,2.5751231767395377,12.906408281738429,10.33128510499889,True
1285,5.7,6.282295189524527,2.2440029745334633,15.347649383705896,13.103646409172432,True
1286,5.32,5.27657822415224,1.4933448572461505,14.8002348088397,13.30688995159355,True
1287,5.16,5.342825544422856,1.2659755407308406,16.7545764125977,15.48860087186686,True
1288,4.68,5.044547551142815,0.9915512200104173,17.345777266946456,16.354226046936038,True
1289,4.35,4.368319989795822,0.6639781069189217,16.319254017231867,15.655275910312945,True
1290,4.18,4.300567554931046,0.5871087450072485,16.702641040050068,16.11553229504282,True
1291,3.67,4.077447257170734,0.4974437034101936,16.216320447065637,15.718876743655445,True
1292,3.27,3.1876858011882465,0.21328393136684248,13.453922875016904,13.240638943650062,True
1293,3.23,2.9284955765490435,0.1272142220736623,12.691343839305167,12.564129617231504,True
1294,3.16,3.1467545834268495,0.19694294699647355,13.36624328529691,13.169300338300436,True
1295,2.99,3.0495152957411333,0.25008390777935374,12.117978743980311,11.867894836200957,True
1296,2.92,2.8586901614256224,0.22598392463258501,11.144930665665234,10.918946741032649,True
1297,2.65,2.834254554481621,0.23040474896950697,10.948513691023962,10.718108942054455,True
1298,2.5,2.4824107308010093,0.14262421596678065,9.613449573827856,9.470825357861075,True
1299,2.37,2.352217342593247,0.12518705665831228,8.987104851131793,8.86191779447348,True
1300,2.46,2.2391779150363442,0.12119153434360408,8.358145547720218,8.236954013376614,True
1301,2.46,2.42039704580665,0.21806886893893979,8.604642437955059,8.38657356901612,True
1302,2.06,2.437086579369118,0.24563645968347947,8.483958230542783,8.238321770859303,True
1303,2.03,1.933382582553083,0.0987290212495489,6.8315337168758035,6.732804695626254,True
1304,1.86,1.918262477074045,0.13439297604935369,6.507324238516641,6.372931262467287,True
1305,1.67,1.7422949693520122,0.10787888681397415,5.78790957065696,5.680030683842986,True
1306,1.55,1.5484872781348988,0.06522485760194761,5.09710462581262,5.031879768210673,True
1307,1.57,1.428092328802106,0.04650614842569611,4.633633749841493,4.587127601415797,True
1308,1.59,1.4573915335872227,0.08756065856592425,4.552585137925999,4.465024479360075,True
1309,1.46,1.4869243421191465,0.12618041601966237,4.491831144856961,4.3656507288372985,True
1310,1.46,1.3621931417690387,0.0909519145872584,4.114759289030402,4.023807374443143,True
1311,1.42,1.3853639420478037,0.1193500674943101,4.083272249903858,3.9639221824095476,True
1312,1.34,1.36261996311569,0.11979429283400413,3.984820092256215,3.865025799422211,True
1313,1.34,1.2808484242486204,0.09310894073461076,3.7591501089555566,3.666041168220946,True
1314,1.45,1.2886490471638545,0.1112375317829354,3.7135867096569335,3.602349177873998,True
1315,1.29,1.4295820676016313,0.1930619436601134,3.947663492728976,3.754601549068863,True
1316,1.13,1.241427099556514,0.11652879221258375,3.4996559673758716,3.383127175163288,True
1317,1.07,1.0685438397995024,0.04324686836046198,3.101496728091817,3.058249859731355,True
1318,2.21,1.009782539573008,0.02491680241696001,2.9410280393952193,2.916111236978259,True
1319,2.68,2.8279070452747925,0.9476021139820776,6.5235451030113385,5.575942989029261,True
1320,1.97,2.6679523428315353,0.8625568975946727,6.223336053066531,5.3607791554718585,True
1321,1.69,2.0315847273499794,0.4816171429123621,5.203023502438827,4.7214063595264655,True
1322,1.53,1.65662887185532,0.29079134100411047,4.46771328453837,4.176921943534259,True
1323,1.44,1.5050142875322843,0.19218706295895324,4.263516754800524,4.071329691841571,True
1324,1.25,1.4288565442443115,0.2071396285879064,3.8870436963612747,3.6799040677733683,True
1325,1.19,1.1939337072426053,0.05972449371059854,3.5420721520944323,3.4823476583838335,True
1326,1.21,1.2087280982742303,0.05270540410520872,3.6342308048211915,3.5815254007159827,True
1327,1.17,1.2035466266811357,0.03642496150970759,3.684967958398917,3.6485429968892094,True
1328,1.16,1.1595326555640786,7.479125492176746e-05,3.663232521435371,3.6631577301804494,True
1329,1.2,1.1636670541886955,0.0,3.734101587741466,3.734101587741466,True
1330,1.29,1.212302599279599,0.009960504935260722,3.8460140439778856,3.836053539042625,True
1331,1.23,1.315200239540201,0.05251407823276421,4.092713019256738,4.0401989410239745,True
1332,1.12,1.1906279413698804,0.0,3.8616460042224867,3.8616460042224867,True
1333,1.17,1.1058160741166043,0.0,3.7683626509295785,3.7683626509295785,True
1334,0.99,1.2014499858508123,0.0,3.9204008355341013,3.9204008355341013,True
1335,1.1,0.9053229710133135,0.0,3.4500685402702125,3.4500685402702125,True
1336,1.22,1.1985962653538982,0.0,4.0737048745258235,4.0737048745258235,True
1337,1.15,1.1862039014086232,0.0,3.9212724981057594,3.9212724981057594,True
1338,1.11,1.1492167325804892,0.0,3.743235720478932,3.743235720478932,True
1339,0.9,1.0971468069073786,0.0,3.4176909369328206,3.4176909369328206,True
1340,0.81,0.8461114144233524,0.0,3.1009775054618567,3.1009775054618567,True
1341,0.74,0.8203007621246028,0.0,3.6221051793155734,3.6221051793155734,True
1342,0.85,0.7061647184423288,0.0,3.807396120376186,3.807396120376186,True
1343,0.8,0.9314865658650555,0.0,4.842022348731819,4.842022348731819,True
1344,0.84,0.7086090681292343,0.0,4.4972992162766365,4.4972992162766365,True
1345,0.9,0.9542169217243486,0.0,5.506475623911986,5.506475623911986,True
1346,0.92,0.8154208422629594,0.0,5.370157196125793,5.370157196125793,True
1347,0.96,1.0143478923109686,0.0,6.251239690727358,6.251239690727358,True
1348,1.01,0.8915089843169182,0.0,5.940209447476708,5.940209447476708,True
1349,1.08,1.106574960214667,0.0,6.713095536652391,6.713095536652391,True
1350,1.16,1.0891674747987956,0.0,5.4524927337292235,5.4524927337292235,True
1351,1.2,1.2185079283012197,0.0,5.190928673233838,5.190928673233838,True
1352,1.37,1.2278979937792922,0.0,4.588060087103702,4.588060087103702,True
1353,1.45,1.4203064944266868,0.05396983017836348,4.557923347742001,4.503953517563637,True
1354,1.34,1.4844579594454888,0.17738440672375846,4.2425794982524,4.065195091528642,True
1355,1.26,1.3289229195654468,0.19244090750609788,3.5485540886222138,3.356113181116116,True
1356,1.17,1.2480431372723286,0.23173556272903661,3.102908205264632,2.8711726425355955,True
1357,1.29,1.1537232485836757,0.2494655216343332,2.7124064259272336,2.4629409042929002,True
1358,1.48,1.30330550939974,0.4149432097051478,2.7494199295367627,2.3344767198316148,True
1359,1.35,1.5154030722191187,0.6290990007141406,2.8838969350271104,2.25479793431297,True
1360,1.27,1.3276880629470287,0.5574312245719428,2.4788898751373463,1.9214586505654034,True
1361,1.13,1.2809992294482573,0.5733920639178296,2.3068410627341684,1.7334489988163388,True
1362,1.21,1.108162533910861,0.49247269630557544,1.977842931657563,1.4853702353519875,True
1363,1.15,1.2190264346364525,0.6125381635372567,2.0536197089524566,1.4410815454152,True
1364,1.11,1.1423703625715138,0.5910878394026269,1.8846620888938603,1.2935742494912335,True
1365,1.14,1.1055072690455527,0.5908824750740715,1.7866048746292553,1.1957223995551838,True
1366,0.97,1.147681548939404,0.6448574987301985,1.804216194543026,1.1593586958128275,True
1367,0.94,0.9417582873387069,0.5049779473657592,1.5053026544662127,1.0003247071004535,True
1368,1.16,0.9314898420857203,0.5118983132177857,1.4675290510380563,0.9556307378202706,True
1369,1.49,1.1988982637058392,0.7436970093949029,1.7729321941123524,1.0292351847174495,True
1370,1.81,1.6051865206678255,1.0857555069265614,2.2539752549761802,1.1682197480496188,True
1371,1.57,1.9302749068344531,1.3664291805050288,2.628467355102164,1.262038174597135,True
1372,1.23,1.4595642092767296,1.0081103665030575,2.0125117625330744,1.0044013960300169,True
1373,1.1,1.1709034652644403,0.7751179238023962,1.654934521421564,0.8798165976191679,True
1374,1.16,1.0723715013225967,0.6818961269957895,1.553501117316519,0.8716049903207295,True
1375,1.09,1.2120731505142954,0.8142564779493164,1.6971201055085556,0.8828636275592392,True
1376,1.09,1.0265686052368048,0.6679275244857474,1.4623254016973584,0.7943978772116109,True
1377,1.08,1.1235670764204135,0.7605514371464386,1.5614344647413163,0.8008830275948777,True
1378,1.16,1.0587384410176104,0.7110151255793609,1.477128287856877,0.7661131622775161,True
1379,1.0,1.2109363063056677,0.8420160774502203,1.653744128719556,0.8117280512693357,True
1380,0.81,0.9138155779123005,0.608579722769403,1.276971426665718,0.668391703896315,True
1381,0.75,0.762741493387058,0.4792672386012684,1.100538355359323,0.6212711167580547,True
1382,0.82,0.7424456534907997,0.47436607907637746,1.0592693351104274,0.5849032560340499,True
1383,0.81,0.860230632066008,0.585484158410911,1.1825875623664546,0.5971034039555436,True
1384,0.98,0.7889190380044901,0.5347343186714755,1.0852021653527322,0.5504678466812567,True
1385,1.14,1.0735017669145877,0.7900320471899536,1.4018617902105497,0.6118297430205961,True
1386,1.12,1.176893240107331,0.8914646729030207,1.5053939662281843,0.6139292933251637,True
1387,1.19,1.0961209352429524,0.831339514559714,1.3991853723639647,0.5678458578042507,True
1388,1.15,1.234198758508009,0.960782502938685,1.5457408381794497,0.5849583352407648,True
1389,1.27,1.1164016211119683,0.865032721523209,1.4016499926002113,0.5366172710770023,True
1390,3.21,1.3454932294029769,1.0744367067361895,1.6519673853200967,0.5775306785839072,False
1391,7.89,5.697709711640415,4.710753809679385,6.855235381600318,2.1444815719209327,False
1392,5.69,13.372434578397215,10.59231935688711,16.819287870773206,6.226968513886096,False
1393,4.99,3.476691133320908,2.4560278511911346,4.798785300947993,2.3427574497568586,False
1394,4.63,6.176856135516678,4.231935495069238,8.844781924097814,4.6128464290285764,True
1395,3.99,3.9413518428212546,2.628685343981464,5.7288716766393,3.100186332657836,True
1396,3.7,4.144899728172873,2.8147610275335473,5.938833919583059,3.124072892049512,True
1397,3.16,3.532814927921174,2.371954628479674,5.093323734918958,2.721369106439284,True
1398,2.77,3.0319093306347886,2.0408616803009942,4.345949457605968,2.305087777304974,True
1399,2.78,2.6732029403733115,1.8455774196100339,3.7415402400178532,1.8959628204078194,True
1400,3.61,2.8533806538345967,2.053718418689283,3.8624465086469995,1.8087280899577163,True
1401,10.36,4.00576003612815,2.9955348688362804,5.271409050822739,2.2758741819864587,False
1402,9.35,17.801717720200475,12.641997327110026,24.912964264228336,12.27096693711831,False
1403,9.05,7.4465944547821525,5.189704129920384,10.526392277569865,5.336688147649482,True
1404,57.52,9.910719609283987,6.947572030123802,13.97863774511267,7.031065714988867,False
1405,43.94,97.77219132236446,53.3616627823654,178.46371172786388,125.10204894549848,False
1406,26.76,43.95641242091632,21.401919908984112,89.21900917291387,67.81708926392976,True
1407,19.72,33.37108100114475,13.625718354555788,79.77355112060302,66.14783276604723,True
1408,16.41,14.722608321290164,5.530702781998885,36.852038391041404,31.32133560904252,True
1409,13.75,20.32518460200469,7.2787318830717425,53.93154081236441,46.65280892929267,True
1410,11.64,10.828636473591914,3.725533316394647,28.608645512870606,24.88311219647596,True
1411,9.98,13.911367152954618,4.922901955337778,36.540528620405574,31.617626665067796,True
1412,9.16,8.139053933789599,2.810371677776664,20.919726963079373,18.10935528530271,True
1413,8.4,10.832087910496416,3.9846491216614393,27.085889478827035,23.101240357165594,True
1414,7.69,7.059681112165864,2.5969207574848925,17.059463638344,14.462542880859107,True
1415,7.23,8.881371966699334,3.478983598297388,20.79992621124763,17.32094261295024,True
1416,6.76,6.293617059183461,2.5484965265725554,13.991377167105222,11.442880640532668,True
1417,6.49,7.373280871720242,3.1886798200242783,15.738408178524779,12.5497283585005,True
1418,6.38,6.073682872287178,2.7398201056250153,12.37951772130135,9.639697615676333,True
1419,6.27,6.692670765110697,3.210885104936212,13.053383558487104,9.842498453550892,True
1420,6.37,6.021585070950283,3.025690328435841,11.247006820255882,8.22131649182004,True
1421,6.41,6.592886156001809,3.432145801412428,12.00767681415885,8.575531012746422,True
1422,6.55,6.483890356450947,3.5744487098288733,11.243795574106398,7.669346864277525,True
1423,6.64,6.676887762544931,3.6158308771072223,11.767930040722574,8.15209916361535,True
1424,5.94,6.572052981154894,3.460126625867847,11.855237341666358,8.395110715798511,True
1425,6.02,5.887248281903048,2.9872071393804975,10.896595094867948,7.90938795548745,True
1426,6.3,6.080645502151916,3.0396290257881224,11.41092694578875,8.371297920000629,True
1427,6.3,6.312952333738355,3.1215532127904,11.975514102199927,8.853960889409528,True
1428,6.66,6.290942097187823,3.066939943735627,12.070720836786743,9.003780893051115,True
1429,6.98,6.760877565583147,3.2928042243944846,13.030740150156188,9.737935925761704,True
1430,8.71,6.952591028170678,3.3667352001185575,13.483063699311032,10.116328499192473,True
1431,10.44,9.08953978211776,4.509091693041547,17.47832976596078,12.969238072919232,True
1432,10.57,10.287974594151647,5.032623646997252,20.121551400216344,15.088927753219092,True
1433,10.8,10.435355475893118,5.074449853235672,20.527440018355403,15.452990165119731,True
1434,10.97,10.605453736619761,4.968610878551046,21.565812912487676,16.59720203393663,True
1435,10.34,10.961780712277177,4.621198520367854,24.454393273988615,19.83319475362076,True
1436,10.06,9.93625558942231,3.8422079634706954,23.6998243816536,19.857616418182904,True
1437,9.9,9.880867007803081,3.2320998937080585,26.975064345129248,23.742964451421187,True
1438,10.03,9.7318114488342,2.8120814159856393,29.212307767186125,26.400226351200487,True
1439,10.79,10.113096698969915,2.6457438540299765,32.8753689741914,30.229625120161426,True
1440,13.7,11.40414888875538,2.7504421634010003,40.02527194150472,37.27482977810372,True
1441,16.09,16.674874891426857,3.8672147277293254,63.184799706450264,59.31758497872094,True
1442,15.65,17.708179516087416,3.835925256677453,71.37415018416128,67.53822492748382,True
1443,14.78,15.15057723304804,3.00407397019006,64.14393762517541,61.13986365498535,True
1444,13.92,14.408434238951443,2.6939455632278326,63.2726974808556,60.57875191762776,True
1445,12.8,13.48292599144775,2.426185569986915,60.221186356976546,57.79500078698963,True
1446,12.07,12.198337364433307,2.0706392257000776,55.72959158713322,53.658952361433144,True
1447,11.58,11.890245149781943,1.9401694552099458,55.513212096345704,53.57304264113576,True
1448,11.07,11.303257251820604,1.7802912814371572,53.4439857849109,51.66369450347374,True
1449,10.42,10.841945863641554,1.6836964571883777,51.25318290442337,49.56948644723499,True
1450,9.84,10.043216547129546,1.5454237059474258,46.91054291741348,45.36511921146605,True
1451,11.48,9.615182140748296,1.4749118179606113,44.5297401157971,43.05482829783649,True
1452,11.94,13.23383883090223,2.332321463178708,59.799106599648894,57.466785136470186,True
1453,13.38,11.167986455955573,1.904200872669835,49.98128569054751,48.077084817877676,True
1454,17.08,14.30141731427011,2.6608326336455446,62.95631684267671,60.295484209031166,True
1455,22.83,19.36584692008259,3.753602402073011,86.25334718599106,82.49974478391805,True
1456,67.46,27.77467195758435,5.325579707230271,129.89420805498523,124.56862834775495,True
1457,90.64,259.9753324405869,28.8314650609546,2282.0968577409653,2253.265392680011,True
1458,59.6,127.16902713248703,15.080648550251713,1020.5570264316898,1005.4763778814381,True
1459,45.14,61.74815291306666,6.685369112294696,511.3151063366415,504.6297372243468,True
1460,39.04,38.95216770664032,4.229161821661097,304.24503905149214,300.01587722983106,True
