step,true_value,prediction,lower_bound,upper_bound
80,14.089999999999998,16.011479200610935,10.692773220820362,23.74951143989731
81,14.039999999999997,12.03616970193491,7.9684361870671765,17.948868783022405
82,13.750000000000002,15.55366815906887,10.047912144778454,23.80323213378211
83,12.470000000000002,11.63196867154793,6.108861478776997,21.446158642328772
84,13.569999999999999,12.720304895438714,6.5504206574701875,23.931957431742976
85,12.590000000000002,13.848283477790783,7.082756131842151,26.276775228722236
86,10.889999999999999,11.012922826038253,5.831108749259605,20.125460027260154
87,10.1,10.375104314499664,5.468294391267657,19.004191265696306
88,10.000000000000002,9.504648004042528,5.296959444060963,16.52395432575162
89,10.85,10.173857322766708,5.474784728862676,18.283280093155852
90,12.06,11.153584684437872,5.9904514095262735,20.130197755256656
91,13.180000000000001,12.544211026452968,7.080709041410614,21.701677710334547
92,15.099999999999998,13.331418329371948,7.847038351986734,22.21562800565174
93,19.750000000000004,16.40788002083726,10.057367377765278,26.40564516552304
94,18.999999999999996,22.76588311193748,14.187535898411014,36.18952197830649
95,19.450000000000003,15.32670635558162,9.640568581491877,24.05141885792119
96,16.340000000000003,20.813818790114855,13.796830744360653,31.158419490560192
97,14.180000000000001,14.371392682441966,9.817064362954024,20.84323815313834
98,15.360000000000003,13.722227354781193,9.689498982961757,19.27634584477167
99,15.690000000000001,15.790636819923048,11.596603720813619,21.3810712051475
100,14.889999999999999,15.176691819144306,11.446183951116435,20.025348752626854
101,14.030000000000001,14.33123029693993,10.998041854885704,18.590415274480463
102,14.429999999999998,13.509606206737496,10.652980089750379,17.066509223659462
103,14.549999999999999,14.560724160378191,11.775058364124064,17.953818408795968
104,13.270000000000001,14.159607335707713,11.66973786005728,17.138788435185834
105,12.19,12.51203804422559,10.441760078898541,14.956913171542013
106,14.560000000000004,11.796974932132159,9.94741353490438,13.959019031434556
107,22.330000000000002,15.878660401010208,13.432312721056084,18.739675992260743
108,147.23000000000005,25.371016543767517,21.610266976487132,29.75728890219882
109,73.91000000000003,440.42920898970027,322.51769481621807,601.3155755358829
110,45.050000000000004,34.86009215436275,24.934821925998897,48.5837686099655
111,36.150000000000006,33.138227600986895,23.52676636686405,46.51619379027795
112,36.90999999999999,29.061621787997165,20.486049211500234,41.05990108413636
113,36.699999999999996,30.99749925587671,21.80601654704062,43.89341470563333
114,30.930000000000003,30.98434406089704,21.75639718520586,43.95431577679177
115,26.329999999999995,26.69909490826477,18.67855876266168,37.988620456942655
116,23.66,23.833765851797764,16.59228151410671,34.056051478450435
117,19.690000000000005,22.167470419724257,15.36226327263605,31.803022216762564
118,16.690000000000005,19.06568531761781,13.133587775997462,27.48758104785235
119,14.599999999999998,16.95567856899455,11.605628693693435,24.576383432136893
120,13.620000000000003,15.470956821865613,10.513946754325971,22.56206993278239
121,13.429999999999996,14.937229405161595,10.07599779660114,21.93204511025546
122,12.870000000000001,14.978316450962671,10.02820886256354,22.150322939001494
123,12.750000000000002,14.48833989343906,9.621151350923292,21.585938635912807
124,18.200000000000003,14.484803435277788,9.56197937000153,21.702102421277125
125,29.699999999999996,19.90468621854989,13.130781932282037,29.925812031511253
126,38.39000000000001,28.672235105375414,18.844078226588035,43.36797346268348
127,44.11000000000001,33.4076128560315,21.807531607073674,50.90758223407949
128,49.19,37.082105184908585,24.104759804649284,56.76779967621366
129,52.17,40.798907683841676,26.487237905881496,62.562177092681935
130,64.65000000000002,43.043071758675495,27.929884381064987,66.05150094583371
131,55.769999999999996,53.708101441824795,34.957961861686826,82.23542849512856
132,42.949999999999996,44.84988173462838,29.127714510334624,68.77667205251477
133,39.39,36.58318563098361,23.645532217120767,56.31245037555893
134,47.17,35.570683528169404,22.883719542395113,54.99692674935011
135,44.769999999999996,42.82644344127468,27.455171021230463,66.50116326056049
136,72.58000000000001,39.17547543793829,24.888915310158524,61.34594255214086
137,49.65,63.782687080905916,40.48702985945886,100.15924325360503
138,39.790000000000006,39.094396281737694,24.17005238752321,62.86798837152555
139,43.8,37.55522267206015,22.912449665942667,61.16448820838701
140,42.74,45.67962937065967,29.00474541280501,71.62143931580347
141,38.92999999999999,41.691150567158914,27.234917194823172,63.54895277971602
142,44.00999999999999,37.77943840769598,25.19383997481456,56.41215662393283
143,52.36,44.36847352286673,30.14427286652853,65.08914578343423
144,43.85999999999999,52.095052544309524,35.82563860249254,75.55222588569526
145,42.529999999999994,40.5649935526963,28.271372512927417,58.02178615890612
146,45.60999999999999,41.759961599316696,29.52869194826461,58.891669091933494
147,51.62,44.90555942733156,32.03596451588073,62.78867447091665
148,52.190000000000005,50.901608319351645,36.61505290299662,70.6143335776298
149,54.77999999999998,50.06610363014783,36.089897461413194,69.30882041876744
150,59.82999999999999,53.29383487225957,38.6444188764515,73.35650688493693
151,56.5,58.42341436885269,42.503384317500085,80.16936718028845
152,50.95,53.621274823636774,39.08517091865438,73.42861275092724
153,43.400000000000006,48.44400277474146,35.45184833289317,66.06681614777271
154,35.13000000000001,41.17267652099438,30.325258653436617,55.77637540430368
155,30.279999999999998,33.71884061360675,24.92179602654349,45.501326232129976
156,35.99000000000001,31.843716709315927,23.328171850060784,43.3399419376883
157,27.459999999999997,41.16075941222523,28.77802198364903,58.69266982177566
158,24.28,32.532593282345964,22.020942451550965,47.84399561858417
159,22.160000000000004,28.731699710956175,19.24372159261529,42.66657403670956
160,21.76,25.134020883955642,16.94680502878555,37.056191420565455
161,31.239999999999995,24.049551308682698,16.34831042643069,35.16951768457763
162,47.629999999999995,34.356367727497584,23.619754750153362,49.775190556041004
163,49.86000000000001,49.0397703586282,33.50401761818048,71.57063931664806
164,38.57000000000001,47.537921589685574,32.38785394903689,69.56248166900896
165,35.13999999999999,37.626898712986815,25.52653924310365,55.24696423870076
166,38.37,36.896596280962434,24.977870050236277,54.28367055901853
167,38.27000000000001,40.296211803408035,26.83008798816039,60.278178855828514
168,36.800000000000004,38.26435290902582,25.256690165397814,57.716060541256944
169,32.64999999999999,37.41778729359497,24.742653174479663,56.33388747975235
170,25.350000000000005,32.301219366916385,21.293601467060228,48.743923742516
171,22.659999999999997,25.125509368152365,16.416834225363814,38.188651101211214
172,21.659999999999997,24.72520121942668,16.09074109575707,37.72190059354923
173,20.149999999999995,23.0057282456872,15.10088520894681,34.791509667155715
174,18.82,21.24127000578278,13.980778785071283,32.0205858164789
175,18.120000000000005,19.630514160209998,12.848460583843709,29.733965839580183
176,20.66,19.096899677733777,12.456917217464015,29.0132170043184
177,33.919999999999995,23.371569672612758,15.211044465708579,35.6400455913533
178,29.99,42.243875000661134,27.208397951874375,65.29347502340335
179,23.63,26.336025268534367,17.006988083574274,40.49823801813854
180,22.239999999999995,24.456520500808235,15.760429192155115,37.66454901473459
181,25.08,23.177318096041564,14.914793239407073,35.72951960631043
182,23.779999999999998,27.860852033265623,18.025088722556546,42.78159766994887
183,20.53,23.57810351056261,15.235851537530664,36.2067440244533
184,20.570000000000004,21.386093654861938,13.819978212555988,32.81497475479886
185,19.67,22.609304060450047,14.529993192668949,34.891788959824375
186,18.589999999999996,20.711501356947828,13.389948356961968,31.75823369752996
187,18.650000000000002,19.957807359114188,12.832876498795974,30.752592408380988
188,18.250000000000004,20.11506582581334,12.73067144107891,31.470808637556125
189,19.840000000000003,19.14003640841789,12.2067089900654,29.71325845352707
190,48.309999999999995,21.884584589648803,14.140273292415406,33.59014257709229
191,54.45999999999999,63.986714542444446,42.42536177127706,96.25360698813039
192,31.5,36.84715054009581,24.737048527655947,54.65544170558138
193,25.809999999999995,26.962305567452297,18.242615671775393,39.633276992297475
194,23.340000000000003,25.96914101857901,17.787764285200538,37.71320484113884
195,19.869999999999997,23.472880482357038,16.18678027854105,33.847823117371775
196,18.529999999999998,20.60938046855941,14.232653725212975,29.655546476582703
197,43.31000000000001,20.54488790046157,14.235267341274636,29.467610724881464
198,62.36,51.704127008484136,35.59708129089033,74.90017853193807
199,35.62,38.97268177584847,26.170829875784865,57.806274804924165
200,24.02,27.391834028199316,17.72599755891534,42.046905082022654
201,20.140000000000004,22.591237928536053,14.144289111384156,35.74959602972944
202,19.29,21.642261886123062,13.281219697394484,34.898336009305616
203,18.01,21.099787572706408,12.191852844803732,36.02289712480605
204,16.139999999999997,19.567454210930745,11.115540605041344,33.91550121525008
205,12.809999999999999,18.292126162473746,10.36762918409097,31.740875501963025
206,13.899999999999997,13.986084029728735,7.034985722950005,26.950605301590535
207,16.919999999999998,19.874451351888858,10.381146378716549,37.28636454911437
208,13.14,17.962789248568775,8.543349131679891,36.67936927843888
209,12.840000000000002,13.977487732949063,6.632157109798947,28.39210180862603
210,11.83,16.90158604774978,7.424058420133235,37.04185192484944
211,11.01,11.965965840200898,4.9929305210160795,27.052431040157142
212,10.869999999999997,14.71358341429532,5.730800150754296,35.68459888685685
213,22.349999999999998,11.401161959226817,4.513379909142673,26.893745846164336
214,14.219999999999999,33.89680624148716,15.593600735155103,72.38895911096024
215,11.98,11.878414720708811,5.469530961672305,24.636103560079103
216,12.840000000000002,15.68937914398252,7.749757741480003,30.833495788248545
217,13.279999999999998,14.58290957943296,7.4981318336762435,27.574170854647463
218,12.2,15.262342724663768,8.184458866622222,27.794705788876445
219,12.14,13.52432026026525,7.446482193424298,23.975590333569123
220,11.559999999999999,14.12680881174896,8.022120315851376,24.36214734635949
221,10.680000000000001,12.881092413370125,7.45497869492997,21.789498772370067
222,13.419999999999998,11.874087332178679,7.096044744801242,19.47198723092439
223,12.319999999999999,15.595881334106682,9.630349541179056,24.90914590238415
224,9.760000000000002,12.893411223165888,7.959101697403463,20.545338130488584
225,9.389999999999999,10.718960317376952,6.561771377430048,17.16162167110244
226,8.850000000000001,10.895220999275475,6.688286662518515,17.40413720672235
227,7.890000000000001,10.020794213129408,6.113620279436017,16.073993313820242
228,7.4499999999999975,8.922615434547374,5.391455545642065,14.40467525101545
229,7.199999999999999,7.9041339169692435,4.778309437418044,12.720899108987279
230,6.830000000000001,7.497440995120078,4.518318250247947,12.084874809875807
231,6.56,7.187179520818487,4.249052757295955,11.769905658300154
232,10.38,6.9420464425333135,4.016877699231102,11.572780417793169
233,10.939999999999998,9.501218007948012,5.506712370367983,15.947972089968843
234,8.05,10.956003799720165,6.261702598460087,18.6849189182212
235,6.550000000000001,9.236274407062137,5.036828673506184,16.3570129953379
236,7.4499999999999975,7.987944154748906,4.170967855181352,14.622440980355284
237,6.290000000000001,7.99134970206012,4.089069427914094,14.88588456296087
238,6.800000000000002,7.14964860207146,3.5661932043154962,13.545326788729614
239,7.58,7.210937246974533,3.5637183223751716,13.77292981541102
240,7.27,7.753954336702922,3.7444632498439114,15.151820025500463
241,7.35,7.681572346152178,3.642136867489821,15.235992292538647
242,6.550000000000001,7.721644051404654,3.6208102672099036,15.461847719476339
243,6.3100000000000005,7.200325000956006,3.348146960483529,14.46528457580611
244,5.93,6.8498422143040685,3.1404115101292307,13.882584167955544
245,6.880000000000002,6.055567342589279,2.849306451954903,11.932467483988088
246,6.01,7.465764538076069,3.7335394130673363,14.140714581629446
247,5.580000000000001,6.191725704417102,3.0702224976481745,11.707147738841957
248,6.570000000000001,5.8998567009204095,2.9612815699282593,11.018338422254214
249,6.6800000000000015,7.142851541843699,3.727432741638121,13.025801075602471
250,13.240000000000002,6.913213965859476,3.609273262737336,12.58542913385126
251,12.860000000000001,13.206600322913314,7.266224741134728,23.415921300888222
252,9.15,11.12864374007231,5.949325334024616,20.16809789482136
253,8.610000000000001,8.274932403061092,4.158607406532378,15.675890274654236
254,6.440000000000001,8.495392879782075,4.172015446954237,16.43275650781596
255,29.050000000000004,6.507145118913753,2.956542975494118,13.244058054087573
256,38.599999999999994,12.88436705304306,6.070732749781431,26.263885552680044
257,72.01999999999997,10.896366877243693,4.8656472165717854,23.12752415081233
258,35.879999999999995,64.62700502885649,32.72166778136153,126.7191809427067
259,32.49,27.66682573904213,14.492905489669278,52.04278777796578
260,26.500000000000004,27.38451415032591,15.031767017999915,49.255261484617456
261,15.330000000000002,22.85420935649497,12.982867067908927,39.694322649281034
262,14.349999999999998,13.80791269493329,7.861323378880378,23.74509382011422
263,10.070000000000002,13.511995091751336,7.885246481531546,22.701987556648422
264,21.17,10.009442582032959,5.812556904147831,16.791825840498017
265,28.48,19.242502364189868,11.797026948509092,31.01985145557351
266,24.780000000000005,24.768934262178643,15.61176844424908,38.97394830279923
267,14.599999999999998,21.654300963428625,13.851973050221632,33.555499825253484
268,39.489999999999995,13.497797872479143,8.622139942983768,20.84401228798625
269,23.140000000000004,32.21585316310465,21.12333704298585,48.87009415483841
270,16.500000000000004,21.000078577833875,13.802027304068764,31.698457278066414
271,11.479999999999999,15.776665080071467,10.434634007310292,23.614385648806167
272,8.11,11.818433956023918,7.833836869221868,17.600326394687034
273,5.990000000000001,9.013899527007057,5.965266701199945,13.39689074931139
274,4.789999999999999,7.069652663081635,4.662422068569846,10.500254363629182
275,5.789999999999999,5.885658245532306,3.871468609542754,8.732648052250765
276,7.140000000000001,6.902560718858295,4.6284637359925656,10.09547273368532
277,12.48,8.247564353309901,5.643386529807629,11.872568242854335
278,9.019999999999998,13.004100884963826,9.12702678756749,18.365490554148263
279,32.720000000000006,9.805647063484994,6.8615364027164345,13.85231416345748
280,29.88,26.290436768991416,18.812193307986522,36.59139270774701
281,15.66,24.094486909493796,17.139648858526545,33.71584693629553
282,10.750000000000002,15.38998960296772,10.747144342587216,21.867835054304436
283,8.220000000000002,12.111879540142356,8.3372871607367,17.412348481487566
284,6.58,10.020347072357398,6.817631801589494,14.535145767612544
285,5.32,8.575756792209164,5.777685400061264,12.528972315934155
286,4.5,7.132865520605046,4.769073827641001,10.46518549638543
287,3.76,5.90619883824323,3.8983262509744163,8.737118344018864
288,6.77,4.907498278886594,3.1895256557321163,7.329949207328482
289,30.150000000000002,8.032884809949042,5.38935273581598,11.77015237121479
290,32.220000000000006,28.857750662871435,19.94748544775992,41.558104497527324
291,28.289999999999996,23.824308127096515,16.307445846734282,34.60584730099321
292,22.869999999999997,22.19407237834092,15.08098420143775,32.45348684837458
293,35.02,18.5974434913836,12.626762056616275,27.184229665292996
294,80.37999999999998,27.97165138731048,19.133258449675917,40.69005162308242
295,41.31999999999999,59.8057933318582,41.0204589466442,86.98915088984117
296,28.950000000000003,28.302235061375516,19.222252242176047,41.45921617975581
297,52.10000000000001,24.114666279397184,16.244851543441577,35.575928806146806
298,32.46999999999999,42.74641968178776,28.875052125265057,63.058440030525276
299,19.990000000000002,23.341363474605558,15.551945983485442,34.79651458469144
300,14.909999999999998,17.959959410955452,11.835094023942121,27.007590765951313
301,11.269999999999998,14.324858757128471,9.299546948279174,21.80209965596357
302,9.280000000000001,11.467062892084467,7.283897520857975,17.76262432796147
303,7.870000000000001,10.00959884706058,6.242472362714013,15.736172497836844
304,6.660000000000002,8.726088607894743,5.3347588582873335,13.932975623036597
305,5.76,7.59201728031276,4.5418514240359125,12.320956354948766
306,5.2299999999999995,6.73106308958134,3.9377521098197867,11.104564013293162
307,4.700000000000001,6.402897514669413,3.687352952808805,10.691650311901306
308,4.42,5.787557765539762,3.266648694292881,9.797922144882504
309,3.999999999999999,5.881175703314623,3.0883243034112384,10.581903867161143
310,3.5299999999999994,4.78944289965425,2.173794729370927,9.560748865759347
311,3.0600000000000005,4.262389833003784,1.709962700829808,9.21886638735725
312,3.3499999999999996,3.625753199751755,1.2162827946162142,8.654721282406989
313,3.83,4.418236712674467,1.4772463032157517,10.85077520812697
314,3.2799999999999994,4.541880469231686,1.4308050258875364,11.634678144964703
315,3.4800000000000004,3.4758124111258475,0.9007667108470296,9.539376886846364
316,3.2300000000000004,4.431435328533919,1.2340051681614268,12.205202095537267
317,2.79,3.3392912950815967,0.7460228980399979,9.784193589160813
318,6.570000000000001,3.2416031944272925,0.6428206180111444,9.951407269745971
319,10.169999999999998,11.753623825757433,3.640715410543602,34.04953575032404
320,56.340000000000025,8.663578420576695,2.3260533635862943,27.076743720655188
321,31.859999999999992,82.62501652803758,29.106868780612068,231.27733977496652
322,27.229999999999997,28.244264481597725,9.909017797060125,77.39633420527683
323,16.980000000000004,25.120573748596495,9.028409982265261,67.03514955635575
324,12.38,15.724553323618988,5.586241168466537,41.4689404350645
325,9.29,12.215331274017345,4.386795796510499,31.420939511973664
326,7.9,9.463181524807748,3.400106149816267,23.88080148376639
327,14.88,8.202997689629747,2.913240421749838,20.643231017597
328,12.030000000000001,15.311968094327955,5.963630664317852,37.20999647120689
329,9.8,11.656196946821415,4.45476537131001,28.365024937500337
330,7.6999999999999975,9.683733478046307,3.5968151878267056,23.830704817587385
331,5.76,7.734852678245868,2.719541635562167,19.512648811666683
332,4.4,6.01619362232959,1.946143943829218,15.708950371934716
333,3.6400000000000006,4.804541746527986,1.401418183145771,13.030336375253865
334,3.17,4.112029142046624,1.0867859718669783,11.523010170397955
335,3.4000000000000004,3.648623626221559,0.8749551305400438,10.525450004790793
336,13.59,3.892530899952841,0.9663878704215731,11.173009693078273
337,37.989999999999995,13.47915787075359,4.771740661699223,35.322840012095256
338,25.210000000000004,31.900953372112788,12.329088284559637,80.21131090772897
339,18.74,17.399942701599727,6.542062224996444,43.88929967987802
340,17.75,15.143720436642031,5.687861461171225,37.96906523102709
341,14.640000000000004,15.023448930060312,5.709133342006152,37.268864624693514
342,11.159999999999998,12.509163258335171,4.706244110616921,30.982068835926913
343,9.03,10.05130518907973,3.7282606460956096,24.830079076336727
344,7.640000000000001,8.709712148506894,3.1590821048416426,21.668105036231786
345,10.230000000000002,7.7947282037102585,2.716855642585805,19.809859627296806
346,10.59,10.646398211220085,3.9516446388206363,26.392634404922934
347,9.369999999999997,10.243035029911619,3.863146270292942,24.992604305567273
348,8.08,9.362862429426134,3.541251027274053,22.647430429687862
349,6.6499999999999995,8.431051528066316,3.17626797392282,20.297659412763952
350,6.6499999999999995,7.597022513996853,2.8648149237999787,18.12350204689747
351,6.740000000000002,8.01125729164888,3.213227817644917,18.27328914810149
352,7.280000000000003,7.404951126110154,3.060082560191553,16.39944998285144
353,30.640000000000004,8.351241565034263,3.5380655701531634,18.269381954891646
354,49.1,47.0535455514047,21.196480193677317,103.03195551332
355,28.219999999999995,26.546515201471014,11.365387240950115,60.365688349163996
356,18.61,19.4959948982774,7.948065160838141,45.94711083561945
357,13.229999999999999,13.968163670901731,5.47424214897841,33.60573740113432
358,9.809999999999999,11.689832381909186,4.405243291414284,28.791784976031465
359,7.609999999999998,9.008994960594489,3.2070798168390633,22.812236630317805
360,6.550000000000001,7.863012009185022,2.657645717734029,20.476377959214364
361,5.21,7.0335532329492185,2.310690988839257,18.4938089251441
362,4.529999999999999,5.539294194995081,1.7060958374669632,14.802237295750777
363,5.86,5.381354313831153,1.6304056792643329,14.481141635171813
364,15.05,7.632270679107604,2.5580317991876,19.94306663993139
365,50.32000000000001,20.794865329584958,7.953674591865868,52.05264892765721
366,33.160000000000004,54.11107444839436,20.59809982443116,139.62489531698697
367,32.27000000000001,14.585070555128214,5.12128568160373,38.68029542197219
368,38.27000000000001,32.22779920357761,12.15941582894381,82.90088543937198
369,27.309999999999995,28.39224524087393,10.910786548305504,71.53123685795377
370,23.32,21.24306741553787,8.154161477418944,53.04689979225279
371,45.04,20.44793810232807,8.040107898079683,49.88590247236024
372,42.57000000000001,49.30827999636239,20.536279280032367,116.51904789510105
373,26.84,26.998157421374106,11.207080683401434,63.216567361428915
374,19.930000000000003,21.579796665744247,8.893286738197048,50.534664966080776
375,16.899999999999995,16.963102143512273,6.899531198870275,39.84711237856763
376,14.689999999999996,15.976904182804812,6.7023037647360715,36.41935977021435
377,12.0,13.974621952380518,5.797278145304808,31.98957285889631
378,10.080000000000002,11.870000807123743,4.847593522614385,27.325655696620924
379,10.070000000000002,10.554425773934048,4.372134705690912,23.85134165081985
380,9.17,11.3100944194465,4.924485394030355,24.578326983197798
381,8.31,9.60262610688685,4.250620379093607,20.40998058249346
382,8.400000000000002,9.360923303898112,4.257086583015058,19.419814285746853
383,8.77,9.744886679257922,4.50531941017393,19.9710974329184
384,12.240000000000002,9.939106354593095,4.6479978531365145,20.186985361661524
385,14.849999999999998,14.983775641183733,7.229070419218994,30.04616569461143
386,16.899999999999995,15.364709802983246,7.26038555209843,31.42024542883768
387,43.32,17.77642968244278,8.376852792181552,36.59836263118891
388,67.64,55.206886979163784,25.91575297563877,116.37416919927412
389,45.980000000000004,51.84517987959693,23.333537214497145,113.76395773826111
390,32.77000000000001,32.43285249609827,14.253544118666968,72.27842089222915
391,28.740000000000002,27.349927929977312,11.818655383959369,61.69912011525333
392,24.56,25.593386989782413,10.800361359827372,58.93106567023594
393,23.140000000000004,21.656954288495342,9.019008004830928,50.23636765071435
394,20.219999999999995,22.270019358122227,9.194495745682516,52.116290833385435
395,63.21000000000002,18.307125214701752,7.1491292015356205,44.742934593051785
396,245.24,79.81949585495126,33.71249097005995,187.16831427863397
397,65.02,256.41080408154784,83.64653964002898,781.7883140845463
398,35.83,18.973718143882973,5.945125210553452,56.44308481077593
399,24.310000000000002,53.18274198701242,14.227078287172137,191.79926679725295
400,19.46,11.594873242202393,2.4613893986930035,44.82865829745817
401,16.219999999999995,23.368915270912098,6.42973000770461,78.92807691061155
402,15.139999999999997,15.683322033959282,4.602648135203418,48.678871021709405
403,16.41,17.7214767231918,5.835578305987915,50.2749141341827
404,13.070000000000002,18.21519245513739,6.520132592493356,48.09802008764184
405,10.960000000000003,13.474263574484356,5.027559160432363,33.75773533653989
406,9.989999999999998,12.77929696957269,5.045256484286032,30.407935373663367
407,8.800000000000002,11.567512978882652,4.809333570233231,26.18769383181467
408,8.13,10.335325627258886,4.467566460864517,22.500328344554887
409,7.750000000000002,9.82864719418624,4.407320374284618,20.6853435601494
410,7.419999999999998,9.331974770950692,4.307476855208452,19.113079261533393
411,7.0500000000000025,8.986749754762862,4.251853806971581,17.99046971411552
412,6.599999999999998,8.529018143326585,4.0860268024304185,16.85326548661842
413,5.87,7.968467036091987,3.8212126715844406,15.683230227849503
414,5.489999999999999,7.068632853385697,3.3594919415856452,13.933583315457543
415,5.28,6.8529107681793135,3.2726333007504085,13.433302179748436
416,5.13,6.5524014843843466,3.126331540714072,12.823118093768148
417,5.17,6.414892872939189,3.0459098595279315,12.589189632509363
418,5.61,6.392833617559891,3.021455735278205,12.590598155158533
419,6.6800000000000015,6.879586184280379,3.309282421090705,13.407939041458187
420,5.89,8.08497408319592,3.942195073403946,15.700424177205573
421,5.45,6.364626762388601,2.9770438738818634,12.637699022000154
422,5.4799999999999995,6.353740355772518,3.005000244004397,12.502495362159568
423,5.669999999999999,6.3212751163951175,3.020228981857705,12.332839888432888
424,6.749999999999999,6.522981518400948,3.1643689545734173,12.590354635616007
425,6.400000000000001,7.892406809723807,3.9584265125302673,14.947579069649395
426,6.19,6.750556655296435,3.3585755500466234,12.782284550813234
427,6.610000000000002,6.584001342558107,3.224290311058584,12.615796294433585
428,7.59,6.8583128179599635,3.0802162575331717,14.134756700922686
429,7.140000000000001,8.446735713489852,3.8846489917829388,17.269647581770453
430,8.23,6.561232702167615,2.8636563802343606,13.797444272945679
431,7.35,8.87721958474805,3.8929257603494154,18.93888145941611
432,6.490000000000001,7.181520653072079,2.918291577330346,16.083282056883434
433,5.700000000000001,6.4378011312701116,2.4558703544945746,15.007801217535459
434,5.4,5.617521553983138,1.9742250247060436,13.723698157895608
435,5.2299999999999995,5.438482529009677,1.8484771604889958,13.553059386035752
436,4.83,5.278606770229048,1.7277060684197778,13.45203478174005
437,4.44,4.850439923485633,1.515743806579526,12.605378738803863
438,4.11,4.493484362748613,1.364681537647062,11.762128837776627
439,3.6799999999999997,4.192512493844936,1.234412566234909,11.066789457852149
440,3.38,3.7264643026789566,1.0326327548372474,9.990408745177971
441,3.38,3.4408371805164952,0.9113076836850906,9.318084854781006
442,3.41,3.5017904936097946,0.9332428159996982,9.482965450915549
443,3.7200000000000006,3.5192258359247663,0.949040949028287,9.478693208714875
444,4.32,3.8994574456721818,1.071366879722511,10.58881292201039
445,5.2700000000000005,4.534965244867503,1.3444569511119666,12.067350307865848
446,6.470000000000001,5.503476530467974,1.753251989720312,14.361909167872527
447,6.950000000000001,6.64090922163357,2.229056941749747,17.08066404106468
448,6.960000000000001,6.8219975676043,2.3267595911314283,17.391363809610024
449,6.300000000000001,6.785134604125672,2.254299150378347,17.62407787474259
450,5.84,6.027726542310061,2.058730105160541,15.146877513044615
451,5.53,5.754212512873925,2.0307073772238344,14.052389093021125
452,6.21,5.466048293402075,1.868447842176475,13.575750661334714
453,11.74,6.389889581224098,2.350462009185615,15.299384345491639
454,13.079999999999998,14.113660714145537,6.329504158255492,30.164828513675797
455,12.229999999999999,11.312120618606595,5.2980175742256765,23.06921103991283
456,10.220000000000002,11.533719465772073,5.785663700871977,22.150885539241614
457,8.719999999999999,9.088881353348805,4.709845958715689,16.826317504517018
458,7.460000000000001,8.146301888061565,4.371566018440676,14.573640525010788
459,6.490000000000001,6.96339184204233,3.819180392151253,12.159003081351349
460,5.9,6.257642359902995,3.4819777704556856,10.752261015543365
461,5.260000000000001,5.766000552669053,3.251784532078572,9.766952824944317
462,5.22,5.142046799989088,2.8692988447921057,8.74976097905488
463,5.62,5.405771224714662,3.0484179500130493,9.135787729932902
464,7.340000000000002,5.806168119217777,3.2502087908602286,9.899211485015218
465,11.240000000000002,8.019143536882853,4.601551804186135,13.521859831431938
466,13.87,12.379839046047145,7.3212284352183765,20.513661629628086
467,13.449999999999998,13.327033130373456,7.886587433553629,22.098166743264276
468,11.87,12.304707284167302,7.024324366588106,21.059830563983084
469,10.919999999999998,10.729124413431665,5.874982295534242,19.010576550156518
470,11.879999999999999,10.310075116195366,5.603995616097611,18.369758335722512
471,13.670000000000003,12.0425997028093,6.678964352778774,21.15264965335645
472,14.99,13.68136547468855,7.6359063539169085,23.95887326332752
473,17.830000000000002,14.685249541409538,8.343438029989542,25.331533680281012
474,24.540000000000003,18.557964035221733,11.008160825223946,30.85449984976305
475,26.209999999999997,27.016405321802235,16.490324823958787,43.87732360923923
476,27.849999999999998,23.829197911026803,14.641222114739938,38.41437979606289
477,27.540000000000003,28.286295657467956,18.098588956488925,43.908402149008985
478,28.440000000000005,25.327045306863173,16.772727048502656,37.998703614706145
479,28.619999999999997,28.373492911090644,19.583811776508224,40.91653592473024
480,31.379999999999995,27.056619385338,19.28366026457907,37.80827627094254
481,35.33,32.09153279469159,23.523604037063592,43.65287977440642
482,34.82000000000001,35.339515125344356,26.43855758493391,47.12790743308718
483,33.14999999999999,32.80721375235356,24.87340739167753,43.17383780943205
484,31.28,31.628113026936916,24.202628740904125,41.24137770083975
485,50.86999999999999,29.515174539274792,22.541090932141632,38.555340907800975
486,38.97,70.0807076924804,52.417060008189694,93.58526929953123
487,35.45000000000001,33.57624498774739,25.45758149496902,44.18616781658811
488,44.21000000000001,34.55512886913664,26.691871138953175,44.65120148644107
489,32.690000000000005,45.62473717641608,35.76191835801854,58.13364192801193
490,26.60000000000001,29.961655472721556,23.727317404789975,37.76781673962788
491,37.78999999999999,25.29964030381723,20.195493801624284,31.63293068723705
492,33.230000000000004,39.408927636569516,31.867161868465665,48.68124230720926
493,34.49,32.0433475819694,26.12696255653878,39.25009498011993
494,45.59,33.79221712054974,27.79112257271529,41.044153336022994
495,57.029999999999994,45.12886551754653,37.415093857814966,54.3915667058304
496,62.720000000000006,55.59609620893539,46.330701379478604,66.67527234404905
497,67.83999999999999,60.57786496860098,50.46125286504227,72.6832712572191
498,63.660000000000025,65.5835457579739,54.58215610224159,78.76244314000996
499,46.589999999999996,61.78016536236443,51.31535159401956,74.33829063238827
500,39.02,44.96717693026015,37.23615172472767,54.26134978618564
501,37.97,37.560360063705666,31.019116260420027,45.437926523307546
502,46.580000000000005,37.002692824674725,30.4118319372036,44.9764545033139
503,48.67999999999999,45.47628724582124,37.076355910483365,55.7293067969609
504,43.69,46.40086605308345,37.247303557795156,57.745111251756
505,45.21000000000001,41.8604372363667,32.76752377052188,53.40188900366435
506,44.61,43.38197626239055,32.68348037774545,57.47851216279927
507,39.91,42.85634272752704,30.968305877971968,59.165177497242176
508,33.82,38.974478893960644,26.72073150840648,56.644906028512025
509,28.590000000000003,34.363353391732566,22.131972132893257,53.06226308436016
510,45.260000000000005,30.951954416916344,18.790085996990065,50.58781984150932
511,55.279999999999994,49.90538623948423,27.988345996908908,88.39310812929419
512,48.309999999999995,46.900168478401376,24.338612706884383,89.55058249640685
513,46.83,44.1331729950877,21.226075741288888,90.64925596021507
514,62.51000000000002,44.377813937651645,20.091069133716005,96.63118145909434
515,102.63999999999997,58.14858255546896,25.320096556067835,131.92332765073283
516,92.47000000000003,85.12143303023122,36.72713682571811,195.59327081838322
517,50.44,64.08085467649236,27.12613282312186,149.590117456204
518,39.56000000000001,39.5074079315895,16.537901833581586,92.56022817930811
519,36.08,42.993383686376454,17.922336215111038,101.28218049688515
520,33.940000000000005,36.440648376098444,15.450052930359117,84.21566202596043
521,30.010000000000005,38.14694995361948,16.226230509075418,87.96221897552225
522,37.47,29.926998726001745,13.105256197108474,66.81012955965932
523,34.78000000000001,47.01596888750705,21.170236506388104,102.9922721411534
524,36.46999999999999,32.42168396730837,14.872784976076375,69.37258810562889
525,38.68999999999999,43.05826346051303,20.348005460733177,89.92795965067697
526,55.26999999999998,39.33361174567845,18.911424004212098,80.7018529717912
527,56.00000000000001,61.28346980149125,30.176660112310902,123.42739525461423
528,54.68000000000001,49.33821714088964,24.46051800465583,98.52413790088595
529,53.739999999999995,53.700276106928115,26.9231106229345,106.15569073155511
530,48.279999999999994,50.40785198618838,25.37905383697758,99.18430767707372
531,40.2,46.10506840290748,23.310242219865685,90.27377050276267
532,41.45,39.5891278903698,19.969849655119702,77.56409702482397
533,36.370000000000005,44.11510058527713,22.403253661036697,85.96962953524266
534,40.9,36.55978870224712,18.555240345235724,71.14116024409542
535,53.68999999999999,45.243563764920424,23.135044052317028,87.60423809646875
536,61.829999999999984,53.78657106152268,27.703398293173105,103.57188162954125
537,74.76999999999998,57.46307110329419,30.221740787934856,108.47277751244532
538,56.439999999999976,69.32308071169645,37.521529314646166,127.37848779029446
539,66.19999999999999,46.71119094699318,25.63829070268962,84.45434716464759
540,81.99,65.91265946291006,37.02994411894201,116.73101696905476
541,61.890000000000015,72.13404017034944,41.527231191607605,124.76854127982318
542,58.120000000000026,52.236161980756485,30.54562417641176,88.84095310944998
543,55.400000000000006,57.39166739811351,34.07903127800666,96.19729129662728
544,44.04,52.43192260044101,31.54384892326651,86.72688072363871
545,43.879999999999995,42.954223089931745,26.260543278228095,69.87069790654098
546,55.56000000000001,46.93384355832839,29.150571759840464,75.20596307678305
547,54.370000000000005,58.20991221958869,36.92055639529371,91.45153653617014
548,56.60999999999998,52.35671779382553,33.60384886615039,81.27233174962872
549,45.730000000000004,54.88147224466391,35.88018654383386,83.6725364721141
550,37.57,45.19607265528489,29.87097203132799,68.12892560061569
551,32.27000000000001,38.77217574161138,25.835634988978548,57.944979832647114
552,35.68,34.39969302972852,23.068091205406084,51.0663751813245
553,37.84,38.57926358952559,26.075264830978995,56.85790521600979
554,31.260000000000012,40.3491558345251,27.41322817157043,59.174531309982456
555,35.94,32.84019951279854,22.3721678359902,47.99670031046969
556,51.370000000000005,40.98417416348972,28.099808669685792,59.573280745535236
557,41.56999999999999,54.5701975736127,37.70340173409092,78.78747913649984
558,45.60999999999999,39.45066877181106,27.363842483449698,56.68811489633415
559,33.64,47.66968173668939,33.260897928908356,68.13823231562078
560,30.62,36.35818353113116,25.505717738743755,51.65406847314544
561,34.989999999999995,34.10653584937974,24.045228889853117,48.20972632209043
562,40.96000000000001,38.107804250447955,27.0307096845983,53.562312923946685
563,39.16,42.75970066693868,30.48374464532305,59.82222505716253
564,35.43,40.48300935000885,28.940514480515372,56.475300427880306
565,39.25999999999999,37.17802802268893,26.632654172770867,51.74780390576805
566,46.61999999999999,41.05903009321007,29.55392076808252,56.89639980442238
567,48.17,47.04260505532125,34.05467461874613,64.84262799767323
568,43.379999999999995,47.94065931659837,34.85350743274995,65.8048485587073
569,33.67999999999999,43.877623803061695,32.00836392454221,60.01487255815461
570,26.410000000000004,34.87881915940503,25.50339794374539,47.570740514315105
571,21.01,28.819254473359752,21.107605328729374,39.220906974101986
572,26.25,22.277592542165287,16.238772047265122,30.431839406741922
573,36.220000000000006,31.477994961025345,22.98663961566238,42.975320161129595
574,34.3,39.62522069733053,28.959342151757117,54.08827758456026
575,30.63,34.604170883538245,25.122509776672736,47.5273809883384
576,32.71000000000001,32.56044165227648,23.47540151376712,45.017763723398865
577,38.29,35.2690228384041,25.296649649617915,49.02317919506492
578,28.689999999999998,39.6457659987966,28.363166063491995,55.26362940755911
579,22.659999999999997,28.680268154802214,20.291345253422374,40.37447903153829
580,20.96,26.635684964024495,18.700006758392405,37.768062001067705
581,19.74,24.843713725960303,17.286979183770903,35.52312021780645
582,20.44,23.097962741198366,15.947572599160459,33.265190774574506
583,21.960000000000004,23.73286216320089,16.30958551805033,34.3396371129743
584,23.370000000000005,24.742492984331527,16.951270622603428,35.91526683431235
585,16.980000000000004,25.715757026893975,17.585885242394443,37.40181213924701
586,14.419999999999996,17.528099103569133,11.879936173060306,25.653117824427277
587,14.599999999999998,16.143034585782146,10.884686594314514,23.727924668195545
588,13.820000000000004,15.856143036977379,10.646630957585796,23.39585826302661
589,10.35,15.480989261238392,10.325759318827519,22.98276348478634
590,8.009999999999998,9.069036376304734,5.839870902239998,13.822720340254538
591,7.959999999999999,8.436395016482589,5.124587370316941,13.539028594589128
592,10.970000000000002,8.589126608766957,5.165001531601002,13.915056978920726
593,16.190000000000005,14.035371309063349,8.645923990774632,22.436053468554338
594,21.65,18.756599225993572,11.685832784790376,29.768434331288535
595,17.999999999999996,24.531114333882517,15.518290028755537,38.46157852871225
596,14.789999999999997,15.345628706370114,9.474998309916696,24.506407724531226
597,13.569999999999999,15.491727181544512,9.60133711817336,24.654977518284642
598,27.619999999999994,13.381973038500988,8.214913655905347,21.44634688981767
599,31.51999999999999,39.80043918962393,25.76087904662592,61.205573858983044
600,14.339999999999998,27.04452181399027,17.699048849637688,41.06070640810242
601,10.970000000000002,11.66857671571727,7.491866521508609,17.899594758762376
602,8.939999999999998,13.151781240492765,8.386015094488847,20.337373769658267
603,7.979999999999999,8.91573705541753,5.5747243022108375,13.954519282142117
604,7.35,9.759420356239342,6.058494712790565,15.400823562633224
605,6.7299999999999995,7.83966880498949,4.845676310981426,12.36710081519815
606,6.09,7.783953694293277,4.797915957269125,12.307858042811409
607,4.86,6.642822274896226,4.044283001275176,10.579987148001688
608,4.83,5.157321133846859,2.9766603211998697,8.533779725465182
609,6.26,5.835347978075559,3.4370023729572727,9.530078204632852
610,8.260000000000002,7.772789798064295,4.648103370792132,12.626138862651034
611,8.07,9.676357968794152,5.782552791013843,15.805563183946287
612,7.849999999999998,8.093111450731017,4.7511804471645975,13.376992100148781
613,8.330000000000002,8.739758763442559,5.126046442806562,14.485174925738246
614,7.950000000000001,8.95437422393614,5.322824607125203,14.671724640044586
615,8.15,8.204989116960816,4.774569989722307,13.673270008706172
616,5.96,8.998234379722033,5.213771016334769,15.087604523737408
617,6.830000000000001,5.2380567896101375,2.7755564719259533,9.30665354888759
618,7.4499999999999975,9.091679287493669,5.116531325431503,15.650285173589637
619,7.039999999999997,7.39757277393646,4.117698742258536,12.779480200985304
620,5.9,7.667969362152208,4.278654880904875,13.233492160095494
621,4.37,5.902791682405098,3.200362849076547,10.343908781870255
622,3.67,4.529493013508942,2.355674860943478,8.111518324468324
623,4.459999999999999,4.085662696222938,2.1031540678651366,7.3347344328111586
624,6.38,5.632700919385045,3.055965929684188,9.84642283704702
625,5.84,7.534969432470323,4.268679450389818,12.826178627703968
626,10.319999999999999,5.464655580010572,2.9684611416914954,9.530976687439287
627,28.54,14.006390218644576,8.274474856554553,23.280808442224814
628,14.339999999999998,32.25688483253058,19.573903273758297,52.75841297819821
629,7.849999999999998,6.552547355554866,3.5647576758802693,11.495947344433569
630,8.36,9.186314716025427,5.011134186732621,16.261469178800002
631,59.029999999999994,7.93322547500741,4.258595269311613,14.175634042999485
632,99.66999999999997,59.510073695971435,34.23713227089654,102.90939281162835
633,87.13999999999999,45.170488671503826,26.255458717365844,77.2123700896378
634,63.59999999999998,61.67893357900473,36.8564965427291,102.77739815851612
635,41.18000000000001,42.938895608782154,26.161425509547925,70.07972100509937
636,28.370000000000008,29.761715119149155,18.387195645625955,47.80969555208391
637,20.939999999999998,22.212493513155746,13.913124295003158,35.13058165677842
638,16.02,17.505323262261502,11.047074370540114,27.425738773408398
639,13.2,14.05752972732121,8.90550958041349,21.8892011711827
640,11.91,12.284796677641499,7.815396858949022,19.02017896529679
641,10.869999999999997,11.61224706606732,7.445876151574046,17.833898721789605
642,8.939999999999998,10.798348070960825,6.95320056395435,16.502515633069105
643,8.11,8.875721003920438,5.670217258325498,13.621692453201947
644,9.17,8.613484336240756,5.524208297577602,13.16556260434864
645,9.27,10.13009342165273,6.5888515128341085,15.323811233520093
646,9.699999999999998,9.542678545625266,6.214947152245776,14.40525087308374
647,9.49,10.396767663326406,6.8353725621407095,15.576916048565792
648,65.97999999999998,9.683410226483527,6.3659701181007575,14.494938512832508
649,41.35,91.71999576633773,62.50114827385982,134.38334106705645
650,61.05999999999999,24.06901781724682,16.213163316775535,35.51017786538752
651,59.34999999999999,49.41387128625958,33.4994273850754,72.66958267739358
652,55.91999999999998,43.946893692986755,29.652286792118648,64.9077499290557
653,36.16,43.49590428631055,29.66203098728265,63.5712444514091
654,60.010000000000005,28.658032030986174,19.478284268858484,41.952761686613364
655,44.620000000000005,50.20908850950682,33.940176325316415,74.05316291361777
656,39.04,34.70290782673076,22.9695615531333,52.179847468565974
657,45.050000000000004,33.188839074865385,21.572328935374436,50.78361172361022
658,29.43,38.39715049541041,24.567475428913575,59.70741992002652
659,22.809999999999995,26.859574703946,16.837997037004364,42.51138197156535
660,17.79,22.809594406075046,14.03048205899401,36.71647399975291
661,14.900000000000004,18.63853007088925,11.2577152126975,30.46360122200524
662,12.720000000000002,16.48386276298425,9.778442052002118,27.36082020388888
663,10.369999999999997,14.419410684263706,8.475025034159495,24.093150149241442
664,8.850000000000001,11.832488771566227,6.714783574835062,20.345092376864756
665,7.969999999999999,10.258045614575721,5.656028631520689,18.041923957426064
666,13.240000000000002,9.336680341862376,5.031583199504536,16.714579564884566
667,15.73,14.048626614866256,7.686634093718263,25.070070472684733
668,25.440000000000005,16.285293063186895,8.88302550807881,29.231770224211225
669,19.930000000000003,23.721631470959007,12.938787551309412,42.84592708197912
670,15.740000000000002,20.120695417804217,10.777919844058905,36.8745806422407
671,13.809999999999997,16.529847323800613,8.697286233126848,30.688818893064
672,26.910000000000004,14.673278626654469,7.631874987813177,27.45866781615403
673,138.82,24.11317830985742,12.79572925014933,44.714997256550724
674,132.15000000000003,104.4436339795011,56.603959152747436,192.01381554904293
675,47.489999999999995,93.21134146965302,50.22948125223211,172.25525546142123
676,29.809999999999995,34.89440792414381,18.475964302813182,65.15377293738082
677,21.090000000000003,27.23514373140597,14.264058564741102,51.2287921100279
678,15.989999999999998,21.471998890293474,11.113731778652472,40.68746207632526
679,13.760000000000002,17.836080486982468,9.157700528477998,33.92896124643317
680,11.049999999999999,15.862780811123827,8.24146382451502,29.769300414258616
681,9.869999999999997,12.554809260856867,6.527060393430215,23.4096426087636
682,12.97,12.043897389253782,6.313997228217187,22.26269121964853
683,12.419999999999998,17.277328258003575,8.967907144662801,32.51362762540228
684,12.5,12.88876887345252,6.490799027053436,24.751311725694695
685,15.600000000000005,15.68264994723226,7.66489901162042,31.119336750335847
686,37.650000000000006,17.852136104878035,8.420397729119067,36.726967155353954
687,51.669999999999995,49.751240286106125,23.06720078136118,106.02068819622849
688,33.940000000000005,37.32888510216676,16.19781603310507,84.4238369771568
689,26.15,26.740202023960947,10.83891724574,63.99908668650113
690,23.96,23.875578077717034,9.360826090340463,58.72442537931473
691,19.02,22.689512998895555,8.67899652361259,56.98049671324625
692,15.27,17.3763028900703,6.489413111747355,44.08878103918878
693,15.069999999999997,15.65511602942724,5.765149954742245,40.00321379561394
694,16.269999999999996,16.454341066510477,6.029233412760625,42.341002379152165
695,13.640000000000004,17.538136189040824,6.3280154725523055,45.89707529284586
696,12.720000000000002,13.08281386220996,4.359983203932712,36.00116935667598
697,12.76,15.184589287594644,4.889654852480068,43.4747505531369
698,11.219999999999999,13.33293062207616,3.9969201209612155,40.11190398171327
699,12.729999999999999,12.639906942930427,3.558671617259673,39.81168310246463
700,12.19,15.713290023291378,4.409778999097883,50.635023066419535
701,11.530000000000001,12.271731708064024,3.1625073525729883,41.31556790451181
702,12.629999999999999,13.667243755981307,3.4783996822282752,47.036811062458234
703,11.179999999999998,14.068955681513104,3.4922471230552707,49.54784812839252
704,10.469999999999999,11.363653811325479,2.6190528894769503,41.23755226423216
705,10.36,11.499162869644948,2.8380574273220813,39.70524618255028
706,10.31,10.615494638350382,2.587613394066271,36.607094431272
707,45.88000000000001,11.199948098674804,2.774585217899986,38.431811713914975
708,45.9,73.21480895688569,21.9370559914362,239.1283700298527
709,27.83,23.816809461646827,6.872956688051835,77.22652356138919
710,20.210000000000004,22.443207109067913,6.706844805304515,70.31114917227622
711,14.900000000000004,17.567225852909512,5.492049970550938,52.10215993973556
712,12.550000000000004,14.517420912979695,4.705852740456566,41.20058994570411
713,12.039999999999997,13.293642043060162,4.48239056513692,36.26626193951846
714,11.599999999999996,13.440618916589962,4.725736305003235,35.42002767608384
715,14.160000000000002,12.871458450576096,4.659252804258797,33.00048843926142
716,16.640000000000004,16.165876750600678,6.289574414409431,39.423117711006384
717,14.98,16.97743459898099,6.900436671517274,39.9076318434144
718,19.690000000000005,15.046785996177995,6.280533684013803,34.36819579209381
719,23.189999999999998,21.140092356019714,9.212645666020029,46.99771827627817
720,42.07,21.01038603311304,9.35048587934378,45.805251364428905
721,45.52000000000001,36.554190370028266,16.580768795531952,79.21931411251747
722,26.540000000000003,32.7423918363697,14.7463967254668,71.30536780504978
723,19.3,19.9120345271792,8.724834419428735,43.968702725904514
724,15.520000000000003,17.799582440376696,7.880083522610242,38.79965943255374
725,15.150000000000002,15.1272016987439,6.724988995159492,32.6682207307919
726,13.519999999999998,15.911543345925342,7.201355077174448,33.872322396708775
727,11.179999999999998,13.909769253919803,6.300128356123953,29.451686375986473
728,9.539999999999997,12.180750191589663,5.499052120981032,25.731925268336838
729,9.780000000000001,10.982166260969931,5.079645095784596,22.615244976236184
730,10.78,11.61922810303561,5.482256234708235,23.566279417310216
731,19.640000000000004,12.444811724884236,6.063212046792309,24.592175503165933
732,46.449999999999996,21.904128986740297,11.289767878323424,41.685844829219285
733,36.29999999999999,41.61315084906916,22.551238476634826,76.10340273982015
734,28.950000000000003,23.61942340502931,12.96344312471874,42.407346123903345
735,24.880000000000003,25.230244579887326,14.129628965545587,44.47538689068557
736,23.709999999999997,21.16435843961982,12.192623484504516,36.23738387720666
737,18.529999999999998,26.781610944964818,15.623518851253863,45.42927370573969
738,14.82,14.508009124011854,8.197411786926248,25.148480959860215
739,12.039999999999997,15.571933958082276,8.974857229419015,26.532122896062365
740,10.42,12.298094229131683,7.079010270356909,20.88873441289153
741,12.95,11.641881147765412,6.733574322231578,19.66536795215154
742,34.88999999999999,15.544253462011422,9.21057824079809,25.806740633122338
743,87.64,43.316742821164155,25.623967669908517,72.76713037767722
744,32.0,81.25220537751693,47.28389041377131,139.11765065922737
745,22.309999999999995,14.012646126172873,7.744689925831972,24.773303069777025
746,17.7,29.450178997539158,16.88762934947095,50.83545470823379
747,15.46,15.540773555433592,9.05273194977756,26.216202638148058
748,13.209999999999999,18.194297527486185,11.001810654071875,29.69712297524603
749,11.599999999999996,13.888895411885951,8.463975460778286,22.42347647717256
750,9.34,13.983731344973654,8.759021063258023,22.00560717750856
751,8.000000000000002,10.816221765940321,6.881810800796363,16.71459634729808
752,6.7,10.122354798281199,6.5719743365180765,15.33745318737234
753,5.73,8.24076444735835,5.260167702369248,12.640485627764308
754,5.2700000000000005,7.383235782601249,4.420727532394989,11.964798870020944
755,4.94,6.761110864184875,3.981946357221128,11.090624331765548
756,4.25,6.201394462960069,3.6352600893194786,10.188170935790083
757,3.8,5.151520707209455,2.959089434213377,8.55805814443424
758,3.49,4.7162921168180025,2.6840944737009753,7.869478184681276
759,3.1799999999999997,4.238355530108428,2.3689808510435326,7.145005826114435
760,3.0600000000000005,3.7980532284936785,2.0594425753881573,6.524676216724823
761,3.7,3.6928624316704113,2.033026484313867,6.261050279805116
762,9.379999999999999,4.6777288690477565,2.6911855672037395,7.733401375655895
763,15.520000000000003,13.412894920422588,8.597114253925323,20.645208600301782
764,11.119999999999997,16.26065464396173,10.566600800971003,24.75780074584287
765,9.32,9.542884033882768,5.9885320995071565,14.90497148317296
766,8.99,9.824943007834907,6.133583372050333,15.426441664926411
767,9.060000000000002,9.147429301781605,5.5293719168195,14.770325652519027
768,8.21,9.527123582868542,5.659148238556823,15.641817685831256
769,6.800000000000002,8.163072532700545,4.802950603525244,13.468828700441641
770,5.750000000000001,6.887372583754982,3.914440899050873,11.658743395812227
771,5.0,6.0230317313995885,3.317795068072245,10.423185659032818
772,4.2,5.342899775181424,2.9203101801863642,9.262549571035215
773,3.660000000000001,4.510353691577129,2.421194856667049,7.875261152432138
774,3.38,4.037284966897964,2.113542137609572,7.149637524166398
775,3.2300000000000004,3.3122887940105725,1.5068438109716902,6.418026827822646
776,3.33,3.5804604278279477,1.5495945431295657,7.22900166123849
777,3.33,3.449757852555263,1.2787061496727041,7.689292802944861
778,3.04,3.593102201675138,1.2944076367780348,8.194786269391209
779,2.91,2.9000220896443465,0.7516271857013865,7.683452976680879
780,3.0600000000000005,3.279423667179236,0.8352730265852499,8.978606266168594
781,2.8699999999999997,3.201682517225949,0.6147685977224884,9.932920048397053
782,3.5199999999999996,2.8950594986659612,0.4660724738272739,9.348389161513829
783,15.91,4.545685437532098,0.9371038105995124,14.87660238123085
784,14.390000000000002,33.75042915321272,10.87974325772513,100.6513825370078
785,9.41,6.028119720702397,1.4910861048597939,18.828486342629258
786,8.650000000000002,8.208895985758984,2.396367017069692,23.96896385176143
787,7.5,7.383148959900003,2.1996654109225626,20.963917303343727
788,6.080000000000001,6.674943853282664,2.0162035582268425,18.52943891680511
789,5.2700000000000005,5.5472292719112,1.6361811039774428,15.260723162871766
790,4.8,5.223585202493137,1.5574983545758658,14.144882773195377
791,4.34,4.85750768513616,1.448391319603593,13.013444667408884
792,4.14,4.53621889761303,1.3518536685139741,12.032154207814195
793,4.33,4.480450030095505,1.3630396049222595,11.710465144049902
794,6.660000000000002,4.7481196106625285,1.5268509806341073,12.07591120794611
795,8.09,7.5385277108081645,2.855666492119324,17.908911239406706
796,7.4,7.556334032871847,2.9263235810760992,17.64615856801489
797,6.440000000000001,6.703035788825094,2.5750231859588935,15.59758756166078
798,5.789999999999999,6.011023766374017,2.2443503053183282,14.150785096197678
799,5.02,5.605385191851604,2.1039029379177516,13.056855000112314
800,4.38,4.9458657108717405,1.829161362061046,11.496041945788974
801,4.119999999999999,4.515975961455591,1.6404350222385937,10.523097728631246
802,4.03,4.38564624429948,1.5975466902067748,10.16637694255581
803,4.670000000000001,4.31046269900038,1.5755297073606926,9.94959766795847
804,5.150000000000001,5.019692662923963,1.9341186449456682,11.350114000496253
805,4.57,5.157991806258837,2.0128780802662765,11.586258745192751
806,4.37,4.506816409095547,1.705685145373935,10.2078920251798
807,5.0,4.6096304011639075,1.7622991542015343,10.391942538084155
808,7.33,5.254115602957238,2.117358972662274,11.547147222428872
809,8.059999999999999,7.321850117319981,3.1847257758224066,15.549038834337608
810,8.179999999999998,6.890780661705501,3.000681266209134,14.563454148934113
811,7.950000000000001,7.300009417243741,3.238429060127065,15.253700451050964
812,6.59,6.946108924418293,3.091535705619372,14.432016626911452
813,6.440000000000001,6.429150871576983,2.437821179884727,15.054436744875627
814,6.01,5.991819903866586,2.1866433789756217,14.340764482977601
815,6.059999999999999,5.712440966016708,2.1255129096076826,13.415830305405743
816,6.180000000000001,6.45923984095655,2.499840850122859,14.897939760020886
817,10.48,6.014319799978397,2.31243099409625,13.853345577329582
818,12.440000000000001,12.30815461185849,5.4756367275805395,26.349739743554455
819,9.53,10.357138966901877,4.664473004889711,21.77080416875116
820,7.959999999999999,7.983911630342096,3.5637908126349442,16.68500606082709
821,7.860000000000001,7.278493134290899,3.248415486509174,15.131531577391442
822,8.120000000000001,7.596634066024244,3.524137286150646,15.335073980040072
823,8.39,7.7604409607427165,3.663976701781234,15.454911920410908
824,13.020000000000001,8.046159776616502,3.8801231802368648,15.768635479422962
825,12.079999999999998,14.714387293006391,8.019175321797128,26.379661574800828
826,10.989999999999998,9.602034749524595,5.408655669725376,16.539269797427536
827,10.929999999999998,10.344814826669825,6.118143361079903,17.081235080927268
828,10.410000000000002,10.193930431957105,6.263407683949175,16.251417511975113
829,8.669999999999998,9.684466461445187,6.1335941230073985,15.002848157223177
830,7.550000000000001,7.8993509851445065,5.086271207598178,12.012638651054548
831,6.21,7.282135692657372,4.781766454672972,10.863808780472267
832,5.4,5.931428741372171,3.9235384756081046,8.758165724659277
833,5.01,5.474892647333819,3.670988019149643,7.975453292241561
834,5.43,5.169217584356566,3.508871836738969,7.440968601729104
835,8.92,5.890961341759849,4.095122123439703,8.319766447829808
836,17.910000000000004,10.122327745252639,7.2561271924015465,13.98355967513055
837,30.970000000000006,18.911305144020055,13.23111095496874,26.8586874765288
838,40.58,31.638288822311907,21.622466244190303,46.08849538110021
839,40.43000000000001,39.126576243298366,25.35327134724805,60.098377495262135
840,33.32999999999999,35.798573340051064,22.85931581844639,55.75498032580601
841,32.67,28.121668858768892,18.0628660937773,43.48814742483168
842,32.71000000000001,31.750127435055603,20.23901829648525,49.500019918052274
843,29.659999999999997,29.907199764040357,19.69548119302798,45.15766061898133
844,29.170000000000005,26.893881771870074,18.030211362188805,39.885969445878715
845,27.169999999999998,28.126681496241407,19.029318174999382,41.35608858829852
846,22.419999999999998,24.537588026113568,16.649330634835422,35.95145247629276
847,21.06,19.82890393012435,13.564748432992534,28.787211288016074
848,19.78,20.69053972683026,14.280587297745434,29.789360675333356
849,23.530000000000005,18.489297411503074,12.864696836826361,26.39567392379885
850,36.88999999999999,26.018504879511152,17.80228690348208,37.82504344665521
851,42.97,42.70763511481824,28.408776441266543,63.958750363019846
852,35.099999999999994,39.76349521814502,25.653292789677423,61.34361193237926
853,29.019999999999996,29.992267608462,18.550719295686655,48.12968351637253
854,26.35,27.016647199486727,14.69186502222464,49.02162070530143
855,28.239999999999995,24.017073234927416,11.084487798977213,50.7898618172871
856,29.039999999999996,31.262215175768368,12.56811965753947,75.71295318133521
857,33.76,26.212563470590247,9.79228517246736,67.61601586752755
858,24.97,39.556860062456565,13.825556664781582,109.94753035702738
859,19.46,17.279626982398902,6.2199639114424325,45.28066936540812
860,17.910000000000004,20.786543508196356,7.845363649259104,52.66127350505146
861,19.690000000000005,16.29412436293138,6.623068640279765,38.234427970408554
862,26.25,21.949374957718103,9.581983843512623,48.770800895034505
863,30.49,28.468183252548126,13.517059884208248,58.817472073004325
864,42.940000000000005,30.473438539513527,15.636875947339895,58.54106628167298
865,48.39,51.07651189619196,27.364284370726814,94.61189895815203
866,53.889999999999986,42.52807830759147,23.34572073580412,76.8245023720073
867,54.66999999999999,56.31658547088877,31.882254992501423,98.90771529479541
868,48.92999999999999,46.45769308677416,26.847408751982137,79.87763759915867
869,32.559999999999995,43.7360982361539,25.733939386050693,73.86059037146866
870,22.609999999999996,27.348874580334392,16.19567873747112,45.736084236109626
871,21.55,22.479259807084077,13.399906956847463,37.28327799204359
872,25.259999999999998,23.387123118155586,14.118183796842226,38.33883738761674
873,32.120000000000005,27.866715877294347,16.95269403470735,45.41572367520278
874,39.050000000000004,34.16504259891259,20.91581223637259,55.42411094082315
875,37.81,38.90217444156451,23.998872184536467,62.69021423894151
876,42.85,34.424108351581864,21.317737454907814,55.22735974200012
877,46.120000000000005,43.875132864374216,27.38615672869222,69.9422402209084
878,47.220000000000006,42.066184973384516,26.447462376690744,66.57259606399302
879,35.54999999999999,44.897247079484124,28.429627583231717,70.57947491919602
880,34.31999999999999,29.947408303095404,18.956267407967456,46.992044859858105
881,44.82000000000001,35.74370380306779,22.732149966768393,55.88906277172921
882,60.73999999999999,46.0597031134327,29.398439921368215,71.85293794197939
883,74.28999999999999,61.10279244586526,39.341308525169616,94.60316634667223
884,73.05,70.58692902460128,45.97675771334093,108.08987032363747
885,60.00000000000001,64.83252086659596,42.518645126451105,98.58767767373774
886,49.830000000000005,51.8835568406726,34.22906156317291,78.3853273413385
887,36.190000000000005,45.53078156004733,30.107379029073655,68.60128754548163
888,25.920000000000005,31.47191505813238,20.727903151712617,47.528625159094275
889,21.4,24.804502811228367,16.454693104872156,37.14861489308149
890,21.929999999999996,21.66773902033365,14.517096348458503,32.11356588599137
891,22.440000000000005,23.850844173891375,16.19172611386227,34.92219024807915
892,19.930000000000003,23.05911640847384,15.635516466574565,33.79549814516128
893,23.490000000000002,19.626861015394965,13.352222863183945,28.64470377894017
894,42.96,28.195340792962856,19.113851776372023,41.37716045111397
895,52.85999999999999,54.323536335565585,36.68639942717778,80.21480744232113
896,45.93999999999999,47.38369517078796,31.760396345368385,70.45768121058445
897,43.57,42.988436875873404,28.415903956731324,64.78015014017315
898,41.029999999999994,42.744446576166155,28.308047395205705,64.29184904239247
899,42.61999999999999,39.32366122373325,25.851072527849855,59.55615293578787
900,42.64,44.04592417840808,29.198260246647475,66.19378098319946
901,44.18999999999999,40.36337165824173,26.12013884218468,62.087011644517474
902,57.12000000000001,44.897912529307824,29.455628676082824,68.17008336795053
903,62.440000000000026,61.433673228776044,39.46720876559378,95.32400335334545
904,57.15999999999998,56.22697935166428,36.033123522969504,87.43237767088597
905,56.44999999999998,52.639306601557394,33.54735532898234,82.28206849113478
906,66.81,54.88116880764736,34.62992778475111,86.64275488218176
907,76.09000000000003,70.74733482450269,43.02249364089642,115.9329501506738
908,79.73,71.31905190782669,42.02727051991597,120.55187176993037
909,76.98,78.41907877959312,43.78901575387633,139.82448493307953
910,73.04000000000002,68.62181610446528,35.66419870663241,131.20518785828918
911,68.27000000000001,71.59840373199269,34.382098554014476,147.9603059125336
912,54.06000000000001,61.54286458571116,28.06305179619416,133.59047377463753
913,44.08,46.93784147756531,20.749849091032488,104.65759035430119
914,41.95000000000001,41.922646966089424,17.5614710250729,98.25687571243074
915,38.14999999999999,42.84143110700377,17.89661089508227,100.7151219433938
916,36.089999999999996,35.672830297031936,15.476370423890867,80.62577360149618
917,36.69,38.292699604032684,17.80273948601684,81.11123933940183
918,31.950000000000003,36.7073652311055,18.236692670284416,72.91319376164681
919,27.569999999999997,29.91584858308088,15.283754984225816,57.69590242163823
920,28.709999999999997,27.317909949798782,14.563303796809116,50.525308147574954
921,29.16,31.28351786397625,17.382150923988995,55.69769168925455
922,25.63,28.096151520554393,15.995099249359086,48.8135386493248
923,25.309999999999995,24.597830499912387,14.25866082079766,41.94275454430024
924,27.569999999999997,27.18337430474961,16.027373307542504,45.64856832907831
925,25.360000000000003,28.82723290277297,17.287503254439372,47.648730789441835
926,21.069999999999997,23.546737119457767,14.167610955328334,38.72559060133953
927,17.519999999999996,20.001761878285226,12.109804686643665,32.64458987261367
928,15.130000000000006,16.237539709002977,9.94927894655307,26.13720023664156
929,15.810000000000006,14.724393076045036,9.07964190043485,23.53028987064571
930,16.21,17.409551937484288,10.744028788993003,27.85820604055175
931,15.789999999999996,15.62480444433691,8.665247950315418,27.59565778686771
932,13.030000000000001,16.473589685803034,8.642299771485801,30.66530223533529
933,10.11,10.689412093261671,5.089589923410204,21.438679255034586
934,9.979999999999999,9.80294765476106,4.661692516884995,19.612860497715026
935,11.85,10.284349609668451,4.648609084184392,21.542991418853113
936,14.750000000000002,13.584218941286982,6.507509295049704,27.33155894560711
937,14.780000000000003,16.16618662745425,8.012305737686717,31.69728878552528
938,14.699999999999998,13.921358625934694,6.75769321920757,27.700147963120738
939,14.71,15.719310025175748,7.901009660491013,30.404901059563844
940,13.769999999999998,14.047094071434293,6.836837740721607,27.891122603968196
941,14.970000000000002,13.75698010253579,6.861155456826537,26.701838863589654
942,18.020000000000003,16.487611625101326,8.081671867984605,32.67403764371477
943,20.939999999999998,19.964862451163967,10.330682901372217,37.79072968699843
944,19.540000000000003,22.16920822081829,11.162034646788479,43.138355560546366
945,17.579999999999995,17.529415741426813,8.608767346413346,34.73187229335859
946,15.96,17.98266624589325,8.206890057006776,38.13825575974397
947,14.030000000000001,14.66700112398236,6.446341627391204,31.96315647350425
948,17.650000000000002,13.918089741953299,5.525794994332797,33.10303292430134
949,22.539999999999996,22.453874885119035,9.917716703355994,49.38455036644495
950,29.030000000000005,22.371919528611976,10.372609632220621,47.03177459853192
951,14.390000000000002,35.44080481562533,16.683859219595934,74.09289907369234
952,12.76,11.22545267789256,5.224242946836364,23.012830870517067
953,15.54,14.551142922838231,7.211354750777412,28.451662185663768
954,17.529999999999998,16.500506490372018,8.451242693454798,31.40502200114389
955,14.799999999999997,17.747053288551218,9.267133375274257,33.2307822600377
956,13.63,14.501224467198,7.549395002097246,27.105843737891757
957,12.95,14.580096393897215,7.574486315347761,27.309498052220526
958,10.38,13.84059954501658,7.068043142210179,26.298242085900938
959,16.11,11.548209047947047,5.750228598721163,22.32625451244875
960,9.000000000000002,17.70941445049558,8.878601962013558,34.43438539445551
961,7.67,11.018553770187593,5.1963014535468455,22.311589310137226
962,6.290000000000001,10.370684661988276,4.781953696376716,21.36138102651999
963,5.93,7.929346802022156,3.6181921025847643,16.26503197347665
964,16.269999999999996,7.134515656702762,3.339932542346478,14.246860250359088
965,7.750000000000002,17.579380226541236,8.791612363408953,34.25398645195267
966,5.73,10.003491831689242,4.844024997168129,19.718055201461794
967,5.349999999999999,8.059681513453148,3.906021198166683,15.7300192579429
968,4.700000000000001,6.802369547830231,3.331441322888015,13.054668186135887
969,6.069999999999999,5.749308143364881,2.8428712136042265,10.85393886030524
970,5.359999999999999,6.258861128445477,3.2169714854275213,11.495001463524211
971,5.39,5.985014671808655,3.139034368988714,10.787877465077221
972,4.48,5.880944731185338,3.151631368363925,10.404529013443195
973,4.2,5.248792106993045,2.8598494725272094,9.116301963157278
974,3.2300000000000004,4.793415386186855,2.6655495617463387,8.156515625153956
975,2.8300000000000005,3.9794376316641467,2.224670629783768,6.689095096603919
976,2.8199999999999994,3.3759941791606956,1.8919511011672903,5.621593652921367
977,2.44,3.1400941938401186,1.7816677123492952,5.161907785668807
978,4.819999999999999,2.7942803166882486,1.585178251577116,4.568886057595872
979,4.45,4.168566342054786,2.534996056518546,6.557031918878872
980,4.93,4.443379237506917,2.76635833496515,6.867115895013626
981,5.039999999999999,4.907343743204662,3.142354360354849,7.424366209314332
982,4.870000000000001,5.12202661218917,3.313048058075476,7.689726925295609
983,4.360000000000001,5.115922195236187,3.2716569155799657,7.756439254697067
984,3.92,4.767739271305042,2.982925344315039,7.35235748248137
985,10.64,4.341116789186517,2.6748107106582273,6.762992655102032
986,5.83,7.672523569256189,4.958199486838186,11.623388193941942
987,5.62,6.519214990902636,4.138963782569087,10.001944452535131
988,5.41,6.099329601121688,3.8124897584441877,9.472849463612455
989,3.37,5.804256532891412,3.5966013073991547,9.072204193752821
990,41.95000000000001,4.486936566353483,2.655646521571838,7.2356083132025315
991,130.04999999999998,9.434257189258142,5.736901020470259,15.160801941540992
992,37.89000000000001,22.548645200846806,13.482287327665182,37.29082231617121
993,30.839999999999993,13.432203065834463,7.369156087998881,23.887633011428846
994,18.469999999999995,22.805280586600677,12.724310702278542,40.29106343480723
995,13.330000000000002,7.231385643312159,3.301348594873514,14.752201458323777
996,10.050000000000002,16.287947469910733,7.98536730545875,32.26220482281486
997,8.929999999999998,5.707539190540493,2.443729182564435,12.064639989818595
998,8.11,11.062921067399792,5.217514331118675,22.403896948016584
999,15.199999999999996,5.890787152821657,2.570901192096756,12.29718886946044
1000,49.60999999999999,17.369832852351394,8.758502504600921,33.580178553443815
1001,46.61999999999999,32.998299784574634,17.294782659755867,62.181094290039056
1002,32.24,22.321539428338873,11.749815708817287,41.65898533195488
1003,113.71999999999997,21.38453427466514,11.432984233253835,39.30145661678556
1004,41.71,128.7267176043035,69.35876787808039,238.1886863276017
1005,25.110000000000003,20.902079703880418,11.254758749839102,38.144066819057436
1006,18.320000000000004,19.833159835484558,10.990119192542554,35.19818466865559
1007,14.649999999999999,15.39182645253128,8.616766172180249,26.939950877373583
1008,17.840000000000003,13.454307653238383,7.615414999311845,23.250370963111315
1009,16.719999999999995,16.96299783749026,9.855423795661583,28.724246366008845
1010,16.049999999999997,15.028175089812546,8.683217772781227,25.53068460691033
1011,13.489999999999998,15.522376335686182,8.962079877072297,26.402803746467246
1012,12.440000000000001,13.18289521020241,7.444133077171623,22.82180795887688
1013,24.65,13.59702250359652,7.574461283994571,23.84973211882522
1014,17.009999999999998,25.68679343903148,14.294791890056535,45.563885875461956
1015,13.96,12.702414727555595,6.6604193506453955,23.50990745697413
1016,12.070000000000004,16.9929242566069,8.833327920910621,31.92327133884622
1017,11.389999999999999,13.233888408919753,6.612918910962712,25.613127186449873
1018,24.17,14.695258476829917,7.238729976261858,28.900377772336363
1019,37.580000000000005,26.247110278507407,12.888565643415255,52.454405414509274
1020,27.459999999999997,27.897202099881536,13.227513034543286,57.692498623896284
1021,19.259999999999998,21.13400213666343,9.541636189111571,45.474194498559164
1022,15.300000000000004,19.970146718937034,8.873120467648071,43.539824552399104
1023,18.88,17.259701837800254,7.611936739744456,37.71564797574901
1024,16.550000000000004,20.844281178698758,9.115532153366745,46.17227062100097
1025,26.45,17.295694689928155,7.343332521471401,39.119753506843686
1026,23.060000000000002,25.475029582476203,10.920125589602877,57.80199718737541
1027,19.930000000000003,20.724857419470762,8.694389640363909,47.68480094210624
1028,21.880000000000003,19.651600064277634,8.138983582019366,45.66696043244607
1029,36.20000000000001,21.528511064853177,8.816817783080637,50.700441223830246
1030,40.14,30.26508950638318,12.31046871628089,72.43887301628236
1031,143.72000000000006,30.33340340643112,12.133573883444754,73.75361830245718
1032,87.60999999999997,92.20414379065973,38.51266739052286,218.85385936849096
1033,42.05,65.10923610333542,27.253950789253665,153.68389290990174
1034,27.919999999999995,31.783363321592226,12.94222486169085,76.0858970743338
1035,23.570000000000004,26.217660144894044,10.672578695400933,62.46506998105169
1036,22.700000000000003,23.358314727738065,9.395416608377914,56.07587475593467
1037,27.309999999999995,22.786555353964197,9.063485412785091,55.22308697227162
1038,68.15,26.642032092841358,10.607074780160906,64.82898384764945
1039,49.60999999999999,58.31388447226733,23.777616959027743,140.98850910509537
1040,30.599999999999998,36.14106272654371,14.451728670271718,88.2753535797621
1041,24.790000000000003,26.86726626722408,10.5583303556158,66.18829669296045
1042,20.66,24.37344219801673,9.494987133315538,60.34467444294096
1043,20.169999999999998,21.52869817894425,8.285455704751174,53.65991737791258
1044,19.5,21.867968272634442,8.48718179912309,54.12110803722048
1045,22.099999999999998,21.51837941956836,8.39571108352042,52.9690298239403
1046,132.58000000000007,24.05724951848039,9.500919662669485,58.791501468526896
1047,54.48000000000001,108.10755058404362,44.19680082328278,262.39159802472466
1048,261.54999999999995,31.146181172204777,11.831406484607284,79.53497215569196
1049,277.4400000000001,121.03724073655553,47.62622873766335,305.27684920703297
1050,58.38999999999998,165.22725526576554,65.50818504595603,414.46014786145605
1051,29.189999999999994,46.136188183560044,17.470069118819946,119.29301147617676
1052,22.750000000000004,30.712445422761874,11.184541457244299,81.53730337088112
1053,19.31,26.84832144928038,9.557165323330077,72.45996617374392
1054,16.980000000000004,24.271672785907256,8.491414512273021,66.28790999193423
1055,15.420000000000002,22.76332326585662,7.813068095743821,63.074795122746906
1056,14.540000000000001,21.235667530803727,7.205265130497711,59.25703041608461
1057,14.470000000000004,20.581547702986228,6.94019313717213,57.658925949268514
1058,13.830000000000002,20.133466734272343,6.753921506929109,56.59968240708671
1059,16.049999999999997,19.070387207523588,6.3730039427468474,53.634507968247966
1060,22.79,21.143419074840608,7.152919801920893,59.141767641144796
1061,32.36,27.181090556371913,9.35880790021678,75.6665308012725
1062,218.29999999999993,34.01877481965995,11.871554871042548,94.27322861583102
1063,92.4,155.78872421475305,56.979900939838934,422.98665127761046
1064,73.85000000000001,61.52524322691681,21.79982894206657,170.4664636528084
1065,129.16,56.63155017186195,19.857533886272723,158.24200786737308
1066,73.41999999999999,86.67408240372886,30.630678405105744,242.01548727121386
1067,28.980000000000004,57.551891815393354,20.03303335572276,161.997128240123
1068,17.22,30.32985809141273,10.294127422223227,85.90888382369974
1069,10.250000000000002,22.350270021898506,7.630531020023772,62.17515212338236
1070,8.500000000000002,15.499552025069605,5.261677464239073,42.47640366063807
1071,7.76,13.320431380695233,4.548180541688874,35.96252372976596
1072,8.430000000000001,11.791182829394213,4.1265764624363195,30.91493570296509
1073,7.570000000000002,12.139425729639656,4.416876257364741,30.871599110278833
1074,7.239999999999998,10.704646801767577,4.071135528408092,26.015400394383462
1075,8.31,10.115478751778785,4.020295291529698,23.61087659319706
1076,8.14,11.1043763060038,4.657526987934796,24.897521314490426
1077,7.739999999999998,10.677606323845215,4.61392137290898,23.290772954671503
1078,6.909999999999999,9.908461727356377,4.314768601855307,21.38941074794105
1079,6.410000000000001,8.715416929524078,3.6717310916455945,19.20435771298534
1080,6.24,7.711366605017002,2.9721814159320052,18.10484446219575
1081,5.97,7.465576217500811,2.616385994864364,18.817016434663863
1082,6.950000000000001,7.070149745798421,2.381492110181102,18.259934608016074
1083,7.029999999999999,8.108982002512226,2.728414659809946,21.254379057269656
1084,6.499999999999999,7.947714173236669,2.6038446940170035,21.215604645465508
1085,6.440000000000001,7.300154842746467,2.2945240318820046,19.911236265656438
1086,9.470000000000002,7.233366808201181,2.285854823044027,19.630348158714316
1087,10.690000000000001,10.462814416671808,3.661263006647114,27.18895096965863
1088,8.62,11.254002564860158,4.062553323658029,28.66103648881636
1089,8.02,9.049168010818722,3.209429732512075,22.990370222760966
1090,6.619999999999999,8.616698232433134,3.0734427756883456,21.70337156707812
1091,6.269999999999999,7.18462252375231,2.501004984632868,18.133947580865357
1092,6.109999999999999,6.9542369851990085,2.423396800910965,17.48161042852868
1093,5.53,6.484284913051704,1.9884997898028507,17.743357737839624
1094,5.849999999999999,5.566978422079654,1.336367610090027,17.45822781047629
1095,5.19,6.607106138329922,1.3291645092108517,23.844987793250873
1096,5.379999999999999,4.710206184668176,0.6050795638496651,19.314541039460067
1097,5.81,6.113430403462044,0.874921803625268,25.988267994461687
1098,7.440000000000003,5.924141894368345,0.7660399698388409,26.14759676573001
1099,7.65,8.980975967992311,1.4382496621993957,39.85712911932859
1100,7.609999999999998,7.548454103926353,1.1679684042373109,32.707164469790065
1101,9.05,7.614771116131465,1.2899343286306468,31.408912541920884
1102,13.310000000000002,8.918338561736059,1.7227640434013773,35.12999079506309
1103,12.550000000000004,13.289796865817678,3.0963203431373074,48.849200590093616
1104,10.750000000000002,10.376718266135331,2.386352705962432,37.22097984038322
1105,10.550000000000002,9.732912417496427,2.3048516671093693,33.85645365209572
1106,30.259999999999998,9.900614119644722,2.464927933335344,33.29317736805519
1107,91.30000000000003,37.28483120838508,11.240467651466547,118.74446911584506
1108,76.61000000000001,110.58282050443513,31.72935903929578,379.414594027836
1109,39.239999999999995,49.358898283489644,12.92882725519929,181.0697887814082
1110,29.86,27.11061802064639,6.487003480970663,104.54380634537145
1111,25.429999999999996,26.730804961525056,6.026419224463178,108.44373218392676
1112,20.59,21.164243754282133,4.463484305554286,88.91582545589388
1113,18.18,18.02569119277542,3.575310296674341,78.115273476853
1114,16.049999999999997,16.712662137466676,3.168171003768765,74.27004043557007
1115,33.71000000000001,14.604918895780939,2.611653274911278,66.42438302023413
1116,28.31,50.52846452068253,10.728016012962987,225.3965749129659
1117,20.180000000000003,17.53046278180335,3.404305339172322,76.96417924383242
1118,15.450000000000003,19.25019172098932,3.941554640983462,81.98405957830568
1119,12.650000000000002,13.275506149184492,2.5543980920330105,56.33462334232861
1120,10.8,12.409872835054369,2.513460579664089,50.181644243613974
1121,9.570000000000002,10.381645358814783,2.1202878910415675,40.51599326643813
1122,8.95,9.702424504308832,2.047365810191836,36.58718099656685
1123,8.66,9.172391045382208,1.9943070335525075,33.55809254717752
1124,8.47,9.088912352557024,2.0450999493981095,32.42621068241016
1125,9.93,8.84479024871386,2.0555045099728546,30.719768282074163
1126,11.83,11.2328053794264,2.850436087279817,37.86352715872228
1127,9.93,12.491666402045935,3.389449412857453,40.46876867310792
1128,9.03,9.314713569030534,2.646444836072373,28.177272876487574
1129,9.03,9.806025754543358,2.792207593669048,29.792141443627166
1130,8.680000000000001,9.651026232506025,2.8595711519117497,28.3929960973357
1131,8.709999999999999,9.335449632787075,3.0595248031881104,25.313798853498117
1132,8.250000000000002,9.612275848377646,3.504662824826686,24.000849799761095
1133,8.36,8.778484291819934,3.4392146140839364,20.5395657470597
1134,8.400000000000002,9.513672573087646,4.074082920608149,20.784687539329195
1135,8.179999999999998,9.108494062166042,4.150609622432375,18.83874913754206
1136,8.51,8.958405941186047,4.310510874413843,17.67425775686705
1137,8.39,9.409399038008559,4.77416505075162,17.76558556607053
1138,8.16,8.939058392705098,4.675238654868006,16.406295618752118
1139,8.280000000000001,8.377274223505687,4.312330601744976,15.552673102449642
1140,8.88,8.596186839752269,4.321579668404418,16.304411021069097
1141,8.77,9.276124455231686,4.546386367940379,18.03919539933246
1142,8.47,9.03346771894455,4.373957988696113,17.733022230329738
1143,8.35,8.746852552374262,4.3136136495585395,16.87881862386014
1144,8.07,8.668077354876774,4.438725710049647,16.186327224990322
1145,8.040000000000001,8.36705885994583,4.377337492547306,15.3169583101851
1146,7.990000000000002,8.277682824563538,3.193636518998627,19.525240612353958
1147,7.5,8.040195059911973,3.1036083832243246,18.915430296748493
1148,6.9799999999999995,7.195666493957882,2.7303212913143273,17.006210198724688
1149,6.6899999999999995,6.981109849861841,2.8443351523728575,15.569344739946779
1150,6.290000000000001,6.700898467263286,2.9364615292243514,14.065265280207978
1151,6.02,6.3262049050297104,2.9050456039388,12.744597055753758
1152,6.09,6.244542483076801,3.0039678143378516,12.107846571884572
1153,7.76,6.459050725408576,3.2477692747272178,12.098036669562546
1154,19.06,9.20402545769859,4.966782835319504,16.450297491141306
1155,26.079999999999995,28.222582057759418,15.54175160803062,50.62447861373436
1156,33.11000000000001,17.045772047036312,9.303455537977221,30.60589062313058
1157,26.649999999999995,35.32002781210815,19.948602629742904,61.97052092626856
1158,19.5,21.540989693655817,12.414971756583075,36.87531018245802
1159,14.079999999999998,17.084168633180614,10.072458609887056,28.536091908376033
1160,10.98,12.144177456365114,7.284093465210487,19.855559118203047
1161,9.670000000000002,10.259970793940827,6.263092869493229,16.456329494689058
1162,8.669999999999998,9.395945205581942,5.8704737575020784,14.73045477387219
1163,8.290000000000001,8.500663162269207,5.394669296393028,13.115288272031925
1164,8.13,8.404028904985298,5.452220273921025,12.706252404810792
1165,7.690000000000001,8.231215157477438,5.405420320291784,12.303628649268626
1166,7.440000000000003,7.731065954136081,5.184960513782104,11.325303051750389
1167,7.300000000000001,7.618230224705584,5.138473501339496,11.09973329522744
1168,8.45,7.480024109844267,5.13994818399907,10.711956965849035
1169,11.190000000000001,9.139147316296109,6.449480882662694,12.799929138795184
1170,11.089999999999998,11.999455110028862,8.563078441189184,16.670652206491972
1171,9.989999999999998,10.392165093341104,7.390890857824019,14.466942391811223
1172,9.739999999999998,9.750257301980653,6.927470169640585,13.578173059720005
1173,10.130000000000003,9.747018235695583,6.928240543637145,13.567973855317408
1174,9.920000000000002,10.261731652633525,7.317640390818259,14.247906119616587
1175,9.5,9.737865994390875,6.935231262145274,13.530359898083717
1176,9.699999999999998,9.445152477640162,6.730295960734496,13.113458376668172
1177,19.06,9.856985560296016,6.995515437948798,13.74253115652993
1178,24.46,23.114623700661674,16.584238661570115,32.070244746814055
1179,18.220000000000002,21.10629785035642,14.961980158573757,29.615775724177965
1180,15.339999999999996,15.030676249396027,10.520797733452014,21.305971075837068
1181,20.8,14.293507782016855,9.942052828408537,20.375457050560446
1182,28.730000000000004,22.050741049342076,15.617207631749427,30.975087192666066
1183,26.400000000000002,27.388918467190575,19.514327044002258,38.286235907622554
1184,24.97,21.594716698999463,15.21131190607396,30.491666169026466
1185,20.909999999999997,23.342441105165594,16.555778822454023,32.752671695804935
1186,16.500000000000004,17.52729805374429,12.280830764417257,24.84633290350784
1187,13.7,15.395326940268948,10.482615206094227,22.409888832262148
1188,12.82,12.786632361553536,8.299362480301365,19.439167983317024
1189,16.48,13.165603432840523,8.295998846709836,20.586095687557556
1190,17.429999999999996,18.636382175986604,12.01251501642915,28.632050719985724
1191,15.829999999999998,15.743968038994101,10.136386552518038,24.17517368571082
1192,13.320000000000002,15.20399427684864,9.971053233606161,22.932928309913724
1193,22.529999999999998,12.063302713636478,7.902164752269023,18.169480967492337
1194,21.560000000000002,28.22278961384256,19.15048219720926,41.37970210624415
1195,16.7,17.465555404638135,12.066789879837673,25.094912334045773
1196,13.35,15.544371080191524,10.964744902440597,21.876895134073806
1197,11.45,12.476063183476173,8.93456053492524,17.28005157214622
1198,9.79,11.579141441503847,8.424648754112779,15.789463834003168
1199,8.909999999999998,9.979614261869585,7.3439744438742185,13.447782666443082
1200,8.290000000000001,9.671700777271234,7.221048304163073,12.852880224769011
1201,7.880000000000001,9.10351242267055,6.869727203118148,11.971347117929517
1202,7.43,8.781380805318827,6.710203139876522,11.408935111428443
1203,7.620000000000001,8.15862148026528,6.3073706091004516,10.478868652742715
1204,8.339999999999998,8.5876335281154,6.734315062574465,10.885049409772158
1205,8.07,9.348554350584186,7.423071575650152,11.714195312857557
1206,7.880000000000001,8.555941772187547,6.824974381483446,10.669817522920418
1207,7.730000000000002,8.65156615386882,6.956127802206745,10.708299758164888
1208,8.040000000000001,8.235842044940467,6.681292549049058,10.105003192418483
1209,8.9,8.712614687568761,7.123978890045969,10.61190659724162
1210,11.54,9.617192003961547,7.886942601087702,11.684313504532845
1211,14.229999999999997,12.701353422161564,10.450983146783889,15.393970997302816
1212,13.209999999999999,14.725229237572137,12.098277002034035,17.879035352191202
1213,10.970000000000002,12.77477683304199,10.426272148338706,15.605982628174818
1214,9.839999999999998,10.686546735929127,8.638129072354307,13.170320150910207
1215,9.749999999999998,9.949520565710689,7.977951698205338,12.354048300670557
1216,10.53,10.101299246975444,8.064175264905108,12.59625573967625
1217,12.419999999999998,11.021124782373455,8.737340634900558,13.840544913818661
1218,15.490000000000002,12.909803395106648,10.102356376009453,16.42716806574573
1219,20.630000000000003,15.661497213697203,12.125241156249912,20.15050581526655
1220,40.059999999999995,20.73237039880948,15.990322048943696,26.797938249228988
1221,35.24,48.55805979390683,37.187090729946824,63.314962035335526
1222,26.689999999999998,27.793047498309786,21.041015634661886,36.613492861743126
1223,21.119999999999997,23.700888844712033,17.774411266699808,31.498164712148103
1224,17.060000000000002,17.679255839007066,13.082265385593663,23.776879936947054
1225,14.229999999999997,15.97977487783286,11.778590341730812,21.562172132582273
1226,12.340000000000003,13.297922249422731,9.696155330062002,18.112529160452326
1227,12.96,11.96476081653611,8.637297884999866,16.441094488903246
1228,13.739999999999998,13.469579747569314,9.695105277558229,18.576126895224775
1229,13.070000000000002,13.647378602708615,9.76821566137433,18.923978742426495
1230,28.020000000000003,12.60569002085222,8.962127089862815,17.58185498676135
1231,62.61000000000001,36.290015171214144,25.83104986388814,50.82597172020888
1232,37.41,67.60338220647729,47.756496406016204,95.5291683589321
1233,29.609999999999996,20.95015879661391,14.089679526151526,30.929735178375104
1234,25.1,30.65479292667463,20.93920649258657,44.672842159047214
1235,19.650000000000002,19.533350745288686,13.528266038884592,28.0205652691515
1236,18.76,18.33292086218484,12.777385769186443,26.128646560759872
1237,21.4,17.931764745711355,12.586493380725946,25.38000154590359
1238,24.960000000000004,21.812449709664204,15.681489758265261,30.19672578991989
1239,22.569999999999997,23.837801135337905,17.263350954557747,32.77892516951481
1240,26.999999999999996,19.801118440694705,14.330782775232587,27.22338133202366
1241,30.340000000000003,28.346812251289084,20.47889662080918,39.09681709990769
1242,59.50000000000001,26.260686373939485,18.794390305299082,36.5432135123326
1243,39.21999999999999,65.36389119580919,46.61679303024482,91.49186630128155
1244,32.21,25.97527999557739,18.516844113295775,36.28398539311375
1245,31.120000000000005,29.580404595984085,21.314436071012945,40.908347684792446
1246,30.669999999999995,27.786823682233422,20.130538344691427,38.217231676455725
1247,39.38,28.20627333233086,20.49600256941625,38.682094343273285
1248,51.349999999999994,36.50888009882949,26.412279066318824,50.324301889113265
1249,63.53999999999999,43.71954100340639,31.490291206171058,60.55184436067797
1250,55.35,52.044597742442704,37.34142028270592,72.38615337957903
1251,62.949999999999996,42.72675734413333,30.451839225031325,59.79228925699857
1252,63.440000000000026,56.863869705501656,40.61319440180761,79.46071601630825
1253,40.830000000000005,53.684591739130965,38.22971143165799,75.22805431248229
1254,58.349999999999994,33.53046901025576,23.743491859303447,47.188561939769784
1255,50.72999999999999,56.101073555732846,39.990236113781975,78.54412831793711
1256,90.76999999999998,43.61967003824374,31.07205525100465,61.07631343673809
1257,78.27,81.49905566325539,58.52963463954547,113.33119364061459
1258,56.95999999999998,66.66151291447322,47.98790720521927,92.45327430904555
1259,52.769999999999996,49.54285748084236,35.559550482201715,68.87450361492789
1260,44.14000000000001,47.80677790389718,34.01264616808309,67.03546232766111
1261,34.92999999999999,40.895700552656784,28.711606425959463,58.07623100662436
1262,39.20000000000001,36.48143362546381,25.203742528542282,52.61287095115574
1263,37.98,39.91659190637979,27.393534264717744,57.96298353085167
1264,36.53000000000001,38.25385150720715,26.116328807755696,55.82424302618569
1265,39.74,36.8805192019324,25.134605200956358,53.9055064721414
1266,39.8,39.210522382131046,26.746677557177296,57.27314304251243
1267,40.01,39.28262818879091,26.848903836315024,57.267648282816104
1268,55.81999999999999,39.565704140946075,27.061574824950384,57.6416251659418
1269,45.120000000000005,51.21787008515274,34.76868515163159,75.231651923205
1270,39.03,44.449581608699276,29.553270128940092,66.60862126012543
1271,45.9,40.12547451180553,26.042540061502617,61.54237397724649
1272,55.3,45.3970178275156,28.359450018939587,72.32164812004719
1273,61.19999999999998,50.593285904581684,30.32500667602419,83.97578876716629
1274,57.100000000000016,56.16729250874398,32.75759907999986,95.81077510978926
1275,53.11000000000001,53.45976057874369,30.772391239163614,92.3472554825609
1276,44.809999999999995,50.97487880903631,29.08076502062524,88.80449883378202
1277,46.199999999999996,45.45081634115964,25.507929551171287,80.39746767452849
1278,46.27,46.93210625798843,25.755078076001716,84.87105609636966
1279,52.370000000000005,47.45375024855052,25.291725481886253,88.29676048711254
1280,43.529999999999994,51.170492966522566,26.73908248569802,97.12005634192452
1281,39.64,46.46958323971418,23.923616673589184,89.41068808203802
1282,43.21999999999999,43.378094625416736,22.049955302707964,84.44117577317255
1283,46.839999999999996,45.46412698234533,22.972037645282807,89.05972409092809
1284,40.88999999999999,47.449055211032366,23.78424696387026,93.70979506714497
1285,38.809999999999995,43.07829236330633,21.58131990940366,85.0399598190015
1286,37.74000000000001,41.96684559923653,21.313820370273564,81.73571222290869
1287,41.760000000000005,40.29201658176666,20.74343744680944,77.41587318288
1288,46.77000000000001,44.73178120094279,23.8180399694033,83.26917735603871
1289,44.25000000000001,47.66927547743673,25.80607613522357,87.36423367410049
1290,37.699999999999996,43.74468330466343,23.5639164943674,80.50519012282557
1291,36.900000000000006,39.520854568068756,21.10872505427759,73.26659162369457
1292,40.32999999999999,40.24234098035191,21.46167120817238,74.72591877850807
1293,34.18,42.28728721873222,22.89892959767259,77.40473470156995
1294,31.21,36.0689154800408,19.700418188237748,65.38051861421783
1295,32.27000000000001,35.21858720416346,19.507256975966484,62.96691964229752
1296,36.99000000000001,35.87730262825972,20.22298820505009,63.078415159871284
1297,37.510000000000005,40.12832101901211,22.965444819925523,69.58240740169869
1298,35.78000000000001,39.00417426238601,22.563499169812303,66.91580260989285
1299,33.20000000000001,37.559739145668864,21.83479507712958,64.11350235287203
1300,35.64000000000001,34.46035787761084,20.15404150540909,58.4419265220176
1301,37.089999999999996,38.098959387210634,22.4965816632017,64.06174587756772
1302,43.14,38.01615837573792,22.540156504902974,63.66654603947116
1303,44.02000000000001,44.69603161318526,26.62272557562438,74.59454259777647
1304,43.24,43.49956134821841,25.87729845104116,72.67596724019502
1305,39.790000000000006,43.10596643596165,25.55808667509046,72.24835930574616
1306,34.36,39.38034461805712,23.37272631130305,65.90151157676864
1307,30.080000000000002,35.045151580766124,20.88565965257606,58.365491975357386
1308,28.130000000000006,31.698685760447503,18.866698444920782,52.81890974108234
1309,25.540000000000006,30.14252981624915,17.904064347563324,50.30416113299884
1310,21.430000000000003,26.72075234720634,15.742340845504067,44.89800899325855
1311,25.029999999999998,21.01583280828377,12.170106639269846,35.80280710841501
1312,16.139999999999997,29.22181534562918,17.571137657299985,48.181592406444885
1313,15.229999999999997,16.638080011879016,10.011017032892006,27.253690424429045
1314,17.529999999999998,15.773920261923571,9.593878890637177,25.55914834008898
1315,18.86,18.56414999145949,11.553240484665286,29.490610401026668
1316,17.93,19.740667023723347,12.487452900556043,30.894477909259674
1317,20.430000000000003,18.48554315672643,11.81271451290055,28.633563733146385
1318,19.4,21.391968593867286,13.865447194873557,32.729241437260626
1319,17.57,19.932430914145588,13.007667335716329,30.28048756970789
1320,15.189999999999998,17.96660202363726,11.715208176619667,27.291474848560103
1321,11.710000000000003,15.501083473806514,10.07546260993361,23.584594377603395
1322,12.95,11.763143350487061,7.616281951637031,17.9058144916129
1323,13.84,13.493718250395766,8.937726435392575,20.138423369525654
1324,16.390000000000004,14.319025294851679,9.653389818111048,21.027968561270136
1325,18.790000000000003,17.094900894535623,11.718740423440932,24.743542794506087
1326,18.200000000000003,19.439129908979755,13.48347042397906,27.843779785299525
1327,16.640000000000004,18.47935544619102,12.940244970088468,26.219413246555284
1328,15.86,16.86617337870269,11.930822775525298,23.685215839631486
1329,14.019999999999996,16.17421265322293,11.523521563547614,22.551968091518923
1330,13.150000000000004,14.207876464882215,10.181913572334166,19.68335666118371
1331,13.96,13.448746347645098,9.720362805684262,18.47380651220995
1332,14.410000000000002,14.461836836725203,10.549511209111373,19.699438620130707
1333,12.76,14.812106051678674,10.963823311751517,19.898227203334528
1334,10.4,12.855562872731378,9.580514676377005,17.144355770219402
1335,8.31,10.359790675638262,7.760086250839045,13.731001556286964
1336,8.41,8.22469794642593,6.196651976510165,10.824255567803553
1337,9.829999999999998,8.740506537874113,6.665328027212736,11.377483034978171
1338,10.16,10.485683724105959,8.092233152262825,13.509189150892023
1339,9.640000000000002,10.586664509203969,8.198052753179061,13.595566915230686
1340,8.959999999999999,9.980155947366223,7.696641165475867,12.863263107497062
1341,8.36,9.302016812195,7.1748842095334595,11.982636533858056
1342,7.5,8.785595792755586,6.700140786624002,11.435861586522924
1343,7.530000000000001,7.442744281187657,5.622305215735054,9.763613073610811
1344,6.529999999999999,8.058369519221184,6.0668264088009725,10.611160880443578
1345,6.499999999999999,6.239313794592104,4.6610815776597425,8.257535595916384
1346,5.669999999999999,6.8920769865862965,5.139596095190844,9.14478447710801
1347,5.580000000000001,5.445057295283116,4.054894360889838,7.217533458438062
1348,5.700000000000001,5.862470649443911,4.392882990298334,7.732528315411111
1349,5.879999999999999,5.814568704598093,4.387517854802698,7.61961813978775
1350,5.920000000000001,6.067196611774999,4.618905133532888,7.888790033385192
1351,5.72,6.027727388485725,4.610878312707296,7.802356688972958
1352,5.65,5.764014331876111,4.42107676411048,7.439631437193391
1353,5.22,5.746231130741246,4.368305606032226,7.477839715056847
1354,5.489999999999999,5.1071217800038875,3.877107481585499,6.647347649527909
1355,4.62,5.792272817657979,4.407820180813244,7.5311583016722174
1356,4.34,4.3557122320103865,3.283121039907579,5.696904720844549
1357,4.42,4.392514722141726,3.3085622035303057,5.749169132266125
1358,4.51,4.488013126355022,3.4158109160915657,5.820556551751704
1359,4.16,4.580878908267004,3.502918420535038,5.916893996280462
1360,4.1,4.085020077409199,3.1122782109604357,5.287859882324346
1361,4.04,4.161907331777887,3.1824346046396688,5.3707600526028765
1362,4.01,4.064582268265327,3.122770378678707,5.221543087793321
1363,4.679999999999999,4.0516435747552455,3.1161359224625125,5.199771651636552
1364,4.819999999999999,4.964073390268694,3.8639204710657546,6.313065996064113
1365,4.889999999999999,4.853270756447228,3.7770486914033015,6.1719550629524536
1366,4.59,4.951514581956771,3.8667168786778827,6.278115144611948
1367,4.3,4.602142032490576,3.590533706711648,5.836676813049489
1368,4.62,4.314115306453045,3.3558651455385355,5.483171665496344
1369,4.9,4.689036945379425,3.6745659506805683,5.923667717465839
1370,5.05,4.9617410321190425,3.9085863327095387,6.240853827344717
1371,4.990000000000001,5.097059403317861,4.032709791610151,6.3865044691347785
1372,4.679999999999999,5.018600805126316,3.963136145993764,6.298521456177813
1373,4.63,4.703184870653947,3.7030572586916115,5.91599440103455
1374,4.719999999999999,4.6731188183650305,3.6658765220886487,5.897798725475136
1375,4.9,4.770250538082353,3.746969420040739,6.0141153915320436
1376,4.85,4.953620763485365,3.855186585049055,6.30056395866523
1377,4.710000000000001,4.86992296854217,3.7507401848357302,6.252763635991248
1378,4.25,4.725007590872992,3.5750507624450476,6.1640105470735875
1379,4.09,4.268056494022045,3.1516800993089324,5.684623709044289
1380,4.19,4.176531992286432,3.04331113554527,5.627361231638494
1381,4.280000000000001,4.299376349568916,3.112714338551366,5.828431877975329
1382,4.119999999999999,4.368699737219848,3.136512795081554,5.967931273582874
1383,4.2,4.190752420280496,2.949942123136448,5.821343161163344
1384,3.8900000000000006,4.321235943563509,2.9886726908441363,6.098991108513271
1385,3.67,3.9515985942608687,2.614878894632729,5.782614121621152
1386,3.6899999999999995,3.8291456830212995,2.4807685570173397,5.699855978883768
1387,3.59,3.847502369798768,2.4678305279065182,5.776074850286948
1388,3.5199999999999996,3.6619798880355052,2.336776482289354,5.513488869214235
1389,3.25,3.611385292580377,2.3104486913392326,5.423562573937363
1390,3.0600000000000005,3.2456967768739196,2.0933202940327127,4.8273762196340355
1391,2.89,3.084202769901416,2.016270060621728,4.530244948369143
1392,3.2699999999999996,2.889026473403596,1.9142866961325886,4.18978689739244
1393,3.8100000000000005,3.48140170193052,2.398528187687946,4.909311356257547
1394,3.84,3.9777816126648506,2.8128026511512454,5.498712902411213
1395,7.100000000000001,3.8100035189887542,2.714584014919893,5.2284588960045735
1396,17.409999999999997,7.220717344896698,5.3686484229340445,9.611387091384007
1397,7.190000000000003,22.913765840896517,17.631878784201376,29.69299684249429
1398,14.429999999999998,2.725583187746511,1.410463331943801,4.7582166485920485
1399,31.450000000000003,11.037003849178138,7.081142543715723,16.929328789999154
1400,13.12,25.208520767102392,17.186958803740506,36.76808251516827
1401,7.520000000000001,13.893634291440772,9.665124832922986,19.79866348328398
1402,5.990000000000001,6.495941917553387,4.3564300643880545,9.49003619125069
1403,29.330000000000002,5.233433496295514,3.465972183211117,7.700388528797541
1404,40.53999999999999,14.393471997488192,10.33163016003126,19.911287854526964
1405,15.520000000000003,21.84524650074618,16.11016699935996,29.50264136518237
1406,11.69,10.187637589452777,7.320912605712698,14.042008102213005
1407,9.72,8.601864057075257,6.067365567898603,12.045284340366594
1408,8.37,8.202473171664403,5.693788729883625,11.651357234675588
1409,7.559999999999999,7.201839562021053,4.846661450261206,10.505740972590148
1410,7.039999999999997,7.287549199128149,4.895144728822629,10.650854200773288
1411,6.410000000000001,6.625361128770643,4.332127635671435,9.904865058963349
1412,6.1000000000000005,6.572950681734245,4.2206072078206445,9.98523212818378
1413,5.920000000000001,6.265014091308395,3.901801465392958,9.767557625404226
1414,5.86,6.412589946622953,4.005778809397877,9.976611594107762
1415,5.87,6.208328105550333,3.885691238230881,9.635136676398258
1416,5.61,6.5211342185526,4.230857303782362,9.814185256512284
1417,5.4799999999999995,5.886826284006819,3.7359900206059544,9.014458658005971
1418,5.34,6.445070517141692,4.151676779508296,9.759424043389405
1419,5.32,5.747168168816714,3.5885411326395893,8.921296765646586
1420,5.150000000000001,6.517016090429811,4.192294860589814,9.882573586616767
1421,8.579999999999998,5.591833401661986,3.483619989829247,8.691335950378226
1422,9.52,11.667564471534593,7.463674284128508,17.95951855583589
1423,7.979999999999999,6.74504988040171,4.205487333981551,10.523569994747996
1424,9.189999999999998,9.160793555163481,5.850758010178595,14.070117134083427
1425,9.299999999999999,8.278018903754763,5.231062226973555,12.814921379823998
1426,9.29,9.370929666497434,5.934974381702332,14.509240009771268
1427,8.11,8.685626839746694,5.394862885524809,13.669801207336238
1428,7.340000000000002,8.115813638135018,5.030692280754635,12.779190583209484
1429,8.31,7.962909950248447,4.985202582414224,12.422061103211442
1430,7.59,8.925145554102773,5.662681335556141,13.785115677741391
1431,7.280000000000003,7.2430024708675695,4.568725692846223,11.201550854267438
1432,6.9399999999999995,8.557778001801974,5.467835528807944,13.123908983901797
1433,6.77,6.435227192874394,4.069678034993467,9.904559032757211
1434,6.410000000000001,7.922753784201134,5.09413679156992,12.064284215544458
1435,6.519999999999998,6.640602951361562,4.11805819058825,10.406438005669719
1436,6.430000000000001,6.982019445516884,4.283927720967527,11.057817175618634
1437,6.820000000000001,6.53229667565936,3.911380963596005,10.551841250084696
1438,6.800000000000002,7.071064433372259,4.1209727410515145,11.720645936160697
1439,6.989999999999999,6.85741566553438,3.854676195791413,11.717425107468028
1440,6.800000000000002,7.055342897507611,3.8788750100663574,12.299899887278267
1441,6.410000000000001,6.797826310933771,3.654271903267306,12.064577325790745
1442,6.22,6.473871120711531,3.408772643636871,11.669909302224081
1443,5.910000000000001,6.345063059755248,3.2860948420669347,11.58720428262017
1444,5.849999999999999,6.0594831271376695,3.076966414459907,11.223868669995772
1445,5.61,6.049338471887109,3.0321244860171186,11.324315150377204
1446,5.63,5.805526875303241,2.8572994649653762,11.007155905612434
1447,5.65,5.872694602761237,2.8635223543623245,11.225613512884516
1448,5.41,5.861406013747166,2.826918464492601,11.302036984142495
1449,4.839999999999999,5.611581185302947,2.6583068589281105,10.948971875656133
1450,4.04,5.043042921259836,2.3074235954737596,10.041333743329506
1451,4.04,4.231197031246482,1.9107762359164169,8.401417409575075
1452,4.690000000000001,4.486964561875543,2.092197257837698,8.736371127995579
1453,52.899999999999984,4.71788834146909,2.1544520944466514,9.364477286900536
1454,44.150000000000006,24.155852646171777,12.590028252397333,45.564798144865975
1455,148.04000000000002,11.745297973122263,5.901080029876258,22.5387243330646
1456,97.36999999999996,119.97325610613214,63.044114442300994,227.50700365455847
1457,48.67999999999999,80.66438276282018,41.424551887852886,156.1983937428908
1458,27.9,39.14938243031518,19.570157859722688,77.36463485251214
1459,20.97,23.36071905004413,11.378918836684665,46.9399405121328
1460,21.499999999999996,18.44769606277238,8.821433513724935,37.508928622429686
