step,true_value,prediction,lower_bound,upper_bound
80,252.68000000000006,264.1640017435962,200.42476996481014,348.07299550577477
81,231.02999999999992,270.2776145809237,205.05683613218747,356.1419689541699
82,243.65999999999994,235.9657788659238,179.02866629610932,310.910216904981
83,254.97999999999993,268.830577328688,203.82943765612166,354.4593582577121
84,307.73999999999995,266.9102125228334,202.32203150404553,352.01576244875173
85,493.27000000000015,332.9498839090289,251.79192996769558,440.16331157052923
86,521.0299999999999,528.2464343105457,401.8240355345342,694.3452711895432
87,488.5199999999998,440.4236326668676,336.4336493317817,576.4611508445698
88,529.5799999999999,456.2947289501185,350.9343303152006,593.1974144388555
89,410.3600000000002,507.8881992036368,393.5449568001135,655.3693055134393
90,388.1800000000002,345.68411777515814,267.0346184454343,447.4117693998829
91,399.3600000000002,395.12624844955474,307.6903031605584,507.3282600850017
92,448.7900000000002,380.96374278670146,299.03418396105025,485.2655943982881
93,467.37,447.5710051911875,354.00332597166494,565.8001733434257
94,456.78999999999996,435.76006800842055,345.77841117642714,549.0900599883921
95,484.80999999999983,434.2515869639991,345.1392144318632,546.3056390493754
96,479.44000000000005,474.51670811395826,376.9239563337405,597.3112102474254
97,488.70000000000016,449.70718738327713,357.1528089626668,566.1796051168737
98,594.1199999999998,472.3747385697272,374.88134176559015,595.1552708718972
99,706.6500000000002,599.6504574843938,473.73782941798015,758.9583385181719
100,868.7399999999997,689.4911286267376,542.6138305397988,876.052738409532
101,948.11,879.5697923348632,688.4557033505716,1123.6598663328343
102,946.8400000000004,891.0716560415317,688.963126324596,1152.3831434613467
103,963.6900000000005,904.8382061737457,700.8510826980977,1168.1124741301098
104,958.3499999999999,932.531698855076,713.6349727844738,1218.4777277295016
105,874.9899999999999,917.0612199166137,690.8962089150417,1217.1543888445751
106,783.8399999999999,805.2179405421339,603.6800670526998,1073.9277230521827
107,786.6500000000001,736.122759776459,547.9143987571867,988.862835099021
108,706.5000000000001,785.032001403575,581.6784473006933,1059.3555187131676
109,707.7400000000002,647.8924701358244,481.4420162029729,871.771076435065
110,719.0099999999999,714.7851005813264,531.7533987416724,960.6988111654507
111,738.7400000000001,700.5005018920173,521.7604626609972,940.3545769123592
112,897.4900000000001,737.3372492053985,550.4263844584632,987.6032096551922
113,1108.7800000000002,962.1691450504238,713.9692365173356,1296.5310748977531
114,1218.2699999999998,1151.649274623502,856.3114883373898,1548.7288539392841
115,1335.3099999999995,1200.264981116998,888.4110974501011,1621.4640765053875
116,1445.4299999999998,1358.9680563449854,1000.5344526151326,1845.6794721334306
117,1482.24,1444.9000669455775,1066.9323329610222,1956.639954393562
118,1412.2400000000005,1456.8991338770832,1076.2640986163478,1972.025822813116
119,1368.7899999999997,1349.6299258648623,1003.2002637772396,1815.5711187727625
120,1345.1399999999996,1355.2938669210046,982.4796970211938,1869.433176220302
121,1241.4599999999998,1308.9173670676441,946.2387909817994,1810.4582351161325
122,1112.4699999999998,1174.5208249501663,822.0141917060196,1678.0101845353302
123,1047.1599999999999,1052.069614429231,742.6550375498738,1490.2231570269657
124,1014.3000000000004,1027.3264525715315,725.051826217661,1455.446020619661
125,986.63,990.6506279299697,704.5988299545018,1392.6686487097954
126,1038.4899999999996,970.6908898254707,692.8158763871882,1359.8555490057824
127,1108.8099999999997,1072.889638975663,769.7290035924923,1495.2963004166797
128,1130.2199999999998,1114.6841232151467,794.7650427427733,1563.2193310025928
129,1189.6900000000005,1122.3779771535392,801.6625495156696,1571.2398912407978
130,1228.8600000000004,1217.2916368174506,872.7015275741301,1697.7889633893442
131,1257.03,1210.34863315248,868.9407729001334,1685.741852722462
132,1347.58,1258.3510782440821,906.808621593532,1746.0258604622975
133,1379.6500000000003,1376.7760170355632,988.2350987573711,1917.9237780815606
134,1626.4499999999998,1348.4736232264747,967.4280633641772,1879.4484593908064
135,1829.5300000000007,1791.7492637896478,1268.9380662669685,2529.792649019375
136,1959.3800000000008,1788.1199465117425,1262.759109825683,2531.8800070511093
137,2026.039999999999,2013.1606281759023,1413.2100076845365,2867.6284314563363
138,2048.6299999999997,1965.4559461318413,1382.7792825398667,2793.483944708045
139,2040.0499999999995,2070.0468199049706,1424.275924326643,3008.4067099778545
140,2025.7700000000004,1990.8318034239285,1373.7402574413568,2884.9225673037795
141,1886.9599999999994,2022.371693653449,1389.178002428238,2943.9703588511243
142,1756.1999999999998,1774.929437927851,1228.997948572158,2563.1712428544806
143,1664.5,1719.27783048904,1186.9329279692793,2490.1808944726968
144,1584.8300000000004,1611.5691643305686,1125.5036960570612,2307.3628743088207
145,1549.2199999999998,1550.4098720427776,1088.2569382682807,2208.6463254099394
146,1467.0499999999995,1535.803754750192,1086.4207596173442,2170.8969034997795
147,1455.7499999999998,1420.7907796743368,1005.9141817063575,2006.6080542844888
148,1365.61,1473.4572015506615,1052.9150565980856,2061.807648106009
149,1356.9599999999998,1313.1810575084044,935.7851065427155,1842.6158301959051
150,1451.77,1383.4433886089591,1002.4155174109851,1909.1593138687836
151,1458.2300000000005,1487.5588426253107,1077.312413205799,2053.8844665252977
152,1444.0999999999997,1439.0585166581632,1045.12595152181,1981.3316001127557
153,1461.2900000000002,1444.217356992624,1064.0411116907012,1960.1010185673579
154,1469.7,1465.4355518230864,1090.5535732932103,1969.0665915671332
155,1401.1200000000003,1465.0212711891647,1102.1315738106762,1947.2883262554064
156,1335.0800000000004,1364.7334780723768,1037.4336396486926,1795.193672769198
157,1278.1200000000003,1317.585093364926,999.8131045106848,1736.2540793160933
158,1280.4500000000005,1258.4929612817,963.6968453567964,1643.3741131250815
159,1258.3600000000001,1294.1363136755313,993.1821196616697,1686.1939635887568
160,1237.3899999999996,1245.9107175179604,960.8477991288688,1615.4577585656502
161,1135.2100000000003,1239.9578669898735,957.5936148963857,1605.4956032598993
162,1025.1900000000003,1098.3786414794229,848.6106809900974,1421.5732142781626
163,1009.4099999999999,1003.338195787592,788.080030686411,1277.3180061475182
164,974.4799999999999,1027.795894097382,813.6049545078197,1298.3058609017721
165,997.93,952.8034970899172,740.2403941898275,1226.3226313513292
166,1021.6500000000003,1039.8104097072508,820.8305551335064,1317.1382733804478
167,1147.1500000000005,1025.6049291007403,818.3559555877337,1285.27573067184
168,1227.3000000000002,1217.5413819230005,983.0208015575068,1507.9549906959364
169,1207.0000000000002,1240.3282894271888,1009.0793131149869,1524.519731099389
170,1177.42,1199.7356331833328,984.0353057549208,1462.6694262356662
171,1128.16,1175.0423939051987,969.294392445234,1424.418638952234
172,1048.4000000000003,1113.6737766473914,922.4927654304204,1344.4329853534439
173,959.2899999999997,1026.1414096165647,853.7181945476219,1233.3477441795837
174,930.0000000000001,935.8294474805895,783.054488553848,1118.3729855249853
175,938.0499999999996,936.8155845320139,785.3511832110743,1117.454565045203
176,909.91,950.1169172834709,799.9965660105154,1128.3723702817185
177,817.7399999999997,899.5940816765392,760.505886035141,1064.0865801887983
178,763.1700000000001,783.38535156663,667.1339925647085,919.863758765751
179,761.7799999999997,761.0219845067802,654.2942100948127,885.1325125818446
180,767.53,771.6174531098483,669.3576189359517,889.4765337007115
181,693.8799999999998,774.6527403216163,674.6875652789967,889.4073487278282
182,674.4100000000002,656.8959994880432,572.7680063552616,753.3591509952133
183,735.1699999999997,690.0437677357813,602.030926265815,790.9021531508736
184,820.4199999999996,770.9525704933533,675.8893961270575,879.3665332931856
185,801.0700000000002,863.6137486546999,761.6106655775368,979.2602666153326
186,789.3300000000004,776.4117014877319,689.8820761642236,873.7787422211126
187,735.06,807.1537831017558,721.4670251523439,903.0032477661666
188,663.3800000000001,710.6247801044462,639.371335648523,789.8065203228456
189,700.8399999999999,649.8774954703077,586.9441105285252,719.5472535967289
190,586.1299999999998,745.8773073054585,676.4635256982724,822.4033139908049
191,531.9999999999999,547.6958971425157,498.41650237151714,601.8378840334467
192,556.4300000000002,538.7547412619086,491.86298535391563,590.1078522269382
193,583.6199999999998,576.4321997256636,527.2570435725451,630.1850439798808
194,575.7499999999998,600.4805211614726,549.5926333374762,656.0716632071801
195,627.6300000000002,577.5587761808841,528.6901739560739,630.9359390715841
196,648.5099999999998,664.3017868258955,607.8256305824293,726.0168096081852
197,519.6100000000002,653.6200187000043,597.9310504172,714.486980653771
198,402.0099999999999,473.98202323720284,430.8272280137515,521.4495070313682
199,440.0299999999999,377.5692712367901,339.048688358469,420.4534507296095
200,468.7899999999999,497.56485179341536,443.752596658225,557.8880499213908
201,433.41999999999996,470.5122410744478,417.6115813159872,530.0980474647403
202,445.9899999999999,428.4286368664267,375.838901646167,488.35753011537065
203,405.2499999999999,473.24357560553864,414.25410133107147,540.6128781924148
204,367.85000000000014,386.4323566648782,338.7009493758782,440.8705077706802
205,366.56000000000006,373.6472099644873,325.45613638737353,428.9521935394792
206,427.4399999999998,378.1271310804445,329.0428350979523,434.5112919770829
207,350.73999999999984,476.45695015355534,413.41667002597245,549.0867984766335
208,314.31999999999994,333.090689506111,289.64733980575664,383.0275603047441
209,317.44000000000005,323.17508915179906,281.3603905864064,371.1821187749701
210,333.6400000000001,329.0215455986321,286.593088199803,377.7094510548275
211,293.04,349.2982071041166,303.3567835351314,402.17430245872765
212,305.10999999999996,286.91014841297385,250.08587820465476,329.13506833553146
213,234.50999999999993,320.2658149167266,280.12701681534077,366.13555674338977
214,217.25999999999996,233.2537367262178,205.50294691440303,264.73380181805425
215,217.48000000000002,220.55906985289025,195.396077531322,248.94603787974884
216,236.25000000000003,221.34449811704377,197.00140383981224,248.68043096763006
217,247.44999999999996,243.62167240389078,217.3161844398442,273.0967774020665
218,311.1799999999999,253.40884802561592,226.41170122991133,283.61095714809176
219,362.2500000000001,328.56461246847454,293.47916341682105,367.8302850743961
220,311.57000000000005,375.6300964027873,334.3274840853978,422.0199916456828
221,271.49999999999994,304.2551243498815,270.1332411367069,342.6712169677468
222,276.35999999999996,272.8429067108499,241.23873876171587,308.5703764772857
223,252.95000000000005,287.34433251287345,252.7078702669104,326.70940059851307
224,313.6199999999999,254.21291476092432,222.66142442732723,290.2153136265581
225,289.1700000000001,335.56875011411785,292.39278153956576,385.0985364362253
226,351.22000000000014,291.1079972932863,252.96751644587957,334.9763613740647
227,388.77000000000004,360.2757180248868,312.4744207337482,415.3661715328785
228,338.2599999999999,391.63819310198585,338.9572689327483,452.48273083370896
229,248.54,340.86646640573287,291.83465284484595,398.1080963859332
230,205.82000000000005,251.3903208963513,209.98699273530264,300.9184891747342
231,244.62000000000003,216.71467151372224,178.6847282544719,262.7935825308421
232,252.16999999999996,268.49282101249224,218.180784777662,330.3537756101371
233,268.3799999999999,263.2391146842229,209.88607780702444,330.0901812731053
234,279.46,281.004279498751,219.60491867133948,359.4924773870944
235,253.01000000000008,286.37109378842973,218.13607567562283,375.85326476048175
236,268.66999999999996,260.0117867885607,192.9835788097632,350.2006184264099
237,261.72000000000014,280.76036590545783,202.64888937026254,388.83224529566274
238,267.8100000000001,267.59566874817745,189.68015271750326,377.3489379577067
239,260.4900000000001,275.29701096299493,189.3953978804699,399.9552705418415
240,232.71999999999997,265.8211238855628,177.87457179278954,397.0080088411129
241,229.12000000000003,244.31904600235342,159.03120371657494,375.0606240148628
242,221.77999999999997,246.26374886775724,157.009729413074,385.9341573537214
243,246.43000000000012,236.66854210803834,148.04572977656056,377.9866103003484
244,256.55000000000007,262.23181682211276,161.52919552616825,425.3294921453914
245,280.88,259.46154901644826,159.11753798046632,422.6901177204206
246,316.47,280.8265667833678,172.45272619562004,456.91274364476214
247,279.23000000000013,303.81950118954313,186.94594019616108,493.3704993492577
248,258.42999999999995,266.3831264668609,162.87622601501093,435.26667551304587
249,232.39000000000004,263.3071900178079,160.2270446759965,432.2913924924789
250,208.45999999999992,242.9096476439946,148.39754164337586,397.21214967398635
251,283.12999999999994,223.84311970323773,138.90411026679536,360.35055918998984
252,272.2,291.46432364624496,179.93185086950285,471.7491604977165
253,399.7099999999999,264.01230952096915,162.16452701743117,429.4337804389002
254,389.77,348.8789710554541,214.83380006126256,566.1738826452425
255,362.95999999999987,334.17855035365653,207.88707090123805,536.8248645666313
256,349.50999999999993,330.22390897491005,209.26921864371639,520.7562446099765
257,320.54000000000013,323.09362992366624,208.07569692907322,501.3858941995107
258,336.2,305.11613195710095,200.05383831457345,465.07956868627883
259,354.3100000000001,323.21755798326325,216.2394727989536,482.8762659027084
260,387.99999999999983,333.06731957475444,226.36002611488624,489.8557406281637
261,377.61999999999995,363.05379620852085,252.50931716816385,521.8019546355325
262,463.84000000000003,359.22435771431236,255.51695553564696,504.8596911059025
263,549.0799999999998,436.2628438333715,316.5569065641066,601.0930127641526
264,555.3900000000002,524.7064982614493,387.4743204972997,710.4172230497182
265,571.9699999999999,532.4674661108473,399.1050413021907,710.2820585126923
266,575.1599999999997,551.578854791522,418.7205530399611,726.4921100507521
267,564.71,557.2445950544143,427.6823486590536,725.964916755467
268,552.2700000000001,547.529908492763,424.47868280944857,706.1683557078013
269,455.30999999999995,536.5796280282458,419.2424706825713,686.6788440768427
270,437.2300000000001,440.37773054793354,346.46824225327424,559.667932586603
271,530.3199999999999,427.3434817781177,338.23896392470976,539.8521953348541
272,558.2500000000001,518.7866481226295,412.92039241700144,651.7297628148
273,540.6099999999998,543.522587914051,434.68797417496137,679.5440276612878
274,454.71999999999997,525.373591389382,421.8696039465439,654.2118079103675
275,533.92,440.2304921774076,354.7314143148018,546.2790408519642
276,651.85,519.1341448647829,419.3407325360385,642.6195869526489
277,721.31,631.8980839947077,511.70996561061736,780.2603842157054
278,814.6099999999999,696.8386015821048,566.2882841636062,857.4325244369452
279,790.3,794.0886287517939,646.8893181873493,974.7313630961969
280,839.3899999999999,762.3360896251527,622.112970509428,934.1145190379292
281,826.7599999999998,821.0693705516784,670.5899835655548,1005.2658266749852
282,796.7599999999998,807.3404486232272,659.0664611099244,988.9219538918271
283,841.5699999999997,766.6600615829402,626.6782170112581,937.8599989267332
284,854.4900000000001,838.8629098807766,680.7754847655519,1033.6070270273315
285,866.4900000000004,831.7212052624209,667.9238685128093,1035.6270936562046
286,880.0300000000001,851.773595542294,682.2933161364087,1063.2908222286098
287,868.1200000000002,864.8334028525256,690.645928368938,1082.889098086754
288,869.1799999999996,845.1601717674275,669.1829775092243,1067.3456015944955
289,885.0799999999999,857.2558147886982,671.8338077093289,1093.7770982650031
290,912.9799999999998,874.1719103811787,684.6248888237403,1116.1208706181394
291,898.3800000000002,905.3957289269026,705.189088970645,1162.3615277381914
292,890.6199999999999,865.519329094731,672.0869521293652,1114.5404889656377
293,904.5199999999999,876.9921482086969,677.5790330959945,1135.0065294075657
294,914.6899999999999,892.5329145063408,692.3884682440796,1150.4484388932046
295,911.8000000000002,899.6674316069098,697.8709916023545,1159.7318548126939
296,888.2599999999998,893.974982613157,694.0805207695302,1151.3560156982214
297,815.3199999999997,866.4258587752987,674.3527391957914,1113.1253700518837
298,738.9499999999998,782.8343643716162,607.5151422819888,1008.6647857698525
299,781.3699999999998,716.0510391456592,554.8507178423639,924.0005014578087
300,770.6900000000002,803.3322592843341,622.529219511977,1036.5622554333468
301,656.0100000000001,757.4045142394633,588.9910949916452,973.8916756564628
302,605.6000000000003,618.4145191356195,482.854519339211,791.9539379728974
303,644.8599999999998,613.9090019526192,442.6686598051112,851.242033161546
304,652.9400000000002,688.8417495223823,484.75646153969524,978.6712489952395
305,579.58,644.565843057751,444.9355044076,933.5639752916744
306,602.8399999999999,548.6936704863649,383.23569386252336,785.4004729370197
307,581.6400000000001,628.9385699199571,447.7003433496655,883.3822113226305
308,576.48,578.2379612040955,419.3671882985573,797.1512949616404
309,605.2400000000001,583.7601473926504,432.07421029704017,788.5746776150417
310,565.89,625.1157916770125,465.752337388374,838.8907797244523
311,525.9300000000001,551.5002560953745,413.30064397488474,735.7995619238269
312,478.7900000000001,525.9546476269902,396.1520955034259,698.1810034483127
313,429.6499999999998,467.3727816723783,353.24269128692276,618.2733626050672
314,452.3000000000001,419.21239841624606,317.6651413383305,553.1191579384533
315,466.22000000000014,475.74005285481354,360.93235217199856,626.9656312348701
316,441.91999999999996,466.9652564971962,356.1112734804642,612.2303781792164
317,425.28000000000014,437.0286896715412,333.1697874303967,573.166606893902
318,394.60999999999984,426.07446702702174,324.7913931827747,558.8447479061831
319,354.84,383.8785637802757,292.5710757685808,503.58482147723026
320,403.6000000000001,343.4064674794743,261.7434513500672,450.45107987354555
321,406.38,456.4338220134365,348.0833265436269,598.4147689424797
322,384.66999999999985,404.9243560311542,311.7862548895567,525.7961115410533
323,360.2400000000001,383.9751826866722,297.56761894150503,495.38970163630813
324,315.11000000000007,356.6244162604981,278.31944256193077,456.88156360545884
325,292.01999999999987,302.47793016761625,237.18690748267133,385.6663162647635
326,252.7800000000001,291.59338107650393,229.41814736799165,370.5457642016994
327,281.85999999999996,239.5477748946874,189.0603038708613,303.4466983810625
328,358.96999999999997,297.6883465305195,236.77849541891356,374.2009961874765
329,365.60999999999984,393.4260076780044,314.4713451681017,492.1410662667676
330,362.8400000000001,359.38327998723025,284.5898473446085,453.7644452417761
331,319.31999999999994,374.10563145256305,298.3030145343691,469.10630670166194
332,279.6299999999999,304.4477404931056,244.74495565864962,378.65508558368526
333,259.4799999999999,278.7771418049902,226.00561047365989,343.81636340724754
334,310.59999999999997,259.9280536040079,211.90197213900765,318.78778060882917
335,432.3600000000001,345.99623179231554,284.8709732853137,420.1913629926138
336,545.39,484.3535022267288,401.4383199509687,584.3518674674215
337,511.31999999999994,575.620116912826,470.4950662918867,704.1839626731688
338,437.1400000000001,457.419807772166,376.50145967435515,555.6831988918682
339,417.5,421.43774141994186,347.8857583956261,510.4959297754439
340,393.28,413.84893728049616,343.6403030491378,498.360171286234
341,363.71999999999986,382.2003534043987,318.83602410000833,458.11810985788264
342,384.73,359.8535654802075,300.97836217291285,430.2073712262109
343,463.6,407.1525161309905,339.2013970345308,488.67605035187296
344,507.8999999999999,484.13115179082354,403.9103654618597,580.2452693559408
345,421.9200000000002,482.71959620239613,402.9396483890406,578.2564525006837
346,350.7999999999999,367.62684190477285,303.29854734227524,445.5540495000851
347,390.42000000000013,349.4175262893232,286.380110248702,426.2823287055688
348,410.5899999999998,422.08067420983787,343.9606305613712,517.8918416532347
349,339.38999999999993,387.3034848342145,313.9613692817958,477.72409457139673
350,380.09,316.60690820666275,255.34007009966194,392.51689379415734
351,505.65999999999997,436.9787998425321,350.78461908839853,544.2922575426807
352,660.0199999999998,496.5579426515873,398.02988412722783,619.4144505045299
353,689.1899999999999,685.4874096504791,551.8878943990991,851.3698355175862
354,430.9500000000001,581.0832946565403,471.18323120019915,716.5624620488848
355,370.41999999999996,331.3707001724951,267.0430590592477,411.13632884534616
356,399.1800000000001,416.15168397152553,330.4692127793965,523.9824741825796
357,469.5299999999999,379.0972821393906,297.2643048603575,483.38227952685065
358,519.7300000000002,522.7097479327668,398.7785248242368,685.059613133012
359,565.2999999999997,449.03272673293486,330.8070801077047,609.3831632071845
360,491.65000000000015,573.9190647777997,427.4311425857581,770.4937085340804
361,390.1499999999999,412.4893380824648,308.72321135812524,551.0200825703779
362,415.9299999999999,390.61742570106423,291.7590568370633,522.8581165332974
363,473.95000000000005,436.2191723445494,325.9078483621601,583.75379414531
364,514.8900000000001,474.8960357722885,354.74960178864234,635.6192280331311
365,543.6500000000002,494.01612589918545,369.31727638804335,660.7054631916978
366,533.8600000000001,512.481396439317,382.8574527661226,685.8777526378163
367,492.89000000000004,489.9700717217379,365.1605682782738,657.3221466470268
368,470.90999999999997,467.9202333554294,348.82374419371797,627.5627802564094
369,414.58000000000015,463.77983798593954,345.73452251425914,622.0135269825997
370,352.77999999999986,401.380064397316,300.10160984274154,536.7245120308387
371,403.40000000000003,370.53663776218656,276.67709157818456,496.1222955955044
372,576.7199999999998,460.10137991902224,345.46743179763064,612.6636897156129
373,701.4599999999999,584.9615043422186,441.0536005904276,775.7177647968488
374,590.11,617.6767956526278,470.6644256612099,810.5112284383629
375,444.4599999999999,488.3043569493493,372.9172122163534,639.2988306167767
376,391.12999999999994,424.23744676856006,323.97146544463504,555.4392734815395
377,370.4499999999998,408.92230464086884,311.3872119046866,536.9102903013563
378,565.63,389.1710528507637,296.88520433284754,510.04737082736267
379,654.8299999999999,664.3369037568607,506.08682861689897,871.9731685363947
380,681.5499999999998,516.0930179417987,394.805172308317,674.5474862664872
381,670.1900000000002,643.5914846961126,497.3497178010845,832.7482039241048
382,645.4799999999999,568.1593709616856,441.4797585895176,731.1066857072177
383,659.6,602.1081706074079,469.709901191486,771.7465781635306
384,497.76,600.9065697767725,470.5089382771401,767.3661736386758
385,444.3700000000001,443.6826664574217,348.2676738796402,565.1636865821882
386,537.2199999999999,478.14359245167503,376.62509306732323,606.9537255395458
387,648.37,558.1651403443861,441.0577301633048,706.2959770680907
388,748.1199999999997,622.8053194476518,493.1445098185895,786.4884145005387
389,736.1799999999996,692.9505445225815,549.5658360065744,873.6771534829429
390,637.1900000000002,641.0505454487005,509.20799641757014,806.96245022705
391,581.38,575.2606330685107,457.4707550862579,723.3129764341089
392,600.4,558.71936326522,444.7519900968014,701.8252763290834
393,623.0000000000001,594.3196043780124,472.60144222091367,747.3200002407913
394,704.4100000000001,596.4600909927611,473.2791137594887,751.6339448084896
395,695.1500000000001,696.8069518324111,551.1207027282722,880.9349457817508
396,617.75,619.7136150560212,487.9159743909994,787.0400970654138
397,658.6,585.1845723612248,458.7158392223612,746.4451031653691
398,639.6099999999999,661.595700317993,516.7527040607118,846.9589940073214
399,738.7100000000002,586.0986266768411,455.69900265205877,753.7307864572563
400,784.6100000000004,760.2189479518671,587.0689894058737,984.3508638610075
401,752.9299999999997,690.4451422005428,531.2715655035075,897.2189086513927
402,648.5099999999998,704.7573871464339,542.2448376602649,915.8858219749152
403,620.0200000000002,591.637328725784,452.8181989639788,772.9200503660509
404,542.9500000000002,628.2258521036805,477.5349915979186,826.3693249338652
405,509.97000000000014,535.7347368123204,405.7953907708151,707.1795522685626
406,524.5699999999999,539.8249192228811,408.14066823269184,713.892495326537
407,545.4199999999998,546.2668194142828,413.200505000648,722.0821015811092
408,545.9799999999999,570.3101468635228,432.01001135285117,752.7823037612105
409,533.1800000000001,552.1427273001062,420.5442399753109,724.8238821693295
410,425.08000000000015,553.6732581538203,422.83093569612504,724.9083691133862
411,415.3100000000001,428.7965513024868,328.76392456722436,559.173693207772
412,435.19000000000005,470.34134462963385,363.2176170364442,608.9723153562924
413,445.08000000000015,467.360541578887,363.2961304615103,601.1518719679209
414,542.9500000000002,475.42360255855607,370.7240626971442,609.6127416879133
415,628.5400000000002,598.8644305629475,466.39268368210355,768.8822587889546
416,518.2599999999999,632.0758371774787,495.5260824336319,806.178172098414
417,417.2300000000002,483.0970113228944,380.29892723465855,613.6094301165846
418,378.7400000000002,424.381859013448,335.40982319541575,536.8847866538837
419,385.54999999999995,395.86363403522074,313.90170069463545,499.1584420541833
420,378.52999999999986,412.70108951863165,328.1625533066967,518.9515854691875
421,384.15999999999997,390.1901609166707,311.26306577891177,489.06673785223995
422,503.95000000000005,405.3864765512699,324.54020977469804,506.3105053229949
423,526.3099999999997,567.2463120573418,453.6309902554303,709.2548618283793
424,445.68999999999994,514.2320871151354,412.24849287797434,641.3837186779671
425,377.2899999999999,436.34848088159356,349.9937433222989,543.9490122500594
426,359.05999999999995,379.049317227834,305.1059226391052,470.85458641266695
427,351.8100000000001,378.08417360298347,305.1983045609198,468.3194199175132
428,333.66999999999996,364.5184549029034,294.12612616516077,451.7004864348657
429,366.33000000000004,342.50200881725357,277.8596600062213,422.1290752447167
430,356.31999999999994,406.21828017485103,330.7015675407325,498.9274767919214
431,381.41999999999996,349.01157889377714,284.76942570776083,427.6956347982322
432,368.2699999999999,422.7877070710493,343.51490946303096,520.3011562967189
433,371.22,363.10856441095683,293.7232810129171,448.82889109326055
434,418.96999999999986,399.16663375523956,324.0688835228517,491.61354404517454
435,416.8799999999998,441.0451391620727,359.5174899425125,541.0095016415847
436,446.46000000000004,412.9714659506526,337.02924402550997,505.97499595153204
437,499.9999999999999,465.662284275068,380.0264938625659,570.5447378926203
438,444.48999999999995,493.947328196051,402.9170647278109,605.4929637312803
439,467.73000000000013,408.55890354739273,331.42437696581396,503.5914412353475
440,464.75000000000006,495.18526204986836,400.57065129351423,612.0921507397344
441,457.46000000000004,429.876783930444,346.5391345528953,533.1982656689443
442,425.04999999999995,454.47493098384064,365.64226805757363,564.8305951842888
443,402.66,409.01200198696966,328.52615283348473,509.1562966333407
444,388.56,409.1500527076516,327.96188582510786,510.3755513473829
445,306.23,392.95273116767726,314.056668130291,491.6058391828421
446,296.3199999999999,304.28501934385895,242.03665150848457,382.47690546800806
447,301.39000000000004,331.96377031662695,264.9629985789275,415.8432185523097
448,427.8799999999999,322.22032083519855,257.07710750620265,403.80683006065476
449,542.1800000000001,454.8357377564008,361.0657473098425,572.8908509290894
450,551.2600000000001,500.6279935910685,395.79665566009925,633.1551531869534
451,436.10999999999996,502.0730717977938,397.4751169775167,634.1275268772879
452,412.98,396.4092952187556,313.34855089072704,501.41729277501474
453,332.5300000000001,417.31204042095186,329.612891415797,528.2744708525879
454,302.4900000000001,331.88044750247985,261.58510779824513,420.99419936103396
455,305.41000000000014,327.20739784748304,257.70184405774467,415.3870435255649
456,317.03,328.86847819683305,259.0864723981311,417.373212203544
457,296.3199999999999,336.61422427712324,265.1856038142256,427.2101015267307
458,296.77000000000004,308.05059110102803,242.71457970518404,390.90215035733127
459,300.16,316.1987189894768,249.2321221011848,401.08677640466954
460,307.5300000000001,314.5001066186129,248.05854257183418,398.6663445006967
461,308.9500000000001,323.24465327596545,255.30125361966373,409.1993013817432
462,318.23999999999995,320.55982064742443,253.43164864497476,405.39880614492887
463,309.15000000000003,331.8266472016305,262.7161214009412,419.0485601677111
464,297.41,316.6303549095501,250.771829299741,399.71616685858714
465,302.28,306.84528317712955,243.37204494435696,386.8050715497583
466,316.37999999999994,315.30669749844213,250.65606813244722,396.5661211940833
467,332.33999999999986,328.33841945596845,262.3926624589188,410.79504970709826
468,320.25000000000006,341.9037717563672,274.3756980627094,425.9911888084126
469,317.1499999999999,322.47794842486746,259.42596009812365,400.79551638298875
470,319.62999999999994,325.17656204096744,261.03654403756207,405.01645856546736
471,393.86999999999983,326.4678156919205,263.1838700087051,404.911119064552
472,445.96000000000004,413.1360540737115,333.34968588347897,511.9619632527931
473,440.29999999999984,433.2342576416575,351.4532214418595,533.9912528483048
474,460.9700000000002,417.9624937775445,340.59727511608855,512.8494478114527
475,462.57000000000005,446.364398038107,364.5969180279221,546.4195617171827
476,428.97,438.0226134746025,360.4351966012649,532.2653182492955
477,426.58000000000004,404.2410336544693,334.88235931696886,487.9220609599495
478,436.40000000000015,417.41226986131466,346.9739389882981,502.1090204039244
479,538.76,424.19505260935404,353.99980517942373,508.2702309289893
480,743.6100000000001,563.6321300679634,471.2483759653237,674.0884884535741
481,900.2399999999999,800.8223367461634,668.2021335493562,959.724760835898
482,939.35,921.9967060816928,765.1736811164274,1110.9187991373944
483,970.7400000000004,921.3042043656098,762.9354215027729,1112.5038662262016
484,1061.05,979.555040176226,805.316651184913,1191.4449103240727
485,1122.4099999999999,1096.7998841627088,893.9082141541801,1345.6907182282541
486,1276.0599999999997,1121.20507291005,897.7749449910547,1400.1786072625605
487,1351.5399999999997,1375.2801128946076,1092.5138059327783,1731.1655555445568
488,1381.8000000000002,1313.313487355037,1026.6680557246937,1679.912366031668
489,1380.1499999999996,1411.4195849385133,1092.2736110192225,1823.7299338525843
490,1398.2300000000005,1342.3708364569814,1026.978056564179,1754.528916905885
491,1413.9500000000003,1419.0836360033745,1076.2025937663316,1871.1060874849848
492,1433.6300000000008,1393.8399720696693,1043.179882213075,1862.2599428747676
493,1499.5799999999997,1443.5840192914436,1077.4678155833296,1933.9886557935765
494,1551.2599999999995,1521.0031428081197,1134.0842489797565,2039.8120091525532
495,1561.1099999999997,1554.390272113026,1158.4916510415062,2085.465130137648
496,1565.2400000000005,1548.2517640531232,1149.6129516460906,2085.0020956551602
497,1487.4600000000005,1560.989325456568,1143.8379655616422,2130.1405860333484
498,1469.91,1420.953362362612,1036.8681258366055,1947.1775327713067
499,1497.6299999999999,1494.7947188993285,1068.8494517055792,2090.3240059339214
500,1696.85,1480.2535492847546,1045.3417794643685,2095.9363169191893
501,1751.22,1858.7781190882897,1282.9632632368632,2692.82680273891
502,1751.87,1662.2880725029502,1143.9761756959992,2415.231246426489
503,1772.4300000000005,1786.4944386114817,1238.1860020522056,2577.415478205481
504,1888.79,1747.006625770253,1219.7101976687131,2502.0733499008097
505,1962.7399999999996,1965.186327149743,1380.7215389324163,2796.8782729677687
506,2093.639999999999,1943.2345833568093,1359.205115342848,2778.0280101746575
507,2416.8999999999996,2174.7860247860804,1531.195144716847,3088.7140236854593
508,2440.9700000000003,2564.3245860952356,1785.4886081890709,3682.7012012607274
509,2486.6600000000008,2340.395580551325,1636.1808813612324,3347.52020753331
510,2458.43,2564.0701263011865,1802.7533999581842,3646.718558975588
511,2462.230000000001,2381.47160159665,1676.9310404798064,3381.839220133504
512,2459.5499999999993,2471.253392702261,1769.6773103038424,3450.80728423014
513,2412.5299999999997,2445.1680357143623,1776.4622246834338,3365.450198409348
514,2370.9100000000008,2386.496953025781,1754.6598892597465,3245.7232039519836
515,2383.24,2351.4728558603947,1747.6411259151223,3163.816642788135
516,2459.61,2383.8589624196625,1783.511657186082,3186.175745100951
517,2680.9500000000003,2479.0897951605402,1869.207300991523,3287.8575447216326
518,2740.9499999999985,2754.1655801196284,2089.485483998208,3630.183967543131
519,2635.9100000000008,2721.360514973475,2073.0447064428326,3572.3302905498012
520,2593.140000000001,2585.5823584288314,1977.0705156316633,3381.290087266574
521,2576.860000000001,2579.6858148030024,1972.6632061914156,3373.4051436096556
522,2611.429999999999,2559.3338772591164,1963.2289068813823,3336.3450212829844
523,2539.4900000000002,2616.3021621944313,2011.780862624295,3402.38619838434
524,2573.3800000000006,2493.0909766890413,1921.1805559924214,3235.163106847194
525,2508.81,2586.059667227551,1994.589935271189,3352.834173795835
526,2473.9699999999993,2464.814572908756,1920.3563392898093,3163.5569245196
527,2303.1599999999994,2461.4217229517135,1930.2666197362446,3138.6600964876548
528,1968.9900000000007,2234.7038570492373,1770.040492422652,2821.2797602935852
529,1887.6399999999999,1856.6168445988237,1485.9497351641783,2319.683920735414
530,1667.1500000000005,1905.5823946780772,1541.7519571835774,2355.2157291522685
531,1590.52,1581.862573076282,1291.1187698697363,1938.0275752268908
532,1568.7499999999998,1605.4107752743307,1322.7346648130626,1948.4507830856735
533,1572.8799999999999,1571.4471088685514,1301.749258212423,1896.9783673658342
534,1529.3399999999995,1590.2133513542406,1326.8485053205754,1905.8138566882037
535,1597.57,1521.8707585452303,1275.987272518981,1815.099030225576
536,1634.3800000000006,1641.8973383039645,1385.4076987992742,1945.838340946801
537,1639.2499999999995,1649.4765623989342,1399.282637139616,1944.3736058548282
538,1631.1399999999994,1653.3953551393483,1409.0207756414927,1940.1231652678555
539,1596.9499999999994,1638.4595499850702,1396.9374924202243,1921.7094420250942
540,1591.35,1596.0187093476359,1360.4493093374579,1872.3483064805112
541,1610.13,1602.856787236324,1365.5237690014517,1881.4089652269272
542,1735.4700000000005,1625.7143669537816,1384.799503586323,1908.5111701265
543,1846.5800000000002,1791.0672320201786,1528.8502703832935,2098.228288057134
544,1878.1700000000003,1879.3864344944473,1605.9940039545684,2199.2901904609116
545,1909.6999999999994,1888.0645928310057,1618.6098363228043,2202.348581773199
546,1874.4800000000002,1926.9618915931474,1654.0746928502806,2244.842481606764
547,1821.7099999999996,1864.0354294814492,1605.1561914884599,2164.6406591426107
548,1889.6400000000008,1816.3585374329039,1561.568529082932,2112.6942105948237
549,1763.2800000000007,1925.5798242915416,1663.7690057410657,2228.5644660413254
550,1636.7099999999998,1725.9418530289743,1494.0680872660787,1993.7774881588916
551,1555.92,1621.2419715718097,1405.493635047343,1870.0849084223614
552,1493.6499999999999,1546.6934386541388,1341.4210027324393,1783.3545170832638
553,1380.8600000000001,1488.8534448139144,1292.8306687976863,1714.5747970378127
554,1370.2400000000005,1353.4515227768406,1175.1629128181899,1558.7660048273292
555,1268.6200000000003,1392.4042747097717,1211.4768718364292,1600.329903999518
556,1153.41,1238.5481657025489,1078.873068055019,1421.8335723419214
557,1052.7700000000004,1133.423697730127,991.0126188845661,1296.278987659173
558,1075.4200000000003,1030.585314296994,903.8733954999154,1175.0410527765673
559,1064.65,1104.4389873064342,974.3410217460129,1251.89035056632
560,1017.0200000000003,1057.9535422663882,935.4789603198644,1196.445593754195
561,927.3800000000003,1009.8831558948528,896.834965699488,1137.1654690578957
562,824.7299999999997,901.3168030478369,804.9855206712983,1009.161587498928
563,774.2000000000002,798.2846145956494,713.9431123715478,892.5758441117895
564,815.41,768.8976912286107,687.3315994736108,860.1292223289391
565,867.1399999999998,847.0262911857815,759.4694785244089,944.6639758083719
566,893.4000000000001,885.3533375699851,793.5568804334667,987.7551896761119
567,853.7800000000001,905.6062494230606,811.3777079329365,1010.7644581660546
568,733.2600000000001,835.8735713548159,747.5419187046435,934.6287963727362
569,668.42,689.8336192221144,616.2050180816196,772.2456403723104
570,565.8099999999997,663.0762955841468,591.7346655032246,743.0046145814025
571,537.9300000000001,524.1578480368678,467.1166438615091,588.1496680820984
572,507.61000000000024,549.4451395376125,488.7177185026718,617.7030613615191
573,552.1799999999998,493.4343682007692,438.8191635247842,554.8314978795097
574,535.3400000000001,583.2741016834862,518.0899058541002,656.6437377189046
575,524.9499999999999,523.5390860156779,465.18922480367496,589.1922183508902
576,487.0199999999999,529.2209847902362,469.7896178418358,596.1548268219806
577,480.2599999999999,475.84882029260405,422.17009729785303,536.3366380715715
578,479.52999999999986,484.9668129075487,430.073375412359,546.8504512639162
579,471.3300000000001,480.6957796422569,426.16667033692033,542.1856936360495
580,466.25000000000006,470.8785511576376,417.2966267637531,531.3240800801177
581,462.04,467.4613585744106,414.1688663844432,527.5946568887656
582,444.9900000000002,463.02399072003146,410.255922196876,522.5627071667236
583,369.7699999999999,441.4381754083856,391.12445819574356,498.20767492902644
584,390.71000000000004,348.397829482476,309.86122300429776,391.71171253603933
585,374.84,408.00594602436325,363.95996977887296,457.3677053257151
586,369.6800000000001,369.66433111039805,330.59632928823083,413.33524506266355
587,363.6300000000001,372.54013859891506,333.8566329895115,415.69246297673646
588,394.64000000000004,364.4009123929723,327.08853720957757,405.95669502262325
589,427.1399999999999,406.24934794591275,364.9807098443127,452.1715113425628
590,408.6899999999999,436.7719799655749,392.6674764953037,485.8177278680169
591,325.97,405.5298761133591,364.77640603142834,450.82394885946525
592,330.01000000000005,309.26655915748296,278.45142199870213,343.47968467260466
593,392.3099999999999,338.83005062362383,305.2678038631878,376.07020408336007
594,437.5199999999999,414.8645202146488,374.31663853891416,459.7930515593932
595,445.9899999999999,450.60067743451043,406.3061289245377,499.7122588550432
596,454.09999999999985,450.18493513660206,405.8884926685628,499.30376715529064
597,455.7500000000001,460.55944925944215,415.55691769896856,510.4238082456579
598,365.39999999999986,459.3097525878971,414.7304316062946,508.6693727924893
599,300.09999999999997,348.1699286301977,314.18523721792195,385.8190024881179
600,289.44999999999993,296.78135110708763,265.86766043961626,331.2760536855183
601,290.77999999999986,300.2799187229735,267.0790480175613,337.5926281705364
602,297.0599999999999,302.8165588533311,265.5403025196699,345.3059828510091
603,288.7099999999999,310.64910468823376,269.3352975694148,358.27666614840984
604,302.4900000000001,294.98822366577014,252.96911123707474,343.95938550195115
605,304.81999999999994,320.1301447094818,272.2438086361923,376.4086240264528
606,255.57,311.10295852095265,262.608049416886,368.5192803596223
607,229.59999999999997,246.58429613448718,207.0200571999517,293.6734296562999
608,228.00000000000006,236.0156123014698,197.63147256193506,281.81721798706565
609,232.52,237.388327440862,197.99172151821654,284.58471792932994
610,238.00000000000009,242.37217589689425,202.00059788334468,290.77261849655076
611,237.2700000000001,247.4909498717991,205.86393361822462,297.49452772249236
612,219.23,243.27945510450806,202.19197279985437,292.6752439769518
613,225.67999999999992,218.2558963619067,181.36010484193375,262.6165850591721
614,240.94000000000008,241.4007924500027,200.26594817268017,290.9427986396216
615,241.85999999999996,247.50597987310252,198.63250912363807,308.34451660097136
616,254.26000000000008,247.80164362198752,186.83608867354067,328.5546575002883
617,245.22999999999996,263.55407166161956,165.57382806064223,419.1671874123074
618,310.5099999999999,237.2579786717931,125.64407456156788,447.2394032037517
619,286.8800000000001,397.6647654337303,197.7854931851944,798.5231073037305
620,241.26000000000008,273.08101127732743,145.68065604121117,511.1357019407983
621,229.17999999999995,240.27115969427442,136.0575005804156,423.7251865363293
622,227.42999999999995,234.37891711389568,140.04254419196636,391.8122180375833
623,230.59000000000006,233.0077425099172,145.77877873778252,372.0758902989289
624,261.7399999999999,237.22075044716436,154.46492650899594,364.0284808151013
625,278.04,276.83315892715217,187.31772376250186,408.8990931771801
626,306.64999999999986,281.15299436974834,196.77376972216692,401.53220810652493
627,334.9900000000001,316.096341498765,227.66106605341835,438.734194925915
628,323.4600000000001,336.7136738958111,247.44339432096592,458.0604062866067
629,316.59,313.33748356187,234.806752915938,418.021306006587
630,347.24000000000007,309.274230131608,233.35089868746053,409.7946605835363
631,360.1000000000001,341.0651077403054,258.5835283762751,449.75486362824563
632,382.2800000000001,344.75476027463463,263.6148108219323,450.7749927951562
633,593.2400000000002,372.63872314318854,288.7023190758758,480.8942971440564
634,616.3099999999997,663.6011389766313,522.9621762109518,841.9896163939999
635,632.5000000000002,572.5276114456465,457.04788839069533,717.1212476412113
636,608.6000000000003,618.2766780894581,498.730730465286,766.4204939697111
637,551.8699999999998,583.5827855439479,475.5560613129751,716.097233456208
638,507.11000000000024,526.9419154347348,432.9230635306484,641.3319926925485
639,508.4900000000002,487.94235581176065,403.0532683402355,590.6661144427336
640,617.8699999999999,498.81945674178445,413.59556338594615,601.5618974245899
641,635.2099999999998,628.8010278010341,523.5360224603016,755.1908384457208
642,613.27,618.0653555168087,516.4186629768608,739.680500769435
643,639.2500000000001,594.6810800726566,498.46757274531126,709.4284011996608
644,633.7900000000001,632.8391048808221,531.7549842614917,753.102772840376
645,645.21,618.4358322870479,520.7261455305929,734.444741667922
646,640.6399999999998,635.140957519862,535.8561239089659,752.7872808225751
647,692.1999999999998,626.397223067909,528.0555878642605,743.018746881313
648,744.8499999999999,691.6447921608531,585.1708590441989,817.4589880326623
649,771.1300000000001,741.1171859899637,630.3836624880889,871.2714103361076
650,774.2000000000002,761.3300116432292,648.9740167858405,893.1081206996122
651,804.1400000000002,759.6739292082236,645.6569245367729,893.7941398626026
652,798.7099999999998,802.0590894136276,678.7707210046698,947.7079704414255
653,800.89,784.5629430309482,662.9672793420882,928.4270315171641
654,806.8800000000002,792.7337852551133,668.9917894112144,939.3299142054606
655,801.5399999999996,798.3712259790781,673.001266523527,947.0610625840559
656,800.19,789.2189718771392,664.3917594311752,937.4637165455499
657,847.0299999999999,789.4947067941458,663.6739970838761,939.1328835054577
658,874.8099999999998,846.7353026717564,710.6442122984843,1008.8517362697942
659,883.43,864.4599154272034,723.8188302843979,1032.390461058204
660,885.9600000000002,870.8867650247406,728.9317516493564,1040.4487783379568
661,879.9200000000001,873.582618358814,728.5291414323972,1047.4773162502088
662,876.94,864.489746661632,721.1842823358616,1036.2317978917874
663,874.6099999999998,859.9046324962782,715.1199980437078,1033.9617218877274
664,880.5600000000001,858.2623616026178,709.1370602076018,1038.7032452454512
665,907.6400000000001,874.9949184304959,718.5614524981515,1065.437195116455
666,933.7199999999999,909.468441842711,744.2584687748825,1111.3024002051195
667,941.7699999999996,930.8293386674852,757.2670172257515,1144.118931294582
668,966.0500000000002,932.7836517383739,754.9573358346697,1152.4406333806005
669,970.2000000000003,969.7540600943724,782.5801768917654,1201.638189403655
670,949.2900000000003,964.356890379114,782.9523694130054,1187.7379414392426
671,799.2099999999998,936.488830141473,759.1279133406482,1155.2334328408735
672,700.5499999999996,759.2139378971268,615.8975782096093,935.8252555802534
673,740.4799999999999,686.6822628875448,556.1142967485466,847.8507608764179
674,830.12,772.7168322282182,623.8220026642625,957.0932392275829
675,942.1500000000001,860.835874183871,689.5452644081624,1074.6153322792923
676,916.6700000000002,981.2920803170709,779.3590514154392,1235.4791941651445
677,795.9699999999998,853.0076404343771,672.3573460213096,1082.123328541234
678,586.1,756.3400843465175,591.9102487979219,966.3707015873744
679,662.5799999999999,499.12458742345785,383.0704939954796,650.2465988819955
680,648.48,795.2034935650297,593.1604603225627,1065.9508415639098
681,621.9100000000002,670.9030321977385,494.6432354330462,909.8440353918634
682,664.8,659.1489719675025,484.2365173968237,897.1118476566725
683,710.0100000000002,709.7958285768499,518.3458492444945,971.8213109957892
684,797.9399999999998,740.4624793602036,538.9915393220394,1017.1022632117781
685,764.2299999999999,826.5545647572027,598.3633066698922,1141.6234306126319
686,674.4400000000003,757.8500619700911,546.17553269368,1051.4107569597518
687,476.5199999999998,682.9520469534808,491.33517778168937,949.1462086044224
688,373.1300000000001,461.0114985299901,334.90273285522454,634.4655794537011
689,626.3300000000003,379.55109355000064,282.1284123026951,510.4962981789123
690,636.9800000000002,862.0198045078737,632.1661953976036,1175.3154577529226
691,578.22,636.8794340103701,464.04480193517344,873.9483289356496
692,523.6000000000003,625.038511587036,452.98558649248554,862.2966104015256
693,617.69,556.9434794747748,403.77355815569683,768.0742639089976
694,803.3399999999999,684.120934942395,495.0176491904379,945.3185357667112
695,692.9699999999999,825.8364127233075,594.1203370165528,1147.7734679551581
696,491.20999999999975,658.6076727071159,471.22227824626987,920.3506052910042
697,503.07000000000016,510.3797087894199,364.4307320041191,714.619086351512
698,497.4599999999998,589.7878707108489,423.2398406190421,821.7193081860506
699,487.73000000000013,537.0783358734891,388.0332883502317,743.2249910391528
700,580.64,545.2114464797683,397.8547781618644,747.0089511286856
701,602.0299999999999,644.6720122532261,475.2434704827072,874.3765106418774
702,627.6300000000002,612.4122900854975,455.16660883892155,823.8622988553773
703,611.5199999999998,648.8601563084861,484.5407393135604,868.7894709192641
704,568.8100000000001,610.2110898523836,460.18577650470434,809.0401516930298
705,599.6700000000001,588.2033205013552,447.96555905297123,772.2453990949957
706,586.5400000000001,627.6583245505956,482.5743955657552,816.2709156041784
707,473.16,592.3897724168153,460.56154919980435,761.869919774134
708,426.63999999999993,508.00643135466737,395.3459108191745,652.6904761422344
709,474.0699999999999,509.0241248215947,396.70135664868616,653.0702050705287
710,643.4399999999998,541.879986583015,422.39049316331534,695.0918693058422
711,640.1400000000002,666.7150360515951,520.8033904953933,853.4278889144533
712,585.5999999999998,581.1001404213694,453.9905095207792,743.7200906134577
713,529.6100000000001,588.1506896104604,459.7690201272971,752.3026742392268
714,450.83,536.4510307345976,419.4008729664836,686.0908911283593
715,446.86999999999983,494.2491225536203,386.20653946336625,632.4389231391998
716,483.4199999999999,511.57112534686746,399.3146106175113,655.3066937129208
717,465.62999999999994,529.4257846714855,411.7131486622481,680.712017066388
718,388.9399999999998,497.63256778934544,383.57286937007717,645.5210041141345
719,362.7500000000001,445.6398903864821,341.14404660900203,582.0503077916192
720,458.6999999999999,414.0961624444826,319.2210797153041,537.080829123822
721,499.2899999999998,544.8968378855465,424.2761253573637,699.7291024461423
722,491.9500000000002,487.6479346653066,381.6560551187689,622.9984990661081
723,478.70000000000005,519.4439101542072,408.6103834469916,660.2670834592093
724,480.0299999999999,477.26533648548457,376.45746202832095,604.9960527854431
725,397.2000000000001,507.5127605892381,400.6796923613387,642.7597732709685
726,354.9299999999999,384.8663883039577,303.2143834148573,488.4340233074889
727,369.38999999999993,404.9300174223202,317.120323462965,516.9775289134222
728,487.7000000000001,402.42791687319686,315.30715093621103,513.5444345185522
729,553.1200000000002,547.4193643862309,428.7553854878916,698.8488195612654
730,516.7800000000001,528.5081150302591,414.5188371675269,673.7680701894539
731,414.45999999999987,500.74132767741446,392.193295211331,639.2559834195256
732,314.81000000000006,398.99334565950755,312.3552702947045,509.5855613068657
733,250.81999999999996,323.27798201955864,250.67434702474623,416.8264923136468
734,274.8,257.3793608019931,198.60364052172565,333.46230696969724
735,420.98,331.35865087469796,254.7030386742406,430.9943688740266
736,520.3199999999998,502.9554862104546,387.0577218859287,653.4674097640342
737,622.3799999999999,505.4844447417594,388.960132459065,656.827483921825
738,640.7299999999998,638.2701792711202,493.73260189091,825.0348328437882
739,533.1199999999998,562.168497940354,434.9433504586286,726.5228690579447
740,530.9099999999997,482.49453500956434,371.29558909314903,626.9068896667103
741,530.8800000000001,534.2845861540565,409.5559399514693,696.9063272303143
742,523.1500000000002,502.194242314752,384.5432569394077,655.7471767208503
743,642.1100000000002,518.1847661507,396.7220724079527,676.7416696312257
744,648.6,666.1502800720666,512.1322603387713,866.3972201755306
745,668.2799999999997,562.7644133399011,432.1212598777855,732.8136988199691
746,639.96,657.0100069582134,505.29639027157856,854.1851792285108
747,684.3499999999998,565.1589777740772,434.57529053543476,734.8911193519872
748,658.0400000000001,684.8361360092035,527.7189323180603,888.6432049327004
749,580.2300000000001,585.1683655800828,451.6404021088413,758.0867965078504
750,578.64,544.7476972579371,420.8544304520163,705.0268366583359
751,578.9300000000002,567.8966114737797,438.8300654693069,734.8372697896747
752,635.6499999999997,558.0722326120533,432.8792691754715,719.3887889638215
753,413.78000000000003,645.0510459368058,501.95646036711975,828.8570290783898
754,410.55999999999995,345.81544139141306,269.3360623024781,443.9312065992095
755,436.7900000000001,464.2568774400334,362.1622735070707,595.0529983328121
756,488.82,444.1066127664394,346.71277812041245,568.7803163845891
757,652.6400000000001,509.1996983986736,397.30277387332404,652.5323108969468
758,657.1600000000002,666.6916289303662,522.425875347432,850.7196652683077
759,588.0499999999998,593.9951790731044,467.83620683968974,754.1022253733194
760,527.05,556.9720540915448,440.7714573723849,703.7372752393649
761,508.7300000000001,511.73813251108504,406.6794315293412,643.8703863835568
762,504.12999999999994,511.6828177426552,407.22033471418774,642.8769685311648
763,505.8100000000001,504.92120731193233,402.4130989442083,633.4768394428406
764,508.82,506.92896029835566,404.63499440304224,635.0196538009386
765,535.3600000000002,507.2040276191034,404.84311419976177,635.3821995539724
766,522.1499999999999,537.6907790924739,427.3900349031743,676.3914700066388
767,466.76,527.6657116036132,417.8921301819825,666.2062196631265
768,443.32999999999987,491.54538803215047,387.8660831678572,622.8676237727346
769,399.11999999999995,478.97035316036823,378.0023739161637,606.8366674395749
770,391.0099999999999,433.3063355851483,342.032111554316,548.8668689491856
771,403.66000000000014,425.14835859531047,335.3425928981845,538.9328760852208
772,440.77000000000015,434.14172547082,342.4242922452787,550.3538952290745
773,541.4399999999999,467.6944030035181,368.55626574686465,593.4275980894744
774,582.2299999999998,557.8435100896118,441.00072994948323,705.5736493353116
775,536.0699999999999,573.2445135740844,454.2361582344547,723.3641688059986
776,547.1100000000002,524.8379115822714,417.3980268183545,659.8671445222859
777,489.7599999999998,548.8952179777166,437.8921526949526,687.9727895520833
778,471.73999999999984,486.410906402307,389.14600456234837,607.9243229503661
779,456.98999999999984,487.34610627538717,390.91417390475846,607.5054723544822
780,565.5099999999998,472.38929428737407,379.58254671314876,587.8273802392833
781,644.1200000000002,569.3862841324224,458.2696668891717,707.3866768952146
782,656.5400000000002,595.3363211902732,479.903421195042,738.4769766599761
783,633.9100000000002,599.6850176414093,484.43900284002524,742.2911000308891
784,527.6399999999999,580.9879005828617,470.30589576046174,717.6625914753973
785,505.3700000000002,489.3138154275759,396.19864256542024,604.2579536687385
786,513.51,512.9053408873862,414.9908828168951,633.8665567000606
787,443.5999999999999,510.9022891365033,413.5103153713538,631.177159182229
788,467.54999999999995,434.45656193349384,351.64173711518157,536.719723371835
789,519.8199999999998,503.6750302369105,407.5759671430746,622.3770623504078
790,535.0699999999999,527.6150187225904,427.30717337803935,651.4145645640315
791,550.3199999999999,530.688194496445,429.8558637800747,655.1181126484252
792,527.7800000000001,543.4663604168192,440.1984418622657,670.9054046842758
793,514.4800000000001,511.53969914265303,414.2654475281521,631.600050789037
794,371.42,512.8057686142456,415.23973712628765,633.2411459412845
795,322.1,363.0644193547691,293.8829158298752,448.4763661269284
796,321.77999999999986,362.83239657488804,293.1670238544827,448.99609766901955
797,366.2900000000001,347.21062588445614,279.3361331481481,431.51877172311504
798,520.2299999999999,407.0438773375587,326.9704627141655,506.6670760372022
799,568.7800000000002,572.5406763939252,459.5931699660747,713.1853786121711
800,559.0200000000002,530.1176182560016,426.54881265547493,658.7747814335222
801,589.87,543.9505217699011,438.059062012844,675.3806896863457
802,457.52000000000015,573.6767467210584,462.7629702825211,711.1167156159783
803,434.4199999999999,415.3276747377974,335.75805620728016,513.6981031565716
804,412.86,475.73829331885975,384.78712676265434,588.1316338722909
805,418.9400000000001,423.88117109066667,342.8138254037482,524.0632645018943
806,481.3900000000001,447.3413021819919,361.18227161494593,553.9965832009245
807,515.7199999999998,502.8696959062189,405.3107088474884,623.85350477908
808,530.0,512.6252956865612,414.3814128625243,634.1053181486938
809,545.9200000000002,520.9289018083193,422.03889943916283,642.9355314699931
810,598.4899999999998,534.3806897074959,433.9395485250893,658.0168309220558
811,555.9800000000001,587.9093546265595,478.65757562736206,722.045450732347
812,538.87,513.3550245677716,418.1806596105266,630.1385919949755
813,560.08,536.8016215130366,437.1048150942933,659.1858143006267
814,592.3499999999999,547.0995768661847,445.035490567641,672.518481183132
815,591.1399999999999,577.0239641644446,469.4366237198895,709.2161828015288
816,471.68000000000006,559.1298928305749,456.9094111976629,684.1693570171216
817,434.87000000000006,437.9678378525533,357.8099920529912,536.0328779486373
818,422.19000000000017,459.53722102509914,375.48220073015494,562.3587233026736
819,460.61999999999995,430.8045004934087,352.5322994262238,526.4062000812239
820,452.7700000000001,485.38271910640304,399.6104913657856,589.5191065736088
821,449.6199999999999,450.83391511141593,372.6608988481325,545.3613866857521
822,406.38,463.8541041479629,385.22427971484734,558.4918535487872
823,347.93999999999994,409.3526018855867,339.8647232163489,493.0061156384116
824,319.5100000000001,364.13857147946607,302.29669116373594,438.5899469608406
825,320.25000000000006,341.88703279161604,281.81562513203926,414.7178981951499
826,336.1100000000001,340.63932490664655,282.0011201286479,411.4274429359546
827,383.81,353.69402522308974,290.88546284025904,430.01787360273244
828,391.98,411.6131162382454,336.32201373953444,503.7093778566591
829,361.83999999999986,396.6149885700841,324.4411269681451,484.7950210793827
830,321.06999999999994,365.86324502052975,299.55627877822417,446.7984658783459
831,351.6899999999999,323.09567620273754,263.00127162864015,396.8693234518295
832,463.57,379.3060965092245,307.2824769523572,468.15649722262845
833,510.5600000000002,510.22151031829515,415.71936817375416,626.1545134977937
834,419.44000000000005,498.58695342408413,408.10020656267164,609.0879931805235
835,349.7100000000001,386.6809544769748,317.17043361915574,471.3774008620815
836,403.46000000000015,348.75917332085214,286.5737934522597,424.3916111531707
837,433.6900000000001,448.14224691315053,369.0806955864955,544.0939764434304
838,413.86999999999995,426.979270015371,349.8692303796082,521.0356751280835
839,436.23,413.57022693472464,337.5453475607637,506.6675083531058
840,467.8800000000001,452.23172072049454,371.73558478939367,550.1118365136186
841,479.1999999999998,469.6317625550831,389.6042085375094,566.0554773462821
842,479.29,474.94576414118575,397.2232126208768,567.8376850587985
843,476.96000000000004,471.10368777008114,396.5516583209309,559.6363030843773
844,488.46000000000015,467.3200643145037,395.27001998037196,552.4702894011625
845,517.0800000000002,483.8710881686529,411.0618077760528,569.5454077647148
846,494.87,508.81349677406365,433.87869146311687,596.6604662292169
847,494.25,464.26364764240793,396.9886843394456,542.9105942843607
848,633.6499999999997,495.11561054249853,421.89184823367543,581.0180740110951
849,708.24,682.6102976661085,569.4999328450327,818.1465277561853
850,741.1599999999997,625.4256385043336,503.80788125378575,776.3434115191307
851,741.7499999999998,780.4477880414701,585.8619486386101,1039.5524618720021
852,706.1199999999998,645.185736332637,480.86892075553567,865.5344201594379
853,732.4599999999999,692.582766502639,516.5677148966306,928.4572287715658
854,879.1200000000002,710.623556344977,537.7003273551444,939.0552779156143
855,1103.9699999999998,962.2291949619513,721.6453638203094,1282.9084404030787
856,1181.3400000000001,1158.705513246315,865.5679780675624,1551.003895243221
857,1192.31,1147.3349397210977,836.0221679783868,1574.433942172852
858,1204.6100000000004,1181.8679436400416,848.7756170716195,1645.5247342738214
859,1217.0899999999997,1175.9464203400291,835.6890871001231,1654.5766027165203
860,1202.3400000000001,1205.8045521104502,840.5065801488823,1729.6783587323068
861,1189.3099999999997,1157.5206341202859,816.4268867464409,1640.9450857857569
862,1197.83,1178.6650824244484,830.0245245441298,1673.5711655800624
863,1202.96,1180.967716188686,836.2297198860194,1667.655147959263
864,1138.42,1188.7227843542032,836.0427759963675,1690.0011581267863
865,1053.3600000000004,1069.148210003052,746.4566206785049,1531.1520469417528
866,1056.4499999999998,1016.8604467345007,712.754726847656,1450.53489014678
867,1057.5999999999995,1073.1800350076726,737.36209455449,1561.732913998379
868,1053.24,1026.4274040508249,664.3480866690516,1585.5485927513953
869,1114.0599999999997,1056.9103507545185,697.9332506922926,1600.2606484596456
870,1146.7400000000002,1147.538654641706,759.237502481273,1734.1696501432123
871,1184.5000000000005,1131.202261585077,772.4815480257886,1656.2883534328657
872,1117.6,1219.5138574674806,789.9062811199433,1882.4773624009683
873,986.63,1035.1248997166451,693.0234381826069,1545.8567036065444
874,989.8499999999997,952.6218156825354,604.0514011734972,1502.003820141371
875,987.6699999999998,1013.4123832949421,590.2863051062062,1739.3286267509454
876,1049.0499999999997,952.8871332888606,518.4773422163898,1750.5694893869281
877,1198.5400000000002,1134.3731032392816,583.9513852460864,2202.725157462256
878,1469.5199999999995,1240.769375210683,613.1056565506574,2509.9542059460437
879,1700.04,1688.7743534351166,833.4799584199214,3420.6967546274163
880,1588.1300000000003,1708.4592470316713,859.21895774095,3396.1012740015753
881,1557.8999999999994,1466.7949330742829,745.0193230061045,2886.8902987086694
882,1592.2300000000007,1599.346021344567,775.9140360041866,3295.513216836237
883,1640.4899999999996,1536.9210641334048,705.679018254693,3345.92432972842
884,1745.9700000000007,1691.3691744673613,735.9616330765698,3885.380639288661
885,1879.2900000000006,1751.7206774512883,707.3469099524258,4335.900083846812
886,1921.8800000000006,1955.5148902026028,753.7322081825585,5070.932102649287
887,2026.3599999999994,1844.3759419114176,688.9053847222493,4935.057091881445
888,1999.5499999999997,2162.0244430078433,781.583602013756,5977.498308692073
889,1930.3799999999999,1874.211024330497,740.5185358855781,4741.182717753726
890,1786.3199999999995,1919.1349334937956,826.5238318437606,4454.361913394811
891,1565.4200000000003,1675.2183436351393,788.7486749379083,3556.724152889316
892,1464.6599999999999,1479.6372900775677,742.7120999172262,2946.7626960919974
893,1464.9200000000005,1441.1971222753791,779.8514232020501,2662.6725985209473
894,1468.9900000000005,1469.9492684654867,828.3331810381786,2607.9535543369802
895,1466.0100000000002,1456.437099913763,869.7847614533109,2438.320247933541
896,1364.1900000000005,1461.8863209434787,889.962642726029,2400.9372815181073
897,1320.8599999999997,1295.3018290881378,819.6387138863174,2046.6714096747282
898,1278.6799999999998,1336.8976783170074,867.9781137768969,2058.856478854425
899,1265.4700000000003,1243.1698861843042,837.7753134372833,1844.4986465259244
900,1307.2300000000005,1283.6732184852494,890.9008479479849,1849.413397509741
901,1431.2999999999995,1325.447683654151,941.0955016849897,1866.6062610686129
902,1472.8600000000004,1499.9253742012183,1077.8536294220178,2087.121055057268
903,1368.1399999999996,1448.0386659760281,1055.1259419600815,1987.1275253940792
904,1183.4699999999998,1321.6986826473399,955.0740058224172,1828.9125323170529
905,1092.7299999999998,1108.8361800825128,814.5680182876681,1509.2803432707485
906,994.0699999999996,1095.3343846827383,810.2194032089334,1480.657216633551
907,955.6599999999995,947.8141201406094,714.7970746470376,1256.6863841223644
908,940.4399999999997,976.830159939913,744.535090945502,1281.5041145622072
909,939.23,935.8226016185317,721.9050629180103,1213.0412786164882
910,980.9699999999999,957.2396797576623,751.798095425427,1218.747086824328
911,944.1600000000002,1010.7670341348112,797.2254309794756,1281.435376815592
912,930.2099999999999,917.3366958720594,733.9715957421378,1146.4488155336755
913,846.1699999999996,950.10300067814,768.6507369048728,1174.3343101271769
914,775.8800000000002,804.4953335863286,657.86704786553,983.755171064149
915,688.8400000000003,770.6935577905648,635.417347338412,934.7239390566132
916,677.9799999999998,655.6235698276836,543.3840426767341,791.0043180054762
917,696.0300000000001,695.8558639392054,580.4086589721417,834.2268023750303
918,647.63,701.8617542821721,588.6172934653176,836.8564385877723
919,651.0199999999998,624.6410478147466,526.3551298864769,741.245023377313
920,655.71,670.8154921318904,567.521405079458,792.8769788365914
921,586.28,653.0760907408771,554.2681994492774,769.4664753054136
922,518.32,556.7794073351824,476.3226126950191,650.7978804535985
923,489.4099999999999,502.2652740500922,433.635594923653,581.731692992619
924,422.1599999999999,486.4531295103193,423.3798090349399,558.9007031219085
925,348.05999999999995,393.0642117991798,341.67937954764363,452.1542085371347
926,325.97,326.9618899855327,283.3706996425564,377.235174784464
927,247.29000000000002,328.2329700540303,286.1972447913322,376.42126895873844
928,366.94,208.52379611037358,180.75975374159347,240.52883260897252
929,432.51,390.80457951549545,339.13133972254957,450.32809183221804
930,424.63000000000017,446.92317871167614,388.354005958994,514.3027089910119
931,365.6700000000001,429.3670304667139,373.0497929771388,494.1634365001707
932,343.37,361.7244004461348,314.6543293384353,415.81351545140234
933,313.60999999999996,346.611279981684,302.89667923475946,396.61409132464075
934,308.43999999999994,312.9762293391815,274.9438049989623,356.25053726218283
935,290.89,313.2105313834201,275.98117498366565,355.4439281408692
936,251.68000000000012,292.437397662843,258.2122702659203,331.18144441545024
937,261.91999999999996,249.49428254354783,220.47749933573485,282.31268763283634
938,282.06999999999994,269.4608883113034,238.30063808639457,304.6786337516173
939,297.7699999999999,290.50809267960074,256.9380227886703,328.4472337927498
940,295.87999999999994,305.5444498344678,270.15807434758796,345.54877952798984
941,361.35999999999996,300.36978939414075,265.4689592122487,339.84176343829046
942,400.8299999999999,381.03342893611614,336.44073235524775,431.51903765735983
943,361.1000000000001,411.0806640122038,362.3524669315485,466.3436651930841
944,295.45000000000005,358.51567608623867,315.39801142505866,407.5092721335245
945,298.7700000000001,290.71231026691083,254.90645542579068,331.5280396685231
946,330.6299999999999,309.71694189583394,270.2989243934267,354.8621479866
947,302.05000000000007,344.31976201135814,298.1511373106316,397.61368774192226
948,257.92000000000013,302.66720432300724,260.0698645616595,352.2149186815546
949,228.48000000000008,258.88277124425525,220.574289239017,303.81449369217233
950,225.79000000000005,233.5135062800058,197.451393164109,276.12874044811065
951,222.53000000000003,237.37423864518587,199.01134637573335,283.0952709899165
952,222.23999999999995,231.6834709133547,192.66966871392088,278.5564116767363
953,208.20000000000005,234.24122108201271,192.2937094925662,285.29194525486935
954,220.4,217.95008982615653,175.71323132031114,270.2821302440411
955,226.53,239.2929343930769,188.25152536837138,304.1002849612195
956,220.74999999999991,240.32495287216378,184.44981407135072,313.0350027870367
957,241.66000000000003,232.82213416548694,174.255106546159,310.961183346764
958,234.99,259.63936011627044,189.91184480556728,354.8337415418337
959,293.35,229.98353160680534,165.28302575738718,319.8589188856626
960,344.58000000000004,326.9790281606289,235.59726706734347,453.65547530002755
961,317.17,344.432098241799,248.5167492531082,477.21773429202153
962,236.98999999999995,301.33811090030804,217.65410778210008,417.0499247416838
963,235.56000000000003,219.9609822313211,156.00929150362938,309.96093231846476
964,233.25999999999996,257.0286619585955,180.539198749238,365.74608487233166
965,235.49,235.9834335097403,164.36903715344485,338.61102226140406
966,284.36999999999995,246.72336269288323,170.41870889533544,356.99397171599895
967,303.0799999999999,299.95292653830796,204.26879727893,440.2393173858632
968,236.14000000000001,291.6488840461369,196.49100694195877,432.65705942559333
969,185.12999999999997,220.70266765736923,146.3100003372548,332.6641961432629
970,161.21000000000004,191.7220792357045,125.75981481507415,292.00926227383775
971,176.07,169.22691237616888,110.6387214482974,258.5622855690257
972,193.63000000000005,202.15762127471513,132.13891257141327,308.99967090659914
973,229.97999999999996,205.09811970021815,133.99951604427864,313.64138678862787
974,238.5200000000001,253.332743377275,166.37718660292128,385.4633267332135
975,251.57000000000005,235.99258058191415,153.43514063510523,362.68331080541583
976,236.79000000000002,257.88207754454874,167.0093760846191,397.9058922522675
977,231.82000000000002,229.1752504686594,148.42427294315553,353.56519134923394
978,237.68000000000006,237.56593037028864,155.40690337738627,362.8822961421161
979,231.35,239.06752413664887,156.0033158849549,366.0777003673667
980,316.72999999999996,230.17327193207674,149.7646444171982,353.4669366108073
981,352.22000000000014,325.21357374807167,210.61270749233873,501.877624687739
982,336.23000000000013,307.03784394059073,199.13509853144507,473.11630441553524
983,339.38999999999993,307.05210019468683,200.5825576683993,469.7554935901758
984,335.02,316.3561922100587,208.81871909533024,479.00937746792886
985,321.54000000000013,310.47956927668224,208.10174103074826,462.98237335824405
986,322.96000000000004,300.92783031075095,205.5540204734081,440.33933828653636
987,330.9199999999999,309.22674724549006,215.2663633741119,444.00972414297144
988,357.4999999999999,315.79169355743306,223.93221564642957,445.16542285226706
989,322.3700000000001,348.17834340474786,251.44320249483485,481.98197098564657
990,345.73000000000013,289.6197903453029,210.70596801666872,397.948897527999
991,322.96000000000004,350.5096553507791,259.25523364966904,473.76101084348215
992,322.19000000000005,300.8978416598026,225.02470878281764,402.24045671672104
993,352.5999999999999,318.6056325617505,241.2356955301542,420.68748144916157
994,504.68999999999994,348.4889322102459,266.0848390897393,456.3172859745083
995,570.1699999999998,535.7698938585372,412.85838916885444,695.1847977312631
996,561.59,534.4178976837604,414.94730524893686,688.2034677049527
997,493.83000000000004,532.0251094123915,415.7941642678002,680.6692545664837
998,538.46,454.0788997426056,357.0821236929552,577.350024444448
999,563.2700000000002,542.198544927482,429.8695809044099,683.8119994732115
1000,586.87,545.8402328695626,435.65482849904294,683.829803240096
1001,577.0100000000001,579.4599848728789,463.8422167357062,723.8347544779738
1002,511.21000000000004,563.6738373263265,452.0519084376315,702.7969305999148
1003,561.3799999999999,486.28775819644966,390.6825248658862,605.2291376655756
1004,632.2,564.3685909852521,452.701106244154,703.5203092377692
1005,645.3900000000002,631.6670980527626,506.0888517686005,788.3442254990805
1006,646.48,630.629464987818,506.45777530720807,785.1851772776064
1007,645.5099999999998,631.9312567542844,508.50514469577695,785.2569788490661
1008,661.8799999999998,631.6972468264364,509.18573589869806,783.6275933932361
1009,667.5100000000002,653.0932340352723,528.095160910386,807.6219463329877
1010,658.0400000000001,653.3775629297144,529.9754304314704,805.4591510719603
1011,646.9200000000002,643.1977296896373,523.54350010291,790.1464251408438
1012,668.19,634.0171356860786,517.3144304229089,776.9964032371815
1013,684.8199999999998,662.5421544308961,540.6103853752109,811.9242027029765
1014,677.1499999999997,676.0991587690608,551.3340525031738,829.0470860487735
1015,659.1900000000002,663.6734757775927,541.2053848201793,813.803470734221
1016,667.8599999999999,645.350633612499,524.601434976078,793.8401845407691
1017,670.9599999999999,661.3260876803818,535.61264804686,816.49069467273
1018,672.6400000000001,661.0634047608436,534.3512854552256,817.7669738213048
1019,688.9500000000003,663.3991641476463,537.0007291055915,819.4937752667131
1020,719.3899999999998,682.6088631911344,550.8362121230946,845.8474296667448
1021,708.4499999999997,718.3972109096838,576.4238605408685,895.2780765240002
1022,715.18,688.783029156938,552.6192882841262,858.4365069678221
1023,717.4500000000003,711.521733589253,573.3242728878861,882.9731225083362
1024,697.66,703.3612805981248,566.3199195643632,873.5062468224232
1025,710.6600000000001,680.4590925949386,543.1755562017511,852.3762488738975
1026,699.2500000000001,703.7099442753758,550.1477789976711,900.0579820602012
1027,688.7200000000003,688.8943986781491,536.6119065127638,884.3120170175861
1028,684.9399999999999,683.7075551212937,518.803778757539,900.9257943079733
1029,676.7999999999997,675.9869348668161,511.38113742374946,893.4734232113896
1030,687.5699999999999,669.5668166609239,506.20708862998083,885.5409527720583
1031,706.8900000000002,688.7982283187948,514.2197941309283,922.5312796830003
1032,663.8799999999999,703.793156572203,525.0289218538989,943.3081414618006
1033,643.62,634.2850418493355,466.717773826957,861.885926047421
1034,647.3300000000003,646.2329973996111,477.09386650606643,875.2098455357815
1035,659.2500000000001,649.0372445921913,482.696349471063,872.5819896492462
1036,657.2400000000002,665.3205474024255,487.9253300377359,907.0795054255029
1037,662.3500000000004,659.317514919293,480.82332531769464,903.9358916397363
1038,652.1700000000002,668.0417097546584,482.8571673495286,924.1011240432599
1039,686.2399999999999,653.9538902012516,468.23151268235677,913.1854003742883
1040,653.09,690.6640839866947,488.34631045959645,976.6291245106936
1041,667.5100000000002,660.9069728984839,464.5365742072329,940.1093887042387
1042,679.3699999999998,668.5768022518366,470.421454752863,950.0239502120844
1043,669.5999999999998,677.6030728506397,476.49910079305045,963.4041836257061
1044,552.7399999999999,672.889171138189,471.76714012985,959.5714450724837
1045,521.9700000000003,579.1633373270082,406.251293634192,825.4909240061222
1046,429.3200000000001,542.7937588870453,387.69547144592707,759.7797721554869
1047,436.96000000000004,421.9209897859185,308.65063693883275,576.6256925214487
1048,714.2600000000001,446.3494745703572,334.5679865144921,595.3666393716973
1049,699.2800000000001,809.5734454108672,597.6744267336229,1096.4734865325825
1050,486.52000000000004,612.6584202919762,442.09472521007734,848.8784466836147
1051,410.6800000000001,508.84043798796137,361.5834145755155,715.903371082405
1052,500.05999999999995,462.52008685655056,329.0099718731988,650.0435721077462
1053,677.7400000000002,604.7215281534033,429.1469248017916,851.9610431076733
1054,706.7399999999999,701.4125760636971,500.962707914096,981.9085293261963
1055,503.89000000000004,660.0366237282938,468.35357858583995,930.0026339347161
1056,340.44999999999993,479.46590006443455,343.1561907802256,669.7637035422207
1057,331.83000000000004,374.4647055225245,269.7929107399777,519.5961437760188
1058,505.74999999999983,412.2340253165954,302.1773605610624,562.2424510964224
1059,678.9499999999998,639.2014091526445,461.7516669843365,884.6971752300673
1060,546.1899999999999,653.9422974443078,474.4030033498037,901.2858710591803
1061,299.8200000000001,494.8215390135006,362.6781286355715,674.9796072203796
1062,408.03,286.2053057370148,209.83851424808717,390.23254087454046
1063,583.2099999999999,633.1827713727638,463.7205157344968,864.4401385107265
1064,570.6700000000001,531.925751549737,395.34985634848425,715.5635413152285
1065,560.8199999999998,584.7156753777924,439.0725988880121,778.5596754947353
1066,561.9399999999998,537.3958380054479,409.17687779033827,705.6953162819565
1067,681.1100000000004,571.7937204385555,439.8439679857825,743.237576104077
1068,777.2099999999998,654.8144962682317,513.720321657386,834.585142880443
1069,776.82,682.9579355335993,535.8791878925473,870.3290962454106
1070,645.21,669.3462158171435,535.9229892519323,835.9245833307316
1071,592.8799999999998,562.3600442896759,452.35648960310004,699.0551371392467
1072,577.8999999999999,589.1920465051596,480.0528871710127,723.0922173992057
1073,710.9,550.4441362939624,447.73667310467096,676.6594240650861
1074,577.8999999999999,719.3764666032142,591.609862184339,874.6895332840546
1075,597.3099999999998,473.7501211432959,392.98429088819915,571.0727519806934
1076,703.8800000000002,644.2934897276227,538.5398520070579,770.775590507087
1077,767.0300000000001,608.1870644612959,511.09303794265907,723.6903433757002
1078,774.7900000000001,695.0597498351813,587.981088513999,821.6056571069336
1079,757.4700000000001,653.6965154836475,556.4341033829793,767.9295017745727
1080,780.2499999999997,686.0952655630231,588.1439416731,800.3320184850116
1081,789.8899999999998,704.0124388360589,608.2278896229275,814.8565085081786
1082,719.9800000000001,705.5952547847178,612.4643845297617,812.86445028425
1083,554.2700000000002,643.0211224740085,558.3846044141119,740.4633919485441
1084,639.55,522.1496892891378,452.7531141144425,602.1597115040279
1085,780.3599999999999,692.2497315915887,602.6618557210935,795.1331096160174
1086,765.9700000000003,716.6337210239558,623.3772584662137,823.8188904505985
1087,603.7399999999998,691.9739822095777,601.3132933760843,796.2809919696647
1088,585.9199999999997,553.1278115773047,478.6004239411928,639.236363930119
1089,564.5100000000001,613.5058239553534,527.4252271858351,713.608970669465
1090,546.4299999999998,568.3129980618627,483.26005970334836,668.304195685138
1091,572.8299999999998,585.3731823130196,492.6018516635643,695.5806707918357
1092,586.28,603.1157478393293,503.27458243858484,722.7244340625074
1093,704.5900000000003,587.4606846224192,486.13872389689527,709.8570112762767
1094,759.6600000000003,703.7840814205243,574.7350724329444,861.758975798934
1095,753.79,709.4603225214339,572.83299424071,878.6180682240921
1096,594.5300000000002,709.797959873809,567.367759260186,887.9204771544481
1097,555.6300000000001,590.619330177863,467.9828169977059,745.3246395268579
1098,549.1100000000001,609.7822031764514,479.76887516061055,774.9547653588295
1099,544.2399999999999,593.492084422691,464.36981360201537,758.4408320250051
1100,643.1699999999998,590.8922617055571,459.6484504420002,759.5288786508795
1101,708.6600000000002,675.515640409298,523.4199368973015,871.723135634773
1102,741.1899999999999,683.8134944395028,528.7643210870547,884.2418018717016
1103,770.0999999999999,706.9604413613669,545.6743286200369,915.8310277121925
1104,700.7500000000001,721.7091720133604,556.759207245545,935.4409238381226
1105,509.2599999999998,662.1854896971523,511.0121893755862,857.9932092851518
1106,357.9400000000001,507.6362970281171,390.24840032450794,660.2445761820262
1107,416.3500000000002,375.2910131297638,286.3553985059018,491.75192774676884
1108,602.71,532.8163332855527,406.1307508588097,698.9222659583739
1109,747.09,668.7699730091676,509.18293599696193,878.2764028222465
1110,620.6100000000001,743.4698045154134,565.3051989559372,977.6865648717833
1111,552.5000000000001,557.8379715235658,424.30377943844474,733.2983850952909
1112,555.13,594.1114571313667,452.1010070323193,780.6306759692477
1113,562.24,565.8932642991114,431.3291068316496,742.341052058389
1114,555.8900000000001,595.1282362251322,454.23826933718044,779.6217050739131
1115,557.0199999999999,560.1626377126096,427.86420698790977,733.2732287599163
1116,559.94,582.0336304685726,444.96730368356435,761.2267629255615
1117,560.6400000000001,570.8413464433497,436.3649796666083,746.6650868375616
1118,564.8000000000002,578.6296044030016,442.3155102895467,756.8586142428104
1119,557.4300000000001,574.6182691938703,440.0303095015825,750.2780520780921
1120,598.99,564.3075257051415,433.0452258835566,735.2656690171787
1121,617.8100000000001,619.4189031444187,475.7662281108222,806.3550362494441
1122,640.8199999999999,601.1407586358207,462.37616633575493,781.4603843517639
1123,639.3999999999999,644.3100696521764,494.57574707483076,839.285442644185
1124,623.59,610.5224119714188,468.70500232373814,795.1585644037802
1125,504.81000000000023,621.1348175191483,475.98131465269165,810.4609928722493
1126,485.5400000000002,474.260130235411,363.12141444855877,619.3210863976524
1127,405.49,552.7428548441259,422.62836514373424,722.8211000976878
1128,346.5299999999999,405.34982227093957,310.5894042559543,528.928732505893
1129,428.76000000000005,392.162778348708,298.4974569915956,515.1211445051201
1130,461.73999999999984,509.7340458241665,389.4464382812613,667.079511013536
1131,484.69000000000017,468.8443321305157,359.4216376881539,611.4873574493108
1132,404.8399999999999,526.7085497980129,404.782228612619,685.2703536378127
1133,362.22,389.86739276297567,300.29283187654005,506.07253064662837
1134,354.79,411.9039470695591,315.9561151213632,536.8967666875283
1135,360.77000000000015,379.88874924633416,291.9543856679018,494.2178441421176
1136,370.11999999999983,405.13490076689504,311.7219046172614,526.4512440144276
1137,371.4800000000002,398.74449539132377,308.1498564217802,515.8873873829369
1138,361.51000000000005,385.95479482145964,298.7384277221459,498.54893796306834
1139,363.58,373.013690724026,288.58314526861096,482.0607137692767
1140,384.7000000000001,377.5065738158449,292.88325444477823,486.4970732595112
1141,490.55999999999995,399.56617808385613,309.9647421244112,514.9853876955387
1142,589.0499999999997,526.3142359832941,409.52253420996675,676.3326195254069
1143,606.6899999999998,595.6156418856043,464.61805929599785,763.4682525432086
1144,435.5800000000001,589.9683637002308,461.18987269630617,754.6279951724686
1145,345.4899999999999,393.530677898831,307.63578931362406,503.33054491013985
1146,337.35000000000014,353.9737632005089,277.5264492739024,451.4036151296229
1147,349.42,356.7293405692729,280.4008821013473,453.76147817489067
1148,360.63000000000005,369.85692076161166,291.2263741118332,469.6449104561335
1149,437.8799999999998,377.0405997265934,296.6512468211552,479.1414291656343
1150,528.7300000000001,476.55383887114544,376.306832964969,603.4355656865137
1151,523.9500000000003,533.8547406786583,422.12105598999216,675.0939678530227
1152,500.44000000000005,497.78973589075457,395.76859800001705,626.043576240774
1153,457.25000000000017,487.37948042193017,387.2953231375083,613.2605967281469
1154,445.83999999999986,439.17843419930625,349.65753448063,551.5535169838365
1155,474.5099999999998,449.85690694813667,359.4209576351953,562.9848245134099
1156,503.1799999999999,476.186826260624,381.33674594538354,594.5673096334161
1157,661.2900000000002,488.63041914523023,391.14054289944625,610.3572077493862
1158,726.62,671.4279120727525,539.50265965063,835.5533246899988
1159,830.0100000000002,639.7795578746084,516.0030625945683,793.1895735189644
1160,900.3899999999998,842.8243670587412,680.0859585956273,1044.4474262107578
1161,956.4600000000004,839.3841107266007,677.6454444103717,1039.6692616574587
1162,964.8099999999997,946.142480554608,763.5643697396304,1172.3202775021193
1163,957.0500000000001,913.1107896584771,735.7390704379025,1133.1851807497899
1164,925.9000000000002,929.5219074757631,748.1311582319235,1154.8336758224489
1165,823.7500000000002,882.2589388177116,709.5550166674005,1096.9394061002936
1166,665.03,761.8384419161335,612.7048084996449,947.2123659543902
1167,641.5000000000002,598.9959572946723,481.9611086547031,744.3915901690783
1168,660.16,649.0756577435889,522.2793481148178,806.5961000815824
1169,706.4699999999998,648.2868712925133,521.8182886008318,805.3479232163761
1170,804.4899999999999,717.8068574834886,576.9047092025991,893.0631390220285
1171,828.15,822.4755475560361,660.059661361547,1024.795426733564
1172,864.22,795.5697612623221,636.780571519479,993.8929348001207
1173,918.5000000000003,869.0497590951467,695.9112505823208,1085.2022713351298
1174,954.6599999999997,908.5690720080754,727.211463379335,1135.0929322842471
1175,906.7,945.4485617598533,756.2912913983774,1181.853797781325
1176,867.8499999999998,860.6762352159318,688.0476604966256,1076.553813622647
1177,782.4300000000002,851.5198159021731,680.2514029161707,1065.8455630252963
1178,736.7700000000001,737.9955368910875,589.0810729956074,924.4904597643517
1179,810.4199999999998,726.0781077021628,579.1525452261513,910.2130577548114
1180,818.5900000000001,842.0701604557513,670.5521818911878,1057.3947377689447
1181,830.6000000000003,794.9528299330902,633.5744898841033,997.3712197352951
1182,844.9899999999999,831.6946497466458,663.0006210210317,1043.2465831590343
1183,860.2099999999999,835.294964068908,665.9103364703768,1047.7005953881808
1184,872.3000000000003,854.9259148469081,681.4896110580893,1072.4363715379125
1185,884.0399999999997,863.4351331535263,688.767156895711,1082.3338351352304
1186,899.8499999999998,877.0045852343345,699.6706562176848,1099.2202601917077
1187,916.76,889.8250590895813,708.3176506273713,1117.7784276904238
1188,936.7600000000002,909.2499645293815,720.0980194216845,1148.018546175228
1189,944.9299999999997,907.1936003579274,715.9534545217267,1149.4451377269977
1190,951.1800000000003,925.4545027538157,731.7672314936153,1170.3377847468587
1191,954.2200000000001,921.6653218399355,707.0516674202574,1201.3293430374817
1192,938.0499999999996,944.6542813758672,711.3188553986328,1254.4237657854144
1193,930.74,901.8628324585956,665.0095851647512,1222.9482920257237
1194,870.8299999999999,933.7717407847534,674.3717074129469,1292.8033941588944
1195,847.53,827.1537772961531,599.7828672842732,1140.5749619327396
1196,819.5400000000002,863.9090567551874,632.7205775380885,1179.4377244041548
1197,779.2699999999996,800.1772470533252,591.0760471004039,1083.125906358604
1198,738.5999999999999,770.3077599378296,576.2180953787204,1029.6601011009202
1199,714.0299999999999,728.686002480699,550.4040596559647,964.6107039699106
1200,695.2100000000003,716.3238857460939,548.4665578094108,935.4601898853949
1201,641.61,696.4798767996581,540.1973268516787,897.8924268537476
1202,609.49,626.602149304258,490.49968738714114,800.3930993634018
1203,541.0299999999999,612.9069042055146,483.6448232312606,776.6451309609062
1204,517.3399999999998,516.1134005034656,408.5520787108469,651.9237254074653
1205,604.0900000000003,523.1241451695126,417.06245150754563,656.0935001674366
1206,790.6599999999997,669.665113599252,534.2858663357242,839.2831512778896
1207,839.5599999999998,889.1065956705189,714.0343820891519,1107.0442724184645
1208,653.23,803.2626300870927,636.4497712028835,1013.7283870445316
1209,535.78,584.7042202140086,465.1901381166871,734.8573370134973
1210,578.0799999999999,529.9590838224914,405.5546466626928,692.4308856332386
1211,654.9699999999999,660.9500108792,505.09334594332483,864.804343043156
1212,686.9800000000002,670.3363615516661,492.1493359543157,912.9067570055097
1213,725.9400000000002,719.5914534724385,515.7988341903726,1003.7469314264073
1214,732.9300000000001,740.508557451946,501.5290782099387,1093.1355726777756
1215,702.4000000000001,732.5917439983087,488.4504531811055,1098.5124089983271
1216,725.2900000000001,685.7424830950146,440.3076278855564,1067.6768328641026
1217,724.7599999999999,773.2728381194777,491.6538691280012,1215.8755091900625
1218,707.7400000000002,696.183416514019,443.2874770635025,1093.0319980990291
1219,679.5099999999998,738.3193309164146,467.93030486442734,1164.616867574214
1220,669.1900000000002,656.5595503029662,422.8287102984269,1019.1870512504635
1221,718.9500000000002,695.7897175625092,464.7183238166316,1041.5097868642263
1222,936.8700000000001,743.2510845206926,509.1028349731894,1084.878452017112
1223,1172.7899999999997,1070.244941920544,755.1542990665635,1516.634333372124
1224,1252.1899999999998,1143.5488519265887,803.8639196894574,1626.5944819987826
1225,1329.89,1235.2542743106526,856.2580812487688,1781.8057433124993
1226,1346.7899999999997,1315.6220522105205,890.0257573185257,1944.503386550642
1227,1332.2500000000002,1288.487498593427,846.0355101071934,1962.0558449884907
1228,1324.3999999999999,1239.272727345794,733.1828900061666,2094.22240185256
1229,1296.9999999999995,1284.2114538222913,752.7701766708452,2190.342311168804
1230,1284.7300000000002,1247.554340349292,741.8577245015907,2097.501354146877
1231,1275.6700000000005,1263.4146356640772,761.8802285237347,2094.668902017928
1232,1289.9800000000002,1234.749498395553,736.3850860130074,2069.9353250438853
1233,1298.0299999999997,1293.6991203583473,787.7539487045577,2124.182149654818
1234,1315.9100000000003,1256.8711564992714,730.4632162533248,2162.1160818411454
1235,1353.8099999999995,1327.4494765268985,783.0163103463642,2249.9455331419617
1236,1430.47,1338.5174704394299,764.6750163711088,2342.43163254367
1237,1483.8899999999999,1471.074659232133,860.7314210158341,2513.7090491360673
1238,1522.4399999999996,1448.8334310032756,852.249632500879,2462.542786996236
1239,1458.55,1540.6566864012543,932.472810732011,2545.0895179817076
1240,1321.2999999999995,1371.79643086841,864.9926168542534,2175.1964293076862
1241,1298.1500000000003,1267.9442556676074,835.0140698846973,1925.0674933543871
1242,1275.6100000000001,1309.0981738880384,889.54635688594,1926.308120406585
1243,1277.7999999999995,1233.938677154328,870.0111711634624,1749.9230499243174
1244,1337.5300000000004,1302.0188380921265,939.9564335567713,1803.39607177681
1245,1512.0899999999997,1352.2583179497692,996.665815634739,1834.5926868508732
1246,1721.5999999999995,1648.040856357177,1149.533985706388,2362.5423027209704
1247,1914.4500000000003,1764.049958244795,1126.8350355034067,2761.2846046003533
1248,1977.2800000000009,2047.2010942680186,1215.2884300109124,3448.1224441911945
1249,2021.6999999999998,1884.088305811487,1044.2495559475199,3398.7220094352674
1250,1925.010000000001,2132.992758521937,1141.3298477347155,3985.5237719689117
1251,1901.5300000000009,1779.5457548812963,987.3091891121651,3206.845500327526
1252,2085.24,1961.4633430686818,1145.8388439468024,3357.1548037162133
1253,2361.3300000000004,2149.9863182673134,1284.9849398029107,3596.819848560799
1254,2514.649999999999,2477.8136975287553,1545.3453860424192,3972.573693508355
1255,2534.440000000001,2516.3292694516194,1631.6166008044552,3880.4665045763745
1256,2714.3099999999995,2522.467967224427,1683.3936888980713,3779.5238903344793
1257,2752.8100000000013,2828.068313407633,1940.6363029550816,4121.104386772099
1258,2567.3000000000006,2676.353887387037,1872.0786914164644,3825.974206238874
1259,2621.429999999999,2468.8465579722897,1758.4718996413146,3466.0300907739083
1260,2716.5500000000006,2705.893418281687,1955.4770215416577,3744.1357195920414
1261,2798.26,2696.384079558989,1973.3270006378516,3684.2460966737835
1262,2882.7699999999995,2843.7935682954267,2104.398572025111,3842.8567185076004
1263,2901.970000000001,2883.824539253237,2153.9444539476103,3860.915144509785
1264,2922.2899999999995,2889.203849959667,2175.7765020470797,3836.4533565876427
1265,2908.4300000000003,2920.325808347301,2213.1132061894086,3853.4300511190495
1266,2889.109999999999,2875.1937888960747,2191.9425062842165,3771.3244852878056
1267,2871.41,2874.0542177469824,2201.7250584602752,3751.5957782323853
1268,2877.8099999999995,2845.0937477418097,2188.9190906334225,3697.880773988809
1269,2837.639999999999,2875.7601109769907,2221.0238653496017,3723.4193751295634
1270,2791.9800000000005,2787.2317035033966,2153.4879926701565,3607.3914409689937
1271,2763.42,2772.3444754636103,2149.1225374820324,3576.209877810884
1272,2745.4900000000002,2733.6757202751974,2095.425329243594,3566.239524701289
1273,2742.2799999999997,2736.898545402826,2084.878322010677,3592.7323696298267
1274,2675.25,2727.9159056211424,2033.4261122386429,3659.4829121847724
1275,2339.9799999999996,2615.2912563328714,1881.1347496754017,3635.81715092096
1276,2021.5500000000004,2101.7569815743504,1409.0037732427304,3134.8688589824783
1277,1928.5799999999992,1949.5275662874337,1230.6187075244127,3088.0711253440154
1278,1723.7599999999998,1915.001108298528,1149.9330584966292,3188.638372014786
1279,1687.7700000000007,1576.0609793002577,918.2124057065773,2704.7090580927215
1280,1778.53,1830.9514265385765,1030.5301622729069,3252.4637880116907
1281,1868.5800000000002,1760.9053044597906,951.9730135259575,3256.500745375502
1282,1866.0199999999993,2009.4925093530367,1043.7196266419007,3868.0573308719668
1283,1758.2400000000002,1824.2912205825232,988.7534508229954,3365.1797664512183
1284,1554.3599999999994,1737.7678168038694,974.2466990909919,3099.0499910134176
1285,1424.31,1465.5405912472092,867.9522280971049,2474.097291004782
1286,1398.4100000000005,1417.059725494638,884.7911094828373,2269.1665929385695
1287,1389.3499999999995,1403.715119319462,928.1161669027401,2122.7651832305783
1288,1388.1999999999998,1394.8650877420143,960.9454775186226,2024.519521338257
1289,1356.8800000000006,1396.913652942544,986.2643500075635,1978.3711593740788
1290,1263.2199999999996,1341.0619867927753,965.8154037232041,1861.9516756332412
1291,1148.3300000000002,1221.1463979905873,896.369126181877,1663.4675803328657
1292,1119.7800000000002,1107.5227925897327,836.7107333315066,1465.8819830014745
1293,1076.3299999999995,1137.1305355656991,870.3561999059543,1485.5804777964188
1294,1026.0399999999997,1042.1558373088308,818.826944482089,1326.3217088503018
1295,996.6900000000003,1021.603832778435,815.8493095178815,1279.18544746074
1296,996.0100000000002,985.4938666412443,800.9449389342066,1212.512426693716
1297,921.3,1010.1777785047686,833.6895077423967,1223.9830508920195
1298,713.8199999999999,871.6219326302426,729.7845452300439,1040.9884250119662
1299,657.39,620.4230436112729,526.0977128743185,731.6281061348027
1300,679.22,693.7074536317709,596.2659567487082,807.046132009152
1301,680.2199999999997,675.4484804319427,587.9116916041792,775.9968795019881
1302,622.0,690.8040556135026,607.3385974648885,785.7211670568265
1303,623.2100000000002,583.7965774703023,511.81664147309675,665.8797565511933
1304,675.18,655.0588175879383,575.6220904181893,745.4389229741979
1305,730.6899999999999,694.757628647165,611.9565136044741,788.7439166999219
1306,719.1000000000003,764.0107444173859,674.2642455724263,865.6850687139959
1307,631.8500000000003,701.034725557756,620.9276978679771,791.4598913643763
1308,495.63000000000017,597.293025327858,522.2666620209426,683.0767244247535
1309,373.65999999999997,438.62909942838843,378.63521748635685,508.1038348441992
1310,401.8299999999999,337.58355245284105,278.9779434263963,408.4566185772533
1311,388.2400000000001,471.25930035378866,377.73162811639446,587.8836057338924
1312,314.05000000000007,356.6031351650716,288.3995969900343,440.8803744370526
1313,341.5699999999999,301.92126092162437,229.4342538336391,397.21028684647484
1314,341.0999999999999,388.14444107835055,274.94402082070707,547.7830306008867
1315,328.12000000000006,312.9262361228625,209.3694539877737,467.46003475388
1316,317.18000000000006,349.2129513298828,227.04673518718968,536.8244559322968
1317,319.5100000000001,304.321707816689,195.8877466620285,472.4745906972085
1318,315.8199999999999,336.3447531250665,221.52128554986993,510.4184118602338
1319,287.87,311.25147441347144,209.2213771390215,462.80146776846783
1320,262.04999999999995,279.81972559735567,189.3794169557232,413.22397203220055
1321,252.28,255.76122099655691,174.37067603108727,374.9255885856096
1322,252.78999999999996,255.09302328198424,176.62040611175746,368.23480814722484
1323,293.05000000000007,256.75065568110523,180.30353360915518,365.431912172532
1324,376.9699999999999,327.69637435870595,235.3936620357284,456.03977672730196
1325,427.3199999999998,423.44325302244846,304.248477582023,589.1817314973167
1326,348.73999999999984,438.35452870646844,311.64820164007125,616.4108818866866
1327,274.15999999999997,302.3536635307077,210.04642800978849,435.034127870829
1328,259.7900000000001,267.38599096418454,176.03620102284094,405.8718133899292
1329,264.31000000000006,264.2003701406231,165.81875130113912,420.6027021792197
1330,306.9999999999999,275.3210635256644,164.6268031886306,459.9962196818849
1331,341.19000000000005,346.53319770184555,202.46666719653223,592.6074206602453
1332,351.15999999999997,345.28617358171255,196.17195651807685,607.1702293341607
1333,306.2700000000001,363.7913664250495,199.67288553390944,662.1326432776502
1334,247.1,274.51215864616336,141.98466244406788,529.8747684148406
1335,247.21000000000012,240.1630932257427,114.904827843513,500.7878773154432
1336,256.69,269.1040699658778,122.02989076546184,591.9958009246058
1337,242.2299999999999,260.12043107655455,111.55352346944662,604.790715597763
1338,274.08000000000004,241.79027281672583,97.82888981733923,595.4563265191923
1339,350.20999999999987,316.659300552914,130.46220942714484,766.5774784820462
1340,364.7599999999999,369.7088451585835,135.34160108919122,1006.9465605579227
1341,337.0899999999999,339.67699329736894,129.8646468274376,885.8767583591705
1342,336.93999999999994,322.2595142895929,114.1509832527416,906.4756517657055
1343,369.85999999999996,338.2968079953053,107.35426767158552,1061.462295114495
1344,412.69000000000005,371.06076578556645,108.6006546593698,1262.0327242767778
1345,421.1799999999999,411.448708564759,115.40915225026683,1460.3450395292916
1346,420.3000000000002,389.34134028215624,104.27459670256896,1446.323159676868
1347,401.51,412.8788565635448,107.68392640093657,1575.0905368695915
1348,368.14999999999986,362.7852925693559,91.58756815789741,1428.3467440907584
1349,342.63000000000005,355.8377320348956,85.94511525217536,1463.5235288318524
1350,337.5900000000001,323.0735661977099,76.39704131938366,1355.9469131864457
1351,236.42000000000004,344.60014879931,80.58899781686173,1462.9162882991195
1352,240.86000000000007,192.1466950452658,47.28088339077385,771.6794372208559
1353,235.8199999999999,302.36432999300246,83.74047760673113,1085.020746061893
1354,222.73999999999995,236.4101718634532,74.03746174304499,750.1393428690778
1355,217.27999999999994,242.75632583604738,84.80252703075605,691.4871380978225
1356,197.51999999999998,229.9451623863725,89.33556163085773,589.4171852898407
1357,239.55999999999997,202.68083751363008,87.68587790699836,466.7845509265693
1358,371.80999999999983,271.1452966518072,127.27793241435373,576.364018079643
1359,388.26000000000016,407.9089074658676,204.10719742089472,814.2151494801508
1360,391.2099999999999,345.89147036263915,182.43084608532024,655.0166666536676
1361,394.51999999999987,382.63516302681023,211.96938831581065,690.0661643651866
1362,379.18,371.0026783085101,214.8463378096585,640.1319926620153
1363,357.0600000000002,361.5074646371448,217.83942726703194,599.4935379276964
1364,357.12000000000006,341.92304806994593,213.5049190176661,547.2215393293499
1365,391.6299999999999,351.7075641921596,227.26710504776102,543.9870922590325
1366,402.8100000000001,388.8343904333963,259.8857706262216,581.5187460388961
1367,497.80999999999983,384.7385640086615,264.8077537783086,558.7814121237524
1368,384.7499999999999,506.356838396483,358.99912837155165,714.0321797501787
1369,546.6300000000001,337.56035932191133,243.76073803996684,467.3067955346047
1370,618.1899999999999,510.51189087230034,375.8253010683418,693.3387659001797
1371,641.9399999999999,579.131312581665,432.9699953725078,774.5198364551411
1372,635.5400000000001,604.4142512862286,457.6680303217593,798.1104490176555
1373,626.5999999999998,600.5067188027937,459.4890481241984,784.7088767664226
1374,628.9599999999998,595.5940770390649,459.7175783776148,771.5437653398365
1375,675.3300000000002,602.4425567298965,468.32264399276744,774.8903686699722
1376,706.6500000000002,651.6365024283512,509.5016567697746,833.3448031041328
1377,740.2800000000002,682.4859163202011,536.151756836716,868.6853205118916
1378,720.7499999999998,716.3199825292309,565.0923242338338,907.9470662442574
1379,705.9100000000002,696.55959799313,551.4696497538032,879.7531652990814
1380,720.9899999999999,684.009012056585,543.0075606693736,861.5566637738749
1381,808.9200000000001,700.4682230797159,557.1650401895595,880.5630370248655
1382,760.3899999999996,788.4318821871063,627.8459392146874,990.0260331675872
1383,758.5999999999999,744.2768665788823,593.0578723354811,933.9890536320778
1384,789.4799999999998,743.9020210868607,592.9348931707958,933.2421659333714
1385,799.4199999999997,775.3927204043964,618.1063111858907,972.6383645359882
1386,795.0799999999998,785.6171257549626,626.144297451765,985.6413599632373
1387,767.9500000000003,781.4973193070329,622.7989198117244,980.5695976317146
1388,773.6699999999997,755.2225118734992,601.5475038656339,948.0911235967717
1389,785.1999999999999,762.8630877276531,605.8370233973536,960.5214535299707
1390,771.1599999999997,774.3471998209391,612.4518992327329,978.9680806629964
1391,784.9699999999998,765.089235068149,602.0268131889652,972.2448097683383
1392,787.7699999999996,774.0604855591054,607.3794756198496,986.4079918016164
1393,807.4399999999999,778.1963983547022,609.2054526909927,993.9878758562947
1394,810.5999999999999,794.8960639287121,620.9443541940819,1017.5003534569332
1395,840.6300000000001,801.4283772310245,625.013071553708,1027.5588749569322
1396,856.7599999999999,825.7136903162705,642.9405536920439,1060.3643166869094
1397,873.9900000000001,842.45100828455,654.7296456294117,1083.9129791796543
1398,875.7300000000002,858.5645250987469,664.7467931183354,1108.8080838624553
1399,881.3899999999998,862.3432546082497,664.3862930583603,1119.1937627112952
1400,866.4099999999996,878.1806915983491,675.7433114967537,1141.174108481099
1401,764.3500000000003,858.3989214408874,663.864216863975,1109.8531448081594
1402,693.2899999999997,745.375804371232,574.7254777391289,966.6084573127482
1403,646.7100000000002,685.0411227593786,525.5787854034788,892.7929805818557
1404,680.6700000000001,642.947880430444,491.47168026392154,841.0156718222564
1405,609.0099999999998,702.1079017192413,534.6897558279794,921.848936500446
1406,513.0099999999999,603.752794529382,459.46976843327286,793.2452850606512
1407,409.00000000000017,500.12362274829655,382.92269126818985,653.1027425257168
1408,364.7599999999999,384.3995292690255,295.64541567042454,499.7082169973851
1409,489.43999999999994,364.02319441987595,279.11667377643465,474.6658383386094
1410,522.1799999999997,607.1848140818017,456.70590829403636,807.1363193635993
1411,395.8999999999998,520.3447549277173,393.14632169512424,688.5925155959762
1412,457.7900000000002,356.8094930199359,263.1587497944586,483.6617172242132
1413,468.8499999999999,591.2288128382461,429.74790092625256,813.2464908165551
1414,363.0200000000001,473.4960422765344,349.34685971229715,641.6388246236422
1415,325.7899999999999,355.16621758327994,260.3444389019926,484.39152040328
1416,318.1199999999999,337.2463281298233,247.68497411182767,459.06228925540313
1417,331.28,330.6822051384727,242.68965513710893,450.447498432473
1418,365.43000000000006,356.58672224244805,260.9275491163218,487.18180582948725
1419,446.70000000000016,395.89967997776716,290.0230742475623,540.295072130431
1420,470.97,510.2795791340723,372.4105700097345,699.0519777270887
1421,315.93999999999994,458.17437795162914,333.4101985477441,629.4864812224425
1422,282.89000000000004,254.33423249126332,184.03482801956395,351.34215622914684
1423,247.61999999999995,337.8087928295554,244.54152977212289,466.5029849539254
1424,197.78999999999994,230.82999917304238,167.90172802294137,317.20366283803094
1425,170.94,200.77590742262893,145.57280445108745,276.76992443241244
1426,189.63000000000008,168.09290142114304,121.22990573001695,232.92318876671382
1427,306.7199999999999,219.0170387066781,159.48298081843953,300.63632974901634
1428,324.2299999999999,401.7797766438523,293.9674662938614,548.9981083054372
1429,338.9499999999999,291.73061950655085,215.76159104859656,394.324721423906
1430,407.32,394.66237727312944,294.56608637854333,528.6572374305691
1431,588.8399999999999,418.61500354739024,309.92188516711957,565.3054278325747
1432,493.5700000000001,691.9720443793161,506.51299162379,945.2028799594157
1433,276.9700000000001,408.07611342549086,302.68603315652746,550.0403782351495
1434,232.4799999999999,261.81756277291123,194.02143441901273,353.1819467571261
1435,297.1199999999999,256.04288929328294,189.46823335689285,345.887487597143
1436,482.4499999999998,361.5223159215743,267.3575675032141,488.72880013740513
1437,400.4800000000001,504.02481102501383,347.183599663573,731.516005915526
1438,402.72999999999996,305.33407198487583,200.9411112909361,463.69271689626
1439,387.00000000000006,478.5821626598056,305.53188736756385,749.3266714489096
1440,413.25999999999993,338.7202876135039,219.80070369894923,521.6879800779866
1441,338.7500000000001,417.21925609434413,276.3977789793916,629.5290071594293
1442,317.68,312.04222148692094,209.75958707703572,463.9631069814523
1443,374.8699999999999,334.51030872453134,227.32852485285366,492.0052753284955
1444,512.89,380.37254780647976,261.0220847775701,554.086875000913
1445,725.6199999999999,495.87808516234253,343.9199984942577,714.7828847048031
1446,521.3500000000003,647.7082140901508,453.60749044920556,924.682827205973
1447,352.63000000000005,389.0770322566361,274.3238507554318,551.6585897903462
1448,302.23000000000013,333.76491565132756,236.5345880350271,470.7946538990561
1449,407.6999999999998,307.6474214531559,218.92205717031004,432.1681505503068
1450,490.7100000000001,441.3308998716257,315.6056791656296,616.9820447215859
1451,435.08000000000004,442.1284781931087,317.70027989451484,615.1364158535839
1452,347.83,393.0337736755611,283.7751253997553,544.2112946278304
1453,213.25999999999996,328.9046346295736,237.93836047285117,454.50269841430014
1454,219.7700000000001,210.84972020711524,152.54653602150185,291.29121746874324
1455,297.8200000000001,279.65766042588774,202.42475001050607,386.2130719180671
1456,509.14,330.09516510879405,239.0626698647721,455.6474596828031
1457,687.1800000000001,533.4219011949325,386.3585357867088,736.3188973279005
1458,674.1499999999999,549.1007678731597,398.03815779726546,757.3506712367689
1459,555.4199999999997,545.4907056895814,396.1523292750641,750.9837336727616
1460,550.2,458.76772995395567,333.7070911877606,630.5562803192362
