step,true_value,prediction,lower_bound,upper_bound
80,252.68000000000006,264.1640017435962,220.59643537009703,316.29728731081394
81,231.02999999999992,270.2776145809237,226.47853021692424,322.509845533726
82,243.65999999999994,235.9657788659238,197.90542851265405,281.3089383403206
83,254.97999999999993,268.830577328688,225.31163641847795,320.7180592822065
84,307.73999999999995,266.9102125228334,223.83019149989835,318.24485539595423
85,493.27000000000015,332.9498839090289,279.43222800787925,396.68084344328804
86,521.0299999999999,528.2464343105457,443.31189427681505,629.4170377575306
87,488.5199999999998,440.4236326668676,370.0565228413867,524.1351518757887
88,529.5799999999999,456.2947289501185,384.79026371534945,541.0522205813306
89,410.3600000000002,507.8881992036368,429.3140534526837,600.8097647772867
90,388.1800000000002,345.68411777515814,292.2415512969104,408.86646328250424
91,399.3600000000002,395.12624844955474,335.01834218932464,465.9864260633318
92,448.7900000000002,380.96374278670146,324.009550031502,447.898504026987
93,467.37,447.5710051911875,381.78596669198197,524.661764555088
94,456.78999999999996,435.76006800842055,372.1456433873704,510.21957441343835
95,484.80999999999983,434.2515869639991,371.1790313548793,508.0129426825272
96,479.44000000000005,474.51670811395826,405.82466897381715,554.8073463585563
97,488.70000000000016,449.70718738327713,384.74417284912533,525.6105959775488
98,594.1199999999998,472.3747385697272,404.22165051101126,551.9903025501557
99,706.6500000000002,599.6504574843938,512.3008467542714,701.8645566387024
100,868.7399999999997,689.4911286267376,589.9641537307925,805.7798963816966
101,948.11,879.5697923348632,753.1861774457261,1027.1322866441224
102,946.8400000000004,891.0716560415317,760.0154022280523,1044.6974158247158
103,963.6900000000005,904.8382061737457,770.7116326518635,1062.2765155352204
104,958.3499999999999,932.531698855076,791.6099109184755,1098.5086243084857
105,874.9899999999999,917.0612199166137,768.7367059979458,1093.9671451903325
106,783.8399999999999,805.2179405421339,674.9910117077613,960.5325594491732
107,786.6500000000001,736.122759776459,613.6453032810564,883.0057185501796
108,706.5000000000001,785.032001403575,650.7059611020825,947.0445846861465
109,707.7400000000002,647.8924701358244,536.0443922890091,783.0346977729516
110,719.0099999999999,714.7851005813264,591.2336725753199,864.111752235026
111,738.7400000000001,700.5005018920173,577.2217982209523,850.0626124245628
112,897.4900000000001,737.3372492053985,609.0841234286805,892.5520080419244
113,1108.7800000000002,962.1691450504238,790.9200519675095,1170.4500721030174
114,1218.2699999999998,1151.649274623502,949.058119289259,1397.4411304058056
115,1335.3099999999995,1200.264981116998,979.0965512261884,1471.3422432745554
116,1445.4299999999998,1358.9680563449854,1107.6687112035927,1667.2288366115151
117,1482.24,1444.9000669455775,1176.8886042082918,1773.8936496405138
118,1412.2400000000005,1456.8991338770832,1185.6290286903482,1790.1831188769888
119,1368.7899999999997,1349.6299258648623,1100.510077283198,1655.0912462471479
120,1345.1399999999996,1355.2938669210046,1092.0782976906269,1681.8923027142318
121,1241.4599999999998,1308.9173670676441,1052.9245451698164,1627.0895215975381
122,1112.4699999999998,1174.5208249501663,932.0575142881146,1479.9903877638399
123,1047.1599999999999,1052.069614429231,833.1658929861321,1328.4185511041576
124,1014.3000000000004,1027.3264525715315,807.231693527057,1307.3566278423227
125,986.63,990.6506279299697,781.7553396706481,1255.294167584556
126,1038.4899999999996,970.6908898254707,764.4474436567479,1232.5049168878252
127,1108.8099999999997,1072.889638975663,845.2684405212664,1361.7342123132141
128,1130.2199999999998,1114.6841232151467,874.9605719483027,1420.012660450901
129,1189.6900000000005,1122.3779771535392,877.5617277884572,1435.4136743473541
130,1228.8600000000004,1217.2916368174506,953.1620269699202,1554.5371838185017
131,1257.03,1210.34863315248,945.59669823805,1549.1485624993895
132,1347.58,1258.3510782440821,989.054861982455,1600.8962172448155
133,1379.6500000000003,1376.7760170355632,1078.6057512501957,1757.2962585371242
134,1626.4499999999998,1348.4736232264747,1056.3581172907138,1721.2916531346732
135,1829.5300000000007,1791.7492637896478,1396.8257326081596,2298.249361235835
136,1959.3800000000008,1788.1199465117425,1400.6582481922535,2282.6880438826715
137,2026.039999999999,2013.1606281759023,1565.4930219276123,2588.7613199080133
138,2048.6299999999997,1965.4559461318413,1521.923876538238,2538.1610491177316
139,2040.0499999999995,2070.0468199049706,1594.9816109339204,2686.5215233392073
140,2025.7700000000004,1990.8318034239285,1541.781467056972,2570.5851647474524
141,1886.9599999999994,2022.371693653449,1564.6503432231946,2613.908896101071
142,1756.1999999999998,1774.929437927851,1383.4775738944154,2277.061723764159
143,1664.5,1719.27783048904,1341.7977282702077,2202.873116380917
144,1584.8300000000004,1611.5691643305686,1270.418909302029,2044.2576965190165
145,1549.2199999999998,1550.4098720427776,1224.854352633617,1962.4245992608166
146,1467.0499999999995,1535.803754750192,1223.549531315797,1927.6812988908132
147,1455.7499999999998,1420.7907796743368,1128.7357221352356,1788.3468194015156
148,1365.61,1473.4572015506615,1180.6586726787377,1838.8071198311839
149,1356.9599999999998,1313.1810575084044,1059.682743084084,1627.264307282123
150,1451.77,1383.4433886089591,1127.108540734571,1698.0240097065519
151,1458.2300000000005,1487.5588426253107,1221.6290035036607,1811.3301685206345
152,1444.0999999999997,1439.0585166581632,1190.045362569644,1740.133122692839
153,1461.2900000000002,1444.217356992624,1203.9401587311306,1732.4082475533176
154,1469.7,1465.4355518230864,1228.4903447318948,1748.0444206128416
155,1401.1200000000003,1465.0212711891647,1234.6203625082744,1738.3840639015061
156,1335.0800000000004,1364.7334780723768,1155.0813371206275,1612.40545274545
157,1278.1200000000003,1317.585093364926,1117.4297812115692,1553.5604003505102
158,1280.4500000000005,1258.4929612817,1072.8983049793108,1476.162699822594
159,1258.3600000000001,1294.1363136755313,1104.780416442113,1515.9178672905662
160,1237.3899999999996,1245.9107175179604,1068.695711142173,1452.484688464371
161,1135.2100000000003,1239.9578669898735,1067.424069490734,1440.353177655469
162,1025.1900000000003,1098.3786414794229,949.2132659744456,1270.9601384450107
163,1009.4099999999999,1003.338195787592,871.6168398925201,1154.9428667937648
164,974.4799999999999,1027.795894097382,896.7558283308358,1177.9630969921013
165,997.93,952.8034970899172,827.7237741053813,1096.761569641264
166,1021.6500000000003,1039.8104097072508,910.4805503729233,1187.4908663292476
167,1147.1500000000005,1025.6049291007403,898.7461824928484,1170.3499884311127
168,1227.3000000000002,1217.5413819230005,1073.6483908880473,1380.701319286208
169,1207.0000000000002,1240.3282894271888,1096.8155880398558,1402.6017878772263
170,1177.42,1199.7356331833328,1063.5645455962913,1353.324701832529
171,1128.16,1175.0423939051987,1045.9708521381183,1320.0259955544707
172,1048.4000000000003,1113.6737766473914,990.1056788200285,1252.647976091336
173,959.2899999999997,1026.1414096165647,916.608535432018,1148.7489774900487
174,930.0000000000001,935.8294474805895,838.0429863553045,1045.012454593278
175,938.0499999999996,936.8155845320139,842.0876720711184,1042.1869658710098
176,909.91,950.1169172834709,857.8078052319994,1052.347890915403
177,817.7399999999997,899.5940816765392,815.6363949222715,992.1833861360143
178,763.1700000000001,783.38535156663,712.9115226702489,860.8160097080972
179,761.7799999999997,761.0219845067802,695.2255572319416,833.0364682680038
180,767.53,771.6174531098483,707.458044597572,841.587268790249
181,693.8799999999998,774.6527403216163,711.5472169091636,843.3470962923293
182,674.4100000000002,656.8959994880432,604.7192566659864,713.5672543493965
183,735.1699999999997,690.0437677357813,636.4968916824621,748.0883409112032
184,820.4199999999996,770.9525704933533,712.9593868486119,833.6563993249276
185,801.0700000000002,863.6137486546999,800.0940055008077,932.1700514915148
186,789.3300000000004,776.4117014877319,720.9946485471218,836.0823174745535
187,735.06,807.1537831017558,751.0433068668185,867.450701147376
188,663.3800000000001,710.6247801044462,662.3982440330328,762.3572024249821
189,700.8399999999999,649.8774954703077,606.6512509712277,696.178708070758
190,586.1299999999998,745.8773073054585,697.4162762845618,797.7009053331005
191,531.9999999999999,547.6958971425157,512.0792812715968,585.784924924032
192,556.4300000000002,538.7547412619086,504.0622921767666,575.8301954578419
193,583.6199999999998,576.4321997256636,539.566893713426,615.811627122657
194,575.7499999999998,600.4805211614726,562.1359129434809,641.4360603209949
195,627.6300000000002,577.5587761808841,540.5581352476843,617.0873958117752
196,648.5099999999998,664.3017868258955,621.5563220409213,709.982206561923
197,519.6100000000002,653.6200187000043,611.3647612279176,698.7910330821587
198,402.0099999999999,473.98202323720284,443.1474256490164,506.9572893366073
199,440.0299999999999,377.5692712367901,352.76316063551724,404.114802986543
200,468.7899999999999,497.56485179341536,464.01008913364325,533.5408997617521
201,433.41999999999996,470.5122410744478,438.17616147226096,505.22919226250053
202,445.9899999999999,428.4286368664267,399.0546715660226,459.9593819741801
203,405.2499999999999,473.24357560553864,440.15377207958056,508.8153597166905
204,367.85000000000014,386.4323566648782,359.15602252240814,415.77445774646816
205,366.56000000000006,373.6472099644873,346.8043426708716,402.5617579019082
206,427.4399999999998,378.1271310804445,350.3852190271268,408.05927095980684
207,350.73999999999984,476.45695015355534,439.9935260197022,515.9353421296028
208,314.31999999999994,333.090689506111,307.71354753258026,360.5539055761366
209,317.44000000000005,323.17508915179906,298.4607418699282,349.92909932154924
210,333.6400000000001,329.0215455986321,303.6890262135026,356.46026666215175
211,293.04,349.2982071041166,321.90176125285984,379.01909133058894
212,305.10999999999996,286.91014841297385,264.9213578178332,310.7171717209911
213,234.50999999999993,320.2658149167266,295.78852602963457,346.7618397680328
214,217.25999999999996,233.2537367262178,216.11187843886862,251.7490138483927
215,217.48000000000002,220.55906985289025,205.05165893766576,237.23356573376586
216,236.25000000000003,221.34449811704377,206.05797748754853,237.7595804942748
217,247.44999999999996,243.62167240389078,226.77836618435467,261.7104742741221
218,311.1799999999999,253.40884802561592,235.96004793462643,272.14250869655984
219,362.2500000000001,328.56461246847454,305.9740999770483,352.81758200322605
220,311.57000000000005,375.6300964027873,348.30601167611104,405.091578085697
221,271.49999999999994,304.2551243498815,281.43308189857004,328.921304952957
222,276.35999999999996,272.8429067108499,250.97173094766808,296.6125030923484
223,252.95000000000005,287.34433251287345,262.13488813636127,314.9689491619545
224,313.6199999999999,254.21291476092432,230.6829148793833,280.1326501769719
225,289.1700000000001,335.56875011411785,302.6804774469853,372.0187877261717
226,351.22000000000014,291.1079972932863,261.46283087519254,324.10158409161437
227,388.77000000000004,360.2757180248868,322.44636720704375,402.5294802085357
228,338.2599999999999,391.63819310198585,349.42985702621195,438.9304100131539
229,248.54,340.86646640573287,300.9177832179104,386.1010167307327
230,205.82000000000005,251.3903208963513,217.0961678660317,291.0769984426882
231,244.62000000000003,216.71467151372224,184.52543654375162,254.4888379478354
232,252.16999999999996,268.49282101249224,224.89822026449872,320.50045490502197
233,268.3799999999999,263.2391146842229,216.16324225045153,320.5199266944852
234,279.46,281.004279498751,226.33939502519445,348.813606422223
235,253.01000000000008,286.37109378842973,225.1209690646615,364.21223965541776
236,268.66999999999996,260.0117867885607,199.23306870161647,339.23926858993934
237,261.72000000000014,280.76036590545783,209.28484764626677,376.5303103565621
238,267.8100000000001,267.59566874817745,196.1704406034933,364.89477129262195
239,260.4900000000001,275.29701096299493,196.4207084790061,385.68708493264995
240,232.71999999999997,265.8211238855628,185.05982151412647,381.63775366542285
241,229.12000000000003,244.31904600235342,166.37056479786017,358.5700020740697
242,221.77999999999997,246.26374886775724,164.97114194923205,367.373446046656
243,246.43000000000012,236.66854210803834,156.40610778008244,357.85733218611455
244,256.55000000000007,262.23181682211276,171.42694324174778,400.8570884848446
245,280.88,259.46154901644826,169.1433254368982,397.72394842316567
246,316.47,280.8265667833678,183.04481836767735,430.55908679931196
247,279.23000000000013,303.81950118954313,197.80572616969818,466.36545317679037
248,258.42999999999995,266.3831264668609,172.45302924965284,411.1792316252467
249,232.39000000000004,263.3071900178079,169.71130983486117,408.2188781322547
250,208.45999999999992,242.9096476439946,156.97445445997454,375.5920029107673
251,283.12999999999994,223.84311970323773,146.37974321702512,342.02155353494
252,272.2,291.46432364624496,189.25716261329177,448.5777159239515
253,399.7099999999999,264.01230952096915,169.96395064069046,409.7972700352565
254,389.77,348.8789710554541,224.50046058912423,541.8605071005665
255,362.95999999999987,334.17855035365653,216.94270034658513,514.4779693860894
256,349.50999999999993,330.22390897491005,218.03361007355522,499.87873655452813
257,320.54000000000013,323.09362992366624,217.32557859716005,480.1011226078328
258,336.2,305.11613195710095,209.4840271885277,444.19808698094255
259,354.3100000000001,323.21755798326325,226.6603267676177,460.72746212355196
260,387.99999999999983,333.06731957475444,237.44266229531394,467.0411338036565
261,377.61999999999995,363.05379620852085,264.27977676565865,498.60523998372247
262,463.84000000000003,359.22435771431236,266.2029394470994,484.62934284777566
263,549.0799999999998,436.2628438333715,329.40115427646055,577.6868239487546
264,555.3900000000002,524.7064982614493,403.3241100760933,682.5291673857964
265,571.9699999999999,532.4674661108473,415.3748376242376,682.4887982725733
266,575.1599999999997,551.578854791522,435.4593427205367,698.5918310728433
267,564.71,557.2445950544143,444.15441177644396,699.0650103945745
268,552.2700000000001,547.529908492763,439.99421841707357,681.2879936863812
269,455.30999999999995,536.5796280282458,434.17903106037676,663.0757845496751
270,437.2300000000001,440.37773054793354,358.8412015450351,540.3896468419352
271,530.3199999999999,427.3434817781177,350.3365231350302,521.2290490740809
272,558.2500000000001,518.7866481226295,428.12750121909244,628.5987994221277
273,540.6099999999998,543.522587914051,450.967794272688,655.0309219061826
274,454.71999999999997,525.373591389382,437.90073904109266,630.2797702676348
275,533.92,440.2304921774076,367.87500786709916,526.778632531428
276,651.85,519.1341448647829,434.7884700314379,619.8046959909292
277,721.31,631.8980839947077,530.4622611462553,752.6941265787079
278,814.6099999999999,696.8386015821048,586.5608663938799,827.81407137761
279,790.3,794.0886287517939,670.2740607962039,940.7404373119834
280,839.3899999999999,762.3360896251527,644.9821016957656,901.0094894187046
281,826.7599999999998,821.0693705516784,696.5108918632396,967.8709637121135
282,796.7599999999998,807.3404486232272,685.5791515998035,950.6954882155602
283,841.5699999999997,766.6600615829402,650.6309816297321,903.3492202836591
284,854.4900000000001,838.8629098807766,709.0697103182262,992.3809274546942
285,866.4900000000004,831.7212052624209,700.1388690400634,987.9975243321965
286,880.0300000000001,851.773595542294,715.2460707386219,1014.3253678644134
287,868.1200000000002,864.8334028525256,723.942538727016,1033.1060724779436
288,869.1799999999996,845.1601717674275,705.120152153392,1012.9733784710721
289,885.0799999999999,857.2558147886982,712.7425930703606,1031.02898463704
290,912.9799999999998,874.1719103811787,724.1290157221997,1055.2615150042095
291,898.3800000000002,905.3957289269026,748.3442253482815,1095.3629125654343
292,890.6199999999999,865.519329094731,712.5011752578006,1051.3539045657287
293,904.5199999999999,876.9921482086969,717.5106050988895,1071.8724208740475
294,914.6899999999999,892.5329145063408,729.7328760096328,1091.6031871811813
295,911.8000000000002,899.6674316069098,733.5709904768618,1103.3205256864
296,888.2599999999998,893.974982613157,728.6512860895939,1096.7575655298278
297,815.3199999999997,866.4258587752987,707.7966653865506,1060.5563774721193
298,738.9499999999998,782.8343643716162,638.7373690198111,959.3883414083149
299,781.3699999999998,716.0510391456592,583.742950515143,878.296094612011
300,770.6900000000002,803.3322592843341,656.3509282804663,983.1780934542354
301,656.0100000000001,757.4045142394633,620.2306145693207,924.8677755563423
302,605.6000000000003,618.4145191356195,506.85915911925457,754.4739136365896
303,644.8599999999998,613.9090019526192,488.5144696914441,771.424727139736
304,652.9400000000002,688.8417495223823,533.6708739708799,889.0459376996463
305,579.58,644.565843057751,499.47976229035714,831.7115082848862
306,602.8399999999999,548.6936704863649,429.4245044282912,701.0119167567345
307,581.6400000000001,628.9385699199571,497.34029094381486,795.2884179427915
308,576.48,578.2379612040955,460.7983713665326,725.5435231116816
309,605.2400000000001,583.7601473926504,469.3809820944092,725.9520728838551
310,565.89,625.1157916770125,504.7688118128174,774.0991667165454
311,525.9300000000001,551.5002560953745,445.83076062215946,682.1591731966271
312,478.7900000000001,525.9546476269902,426.1416883389821,649.0915462864306
313,429.6499999999998,467.3727816723783,379.86915498609653,574.9801226737028
314,452.3000000000001,419.21239841624606,342.603993216242,512.9010700367702
315,466.22000000000014,475.74005285481354,390.17190643265184,580.0260764090466
316,441.91999999999996,466.9652564971962,384.1531417887782,567.5828765966129
317,425.28000000000014,437.0286896715412,360.09953435724185,530.3469409948005
318,394.60999999999984,426.07446702702174,351.6792450526715,516.1628411509585
319,354.84,383.8785637802757,316.9927118294486,464.8330312205905
320,403.6000000000001,343.4064674794743,282.987408836548,416.6798377352033
321,406.38,456.4338220134365,376.47190144223083,553.3345099922457
322,384.66999999999985,404.9243560311542,335.2594753708308,489.0221254362927
323,360.2400000000001,383.9751826866722,318.2609125138506,463.2155850450592
324,315.11000000000007,356.6244162604981,296.3149073281942,429.1675427410827
325,292.01999999999987,302.47793016761625,252.4921123598912,362.32039384351634
326,252.7800000000001,291.59338107650393,244.60889053295838,347.56591088380037
327,281.85999999999996,239.5477748946874,201.46393881592476,284.79524998470475
328,358.96999999999997,297.6883465305195,251.61220063402286,352.1687231622964
329,365.60999999999984,393.4260076780044,333.7467269672877,463.7450236250167
330,362.8400000000001,359.38327998723025,305.7532169962284,422.3895564849162
331,319.31999999999994,374.10563145256305,321.32590127259243,435.5278564083868
332,279.6299999999999,304.4477404931056,263.2024164061257,352.1319790388579
333,259.4799999999999,278.7771418049902,242.57199514855694,320.363911433368
334,310.59999999999997,259.9280536040079,226.8822110873034,297.765966999911
335,432.3600000000001,345.99623179231554,303.62920404195484,394.25555422940835
336,545.39,484.3535022267288,426.2371438291955,550.3753322392039
337,511.31999999999994,575.620116912826,505.01457115798075,656.0774404137771
338,437.1400000000001,457.419807772166,401.32738976662773,521.3326214001178
339,417.5,421.43774141994186,369.3232076924512,480.88620553369475
340,393.28,413.84893728049616,362.7234597264474,472.1606833724484
341,363.71999999999986,382.2003534043987,335.0415253581069,435.9772774146631
342,384.73,359.8535654802075,314.92394917576956,411.17291711978106
343,463.6,407.1525161309905,354.5319552484869,467.5611910963872
344,507.8999999999999,484.13115179082354,419.9383170720133,558.1133543626238
345,421.9200000000002,482.71959620239613,416.9925711303149,558.7818332452164
346,350.7999999999999,367.62684190477285,314.6615032509633,429.47931779204595
347,390.42000000000013,349.4175262893232,296.8398829892495,411.27669544565555
348,410.5899999999998,422.08067420983787,355.8354690867059,500.6240603771292
349,339.38999999999993,387.3034848342145,324.11528845204685,462.7727036839561
350,380.09,316.60690820666275,262.9020005272837,381.24093769295456
351,505.65999999999997,436.9787998425321,360.3820392461746,529.8106332889244
352,660.0199999999998,496.5579426515873,408.5885042339021,603.4210316857549
353,689.1899999999999,685.4874096504791,566.7309922178632,829.0849699390371
354,430.9500000000001,581.0832946565403,482.92753281133366,699.1481398461926
355,370.41999999999996,331.3707001724951,274.3542657932277,400.19328463976046
356,399.1800000000001,416.15168397152553,341.4084366498603,507.2103967497278
357,469.5299999999999,379.0972821393906,308.8825436295712,465.2216277095408
358,519.7300000000002,522.7097479327668,416.1192075143179,656.5384090179725
359,565.2999999999997,449.03272673293486,346.7153433584123,581.4576309303683
360,491.65000000000015,573.9190647777997,446.9704716175954,736.8431213366547
361,390.1499999999999,412.4893380824648,322.32440702488543,527.7984111101007
362,415.9299999999999,390.61742570106423,306.8779798043088,497.1330857445825
363,473.95000000000005,436.2191723445494,345.6870682974611,550.392371236746
364,514.8900000000001,474.8960357722885,378.81692623374147,595.2794736651733
365,543.6500000000002,494.01612589918545,396.48479188885506,615.478843720785
366,533.8600000000001,512.481396439317,411.91922178435243,637.5344410703395
367,492.89000000000004,489.9700717217379,393.9894836324487,609.2734916121343
368,470.90999999999997,467.9202333554294,377.67714247050037,579.6692841705909
369,414.58000000000015,463.77983798593954,375.65919586932665,572.5165905074028
370,352.77999999999986,401.380064397316,325.6638017579639,494.6463353241461
371,403.40000000000003,370.53663776218656,301.06038892350205,455.99296651104174
372,576.7199999999998,460.10137991902224,375.16216981870866,564.2202683371803
373,701.4599999999999,584.9615043422186,478.97115500162005,714.3573313584584
374,590.11,617.6767956526278,507.8916791632346,751.1462683539518
375,444.4599999999999,488.3043569493493,402.3760844615452,592.5373041493258
376,391.12999999999994,424.23744676856006,348.6171889320307,516.213946735893
377,370.4499999999998,408.92230464086884,336.98214275407605,496.1750710638832
378,565.63,389.1710528507637,320.1122635489262,473.08170837261844
379,654.8299999999999,664.3369037568607,542.9693651123085,812.7833192304337
380,681.5499999999998,516.0930179417987,422.6486585400449,630.1484382497653
381,670.1900000000002,643.5914846961126,530.900622975849,780.1575399519778
382,645.4799999999999,568.1593709616856,470.8497363359204,685.5371846321849
383,659.6,602.1081706074079,500.4208529730474,724.4175076619047
384,497.76,600.9065697767725,500.66485794962745,721.1783886182012
385,444.3700000000001,443.6826664574217,369.5320756568803,532.6722158186273
386,537.2199999999999,478.14359245167503,398.881059423277,573.1171700370192
387,648.37,558.1651403443861,466.188458802345,668.2495250800654
388,748.1199999999997,622.8053194476518,519.8775453957423,746.0720901887581
389,736.1799999999996,692.9505445225815,577.7057371490383,831.1454710568486
390,637.1900000000002,641.0505454487005,534.1026351715415,769.3735242844075
391,581.38,575.2606330685107,479.02089081724296,690.795552187647
392,600.4,558.71936326522,465.14263057731,671.0813439140376
393,623.0000000000001,594.3196043780124,494.4365936235328,714.3396336042451
394,704.4100000000001,596.4600909927611,494.6459865841631,719.1885418040505
395,695.1500000000001,696.8069518324111,575.8966318518173,843.0585629051059
396,617.75,619.7136150560212,510.9580129276757,751.5722465258958
397,658.6,585.1845723612248,480.60313854472747,712.4761494964802
398,639.6099999999999,661.595700317993,543.8731837887824,804.7527423667095
399,738.7100000000002,586.0986266768411,478.6203862184028,717.6616902661747
400,784.6100000000004,760.2189479518671,618.0313147538732,935.066193923224
401,752.9299999999997,690.4451422005428,560.7965061017917,850.0134532344399
402,648.5099999999998,704.7573871464339,574.1087218228078,865.0857862371719
403,620.0200000000002,591.637328725784,480.8374120171937,727.9160090929183
404,542.9500000000002,628.2258521036805,508.44526871531355,776.169202010692
405,509.97000000000014,535.7347368123204,432.01732720954595,664.2948036917262
406,524.5699999999999,539.8249192228811,434.894377876178,670.0148331748437
407,545.4199999999998,546.2668194142828,440.18807595325126,677.8510115209024
408,545.9799999999999,570.3101468635228,460.0533752803185,706.9338345821091
409,533.1800000000001,552.1427273001062,447.1502883639144,681.7327454859147
410,425.08000000000015,553.6732581538203,448.0555617384651,684.1321963809917
411,415.3100000000001,428.7965513024868,347.1211102724773,529.6345121297738
412,435.19000000000005,470.34134462963385,382.2306088348024,578.7101224057966
413,445.08000000000015,467.360541578887,380.9288222477083,573.3520366362835
414,542.9500000000002,475.42360255855607,388.8034790725853,581.2920042040137
415,628.5400000000002,598.8644305629475,490.37373103965547,731.3088564243358
416,518.2599999999999,632.0758371774787,519.2287858956473,769.4014589041963
417,417.2300000000002,483.0970113228944,398.15080659987956,586.1212396338152
418,378.7400000000002,424.381859013448,350.971654554364,513.1031206244144
419,385.54999999999995,395.86363403522074,328.59287656810665,476.86452686605884
420,378.52999999999986,412.70108951863165,343.45135198525054,495.873043123464
421,384.15999999999997,390.1901609166707,325.4103829338756,467.82620774049207
422,503.95000000000005,405.3864765512699,338.78478146554556,485.04286399007594
423,526.3099999999997,567.2463120573418,474.69463864174736,677.804941104147
424,445.68999999999994,514.2320871151354,431.4494063704264,612.8616441194232
425,377.2899999999999,436.34848088159356,367.1602970656576,518.5391661022209
426,359.05999999999995,379.049317227834,319.812470016032,449.2240312483015
427,351.8100000000001,378.08417360298347,319.66453528739476,447.1468789414515
428,333.66999999999996,364.5184549029034,308.97278961463593,430.01764203465905
429,366.33000000000004,342.50200881725357,291.1056277667183,402.9416527630914
430,356.31999999999994,406.21828017485103,346.2315607928603,476.56813156591716
431,381.41999999999996,349.01157889377714,297.93312235158743,408.8177692588646
432,368.2699999999999,422.7877070710493,361.3416216505597,494.6538524236636
433,371.22,363.10856441095683,310.21675345522823,424.98942764332963
434,418.96999999999986,399.16663375523956,341.4078323576866,466.6684340670143
435,416.8799999999998,441.0451391620727,377.4003345831403,515.3946413315949
436,446.46000000000004,412.9714659506526,353.5988627985929,482.2851782682377
437,499.9999999999999,465.662284275068,398.5343073060028,544.068805312961
438,444.48999999999995,493.947328196051,422.63280077755326,577.2669737536282
439,467.73000000000013,408.55890354739273,348.3246480064389,479.17938737563884
440,464.75000000000006,495.18526204986836,421.37173330195856,581.8984159304177
441,457.46000000000004,429.876783930444,365.00535256090194,506.2461417059475
442,425.04999999999995,454.47493098384064,385.09127687910257,536.3273761367468
443,402.66,409.01200198696966,345.7367412459572,483.8342323610705
444,388.56,409.1500527076516,344.7550295751037,485.53830413636405
445,306.23,392.95273116767726,329.9735274591571,467.9159147739514
446,296.3199999999999,304.28501934385895,254.3400958664706,363.9992482360408
447,301.39000000000004,331.96377031662695,277.22584042415434,397.470796869372
448,427.8799999999999,322.22032083519855,268.27610028539107,386.97121500974345
449,542.1800000000001,454.8357377564008,376.10465952637315,550.00411667385
450,551.2600000000001,500.6279935910685,411.75755989499515,608.6330349908442
451,436.10999999999996,502.0730717977938,412.48704546051863,611.0687899331866
452,412.98,396.4092952187556,324.98085824196556,483.48902422681016
453,332.5300000000001,417.31204042095186,341.5841941284981,509.7794409671622
454,302.4900000000001,331.88044750247985,271.31580266422316,405.9150274987305
455,305.41000000000014,327.20739784748304,267.0692126059024,400.83687994107316
456,317.03,328.86847819683305,268.7832974599407,402.33561763234013
457,296.3199999999999,336.61422427712324,275.5315246108137,411.1894044256333
458,296.77000000000004,308.05059110102803,252.49739317046837,375.7781067305338
459,300.16,316.1987189894768,259.81454388123535,384.77230330522207
460,307.5300000000001,314.5001066186129,259.23891947414353,381.4958906127263
461,308.9500000000001,323.24465327596545,266.2297974545408,392.4239227043376
462,318.23999999999995,320.55982064742443,265.1442109037053,387.51387337602307
463,309.15000000000003,331.8266472016305,274.66491038191384,400.8414129459199
464,297.41,316.6303549095501,262.53528793940194,381.8293476324334
465,302.28,306.84528317712955,255.92657818895646,367.85525445603963
466,316.37999999999994,315.30669749844213,264.89207220187234,375.28021796155855
467,332.33999999999986,328.33841945596845,277.48736693529975,388.4747389203996
468,320.25000000000006,341.9037717563672,290.6139395267697,402.21459555587813
469,317.1499999999999,322.47794842486746,275.2850311572731,377.73200252241264
470,319.62999999999994,325.17656204096744,278.190331146013,380.0703228444679
471,393.86999999999983,326.4678156919205,280.387126444288,380.09479871769884
472,445.96000000000004,413.1360540737115,355.80954690594154,479.67287652747535
473,440.29999999999984,433.2342576416575,374.3193233895791,501.39723552383674
474,460.9700000000002,417.9624937775445,361.99002694529634,482.56582319753886
475,462.57000000000005,446.364398038107,387.515241530885,514.1275503205404
476,428.97,438.0226134746025,381.86304780162965,502.4198422876626
477,426.58000000000004,404.2410336544693,353.4274640411144,462.3396449725826
478,436.40000000000015,417.41226986131466,365.9984843240716,476.0287482056905
479,538.76,424.19505260935404,372.57996912554654,482.94145217864764
480,743.6100000000001,563.6321300679634,497.16437772382193,638.9683649837981
481,900.2399999999999,800.8223367461634,707.2638132281644,906.7395282624217
482,939.35,921.9967060816928,812.2215936393676,1046.5901354575317
483,970.7400000000004,921.3042043656098,810.1989104363698,1047.626957515132
484,1061.05,979.555040176226,856.8887768356309,1119.7608873978995
485,1122.4099999999999,1096.7998841627088,950.699364821882,1265.3290848084291
486,1276.0599999999997,1121.20507291005,959.2488682135083,1310.476917445363
487,1351.5399999999997,1375.2801128946076,1174.4993862240785,1610.35511540635
488,1381.8000000000002,1313.313487355037,1111.8458823464712,1551.2544230482652
489,1380.1499999999996,1411.4195849385133,1189.9644725347207,1674.0533957340383
490,1398.2300000000005,1342.3708364569814,1127.408729700812,1598.2832709842787
491,1413.9500000000003,1419.0836360033745,1185.7898179172178,1698.237306217967
492,1433.6300000000008,1393.8399720696693,1162.7684102587496,1670.7918535447618
493,1499.5799999999997,1443.5840192914436,1208.7742530967892,1723.9689216400143
494,1551.2599999999995,1521.0031428081197,1269.6960600809862,1822.0115284768847
495,1561.1099999999997,1554.390272113026,1301.993714922342,1855.677335337737
496,1565.2400000000005,1548.2517640531232,1297.171324106355,1847.8938893130835
497,1487.4600000000005,1560.989325456568,1295.2366499572702,1881.2262531465155
498,1469.91,1420.953362362612,1184.6088870791575,1704.4117818866703
499,1497.6299999999999,1494.7947188993285,1231.5931221751346,1814.199031079144
500,1696.85,1480.2535492847546,1209.9892771618142,1810.8344387086615
501,1751.22,1858.7781190882897,1506.6860968033113,2293.094678974014
502,1751.87,1662.2880725029502,1337.2353174447937,2066.295023578472
503,1772.4300000000005,1786.4944386114817,1452.351040428472,2197.4615410775064
504,1888.79,1747.006625770253,1416.5014748628648,2154.5724758821225
505,1962.7399999999996,1965.186327149743,1604.4607784411924,2406.962078540558
506,2093.639999999999,1943.2345833568093,1578.064996144263,2392.8521367712474
507,2416.8999999999996,2174.7860247860804,1777.3293725861424,2661.074247117625
508,2440.9700000000003,2564.3245860952356,2093.728382746016,3140.6437024630786
509,2486.6600000000008,2340.395580551325,1905.188226386326,2874.966386078295
510,2458.43,2564.0701263011865,2086.4673611521057,3150.9461694535985
511,2462.230000000001,2381.47160159665,1935.2185689198716,2930.575506778135
512,2459.5499999999993,2471.253392702261,2020.9054685724943,3021.9092965671907
513,2412.5299999999997,2445.1680357143623,2001.1318484076758,2987.6833195873787
514,2370.9100000000008,2386.496953025781,1953.8209401100498,2914.94057734336
515,2383.24,2351.4728558603947,1938.4387197878398,2852.469140889048
516,2459.61,2383.8589624196625,1965.7432506886673,2890.8631187074657
517,2680.9500000000003,2479.0897951605402,2056.178189519548,2988.9429341587443
518,2740.9499999999985,2754.1655801196284,2290.4997778396573,3311.650277030526
519,2635.9100000000008,2721.360514973475,2272.5937087442544,3258.7058766405594
520,2593.140000000001,2585.5823584288314,2168.1319630328294,3083.371265075493
521,2576.860000000001,2579.6858148030024,2170.7317485348585,3065.649128843154
522,2611.429999999999,2559.3338772591164,2169.501021776134,3019.182666247468
523,2539.4900000000002,2616.3021621944313,2226.870593411233,3073.806332327749
524,2573.3800000000006,2493.0909766890413,2138.049215837477,2907.062962715077
525,2508.81,2586.059667227551,2232.1300958515876,2996.0836603871217
526,2473.9699999999993,2464.814572908756,2141.2942809009774,2837.1915417390946
527,2303.1599999999994,2461.4217229517135,2150.1170401097197,2817.777699494775
528,1968.9900000000007,2234.7038570492373,1958.850269052519,2549.3844938324173
529,1887.6399999999999,1856.6168445988237,1631.931035228083,2112.218664409365
530,1667.1500000000005,1905.5823946780772,1677.7701441659528,2164.30919395303
531,1590.52,1581.862573076282,1398.1045126794627,1789.7553742696502
532,1568.7499999999998,1605.4107752743307,1422.6420406090954,1811.6435615889818
533,1572.8799999999999,1571.4471088685514,1394.8475989931167,1770.3895929417
534,1529.3399999999995,1590.2133513542406,1414.5712988133162,1787.6488173718653
535,1597.57,1521.8707585452303,1356.8679447208863,1706.9240704138058
536,1634.3800000000006,1641.8973383039645,1465.778746691636,1839.162785487709
537,1639.2499999999995,1649.4765623989342,1473.2996759798102,1846.7063567268312
538,1631.1399999999994,1653.3953551393483,1478.1235485828129,1849.4363572123948
539,1596.9499999999994,1638.4595499850702,1467.2016021407587,1829.693831227384
540,1591.35,1596.0187093476359,1430.9933164431259,1780.0619146892402
541,1610.13,1602.856787236324,1439.2490106866255,1785.049894759293
542,1735.4700000000005,1625.7143669537816,1461.0530769863738,1808.9203601474344
543,1846.5800000000002,1791.0672320201786,1611.6146727864623,1990.4893608968932
544,1878.1700000000003,1879.3864344944473,1691.889534922287,2087.6496549776684
545,1909.6999999999994,1888.0645928310057,1701.3555586902191,2095.251289967534
546,1874.4800000000002,1926.9618915931474,1737.0970646772098,2137.567017329228
547,1821.7099999999996,1864.0354294814492,1682.679231951661,2064.9262686212896
548,1889.6400000000008,1816.3585374329039,1643.545338416008,2007.3314071240163
549,1763.2800000000007,1925.5798242915416,1748.2755765230233,2120.8553949886323
550,1636.7099999999998,1725.9418530289743,1570.2332828560807,1897.0810782737967
551,1555.92,1621.2419715718097,1475.4303707911704,1781.453860603645
552,1493.6499999999999,1546.6934386541388,1410.6494420019988,1695.8483171402556
553,1380.8600000000001,1488.8534448139144,1363.0800240407707,1626.223658366208
554,1370.2400000000005,1353.4515227768406,1242.0592873474961,1474.8257681072769
555,1268.6200000000003,1392.4042747097717,1281.9744023235612,1512.339213364763
556,1153.41,1238.5481657025489,1141.4998085301822,1343.8401860769006
557,1052.7700000000004,1133.423697730127,1048.3056174201815,1225.4464276248746
558,1075.4200000000003,1030.585314296994,955.4785091180837,1111.5898287609607
559,1064.65,1104.4389873064342,1027.0279315472999,1187.679137168804
560,1017.0200000000003,1057.9535422663882,985.2097872368656,1136.062944609776
561,927.3800000000003,1009.8831558948528,941.4828162942167,1083.2476246834124
562,824.7299999999997,901.3168030478369,843.0409485426247,963.6162481432644
563,774.2000000000002,798.2846145956494,747.2334907146804,852.8188988561689
564,815.41,768.8976912286107,719.7336138229956,821.4154439183912
565,867.1399999999998,847.0262911857815,793.6882595559393,903.9442745563674
566,893.4000000000001,885.3533375699851,829.4564969277911,945.012514716665
567,853.7800000000001,905.6062494230606,848.3295111641488,966.745593069466
568,733.2600000000001,835.8735713548159,782.8913461926498,892.4367981401899
569,668.42,689.8336192221144,644.9663216271964,737.8172935166722
570,565.8099999999997,663.0762955841468,619.0635674060572,710.2130909442224
571,537.9300000000001,524.1578480368678,488.7814278129763,562.0894715346884
572,507.61000000000024,549.4451395376125,511.5368471754955,590.1572081310991
573,552.1799999999998,493.4343682007692,459.7006342758404,529.6381764426275
574,535.3400000000001,583.2741016834862,543.7325447623386,625.6859382286103
575,524.9499999999999,523.5390860156779,488.45920928636104,561.1331615341816
576,487.0199999999999,529.2209847902362,494.0949057346117,566.8391949817916
577,480.2599999999999,475.84882029260405,444.5601554610962,509.3346756379838
578,479.52999999999986,484.9668129075487,453.3361794132236,518.7995536092383
579,471.3300000000001,480.6957796422569,449.7350271753945,513.7832099475854
580,466.25000000000006,470.8785511576376,440.57894156927404,503.25721446614614
581,462.04,467.4613585744106,437.9940257526096,498.90667663676726
582,444.9900000000002,463.02399072003146,433.4601876489769,494.59952806932625
583,369.7699999999999,441.4381754083856,413.5272333186064,471.22841667496994
584,390.71000000000004,348.397829482476,326.78205266510383,371.4390711891533
585,374.84,408.00594602436325,382.8861660010311,434.76945120454025
586,369.6800000000001,369.66433111039805,347.1380805605776,393.648141152177
587,363.6300000000001,372.54013859891506,350.05030699363914,396.4707680487086
588,394.64000000000004,364.4009123929723,342.455227758472,387.7488557067775
589,427.1399999999999,406.24934794591275,381.7033389060021,432.369700605374
590,408.6899999999999,436.7719799655749,410.3911181282541,464.8445406282039
591,325.97,405.5298761133591,380.9859455939422,431.6508398516429
592,330.01000000000005,309.26655915748296,290.42056798657643,329.33130913346554
593,392.3099999999999,338.83005062362383,318.10415140675735,360.90210248831386
594,437.5199999999999,414.8645202146488,388.59477124095247,442.9055961210523
595,445.9899999999999,450.60067743451043,421.1450388818303,482.11161585484814
596,454.09999999999985,450.18493513660206,419.64432880032905,482.94292221837884
597,455.7500000000001,460.55944925944215,428.69960454970453,494.7815249188506
598,365.39999999999986,459.3097525878971,427.2904511262171,493.7228400034736
599,300.09999999999997,348.1699286301977,323.577056822321,374.6261771957537
600,289.44999999999993,296.78135110708763,274.01504907540334,321.4322936700462
601,290.77999999999986,300.2799187229735,275.33782224256885,327.47327480942556
602,297.0599999999999,302.8165588533311,274.1305034989381,334.4935212912001
603,288.7099999999999,310.64910468823376,277.741044778907,347.44227741922913
604,302.4900000000001,294.98822366577014,261.43733234138176,332.82837634873937
605,304.81999999999994,320.1301447094818,281.56028799837816,363.96483837716295
606,255.57,311.10295852095265,272.0444169315443,355.748758360267
607,229.59999999999997,246.58429613448718,214.6294408274728,283.2746494039956
608,228.00000000000006,236.0156123014698,205.15408192504808,271.4971533431233
609,232.52,237.388327440862,206.14619519397186,273.3424498182886
610,238.00000000000009,242.37217589689425,210.33815068437312,279.26182593623145
611,237.2700000000001,247.4909498717991,214.47170553525274,285.5701184051128
612,219.23,243.27945510450806,210.73067041953087,280.8318766379864
613,225.67999999999992,218.2558963619067,188.85638207936876,252.20796468862642
614,240.94000000000008,241.4007924500027,208.77807836585055,279.0966842584751
615,241.85999999999996,247.50597987310252,213.00224112671174,287.57278179682834
616,254.26000000000008,247.80164362198752,210.459659100945,291.73790628524586
617,245.22999999999996,263.55407166161956,190.57697613282912,364.3302095352775
618,310.5099999999999,237.2579786717931,148.58759960071885,378.48910572996334
619,286.8800000000001,397.6647654337303,249.29720154205063,633.9795132313131
620,241.26000000000008,273.08101127732743,171.07868882993594,435.5467987557913
621,229.17999999999995,240.27115969427442,154.43684024460694,373.5043479307332
622,227.42999999999995,234.37891711389568,157.1583750895486,349.3022498197841
623,230.59000000000006,233.0077425099172,161.82118361421155,335.31756224260806
624,261.7399999999999,237.22075044716436,169.6142952401295,331.6164777912609
625,278.04,276.83315892715217,203.3233618107484,376.7897129107415
626,306.64999999999986,281.15299436974834,211.6405031756701,373.3892205054004
627,334.9900000000001,316.096341498765,242.95141094417065,411.17261012240147
628,323.4600000000001,336.7136738958111,263.2308348920575,430.63215823315136
629,316.59,313.33748356187,248.36277584587248,395.2421946773673
630,347.24000000000007,309.274230131608,246.08358228114716,388.62563596888407
631,360.1000000000001,341.0651077403054,271.99831044291966,427.6053556285715
632,382.2800000000001,344.75476027463463,276.46766199119077,429.8478811356601
633,593.2400000000002,372.63872314318854,301.60829718454784,460.3419285953441
634,616.3099999999997,663.6011389766313,544.9843938453877,807.9877273197576
635,632.5000000000002,572.5276114456465,476.1002335475123,688.4440580016848
636,608.6000000000003,618.2766780894581,519.8886647915799,735.2487033173651
637,551.8699999999998,583.5827855439479,496.37356783955283,686.0832212470165
638,507.11000000000024,526.9419154347348,452.48149590960924,613.6285318959374
639,508.4900000000002,487.94235581176065,421.55136233595255,564.7646587272964
640,617.8699999999999,498.81945674178445,433.1137332043967,574.4701365783062
641,635.2099999999998,628.8010278010341,548.7087560235883,720.5627007444257
642,613.27,618.0653555168087,541.627563354387,705.2706362206294
643,639.2500000000001,594.6810800726566,523.5501589858374,675.4576143539158
644,633.7900000000001,632.8391048808221,559.2897399446939,716.0433121187953
645,645.21,618.4358322870479,548.2970293169636,697.5305396576956
646,640.6399999999998,635.140957519862,565.1274799525022,713.8130627190874
647,692.1999999999998,626.397223067909,558.5179051880373,702.5114906305583
648,744.8499999999999,691.6447921608531,619.0242983743515,772.7709785978243
649,771.1300000000001,741.1171859899637,664.3988015865377,826.6809582892472
650,774.2000000000002,761.3300116432292,684.0303106590676,847.3523102690807
651,804.1400000000002,759.6739292082236,683.9248542183393,843.8004522151921
652,798.7099999999998,802.0590894136276,720.1018690715109,893.3312016653367
653,800.89,784.5629430309482,702.7562440324083,875.8790937150486
654,806.8800000000002,792.7337852551133,708.6688628689775,886.7567479971661
655,801.5399999999996,798.3712259790781,712.5204369666368,894.5515831331021
656,800.19,789.2189718771392,702.0909744844475,887.1439901464357
657,847.0299999999999,789.4947067941458,699.9947945124342,890.4215716882595
658,874.8099999999998,846.7353026717564,749.2318719624662,956.9107076804228
659,883.43,864.4599154272034,762.8793599677634,979.5486369508291
660,885.9600000000002,870.8867650247406,766.4174984651596,989.5775311948004
661,879.9200000000001,873.582618358814,768.2687050083799,993.3141471314975
662,876.94,864.489746661632,762.4733286062861,980.1377470694898
663,874.6099999999998,859.9046324962782,755.5701250696712,978.6273493951403
664,880.5600000000001,858.2623616026178,756.5528329940581,973.6274766722429
665,907.6400000000001,874.9949184304959,770.9324781696445,993.0857766932952
666,933.7199999999999,909.468441842711,800.7088628504474,1032.9823120380406
667,941.7699999999996,930.8293386674852,817.1025879511336,1060.3655661157106
668,966.0500000000002,932.7836517383739,818.8679581638277,1062.527241882549
669,970.2000000000003,969.7540600943724,849.8278891586281,1106.5841039033153
670,949.2900000000003,964.356890379114,849.2268391058142,1095.0768149621447
671,799.2099999999998,936.488830141473,825.8141038427673,1061.978125984124
672,700.5499999999996,759.2139378971268,670.2193667915553,860.00798035008
673,740.4799999999999,686.6822628875448,603.6128178770928,781.1648511366294
674,830.12,772.7168322282182,677.5008397011743,881.2947613991473
675,942.1500000000001,860.835874183871,750.2274657010374,987.7299226169008
676,916.6700000000002,981.2920803170709,850.8067677203364,1131.7659835762568
677,795.9699999999998,853.0076404343771,730.8783519026556,995.5167681545221
678,586.1,756.3400843465175,640.1475898672338,893.5896583293116
679,662.5799999999999,499.12458742345785,415.2313464403733,599.926876566504
680,648.48,795.2034935650297,639.2788379776014,989.0998839310931
681,621.9100000000002,670.9030321977385,530.5754911236945,848.2748296618975
682,664.8,659.1489719675025,517.1963704588088,839.9874905219771
683,710.0100000000002,709.7958285768499,552.2647021293759,912.1808119653132
684,797.9399999999998,740.4624793602036,572.4188925485843,957.7521713062498
685,764.2299999999999,826.5545647572027,633.3513484085494,1078.6013271960646
686,674.4400000000003,757.8500619700911,577.1746369945868,994.9852606910579
687,476.5199999999998,682.9520469534808,518.356652954927,899.7112932323488
688,373.1300000000001,461.0114985299901,354.34335890579246,599.6996315654163
689,626.3300000000003,379.55109355000064,297.70958406761173,483.8158295762017
690,636.9800000000002,862.0198045078737,666.704159054326,1114.4688388157988
691,578.22,636.8794340103701,490.9379954825442,826.1167831512379
692,523.6000000000003,625.038511587036,480.23561501451667,813.4123289343181
693,617.69,556.9434794747748,428.8698877182396,723.1747681858147
694,803.3399999999999,684.120934942395,527.4290772060824,887.275675475904
695,692.9699999999999,825.8364127233075,637.9326838146202,1069.0007539503242
696,491.20999999999975,658.6076727071159,509.81567348387637,850.7402743865315
697,503.07000000000016,510.3797087894199,396.33678126440884,657.1550435108848
698,497.4599999999998,589.7878707108489,460.02996110479927,756.0664330419054
699,487.73000000000013,537.0783358734891,420.81101814349427,685.3933920234625
700,580.64,545.2114464797683,430.27253475764616,690.782852421096
701,602.0299999999999,644.6720122532261,513.7798708893757,808.8458603031096
702,627.6300000000002,612.4122900854975,491.0505584016378,763.7072667699306
703,611.5199999999998,648.8601563084861,523.9949719483601,803.4233665514616
704,568.8100000000001,610.2110898523836,495.8262140890654,750.9309282894791
705,599.6700000000001,588.2033205013552,480.4714828361139,720.0407371270858
706,586.5400000000001,627.6583245505956,514.6581440610945,765.4211136359709
707,473.16,592.3897724168153,487.7684766755168,719.4053428401423
708,426.63999999999993,508.00643135466737,416.5611137734245,619.4781494595757
709,474.0699999999999,509.0241248215947,416.63473120220704,621.8519528326501
710,643.4399999999998,541.879986583015,442.0373700253721,664.2230709465806
711,640.1400000000002,666.7150360515951,543.5753371507899,817.6991568550072
712,585.5999999999998,581.1001404213694,472.9113752694371,713.987213138604
713,529.6100000000001,588.1506896104604,478.10556146532247,723.4719389332405
714,450.83,536.4510307345976,435.4618954250692,660.8071668235037
715,446.86999999999983,494.2491225536203,400.2681270414597,610.2414040918552
716,483.4199999999999,511.57112534686746,413.38854095043433,633.0164666155176
717,465.62999999999994,529.4257846714855,425.984344619515,657.926999525177
718,388.9399999999998,497.63256778934544,396.960208284728,623.7721065677653
719,362.7500000000001,445.6398903864821,353.0465429952937,562.4490595410233
720,458.6999999999999,414.0961624444826,329.1322914405399,520.9265989530445
721,499.2899999999998,544.8968378855465,436.21132946663164,680.6002640576185
722,491.9500000000002,487.6479346653066,392.4001727686447,605.9565307310944
723,478.70000000000005,519.4439101542072,419.13146127202543,643.7074037171991
724,480.0299999999999,477.26533648548457,386.1272551195332,589.8592822092737
725,397.2000000000001,507.5127605892381,411.16497241373713,626.3828320920882
726,354.9299999999999,384.8663883039577,312.6176448872613,473.7592236918443
727,369.38999999999993,404.9300174223202,328.8242884452312,498.5968605624613
728,487.7000000000001,402.42791687319686,327.8046066036279,493.98723814671547
729,553.1200000000002,547.4193643862309,446.1110390148818,671.6825620241211
730,516.7800000000001,528.5081150302591,431.07590055845264,647.9110906683569
731,414.45999999999987,500.74132767741446,408.5791710156678,613.6415094186137
732,314.81000000000006,398.99334565950755,325.34806459067613,489.2577766856393
733,250.81999999999996,323.27798201955864,263.2861040208157,396.8877739799551
734,274.8,257.3793608019931,210.3260799091453,314.90939517331867
735,420.98,331.35865087469796,271.1507124493908,404.8863995507303
736,520.3199999999998,502.9554862104546,411.9252512414201,614.0535268019476
737,622.3799999999999,505.4844447417594,413.76567291563026,617.4853509262078
738,640.7299999999998,638.2701792711202,523.6322234694769,777.9577990515988
739,533.1199999999998,562.168497940354,461.4562973919883,684.8134679125445
740,530.9099999999997,482.49453500956434,395.22347552497797,588.987670655769
741,530.8800000000001,534.2845861540565,437.7730258346865,652.0246193440187
742,523.1500000000002,502.194242314752,411.5566227856322,612.7447116690319
743,642.1100000000002,518.1847661507,424.1722265236139,632.9850173350545
744,648.6,666.1502800720666,545.5044849741578,813.4297227886128
745,668.2799999999997,562.7644133399011,461.0964855412351,686.800759566957
746,639.96,657.0100069582134,540.2108700721337,799.0156560038046
747,684.3499999999998,565.1589777740772,465.85413228235245,685.5870214046399
748,658.0400000000001,684.8361360092035,566.1374497307622,828.3777913613967
749,580.2300000000001,585.1683655800828,484.63349327405626,706.5157656247701
750,578.64,544.7476972579371,450.77463837526216,658.2679707153961
751,578.9300000000002,567.8966114737797,469.7523864362369,686.502313044962
752,635.6499999999997,558.0722326120533,463.75101093917664,671.5359470358027
753,413.78000000000003,645.0510459368058,537.7940506110829,773.6595447419282
754,410.55999999999995,345.81544139141306,288.4350792190076,414.5714321570101
755,436.7900000000001,464.2568774400334,387.60309762554687,556.030974091288
756,488.82,444.1066127664394,370.8483644698191,531.7975477608786
757,652.6400000000001,509.1996983986736,425.115087720125,609.8765912017333
758,657.1600000000002,666.6916289303662,557.6191601894266,797.0609028743515
759,588.0499999999998,593.9951790731044,498.3044465012504,708.0248556786065
760,527.05,556.9720540915448,468.15689201441063,662.6006386059333
761,508.7300000000001,511.73813251108504,430.2589747712895,608.6114119604805
762,504.12999999999994,511.6828177426552,429.6821142132335,609.2962322656683
763,505.8100000000001,504.92120731193233,423.99499715279785,601.2571317843999
764,508.82,506.92896029835566,424.9333831430568,604.7093407565045
765,535.3600000000002,507.2040276191034,423.95108208645524,606.767210334421
766,522.1499999999999,537.6907790924739,448.28647309564997,644.8858052854789
767,466.76,527.6657116036132,438.45323756931435,634.989021656193
768,443.32999999999987,491.54538803215047,406.59262130872867,594.2044923992503
769,399.11999999999995,478.97035316036823,395.89211214362587,579.4386957166904
770,391.0099999999999,433.3063355851483,358.4556527583964,523.7434326931544
771,403.66000000000014,425.14835859531047,351.087029085826,514.7884515229025
772,440.77000000000015,434.14172547082,358.91323884567856,525.0943494410055
773,541.4399999999999,467.6944030035181,386.4973502497839,565.9056659748005
774,582.2299999999998,557.8435100896118,462.44492703446184,672.8795713391308
775,536.0699999999999,573.2445135740844,475.99858924218705,690.3160097471673
776,547.1100000000002,524.8379115822714,437.62822526501753,629.386950338504
777,489.7599999999998,548.8952179777166,459.3121834682554,655.9123338783273
778,471.73999999999984,486.410906402307,408.1326291780586,579.6659619331556
779,456.98999999999984,487.34610627538717,409.94786632751993,579.3215907787799
780,565.5099999999998,472.38929428737407,397.9009219985019,560.7871796915518
781,644.1200000000002,569.3862841324224,479.87754074553396,675.5558495869803
782,656.5400000000002,595.3363211902732,502.3609981874705,705.4850261567219
783,633.9100000000002,599.6850176414093,507.42768645017793,708.6830090786532
784,527.6399999999999,580.9879005828617,492.7266670430798,685.0271867699078
785,505.3700000000002,489.3138154275759,414.36046958697284,577.792772066644
786,513.51,512.9053408873862,433.52041693503514,606.7935330529378
787,443.5999999999999,510.9022891365033,431.5250925391177,604.8468240186387
788,467.54999999999995,434.45656193349384,366.56541080433067,514.8875447937133
789,519.8199999999998,503.6750302369105,424.77786084945643,597.1919436498849
790,535.0699999999999,527.6150187225904,444.4001657129056,626.3770409847605
791,550.3199999999999,530.688194496445,446.48281305171855,630.7389806303397
792,527.7800000000001,543.4663604168192,457.37142019341155,645.7323322655067
793,514.4800000000001,511.53969914265303,430.5222413584005,607.7680263485156
794,371.42,512.8057686142456,431.60371525942236,609.2498858637015
795,322.1,363.0644193547691,305.0932858448561,432.01472972296676
796,321.77999999999986,362.83239657488804,304.19172155745673,432.7405094800557
797,366.2900000000001,347.21062588445614,290.61446669516033,414.79089457723717
798,520.2299999999999,407.0438773375587,340.6639685763903,486.32035317163417
799,568.7800000000002,572.5406763939252,478.3411867727977,685.2521238641637
800,559.0200000000002,530.1176182560016,442.7426223774351,634.6971591112865
801,589.87,543.9505217699011,454.3344094927893,651.2043249665503
802,457.52000000000015,573.6767467210584,479.51625322280313,686.2886421778733
803,434.4199999999999,415.3276747377974,347.92741571358346,495.74724583653193
804,412.86,475.73829331885975,399.1242844197,567.0220100766999
805,418.9400000000001,423.88117109066667,356.11936383569014,504.5004791911397
806,481.3900000000001,447.3413021819919,376.6573090843035,531.2548204604542
807,515.7199999999998,502.8696959062189,422.76062686758826,598.1228404803082
808,530.0,512.6252956865612,432.57391468952886,607.4566793138736
809,545.9200000000002,520.9289018083193,440.0716317374118,616.6089300275269
810,598.4899999999998,534.3806897074959,451.96565599755417,631.7907626471834
811,555.9800000000001,587.9093546265595,498.7961610592251,692.9113482417763
812,538.87,513.3550245677716,437.0021704025316,603.0177633251832
813,560.08,536.8016215130366,458.70385152358523,628.1671978458777
814,592.3499999999999,547.0995768661847,468.3081990253192,639.1191089028545
815,591.1399999999999,577.0239641644446,495.09260934805536,672.486556446497
816,471.68000000000006,559.1298928305749,481.87558554829604,648.7439635224865
817,434.87000000000006,437.9678378525533,378.0783675253993,507.3190684998257
818,422.19000000000017,459.53722102509914,396.5145375397797,532.5516362802114
819,460.61999999999995,430.8045004934087,372.86914314293244,497.71761301006654
820,452.7700000000001,485.38271910640304,421.5141065736262,558.9059197426216
821,449.6199999999999,450.83391511141593,392.2404876371904,518.1578519078271
822,406.38,463.8541041479629,404.4599123026384,531.9487122808689
823,347.93999999999994,409.3526018855867,357.88823179949475,468.1969336245811
824,319.5100000000001,364.13857147946607,318.4727574599722,416.33191099641743
825,320.25000000000006,341.88703279161604,299.16139112468653,390.6943375565573
826,336.1100000000001,340.63932490664655,298.64491656291716,388.51913371826464
827,383.81,353.69402522308974,310.47520980793166,402.90967745566684
828,391.98,411.6131162382454,359.96687204771274,470.6487768698402
829,361.83999999999986,396.6149885700841,347.85546472534804,452.1896304392351
830,321.06999999999994,365.86324502052975,322.1967337826974,415.42945759929756
831,351.6899999999999,323.09567620273754,285.51608956209134,365.60421930876157
832,463.57,379.3060965092245,335.31225673010397,429.0548794989464
833,510.5600000000002,510.22151031829515,451.89816522102575,576.0556223926732
834,419.44000000000005,498.58695342408413,442.28244491269913,562.0431046749711
835,349.7100000000001,386.6809544769748,343.9908846493879,434.65360463631856
836,403.46000000000015,348.75917332085214,311.0345353810517,391.04467919775806
837,433.6900000000001,448.14224691315053,400.48028475390964,501.4624262330705
838,413.86999999999995,426.979270015371,381.6470126081506,477.68204775575015
839,436.23,413.57022693472464,369.72461172302116,462.60146487689065
840,467.8800000000001,452.23172072049454,404.7457849854499,505.27511182802976
841,479.1999999999998,469.6317625550831,420.91751468743405,523.970517258076
842,479.29,474.94576414118575,426.16819992686175,529.293150198732
843,476.96000000000004,471.10368777008114,423.2314232599326,524.3780832485559
844,488.46000000000015,467.3200643145037,419.98740237307084,519.9744553001625
845,517.0800000000002,483.8710881686529,435.0067083215603,538.2118232466837
846,494.87,508.81349677406365,457.2113836457936,566.2268537394383
847,494.25,464.26364764240793,416.8591949613645,517.0459456864021
848,633.6499999999997,495.11561054249853,442.8687431295072,553.5123481518561
849,708.24,682.6102976661085,600.2889079466439,776.2021617212569
850,741.1599999999997,625.4256385043336,530.3761507226596,737.4770280749229
851,741.7499999999998,780.4477880414701,615.3220598572084,989.8141947351133
852,706.1199999999998,645.185736332637,507.096185039338,820.8050403338967
853,732.4599999999999,692.582766502639,543.5689840895055,882.372112706271
854,879.1200000000002,710.623556344977,564.0097688287343,895.282000565861
855,1103.9699999999998,962.2291949619513,765.5268375342192,1209.408346577467
856,1181.3400000000001,1158.705513246315,922.7729560396185,1454.8954867219759
857,1192.31,1147.3349397210977,908.0010787937856,1449.6837940545604
858,1204.6100000000004,1181.8679436400416,926.9287143775259,1506.8492026511087
859,1217.0899999999997,1175.9464203400291,919.2783885298004,1504.1998325899544
860,1202.3400000000001,1205.8045521104502,942.2958388009383,1542.9241509278409
861,1189.3099999999997,1157.5206341202859,909.3907136345749,1473.2791634199466
862,1197.83,1178.6650824244484,932.2246999528405,1490.1839632639428
863,1202.96,1180.967716188686,936.3865799870008,1489.3645005582134
864,1138.42,1188.7227843542032,929.2942474373425,1520.4974267664177
865,1053.3600000000004,1069.148210003052,839.3948866932758,1361.7131834164927
866,1056.4499999999998,1016.8604467345007,795.4490427590613,1299.8238235022604
867,1057.5999999999995,1073.1800350076726,840.0666169827786,1370.9041087951193
868,1053.24,1026.4274040508249,747.3584495035121,1409.5634422848364
869,1114.0599999999997,1056.9103507545185,785.8058148103134,1421.427604330001
870,1146.7400000000002,1147.538654641706,861.5083084757493,1528.4241553886081
871,1184.5000000000005,1131.202261585077,863.3968776568031,1481.978472357829
872,1117.6,1219.5138574674806,900.572533368118,1651.2842268775216
873,986.63,1035.1248997166451,779.2859457855673,1374.8479357615581
874,989.8499999999997,952.6218156825354,670.5776227472576,1353.1168385354292
875,987.6699999999998,1013.4123832949421,671.6616995946243,1528.791994998771
876,1049.0499999999997,952.8871332888606,588.7706418745157,1541.8042673708371
877,1198.5400000000002,1134.3731032392816,664.5893127823465,1935.7379535745854
878,1469.5199999999995,1240.769375210683,686.846717887628,2240.7657031883105
879,1700.04,1688.7743534351166,924.3611945274976,3084.646321040123
880,1588.1300000000003,1708.4592470316713,989.8402288042608,2948.2655145710432
881,1557.8999999999994,1466.7949330742829,843.5084538304408,2550.095795177321
882,1592.2300000000007,1599.346021344567,869.6139926963137,2940.725505814087
883,1640.4899999999996,1536.9210641334048,782.9788011868109,3015.9198400833175
884,1745.9700000000007,1691.3691744673613,815.3465422618744,3507.452935626649
885,1879.2900000000006,1751.7206774512883,779.6869157735982,3934.0342769881922
886,1921.8800000000006,1955.5148902026028,830.9609500867573,4600.118015437294
887,2026.3599999999994,1844.3759419114176,778.8290460166002,4365.870385734463
888,1999.5499999999997,2162.0244430078433,910.7288337080753,5130.651614023043
889,1930.3799999999999,1874.211024330497,847.6723876220871,4142.432067612516
890,1786.3199999999995,1919.1349334937956,948.5458387045694,3881.8227269714025
891,1565.4200000000003,1675.2183436351393,902.8628131880627,3107.555739370067
892,1464.6599999999999,1479.6372900775677,845.4183624974562,2589.0746981665725
893,1464.9200000000005,1441.1971222753791,878.1811905759249,2364.7609623528047
894,1468.9900000000005,1469.9492684654867,938.5052805582862,2302.0118033114304
895,1466.0100000000002,1456.437099913763,976.2981625956425,2172.4645387682945
896,1364.1900000000005,1461.8863209434787,1013.3359626747907,2108.790510000551
897,1320.8599999999997,1295.3018290881378,931.482971428557,1801.0687600577774
898,1278.6799999999998,1336.8976783170074,989.0727416192208,1806.9178654273633
899,1265.4700000000003,1243.1698861843042,943.3153633194429,1638.2391417275091
900,1307.2300000000005,1283.6732184852494,995.2746206189449,1655.556580020007
901,1431.2999999999995,1325.447683654151,1046.4224269861754,1678.803116813237
902,1472.8600000000004,1499.9253742012183,1200.3772726629966,1874.1619746622284
903,1368.1399999999996,1448.0386659760281,1174.3664113749614,1785.4327542228395
904,1183.4699999999998,1321.6986826473399,1083.887047096732,1611.6395920745233
905,1092.7299999999998,1108.8361800825128,918.5897752066145,1338.4411071430145
906,994.0699999999996,1095.3343846827383,917.5792855801286,1307.4870319915692
907,955.6599999999995,947.8141201406094,799.3350938786273,1123.8391348370928
908,940.4399999999997,976.830159939913,833.5196293785777,1144.7511459617924
909,939.23,935.8226016185317,802.9759974479178,1090.6203838040178
910,980.9699999999999,957.2396797576623,828.8444469526611,1105.5004860054787
911,944.1600000000002,1010.7670341348112,879.314510122064,1161.84864056144
912,930.2099999999999,917.3366958720594,804.2934276030844,1046.2484414722935
913,846.1699999999996,950.10300067814,838.0232554207063,1077.154761569005
914,775.8800000000002,804.4953335863286,714.0047400546293,906.4383652054922
915,688.8400000000003,770.6935577905648,687.6983007293583,863.6906003757965
916,677.9799999999998,655.6235698276836,587.2239784943002,731.9767711219353
917,696.0300000000001,695.8558639392054,625.9773802274432,773.5225113708193
918,647.63,701.8617542821721,633.5920310231405,777.475967994937
919,651.0199999999998,624.6410478147466,565.7668158986418,689.6309786152602
920,655.71,670.8154921318904,608.9375601336717,738.9709166451413
921,586.28,653.0760907408771,594.2546415860261,717.7101159580633
922,518.32,556.7794073351824,508.0099908543701,610.2215336382258
923,489.4099999999999,502.2652740500922,459.9911733644268,548.4160207368927
924,422.1599999999999,486.4531295103193,446.31230245671475,530.1961065331913
925,348.05999999999995,393.0642117991798,360.76293316682387,428.249623950002
926,325.97,326.9618899855327,299.91157885080054,356.44387668183776
927,247.29000000000002,328.2329700540303,301.4897864826127,357.3405239265114
928,366.94,208.52379611037358,191.48373339234632,227.07236935194956
929,432.51,390.80457951549545,359.3408784742083,425.0155805228794
930,424.63000000000017,446.92317871167614,410.749184638929,486.27521877939625
931,365.6700000000001,429.3670304667139,394.4541487049257,467.3622147328618
932,343.37,361.7244004461348,332.243400942764,393.81349160040975
933,313.60999999999996,346.611279981684,318.92220974959065,376.6968221902553
934,308.43999999999994,312.9762293391815,288.3726645187968,339.67168284185584
935,290.89,313.2105313834201,288.8422295287554,339.6275827810535
936,251.68000000000012,292.437397662843,269.721765073599,317.0590460605657
937,261.91999999999996,249.49428254354783,229.93692848555958,270.7078901087504
938,282.06999999999994,269.4608883113034,248.10432302619043,292.64842495506815
939,297.7699999999999,290.50809267960074,267.1616569162343,315.8870936841017
940,295.87999999999994,305.5444498344678,280.6469835666433,332.64284088660037
941,361.35999999999996,300.36978939414075,275.5913765434027,327.3679740652243
942,400.8299999999999,381.03342893611614,349.39809737311356,415.52492384761837
943,361.1000000000001,411.0806640122038,376.66899697388715,448.6277825645292
944,295.45000000000005,358.51567608623867,327.9238800911098,391.9526835082434
945,298.7700000000001,290.71231026691083,264.81980064793277,319.1269121180504
946,330.6299999999999,309.71694189583394,281.1888190059113,341.1291400602113
947,302.05000000000007,344.31976201135814,309.5881744206923,382.9352166514313
948,257.92000000000013,302.66720432300724,270.3052670945233,338.8893503575939
949,228.48000000000008,258.88277124425525,229.32523022229543,292.2334192151223
950,225.79000000000005,233.5135062800058,205.5022824022345,265.32434270444276
951,222.53000000000003,237.37423864518587,207.36250250963644,271.7087502082774
952,222.23999999999995,231.6834709133547,200.48222991237873,267.7164900836728
953,208.20000000000005,234.24122108201271,200.0534468163861,274.2423943604146
954,220.4,217.95008982615653,183.13997703501596,259.34076145108855
955,226.53,239.2929343930769,196.6774406158392,291.0955175226454
956,220.74999999999991,240.32495287216378,192.76004744524573,299.5662604165565
957,241.66000000000003,232.82213416548694,181.5948609999853,298.42129875006384
958,234.99,259.63936011627044,197.55014780533267,341.144676257926
959,293.35,229.98353160680534,174.9393091094599,302.24884270381244
960,344.58000000000004,326.9790281606289,249.17127408387043,428.9863895529727
961,317.17,344.432098241799,264.90226833478357,447.74884010202624
962,236.98999999999995,301.33811090030804,232.51069470970583,390.452448961292
963,235.56000000000003,219.9609822313211,167.9040874086443,288.0620139375707
964,233.25999999999996,257.0286619585955,193.19686105153517,341.84174333010833
965,235.49,235.9834335097403,175.0603294575159,317.98808738522456
966,284.36999999999995,246.72336269288323,180.47143850835212,337.16266035189557
967,303.0799999999999,299.95292653830796,216.2573281987496,415.8911803477361
968,236.14000000000001,291.6488840461369,208.3756488665184,408.04169036413987
969,185.12999999999997,220.70266765736923,155.08669716883324,313.9023827009929
970,161.21000000000004,191.7220792357045,134.03803184925192,274.04695763335747
971,176.07,169.22691237616888,119.32101228818091,239.8324293991192
972,193.63000000000005,202.15762127471513,143.67447776193345,284.2819634843727
973,229.97999999999996,205.09811970021815,147.3481962575883,285.3292983368019
974,238.5200000000001,253.332743377275,184.06230757985668,348.53170745424956
975,251.57000000000005,235.99258058191415,171.69936423278813,324.22113500758144
976,236.79000000000002,257.88207754454874,186.87277194402515,355.7304052646314
977,231.82000000000002,229.1752504686594,164.77104142293,318.6013337042451
978,237.68000000000006,237.56593037028864,170.28235332819906,331.2800161694849
979,231.35,239.06752413664887,170.37631724517686,335.29160126395743
980,316.72999999999996,230.17327193207674,162.1919570734305,326.47374695516
981,352.22000000000014,325.21357374807167,227.97411195999138,463.748153346185
982,336.23000000000013,307.03784394059073,215.4635409482809,437.3524028290701
983,339.38999999999993,307.05210019468683,217.36535039737788,433.57488224055203
984,335.02,316.3561922100587,226.55524965849906,441.59560210197094
985,321.54000000000013,310.47956927668224,225.2409053219393,427.83280518493933
986,322.96000000000004,300.92783031075095,221.16227221981381,409.3325636945271
987,330.9199999999999,309.22674724549006,230.04681708155246,415.5417032018543
988,357.4999999999999,315.79169355743306,238.20556271412593,418.54282320316685
989,322.3700000000001,348.17834340474786,267.54324411632194,453.02562966756625
990,345.73000000000013,289.6197903453029,225.1943826782434,372.3950487200654
991,322.96000000000004,350.5096553507791,276.8287665199161,443.7309015280324
992,322.19000000000005,300.8978416598026,240.31880518194117,376.6842286705793
993,352.5999999999999,318.6056325617505,257.9225432543222,393.5108798999544
994,504.68999999999994,348.4889322102459,286.05834316030143,424.4971738245212
995,570.1699999999998,535.7698938585372,445.1511939933309,644.7943469209055
996,561.59,534.4178976837604,448.87930171171223,636.2205257484832
997,493.83000000000004,532.0251094123915,450.5628509836167,628.1832170100282
998,538.46,454.0788997426056,387.30860404490284,532.330456326928
999,563.2700000000002,542.198544927482,464.46058561346604,632.9197524586219
1000,586.87,545.8402328695626,469.1609260570965,635.0252920050668
1001,577.0100000000001,579.4599848728789,499.3305717758624,672.4223592268553
1002,511.21000000000004,563.6738373263265,486.1496321036325,653.535119289606
1003,561.3799999999999,486.28775819644966,420.00186166793475,563.0102358393126
1004,632.2,564.3685909852521,486.5605935768398,654.5936798084845
1005,645.3900000000002,631.6670980527626,544.0655649166104,733.3477238738077
1006,646.48,630.629464987818,543.7677965923241,731.3409781862617
1007,645.5099999999998,631.9312567542844,545.2259066179388,732.3998093517037
1008,661.8799999999998,631.6972468264364,545.3892498275364,731.6385104906549
1009,667.5100000000002,653.0932340352723,564.2608368463082,755.8859027943745
1010,658.0400000000001,653.3775629297144,565.3946072472739,755.0276693787206
1011,646.9200000000002,643.1977296896373,557.5186696296325,742.0203097999815
1012,668.19,634.0171356860786,549.2321105787295,731.8666482056456
1013,684.8199999999998,662.5421544308961,573.5565532143755,765.3095795245713
1014,677.1499999999997,676.0991587690608,584.6870325913889,781.7785921386819
1015,659.1900000000002,663.6734757775927,573.8987941263882,767.467135287017
1016,667.8599999999999,645.350633612499,557.5777669501562,746.9158074126461
1017,670.9599999999999,661.3260876803818,570.9518119328765,765.980429591651
1018,672.6400000000001,661.0634047608436,570.3864655991562,766.1304420273407
1019,688.9500000000003,663.3991641476463,572.5747181482767,768.6054853065829
1020,719.3899999999998,682.6088631911344,588.7812869500627,791.3633526084452
1021,708.4499999999997,718.3972109096838,620.6272969862629,831.5444355061342
1022,715.18,688.783029156938,595.0359863867121,797.2750004698853
1023,717.4500000000003,711.521733589253,616.0127595174924,821.8147846311133
1024,697.66,703.3612805981248,608.013090167448,813.6373561025115
1025,710.6600000000001,680.4590925949386,586.9427735294983,788.8498217650395
1026,699.2500000000001,703.7099442753758,591.0096460526336,837.864888219154
1027,688.7200000000003,688.8943986781491,577.475301090071,821.7737302363698
1028,684.9399999999999,683.7075551212937,556.6746879710713,839.6772732430328
1029,676.7999999999997,675.9869348668161,551.7298935585115,828.1777146875994
1030,687.5699999999999,669.5668166609239,546.8137284431422,819.8261901078579
1031,706.8900000000002,688.7982283187948,556.7492203865611,852.1102839766751
1032,663.8799999999999,703.793156572203,567.2548740482653,873.1383774014394
1033,643.62,634.2850418493355,503.14339798336005,799.5402550383749
1034,647.3300000000003,646.2329973996111,513.6245720965017,813.0119528616904
1035,659.2500000000001,649.0372445921913,519.2684403162576,811.1738445256302
1036,657.2400000000002,665.3205474024255,528.9601868530907,836.7668415566162
1037,662.3500000000004,659.317514919293,520.5447852699626,835.0149172683185
1038,652.1700000000002,668.0417097546584,522.5133787256385,854.0245850087863
1039,686.2399999999999,653.9538902012516,508.6911816142563,840.6166764572386
1040,653.09,690.6640839866947,529.9915305504493,899.954492779242
1041,667.5100000000002,660.9069728984839,502.7096407163294,868.7884760525515
1042,679.3699999999998,668.5768022518366,506.4514205672233,882.4995350149057
1043,669.5999999999998,677.6030728506397,511.634643379665,897.3047408703428
1044,552.7399999999999,672.889171138189,507.8605618553108,891.4382218216424
1045,521.9700000000003,579.1633373270082,435.8355447433311,769.5176513879607
1046,429.3200000000001,542.7937588870453,414.8609870375973,710.0829373801471
1047,436.96000000000004,421.9209897859185,330.2286665009343,538.9960259810316
1048,714.2600000000001,446.3494745703572,356.7508610024339,558.3880384735487
1049,699.2800000000001,809.5734454108672,635.9793737060381,1030.4765870400993
1050,486.52000000000004,612.6584202919762,475.07155105200815,790.0085279473143
1051,410.6800000000001,508.84043798796137,389.48687720395924,664.6747957037894
1052,500.05999999999995,462.52008685655056,356.84451314216784,599.4028650123419
1053,677.7400000000002,604.7215281534033,467.6322093501987,781.9136844375943
1054,706.7399999999999,701.4125760636971,543.9922167586011,904.3036205670776
1055,503.89000000000004,660.0366237282938,513.1647848528482,848.8625942170671
1056,340.44999999999993,479.46590006443455,372.7916375728241,616.5833216165845
1057,331.83000000000004,374.4647055225245,292.6567015829405,479.06309521698205
1058,505.74999999999983,412.2340253165954,326.17383681825845,520.9315864006977
1059,678.9499999999998,639.2014091526445,505.80771859150997,807.7048189007152
1060,546.1899999999999,653.9422974443078,522.0004865180299,819.1701987648926
1061,299.8200000000001,494.8215390135006,398.03219160822084,615.0881345410018
1062,408.03,286.2053057370148,230.62919873469968,355.11610321188334
1063,583.2099999999999,633.1827713727638,515.6410860171445,777.4665184229904
1064,570.6700000000001,531.925751549737,436.8854077218858,647.5940194774317
1065,560.8199999999998,584.7156753777924,485.23979841052164,704.5425193591889
1066,561.9399999999998,537.3958380054479,449.2376404971288,642.8157370883722
1067,681.1100000000004,571.7937204385555,481.9368692973307,678.3696382121627
1068,777.2099999999998,654.8144962682317,557.1810341072567,769.5253801814241
1069,776.82,682.9579355335993,582.8050524774092,800.2922388976499
1070,645.21,669.3462158171435,576.86248287519,776.6314648850814
1071,592.8799999999998,562.3600442896759,485.96058796920727,650.7458442081039
1072,577.8999999999999,589.1920465051596,512.1352528542092,677.8203496455432
1073,710.9,550.4441362939624,478.6396854275205,632.9980712437232
1074,577.8999999999999,719.3764666032142,627.9636077797072,824.0751668568555
1075,597.3099999999998,473.7501211432959,414.93606239788795,540.8805867089409
1076,703.8800000000002,644.2934897276227,565.8734790611418,733.5619494750451
1077,767.0300000000001,608.1870644612959,535.4457357658234,690.7920206359373
1078,774.7900000000001,695.0597498351813,612.9860925149382,788.1044785005898
1079,757.4700000000001,653.6965154836475,578.3816796190749,738.8016583269235
1080,780.2499999999997,686.0952655630231,609.6333087312014,772.1315950321634
1081,789.8899999999998,704.0124388360589,628.7640818353844,788.2519647436653
1082,719.9800000000001,705.5952547847178,631.7986426726436,787.99798516566
1083,554.2700000000002,643.0211224740085,577.0508711435253,716.5202510674872
1084,639.55,522.1496892891378,469.1887419829244,581.0760323803344
1085,780.3599999999999,692.2497315915887,623.8775661952525,768.1029672869397
1086,765.9700000000003,716.6337210239558,647.591988778478,793.0248514641812
1087,603.7399999999998,691.9739822095777,626.7296679339894,763.9995922606261
1088,585.9199999999997,553.1278115773047,501.426090911125,610.149852919897
1089,564.5100000000001,613.5058239553534,556.8231833414317,675.9482139718029
1090,546.4299999999998,568.3129980618627,514.157029688667,628.1621216118615
1091,572.8299999999998,585.3731823130196,529.583137251504,647.0294694569529
1092,586.28,603.1157478393293,545.4910714585301,666.8166503497328
1093,704.5900000000003,587.4606846224192,527.6484709465807,654.0401568857997
1094,759.6600000000003,703.7840814205243,626.8616788804184,790.1306234034025
1095,753.79,709.4603225214339,627.8942396238224,801.60533182683
1096,594.5300000000002,709.797959873809,624.631022828146,806.5586429152365
1097,555.6300000000001,590.619330177863,516.8335179608188,674.9188420603291
1098,549.1100000000001,609.7822031764514,531.1837197205506,699.9889365142002
1099,544.2399999999999,593.492084422691,514.6499418045424,684.3890784985302
1100,643.1699999999998,590.8922617055571,508.75983461039834,686.2578529743844
1101,708.6600000000002,675.515640409298,580.5671982990629,785.9656560015452
1102,741.1899999999999,683.8134944395028,587.2993254890765,796.1614140073507
1103,770.0999999999999,706.9604413613669,606.7379703226744,823.7106664513134
1104,700.7500000000001,721.7091720133604,618.8171835131748,841.6816183955231
1105,509.2599999999998,662.1854896971523,566.1953911812122,774.4206056380596
1106,357.9400000000001,507.6362970281171,432.04899036158884,596.4171246501594
1107,416.3500000000002,375.2910131297638,315.9466707804957,445.7468492839508
1108,602.71,532.8163332855527,446.14086572323464,636.2932995545367
1109,747.09,668.7699730091676,558.7621790300208,800.397153201811
1110,620.6100000000001,743.4698045154134,620.0983597169002,891.347051259065
1111,552.5000000000001,557.8379715235658,463.71935829565984,671.0182252831503
1112,555.13,594.1114571313667,493.1726294667264,715.6678712886196
1113,562.24,565.8932642991114,469.35461662734417,682.246133336707
1114,555.8900000000001,595.1282362251322,493.33945664928814,717.8762079273099
1115,557.0199999999999,560.1626377126096,464.0063883340629,676.2025371366411
1116,559.94,582.0336304685726,481.7730921572824,703.1159082383554
1117,560.6400000000001,570.8413464433497,471.75405315856557,690.6969263771997
1118,564.8000000000002,578.6296044030016,477.56461840910106,701.0378552372958
1119,557.4300000000001,574.6182691938703,474.0437904390217,696.4859970773125
1120,598.99,564.3075257051415,465.4134596989231,684.1701896106475
1121,617.8100000000001,619.4189031444187,510.7106124850595,751.2212867730238
1122,640.8199999999999,601.1407586358207,495.12599735434793,729.8093007501901
1123,639.3999999999999,644.3100696521764,529.9815152425292,783.2553347724204
1124,623.59,610.5224119714188,501.5994939390036,743.0510085128062
1125,504.81000000000023,621.1348175191483,509.862349415599,756.6438772838745
1126,485.5400000000002,474.260130235411,388.8932877428553,578.31797877051
1127,405.49,552.7428548441259,451.10387700640695,677.2316296893365
1128,346.5299999999999,405.34982227093957,330.56408813048574,497.003806716974
1129,428.76000000000005,392.162778348708,318.72650118924383,482.4662428791985
1130,461.73999999999984,509.7340458241665,414.89929875001195,626.1933286444723
1131,484.69000000000017,468.8443321305157,382.53842902317126,574.5712589150581
1132,404.8399999999999,526.7085497980129,430.26520891341096,644.7194036856195
1133,362.22,389.86739276297567,318.1563746690671,477.6911083438046
1134,354.79,411.9039470695591,335.9173616608735,505.0281508354823
1135,360.77000000000015,379.88874924633416,309.60843360402714,466.07115328164053
1136,370.11999999999983,405.13490076689504,331.51276884276933,495.0578151479386
1137,371.4800000000002,398.74449539132377,327.19079260464264,485.8986735656629
1138,361.51000000000005,385.95479482145964,316.0549926463207,471.2651171191248
1139,363.58,373.013690724026,304.61165270711973,456.72548137444915
1140,384.7000000000001,377.5065738158449,308.04175851558546,462.585332642302
1141,490.55999999999995,399.56617808385613,325.8934514894654,489.8426959720799
1142,589.0499999999997,526.3142359832941,429.7866002838097,644.4711063144821
1143,606.6899999999998,595.6156418856043,488.00417674365497,726.9083514437286
1144,435.5800000000001,589.9683637002308,484.6855109223293,718.0735548839117
1145,345.4899999999999,393.530677898831,323.67376602287015,478.418025392131
1146,337.35000000000014,353.9737632005089,290.8834256684445,430.70101992657794
1147,349.42,356.7293405692729,293.1036803254205,434.1196182330326
1148,360.63000000000005,369.85692076161166,303.6761542770018,450.4132587867117
1149,437.8799999999998,377.0405997265934,308.97632390458506,460.0503577867886
1150,528.7300000000001,476.55383887114544,390.9784684728288,580.811725294744
1151,523.9500000000003,533.8547406786583,439.06538016980556,649.0615738417113
1152,500.44000000000005,497.78973589075457,410.5556741526676,603.5140821887416
1153,457.25000000000017,487.37948042193017,402.7451997743274,589.7550530149008
1154,445.83999999999986,439.17843419930625,363.9613555239653,529.8974525699608
1155,474.5099999999998,449.85690694813667,374.0039460659873,541.052830844271
1156,503.1799999999999,476.186826260624,396.2702989598231,572.1796908877791
1157,661.2900000000002,488.63041914523023,406.49172263458905,587.3259316344804
1158,726.62,671.4279120727525,560.6307398041911,804.082886118669
1159,830.0100000000002,639.7795578746084,536.5375097330492,762.8507720026629
1160,900.3899999999998,842.8243670587412,706.9664572614912,1004.753245989011
1161,956.4600000000004,839.3841107266007,702.6141927169762,1002.739635828838
1162,964.8099999999997,946.142480554608,790.2514605922254,1132.746884713113
1163,957.0500000000001,913.1107896584771,759.9436724408096,1097.1082648204058
1164,925.9000000000002,929.5219074757631,770.483346208526,1121.3457052542706
1165,823.7500000000002,882.2589388177116,729.5070944788715,1066.9517815743186
1166,665.03,761.8384419161335,628.9119393459796,922.8156194804444
1167,641.5000000000002,598.9959572946723,494.12939872400324,726.0728615543588
1168,660.16,649.0756577435889,535.11775998829,787.2565964611771
1169,706.4699999999998,648.2868712925133,534.7139520200445,785.937580481471
1170,804.4899999999999,717.8068574834886,590.9044700078744,871.9167028564839
1171,828.15,822.4755475560361,676.7966813904484,999.4651778931968
1172,864.22,795.5697612623221,654.1737147780296,967.4811375140208
1173,918.5000000000003,869.0497590951467,715.8852789220454,1054.9382450142875
1174,954.6599999999997,908.5690720080754,749.8867250341139,1100.7852216205383
1175,906.7,945.4485617598533,781.9088799412389,1143.1495977469642
1176,867.8499999999998,860.6762352159318,711.2782981359803,1041.4098786653676
1177,782.4300000000002,851.5198159021731,700.7837716268072,1034.6324353598272
1178,736.7700000000001,737.9955368910875,605.7511247725806,899.063273470879
1179,810.4199999999998,726.0781077021628,594.1836299774727,887.2007973232843
1180,818.5900000000001,842.0701604557513,687.4468027493892,1031.421521332306
1181,830.6000000000003,794.9528299330902,649.3509961567308,973.1522827249045
1182,844.9899999999999,831.6946497466458,681.2921570113871,1015.2514292321215
1183,860.2099999999999,835.294964068908,686.1492422784276,1016.8127601625572
1184,872.3000000000003,854.9259148469081,702.6527336280767,1040.1516031908789
1185,884.0399999999997,863.4351331535263,714.392092903981,1043.529436154181
1186,899.8499999999998,877.0045852343345,729.5491011132051,1054.2227776583893
1187,916.76,889.8250590895813,747.0624624396162,1059.8329193713728
1188,936.7600000000002,909.2499645293815,768.0876876317325,1076.321885722975
1189,944.9299999999997,907.1936003579274,764.1429325373257,1076.9889359964232
1190,951.1800000000003,925.4545027538157,779.9554468265055,1098.0613474311308
1191,954.2200000000001,921.6653218399355,749.6826203529965,1133.0495610857172
1192,938.0499999999996,944.6542813758672,756.0714415830295,1180.2121957930601
1193,930.74,901.8628324585956,704.7391723805197,1154.0461220475377
1194,870.8299999999999,933.7717407847534,714.512151805806,1220.2206391805796
1195,847.53,827.1537772961531,639.6245567196936,1069.5781906983252
1196,819.5400000000002,863.9090567551874,674.0466046846853,1107.1718969708334
1197,779.2699999999996,800.1772470533252,631.1319805692459,1014.4287410327133
1198,738.5999999999999,770.3077599378296,617.0985664214846,961.4931893704418
1199,714.0299999999999,728.686002480699,589.5399298738499,900.6183923921993
1200,695.2100000000003,716.3238857460939,585.8710665244002,875.7744508332846
1201,641.61,696.4798767996581,576.1735668057856,841.8628865191298
1202,609.49,626.602149304258,523.1803107311274,750.4293264123819
1203,541.0299999999999,612.9069042055146,515.5357674506437,728.6332815272292
1204,517.3399999999998,516.1134005034656,435.1172839323176,612.1521928439719
1205,604.0900000000003,523.1241451695126,445.8193064944853,613.8036030602067
1206,790.6599999999997,669.665113599252,571.2171522695392,785.0507026312034
1207,839.5599999999998,889.1065956705189,762.1011343983627,1037.2499985153484
1208,653.23,803.2626300870927,688.3284136703028,937.3602435746723
1209,535.78,584.7042202140086,500.50971385225137,683.0334775201679
1210,578.0799999999999,529.9590838224914,434.65827966709406,646.1070603984509
1211,654.9699999999999,660.9500108792,537.7220958605435,812.3652216418501
1212,686.9800000000002,670.3363615516661,521.8111399633369,861.0560578969968
1213,725.9400000000002,719.5914534724385,548.0474335422651,944.7325744471402
1214,732.9300000000001,740.508557451946,530.2941209645564,1033.8974684234204
1215,702.4000000000001,732.5917439983087,519.994568986087,1031.9413757801603
1216,725.2900000000001,685.7424830950146,466.2262425974924,1008.3937264003278
1217,724.7599999999999,773.2728381194777,525.2819342977081,1138.1202866379708
1218,707.7400000000002,696.183416514019,475.5986725399621,1018.8616661514187
1219,679.5099999999998,738.3193309164146,508.85654151571873,1071.052682587468
1220,669.1900000000002,656.5595503029662,460.6730974290338,935.560013140257
1221,718.9500000000002,695.7897175625092,503.08369094785616,962.1652823123462
1222,936.8700000000001,743.2510845206926,549.9244114938621,1004.4186477383901
1223,1172.7899999999997,1070.244941920544,813.4614583846258,1407.987145771626
1224,1252.1899999999998,1143.5488519265887,873.3338887618495,1497.274390692509
1225,1329.89,1235.2542743106526,953.7657688998233,1599.7325362245094
1226,1346.7899999999997,1315.6220522105205,1011.1850376382281,1711.6252255337347
1227,1332.2500000000002,1288.487498593427,998.1608202765582,1663.1745505678382
1228,1324.3999999999999,1239.272727345794,855.8239619229082,1794.323784766163
1229,1296.9999999999995,1284.2114538222913,920.5749166558943,1791.3322902816801
1230,1284.7300000000002,1247.554340349292,895.262678863025,1738.3203773503317
1231,1275.6700000000005,1263.4146356640772,936.2598028838652,1704.7643632665422
1232,1289.9800000000002,1234.749498395553,899.9368614253399,1693.9876158568175
1233,1298.0299999999997,1293.6991203583473,960.7402962069838,1741.9297897443198
1234,1315.9100000000003,1256.8711564992714,903.5623775893837,1748.1771552221855
1235,1353.8099999999995,1327.4494765268985,961.8354981619406,1831.8967046328928
1236,1430.47,1338.5174704394299,945.4168641210287,1894.8950560109536
1237,1483.8899999999999,1471.074659232133,1067.3592099350005,2027.3475653148923
1238,1522.4399999999996,1448.8334310032756,1047.065164219023,2004.61668245225
1239,1458.55,1540.6566864012543,1145.430470685291,2072.1351787125777
1240,1321.2999999999995,1371.79643086841,1045.9863030842278,1798.9949331270627
1241,1298.1500000000003,1267.9442556676074,990.524316492922,1622.9838975278556
1242,1275.6100000000001,1309.0981738880384,1043.865268655843,1641.6588926941404
1243,1277.7999999999995,1233.938677154328,1003.1799661209849,1517.7253159638701
1244,1337.5300000000004,1302.0188380921265,1075.694780317373,1575.916804521412
1245,1512.0899999999997,1352.2583179497692,1122.4827446541462,1629.0277719565597
1246,1721.5999999999995,1648.040856357177,1290.7395319021534,2104.1734337888142
1247,1914.4500000000003,1764.049958244795,1257.651657142435,2474.189491406199
1248,1977.2800000000009,2047.2010942680186,1358.2927836854644,3085.2576281663264
1249,2021.6999999999998,1884.088305811487,1169.6115050198061,3034.6424018292005
1250,1925.010000000001,2132.992758521937,1272.7148742467534,3574.309659563456
1251,1901.5300000000009,1779.5457548812963,1122.02039125493,2822.0504182413592
1252,2085.24,1961.4633430686818,1295.1102723693623,2970.4002388454055
1253,2361.3300000000004,2149.9863182673134,1477.5395035854901,3128.2651499356107
1254,2514.649999999999,2477.8136975287553,1767.5971701330654,3473.2322620554
1255,2534.440000000001,2516.3292694516194,1857.6294199291926,3408.4729066966133
1256,2714.3099999999995,2522.467967224427,1910.2429575891647,3330.805910034702
1257,2752.8100000000013,2828.068313407633,2192.0050116794228,3648.6166125027967
1258,2567.3000000000006,2676.353887387037,2109.0740366308223,3396.1432821153794
1259,2621.429999999999,2468.8465579722897,1974.767203156444,3086.4801495753727
1260,2716.5500000000006,2705.893418281687,2191.303050724772,3341.271487290192
1261,2798.26,2696.384079558989,2206.4441388808373,3295.0656827072094
1262,2882.7699999999995,2843.7935682954267,2350.5843782958314,3440.445912342649
1263,2901.970000000001,2883.824539253237,2399.725661948719,3465.5404524073524
1264,2922.2899999999995,2889.203849959667,2420.87653396332,3448.0933692031854
1265,2908.4300000000003,2920.325808347301,2458.372813095793,3469.049125156209
1266,2889.109999999999,2875.1937888960747,2426.050675599411,3407.454052670861
1267,2871.41,2874.0542177469824,2435.4722231957962,3391.5840304235876
1268,2877.8099999999995,2845.0937477418097,2417.469095796634,3348.3293898249453
1269,2837.639999999999,2875.7601109769907,2459.6550463034773,3362.229945026467
1270,2791.9800000000005,2787.2317035033966,2388.415928172976,3252.6135466234564
1271,2763.42,2772.3444754636103,2376.3719340515063,3234.2697823250587
1272,2745.4900000000002,2733.6757202751974,2337.228744470646,3197.34033036649
1273,2742.2799999999997,2736.898545402826,2321.492857340843,3226.6045203866097
1274,2675.25,2727.9159056211424,2297.9573238724874,3238.2867595332136
1275,2339.9799999999996,2615.2912563328714,2151.1972185522754,3179.4612881008516
1276,2021.5500000000004,2101.7569815743504,1617.7611161375983,2730.4635121145507
1277,1928.5799999999992,1949.5275662874337,1401.4074886506485,2711.8761202692967
1278,1723.7599999999998,1915.001108298528,1322.2234708480817,2773.331265941291
1279,1687.7700000000007,1576.0609793002577,1040.254034789175,2387.5826602679726
1280,1778.53,1830.9514265385765,1173.6835920887006,2855.9787232912245
1281,1868.5800000000002,1760.9053044597906,1075.2394488756856,2883.40486466699
1282,1866.0199999999993,2009.4925093530367,1172.357182719538,3443.884635040266
1283,1758.2400000000002,1824.2912205825232,1134.5474487100432,2932.9928011994234
1284,1554.3599999999994,1737.7678168038694,1126.5537068072524,2680.3033405864267
1285,1424.31,1465.5405912472092,1001.448081297831,2144.4889743429226
1286,1398.4100000000005,1417.059725494638,1010.7803735535646,1986.4801267465677
1287,1389.3499999999995,1403.715119319462,1042.0570369336579,1890.7705327462302
1288,1388.1999999999998,1394.8650877420143,1070.5554999747937,1817.3279757538037
1289,1356.8800000000006,1396.913652942544,1097.8296451789192,1777.4035857214033
1290,1263.2199999999996,1341.0619867927753,1080.5134159426711,1664.3795966315095
1291,1148.3300000000002,1221.1463979905873,1002.8126371017436,1486.9687333224672
1292,1119.7800000000002,1107.5227925897327,926.1167550881345,1324.4239824132228
1293,1076.3299999999995,1137.1305355656991,965.4790424327591,1339.268189082006
1294,1026.0399999999997,1042.1558373088308,896.8171877684576,1211.0219079522926
1295,996.6900000000003,1021.603832778435,889.6637812262268,1173.0890567857673
1296,996.0100000000002,985.4938666412443,866.1593045000014,1121.2507143389491
1297,921.3,1010.1777785047686,896.3190375728535,1138.4837921945054
1298,713.8199999999999,871.6219326302426,779.2626036833134,974.913793270039
1299,657.39,620.4230436112729,558.330608562041,689.4084868944989
1300,679.22,693.7074536317709,628.8211055571908,765.2786176474283
1301,680.2199999999997,675.4484804319427,615.9659072672453,740.6658542859772
1302,622.0,690.8040556135026,633.5468234527983,753.2277948207094
1303,623.2100000000002,583.7965774703023,536.6925454939205,635.0271123097541
1304,675.18,655.0588175879383,603.5247425038423,710.9860311294836
1305,730.6899999999999,694.757628647165,641.3912686990366,752.5573744659964
1306,719.1000000000003,764.0107444173859,706.1558700363142,826.5989267316544
1307,631.8500000000003,701.034725557756,649.0384012008516,757.1902161141247
1308,495.63000000000017,597.293025327858,551.4585766566005,646.9301060402577
1309,373.65999999999997,438.62909942838843,404.55389708560074,475.56734765249047
1310,401.8299999999999,337.58355245284105,307.10445099217753,371.0777860313882
1311,388.2400000000001,471.25930035378866,422.6446884786266,525.4525977454856
1312,314.05000000000007,356.6031351650716,320.1272641146827,397.22218967436925
1313,341.5699999999999,301.92126092162437,262.61857523920986,347.0835530466008
1314,341.0999999999999,388.14444107835055,325.1282625432092,463.33692940708625
1315,328.12000000000006,312.9262361228625,253.43716772297293,386.32423650292526
1316,317.18000000000006,349.2129513298828,280.68073671253075,434.41888135700384
1317,319.5100000000001,304.321707816689,246.2828328788011,375.98268083894646
1318,315.8199999999999,336.3447531250665,277.0811927990181,408.238328257825
1319,287.87,311.25147441347144,260.26648229615944,372.1859610023159
1320,262.04999999999995,279.81972559735567,236.90023790600335,330.4823010632397
1321,252.28,255.76122099655691,218.0510271579073,299.96332102619374
1322,252.78999999999996,255.09302328198424,219.6205388137196,296.26895295583654
1323,293.05000000000007,256.75065568110523,222.31418718624172,296.4974467190175
1324,376.9699999999999,327.69637435870595,286.3432185685627,375.00089208570955
1325,427.3199999999998,423.44325302244846,371.74259963141947,482.31496108686986
1326,348.73999999999984,438.35452870646844,386.63441967615614,496.975391494257
1327,274.15999999999997,302.3536635307077,265.86502833832407,343.8314144063757
1328,259.7900000000001,267.38599096418454,230.25605008433413,310.47742997235815
1329,264.31000000000006,264.2003701406231,221.74221725584806,314.7517115039715
1330,306.9999999999999,275.3210635256644,226.16633824572276,335.11199061264034
1331,341.19000000000005,346.53319770184555,278.6412198042479,430.9081557054321
1332,351.15999999999997,345.28617358171255,272.99596519621537,436.64919650546847
1333,306.2700000000001,363.7913664250495,281.69310142648453,469.73218393644044
1334,247.1,274.51215864616336,206.11842558734457,365.49056860398804
1335,247.21000000000012,240.1630932257427,172.04478937950222,335.0958613244294
1336,256.69,269.1040699658778,185.72799575964044,389.7084650875936
1337,242.2299999999999,260.12043107655455,173.66050623041048,389.37949103192307
1338,274.08000000000004,241.79027281672583,154.63980903599446,377.7406123120313
1339,350.20999999999987,316.659300552914,203.00127630843863,493.64117604440906
1340,364.7599999999999,369.7088451585835,208.51301011664046,654.9260821192111
1341,337.0899999999999,339.67699329736894,192.93574561675584,597.4498287978739
1342,336.93999999999994,322.2595142895929,173.24832751589597,598.6999516061967
1343,369.85999999999996,338.2968079953053,159.90373126383125,714.4733020270291
1344,412.69000000000005,371.06076578556645,161.5325188653274,850.701643482453
1345,421.1799999999999,411.448708564759,167.00544262547575,1011.5501563420304
1346,420.3000000000002,389.34134028215624,150.79192020724386,1002.7844025244688
1347,401.51,412.8788565635448,154.06785221906748,1103.650031963778
1348,368.14999999999986,362.7852925693559,135.2993134174613,969.9494183909645
1349,342.63000000000005,355.8377320348956,132.69627324482255,951.4062557124346
1350,337.5900000000001,323.0735661977099,120.42053423194625,863.9581141479551
1351,236.42000000000004,344.60014879931,128.48589170722948,921.4129461158633
1352,240.86000000000007,192.1466950452658,71.3662073790476,514.5119655712416
1353,235.8199999999999,302.36432999300246,117.90990602576987,772.9465935845478
1354,222.73999999999995,236.4101718634532,100.447060909726,554.5960833048703
1355,217.27999999999994,242.75632583604738,111.24421637197288,528.3559731236685
1356,197.51999999999998,229.9451623863725,113.4805569441425,464.89280707021334
1357,239.55999999999997,202.68083751363008,107.95880576792835,379.74833215972166
1358,371.80999999999983,271.1452966518072,152.69594999800444,480.88037804940046
1359,388.26000000000016,407.9089074658676,240.56956177563836,691.1670651546126
1360,391.2099999999999,345.89147036263915,211.74242900916346,564.6309029223813
1361,394.51999999999987,382.63516302681023,242.7819684465988,602.7195418858331
1362,379.18,371.0026783085101,242.79723022256806,566.6274194844999
1363,357.0600000000002,361.5074646371448,243.6541030098376,536.1324670257694
1364,357.12000000000006,341.92304806994593,236.44611537574397,494.2543304888084
1365,391.6299999999999,351.7075641921596,248.81821418455473,496.97260077467047
1366,402.8100000000001,388.8343904333963,281.83339204425914,536.3158058394906
1367,497.80999999999983,384.7385640086615,284.7275871947313,519.7555953008375
1368,384.7499999999999,506.356838396483,382.61830933075953,670.0080181437133
1369,546.6300000000001,337.56035932191133,258.535510859867,440.6471430997011
1370,618.1899999999999,510.51189087230034,396.37924932220386,657.4249553796128
1371,641.9399999999999,579.131312581665,456.63926648446494,734.4096653966868
1372,635.5400000000001,604.4142512862286,483.08915332373306,756.1465155620856
1373,626.5999999999998,600.5067188027937,485.26578675160704,743.0587897040801
1374,628.9599999999998,595.5940770390649,485.4814015860438,730.6302156622971
1375,675.3300000000002,602.4425567298965,494.1301404105162,734.448904344221
1376,706.6500000000002,651.6365024283512,536.4822398232712,791.4622857156397
1377,740.2800000000002,682.4859163202011,562.8819531092563,827.4588560285963
1378,720.7499999999998,716.3199825292309,597.0874286225726,859.3223085975367
1379,705.9100000000002,696.55959799313,585.9176520957234,828.0590528583671
1380,720.9899999999999,684.009012056585,579.9612313936451,806.6913247259263
1381,808.9200000000001,700.4682230797159,598.1144508135231,820.3082948048755
1382,760.3899999999996,788.4318821871063,675.0049984145497,920.890663641673
1383,758.5999999999999,744.2768665788823,638.7206415377642,867.2502514261114
1384,789.4799999999998,743.9020210868607,639.6923470081447,865.0615716894713
1385,799.4199999999997,775.3927204043964,667.8980636054783,900.162208555095
1386,795.0799999999998,785.6171257549626,677.656512898378,910.7521025303305
1387,767.9500000000003,781.4973193070329,670.6770740323632,910.6018372441728
1388,773.6699999999997,755.2225118734992,649.3785257409266,878.291773683293
1389,785.1999999999999,762.8630877276531,657.4813803275778,885.1098190848684
1390,771.1599999999997,774.3471998209391,666.4446005571609,899.6938999406689
1391,784.9699999999998,765.089235068149,657.7781223115188,889.8807020306234
1392,787.7699999999996,774.0604855591054,666.6508711582168,898.7498276801629
1393,807.4399999999999,778.1963983547022,669.4836504108133,904.5359170010088
1394,810.5999999999999,794.8960639287121,683.0458366811789,925.0352312800585
1395,840.6300000000001,801.4283772310245,687.7267727478502,933.9009303306848
1396,856.7599999999999,825.7136903162705,707.8445905879405,963.1824665537256
1397,873.9900000000001,842.45100828455,720.5830672086473,984.9011882418774
1398,875.7300000000002,858.5645250987469,732.294868019007,1006.5771767014238
1399,881.3899999999998,862.3432546082497,734.9785987448807,1011.7489801316042
1400,866.4099999999996,878.1806915983491,747.7556512923013,1031.3243465946164
1401,764.3500000000003,858.3989214408874,727.2826983611002,1013.1206262840004
1402,693.2899999999997,745.375804371232,629.1593569432162,883.025342499202
1403,646.7100000000002,685.0411227593786,574.011104315169,817.5101445605818
1404,680.6700000000001,642.947880430444,536.3625890136058,770.6742497315199
1405,609.0099999999998,702.1079017192413,584.0204168876522,844.0315701630834
1406,513.0099999999999,603.752794529382,504.22490502513136,722.8873991631599
1407,409.00000000000017,500.12362274829655,419.48122113140204,596.2321061108685
1408,364.7599999999999,384.3995292690255,323.622456669828,456.5555206023792
1409,489.43999999999994,364.02319441987595,307.03795004547146,431.5503803827478
1410,522.1799999999997,607.1848140818017,508.7297749018565,724.6565856898083
1411,395.8999999999998,520.3447549277173,436.9059876259907,619.6819755174997
1412,457.7900000000002,356.8094930199359,290.6849556771239,437.9243627528797
1413,468.8499999999999,591.2288128382461,474.0291593639293,737.3440781307769
1414,363.0200000000001,473.4960422765344,384.5955300754256,582.8929048063764
1415,325.7899999999999,355.16621758327994,287.4213820981451,438.82305897283936
1416,318.1199999999999,337.2463281298233,273.5294992857747,415.75149224750913
1417,331.28,330.6822051384727,267.3269536260733,408.9964007299411
1418,365.43000000000006,356.58672224244805,287.05312863395585,442.9051383697574
1419,446.70000000000016,395.89967997776716,319.744608823933,490.13641081626696
1420,470.97,510.2795791340723,412.080806081118,631.822450695472
1421,315.93999999999994,458.17437795162914,369.5196088867694,568.0417033547568
1422,282.89000000000004,254.33423249126332,203.8884242475379,317.2003596412839
1423,247.61999999999995,337.8087928295554,271.2781463940488,420.59607599388886
1424,197.78999999999994,230.82999917304238,185.98657201187504,286.4278507718705
1425,170.94,200.77590742262893,161.3159453231854,249.8288186669592
1426,189.63000000000008,168.09290142114304,134.25438759953508,210.39727751884539
1427,306.7199999999999,219.0170387066781,175.549103481965,273.1871602095156
1428,324.2299999999999,401.7797766438523,323.6806566137016,498.66496361466744
1429,338.9499999999999,291.73061950655085,235.3442179894152,361.56954507144656
1430,407.32,394.66237727312944,320.5800476022402,485.8110380500287
1431,588.8399999999999,418.61500354739024,338.30824653925805,517.9285936842216
1432,493.5700000000001,691.9720443793161,560.349184128843,854.457294440512
1433,276.9700000000001,408.07611342549086,333.4709592347107,499.3222610363433
1434,232.4799999999999,261.81756277291123,213.01703497153002,321.7456698065259
1435,297.1199999999999,256.04288929328294,207.44007069730722,315.9786246723455
1436,482.4499999999998,361.5223159215743,290.79883236237634,449.387098800766
1437,400.4800000000001,504.02481102501383,384.3907839836174,660.7959493335806
1438,402.72999999999996,305.33407198487583,220.8013449130925,422.08383520219076
1439,387.00000000000006,478.5821626598056,333.73003978823806,686.1180455956737
1440,413.25999999999993,338.7202876135039,238.06429700109342,481.75662766855544
1441,338.7500000000001,417.21925609434413,296.3876494110153,587.1459654243059
1442,317.68,312.04222148692094,223.3675615515039,435.76292488908416
1443,374.8699999999999,334.51030872453134,240.4988574699393,465.11883981456185
1444,512.89,380.37254780647976,274.48782796271934,526.9544337620905
1445,725.6199999999999,495.87808516234253,360.19255907080975,682.5352094454281
1446,521.3500000000003,647.7082140901508,474.9412911406457,883.1896151088001
1447,352.63000000000005,389.0770322566361,286.1889373384827,528.8257394741074
1448,302.23000000000013,333.76491565132756,246.026576070552,452.6659598885969
1449,407.6999999999998,307.6474214531559,227.02389487249965,416.77740364863433
1450,490.7100000000001,441.3308998716257,326.32000557735057,596.7533351074248
1451,435.08000000000004,442.1284781931087,327.864934758915,596.0926889170793
1452,347.83,393.0337736755611,292.3672641057473,528.2431494368685
1453,213.25999999999996,328.9046346295736,244.85950501453615,441.67992788660985
1454,219.7700000000001,210.84972020711524,156.84316766337787,283.3347901351448
1455,297.8200000000001,279.65766042588774,207.88912434270168,376.0838841111978
1456,509.14,330.09516510879405,245.29015898657292,444.1010499546431
1457,687.1800000000001,533.4219011949325,396.0378630497971,718.3439091248205
1458,674.1499999999999,549.1007678731597,407.67284678521304,739.4721336274238
1459,555.4199999999997,545.4907056895814,405.70469961864984,733.321712252478
1460,550.2,458.76772995395567,341.7994426134635,615.6473431095109
