step,true_value,prediction,lower_bound,upper_bound
80,67.33000000000003,70.83086776660795,63.962789169459356,78.4250621020073
81,73.15999999999997,75.56937692228261,68.05439888218521,83.90218693047083
82,83.24999999999997,80.35824287757971,72.07702551556824,89.57790239036362
83,93.82000000000002,92.5494325261794,82.65454599919535,103.614713061193
84,80.34000000000002,104.43582205860444,92.76792055242694,117.55560523983456
85,71.74000000000002,78.27201474979321,69.38408458256005,88.28229101453019
86,65.70000000000002,66.23450692857966,58.85842150390254,74.51951435328961
87,59.37000000000001,61.65467911012195,54.901978549392524,69.22307467925945
88,54.380000000000024,55.22448517586347,49.24045551583824,61.92125938815046
89,49.54999999999999,50.94540635562779,45.552098045989055,56.96355813621131
90,46.190000000000005,46.26868003433499,41.4590861187562,51.62308533770656
91,44.00999999999999,43.72906608528733,39.256864017758446,48.69809252850496
92,43.29,42.347666881520304,38.08021399295377,47.08111399825094
93,45.39999999999999,42.6215176653616,38.383015533023425,47.31617837475875
94,47.07999999999999,46.79583103447057,42.20221733003252,51.87787538366935
95,54.06000000000001,48.3435721384541,43.70393070268748,53.464743325947644
96,60.259999999999984,59.6533795461898,54.05177667792982,65.82495411358802
97,136.75000000000003,65.431554920186,59.3944753806231,72.07210570670178
98,228.7899999999999,246.45773584497397,224.47420284315746,270.58464364154753
99,272.87000000000006,360.1033524807206,329.11400571048426,394.0018142737476
100,211.29000000000002,302.3823567872612,277.52209295185503,329.46159259510915
101,214.4399999999999,175.02371113182002,161.35281278396897,189.8457657696823
102,201.37000000000006,221.8383327630655,205.37592320421473,239.61393295130557
103,154.97999999999996,193.22170599223472,179.6812549318965,207.77689327956298
104,119.15000000000005,132.2075719834002,123.27571514762595,141.78137295476037
105,96.01,102.80283816327902,96.01516371055953,110.06541285544515
106,85.09000000000002,85.0603710888446,79.54992671336925,90.94778659830075
107,74.12999999999998,79.98606003170079,74.87159804441856,85.44528504089854
108,69.41,68.31819051773392,63.99206516627268,72.9322796461374
109,79.38999999999997,67.26296680809534,62.988649881534535,71.82279976324102
110,89.35,86.94063884881758,81.49975624442672,92.74034922267549
111,78.80000000000001,94.94713541959324,89.07410244323736,101.20310328406639
112,69.70000000000002,72.02647752239211,67.6030816028756,76.73508557820973
113,66.56999999999998,65.62974445529083,61.67545305162324,69.83351822795288
114,62.98000000000001,65.41607866520566,61.54137404219723,69.53083775048786
115,57.27999999999998,60.958572903148706,57.3830459975954,64.753074211868
116,51.89,54.20048457739056,51.08294307352909,57.504633528042774
117,47.71,49.18525949878958,46.39403935401643,52.14086550310917
118,43.03000000000001,45.644085415215024,43.083968118339634,48.352878088956814
119,38.88,40.589050598894126,38.33232498816189,42.97525776159837
120,35.32000000000001,36.81023664939721,34.77222832131072,38.96435398551202
121,32.0,33.531471822628134,31.69263199629865,35.47373959893968
122,29.59,30.30682627810771,28.65310975839525,32.05276848173165
123,28.339999999999996,28.404451261044365,26.862909093515313,30.03128072740838
124,27.789999999999996,27.76199972789685,26.26809842743511,29.33774542617974
125,28.029999999999998,27.543725128719444,26.067318265257825,29.100663694846062
126,27.59,28.24067083139444,26.731867458507512,29.831563433268236
127,27.32,27.178002379594275,25.67261827499483,28.768349320575823
128,26.910000000000004,27.270648034705395,25.776760569119414,28.847880151115522
129,25.950000000000003,26.105986414925244,23.87362398272484,28.538699308005846
130,24.35,25.509819957273137,23.452868667236046,27.73979996910001
131,24.140000000000004,22.76273325151759,20.867547310802628,24.822168511044335
132,24.140000000000004,24.781598040023976,22.70689885345348,27.037863644933886
133,22.500000000000004,23.686574225583076,21.58662451570346,25.981762882342853
134,21.270000000000003,20.81557895636703,18.871430063278936,22.94993635012465
135,21.459999999999997,20.783746321234428,18.77972904893327,22.99080405064933
136,29.269999999999996,22.05078140632985,19.78554779993971,24.56288285286102
137,41.31,42.293841952803554,34.11705847123019,52.37453740807785
138,33.29999999999999,45.86291466200255,33.162997156194315,63.28396081811398
139,30.550000000000004,24.115428992158524,17.148601412733193,33.756660257996174
140,27.84,35.729190506266605,24.59502245185118,51.70686664891186
141,27.659999999999993,24.44461775680874,17.368032864390806,34.247572648089296
142,24.6,28.45760012890418,20.944372647171967,38.54317670896119
143,21.51,23.16738537710739,17.485243425746102,30.596149561771334
144,20.829999999999995,20.64746265624765,15.91784655838719,26.699307818897154
145,21.790000000000003,20.834825885601603,16.39339687814747,26.410380203163417
146,23.07,22.264313386830477,17.822925796689702,27.75367428032059
147,21.130000000000003,23.492527355163546,19.070800192461437,28.88838962528012
148,18.869999999999997,20.161709681119532,16.53518882538435,24.53824547242494
149,17.94,18.322632549699154,15.168361720268162,22.092267176497877
150,17.590000000000003,17.77679106345171,14.843146334393277,21.253653106463073
151,15.579999999999998,17.51522587756561,14.729473648781804,20.794345885427955
152,14.050000000000004,14.832868834073802,12.5130463603241,17.55094172199474
153,12.600000000000001,13.78064795892817,11.668382548426735,16.245102383879196
154,10.410000000000002,12.139776019743065,10.303194981533652,14.274770906021185
155,8.530000000000001,9.701973150798302,8.228671878447825,11.410478000402259
156,7.950000000000001,7.9654773995661134,6.777458452592811,9.334968099422523
157,7.789999999999997,7.897081399628384,6.739663411243724,9.227583969170704
158,7.43,7.7315243856216185,6.613406620622412,9.013850815506851
159,6.960000000000001,7.274602402076553,6.229519685775964,8.470759869035765
160,6.050000000000001,6.78933577616675,5.834639019759912,7.877389377618165
161,4.710000000000001,5.674588295927659,4.878086819498379,6.579018529014563
162,3.9700000000000006,4.187508815306445,3.58658598792751,4.867163022717406
163,3.5,3.7643618774112255,3.228329995850859,4.368347343088985
164,2.9700000000000006,3.3114904599837978,2.8395755411781614,3.8414075428835925
165,2.5099999999999993,2.7381482336095213,2.3401301469838267,3.1835951299851093
166,2.3799999999999994,2.3253370475007786,1.980253937887246,2.710377273193139
167,2.3,2.3306139780274266,2.0027634487909394,2.694260190591525
168,1.8200000000000003,2.0591023893697624,1.747899467274609,2.405549416962202
169,1.6799999999999997,1.4078704065373477,1.1572949628632716,1.6875508423674912
170,1.4900000000000002,1.771145775407331,1.4744455896832744,2.1034220112072983
171,2.17,1.3435908247421295,1.090862279519495,1.6268673970615217
172,3.05,2.8129148051624266,2.41207112704765,3.2608488422708657
173,2.81,3.801289061744124,3.298822976497809,4.362485680488342
174,2.3900000000000006,2.4725793386843185,2.113925303460802,2.872542237944859
175,2.04,2.224102901600762,1.8774546623392294,2.612512007977202
176,1.56,1.848469788575176,1.5380627633446982,2.196839831388978
177,1.63,1.2799711707225678,1.036079214699828,1.5530777495277355
178,2.79,1.8212828393540068,1.5235622351251754,2.154127427033155
179,2.67,3.996776912789781,3.4514016139666905,4.608970315742849
180,2.6100000000000003,2.2288218712182672,1.1116491588836315,3.937037306693971
181,2.5999999999999996,2.876782644351754,1.6588499947401805,4.652610602808993
182,2.22,2.5276170273294105,1.5262976201829592,3.9258178419228225
183,1.9100000000000001,2.0994072727912227,1.3043203655997377,3.168832418460582
184,1.9899999999999998,1.8161180538006674,1.1587987303244547,2.673580487862408
185,2.0000000000000004,2.0908342883201243,1.433678140636053,2.9254396209346654
186,1.85,1.9519195649422492,1.3777201691238852,2.6647832789758477
187,1.9,1.8048929791419681,1.3001889544982266,2.4203384070054104
188,1.9,1.9522345520884126,1.4535836850183452,2.5522280751061905
189,1.81,1.869024603031325,1.4112942191804119,2.4136448830358144
190,1.73,1.7843755638962162,1.3628995351465774,2.281031277676157
191,1.77,1.7062577797445337,1.3153272734828443,2.163194790778281
192,1.77,1.8040166811669383,1.413741395774812,2.257395163386416
193,1.75,1.7507997382929892,1.3818477408756498,2.1769029860031788
194,1.62,1.7571456375154804,1.3868423974196564,2.184899042638416
195,1.5700000000000003,1.5671560468494787,1.226349100916785,1.9601333259739167
196,1.48,1.579686713694164,1.1852866776395485,2.0452679773797007
197,1.54,1.4712410540302128,0.9038279765424413,2.2077647888205694
198,1.5,1.566323335071032,0.8550334184023602,2.5503486863337925
199,1.4299999999999997,1.4631010925906716,0.6695118860645375,2.6339166213560197
200,1.3600000000000003,1.4427229193996585,0.718639582920966,2.471871194086647
201,1.38,1.3249523149801732,0.6875592555015926,2.203089461486803
202,1.44,1.408033782476707,0.7995726946210291,2.222224206269259
203,1.23,1.4450864070969063,0.8746149573224855,2.1891602671884587
204,1.06,1.1917362277656953,0.6153126449633248,1.973856303966262
205,1.2599999999999998,1.0403867368794262,0.4158854937876231,1.9403352561347256
206,1.4500000000000002,1.3241089011419578,0.6657774803471914,2.242619286245524
207,1.2999999999999998,1.4140162527596098,0.6383803825417653,2.556850735448179
208,1.0,1.2813835830205274,0.536221165528445,2.3879959277121463
209,0.98,0.9118590172026275,0.33287653060708955,1.7423432086347477
210,0.8399999999999999,1.0351735894941427,0.4714129502990563,1.814934813868975
211,0.73,0.7556949983582533,0.3056244681770772,1.3609123468434592
212,0.73,0.7341109221391464,0.32399208378606703,1.2712678777376887
213,0.71,0.7282692754541404,0.346390123796235,1.2184615258889293
214,0.6099999999999999,0.7054968721480719,0.35624021236401404,1.1446935095935338
215,0.6400000000000001,0.5748092621851617,0.2716533083154469,0.9502361186394817
216,0.8300000000000001,0.6706675560546045,0.37099128168638784,1.035848163396222
217,0.6499999999999999,0.8986036345447252,0.5790176145492558,1.2828724188332958
218,0.49,0.5710420758619581,0.3142874014226731,0.8779554619917485
219,0.47,0.49443830991164694,0.25626847276606424,0.7777616095182083
220,0.3999999999999999,0.47896503815129576,0.174541393824454,0.8622907592482703
221,0.6200000000000001,0.38014296577673123,0.11096546731702972,0.7145398862694183
222,0.9300000000000002,0.7239330261258048,0.39467593054790595,1.1309216094377779
223,2.31,0.9718201842162795,0.611920318294159,1.4120763258306348
224,1.94,3.900872597618158,3.0699433337626836,4.901446346644653
225,1.52,1.8741671272345992,1.414962320813466,2.420689674567417
226,1.2599999999999998,1.4999329051724635,1.1230877471274106,1.943667560994585
227,1.06,1.216268221027851,0.8989415079017351,1.586622498428282
228,0.94,1.0239959963993863,0.7459821669055162,1.3462781413748708
229,1.0,0.9189296108487204,0.6659907965441427,1.2102708244429694
230,1.0700000000000003,1.0199439589262078,0.7628231849107598,1.3145676958004349
231,1.0300000000000002,1.0827831003734278,0.8260803807333708,1.3755720114899725
232,0.8900000000000001,1.0174448653519859,0.7781199408296509,1.2889815761449914
233,0.81,0.8594853477441495,0.6471868115155226,1.0991460921751055
234,0.96,0.7965976290084074,0.5987962550264916,1.0188707788192488
235,1.15,1.0008255852528678,0.7865949493354671,1.2407446209850361
236,1.0899999999999999,1.1936968837601047,0.9646131956861219,1.449492871362978
237,1.2400000000000002,1.067354125626903,0.8556551674499397,1.303204364537128
238,1.0,1.2819094203156682,1.0521790178033505,1.5373569056850953
239,0.96,0.9478836869483624,0.7538490835985903,1.1633850331605555
240,0.8700000000000001,0.9590702654803005,0.766777593820279,1.1722917012946121
241,0.74,0.8514095738249907,0.6711143090329221,1.0511567590097783
242,0.8900000000000001,0.715545159394581,0.5504135407039039,0.8982646349863417
243,1.02,0.9252127342699825,0.7435857476893819,1.1257595602092527
244,0.94,1.0424593191273677,0.853296207788832,1.2509300201220475
245,0.99,0.920641456132369,0.7453419625658113,1.1135477643540423
246,0.8,1.0027779981488054,0.8223655667791954,1.201051086011295
247,0.74,0.7638587500434146,0.6086291433789095,0.9340677140597351
248,0.78,0.7301231776711032,0.5809597357622132,0.8933601800248328
249,0.9199999999999999,0.7890396701304168,0.6358662578916454,0.9565553882292692
250,1.29,0.9490896338130446,0.7831477407605656,1.130474280845121
251,3.42,1.3805609042412148,1.181152130396871,1.5982003455075824
252,3.25,4.914913937687892,4.435332388547839,5.436810923278562
253,3.12,2.96841620520329,2.6552560167769355,3.308406061145438
254,3.3599999999999994,3.1721981280241316,2.8487998623372115,3.5227701730682863
255,2.7100000000000004,3.4185894432038753,3.080016502189453,3.785258259890772
256,2.59,2.5909795123725403,2.31526023571176,2.8896294533303335
257,3.09,2.5696496408717655,2.2954449868427007,2.866670088395
258,2.6299999999999994,3.1702707777302717,2.8536741421796132,3.512877248556028
259,3.21,2.529275786451961,2.2621304490447827,2.818298431469352
260,3.09,3.265390845724136,2.9364429057089554,3.621827244185722
261,3.05,3.0877695069214495,2.7677898590790133,3.4349234343449657
262,3.05,3.046087212967816,2.730342818884519,3.3885569047611073
263,2.9500000000000006,3.0493076770135445,2.737460278275099,3.387175098135965
264,2.7100000000000004,2.9502197427129038,2.645731554094816,3.280138508331043
265,2.6800000000000006,2.700740269311799,2.415112082098495,3.0102574122517405
266,2.34,2.6724710121534287,2.3919567712754537,2.976183732446505
267,2.1200000000000006,2.311808236957479,2.057302463308316,2.587500396186127
268,2.03,2.091143342964033,1.854562357602017,2.3473317341638675
269,2.08,2.011752460642817,1.7829255732301057,2.25939470729714
270,2.1399999999999997,2.082132731524895,1.8457460239320826,2.338155300876502
271,2.58,2.1472083700947566,1.9031316852705196,2.411805456517394
272,3.17,2.634383869178057,2.3498257585718005,2.9431143768424586
273,3.09,3.28390805914421,2.946099188273365,3.6506353194914647
274,2.76,3.100240376488415,2.7741587410159645,3.454494974543719
275,2.65,2.717271883499177,2.4195130153872335,3.0409585206063987
276,2.5099999999999993,2.629683007642519,2.3372504578608506,2.9477404834678334
277,2.3199999999999994,2.48694648674306,2.204469717873545,2.7943238263703205
278,1.9,2.289270781759651,2.0214010494445978,2.5808891632332553
279,1.6799999999999997,1.8323338809106984,1.5998750885676705,2.0855771680070294
280,1.73,1.6291470226895508,1.4118966466458645,1.8659661169686386
281,1.83,1.7417395394373707,1.5168866588231786,1.9866802606157221
282,2.73,1.8219557596215128,1.587163458244289,2.078056117360751
283,2.5,2.846875160801026,2.5241152487368965,3.1991953889964124
284,2.3,2.5040838608479317,2.2044351523572367,2.8317529049769035
285,2.28,2.2952783258870513,2.009227851988253,2.608520118503594
286,2.28,2.279097110403528,1.992890889049748,2.592672856467116
287,2.0500000000000003,2.2645191729461858,1.976949631569406,2.5798675656178247
288,1.9,2.072118562979643,1.800032606733136,2.3706437711864874
289,1.7999999999999998,1.8815993543139413,1.6263445952756799,2.1616623552443306
290,1.92,1.7775690530766304,1.5290975835553313,2.0504516293766897
291,2.35,1.9637078362592941,1.6917382345475107,2.2631568798075534
292,7.390000000000001,2.495631574205065,2.1632731790188715,2.862910160155498
293,10.63,15.55254955057066,13.908046511458,17.37845732594922
294,6.050000000000001,12.096069117645834,10.778782094835273,13.560675709363778
295,7.199999999999999,4.9970773276329,4.344742319880616,5.729030946886118
296,6.749999999999999,8.328937174061775,7.215440270720251,9.59335421228275
297,4.78,6.016287127723542,5.164985458152939,6.985142121228639
298,4.06,4.6573320235543,3.9250682468048446,5.498469466996038
299,3.87,3.8769547064951126,3.2467693220977116,4.6006543810710845
300,3.7,3.941949381058148,3.2686194890133144,4.721489991741176
301,3.5999999999999996,3.5763608197785457,2.9616465036955053,4.286458126253321
302,4.22,3.6605596877449376,3.0084783203466783,4.418718742416607
303,4.93,4.438568076479824,3.6950063955636745,5.2998897616952805
304,4.91,5.038458329112571,4.21119820268832,5.997043208530947
305,4.690000000000001,4.813480888627087,4.011745117745306,5.743471435282577
306,4.27,4.679909925653506,3.8831617718508866,5.606657381188714
307,4.06,4.114143302891945,3.3820884237853166,4.968492461391708
308,3.6400000000000006,4.0048475923352145,3.0441159872756582,5.193813308351144
309,3.4399999999999995,3.469258277456426,2.6084602735430025,4.535399598843538
310,3.34,3.507035505759281,2.5455433266052596,4.729268317706385
311,3.26,3.2065102364871843,2.295859282294795,4.368775440361405
312,3.41,3.3851019298298475,2.21069538716578,4.989082306550365
313,3.49,3.338586694384439,2.181035414862326,4.9173608746208695
314,3.4499999999999993,3.658355663405911,2.1609203943664386,5.865176840726935
315,3.5299999999999994,3.2635125656152715,1.9215059754060033,5.221975772147162
316,3.46,3.76710237041455,2.0791944742949235,6.380262987519058
317,3.4399999999999995,3.204203996570606,1.7710196004592285,5.378638116399829
318,3.29,3.6652899599435935,2.023723835827726,6.198054978586521
319,3.42,3.0536724888291635,1.7094626585839645,5.064767342200004
320,3.8100000000000005,3.7176606602918776,2.1551798131880244,6.053899753237072
321,3.7699999999999996,3.7617885101692456,2.2785888240370524,5.915972399265274
322,4.01,3.7767125450905903,2.282298471946333,5.951525869277769
323,4.66,4.1099939616465,2.610186344316872,6.23287824994659
324,5.37,4.4539103432777605,2.998809557481316,6.4384982842862275
325,5.41,5.579384525631538,3.9281431090039467,7.783896850931541
326,5.2299999999999995,5.16796133098858,3.4543197169428126,7.540865810746393
327,5.2700000000000005,5.204903376323028,3.586064666912054,7.395177282885715
328,5.47,5.347804610387935,3.743936444016021,7.49392141888616
329,5.93,5.597232743541854,4.0517479466984225,7.6155287895758175
330,6.410000000000001,6.208925542750253,4.562827601360799,8.34212080708816
331,7.08,6.607100681274391,4.9497480612438105,8.726122884428126
332,6.900000000000002,7.509245517985196,5.780932934874022,9.678067454842973
333,6.610000000000002,6.633434105846464,5.152749372727109,8.470451779912668
334,6.610000000000002,6.491327208698259,5.124493763439055,8.163203607586022
335,7.249999999999998,6.646968222817955,5.326288632436936,8.24335363090478
336,7.23,7.705925434432894,6.275978595281265,9.416899483330003
337,7.100000000000001,7.082030515657298,5.832572118732511,8.559974797329025
338,6.759999999999999,7.09518334110926,5.9034701037242545,8.492616371412979
339,6.660000000000002,6.563060130733129,5.502420917885195,7.796704990867978
340,6.839999999999998,6.666447543174682,5.634308656773516,7.859162419620231
341,6.9799999999999995,6.938397502959557,5.909279588565953,8.120799658951736
342,7.169999999999998,7.021604376270545,6.0105498030981135,8.178472242072486
343,7.280000000000003,7.266161635586293,6.256946134265383,8.415727624462463
344,7.210000000000001,7.309889816385484,6.322676621801709,8.430195040277049
345,7.750000000000002,7.158860000351218,6.213421210811223,8.22821426337378
346,9.000000000000002,8.102209543408994,7.067353091984419,9.269814352670927
347,9.989999999999998,9.757676406074062,8.56417302363791,11.100115856517974
348,9.979999999999999,10.403542670271198,9.171011616200545,11.78543279073293
349,9.849999999999998,9.805055071934518,8.650804862032432,11.097355275190052
350,9.69,9.825422652855973,8.692945620143584,11.09021284194838
351,9.369999999999997,9.579018579620708,8.4945436718079,10.787363139975929
352,9.389999999999999,9.170803587551397,8.140794086021858,10.316877356939623
353,9.79,9.492472444937453,8.465347807799969,10.631054689511766
354,9.73,10.0779260296803,9.008464686296074,11.261665396801696
355,10.03,9.580787000529156,8.594558399470106,10.668390444811905
356,10.38,10.273008426331291,9.246447223636148,11.402417755784748
357,10.330000000000002,10.52550881698638,9.499697308718376,11.65154123825359
358,9.959999999999999,10.244535751882493,9.26414432570634,11.318570380844921
359,9.630000000000003,9.74788538788863,8.832636717951814,10.748327902757369
360,9.199999999999998,9.487599769261001,8.617907323524722,10.43593353734822
361,8.88,8.970253563615554,8.153412687485242,9.859988456403673
362,8.689999999999998,8.76713650882893,7.982680812006761,9.62009856284618
363,8.489999999999998,8.606326590328498,7.843550878015446,9.434893385354837
364,8.37,8.387755584391938,7.649455509418601,9.18907546449776
365,8.88,8.334861257592024,7.607322267194087,9.123895910185237
366,10.31,9.415090106937933,8.600600132959054,10.298679294353967
367,10.989999999999998,11.645591189669993,10.658856246384211,12.715837399217692
368,10.559999999999999,10.891973914569716,9.954706380697754,11.90943259182077
369,10.620000000000001,10.207170312801567,9.31814564550119,11.172794486081314
370,10.74,10.930560682347304,9.974183274185325,11.970284406493832
371,11.190000000000001,10.639443289669034,9.724517161057262,11.632423265204203
372,12.790000000000003,11.708544160937773,10.707056556050157,12.795704660454502
373,14.24,14.183046979929111,13.006798362155033,15.458073403668731
374,14.210000000000003,14.793524171126933,13.561459923239296,16.129834993116685
375,13.880000000000004,13.783233293748198,12.625977991750078,15.038774372724205
376,17.009999999999998,13.85589876578861,12.685450277598166,15.12644989113888
377,17.68,21.053218494358738,19.298865881542387,22.959193030688276
378,16.169999999999998,16.641022304572893,15.271554353741287,18.12574921761444
379,13.860000000000001,16.664404140648383,14.212398029435334,19.51163616941845
380,13.99,12.82990285035864,11.0672758873661,14.849990887388694
381,13.449999999999998,14.509959531265356,12.696074450489855,16.56407250348184
382,12.76,13.038076519441644,11.522917240581098,14.736556313499548
383,12.489999999999998,12.626640900947299,11.278528936296064,14.122767817443737
384,12.220000000000002,12.422548797835486,11.18514269548636,13.785613983577868
385,13.63,12.120749453609974,11.005469296548519,13.33963654164685
386,16.570000000000004,14.395154725539777,13.160806937024628,15.7370962740566
387,21.040000000000003,17.990834016972812,16.53919319703318,19.562620675232502
388,35.76,23.949041359926802,22.13370231725801,25.906832993825635
389,45.58,57.65019271499682,53.4900953892503,62.127896564205194
390,41.96,51.774497958742494,48.176807031717765,55.63538978854338
391,48.309999999999995,38.921443958097406,36.2855933107797,41.74363222319298
392,46.39000000000001,55.59893386329689,51.92642751846941,59.52627136687003
393,54.3,41.790817258675474,39.02045691372799,44.752951936869636
394,56.68000000000001,58.737488473410096,55.01591170134426,62.706318807003655
395,52.53999999999999,58.09914394889472,54.53499682541861,61.892032324625106
396,49.19,50.6048673125842,47.59775804430143,53.79804907711564
397,65.39,47.60348123318142,44.8593331823698,50.511834648576674
398,63.23999999999998,75.00435978513607,70.90259870449069,79.34011023843048
399,49.60999999999999,63.82782408824281,60.41977448834272,67.42497894247076
400,45.46999999999999,45.5263851812606,43.175003659252596,48.002927871441656
401,129.11999999999995,45.132606761845516,42.8575316357429,47.525699629402425
402,671.5200000000001,130.41386698260587,123.73739651770254,137.44769024717584
403,522.1599999999999,2477.014327535083,2348.717440564494,2612.3163509200263
404,197.72,343.3039224800772,244.01087300185233,482.836450124688
405,122.47999999999999,158.99681180709445,114.89771662207548,219.87561804094128
406,92.67,100.9690883614089,73.11793976205743,139.28580684564062
407,79.18999999999998,87.16264531387245,64.38175883257537,117.88104828509263
408,69.56,73.29691202537035,54.869099259402475,97.80293775412225
409,63.12999999999997,66.72255970007366,50.66868028624422,87.76451008467242
410,58.179999999999986,60.36061217740564,46.179437987791836,78.80435730837334
411,60.159999999999975,56.44141830906844,43.76449004143888,72.70834637684892
412,58.1,63.39552257448074,49.658750149493585,80.85719772800023
413,53.25,54.065175299689706,42.86744374675887,68.12127244728246
414,48.790000000000006,52.663161338909,42.01661971651321,65.94470425300076
415,44.910000000000004,45.80985769052725,36.86793737191165,56.86327244305356
416,41.77,44.295930497752,35.721834472283966,54.87197233312868
417,39.34000000000001,39.716125485197345,31.984747527370217,49.25968057359597
418,37.61000000000001,39.04439483056857,31.565616133859372,48.24069456432633
419,36.78000000000001,35.443207254610115,26.324150639464417,47.60562264227436
420,34.71999999999999,38.04657074871575,26.279768219527877,54.88884315164652
421,33.17999999999999,31.990701918847137,20.114510864489027,50.546844730781935
422,32.23,34.03135862991995,19.37691245155053,59.22482995772437
423,31.71999999999999,30.834561154794077,17.20822152925759,54.65833446665259
424,33.13,32.382366164858816,18.093510205621495,57.36445780601489
425,33.910000000000004,34.12457256322478,19.089989469051215,60.41046512990075
426,31.71999999999999,33.74911133405756,18.87523917916715,59.75402301434477
427,30.1,29.78828564648517,16.60978965066842,52.829066209975096
428,29.719999999999995,30.18358021638125,16.8358838965725,53.52018418321012
429,30.24,29.29681921184707,16.32868856456982,51.96980501063856
430,31.28,31.49404455498057,17.585422263612784,55.81135013048741
431,33.53,30.905517124737425,17.248805786514023,54.78239118250648
432,33.48,36.56400687621537,20.48525796862392,64.67547918935836
433,30.480000000000004,29.640183128246697,16.525080348472784,52.570129406813635
434,27.76,29.154363445350274,16.247209000837774,51.7207407731946
435,25.509999999999998,25.655141585749767,14.245780223798336,45.60283452383085
436,24.17,23.463568715974684,12.992279535777508,41.7711719731563
437,23.709999999999997,23.192813472049703,12.987510309650569,40.843917233045545
438,24.199999999999996,23.528629813475597,13.9390850698605,39.27379707076948
439,23.029999999999998,24.771562225746774,15.385516386753338,39.534176883951034
440,20.77,21.568482204447182,13.914813522990809,33.149698769436164
441,19.33,19.487953974105135,12.947059299943362,29.096398747423056
442,17.979999999999997,18.574312366573807,12.620257586467318,27.131164347794304
443,17.060000000000002,16.906258356655798,11.681130624543052,24.28434552316262
444,16.420000000000005,16.682014273021064,11.69742219421366,23.623393943205258
445,16.23,15.905187785534263,11.360096600196876,22.121613310014478
446,16.62,16.36747628493028,11.83996090625206,22.491444772292553
447,17.23,16.99766143631516,12.486378846687453,23.01799777823879
448,17.71,17.70586081175956,13.169767693205236,23.694069534866998
449,16.980000000000004,17.913763584768994,13.309571068779984,23.99938336523691
450,16.250000000000004,15.991122332510521,11.690631053736086,21.748926897007685
451,15.09,16.276577669301226,11.372242602563675,23.12498247500814
452,14.309999999999997,13.71495839845103,9.755513246079037,19.132000743626186
453,14.199999999999998,14.1367761746362,10.375528761902274,19.141656511685454
454,17.840000000000003,14.181722109014109,10.673957009036949,18.743492803417627
455,31.529999999999994,22.207515372437314,17.110198887161825,28.739528158562383
456,37.42,59.047030962709506,44.62256326093824,78.03207688735297
457,35.099999999999994,31.965295471514274,23.217828414870404,43.87234308989363
458,31.630000000000003,37.831030244605856,26.101554365097048,54.63699002443158
459,28.15,28.621442708953325,20.222183315176032,40.344938695932946
460,26.050000000000004,27.360758850583895,19.701350470080282,37.8541145537088
461,24.82,24.977474807921922,18.351747176380147,33.87174523548363
462,23.52,24.438380494801784,18.240571895476055,32.63263866135206
463,22.76,22.673894460628276,17.185224842936933,29.819155868212647
464,22.359999999999996,22.62176358976957,17.381677703757678,29.35564675235801
465,23.32,22.090059415151813,17.274910996704733,28.173922865691488
466,26.579999999999995,24.375061646384154,19.47517827768628,30.44752855507527
467,29.320000000000007,28.99090325379366,23.641927116881963,35.50097144237567
468,27.42,30.248702878514354,25.11075023911617,36.39767806927345
469,23.330000000000002,25.32405898511543,21.266470373080594,30.121056451299832
470,20.72,21.248475509629014,18.11014027325676,24.902199325834918
471,20.430000000000003,19.762331760974874,17.021577373115925,22.919905079776786
472,19.629999999999995,20.79536779637144,18.092555978985647,23.880799506465202
473,19.440000000000005,18.719645228619612,16.43854774602808,21.29912797819937
474,19.840000000000003,19.863510865743613,17.602136653587706,22.399789698945696
475,20.640000000000004,19.918038977529843,17.76854968216502,22.31370095587392
476,21.679999999999996,21.31053680421398,19.154272976983254,23.69749482209766
477,23.810000000000002,22.179419813883086,20.070531204939495,24.499380992458406
478,27.609999999999992,25.493207761000164,23.23810122822287,27.958128809621353
479,42.86,30.19758831267642,27.704572896053886,32.907124138434604
480,39.25,62.29108123240088,57.56021919687817,67.40413199443613
481,36.849999999999994,33.11241059756429,30.679556064505615,35.73209796271734
482,35.16,37.428492911122945,34.800543905283476,40.24934725369596
483,33.14999999999999,34.234902545555315,31.932741397115016,36.69799611955591
484,32.10999999999999,32.42927849738945,30.328275286969827,34.671183639044
485,35.50000000000001,31.79241684734302,29.80289078456537,33.91044428949298
486,37.35,37.8230097458279,35.5457934802644,40.242122339978366
487,30.88,37.794887147881944,35.54962287151557,40.17807929530867
488,31.54999999999999,28.683511534724442,26.986128028636003,30.483842857095045
489,29.839999999999996,32.22504724503774,30.323870680273675,34.24161415754336
490,24.790000000000003,29.317335306922317,27.585053405555225,31.154595168037453
491,24.010000000000005,23.659060608010964,22.25856946708289,25.143880900763868
492,25.020000000000003,24.182738006517273,22.749128858788122,25.702886546940494
493,21.35,25.233885804206956,23.743012827764268,26.8145902917659
494,20.450000000000003,20.400701708851205,19.18217014573224,21.692804109972005
495,20.130000000000003,20.648955010832893,19.409473020514632,21.963711634787167
496,21.06,19.970571997992593,18.78274453858965,21.229720909813796
497,22.220000000000002,21.370439223021446,20.101328666160544,22.7158786988342
498,23.089999999999996,22.35724159549511,21.026375948344548,23.768520079279316
499,21.52,23.2352392035514,21.8520504122984,24.702149638933907
500,21.769999999999996,21.126760628743543,19.849993234640404,22.481711980045123
501,19.690000000000005,21.959793330097778,20.607417593925106,23.396812227529235
502,18.800000000000004,19.296703312565683,18.06608553482114,20.60675113965806
503,20.489999999999995,18.819020885938865,17.587953209055247,20.131621349570054
504,20.12,20.750398744317437,19.377569221208486,22.215715299567496
505,31.769999999999996,19.932149796510732,18.5888209090394,21.367599210699538
506,109.17000000000002,33.641838901013244,31.41570149111267,36.020855549671545
507,84.22,286.99858990813067,269.14354145701395,306.0337619093877
508,60.19999999999999,66.68617785206061,62.44017711742539,71.21636004799836
509,47.72,67.7459586604537,63.346610112501935,72.44608867323365
510,39.53,43.29097154203423,40.45743228801231,46.318177993009016
511,35.13999999999999,40.17759039762552,37.53910399031725,42.996714386007284
512,30.06,33.877572963138476,31.645135493109976,36.262675661303
513,25.79,29.438226066379745,27.49029702484909,31.519338259617413
514,22.739999999999995,24.977711478592575,23.28435636985452,26.789144722926128
515,21.29,22.31048999186397,20.746796034965826,23.986620685967374
516,22.68,21.10549982828299,19.61405931639555,22.704847024941145
517,20.760000000000005,23.242369682526164,21.621628601330393,24.97922979734983
518,17.019999999999996,19.89137329189952,18.46232274072344,21.425354046167108
519,14.619999999999997,16.38195103605133,15.168785381523193,17.686142136869858
520,12.519999999999998,14.228464149361134,13.14478287092921,15.395170040043375
521,11.149999999999999,12.077621933331026,11.13243234006127,13.096447491936068
522,11.259999999999998,10.95129324562806,10.077309264277186,11.894233322853339
523,10.569999999999999,11.41445166757998,10.495226245902398,12.407183722166117
524,10.680000000000001,10.261533331886712,9.401659798290252,11.192489991457084
525,10.180000000000001,10.902362243726635,9.969607033587215,11.914430439224448
526,9.379999999999999,9.899350086383842,9.021242511159844,10.854401504929376
527,8.260000000000002,9.276070715821849,8.43328805615088,10.194148713365907
528,7.190000000000003,7.961278971915078,7.198833409260649,8.794627699323998
529,7.690000000000001,7.004333269347205,6.303235870688154,7.772734746788553
530,9.060000000000002,7.986123755811235,7.194431876104719,8.854303675429456
531,8.79,9.373817214467266,8.452604510622072,10.384807592261705
532,9.659999999999998,8.520974637171527,7.679938040439399,9.443502893607594
533,9.89,10.167844974277456,9.180608040493627,11.250816539976219
534,8.269999999999998,9.66078796396897,8.713811890377267,10.700082449125087
535,7.43,7.899324604448621,7.0942205892254115,8.784509520381576
536,6.38,7.348672255487454,6.557483512625994,8.222690107507391
537,6.21,5.953764242777236,5.251201439366033,6.735286986533451
538,6.01,6.010049139071439,5.304637912968594,6.794387181397679
539,4.97,5.846726972360996,5.1595375164342,6.610582792779772
540,4.24,4.359108325805791,3.809579426608037,4.971424837862757
541,3.660000000000001,3.776315797103549,3.279075106606709,4.331337269223976
542,3.2799999999999994,3.316651298795655,2.8658031622291413,3.820079464327815
543,2.8400000000000003,3.051506321894901,2.627315766044402,3.5253031539227235
544,2.62,2.5820333993260225,2.204902585116628,3.003542364586478
545,3.16,2.4866384439979736,2.117114587810998,2.899968158598125
546,3.3,3.5145866460428454,3.040643248478302,4.044120782576888
547,2.8999999999999995,3.339916225342604,2.894010007100734,3.8368835233208367
548,2.6800000000000006,2.7726638464777764,2.304243656476549,3.3074887866162133
549,2.4,2.615316473864925,2.068854200556772,3.2590857538386073
550,2.11,2.2520506438902546,1.7513391676981267,2.8438857392035595
551,2.02,2.0342480027664873,1.2335421631558408,3.1220000652613793
552,2.0599999999999996,2.0334593330630537,1.1877992877485575,3.2059962158671818
553,2.0599999999999996,2.069050873896352,0.9672944801370713,3.787830882292562
554,1.98,2.0587064108216704,0.9606635685155358,3.7716931440129695
555,1.85,1.904210050685014,0.8616297469900416,3.5306732083202848
556,1.81,1.8093922980646968,0.8008505520488594,3.3827540688735063
557,1.7000000000000002,1.8116549026434177,0.802300905816635,3.3862838142317715
558,1.6600000000000001,1.6019920845886935,0.6679047939250822,3.0592021996228658
559,1.56,1.7138243839765317,0.739590495572451,3.2336646502785342
560,1.37,1.5101277641211892,0.6090187806255294,2.9158905216522926
561,1.17,1.2751225574361862,0.4583779262013967,2.549273859922754
562,1.15,1.048822385453593,0.313317092253663,2.196237368640736
563,1.13,1.2102859607595526,0.41681697332254175,2.4481264131627634
564,1.1100000000000003,1.1166163918340022,0.356773776426915,2.3019984820009656
565,1.1399999999999997,1.1409950465463727,0.37240075519638904,2.3400300691908034
566,1.13,1.1448824064137857,0.37489259450557544,2.3460944918375852
567,0.94,1.1192920578395165,0.35848890699321156,2.3061726181942954
568,0.73,0.8016631247530659,0.1548853590339394,1.8106599410094248
569,0.6499999999999999,0.6436690494688857,0.053609464637857984,1.5641834425913674
570,0.6299999999999999,0.6339499285395167,0.05308687876533935,1.5352061855565147
571,0.5699999999999998,0.6209590418029192,0.08858092386926986,1.413700403515597
572,0.6000000000000001,0.5234340558798494,0.040882264871452856,1.2296962883704716
573,0.6299999999999999,0.6537187420071442,0.1701201344790353,1.3371836763438671
574,0.6499999999999999,0.6155086289642719,0.16710030677372267,1.2361986498595128
575,0.53,0.6738798925489309,0.24154545334292887,1.256763042493065
576,0.45999999999999996,0.4212449486348484,0.08168276430652943,0.867402597761703
577,0.48,0.4339649108063286,0.1206248177939333,0.8349186389355137
578,0.41999999999999993,0.5066083162633832,0.1970908000484013,0.8961540916881243
579,0.4099999999999999,0.36255529618653415,0.09773690800204138,0.6912585535135545
580,0.3900000000000001,0.42490741774258756,0.16405229976839641,0.744218150285701
581,0.43999999999999995,0.37135676936786144,0.13393869942680303,0.6584841754159163
582,0.44999999999999996,0.47617389610461736,0.2369424914171807,0.7616739554674652
583,0.32000000000000006,0.44862280581198366,0.22830409356016257,0.7084596921241142
584,0.31000000000000005,0.24363053787515243,0.0650688146441527,0.45212862631075823
585,0.28,0.3364469643823307,0.1558265180603038,0.5452928797689689
586,0.5,0.26377847886468664,0.10086562525871767,0.45080017669385697
587,0.55,0.6057051925275052,0.40910728768123117,0.8297323332650692
588,0.52,0.5676909077249448,0.38331213254279617,0.7766451434542219
589,0.3700000000000001,0.5085801158903562,0.3365562228543515,0.7027446561129536
590,0.22999999999999998,0.3185317496690252,0.1740429966663608,0.48080264506642667
591,0.30000000000000004,0.17942022603503305,0.05423279209442522,0.3194733459362329
592,0.45999999999999996,0.3312512319922005,0.1937041670409041,0.4846474458357348
593,0.45999999999999996,0.5135292488166834,0.361857573449047,0.6820927765757299
594,0.3400000000000001,0.4445770576098962,0.30251376093816673,0.6021349930842921
595,0.27,0.30318611320829936,0.17760072745448152,0.4421645690810765
596,0.14000000000000012,0.2566020340376911,0.13801453084968496,0.3875470208352123
597,0.09000000000000008,0.09388805429132696,0.0,0.20485905121895986
598,0.050000000000000044,0.08231673701276887,0.0,0.18927015393087698
599,0.050000000000000044,0.036752602394167555,0.0,0.13716499098544754
600,0.06000000000000005,0.05309150053774392,0.0,0.15447743369378863
601,0.26,0.062470909642616146,0.0,0.16412237820971343
602,0.49,0.3382922432749831,0.2221980066193967,0.4654140480591764
603,0.3999999999999999,0.5821867623088386,0.4472973969324845,0.7296479328512901
604,0.33000000000000007,0.34222557930113684,0.2298402182060426,0.46488094880992437
605,0.3999999999999999,0.3262770582968484,0.21704901935252452,0.4453081243188901
606,0.3900000000000001,0.43185893538838704,0.3146378829917802,0.5595321246834817
607,0.3700000000000001,0.37305574285681864,0.2635046385152968,0.49210538333078335
608,0.42999999999999994,0.3702956785768132,0.26189226604326876,0.4880115341493856
609,0.5899999999999999,0.45532794807599775,0.3426373470970141,0.5774769270573972
610,0.51,0.6514827403583894,0.5261529446402868,0.7871047926618522
611,0.5800000000000001,0.4560992808229345,0.34722362498955905,0.5737737048884508
612,0.5899999999999999,0.6267277222043977,0.5065572116162935,0.7564836315438128
613,0.53,0.5766089925599058,0.46214242444408904,0.700036791125755
614,0.6499999999999999,0.5169659493148648,0.4089946153309685,0.6332111324926588
615,0.7,0.6888209477410632,0.5712512298880847,0.815187882928289
616,0.79,0.6904812304016577,0.5727820463765418,0.8169884358256021
617,0.9300000000000002,0.8451296758363824,0.7186861638808801,0.9808756201100342
618,1.06,0.9615338431002185,0.8290462752447139,1.103618191460316
619,1.02,1.1037363511019196,0.9633921207114033,1.2541124558165362
620,0.97,0.974413549431796,0.8469342059146103,1.110691789504977
621,1.21,0.9754176428160342,0.850838689235438,1.108381938547462
622,1.62,1.3163522706711293,1.1743324254563645,1.4676483591128666
623,1.69,1.7536584427210422,1.5893566066514269,1.928385684571578
624,1.5899999999999999,1.6439839884660237,1.4909696430404469,1.8063976414951406
625,1.56,1.5730314525438627,1.4265933374453863,1.72830669796108
626,1.73,1.5510752112264212,1.40141020723514,1.71006790665177
627,1.8599999999999999,1.798725937753498,1.6256107023393933,1.9832552356962858
628,2.15,1.841517925677898,1.6631513734210497,2.031830710988381
629,2.1599999999999997,2.3154209887167054,2.113909185676886,2.529973315530031
630,2.1,2.0109892485192336,1.8265697528598577,2.2074411910498912
631,1.7599999999999993,2.143805652114061,1.9575515870095321,2.3417892089104115
632,1.62,1.6021853673473103,1.4496465051753011,1.7642227855042645
633,1.88,1.663571942783669,1.5099123484893773,1.8266387464304699
634,2.18,1.9769177715778934,1.810616353187402,2.153059082107106
635,2.6100000000000003,2.2535350564991696,2.069222853500109,2.448915529805036
636,2.46,2.8004486449752233,2.5795890685843004,3.034935191263802
637,2.01,2.327310530391135,2.1280459124405673,2.5392688200710936
638,1.79,1.909947479773383,1.735312192904488,2.095732310558652
639,1.65,1.7488881189760708,1.5828247932950865,1.9256285251186558
640,1.5499999999999998,1.5999311447516007,1.4436571184514118,1.7661990327567199
641,1.3600000000000003,1.5188056558862977,1.369252434244527,1.6777990561178036
642,1.3399999999999999,1.2566819849993243,1.1251080162133755,1.396402226412362
643,1.3200000000000003,1.3719520293887153,1.2326546284202755,1.519940324895685
644,1.2400000000000002,1.2904525726493525,1.1528592719057804,1.4368397210245685
645,1.15,1.1999549065148396,1.0687697137650507,1.3394588380214323
646,1.2000000000000002,1.1060430038624833,0.981237556273266,1.2387104060661915
647,1.1100000000000003,1.2582401016381017,1.124931820909055,1.3999115202034162
648,1.33,1.0275588913672773,0.9062601960815297,1.1565760363737239
649,2.86,1.4985470719928529,1.3424991509058923,1.6649902812344086
650,3.63,4.715037798496072,4.316715975175437,5.143201403035468
651,3.38,3.2546459508037486,2.9070395540184686,3.633178629602674
652,3.09,3.5183763977164793,3.130353171501125,3.94285220264143
653,3.5299999999999994,2.871629486998886,2.5408773300537004,3.2332770913506703
654,2.85,3.9571609747563627,3.5282798734054452,4.426662135873516
655,2.4,2.4299343148267893,2.1360648467268315,2.7513412442045286
656,2.25,2.3772349726257485,2.09034344802559,2.690760024622348
657,2.2,2.189493881162516,1.9199820694436234,2.4838813992825233
658,2.17,2.2049215404773586,1.9357496417373738,2.4987731700912645
659,1.9299999999999997,2.152135693017209,1.8887313902152245,2.439558091433625
660,1.79,1.8185648064752238,1.5846978734782433,2.073592333486163
661,2.07,1.7714132159605303,1.5408286426563311,2.0229237362385852
662,3.05,2.2414064983785345,1.9725884666472293,2.5345343647858103
663,6.909999999999999,3.6170156734985754,3.2341336959946814,4.034520697704082
664,5.71,11.967075755422975,10.904143091006238,13.124918724634155
665,4.43,4.697036752070388,4.226601452937503,5.20981493360267
666,3.6400000000000006,4.516208633554541,4.058550819346201,5.015271720218566
667,3.1500000000000004,3.408139971006621,3.0422524458192575,3.8071460811616777
668,2.75,3.0550624224190797,2.7176861534582746,3.423055247527863
669,2.46,2.636374774197637,2.333717308793993,2.96650953682829
670,2.55,2.3913175568111487,2.1086231460112272,2.6997198537535434
671,2.54,2.613546812465885,2.311944142705555,2.9426149727318154
672,2.72,2.511746447167823,2.218183983320474,2.832087653506832
673,2.73,2.804054710210893,2.486337832774968,3.1507257564765467
674,2.7699999999999996,2.701932015687388,2.3929818031279684,3.03901389513418
675,4.130000000000001,2.796517949771598,2.4798637109159722,3.1419865087601364
676,13.419999999999998,4.7690817153558855,4.2868699854203225,5.295275641397782
677,10.230000000000002,25.24132544467026,23.049697329165863,27.632674734662967
678,7.419999999999998,8.516419290017897,7.740799141790914,9.360864565624754
679,6.069999999999999,7.6969614278329885,6.999942929438328,8.454709707851036
680,5.980000000000001,5.753411263436322,5.223758781708407,6.328138074237695
681,6.13,6.091518729882957,5.544624339417245,6.684113753236253
682,5.800000000000001,6.12530363888879,5.574850923593227,6.72184077424154
683,8.78,5.726508094459035,5.2108065344187455,6.285029873991619
684,9.609999999999998,9.694845844577813,8.869701000160742,10.588975961624419
685,9.060000000000002,9.375732415904016,8.581029448775828,10.236352392194831
686,9.920000000000002,9.049211897659738,8.261427259505167,9.904006146614352
687,13.25,10.122962691867835,9.242475044699283,11.079140881940628
688,14.160000000000002,14.047444160546203,12.838562424375764,15.36192899386149
689,13.310000000000002,14.001634833208808,12.77517798123255,15.337287835812582
690,11.250000000000002,13.185535004239336,12.024169901002834,14.45045902242148
691,9.94,10.846369630904151,9.8681256835926,11.912665671862023
692,8.939999999999998,9.80714431375213,8.906752981466896,10.78936917441654
693,8.400000000000002,8.750872767030657,7.930808347417734,9.646238953981307
694,7.849999999999998,8.383181762320847,7.585823932529902,9.254589504353772
695,8.1,7.7361404797021205,6.981190700474005,8.56250180522028
696,8.05,8.21444231312675,7.407481974852558,9.098855685436023
697,8.11,7.985869952471498,7.190806206133244,8.85810880768586
698,7.91,8.15381170596579,7.319920636528618,9.071282216369504
699,7.839999999999998,7.844368861064659,7.019907448071043,8.753586441871523
700,7.800000000000001,7.855943464894294,7.030286699995347,8.766492478213683
701,7.599999999999998,7.782203348549677,6.94763306558759,8.704410736981469
702,7.379999999999999,7.566769587650461,6.7395439496654355,8.482411579440068
703,7.469999999999999,7.3496268840482095,6.52976931632922,8.258752316838237
704,7.530000000000001,7.717876020001908,6.643179582342205,8.943683970962537
705,7.520000000000001,7.256675320197557,6.089557189436839,8.615930236762043
706,7.460000000000001,7.4695172399924665,6.2615613947232145,8.878415726217765
707,7.5,7.680673315243197,6.220286798738192,9.436439895870084
708,7.559999999999999,7.531288819803958,6.188359826306684,9.125103735146107
709,8.23,7.578620825697184,6.30369558733694,9.076095641045011
710,8.64,8.466847635304548,7.110468858125774,10.050064517574835
711,8.36,8.704118653757934,7.3691687465327185,10.252003836728294
712,8.250000000000002,8.249683316260388,7.015493044622174,9.673908763292882
713,8.280000000000001,8.266172403392867,7.053530521619129,9.661405054455216
714,8.08,8.291137324316468,7.0489347110350415,9.725050690367159
715,8.11,7.950062589758897,6.75860037761396,9.324493653742786
716,8.680000000000001,8.185936431162352,6.975155493085218,9.580537042884973
717,10.28,9.05499685166226,7.740729521226848,10.566879107906217
718,11.729999999999999,12.027915647936439,10.251052405908009,14.085396459501201
719,17.39,12.630433895392576,10.667391688160805,14.923758552238484
720,70.67000000000002,24.129272723937415,20.346415908374826,28.582499954302712
721,64.66999999999999,468.145524600553,363.92491439640185,602.1309854981452
722,47.95,78.9903735478891,61.75432347452767,100.960462738922
723,37.589999999999996,57.97613965264918,44.521951257875266,75.40676535646212
724,29.219999999999995,35.360570951279875,27.56645204177988,45.28125039712433
725,25.350000000000005,28.00118308752842,22.005584198683934,35.55932460626056
726,24.289999999999996,24.75066984581341,19.705965021768876,31.024443043873973
727,21.790000000000003,24.1989731858897,19.497315115690494,29.979093897869127
728,19.810000000000002,21.08588411469133,17.147751691781774,25.87860653000169
729,18.83,19.471030292529043,15.974903567759416,23.687214249250403
730,20.130000000000003,18.65417926361698,15.412735323547267,22.535794303109736
731,33.71000000000001,20.63718055366411,17.2851419683101,24.60371601835192
732,36.970000000000006,39.55372173716397,33.61836830829517,46.50669737202054
733,38.14999999999999,35.750639985161335,30.652544189838693,41.66985715961881
734,50.35999999999999,38.952306399196765,33.64786860482059,45.0688305194398
735,61.35999999999999,54.33586935284888,46.92505622770226,62.892641512762395
736,54.849999999999994,63.308116249360566,54.78638801703635,73.13159307389361
737,44.25000000000001,52.1470850013515,45.14136376517171,60.216496732004856
738,37.650000000000006,42.11577148081128,36.45894324910913,48.62686048090133
739,32.71000000000001,36.40713403982871,31.761486957546317,41.711543553776245
740,28.460000000000004,31.592371210327023,27.75019553663567,35.94801517986682
741,25.029999999999998,27.495364907665433,24.31586610579239,31.074186908233976
742,22.809999999999995,24.253495057239984,21.58880410228107,27.23252659673311
743,37.25,22.34863744406532,20.031804812183033,24.92068894527856
744,63.499999999999986,44.46048715811362,40.19106783345098,49.17242818295418
745,51.830000000000005,72.15010189451878,65.5130225737529,79.44946989508855
746,43.099999999999994,45.580753903072605,41.487609085598166,50.06822155624873
747,37.36,43.10320519087859,39.31770974439513,47.24412697150145
748,33.71000000000001,35.3521533496514,32.30449034190005,38.67870517129734
749,30.06,33.33893232539728,30.50269549416846,36.430519984123
750,27.140000000000008,27.445791514908915,23.347010644927778,32.234595684470094
751,25.33,27.774788431341317,19.325909386414253,39.73561647489573
752,23.77,24.37899827350952,17.604384071625105,33.62052551092798
753,21.53,23.339658879177318,17.333276465620962,31.31386356201166
754,19.869999999999997,20.324068868240506,15.544177268202375,26.484951697865338
755,18.990000000000002,19.580335951315263,15.211658574750953,25.126273626849194
756,18.17,18.573872275496306,14.76182594359163,23.30787379765583
757,17.060000000000002,17.91296491863899,14.521763697044673,22.045077157164485
758,16.41,16.540352652503987,13.434604197370978,20.31433373353178
759,16.03,16.374647666914417,13.499841686663284,19.819426037394418
760,15.469999999999995,15.638807568328208,12.610755974120917,19.340524642587834
761,14.470000000000004,15.513934367880179,12.50116154102727,19.199004913610146
762,14.229999999999997,13.7532326778887,10.867042075662296,17.34137547167798
763,15.260000000000002,14.528757029225707,11.649566514021846,18.06328526004621
764,19.09,15.849763965651121,12.719192277745696,19.694698343043207
765,19.82,22.19133118052994,17.85566485343712,27.523939415850407
766,19.52,18.325722498083984,14.760002230994072,22.698191446854366
767,19.410000000000004,20.375732128436542,16.59943126088436,24.96231192096569
768,19.069999999999997,18.758797234848704,15.414436853905723,22.784554513971575
769,18.569999999999997,19.32618379217412,16.023402184231266,23.269751902821472
770,18.03,18.088343273789757,15.058801371895779,21.689417503830832
771,17.029999999999998,18.04085585441297,15.081141798164733,21.545301584860685
772,16.160000000000004,16.424402258290286,13.71459823624831,19.633237087696465
773,15.73,16.05214146820732,13.421811096896604,19.16220616801221
774,15.09,15.596233288575998,13.141842890920193,18.476595907148834
775,14.46,14.89912429132964,12.664525317175642,17.4991536378811
776,14.939999999999998,13.958067200556497,11.999133551852992,16.212206758539686
777,15.5,15.510769779479773,13.48221773637794,17.823465001926024
778,15.509999999999998,15.884178264464808,13.896397324834261,18.137209450701707
779,14.410000000000002,15.425672123374348,13.547297406495607,17.546586157242228
780,14.069999999999999,13.580251569295891,11.935012531575007,15.434752985745305
781,15.899999999999995,14.064033046464,12.388870004709853,15.948785935268116
782,17.289999999999996,17.370574869379922,15.256350255724392,19.75976561298906
783,22.600000000000005,17.66026041059483,15.43231555569852,20.19027701305672
784,71.11000000000003,27.252954676304576,23.950427845400025,30.99261563318185
785,73.43999999999998,323.15383139781125,270.4094851916405,386.1482469954481
786,55.090000000000025,83.37079180507313,69.48316488440867,99.99476267118698
787,47.57000000000001,64.62176926490055,49.988032832469635,83.45543713374266
788,42.97999999999999,45.091550415015035,35.411665665670384,57.344790902076944
789,37.81,42.953657692492044,34.20099794052067,53.88264928776019
790,37.07999999999999,36.28806235069334,29.22895262256396,44.995625823679724
791,36.36,37.634442866681844,30.65341262863807,46.155110671020424
792,41.53,35.831760569913016,29.403595878108845,43.61901783322154
793,46.400000000000006,43.85022254743033,36.28166955908821,52.95526773193211
794,50.70000000000001,46.915587169663866,39.06512121255622,56.304294217238784
795,59.60000000000002,52.03602120850393,43.582487000892826,62.09247722255935
796,55.83999999999998,62.36079742266187,52.53237478305543,73.99369617553994
797,47.989999999999995,53.32040835969808,45.15529408351113,62.92997429559201
798,41.089999999999996,46.57661712906536,39.585564451712486,54.771911220768196
799,36.65,39.421760655480185,33.71908369093643,46.061113393250864
800,33.13999999999999,35.870918488775516,30.861610398780375,41.66779403774163
801,29.969999999999995,32.25320311125433,27.924427578742424,37.229815063687134
802,28.709999999999997,29.239771634735668,25.43507653736272,33.592061317791554
803,29.290000000000003,28.59668352639298,25.007771945238588,32.680842696016875
804,31.269999999999996,29.57313181496764,25.984601798232724,33.63888020154528
805,31.559999999999995,31.904760677575247,28.151801558889712,36.140870112651086
806,28.25,31.351579218466306,27.757687259308664,35.39460532730829
807,26.980000000000004,27.167648018253157,24.111930155708354,30.59519757981823
808,31.42000000000001,27.044463844076205,24.06077760644411,30.383381818904915
809,36.150000000000006,33.253860826263775,29.667197169818788,37.26000058002631
810,33.64,37.05818203167028,33.125863170308335,41.44362149397505
811,30.750000000000007,32.307719406965795,29.001938770235334,35.97774935777804
812,29.110000000000003,30.350660964455333,27.34735422266789,33.67215794418934
813,25.809999999999995,28.70468598753159,25.91025030235002,31.78930369297978
814,30.669999999999995,24.80204050259723,22.474218777145733,27.36070075080969
815,35.980000000000004,43.570439383253714,38.55660894924712,49.21977665894192
816,33.8,34.61012573886407,29.103989025232675,41.12335627928991
817,32.10999999999999,33.44139867347524,28.24556653623436,39.560333858316085
818,33.66,30.909470125695453,25.536133708656028,37.370860460750215
819,33.05,36.112428669080096,29.78533929766403,43.73987921328739
820,28.190000000000005,30.52459204182429,25.156737286981375,36.99403161410661
821,25.1,26.756926088341043,22.04745992538135,32.42871398271363
822,25.709999999999994,24.00066725933679,19.757980622917486,29.110509050288698
823,28.469999999999995,26.783837077810965,22.21995669632123,32.244747734118
824,31.0,29.15346320223675,22.601144729990608,37.52488315675897
825,33.339999999999996,32.108914004779884,24.890714284689118,41.339511166911485
826,32.64999999999999,34.45725465043908,26.909116504581675,44.04681855979547
827,28.57999999999999,31.104891348621585,24.5113015399254,39.402644564947245
828,26.60000000000001,26.39678170597239,20.889520898917254,33.28963344199235
829,24.93,26.666319182634247,21.359679817784514,33.23238719664444
830,22.34,23.61338547663161,19.060848168140883,29.199059358984393
831,20.289999999999996,21.40877051547991,17.406957882951776,26.280607648943867
832,17.830000000000002,19.45033558389192,15.85507951361863,23.812474195442633
833,15.48,16.62694537876237,13.462053960516226,20.48444503347582
834,13.849999999999998,14.580972039506594,11.713328800786762,18.095446479828535
835,13.299999999999999,13.214016232206703,10.532801239890965,16.518576211181266
836,13.600000000000001,13.345968012567985,10.571525462625065,16.78562376087408
837,14.859999999999996,13.826040738572585,11.028028008634811,17.274939485010616
838,17.329999999999995,15.85259177843782,12.833915997630536,19.529967776247524
839,21.369999999999997,18.985742884399063,14.960172800167888,24.026666292554562
840,23.709999999999997,24.39724042680483,18.554588780197747,31.98559885596361
841,22.46,23.364746779188405,16.225569719516976,33.46277222061124
842,20.979999999999997,21.543220678463086,14.636120355884687,31.501463725726865
843,20.6,20.084619601933984,12.485992678467154,31.964661508980484
844,21.02,21.004568236140983,13.306276943525509,32.84535509625487
845,22.779999999999998,21.410585508434213,14.250043123512604,31.93330640203198
846,22.55,24.933799190646834,17.062923979537103,36.23438914002616
847,19.74,20.668879180560577,14.640010973757878,29.02173884209964
848,17.51,17.886132368691147,12.963210891524307,24.544697320602133
849,16.45,16.267682630617344,12.049884262174555,21.84869792263109
850,19.08,16.089129193189653,12.153957338946064,21.20155722391341
851,23.98,23.72513735340656,17.627437199720653,31.818922463149583
852,26.92,27.164497190732067,19.56584643098924,37.57069071620987
853,24.82,28.300954234852405,19.599030642026534,40.678947616170504
854,20.86,21.157316846605593,14.233224939638138,31.22867723586142
855,18.310000000000002,19.02977644839707,11.622118824215846,30.784833446747882
856,17.17,16.62102520019617,9.892401622589082,27.506158684235487
857,19.379999999999995,17.211473207911443,9.747129731265423,29.8601240234052
858,19.340000000000003,22.9939945105281,13.277429440497647,39.32320908820306
859,17.050000000000004,16.778311567699934,10.035955323439751,27.639873299133587
860,14.849999999999998,16.777458754194264,10.010179730992387,27.70416718697766
861,12.679999999999998,13.155102958824187,8.244420255531558,20.67436510202143
862,11.219999999999999,12.063165769289089,7.06171599815279,20.167490885938797
863,10.729999999999999,10.36667343963502,6.411364390100896,16.432858281246286
864,10.82,10.816411940538506,7.062674113280831,16.317776855014706
865,11.360000000000001,10.86778027406127,7.359427393479079,15.848547394916764
866,12.279999999999998,11.948665777136224,8.463036696200476,16.718196683660707
867,12.790000000000003,12.891823600869463,9.451554647653595,17.46450307763535
868,12.779999999999998,12.902079234265013,9.751255210371731,16.97630167399776
869,11.799999999999999,12.680604578133787,9.81484801661742,16.30573941822191
870,10.45,10.84758755405386,8.498326695716509,13.777900923777757
871,9.24,9.760287846894077,7.712982883382326,12.288651670467855
872,8.51,8.502369381209167,6.823826531554285,10.541030912785773
873,8.980000000000002,8.267636659299672,6.735970009044997,10.102562335217502
874,8.189999999999998,9.728443103258236,8.050344136059868,11.717692243464079
875,7.390000000000001,7.019717107793621,5.795890017814624,8.46393516087536
876,7.35,7.365986463828589,6.163673300799152,8.770089530067679
877,7.18,7.355714822496868,6.233017489104533,8.652675429039714
878,7.019999999999998,7.025258024186941,6.016212003378563,8.179421363516898
879,6.599999999999998,6.961685291781198,6.020979751740849,8.028431205722809
880,6.14,6.2545762731846875,5.435267446531018,7.17819575343745
881,5.849999999999999,5.923204071515036,5.181307354412955,6.75414517798143
882,5.180000000000001,5.700565012738825,5.016179369912597,6.4628046687696985
883,4.59,4.690382171440128,4.122584602558954,5.321115563590346
884,4.48,4.299816405464405,3.786744079148832,4.867882942391229
885,4.04,4.519142407421585,4.004312482496475,5.08693662115269
886,3.4700000000000006,3.6404796811282463,3.118948170465776,4.228046282633609
887,3.3,3.253209418131304,2.738447261729501,3.838851289856641
888,3.26,3.3079085237580754,2.7706602888759777,3.9217045364220775
889,2.85,3.2130116227796472,2.7107908448230145,3.7832032782011877
890,2.35,2.468413346635594,2.071574470085349,2.9165227020478692
891,2.24,2.0984549388275755,1.739320079520227,2.5046736888178622
892,2.13,2.3062405369894874,1.889240645762106,2.7834254147249
893,2.7699999999999996,1.9784658398048807,1.5948221383090648,2.4188311514351484
894,2.9299999999999997,3.289701334233576,2.763057845458433,3.890049075151424
895,2.5699999999999994,3.0467117540796718,2.565546751175187,3.5928092277037633
896,1.9499999999999997,2.4172301569234738,2.026018765880115,2.8590183501359907
897,2.66,1.6474821518212845,1.35678613365473,1.974033852338977
898,3.05,3.0259781323935844,2.592598757217718,3.511636566690786
899,2.1200000000000006,3.068704556512494,2.6383132291208664,3.5500086786605767
900,1.7400000000000002,1.92196217552157,1.6142667277178546,2.2658729366272214
901,1.5,1.7346407666698433,1.4484441306919158,2.0542906938290306
902,1.52,1.4162206478729087,1.163438556585934,1.6985384916225064
903,1.42,1.5789441166079055,1.3076771855489233,1.8820984140398647
904,1.12,1.3494325736016566,1.1012623095256986,1.6269130669109328
905,0.9199999999999999,1.054486473712343,0.8387266902913013,1.2955639317979752
906,0.8500000000000001,0.883724647804182,0.6869336211213541,1.1034725399486982
907,0.78,0.843737140825094,0.6515367167864947,1.0583052195607663
908,0.71,0.7559543595575549,0.5737144354548016,0.9592981060493928
909,0.6000000000000001,0.6959880239598419,0.5209791471753003,0.8911339992774361
910,0.45999999999999996,0.5644213914299898,0.40335690734603835,0.7439713854347849
911,0.3400000000000001,0.424099900893093,0.27806594479474755,0.5868199414776021
912,0.28,0.3471276699514758,0.1300546667988769,0.6058983803762088
913,0.22999999999999998,0.27111863417948223,0.07956404370449266,0.4966620939077768
914,0.20999999999999996,0.21466201207871105,0.04160409290916167,0.4164727401045001
915,0.25,0.21053162476113063,0.04757344296445809,0.3988392168476729
916,0.22999999999999998,0.26642960568448526,0.10433536327308124,0.45231602599468723
917,0.16999999999999993,0.20518873138557447,0.0,0.4735340347160557
918,0.06000000000000005,0.1581129114284141,0.0,0.39564064583834835
919,0.050000000000000044,0.02667323623882578,0.0,0.22018803645640217
920,0.06000000000000005,0.07811775606500526,0.0,0.34018092011525947
921,0.08000000000000007,0.03918194685030785,0.0,0.3391913496327361
922,0.07000000000000006,0.11766224017151572,0.0,0.6152674246543541
923,0.25,0.029138038561010493,0.0,0.6894577270336024
924,0.21999999999999997,0.41259510880829975,0.0,1.4323964477515005
925,0.33000000000000007,0.10493212898177617,0.0,1.0397805262226045
926,0.3500000000000001,0.4134786817590643,0.0,1.4153023053381597
927,0.31000000000000005,0.30903008961746425,0.0,1.0941260739396617
928,0.20999999999999996,0.29361628738618406,0.0,0.9545637010579846
929,0.18999999999999995,0.20430342824988013,0.0,0.7355590645947565
930,0.19999999999999996,0.16147156103771043,0.0,0.6047411974433172
931,0.22999999999999998,0.19251065002594525,0.0,0.5931674545040719
932,0.30000000000000004,0.23205451918816467,0.0,0.5994549136318947
933,0.33000000000000007,0.3313901889387334,0.05269545054856439,0.6838676696841488
934,0.3500000000000001,0.35450657904707716,0.09465812952427965,0.6760374980991928
935,0.26,0.36915542373786314,0.12756289347002459,0.6625117633854116
936,0.21999999999999997,0.2364702484201855,0.0350775153162981,0.47704751828281
937,0.25,0.19989792212148427,0.01816671963358729,0.4140660814660959
938,0.14000000000000012,0.25403108312454403,0.07649479970531803,0.460846775918474
939,0.1100000000000001,0.11162097888228995,0.0,0.2816672303788619
940,0.3599999999999999,0.09300593960126768,0.0,0.24919766990554093
941,0.3599999999999999,0.4091928686671249,0.2408000498819396,0.6004387985729283
942,0.16999999999999993,0.35338021690864885,0.19760517384294762,0.5294172499624654
943,0.06000000000000005,0.15551111452138877,0.02630382116193619,0.30098505749574267
944,0.040000000000000036,0.05059289601336503,0.0,0.1780681962704478
945,0.22999999999999998,0.04050355554480678,0.0,0.1624168886227184
946,0.42999999999999994,0.22089236355017716,0.05173767824897091,0.41725279430588524
947,0.22999999999999998,0.4628619218927279,0.27215919744742534,0.6821518932673711
948,0.050000000000000044,0.22220660560514638,0.03040894483415979,0.4497049877854786
949,0.010000000000000009,0.10758576032447809,0.0,0.3491914747952165
950,0.10000000000000009,0.006950523320210067,0.0,0.20698116967292557
951,0.020000000000000018,0.13130178043811713,0.0,0.3815996330000182
952,0.030000000000000027,0.07462448913743747,0.0,0.3330158115779509
953,0.1200000000000001,0.07994242581947875,0.0,0.35322306891988164
954,0.06000000000000005,0.12151282667018681,0.0,0.3798939782416193
955,0.010000000000000009,0.04081279388369552,0.0,0.2652798764024835
956,0.0,0.002911446019396857,0.0,0.2122640716945201
957,0.0,0.00017080821089554554,0.0,0.19828411604651253
958,0.10000000000000009,-0.00016684268943212288,0.0,0.19439828688617733
959,0.1299999999999999,0.15378230501197665,0.0,0.36978352013308946
960,0.09000000000000008,0.10696419837162852,0.0,0.3048144102281838
961,0.040000000000000036,0.08804611656849892,0.0,0.2818067951901462
962,0.48,0.017824358099484572,0.0,0.19033319232317036
963,0.5699999999999998,0.3556209450329615,0.14718064685413434,0.6019344047090838
964,0.77,0.47757909956689804,0.26470560926008435,0.7262831598843222
965,1.2000000000000002,0.8472978307777739,0.5991156690439714,1.1339977724290775
966,1.0099999999999998,1.230807927908264,0.9506645544420083,1.5511839028837549
967,0.5899999999999999,0.9675468125514923,0.7332501674226104,1.2335151222504575
968,0.49,0.5110323571225701,0.33863648899191046,0.7056301714820417
969,0.41999999999999993,0.5068739289923951,0.3420293039587383,0.6919668081605406
970,0.4099999999999999,0.38908515506879615,0.24501077085258705,0.5498320281286682
971,0.78,0.4267802473944746,0.28355310846894355,0.585989594761122
972,0.79,0.9102558824383873,0.7267445834294066,1.113270006119376
973,0.6499999999999999,0.7158034199288654,0.5571210068631989,0.8906567716083957
974,0.41999999999999993,0.6537194073171217,0.504918972339363,0.817232640695682
975,0.3900000000000001,0.3556681049327952,0.2368217915175841,0.4859343709307109
976,0.5699999999999998,0.4203312283258456,0.299054423000086,0.5529301640024298
977,0.5800000000000001,0.5988181792699279,0.46607533824986125,0.7435799536847225
978,0.53,0.5622407371642466,0.43192928061956426,0.7044110724514945
979,0.51,0.5249447905051969,0.3971350317420683,0.6644465719175039
980,0.53,0.5076983043986383,0.3805239767458024,0.6465879733902569
981,0.45999999999999996,0.536958768100378,0.40730945296678445,0.6785521122314138
982,0.41999999999999993,0.43853951678808123,0.31581685433508655,0.5727081884861562
983,0.3599999999999999,0.43481289633895415,0.30495715640265675,0.5775905265546901
984,0.6200000000000001,0.3340226491913365,0.21170859954353305,0.46868350131861525
985,0.99,0.7065595165787715,0.5537155895129688,0.8744391851912103
986,1.13,1.0456512289859794,0.8658947561787662,1.2427250716014795
987,0.9199999999999999,1.14254158942737,0.9562628779811255,1.3465580797420063
988,0.5699999999999998,0.8488755898122313,0.6911665682978065,1.0212916992819672
989,0.4099999999999999,0.5630393255038648,0.4217596026280681,0.7183579618914582
990,0.49,0.35531037917625263,0.23185997614844567,0.49113231979989713
991,0.43999999999999995,0.5894014770445235,0.44372729850463655,0.7497743914989081
992,0.8,0.32759596110716815,0.20007730348114716,0.46866458588578275
993,1.6399999999999997,1.1062797284142358,0.9047511881033319,1.3291306087837826
994,1.5499999999999998,2.047505823729535,1.7538914708310998,2.3724247465941746
995,1.06,1.327703018099124,1.1023570734729073,1.5772031824819281
996,0.8700000000000001,0.9348365565308816,0.7381246757306572,1.1538112615049219
997,0.52,0.8424047538486255,0.6549833452417089,1.0510510191921338
998,0.45999999999999996,0.3398112133703066,0.20262730756757819,0.49264371112905514
999,0.44999999999999996,0.5355356644214588,0.38062740524392447,0.7078248394567181
1000,0.42999999999999994,0.38996309376559,0.24645275297872726,0.5499964979927185
1001,0.6299999999999999,0.4621670690999946,0.3136479806497616,0.6274775049728287
1002,1.0899999999999999,0.7512379685977559,0.5651486481210077,0.9594524943941845
1003,1.44,1.377246441614104,1.1203964280393177,1.6652094718875503
1004,1.23,1.5126000132293038,1.232696689390563,1.8275935806592423
1005,1.08,1.0506050653659473,0.8226385895279407,1.3070844424475627
1006,0.99,1.0925108239934143,0.8582367603330336,1.3563205948766521
1007,1.0099999999999998,0.9161402273687587,0.6982924584081669,1.1619323295954769
1008,0.8599999999999999,1.0808476856578149,0.8391174176860714,1.3543505429660296
1009,0.74,0.7174660380913045,0.5143072745359472,0.9478804874003934
1010,0.6200000000000001,0.7523291082157182,0.5444290278844208,0.9882152226226415
1011,0.8799999999999999,0.5300992647385685,0.34681243787956184,0.7383294764039514
1012,1.0300000000000002,1.1579977806176722,0.896312399968936,1.4557949529977683
1013,1.0899999999999999,0.9596600655840084,0.7207442508233457,1.2317480188047818
1014,1.0700000000000003,1.1717111812942487,0.9042210052674058,1.476776299553611
1015,1.1600000000000001,1.0135675191357976,0.7637633600584142,1.2987517747190367
1016,1.2800000000000002,1.254717122605029,0.9751051757495106,1.5739132099834263
1017,1.4,1.3039034495466453,1.015354436652419,1.6337655591984475
1018,1.5300000000000002,1.463243256745431,1.1566308027141292,1.8134474079966667
1019,1.71,1.5745541212000869,1.2554801676325784,1.9387662184348313
1020,1.56,1.7932433387149902,1.4509698902533645,2.1833146462966653
1021,1.4299999999999997,1.4286781061556222,1.1325459711695776,1.7659320938740124
1022,1.4500000000000002,1.4224895715237156,1.1268633934016652,1.7592066995686348
1023,1.5700000000000003,1.4692042423748828,1.1681439351416092,1.8120686508591533
1024,1.54,1.6366669301498113,1.3193520272785988,1.997394280290751
1025,1.63,1.5133905702151824,1.2128621384123028,1.8547337173833394
1026,2.19,1.6916740182132548,1.3697284929551792,2.0573582762172253
1027,2.43,2.5664560899226134,2.1341187182862726,3.05843242859069
1028,2.6899999999999995,2.4357808695080534,2.018493074096665,2.9107560936876555
1029,2.91,2.8393773578511854,2.3692399509745186,3.3751168543863193
1030,2.81,2.9901804113423225,2.493499709725548,3.557475608409538
1031,2.65,2.72657763233681,2.261244287685886,3.2583074510150336
1032,2.8,2.5833435820974175,2.1355463093518146,3.0950921978291976
1033,4.23,2.91304212025072,2.422143621100661,3.474358861049642
1034,5.06,5.034427339718722,4.265599797290229,5.915510999731542
1035,3.59,5.242194274686817,4.43736790503717,6.166149144852929
1036,3.1400000000000006,3.012635219994122,2.4879745067913004,3.6162153356875653
1037,2.8,3.272589861765777,2.6886693035137763,3.9489457104420325
1038,3.0,2.5670633956721627,2.0789141943225107,3.1326066482161314
1039,3.1500000000000004,3.2491258325785077,2.6680287823913553,3.9222815338202093
1040,3.6500000000000004,3.0189786161816317,2.484835061834387,3.6349938607489927
1041,3.6400000000000006,3.918307430804827,3.2694828809089396,4.665732515774876
1042,3.63,3.499428919561934,2.9085404574202673,4.179647191256753
1043,3.5299999999999994,3.6992941308226834,3.095071818008317,4.392668629368509
1044,3.74,3.4607327002892623,2.8923995027695835,4.112048804155814
1045,4.809999999999999,3.8639261511338594,3.2485342014840377,4.568456432672719
1046,6.56,5.266389792128928,4.481201940607442,6.1640566161198365
1047,14.619999999999997,7.354075558593966,6.315491559689876,8.540107847743275
1048,14.410000000000002,26.256279665810027,22.881663173641755,30.107748895847205
1049,9.440000000000001,13.597875324449456,11.810710782731542,15.634359139183754
1050,7.23,9.518269488009622,7.856923282268069,11.491244362914161
1051,5.96,6.713989513498761,5.545379178757877,8.091243240343687
1052,5.250000000000001,5.601622369869088,4.638441193628074,6.729338024063588
1053,5.1,5.069488761384719,4.207814397348715,6.073734010822255
1054,5.83,5.11123143774298,4.268172131308698,6.089204520046786
1055,6.23,6.245068519807237,5.269505927049892,7.372432926529097
1056,5.86,6.23252852837904,5.280236100978953,7.3292201236929255
1057,5.599999999999999,5.6676158291287,4.803561265620864,6.660313867659602
1058,5.83,5.5587804801361385,4.723331550217923,6.516181966598963
1059,6.269999999999999,5.977146109657734,5.096097112597921,6.985530239488965
1060,5.96,6.431680948053645,5.501499956711183,7.494944563777532
1061,5.849999999999999,5.72491290775477,4.889643157217181,6.6786406934465266
1062,6.01,5.915313267943292,5.0681034787858525,6.8808078604752145
1063,6.300000000000001,6.059774811831596,5.206182107634089,7.030769888699242
1064,6.6899999999999995,6.429948110510914,5.559146132794728,7.416359051504051
1065,6.619999999999999,6.835779580816371,5.955324893190911,7.82768850945371
1066,6.300000000000001,6.512385685103395,5.6846499994392445,7.442616844035314
1067,6.02,6.180271622525928,5.378465620130701,7.082868771846526
1068,5.81,5.925066148892163,5.156205002908556,6.789951949922819
1069,5.64,5.7408221331729425,4.993326498495098,6.581546415414494
1070,6.820000000000001,5.579789058583197,4.870368238391269,6.374941791950593
1071,7.219999999999997,7.623297126566852,6.7160193806883575,8.637255904147594
1072,9.41,7.060936243277922,6.220558746030757,7.9991225615207835
1073,11.039999999999997,10.867432365862342,9.659127701503998,12.212708854069287
1074,10.9,11.355128104027688,10.135110861599877,12.708816406431575
1075,10.250000000000002,10.713122787347594,9.57050884758023,11.979247017317263
1076,10.330000000000002,9.964128763629978,8.89381774266193,11.150225794751217
1077,13.91,10.872325649241981,9.6681350263718,12.212442097256284
1078,15.819999999999997,17.20439165115018,15.176231352916606,19.486840733068174
1079,17.18,16.457731913944947,14.590354044941074,18.54878014319808
1080,15.360000000000003,18.148160565400918,16.159263700017085,20.367586596271597
1081,13.830000000000002,14.305393516540189,12.753814885994531,16.03200694773722
1082,12.470000000000002,13.304333129904135,11.892852426223095,14.870339590260384
1083,12.999999999999996,11.966765245001735,10.720643291944953,13.345373093517619
1084,15.219999999999999,13.324636176617508,11.972129179354221,14.818158974167268
1085,15.170000000000005,16.323751854696802,14.713430916111212,18.099099358078526
1086,15.110000000000003,14.957000823952137,13.501535788463928,16.55854545407293
1087,16.87,15.122541375539864,13.65874078943019,16.732514964274706
1088,21.499999999999996,17.690050563081165,15.991390468672563,19.55852878518545
1089,21.560000000000002,24.031802525207382,21.78829696863336,26.49618097936153
1090,19.590000000000003,21.130646085892533,19.1738625135039,23.277229799260958
1091,17.820000000000004,18.86240099143189,17.11896308858779,20.77359549857019
1092,15.66,17.204219584927404,15.598341342496909,18.965465455743093
1093,14.720000000000002,14.815330423090927,13.423697575865951,16.341231336551285
1094,14.270000000000001,14.466109519119346,13.109897346810117,15.952677810336525
1095,14.039999999999997,14.110543673683006,12.789785291922248,15.557801682962488
1096,12.98,13.963875569116205,12.644104952487226,15.411305309343447
1097,15.780000000000005,12.496275350273113,11.31553071788068,13.790223215141705
1098,18.120000000000005,17.318889994472848,15.732643967743584,19.055511327230548
1099,16.99,18.867368130880728,17.156324639165984,20.739659556234198
1100,14.38,16.333234459639403,14.805682200097479,18.008418177038756
1101,13.670000000000003,13.352197647295835,12.07924055751474,14.749047232615817
1102,29.56,13.714492099511252,12.397889486365125,15.160476466605068
1103,73.89000000000001,41.45103512779152,30.825731580800998,55.62369076562275
1104,52.879999999999995,121.50344788041338,92.81064477816602,158.97219481943043
1105,40.650000000000006,32.79908682463329,23.666805568459203,45.312371782742275
1106,34.25,49.40845388886396,35.47798874338299,68.65878084291742
1107,32.24,27.708379059910165,20.075922103413916,38.10486213620934
1108,42.470000000000006,35.743526193775885,26.6745043270785,47.78449497040074
1109,44.45,44.54420851440279,33.303498032301704,59.46832096394861
1110,41.150000000000006,43.98068919972206,33.30787787379304,57.97369718770958
1111,37.43,39.88863618240255,30.228502648183575,52.53700712749752
1112,33.779999999999994,36.353594478422046,27.972194925430216,47.15965873658027
1113,31.200000000000003,32.578549120397966,25.03713731714158,42.304259884540976
1114,30.4,30.653177231288375,23.979312813054644,39.11013578851254
1115,32.32999999999999,30.37120438014488,23.83865883380864,38.62180369099728
1116,79.27000000000002,33.54756146487322,26.6121398872172,42.22497307503969
1117,66.65000000000002,132.70773957124686,106.62869318216296,165.10588768363127
1118,51.49,48.3800274287094,36.36786701408903,64.25358024691998
1119,43.40999999999999,63.14917148240737,44.46262603124344,89.51646508609646
1120,37.97,39.74917499735793,28.88512483404347,54.562600865356195
1121,32.95000000000001,38.699241822911176,28.91746814689989,51.67925058281682
1122,29.199999999999996,31.386240095465354,24.03748081869085,40.891936138324745
1123,26.289999999999996,28.982808551510356,22.675337056902148,36.97068681539396
1124,24.010000000000005,25.564509769240303,20.41861607179883,31.946721530211263
1125,22.380000000000003,23.72890047881464,19.299208620942313,29.125239378062588
1126,21.720000000000002,22.041437616423206,18.20495403904078,26.644317521003522
1127,21.01,21.710853852145615,18.202814221881738,25.85975486373134
1128,19.759999999999998,20.791755812192893,17.65229772096864,24.459631219824942
1129,19.14,19.499572309562755,16.767096526364675,22.652286925520283
1130,18.34,19.098486608039547,16.585166022723975,21.97101792565121
1131,17.690000000000005,18.114884029686753,15.844488585641795,20.69129621304275
1132,17.320000000000004,17.621583936704784,15.5055612312445,20.008882003680657
1133,17.12,18.28176291763762,16.073857820181047,20.775183155885212
1134,16.969999999999995,17.758221338960904,15.57141254371302,20.23360738701442
1135,17.409999999999997,16.946893516779244,14.94114067475522,19.20501502835892
1136,17.910000000000004,17.485320050442912,15.46193572912388,19.75740441403683
1137,20.25,17.94381238626274,15.881309898481977,20.25830459152889
1138,23.92,20.51836954067427,18.177968222458855,23.144383926278646
1139,23.940000000000005,24.351099621593626,21.59193937973336,27.447236920283807
1140,23.140000000000004,23.789126374398357,21.092204328929288,26.81527715644093
1141,23.65,23.09189803421993,20.405528541787604,26.115403843365158
1142,22.99,23.736627952218136,20.920738902045358,26.91423980645857
1143,22.27,22.874561055509496,20.111133168980597,25.999719107014396
1144,21.32,22.226089774229543,19.543384648298364,25.259122118187744
1145,20.570000000000004,21.21540745743084,18.66555695507973,24.095873441417766
1146,20.61,20.558046899889543,18.072489385300948,23.367526270378562
1147,22.440000000000005,20.649149134066196,17.615615771073035,24.177016113393023
1148,21.990000000000002,25.016482208619895,21.041603005028403,29.70817246626856
1149,20.319999999999997,20.518045093831574,17.141175994821815,24.52349774856572
1150,18.869999999999997,19.204623033992252,15.980714356515335,23.04061356753802
1151,18.64,17.902171905575216,14.81075525905524,21.59804145303472
1152,18.27,18.887704361835393,15.581856552956289,22.85262371077811
1153,18.44,17.831271462498545,14.6841425041553,21.609893068770653
1154,18.749999999999996,18.78969880147882,15.477141621447824,22.76821099501116
1155,43.04,18.81457715382775,15.589138838005681,22.66713978458645
1156,67.32000000000001,69.03994759452827,58.1835956852445,81.88773607358426
1157,71.02999999999997,79.64904345460471,67.71056324350727,93.66183805089581
1158,73.98999999999997,71.03960957241992,60.832725789639596,82.93136936907057
1159,61.37000000000001,75.62593467045626,65.17490077864088,87.72750536886599
1160,51.10000000000001,54.98485872520937,47.582242596312156,63.51543277912771
1161,43.349999999999994,48.51517669359963,42.07415727209919,55.9193427862253
1162,38.61000000000001,40.39587453422185,35.17990348874677,46.36381977873526
1163,35.17,37.125648235411695,32.43054067683538,42.48015389345923
1164,30.960000000000004,33.82410860014564,29.62934285236204,38.59335809586971
1165,27.59,29.153051153323766,25.60215096452172,33.17793151642264
1166,25.290000000000003,26.341850421733174,23.253176351719347,29.823871217653256
1167,24.960000000000004,24.41419142894877,21.627726070937506,27.543792865550326
1168,25.400000000000002,25.069782827181744,22.299531315809404,28.169409781014316
1169,27.4,25.621966589449038,22.924100116978405,28.62406534098942
1170,43.87,28.546480684729307,25.580941330091886,31.842874524717374
1171,43.76,57.589262927621164,51.74326842134044,64.08321977659277
1172,39.17,41.11664313617007,36.95466640183735,45.735007766360795
1173,36.46999999999999,38.06341484727036,34.21047201644304,42.33796998851178
1174,35.01,35.548397733840766,31.950714106450704,39.538890070655924
1175,31.739999999999988,34.57434997725462,31.122624616167883,38.39697927632072
1176,28.740000000000002,30.322350311084,27.325978358395652,33.63568377398957
1177,26.8,27.708592852969993,25.001872902290796,30.697074541310762
1178,28.83,26.14393120527437,23.624957222299773,28.920579947625065
1179,31.769999999999996,30.142286387527143,27.39198654366134,33.15900468786609
1180,31.049999999999997,32.93684947169215,30.018955072090986,36.12922467528674
1181,29.809999999999995,30.34998096126431,27.76610633254647,33.165948457183234
1182,30.799999999999997,29.42533422740747,27.015566592584964,32.042378771467106
1183,30.499999999999993,31.45973837598558,28.976744399565884,34.14840041978306
1184,28.879999999999995,29.99871538632498,27.65611638789986,32.532818704216766
1185,26.370000000000005,28.331230843539636,26.170933632144312,30.663288219850358
1186,23.220000000000002,24.5356281375048,22.756362815068208,26.44815397259939
1187,21.030000000000005,21.854118890417976,20.300198344603967,23.521403125322447
1188,19.750000000000004,20.26470405891399,18.842692808488316,21.788622647010698
1189,18.18,19.290741130362754,17.945842693556283,20.731109155647314
1190,20.939999999999998,17.43861980229915,16.2406986326374,18.719775135453983
1191,18.209999999999997,22.57008181183832,21.04839852635076,24.196784970699674
1192,15.8,17.288057641101773,16.079962018957996,18.58160398208339
1193,14.339999999999998,15.288831044128141,14.175911876763399,16.483365674415033
1194,14.58,13.971520423171816,12.91988712316911,15.102603548298017
1195,14.780000000000003,14.753238390719833,13.631716246498808,15.960725291144975
1196,15.700000000000003,14.791465950595308,13.664246590856784,16.005333027084692
1197,15.450000000000003,15.975498528574153,14.757836921112949,17.287252986323615
1198,14.689999999999996,15.311893589903256,14.133094707877406,16.582515514808897
1199,13.950000000000001,14.52020224675068,13.41169222490061,15.713975987070874
1200,14.270000000000001,13.790426624688529,12.742680758784728,14.918052931591207
1201,15.04,14.517935275349032,13.450904479878037,15.66375385327813
1202,17.240000000000002,15.347980096729003,14.242521853084217,16.533611289458
1203,17.440000000000005,18.32529431396141,17.03252215278019,19.71074679165995
1204,37.05,17.440771184148574,16.21565945012491,18.75306510048658
1205,57.039999999999985,48.054128396234425,44.69743896561391,51.65738227748242
1206,57.22999999999998,79.49064227692922,73.90208572365843,85.49616938645839
1207,56.22000000000002,55.746092809454055,51.85956264639397,59.91838236877367
1208,49.65999999999999,56.09093886989558,52.14049364383944,60.33505877629369
1209,43.99999999999999,46.97830102998038,43.614700329203906,50.59549100942019
1210,40.160000000000004,42.01799596945086,39.00606166723656,45.256689614194606
1211,38.489999999999995,38.75603078213603,35.93968470371777,41.78710000443168
1212,37.029999999999994,37.9265621044568,35.14144915432758,40.92629993340189
1213,33.18999999999999,36.442115642882804,33.74005660960934,39.35433907229818
1214,29.839999999999996,31.592784402415397,29.218219667965283,34.15394377215674
1215,28.260000000000005,28.545267412470025,26.38250397459586,30.878853273762616
1216,42.489999999999995,27.698895370511526,25.600426497846094,29.962909393736947
1217,49.24,51.360639322718065,47.57461759747077,55.44175262486316
1218,48.85999999999999,50.66747804730401,46.973605383768934,54.645771594891045
1219,45.190000000000005,48.48494643994242,44.996621841749004,52.237821085837744
1220,42.32999999999999,43.773351061148155,40.5944705798789,47.19517924612212
1221,51.14999999999999,41.47124936989656,38.50156816650844,44.664187695953395
1222,99.33999999999996,56.350045446301685,52.3941303952524,60.59905008932064
1223,153.68999999999997,140.82814945183205,131.18477629927924,151.1750426946926
1224,108.27,177.8516652800835,165.4341592120247,191.19563054185772
1225,77.27999999999997,84.80787653035281,78.68298346924026,91.40356414981102
1226,61.080000000000005,72.68968384639864,67.25872646047256,78.55275152293825
1227,51.650000000000006,54.78921915778821,50.652691942154846,59.25701385943831
1228,49.230000000000004,49.29688716652656,45.52632285357589,53.37302377417244
1229,49.4,48.96090689434594,45.19746343648673,53.03093659324359
1230,74.74000000000002,49.65257172067373,45.8024413639085,53.81942708861576
1231,80.9,96.83478356106777,89.2343024322756,105.07545707603684
1232,75.18000000000004,72.1712901701665,66.1973658072584,78.67630339146989
1233,64.80999999999997,78.64868312416357,71.75100807615303,86.20034115228822
1234,57.360000000000014,56.671621469227105,51.55224751878069,62.289698917276425
1235,50.230000000000004,56.02801726085515,50.980830114291265,61.565271573265164
1236,43.93,46.83546500081273,42.69827817443673,51.364344945348066
1237,38.669999999999995,41.87406073073268,38.24602957752261,45.837478933036785
1238,34.34000000000001,36.49362954906346,33.369603655556276,39.90161384608066
1239,31.040000000000006,32.72543388448603,29.947829994318973,35.75233096813669
1240,28.199999999999992,29.76984938098827,27.26972793983953,32.49107684883077
1241,26.96,27.052759464245582,24.79451175300353,29.508711352801097
1242,28.279999999999998,26.75277993964357,24.54591204193913,29.15029540201209
1243,30.85,29.309765746813632,26.91954844446392,31.904611672144696
1244,37.01,32.05542769599956,29.486825676349117,34.8404417621318
1245,79.15,41.00986792755005,37.66119875767557,44.64858462749605
1246,66.86999999999999,134.16532879180187,123.29488246445206,145.98647076335558
1247,56.68000000000001,49.57701485718623,45.47136226055158,54.04539370982652
1248,49.48999999999999,59.35308530834952,54.490701477249296,64.64153649653008
1249,47.07999999999999,46.59263732990358,42.861296307988866,50.641408683198804
1250,57.45000000000001,47.1213211164269,43.462382963966874,51.081363877121184
1251,74.18,62.515196075251495,57.77371021563015,67.63919459358553
1252,78.74999999999997,80.4485405025356,74.40533164417835,86.97607019748912
1253,69.49000000000001,78.38852740576732,72.60319407093534,84.62859755219557
1254,58.15999999999999,67.00540623726225,61.99654659976973,72.41252063985317
1255,49.089999999999996,54.34632147265273,50.19333941007319,58.83620791011497
1256,45.050000000000004,46.46284793350438,42.82010729806657,50.40840752935252
1257,51.03999999999999,44.16895690158978,40.60719593032066,48.03562044879075
1258,54.719999999999985,53.225524355776386,48.82781791873881,58.01136382199664
1259,110.78999999999998,55.27908581730555,50.48513915603944,60.5194122488858
1260,220.17000000000004,138.5938883459079,126.24155779961666,152.1453559710231
1261,145.27999999999997,307.65540982791646,280.5744841603677,337.3408915765965
1262,94.60000000000002,116.66616502628688,105.80283939680409,128.63444108965962
1263,72.20000000000003,91.01332895827267,81.91752416857013,101.10691637115362
1264,59.03999999999997,65.59052520015395,58.90175654722757,73.02617722797932
1265,50.5,56.696543197270245,50.821498796944454,63.23764603872766
1266,43.73,48.00074160469992,42.92798305562497,53.659297122067876
1267,37.34000000000001,41.98528059640101,37.39936771223666,47.11887429496698
1268,31.439999999999998,35.4114206807901,31.515322878487503,39.774362319822686
1269,26.410000000000004,29.792018528812193,26.48866880172954,33.49233616649554
1270,22.500000000000004,24.99423446308642,22.21153597069832,28.110534786448316
1271,19.3,21.4328399218696,19.051426959003443,24.09708201761004
1272,17.029999999999998,18.37749263901451,16.32999547369567,20.6668966558586
1273,15.170000000000005,16.44025251796485,14.60742356077895,18.48831635829578
1274,13.790000000000001,14.599903500397149,12.986023785200059,16.400012538175606
1275,11.660000000000002,13.642361370593367,12.063707493646326,15.411784067526007
1276,10.340000000000002,9.918273148390288,7.925389961049163,12.356132232103349
1277,9.17,10.592574857641104,8.452201158959554,13.217618686905446
1278,8.250000000000002,8.12522633102966,6.346240600651012,10.335016114927928
1279,8.15,8.325324334451249,6.497885055124162,10.598160455030955
1280,9.07,8.010462610368133,6.170850042079287,10.322010079198426
1281,8.430000000000001,10.059136803622156,7.820820039684131,12.865434992550847
1282,7.440000000000003,7.2937161492107165,5.530987249300148,9.53220974685713
1283,6.669999999999999,7.512664249499533,5.700868960735874,9.814336625491844
1284,6.19,6.051036984248892,4.491244128397724,8.053890410032187
1285,5.700000000000001,6.282295189524527,4.576336021547287,8.510155597233384
1286,5.32,5.27657822415224,3.725163344691042,7.3373698071548805
1287,5.160000000000001,5.342825544422856,3.71320045643946,7.535905964283032
1288,4.679999999999999,5.044547551142815,3.4397012613360882,7.229507560837831
1289,4.35,4.368319989795822,2.980290451783189,6.240391087522375
1290,4.18,4.300567554931046,2.9010554620237685,6.202157641155962
1291,3.67,4.077447257170734,2.787740781382322,5.806292229940329
1292,3.2699999999999996,3.1876858011882465,2.1542651935815718,4.559682301018339
1293,3.2300000000000004,2.9284955765490435,1.983831892628214,4.172234244527651
1294,3.16,3.1467545834268495,2.183332163032584,4.401752847177065
1295,2.99,3.0495152957411333,2.1055131282814545,4.280471681507955
1296,2.9199999999999995,2.8586901614256224,1.958829903960011,4.0322222787985345
1297,2.65,2.834254554481621,1.9537228332171082,3.977280814310734
1298,2.5,2.4824107308010093,1.6859239798107177,3.5150885092632613
1299,2.37,2.352217342593247,1.588728341756383,3.3408807833264893
1300,2.46,2.2391779150363442,1.516226643544806,3.169844394651949
1301,2.46,2.42039704580665,1.66473340141096,3.3903513742756592
1302,2.0599999999999996,2.437086579369118,1.690030082900817,3.3916104244232264
1303,2.03,1.933382582553083,1.2963464375381712,2.747140777613073
1304,1.8599999999999999,1.918262477074045,1.2863299370791488,2.724858668464142
1305,1.67,1.7422949693520122,1.1511337639717079,2.4959154213862553
1306,1.5499999999999998,1.5484872781348988,1.0025416223030001,2.2432721170340364
1307,1.5700000000000003,1.4276357348743383,0.9200415886545796,2.0694206292523747
1308,1.5899999999999999,1.45870519180869,0.953320926070593,2.0948479277227245
1309,1.46,1.485303414869544,0.9828520367376183,2.115075128916215
1310,1.46,1.3631639151238897,0.8922652468364776,1.9512478227246466
1311,1.42,1.3880210865109022,0.9032268206265848,1.9963032507829377
1312,1.3399999999999999,1.3629219274057647,0.8775243299854933,1.9738096842974682
1313,1.3399999999999999,1.280809824786913,0.8124422028438545,1.8702120534834399
1314,1.4500000000000002,1.288734892609468,0.8195399346133636,1.8789186260763047
1315,1.29,1.4293097934161345,0.9333339303279984,2.052522887955688
1316,1.13,1.24137134265986,0.7807823502457578,1.8210889977675033
1317,1.0700000000000003,1.0692973115583864,0.6453719233962794,1.6024458681561384
1318,2.21,1.009733166335948,0.5976155815347219,1.5281597441549062
1319,2.6800000000000006,2.8278876742722967,2.0883526555350285,3.7445112916702596
1320,1.9699999999999998,2.6677752781650326,1.9942072501017334,3.4928671823440105
1321,1.69,2.0311093450043884,1.4036886798254091,2.822301922244054
1322,1.5300000000000002,1.6566345835992182,1.1382338957494667,2.3007180948750285
1323,1.44,1.5050213095764842,1.0363326104432597,2.0815848694120462
1324,1.25,1.428825235023158,0.99431834205466,1.9579991809169335
1325,1.19,1.1939639983972241,0.8076385254270586,1.6628543033104144
1326,1.21,1.2087263279889893,0.8317239708404376,1.6633226783145547
1327,1.17,1.2035456401467561,0.8371320140620191,1.6430399944278897
1328,1.1600000000000001,1.1595322002968538,0.8112428926489903,1.5747950995674374
1329,1.2000000000000002,1.163667848897398,0.825597887888224,1.564342669002324
1330,1.29,1.2123003620786665,0.872982318647511,1.6130908142195253
1331,1.23,1.315199687784519,0.969400665742373,1.7217161482460481
1332,1.12,1.1906243146288182,0.8674991959871767,1.5696583421050812
1333,1.17,1.1058196388477195,0.80426141876625,1.4577792914227619
1334,0.99,1.201454333826001,0.9000052720719369,1.5507303875195726
1335,1.1,0.905318157962175,0.6538188807280185,1.1950633925900815
1336,1.2199999999999998,1.1986111516038203,0.9192764411998542,1.5186007039896365
1337,1.15,1.1862158172213628,0.9186964285411325,1.491034813205422
1338,1.1100000000000003,1.1492576180724976,0.893817703346133,1.4391515089762543
1339,0.8999999999999999,1.0971436277331397,0.8566999872076866,1.3687248481947458
1340,0.81,0.8461311614393716,0.636037044996375,1.08320482452464
1341,0.74,0.820301025240364,0.3656733467940223,1.426272600449951
1342,0.8500000000000001,0.7061422155353418,0.11171135564137047,1.618414613523914
1343,0.8,0.9314012166415331,0.14835123861242572,2.248405656924094
1344,0.8399999999999999,0.7086137112778406,0.0,2.163569193136459
1345,0.8999999999999999,0.9543413966310266,0.0,2.8242964079553015
1346,0.9199999999999999,0.8153682483839269,0.0,2.861361703823126
1347,0.96,1.0137956678522664,0.0,3.4412208504847195
1348,1.0099999999999998,0.8915927732292837,0.0,3.393884513156415
1349,1.08,1.0607128811777482,0.0,3.2753176081963984
1350,1.1600000000000001,1.0891665584099366,0.11064968921744778,2.9297871787581204
1351,1.2000000000000002,1.218796836783477,0.2852688643663377,2.8303731922639592
1352,1.37,1.2278950203300045,0.3882856400295236,2.5752845657221353
1353,1.4500000000000002,1.4203067396843565,0.6027932276122356,2.6547975205063183
1354,1.3399999999999999,1.4862233299981904,0.7330593233921616,2.5667021683530487
1355,1.2599999999999998,1.3289340309180617,0.6946354177082745,2.2006493335913277
1356,1.17,1.2480431372780894,0.6965282351224933,1.9788469430915332
1357,1.29,1.153723248579439,0.6773616374999678,1.7653689745671568
1358,1.48,1.3033164979053966,0.8414063212239091,1.881095187072554
1359,1.35,1.5153745765736755,1.0609435502331528,2.0700060949061005
1360,1.27,1.3275727962080022,0.9429556001323145,1.7883267745689104
1361,1.13,1.2810178374851846,0.934045324197087,1.6902380775825998
1362,1.21,1.1081549910737203,0.8158348002601159,1.4475340299417074
1363,1.15,1.2190358147051201,0.9364001366793973,1.5429248086028635
1364,1.1100000000000003,1.1423703625083848,0.8904872458675497,1.4278136655971245
1365,1.1399999999999997,1.105505633517701,0.8763360937475371,1.3626651896465942
1366,0.97,1.1476815121155233,0.9320041848034291,1.3874357590752942
1367,0.94,0.9417470896678033,0.7592723606110843,1.1431484087681225
1368,1.1600000000000001,0.9314898418895183,0.7611290330567462,1.1183303093057289
1369,1.4900000000000002,1.1989278410106734,1.0164675137564325,1.3978981148891996
1370,1.81,1.6051281448273897,1.4044432177125397,1.822563078627533
1371,1.5700000000000003,1.9302945731361016,1.71784074426975,2.159355934837164
1372,1.23,1.4595663379979307,1.2848747165120677,1.6476141240020592
1373,1.1,1.170978105690672,1.0169917407533022,1.3367204932767858
1374,1.1600000000000001,1.0723656621001272,0.9219860883105986,1.2345111983753667
1375,1.0899999999999999,1.212072405792107,1.0513739644402214,1.3853594777401566
1376,1.0899999999999999,1.0265518887991454,0.8785554627556733,1.1862077747605646
1377,1.08,1.1235167008661393,0.9696731838365209,1.2893763370805367
1378,1.1600000000000001,1.05872030660893,0.9108158717665678,1.2180731087007306
1379,1.0,1.210944655937361,1.0525099492907617,1.381609050571036
1380,0.81,0.9138196943949035,0.7829022619736656,1.0543503145254869
1381,0.75,0.7627213292141073,0.6460904747371943,0.887615858394676
1382,0.8199999999999998,0.7424455466324085,0.6304254135686771,0.8621621435191309
1383,0.81,0.8602357972128689,0.7437218079454411,0.9845351508848432
1384,0.98,0.7889210652690808,0.6796225309517443,0.9053320128720075
1385,1.1399999999999997,1.0734978564299031,0.9500053742077603,1.2048110315419729
1386,1.12,1.1769041994711196,1.0499002574601484,1.311776817642126
1387,1.19,1.0961185658807389,0.9763757556603789,1.223116241760326
1388,1.15,1.234200733575467,1.1086366873088411,1.3672418050734851
1389,1.27,1.116393401073346,1.000379855749507,1.2391352398560112
1390,3.21,1.34549437186103,1.2197141378155858,1.4784019503725938
1391,7.890000000000001,5.697606897045052,5.31296124438392,6.105688821906133
1392,5.6899999999999995,13.372460292850525,12.46774886826325,14.33794674151829
1393,4.990000000000001,3.476711565665364,3.1715792333482504,3.804162961103941
1394,4.63,6.181895472366431,5.34519531116857,7.128925911107727
1395,3.99,3.9413128400523005,3.4003977006500543,4.548719512251987
1396,3.7,4.145036952667524,3.612051068068686,4.739616681087471
1397,3.16,3.5328129098705174,3.088268334402372,4.025695770258761
1398,2.7699999999999996,3.031904919324635,2.654382107162769,3.448428435168597
1399,2.7799999999999994,2.673205724518152,2.3441632005728508,3.0346237564965977
1400,3.6099999999999994,2.853394137226728,2.5218278106574328,3.2161761378224414
1401,10.36,4.005760036744979,3.5877564430626654,4.4618491318046685
1402,9.349999999999998,17.801998104581585,16.246387896375918,19.497923092578457
1403,9.05,7.4465571246061,6.7693820431127625,8.182754415131106
1404,57.51999999999999,9.910719610077924,9.052727969944176,10.841940094833785
1405,43.940000000000005,97.7653336079962,80.81519443277605,118.2271336678629
1406,26.759999999999998,43.956290517544,36.963597066244226,52.23700105580544
1407,19.72,33.342773037046726,25.08838920448648,44.20884944752645
1408,16.41,14.72342060155961,10.88474804569861,19.801951750506525
1409,13.750000000000002,20.320563431030095,14.227570581058616,28.851539521478706
1410,11.639999999999999,10.827658181105617,7.60203279670443,15.262841743950332
1411,9.979999999999999,13.911791254643813,9.576565616114696,20.02398136530034
1412,9.160000000000002,8.139614043279726,5.659683836066435,11.543019596175721
1413,8.400000000000002,10.82974933657042,7.486899592830596,15.489292448364377
1414,7.690000000000001,7.05940147306587,4.962314659087094,9.894083224048023
1415,7.23,8.883018801918643,6.219405848074874,12.5293766127753
1416,6.759999999999999,6.293211002822649,4.516130099232546,8.642797717750303
1417,6.490000000000001,7.373018925463187,5.456596858726825,9.858265965824785
1418,6.38,6.073682872287178,4.601290593867142,7.933117919729881
1419,6.269999999999999,6.692670765110697,5.201606366377246,8.542234705708672
1420,6.37,6.021585070950283,4.760146972368115,7.559270647971427
1421,6.410000000000001,6.592886156001809,5.311963149898761,8.133754239190797
1422,6.550000000000001,6.483890356450947,5.2555544726743015,7.953421333318728
1423,6.639999999999998,6.676887762544931,5.489903352164933,8.08096816250005
1424,5.9399999999999995,6.572052981154894,5.468502041586814,7.863873889317256
1425,6.02,5.887248281903048,4.930065083600447,6.9989322592353
1426,6.300000000000001,6.080645502151916,5.138511931351339,7.167376929103282
1427,6.300000000000001,6.312952333738355,5.368003827461661,7.39812181093593
1428,6.660000000000002,6.290942097187823,5.38142581840576,7.330087691566355
1429,6.9799999999999995,6.760877565583147,5.806498637569513,7.849075537239711
1430,8.709999999999999,6.952591028170678,6.002817399463847,8.03117994568627
1431,10.44,9.08953978211776,7.876920577379087,10.467807121576502
1432,10.569999999999999,10.287974594151647,8.998801030192272,11.743364934801873
1433,10.8,10.435355475893118,8.958258365011961,12.131548717342568
1434,10.970000000000002,10.605453736619761,8.959446163235262,12.523498618829775
1435,10.340000000000002,10.961780712277177,8.99874986199384,13.31020875444463
1436,10.060000000000002,9.93625558942231,8.258741713743941,11.917704156238699
1437,9.9,9.880867007803081,8.295263482318251,11.736945764550844
1438,10.03,9.7318114488342,8.251666129457469,11.448760619086743
1439,10.789999999999997,10.113096698969915,8.65348972542752,11.793396145163102
1440,13.7,11.40414888875538,9.834099183889824,13.201726146572817
1441,16.089999999999996,16.674874891426857,14.49268175687728,19.164436817977954
1442,15.649999999999995,17.708179516087416,15.45748298036375,20.266677366384066
1443,14.780000000000003,15.15057723304804,12.368901263856346,18.511038327872907
1444,13.920000000000002,14.408434238951443,11.115671690618436,18.596094360986452
1445,12.800000000000002,13.48292599144775,9.878094263202547,18.28234304636373
1446,12.070000000000004,12.198337364433307,8.716315653676432,16.928206060234828
1447,11.580000000000002,11.890245149781943,8.268411672050897,16.927388845116944
1448,11.070000000000002,11.303257251820604,7.725413910997942,16.348190074247587
1449,10.42,10.841945863641554,7.262598977875275,15.971861058840574
1450,9.839999999999998,10.043216547129546,6.6596937736171995,14.921345593063457
1451,11.479999999999999,9.615182140748296,6.32925464910149,14.374290739792414
1452,11.94,13.23383883090223,8.665385806698847,19.961622424185226
1453,13.379999999999999,11.167986455955573,7.158797842451458,17.147268415199633
1454,17.079999999999995,14.30141731427011,9.73390080775286,20.81251494855772
1455,22.830000000000002,19.36584692008259,13.389493790408249,27.82434412312082
1456,67.46000000000001,27.77467195758435,20.086022166379973,38.26685364045306
1457,90.64000000000003,259.9753324405869,135.75507247752577,497.0299663375754
1458,59.60000000000002,127.16902713248703,71.3508239093072,226.05062124351275
1459,45.13999999999999,61.74815291306666,31.575659009590787,119.86726143720941
1460,39.04,38.95216770664032,20.018073424328048,74.94300734585731
