step,true_value,prediction,lower_bound,upper_bound
80,252.68000000000006,264.1640017435962,189.70981937150793,367.6855142141805
81,231.02999999999992,270.2776145809237,194.04554443043529,376.30441055506014
82,243.65999999999994,235.9657788659238,169.12642633639783,329.06500849257094
83,254.97999999999993,268.830577328688,192.5381501885387,375.19735638996906
84,307.73999999999995,266.9102125228334,190.967874178877,372.8952795150947
85,493.27000000000015,332.9498839090289,238.6945565525227,464.2693267918109
86,521.0299999999999,528.2464343105457,379.5778028975727,734.9908699294593
87,488.5199999999998,440.4236326668676,318.3366575888057,609.1862058308344
88,529.5799999999999,456.2947289501185,330.3617897309405,630.088060259943
89,410.3600000000002,507.8881992036368,369.6106063643115,697.7581975302528
90,388.1800000000002,345.68411777515814,251.03452599120462,475.87862226357845
91,399.3600000000002,395.12624844955474,288.4794195276551,541.0627309767269
92,448.7900000000002,380.96374278670146,279.36305804053734,519.3834692890618
93,467.37,447.5710051911875,329.1565518422526,608.4561673105081
94,456.78999999999996,435.76006800842055,321.25414701536215,590.9531486979638
95,484.80999999999983,434.2515869639991,320.71708160826216,587.8526123874128
96,479.44000000000005,474.51670811395826,351.1542139925978,641.0940903472712
97,488.70000000000016,449.70718738327713,332.971541787924,607.2463424022485
98,594.1199999999998,472.3747385697272,348.0288504668952,641.0204026578357
99,706.6500000000002,599.6504574843938,434.95997172026193,826.555269931319
100,868.7399999999997,689.4911286267376,499.0923937801756,952.3798246925587
101,948.11,879.5697923348632,631.2487175240899,1225.421086640037
102,946.8400000000004,891.0716560415317,632.8962767057967,1254.3975606990716
103,963.6900000000005,904.8382061737457,641.5611023996676,1275.988060278972
104,958.3499999999999,932.531698855076,654.3171826055128,1328.8620208648763
105,874.9899999999999,917.0612199166137,636.8481176680068,1320.374760179928
106,783.8399999999999,805.2179405421339,556.1468041056196,1165.6357284332196
107,786.6500000000001,736.122759776459,505.5230432322911,1071.7053196102738
108,706.5000000000001,785.032001403575,539.9072767116511,1141.2407015608953
109,707.7400000000002,647.8924701358244,447.0075487651744,938.8534443437991
110,719.0099999999999,714.7851005813264,495.3304949001275,1031.272478678376
111,738.7400000000001,700.5005018920173,486.1215381979866,1009.2262280891815
112,897.4900000000001,737.3372492053985,514.8822519054484,1055.7176745287782
113,1108.7800000000002,962.1691450504238,664.8390849054898,1392.2717724265808
114,1218.2699999999998,1151.649274623502,787.7713919817174,1683.3921620332803
115,1335.3099999999995,1200.264981116998,808.8423057655489,1780.874748435017
116,1445.4299999999998,1358.9680563449854,887.3587617730192,2080.9439103492728
117,1482.24,1444.9000669455775,955.0594505394196,2185.712345569797
118,1412.2400000000005,1456.8991338770832,971.5081252653503,2184.554885702998
119,1368.7899999999997,1349.6299258648623,913.720561658464,1993.271554729562
120,1345.1399999999996,1355.2938669210046,869.3055872937348,2112.663384797592
121,1241.4599999999998,1308.9173670676441,819.499393884841,2090.2672469155505
122,1112.4699999999998,1174.5208249501663,691.2561084189381,1995.1531477816227
123,1047.1599999999999,1052.069614429231,621.2596788122563,1781.142810459547
124,1014.3000000000004,1027.3264525715315,602.691115457344,1750.6495869866224
125,986.63,990.6506279299697,600.0425974042732,1635.1086088087502
126,1038.4899999999996,970.6908898254707,594.8905627488264,1583.490918960563
127,1108.8099999999997,1072.889638975663,672.4569754532153,1711.416678026368
128,1130.2199999999998,1114.6841232151467,688.4140653845727,1804.520260309741
129,1189.6900000000005,1122.3779771535392,689.9630910559955,1825.4044720896784
130,1228.8600000000004,1217.2916368174506,743.1631888097796,1993.5013871396127
131,1257.03,1210.34863315248,744.3680700148204,1967.6455190000365
132,1347.58,1258.3510782440821,787.9798145583374,2009.1466590274417
133,1379.6500000000003,1376.7760170355632,851.6062032693321,2225.4285033810993
134,1626.4499999999998,1348.4736232264747,832.8707249288525,2182.8865490083817
135,1829.5300000000007,1791.7492637896478,1066.3747518073974,3010.0792084749096
136,1959.3800000000008,1788.1199465117425,1030.6760254798094,3101.6699312097444
137,2026.039999999999,2013.1606281759023,1140.2649709956088,3553.6898741270065
138,2048.6299999999997,1965.4559461318413,1090.3014285019099,3542.428870413604
139,2040.0499999999995,2070.0468199049706,1071.0901277218716,3999.815621120272
140,2025.7700000000004,1990.8318034239285,1043.6135227882414,3796.9538332429497
141,1886.9599999999994,2022.371693653449,1050.6002354611114,3892.145772150628
142,1756.1999999999998,1774.929437927851,905.3413983255132,3478.842556376306
143,1664.5,1719.27783048904,868.6635775026609,3401.8742730265994
144,1584.8300000000004,1611.5691643305686,839.5289807058058,3092.7414050449634
145,1549.2199999999998,1550.4098720427776,822.5317809640771,2921.6225953953517
146,1467.0499999999995,1535.803754750192,824.2675312041796,2860.818369575433
147,1455.7499999999998,1420.7907796743368,767.9770117116252,2627.8029295796932
148,1365.61,1473.4572015506615,805.7268122518099,2693.8701917273247
149,1356.9599999999998,1313.1810575084044,722.5960011964208,2385.7902103636593
150,1451.77,1383.4433886089591,792.9483876530695,2413.1159879785387
151,1458.2300000000005,1487.5588426253107,843.6582376845394,2622.318318699164
152,1444.0999999999997,1439.0585166581632,833.1341202937085,2485.133202019731
153,1461.2900000000002,1444.217356992624,840.5232513510427,2480.991086520152
154,1469.7,1465.4355518230864,875.9266192592495,2451.2385116638116
155,1401.1200000000003,1465.0212711891647,896.9994698491155,2392.3403523503334
156,1335.0800000000004,1364.7334780723768,842.8851719155975,2209.286417159875
157,1278.1200000000003,1317.585093364926,821.629989251595,2112.5463952948994
158,1280.4500000000005,1258.4929612817,792.938069399579,1997.0431480226323
159,1258.3600000000001,1294.1363136755313,811.3135982193488,2063.939051467291
160,1237.3899999999996,1245.9107175179604,793.3641808554897,1956.2714567602097
161,1135.2100000000003,1239.9578669898735,796.5411712770945,1929.9052411402265
162,1025.1900000000003,1098.3786414794229,705.8950079488916,1708.777808232203
163,1009.4099999999999,1003.338195787592,659.2972028037058,1526.6381714701008
164,974.4799999999999,1027.795894097382,649.0173734568906,1627.2964654972045
165,997.93,952.8034970899172,598.1846448096032,1517.2984392900032
166,1021.6500000000003,1039.8104097072508,681.125410776179,1587.1043160704448
167,1147.1500000000005,1025.6049291007403,677.579977475357,1552.1222780474823
168,1227.3000000000002,1217.5413819230005,835.963537287738,1773.0833779576524
169,1207.0000000000002,1240.3282894271888,873.1456557141148,1761.745043757528
170,1177.42,1199.7356331833328,865.6531433220606,1662.602182609748
171,1128.16,1175.0423939051987,856.6662935471452,1611.60355299977
172,1048.4000000000003,1113.6737766473914,819.7795944632568,1512.8018010278156
173,959.2899999999997,1026.1414096165647,770.5498192106044,1366.4029195269925
174,930.0000000000001,935.8294474805895,708.7321735665097,1235.5924025347022
175,938.0499999999996,936.8155845320139,715.7245843673389,1226.107440953021
176,909.91,950.1169172834709,736.8745488479684,1224.9853544958105
177,817.7399999999997,899.5940816765392,700.507753288429,1155.1806639324955
178,763.1700000000001,783.38535156663,617.3985821093096,993.9252756267655
179,761.7799999999997,761.0219845067802,607.6764799006835,953.0002350122014
180,767.53,771.6174531098483,624.9209498460185,952.6950776240993
181,693.8799999999998,774.6527403216163,632.891493794611,948.1169694783298
182,674.4100000000002,656.8959994880432,539.0996729372204,800.3838330775695
183,735.1699999999997,690.0437677357813,568.5874013907094,837.3989669724001
184,820.4199999999996,770.9525704933533,637.3154842082832,932.567782442904
185,801.0700000000002,863.6137486546999,719.2598022403122,1036.8990081599927
186,789.3300000000004,776.4117014877319,653.7359049647278,922.0728741577251
187,735.06,807.1537831017558,686.2218299972963,949.3664008232237
188,663.3800000000001,710.6247801044462,609.6403616557367,828.309458493021
189,700.8399999999999,649.8774954703077,561.4973601820027,752.1440040405279
190,586.1299999999998,745.8773073054585,648.6220517946681,857.6926977413775
191,531.9999999999999,547.6958971425157,475.5591922738164,630.7519259350393
192,556.4300000000002,538.7547412619086,470.9038848685436,616.3612679536767
193,583.6199999999998,576.4321997256636,500.58541044388693,663.7480934203123
194,575.7499999999998,600.4805211614726,516.6539933498141,697.8815347401328
195,627.6300000000002,577.5587761808841,494.1995332834195,674.9502685240716
196,648.5099999999998,664.3017868258955,566.8589385097669,778.465528385121
197,519.6100000000002,653.6200187000043,555.3810857563799,769.204774844613
198,402.0099999999999,473.98202323720284,393.8343770708296,570.3988839376941
199,440.0299999999999,377.5692712367901,304.04683474464184,468.81209703331194
200,468.7899999999999,497.56485179341536,397.50805155344233,622.7437624530804
201,433.41999999999996,470.5122410744478,373.328457299989,592.9270422736698
202,445.9899999999999,428.4286368664267,336.639639483696,545.1709248444513
203,405.2499999999999,473.24357560553864,370.7372536981926,604.0159535146418
204,367.85000000000014,386.4323566648782,299.4091943584251,498.66457022553413
205,366.56000000000006,373.6472099644873,286.46578770165326,487.2686494848145
206,427.4399999999998,378.1271310804445,288.33054731939217,495.79296864086996
207,350.73999999999984,476.45695015355534,361.32695642287683,628.1696911004141
208,314.31999999999994,333.090689506111,255.4770836281652,434.19127415098006
209,317.44000000000005,323.17508915179906,248.92879008046802,419.47772244542875
210,333.6400000000001,329.0215455986321,252.86519744206487,428.02383491996983
211,293.04,349.2982071041166,270.34600758845835,451.2227358010996
212,305.10999999999996,286.91014841297385,220.7411616966975,372.8243857158217
213,234.50999999999993,320.2658149167266,250.1158676169473,410.0123538332026
214,217.25999999999996,233.2537367262178,185.51955440459628,293.20407605715315
215,217.48000000000002,220.55906985289025,178.00960145106004,273.2222821355106
216,236.25000000000003,221.34449811704377,181.1272065759593,270.44256353759806
217,247.44999999999996,243.62167240389078,201.48467611249748,294.5273641370786
218,311.1799999999999,253.40884802561592,211.40916693911979,303.7131293173987
219,362.2500000000001,328.56461246847454,275.4904403664639,391.82672358414635
220,311.57000000000005,375.6300964027873,314.8445393912112,448.1140793182256
221,271.49999999999994,304.2551243498815,254.765810803474,363.32035481653963
222,276.35999999999996,272.8429067108499,227.39417369115017,327.33559781281303
223,252.95000000000005,287.34433251287345,237.39226343809204,347.76322282113716
224,313.6199999999999,254.21291476092432,209.78578602908064,308.00390907658635
225,289.1700000000001,335.56875011411785,276.18491970462213,407.6749151941347
226,351.22000000000014,291.1079972932863,239.8020994560167,353.3452580997112
227,388.77000000000004,360.2757180248868,297.1642664495851,436.74576339605215
228,338.2599999999999,391.63819310198585,322.68453772594023,475.2808621180469
229,248.54,340.86646640573287,278.0538179477614,417.8177094735916
230,205.82000000000005,251.3903208963513,200.76651448461587,314.7157878495255
231,244.62000000000003,216.71467151372224,170.7169659217873,275.0337508753638
232,252.16999999999996,268.49282101249224,208.0652844948736,346.38613229233675
233,268.3799999999999,263.2391146842229,199.91998383940256,346.5130168480982
234,279.46,281.004279498751,209.1282756336739,377.4660270769634
235,253.01000000000008,286.37109378842973,207.7212528589108,394.6575787755619
236,268.66999999999996,260.0117867885607,183.41434908371892,368.42435976947354
237,261.72000000000014,280.76036590545783,192.2122525205509,409.8895929709909
238,267.8100000000001,267.59566874817745,179.50099230826888,398.68552165669024
239,260.4900000000001,275.29701096299493,179.65940302224556,421.5633262924333
240,232.71999999999997,265.8211238855628,168.88323557581384,418.0732058419226
241,229.12000000000003,244.31904600235342,151.12225461093755,394.61229542266966
242,221.77999999999997,246.26374886775724,149.64744644950326,404.84399500346734
243,246.43000000000012,236.66854210803834,140.72149930756723,397.57280782199786
244,256.55000000000007,262.23181682211276,153.62655965798862,447.11828925594597
245,280.88,259.46154901644826,151.7152055394969,443.2270059251048
246,316.47,280.8265667833678,164.29078657722286,479.52414408344913
247,279.23000000000013,303.81950118954313,178.03601549071837,517.9733923131171
248,258.42999999999995,266.3831264668609,155.66784685919092,455.33956011057006
249,232.39000000000004,263.3071900178079,153.737897042816,450.46206604953295
250,208.45999999999992,242.9096476439946,142.71420163111011,412.959897759605
251,283.12999999999994,223.84311970323773,133.38526322743675,375.19027015131115
252,272.2,291.46432364624496,172.74334283697164,491.30882294072023
253,399.7099999999999,264.01230952096915,155.48807866525505,447.7979199225189
254,389.77,348.8789710554541,206.0440259816364,590.2524826854014
255,362.95999999999987,334.17855035365653,199.99604573973116,557.9396557714036
256,349.50999999999993,330.22390897491005,201.63001782878425,540.4265815705562
257,320.54000000000013,323.09362992366624,200.69036825041243,519.7818393523288
258,336.2,305.11613195710095,193.10502839039415,481.76485684805994
259,354.3100000000001,323.21755798326325,208.64477744226767,500.40540674130546
260,387.99999999999983,333.06731957475444,218.37087273729796,507.73195978714114
261,377.61999999999995,363.05379620852085,243.8997119363635,540.1813900715168
262,463.84000000000003,359.22435771431236,246.25393443923008,523.8110133615755
263,549.0799999999998,436.2628438333715,304.7797767439562,624.2826679160905
264,555.3900000000002,524.7064982614493,372.76478979984694,738.4150809719433
265,571.9699999999999,532.4674661108473,383.4401819572279,739.2648077780556
266,575.1599999999997,551.578854791522,401.6011036878444,757.4266112679538
267,564.71,557.2445950544143,409.50657886784234,758.1523350659741
268,552.2700000000001,547.529908492763,407.85821430186326,734.9154102476539
269,455.30999999999995,536.5796280282458,402.2139183948347,715.7209346875788
270,437.2300000000001,440.37773054793354,331.8436906166916,584.3026706400623
271,530.3199999999999,427.3434817781177,325.27499619559535,561.3420137037076
272,558.2500000000001,518.7866481226295,398.30148796369934,675.6269791389313
273,540.6099999999998,543.522587914051,420.43022962945383,702.5680592000242
274,454.71999999999997,525.373591389382,408.97717391809056,674.8160584020998
275,533.92,440.2304921774076,342.3675835752319,565.985226735773
276,651.85,519.1341448647829,405.3099237544173,664.8452398955903
277,721.31,631.8980839947077,495.1619353142699,806.3170394872323
278,814.6099999999999,696.8386015821048,543.996351305205,892.5449066618672
279,790.3,794.0886287517939,618.3964080208669,1019.6160697481972
280,839.3899999999999,762.3360896251527,592.5922356187062,980.619958550982
281,826.7599999999998,821.0693705516784,637.9502728289353,1056.6692408427261
282,796.7599999999998,807.3404486232272,626.9479677643969,1039.554814130011
283,841.5699999999997,766.6600615829402,593.1252811648079,990.8816600333383
284,854.4900000000001,838.8629098807766,644.5027068875344,1091.744770652529
285,866.4900000000004,831.7212052624209,630.1347014634963,1097.6951027819616
286,880.0300000000001,851.773595542294,641.9534328318236,1130.0660587830635
287,868.1200000000002,864.8334028525256,648.995366068597,1152.342809240994
288,869.1799999999996,845.1601717674275,629.2678327432695,1135.004408108718
289,885.0799999999999,857.2558147886982,629.4111457048023,1167.4486364768932
290,912.9799999999998,874.1719103811787,644.2245396574011,1186.0687266899836
291,898.3800000000002,905.3957289269026,653.7881951950781,1253.6854440040256
292,890.6199999999999,865.519329094731,627.405659638707,1193.8583469577227
293,904.5199999999999,876.9921482086969,626.8425991375152,1226.8080738310657
294,914.6899999999999,892.5329145063408,635.7785205547699,1252.8128148710452
295,911.8000000000002,899.6674316069098,639.2783330295696,1265.951855951565
296,888.2599999999998,893.974982613157,633.9339210623707,1260.517447616
297,815.3199999999997,866.4258587752987,613.5676205328658,1223.3203112778153
298,738.9499999999998,782.8343643716162,549.7650395143431,1114.5325169361176
299,781.3699999999998,716.0510391456592,506.8368797080697,1011.4554030724117
300,770.6900000000002,803.3322592843341,572.0379456500034,1127.983496182959
301,656.0100000000001,757.4045142394633,543.3005505351816,1055.7275867225474
302,605.6000000000003,618.4145191356195,446.9886883615595,855.4375764022809
303,644.8599999999998,613.9090019526192,411.1185983480409,916.4860882231857
304,652.9400000000002,688.8417495223823,451.065962156653,1051.6818633144414
305,579.58,644.565843057751,411.51155735585854,1009.2874702328527
306,602.8399999999999,548.6936704863649,354.78749774430423,848.2797900108607
307,581.6400000000001,628.9385699199571,413.0207727437718,957.4606087346864
308,576.48,578.2379612040955,390.50006277826395,856.0027123850186
309,605.2400000000001,583.7601473926504,404.1180333667588,843.0612409596374
310,565.89,625.1157916770125,432.90826067880295,902.4651333303893
311,525.9300000000001,551.5002560953745,383.5162009117848,792.8717075161314
312,478.7900000000001,525.9546476269902,367.0759417570928,753.4127967997914
313,429.6499999999998,467.3727816723783,329.90998120171537,661.9387902258422
314,452.3000000000001,419.21239841624606,295.59419887050296,594.3537205217909
315,466.22000000000014,475.74005285481354,334.3995672537182,676.6427288115136
316,441.91999999999996,466.9652564971962,330.3106906165901,659.9852549005578
317,425.28000000000014,437.0286896715412,309.02448146355846,617.8838122382939
318,394.60999999999984,426.07446702702174,301.43103341584924,602.0882423882105
319,354.84,383.8785637802757,271.26418011694017,543.0727046574536
320,403.6000000000001,343.4064674794743,242.14408534754804,486.84166257691106
321,406.38,456.4338220134365,320.99427810810016,648.8429187973712
322,384.66999999999985,404.9243560311542,287.3851501587908,570.3698598162179
323,360.2400000000001,383.9751826866722,275.2364224950558,535.5182836716228
324,315.11000000000007,356.6244162604981,257.69740507032174,493.3815461577446
325,292.01999999999987,302.47793016761625,220.97351824245797,413.9091965025419
326,252.7800000000001,291.59338107650393,214.71562968357568,395.8691873433525
327,281.85999999999996,239.5477748946874,177.88457332968832,322.4668643010482
328,358.96999999999997,297.6883465305195,223.96990962341079,395.5629381390472
329,365.60999999999984,393.4260076780044,295.9614982317803,522.8789420821967
330,362.8400000000001,359.38327998723025,261.92168196569423,492.97260630373006
331,319.31999999999994,374.10563145256305,275.6855708445599,507.5347758393688
332,279.6299999999999,304.4477404931056,226.87980404123024,408.419002990994
333,259.4799999999999,278.7771418049902,209.16598392519754,371.4449009999134
334,310.59999999999997,259.9280536040079,196.40839867387794,343.8862845498842
335,432.3600000000001,345.99623179231554,265.7500883420656,450.3827366522325
336,545.39,484.3535022267288,375.9591632895922,623.916556127806
337,511.31999999999994,575.620116912826,439.621367025333,753.595178788606
338,437.1400000000001,457.419807772166,352.5954971541309,593.31955963587
339,417.5,421.43774141994186,328.69112503335447,540.2752477274835
340,393.28,413.84893728049616,326.18722291928077,524.9974372691662
341,363.71999999999986,382.2003534043987,303.53371947772627,481.1880187884946
342,384.73,359.8535654802075,287.1496317362446,450.90165586944045
343,463.6,407.1525161309905,325.0128790893513,509.98740911521185
344,507.8999999999999,484.13115179082354,387.4656772104378,604.8507823083613
345,421.9200000000002,482.71959620239613,386.7258039490349,602.4796894275461
346,350.7999999999999,367.62684190477285,291.8865317027149,462.95355833778274
347,390.42000000000013,349.4175262893232,273.68756054922665,446.02585907133897
348,410.5899999999998,422.08067420983787,329.9535309756181,539.8531414128892
349,339.38999999999993,387.3034848342145,300.01251233331584,499.90806912183916
350,380.09,316.60690820666275,245.49028661236284,408.24187937366014
351,505.65999999999997,436.9787998425321,338.3732219726175,564.2344283279438
352,660.0199999999998,496.5579426515873,384.9539097952816,640.4338603979775
353,689.1899999999999,685.4874096504791,533.6917568792969,880.3769008879814
354,430.9500000000001,581.0832946565403,454.00849752055274,743.64754782499
355,370.41999999999996,331.3707001724951,257.84661269663326,425.77893746527474
356,399.1800000000001,416.15168397152553,315.5175005508533,548.7816933895613
357,469.5299999999999,379.0972821393906,283.1948108310497,507.362357029944
358,519.7300000000002,522.7097479327668,381.92055588304623,715.2631931506227
359,565.2999999999997,449.03272673293486,317.4800238615823,634.9251442994859
360,491.65000000000015,573.9190647777997,411.99076836313384,799.3373352751321
361,390.1499999999999,412.4893380824648,293.7549654149469,579.0527650727912
362,415.9299999999999,390.61742570106423,275.579499989168,553.5031649805388
363,473.95000000000005,436.2191723445494,305.76617075482187,622.1476052111201
364,514.8900000000001,474.8960357722885,331.74875890255026,679.6247380478014
365,543.6500000000002,494.01612589918545,344.82581315966513,707.5675955227341
366,533.8600000000001,512.481396439317,356.1066959114891,737.331561709561
367,492.89000000000004,489.9700717217379,339.35340586743024,707.2391630902014
368,470.90999999999997,467.9202333554294,322.5577121206979,678.5887627246091
369,414.58000000000015,463.77983798593954,318.42869634468263,675.2707930446469
370,352.77999999999986,401.380064397316,271.4306635459577,593.3153172149242
371,403.40000000000003,370.53663776218656,247.12916654922535,555.3210287584031
372,576.7199999999998,460.10137991902224,308.48538276270517,685.9936171630003
373,701.4599999999999,584.9615043422186,397.63878675630485,860.3082719943469
374,590.11,617.6767956526278,427.49345693281145,892.2714637437764
375,444.4599999999999,488.3043569493493,337.25763031879853,706.8000088393295
376,391.12999999999994,424.23744676856006,294.0362906998464,611.8970971852654
377,370.4499999999998,408.92230464086884,285.3362403865424,585.8495570635384
378,565.63,389.1710528507637,273.1762618857686,554.2393538215908
379,654.8299999999999,664.3369037568607,467.9433291820081,942.9801527253499
380,681.5499999999998,516.0930179417987,367.2495289551924,725.0978444773302
381,670.1900000000002,643.5914846961126,465.18257101249,890.2778125538432
382,645.4799999999999,568.1593709616856,415.413816505538,776.9338165864949
383,659.6,602.1081706074079,444.07161627158564,816.2605310140877
384,497.76,600.9065697767725,446.45870313787384,808.6647046974728
385,444.3700000000001,443.6826664574217,331.1668063270519,594.3113618854042
386,537.2199999999999,478.14359245167503,359.6491062268235,635.5705008654804
387,648.37,558.1651403443861,421.85452877496925,738.4165910488534
388,748.1199999999997,622.8053194476518,471.8905143347354,821.8819669149447
389,736.1799999999996,692.9505445225815,526.3502909968447,912.1830710340286
390,637.1900000000002,641.0505454487005,488.07655893450044,841.8719295176477
391,581.38,575.2606330685107,438.8282166955214,754.0136726548545
392,600.4,558.71936326522,426.9341498708859,731.0887237172968
393,623.0000000000001,594.3196043780124,453.534696332529,778.710403224129
394,704.4100000000001,596.4600909927611,455.25292211486817,781.369915954662
395,695.1500000000001,696.8069518324111,529.9015163308461,916.1843120564644
396,617.75,619.7136150560212,468.7830128812466,819.1347885120493
397,658.6,585.1845723612248,440.8305678235332,776.7016302130334
398,639.6099999999999,661.595700317993,495.41079391018815,883.4148182630422
399,738.7100000000002,586.0986266768411,436.4137901494237,787.0062430772612
400,784.6100000000004,760.2189479518671,558.2072223668343,1035.206728998273
401,752.9299999999997,690.4451422005428,505.0094070581837,943.836949677014
402,648.5099999999998,704.7573871464339,508.492585420007,976.6265715450037
403,620.0200000000002,591.637328725784,426.39820905373784,820.7605875720301
404,542.9500000000002,628.2258521036805,449.5783283604867,877.7044294745608
405,509.97000000000014,535.7347368123204,384.6678464609492,745.9748394754004
406,524.5699999999999,539.8249192228811,389.22971760588484,748.5369523544073
407,545.4199999999998,546.2668194142828,393.5603219940306,758.0752413172365
408,545.9799999999999,570.3101468635228,411.67641678661056,789.9230346884463
409,533.1800000000001,552.1427273001062,397.9214520393302,765.985267903903
410,425.08000000000015,553.6732581538203,398.0399375388491,770.0065944991326
411,415.3100000000001,428.7965513024868,310.08583119621704,592.8074222190983
412,435.19000000000005,470.34134462963385,341.2529164584547,648.1183930765396
413,445.08000000000015,467.360541578887,339.7116182252626,642.8336269561454
414,542.9500000000002,475.42360255855607,344.3816407080311,656.1844658840752
415,628.5400000000002,598.8644305629475,434.38759475417584,825.4758559732896
416,518.2599999999999,632.0758371774787,463.63407530411104,861.5820552563752
417,417.2300000000002,483.0970113228944,357.25541315516335,653.1420108850098
418,378.7400000000002,424.381859013448,316.09567632823905,569.6470932464821
419,385.54999999999995,395.86363403522074,296.67468460664054,528.1035891337872
420,378.52999999999986,412.70108951863165,310.6863098771854,548.105257578817
421,384.15999999999997,390.1901609166707,294.6740705413735,516.5622661730744
422,503.95000000000005,405.3864765512699,307.0236400063372,535.1600438211758
423,526.3099999999997,567.2463120573418,430.09970660763514,748.0236393518597
424,445.68999999999994,514.2320871151354,391.40247609322773,675.5097566049737
425,377.2899999999999,436.34848088159356,333.4354838001937,570.9300223648304
426,359.05999999999995,379.049317227834,290.3556654551647,494.74283479162204
427,351.8100000000001,378.08417360298347,290.1632961560494,492.55400413944375
428,333.66999999999996,364.5184549029034,279.0221031483027,476.1185537587648
429,366.33000000000004,342.50200881725357,262.8891078772356,446.13338496858546
430,356.31999999999994,406.21828017485103,312.048451692011,528.7158532881361
431,381.41999999999996,349.01157889377714,265.48138429451666,458.7248159905916
432,368.2699999999999,422.7877070710493,321.717559637916,555.5114611861883
433,371.22,363.10856441095683,272.9687387070393,482.9057452433406
434,418.96999999999986,399.16663375523956,302.304822683772,526.9617163817943
435,416.8799999999998,441.0451391620727,336.4237879274833,578.1053033250016
436,446.46000000000004,412.9714659506526,316.78372330821566,538.2736067074139
437,499.9999999999999,465.662284275068,358.8360082601171,604.2025994224591
438,444.48999999999995,493.947328196051,381.8669715038184,638.8380532178297
439,467.73000000000013,408.55890354739273,314.44745894628966,530.7478100322974
440,464.75000000000006,495.18526204986836,381.5225633362243,642.6216784919307
441,457.46000000000004,429.876783930444,331.6305757679803,557.1411224797996
442,425.04999999999995,454.47493098384064,350.86727703736017,588.5899570470921
443,402.66,409.01200198696966,315.6699008485933,529.8677626855979
444,388.56,409.1500527076516,315.7308228244903,530.1231292109092
445,306.23,392.95273116767726,301.6045652494862,511.8764474075815
446,296.3199999999999,304.28501934385895,232.13031647172215,398.7718719996892
447,301.39000000000004,331.96377031662695,253.27809682541314,434.99851394036153
448,427.8799999999999,322.22032083519855,244.67486885954776,424.2424201375475
449,542.1800000000001,454.8357377564008,343.83468712142513,601.5676290006038
450,551.2600000000001,500.6279935910685,377.0562687686838,664.5904550234105
451,436.10999999999996,502.0730717977938,378.25581598953266,666.3134725903667
452,412.98,396.4092952187556,297.6356535025769,527.852285632751
453,332.5300000000001,417.31204042095186,312.62081034922477,556.9507398322511
454,302.4900000000001,331.88044750247985,247.0777950663165,445.67194941743793
455,305.41000000000014,327.20739784748304,244.12711265166405,438.4458647864499
456,317.03,328.86847819683305,246.6712609923918,438.34533410090376
457,296.3199999999999,336.61422427712324,253.50788304874655,446.85789370780367
458,296.77000000000004,308.05059110102803,232.76955595029997,407.5744504737862
459,300.16,316.1987189894768,239.66978015630175,417.06257214022116
460,307.5300000000001,314.5001066186129,239.00120556339084,413.74923862440687
461,308.9500000000001,323.24465327596545,246.3027847692831,424.1249951598182
462,318.23999999999995,320.55982064742443,244.66049048047734,419.90902795385006
463,309.15000000000003,331.8266472016305,253.18533619315468,434.798456144229
464,297.41,316.6303549095501,241.52258337373524,414.99854725484846
465,302.28,306.84528317712955,234.34739297485012,401.67587916104236
466,316.37999999999994,315.30669749844213,241.30211661183782,411.91396163347827
467,332.33999999999986,328.33841945596845,251.8848056166674,427.9059370936229
468,320.25000000000006,341.9037717563672,262.77471137694357,444.7705443821428
469,317.1499999999999,322.47794842486746,247.8334029708418,419.51421500441666
470,319.62999999999994,325.17656204096744,250.14796591813956,422.6193959840501
471,393.86999999999983,326.4678156919205,251.3746206660085,423.90473103455275
472,445.96000000000004,413.1360540737115,317.73758963677466,537.0873698618071
473,440.29999999999984,433.2342576416575,333.3278608714892,562.9954445258779
474,460.9700000000002,417.9624937775445,321.4982342780339,543.2807201262706
475,462.57000000000005,446.364398038107,342.8161388897947,581.0986335261831
476,428.97,438.0226134746025,337.2020734917912,568.8985022537078
477,426.58000000000004,404.2410336544693,311.2292291444677,524.9606725716202
478,436.40000000000015,417.41226986131466,323.1672344807388,539.0571339386854
479,538.76,424.19505260935404,330.1265376524434,544.9871445073749
480,743.6100000000001,563.6321300679634,440.67891439851843,720.812683177875
481,900.2399999999999,800.8223367461634,627.8487735651312,1021.3746737394081
482,939.35,921.9967060816928,723.6744908309907,1174.59391177237
483,970.7400000000004,921.3042043656098,724.7044443045625,1171.164580314301
484,1061.05,979.555040176226,762.6941204551988,1257.996450361444
485,1122.4099999999999,1096.7998841627088,838.5971133481163,1434.4082053256989
486,1276.0599999999997,1121.20507291005,842.847644485322,1491.3834105541023
487,1351.5399999999997,1375.2801128946076,1010.3433052131528,1871.90204956662
488,1381.8000000000002,1313.313487355037,931.2805228374937,1851.8971706775285
489,1380.1499999999996,1411.4195849385133,996.8328031642817,1998.2618779335116
490,1398.2300000000005,1342.3708364569814,932.8443290925994,1931.4904034023236
491,1413.9500000000003,1419.0836360033745,953.1930189573304,2112.448215590796
492,1433.6300000000008,1393.8399720696693,931.3420904789879,2085.764683855237
493,1499.5799999999997,1443.5840192914436,954.5990449730583,2182.785134330117
494,1551.2599999999995,1521.0031428081197,974.3478798036118,2374.0434226444663
495,1561.1099999999997,1554.390272113026,1001.6520759769178,2411.8398639445163
496,1565.2400000000005,1548.2517640531232,996.8013637029193,2404.4697815950603
497,1487.4600000000005,1560.989325456568,990.2552370308149,2460.334439098069
498,1469.91,1420.953362362612,876.138261897233,2304.168355512045
499,1497.6299999999999,1494.7947188993285,878.3468540751176,2543.390567520007
500,1696.85,1480.2535492847546,865.7311214999831,2530.4795128984256
501,1751.22,1858.7781190882897,1025.5018562383234,3368.4772505472693
502,1751.87,1662.2880725029502,900.9144399592927,3066.394299902155
503,1772.4300000000005,1786.4944386114817,978.253890972489,3261.8273397963344
504,1888.79,1747.006625770253,971.2973593786094,3141.5850685118344
505,1962.7399999999996,1965.186327149743,1092.4514519881993,3534.491828230082
506,2093.639999999999,1943.2345833568093,1063.937089199834,3548.5506292872715
507,2416.8999999999996,2174.7860247860804,1201.662863450791,3935.3024913491186
508,2440.9700000000003,2564.3245860952356,1350.4461869822735,4868.5170369451125
509,2486.6600000000008,2340.395580551325,1231.274396893324,4447.792637781186
510,2458.43,2564.0701263011865,1312.0449974654466,5009.936232606858
511,2462.230000000001,2381.47160159665,1229.4380724567068,4612.130119650316
512,2459.5499999999993,2471.253392702261,1338.1366472934396,4563.1621787298745
513,2412.5299999999997,2445.1680357143623,1376.2986375054472,4343.546560932031
514,2370.9100000000008,2386.496953025781,1398.4834078963931,4072.0327123173597
515,2383.24,2351.4728558603947,1426.00082545494,3877.1537044981283
516,2459.61,2383.8589624196625,1456.9752737865374,3899.9936402159483
517,2680.9500000000003,2479.0897951605402,1557.9547231846282,3944.4932850740674
518,2740.9499999999985,2754.1655801196284,1762.27725985196,4304.016316329767
519,2635.9100000000008,2721.360514973475,1774.169387965274,4173.951879933855
520,2593.140000000001,2585.5823584288314,1702.961012727258,3925.385784042669
521,2576.860000000001,2579.6858148030024,1720.2672546193037,3868.2069792488037
522,2611.429999999999,2559.3338772591164,1725.8761265549813,3795.0508355154375
523,2539.4900000000002,2616.3021621944313,1740.5274699691315,3932.4840973533837
524,2573.3800000000006,2493.0909766890413,1692.8556798896757,3671.3847691716232
525,2508.81,2586.059667227551,1759.6203315131788,3800.4315761327603
526,2473.9699999999993,2464.814572908756,1710.3400148412127,3551.9126037138467
527,2303.1599999999994,2461.4217229517135,1728.84658781407,3504.2361199999186
528,1968.9900000000007,2234.7038570492373,1579.5622018535419,3161.4011573623566
529,1887.6399999999999,1856.6168445988237,1282.9907117038515,2686.5119188036565
530,1667.1500000000005,1905.5823946780772,1339.5945914941537,2710.525505742162
531,1590.52,1581.862573076282,1111.4421719932227,2251.210486372079
532,1568.7499999999998,1605.4107752743307,1148.1419978449237,2244.6368175186312
533,1572.8799999999999,1571.4471088685514,1140.7531074494823,2164.6082160463643
534,1529.3399999999995,1590.2133513542406,1165.739821087168,2169.1152937153665
535,1597.57,1521.8707585452303,1115.078967044438,2076.9312357920153
536,1634.3800000000006,1641.8973383039645,1216.7616479977944,2215.4531693406884
537,1639.2499999999995,1649.4765623989342,1230.291484495213,2211.370439762263
538,1631.1399999999994,1653.3953551393483,1243.3105006100961,2198.6310324188894
539,1596.9499999999994,1638.4595499850702,1238.8354325403782,2166.8906292668107
540,1591.35,1596.0187093476359,1216.928339957129,2093.1041228223366
541,1610.13,1602.856787236324,1222.897255163078,2100.7749513796157
542,1735.4700000000005,1625.7143669537816,1242.1872580948261,2127.5607734663567
543,1846.5800000000002,1791.0672320201786,1373.5055797204009,2335.4801216258015
544,1878.1700000000003,1879.3864344944473,1441.4907758145027,2450.213693920656
545,1909.6999999999994,1888.0645928310057,1448.2410520478172,2461.36816908084
546,1874.4800000000002,1926.9618915931474,1465.5422824438465,2533.5583962580026
547,1821.7099999999996,1864.0354294814492,1417.9286909323923,2450.396730117135
548,1889.6400000000008,1816.3585374329039,1378.4304868041243,2393.315686926855
549,1763.2800000000007,1925.5798242915416,1480.2813219779555,2504.7426731142327
550,1636.7099999999998,1725.9418530289743,1339.034324648968,2224.5610239867474
551,1555.92,1621.2419715718097,1256.0390496960028,2092.545952264271
552,1493.6499999999999,1546.6934386541388,1209.2509302687936,1978.2217631438389
553,1380.8600000000001,1488.8534448139144,1167.6874783062096,1898.2787449394666
554,1370.2400000000005,1353.4515227768406,1060.0335640472676,1728.011211063608
555,1268.6200000000003,1392.4042747097717,1096.2721751200036,1768.4565822441675
556,1153.41,1238.5481657025489,977.9325853427893,1568.545930027991
557,1052.7700000000004,1133.423697730127,895.7877494714113,1434.0297790421819
558,1075.4200000000003,1030.585314296994,826.4545238875875,1285.0746179421442
559,1064.65,1104.4389873064342,898.7894407371862,1357.090347955083
560,1017.0200000000003,1057.9535422663882,871.6544572847616,1284.0247830827332
561,927.3800000000003,1009.8831558948528,841.7091041028045,1211.6186247387147
562,824.7299999999997,901.3168030478369,758.5523314379546,1070.9150996760202
563,774.2000000000002,798.2846145956494,676.877112114511,941.4361491370083
564,815.41,768.8976912286107,655.8642682666245,901.3819434162739
565,867.1399999999998,847.0262911857815,726.49498411589,987.5272149556861
566,893.4000000000001,885.3533375699851,762.6518220529432,1027.7702017255
567,853.7800000000001,905.6062494230606,782.9606911662639,1047.4389086781794
568,733.2600000000001,835.8735713548159,723.5469483458455,965.6142077212435
569,668.42,689.8336192221144,593.6221006161941,801.6124305722245
570,565.8099999999997,663.0762955841468,566.1349997521976,776.5879227158459
571,537.9300000000001,524.1578480368678,440.54966306496846,623.5973860343198
572,507.61000000000024,549.4451395376125,458.2653875142443,658.7271640271048
573,552.1799999999998,493.4343682007692,409.65050836727255,594.3124115931982
574,535.3400000000001,583.2741016834862,485.63447892584554,700.5043953555629
575,524.9499999999999,523.5390860156779,439.6387815392187,623.4145188425136
576,487.0199999999999,529.2209847902362,445.40819364331105,628.769562286663
577,480.2599999999999,475.84882029260405,401.25035280969365,564.2817849038032
578,479.52999999999986,484.9668129075487,406.09838703922014,579.1146621216366
579,471.3300000000001,480.6957796422569,404.8064716715895,570.7770423162185
580,466.25000000000006,470.8785511576376,397.42651925988747,557.8718528481971
581,462.04,467.4613585744106,394.26436513142545,554.2133302085387
582,444.9900000000002,463.02399072003146,388.92519032114905,551.2040363342621
583,369.7699999999999,441.4381754083856,370.00679412542814,526.6225183965839
584,390.71000000000004,348.397829482476,289.39415958334644,419.39014635219405
585,374.84,408.00594602436325,336.2172516165458,495.0774191751829
586,369.6800000000001,369.66433111039805,307.82093569344335,443.89226758221946
587,363.6300000000001,372.54013859891506,311.58658138490307,445.3794783714142
588,394.64000000000004,364.4009123929723,307.4076044421287,431.9265065274052
589,427.1399999999999,406.24934794591275,344.6830574248089,478.78061938556635
590,408.6899999999999,436.7719799655749,372.2601486611639,512.4336122685027
591,325.97,405.5298761133591,347.6423354860893,473.02889251049413
592,330.01000000000005,309.26655915748296,264.60179747073516,361.4423428159619
593,392.3099999999999,338.83005062362383,290.4402691368694,395.25431190025296
594,437.5199999999999,414.8645202146488,353.693130287347,486.58570269814277
595,445.9899999999999,450.60067743451043,378.86428510355665,535.8843027812177
596,454.09999999999985,450.18493513660206,377.06213928140795,537.4507586005471
597,455.7500000000001,460.55944925944215,386.3356463915968,549.006505172774
598,365.39999999999986,459.3097525878971,384.46913191810404,548.6810270466681
599,300.09999999999997,348.1699286301977,289.892184064568,418.12311756219424
600,289.44999999999993,296.78135110708763,239.46452700131866,367.7601417679221
601,290.77999999999986,300.2799187229735,237.97391808249333,378.83052775821346
602,297.0599999999999,302.8165588533311,231.487349444406,396.0302111236039
603,288.7099999999999,310.64910468823376,232.69220872062266,414.61147881096076
604,302.4900000000001,294.98822366577014,214.7941642128191,404.9842344133865
605,304.81999999999994,320.1301447094818,229.43849457571537,446.51450937486044
606,255.57,311.10295852095265,221.5812491197899,436.6301108145359
607,229.59999999999997,246.58429613448718,171.39254529434928,354.57212516206573
608,228.00000000000006,236.0156123014698,163.0185786798787,341.5002272717059
609,232.52,237.388327440862,161.48310883916187,348.75324552846473
610,238.00000000000009,242.37217589689425,163.8338794871768,358.3315657258229
611,237.2700000000001,247.4909498717991,165.4729574570411,369.9176139561477
612,219.23,243.27945510450806,162.6400802867722,363.6567031840976
613,225.67999999999992,218.2558963619067,142.71541402591882,333.5023803834519
614,240.94000000000008,241.4007924500027,154.93375933223172,375.8147733500061
615,241.85999999999996,247.50597987310252,149.1975993272421,410.1598474895861
616,254.26000000000008,247.80164362198752,137.59550842766816,445.639711281183
617,245.22999999999996,263.55407166161956,125.38174843521482,552.789274949133
618,310.5099999999999,237.2579786717931,96.65036021818635,580.327752134563
619,286.8800000000001,397.6647654337303,153.691579909025,1026.4224058723878
620,241.26000000000008,273.08101127732743,115.58202646361988,643.3566218695319
621,229.17999999999995,240.27115969427442,107.48539158476054,535.586278114125
622,227.42999999999995,234.37891711389568,109.97341085088574,498.24783060110803
623,230.59000000000006,233.0077425099172,114.49319484111412,473.13723059546
624,261.7399999999999,237.22075044716436,120.67011475350844,465.4179536493267
625,278.04,276.83315892715217,147.4032828431436,519.1452604052454
626,306.64999999999986,281.15299436974834,155.4919896124923,507.7181294643096
627,334.9900000000001,316.096341498765,183.34586473446623,544.4426110221394
628,323.4600000000001,336.7136738958111,200.95535160965508,563.731385562123
629,316.59,313.33748356187,191.07320016560215,513.4291524628023
630,347.24000000000007,309.274230131608,193.92002489400048,492.8953703505565
631,360.1000000000001,341.0651077403054,219.8504644278745,528.8088832935167
632,382.2800000000001,344.75476027463463,228.25702766781743,520.451209015006
633,593.2400000000002,372.63872314318854,254.38249307924485,545.6541333698735
634,616.3099999999997,663.6011389766313,465.9861932673456,944.8409698125042
635,632.5000000000002,572.5276114456465,411.73096990400865,795.9693216068825
636,608.6000000000003,618.2766780894581,453.9864834281311,841.8901033190624
637,551.8699999999998,583.5827855439479,436.19962958339755,780.6498689167662
638,507.11000000000024,526.9419154347348,399.95451094481626,694.1478496054569
639,508.4900000000002,487.94235581176065,374.9674376660902,634.8652461787821
640,617.8699999999999,498.81945674178445,387.310128799119,642.3504325788252
641,635.2099999999998,628.8010278010341,492.26665223934634,803.1276109352187
642,613.27,618.0653555168087,487.1657295629261,784.0651760095577
643,639.2500000000001,594.6810800726566,471.4626840615645,750.0348671479198
644,633.7900000000001,632.8391048808221,504.1517774238636,794.3095066297649
645,645.21,618.4358322870479,494.643190784956,773.1471232833367
646,640.6399999999998,635.140957519862,509.61653351572454,791.5229428980579
647,692.1999999999998,626.397223067909,503.925342027848,778.5752020139521
648,744.8499999999999,691.6447921608531,559.3572820304098,855.1623512220469
649,771.1300000000001,741.1171859899637,602.4172719588161,911.6982990623623
650,774.2000000000002,761.3300116432292,619.2111866786141,936.0147767958744
651,804.1400000000002,759.6739292082236,616.8372684317636,935.5327346564609
652,798.7099999999998,802.0590894136276,650.1011310922942,989.4819240721438
653,800.89,784.5629430309482,635.2949244204292,968.8476504830526
654,806.8800000000002,792.7337852551133,641.3502374901045,979.794098118654
655,801.5399999999996,798.3712259790781,645.428775556827,987.499245524569
656,800.19,789.2189718771392,637.4166056795433,977.11682521931
657,847.0299999999999,789.4947067941458,636.9853876134987,978.461118705317
658,874.8099999999998,846.7353026717564,682.4133812114604,1050.567269757057
659,883.43,864.4599154272034,696.1777115727183,1073.3614616158543
660,885.9600000000002,870.8867650247406,700.8804741965112,1082.0712051016135
661,879.9200000000001,873.582618358814,702.1895014194806,1086.7505349430246
662,876.94,864.489746661632,694.5474114565242,1075.9539060001769
663,874.6099999999998,859.9046324962782,689.0251302459327,1073.101150474614
664,880.5600000000001,858.2623616026178,684.4491680510591,1076.150342404252
665,907.6400000000001,874.9949184304959,696.2905830294175,1099.4982941002622
666,933.7199999999999,909.468441842711,713.6036812952776,1159.017510809557
667,941.7699999999996,930.8293386674852,719.6487849184931,1203.8947206643663
668,966.0500000000002,932.7836517383739,711.284586268498,1223.16225910744
669,970.2000000000003,969.7540600943724,729.0289339858049,1289.857665112808
670,949.2900000000003,964.356890379114,730.9266105285838,1272.2341089900008
671,799.2099999999998,936.488830141473,702.4408288803494,1248.409005785077
672,700.5499999999996,759.2139378971268,565.8828754794475,1018.4790782562799
673,740.4799999999999,686.6822628875448,510.9663710090835,922.7069492631651
674,830.12,772.7168322282182,574.3213979661014,1039.5275009578927
675,942.1500000000001,860.835874183871,636.5462713758977,1164.0308493332006
676,916.6700000000002,981.2920803170709,712.4259540442849,1351.4847611497803
677,795.9699999999998,853.0076404343771,614.6119637819608,1183.7220210596952
678,586.1,756.3400843465175,540.1442729753144,1058.9095878894293
679,662.5799999999999,499.12458742345785,352.1561755607209,707.2549315422577
680,648.48,795.2034935650297,547.2298250784346,1155.339867270923
681,621.9100000000002,670.9030321977385,460.05081107341414,978.184232699743
682,664.8,659.1489719675025,452.64496649700357,959.6557933507435
683,710.0100000000002,709.7958285768499,488.23949346724584,1031.6858658561573
684,797.9399999999998,740.4624793602036,509.3463097921995,1076.2422524674114
685,764.2299999999999,826.5545647572027,567.0483003635343,1204.6132501623567
686,674.4400000000003,757.8500619700911,519.090408506617,1106.2179127577292
687,476.5199999999998,682.9520469534808,467.70034691292136,997.0585796723681
688,373.1300000000001,461.0114985299901,319.45764744216393,665.0930905462359
689,626.3300000000003,379.55109355000064,267.6725855951893,538.0171627718702
690,636.9800000000002,862.0198045078737,593.8526945700232,1251.0800355643908
691,578.22,636.8794340103701,437.0849476832744,927.7928619441237
692,523.6000000000003,625.038511587036,427.0667583954972,914.5679816371231
693,617.69,556.9434794747748,380.9793411102968,813.9679649783208
694,803.3399999999999,684.120934942395,468.1007968693655,999.617987922661
695,692.9699999999999,825.8364127233075,560.6863062959612,1216.1534996349321
696,491.20999999999975,658.6076727071159,447.4379126276983,969.2174362213467
697,503.07000000000016,510.3797087894199,346.4764582116335,751.5954647617523
698,497.4599999999998,589.7878707108489,400.47357440520426,868.3730557388693
699,487.73000000000013,537.0783358734891,366.9806314607595,785.8030835945175
700,580.64,545.2114464797683,378.16874235047726,785.844776328502
701,602.0299999999999,644.6720122532261,448.98180050235277,925.4649080067637
702,627.6300000000002,612.4122900854975,429.9263954178848,872.1761192373642
703,611.5199999999998,648.8601563084861,459.08981447594545,916.9038732650965
704,568.8100000000001,610.2110898523836,432.758545997713,860.2602559777765
705,599.6700000000001,588.2033205013552,419.8313924225388,823.939771939004
706,586.5400000000001,627.6583245505956,454.12782403104933,867.3522917284885
707,473.16,592.3897724168153,432.9601882801709,810.3910711587017
708,426.63999999999993,508.00643135466737,374.2689406794255,689.4049844661671
709,474.0699999999999,509.0241248215947,376.8928644616301,687.3554371174049
710,643.4399999999998,541.879986583015,402.8653250985947,728.74494594312
711,640.1400000000002,666.7150360515951,498.87340199200173,890.912567447461
712,585.5999999999998,581.1001404213694,435.628710570105,775.0382340321934
713,529.6100000000001,588.1506896104604,443.358869691444,780.122103649019
714,450.83,536.4510307345976,406.1113098359542,708.5199849743186
715,446.86999999999983,494.2491225536203,375.30982084981247,650.7812711776667
716,483.4199999999999,511.57112534686746,389.2502380597779,672.232538807855
717,465.62999999999994,529.4257846714855,402.33238014990104,696.5673833571088
718,388.9399999999998,497.63256778934544,375.6293993949456,659.1567430997869
719,362.7500000000001,445.6398903864821,334.73589493086615,593.1789206826592
720,458.6999999999999,414.0961624444826,312.65929439243826,548.337536481719
721,499.2899999999998,544.8968378855465,415.3085915667642,714.8232226049248
722,491.9500000000002,487.6479346653066,373.79413903155626,636.087881549198
723,478.70000000000005,519.4439101542072,399.94305554002824,674.5619279944331
724,480.0299999999999,477.26533648548457,366.97587148401345,620.6106810511656
725,397.2000000000001,507.5127605892381,391.2002280088302,658.3194221097339
726,354.9299999999999,384.8663883039577,294.0021242990899,503.71795746048457
727,369.38999999999993,404.9300174223202,306.78879882573284,534.3644436481967
728,487.7000000000001,402.42791687319686,304.24885323324673,532.1849158112427
729,553.1200000000002,547.4193643862309,414.61652823016846,722.6569741693104
730,516.7800000000001,528.5081150302591,400.8079276433678,696.7932106201587
731,414.45999999999987,500.74132767741446,379.2871366553785,660.984946726265
732,314.81000000000006,398.99334565950755,299.79660709951145,530.9031956997968
733,250.81999999999996,323.27798201955864,237.48269416768775,439.93853430193644
734,274.8,257.3793608019931,183.1832671132084,361.46449058487207
735,420.98,331.35865087469796,232.03718239668416,473.0113645178587
736,520.3199999999998,502.9554862104546,354.90064835528455,712.6012065594334
737,622.3799999999999,505.4844447417594,357.9556806235235,713.6467004499533
738,640.7299999999998,638.2701792711202,455.1787156136848,894.84706194712
739,533.1199999999998,562.168497940354,402.5169551472838,784.9861971763529
740,530.9099999999997,482.49453500956434,344.00207302124045,676.581335488737
741,530.8800000000001,534.2845861540565,381.5891496594814,747.9224104477125
742,523.1500000000002,502.194242314752,358.75552054620067,702.8236553376261
743,642.1100000000002,518.1847661507,370.13581238960586,725.2915957029488
744,648.6,666.1502800720666,478.95255530468717,926.3614470448683
745,668.2799999999997,562.7644133399011,405.4640415551494,780.9395598499932
746,639.96,657.0100069582134,476.12476515686944,906.4715899829541
747,684.3499999999998,565.1589777740772,410.75227439371184,777.4680451034886
748,658.0400000000001,684.8361360092035,501.2408837550501,935.5450338078037
749,580.2300000000001,585.1683655800828,430.68776331570933,794.9302579432695
750,578.64,544.7476972579371,402.13521223501687,737.8105529434825
751,578.9300000000002,567.8966114737797,419.9224903186515,767.8906199840748
752,635.6499999999997,558.0722326120533,415.08114514997544,750.2038575195801
753,413.78000000000003,645.0510459368058,482.3300434830098,862.5547481142931
754,410.55999999999995,345.81544139141306,258.27531656622807,462.9120760915036
755,436.7900000000001,464.2568774400334,347.7646800503278,619.6590701042717
756,488.82,444.1066127664394,334.2710770900422,589.9245093492061
757,652.6400000000001,509.1996983986736,380.4648465615094,681.3793452855551
758,657.1600000000002,666.6916289303662,501.7046561163213,885.8270980178248
759,588.0499999999998,593.9951790731044,449.8084187467671,784.2986954067933
760,527.05,556.9720540915448,424.13347010224464,731.3178132087841
761,508.7300000000001,511.73813251108504,391.6020834225795,668.6357549584898
762,504.12999999999994,511.6828177426552,392.4680869899201,667.0177638276473
763,505.8100000000001,504.92120731193233,388.30905545780394,656.4629190347862
764,508.82,506.92896029835566,389.5913887885175,659.5159153917142
765,535.3600000000002,507.2040276191034,390.07925812600456,659.4066268456104
766,522.1499999999999,537.6907790924739,411.63077397243114,702.2625140524411
767,466.76,527.6657116036132,400.2925081379729,695.4681098139541
768,443.32999999999987,491.54538803215047,369.86307612642827,653.1523675143069
769,399.11999999999995,478.97035316036823,361.04217270244607,635.3113396245844
770,391.0099999999999,433.3063355851483,325.26096382823226,577.1322745944683
771,403.66000000000014,425.14835859531047,318.7138165884312,567.0155630160169
772,440.77000000000015,434.14172547082,325.8955530903051,578.2318661288576
773,541.4399999999999,467.6944030035181,351.88974323930546,621.5016385864642
774,582.2299999999998,557.8435100896118,419.5891466445791,741.5442887930574
775,536.0699999999999,573.2445135740844,431.28667989750926,761.8196211091187
776,547.1100000000002,524.8379115822714,397.6599654756699,692.5873506317247
777,489.7599999999998,548.8952179777166,418.4025715936558,719.9892624304894
778,471.73999999999984,486.410906402307,372.590433330914,634.9086595493395
779,456.98999999999984,487.34610627538717,374.9029733485207,633.4241371382338
780,565.5099999999998,472.38929428737407,364.5810607935456,611.9896977142711
781,644.1200000000002,569.3862841324224,440.8387325645951,735.3331667144618
782,656.5400000000002,595.3363211902732,462.30951567590387,766.5581785795036
783,633.9100000000002,599.6850176414093,467.07799120935067,769.8597652425839
784,527.6399999999999,580.9879005828617,453.9238216098291,743.5420537140955
785,505.3700000000002,489.3138154275759,383.05147862102984,624.9776383685631
786,513.51,512.9053408873862,400.8572854925004,656.1952504703547
787,443.5999999999999,510.9022891365033,399.2889745246132,653.6369505540292
788,467.54999999999995,434.45656193349384,339.157927719177,556.454058479227
789,519.8199999999998,503.6750302369105,391.945940261529,647.1728402006407
790,535.0699999999999,527.6150187225904,411.05962170295925,677.1393354297638
791,550.3199999999999,530.688194496445,413.42284614199247,681.1350193373063
792,527.7800000000001,543.4663604168192,423.3457734868391,697.5897731222051
793,514.4800000000001,511.53969914265303,398.4007793255707,656.7276680351803
794,371.42,512.8057686142456,399.33241136983565,658.4429038556916
795,322.1,363.0644193547691,282.34789675358286,466.7744319217333
796,321.77999999999986,362.83239657488804,281.9145368391363,466.893994689618
797,366.2900000000001,347.21062588445614,268.5720518441999,448.7893574253828
798,520.2299999999999,407.0438773375587,315.25491916792396,525.47341034484
799,568.7800000000002,572.5406763939252,437.8260194537433,748.6112192432922
800,559.0200000000002,530.1176182560016,407.6550187213933,689.2788697041409
801,589.87,543.9505217699011,420.24126298664993,703.9904586073258
802,457.52000000000015,573.6767467210584,445.0800373392677,739.3455334871311
803,434.4199999999999,415.3276747377974,322.9464020129442,534.0537362833726
804,412.86,475.73829331885975,370.5252579535409,610.7468340335568
805,418.9400000000001,423.88117109066667,329.57955806686357,545.0834015358664
806,481.3900000000001,447.3413021819919,347.5648476143707,575.6787001557552
807,515.7199999999998,502.8696959062189,387.46400908688935,652.5603415343378
808,530.0,512.6252956865612,395.2110428218007,664.8344060535401
809,545.9200000000002,520.9289018083193,402.7401969277965,673.7155240317948
810,598.4899999999998,534.3806897074959,414.38313551740765,689.0436209444088
811,555.9800000000001,587.9093546265595,452.7319167308143,763.3593390244695
812,538.87,513.3550245677716,397.3724883168285,663.1048241456512
813,560.08,536.8016215130366,417.92022441817176,689.4192427180067
814,592.3499999999999,547.0995768661847,418.1705326189859,715.6847924254204
815,591.1399999999999,577.0239641644446,440.59732212734144,755.5981187087742
816,471.68000000000006,559.1298928305749,429.6869450302223,727.4769145263391
817,434.87000000000006,437.9678378525533,338.43901665591306,566.6800639104987
818,422.19000000000017,459.53722102509914,356.176964067662,592.8079811590054
819,460.61999999999995,430.8045004934087,334.99429522417466,553.9353941320929
820,452.7700000000001,485.38271910640304,379.1793969213108,621.2539973524732
821,449.6199999999999,450.83391511141593,352.88795621285897,575.8884847895597
822,406.38,463.8541041479629,365.4403404079241,588.6985520280134
823,347.93999999999994,409.3526018855867,322.4671345654007,519.5760953134012
824,319.5100000000001,364.13857147946607,287.1139969533089,461.7549435013103
825,320.25000000000006,341.88703279161604,265.8735158134287,439.5514608607062
826,336.1100000000001,340.63932490664655,264.8629959510357,438.01343962950443
827,383.81,353.69402522308974,273.61932169442,457.117261206221
828,391.98,411.6131162382454,317.1904776382182,534.055558404891
829,361.83999999999986,396.6149885700841,304.477043993447,516.5435674930112
830,321.06999999999994,365.86324502052975,279.58531384128673,478.671008808121
831,351.6899999999999,323.09567620273754,245.59656436610007,424.95081404852453
832,463.57,379.3060965092245,287.40851720660027,500.4856303237276
833,510.5600000000002,510.22151031829515,388.9118534090291,669.2731151339416
834,419.44000000000005,498.58695342408413,381.24945747086673,651.9430432234959
835,349.7100000000001,386.6809544769748,296.36811444322296,504.42245507924025
836,403.46000000000015,348.75917332085214,267.77581442975867,454.14318162007
837,433.6900000000001,448.14224691315053,344.87767898630295,582.2372836357043
838,413.86999999999995,426.979270015371,329.12191243897195,553.8442822520935
839,436.23,413.57022693472464,319.33510467523837,535.527125976257
840,467.8800000000001,452.23172072049454,350.49469294677897,583.415630703032
841,479.1999999999998,469.6317625550831,365.2754615316433,603.7204336307109
842,479.29,474.94576414118575,370.3098008828616,609.0683845816385
843,476.96000000000004,471.10368777008114,368.0642692251469,602.9107835446991
844,488.46000000000015,467.3200643145037,366.1190314388976,596.4184497597876
845,517.0800000000002,483.8710881686529,379.9526815413256,616.1369399229443
846,494.87,508.81349677406365,400.9499168377576,645.6223541922209
847,494.25,464.26364764240793,367.0576713865285,587.1422359763424
848,633.6499999999997,495.11561054249853,393.7709929479591,622.4771637753091
849,708.24,682.6102976661085,531.2344203256007,877.0398659471425
850,741.1599999999997,625.4256385043336,472.9132009624112,827.0188856918679
851,741.7499999999998,780.4477880414701,553.652626233861,1099.9785522541279
852,706.1199999999998,645.185736332637,455.47737682265335,913.7353780075227
853,732.4599999999999,692.582766502639,491.4068469591088,975.9503754065444
854,879.1200000000002,710.623556344977,512.9439298178164,984.3372256475235
855,1103.9699999999998,962.2291949619513,678.4240333476733,1364.583842325271
856,1181.3400000000001,1158.705513246315,803.3521238871338,1671.0498865029626
857,1192.31,1147.3349397210977,761.3808464349248,1728.677680060679
858,1204.6100000000004,1181.8679436400416,775.6975529031976,1800.4432604574013
859,1217.0899999999997,1175.9464203400291,744.589507282125,1856.862621217199
860,1202.3400000000001,1205.8045521104502,745.1133227622978,1950.9517780524704
861,1189.3099999999997,1157.5206341202859,721.4316275501101,1856.850637345431
862,1197.83,1178.6650824244484,738.0842098458866,1881.8838285987172
863,1202.96,1180.967716188686,750.0768756105908,1859.0595058615843
864,1138.42,1188.7227843542032,740.2547294186338,1908.5194235342656
865,1053.3600000000004,1069.148210003052,650.7448852318092,1756.155625341673
866,1056.4499999999998,1016.8604467345007,628.1451434045727,1645.7422499999027
867,1057.5999999999995,1073.1800350076726,645.4548303432539,1783.9085403173615
868,1053.24,1026.4274040508249,589.8564527981027,1785.5711131622704
869,1114.0599999999997,1056.9103507545185,617.7022521032475,1807.9061522387726
870,1146.7400000000002,1147.538654641706,663.000390046888,1985.6570275855252
871,1184.5000000000005,1131.202261585077,666.9962314715175,1917.9957977974325
872,1117.6,1219.5138574674806,693.0248050154053,2145.398897424255
873,986.63,1035.1248997166451,612.1732824873822,1749.8179799646102
874,989.8499999999997,952.6218156825354,539.7536793945357,1680.7168370705774
875,987.6699999999998,1013.4123832949421,529.4189693014653,1939.0371082831136
876,1049.0499999999997,952.8871332888606,467.02163858752516,1943.1422960700977
877,1198.5400000000002,1134.3731032392816,517.2001567300325,2486.5949318378266
878,1469.5199999999995,1240.769375210683,544.6924986754026,2824.751105162912
879,1700.04,1688.7743534351166,735.1172859327203,3877.9163358786263
880,1588.1300000000003,1708.4592470316713,739.6364241229251,3944.5943862370395
881,1557.8999999999994,1466.7949330742829,650.9340261370185,3303.66255661541
882,1592.2300000000007,1599.346021344567,680.7191797795136,3755.836339651928
883,1640.4899999999996,1536.9210641334048,627.0639809038573,3764.8602808290707
884,1745.9700000000007,1691.3691744673613,659.8188792381125,4333.188251385162
885,1879.2900000000006,1751.7206774512883,637.0356217811346,4813.8248597616675
886,1921.8800000000006,1955.5148902026028,677.5097091486571,5640.703374278207
887,2026.3599999999994,1844.3759419114176,626.428451059816,5426.570842911611
888,1999.5499999999997,2162.0244430078433,715.3600286357151,6530.177835200802
889,1930.3799999999999,1874.211024330497,648.7197445670292,5411.204900920716
890,1786.3199999999995,1919.1349334937956,716.0008334331051,5141.1392987365425
891,1565.4200000000003,1675.2183436351393,679.8532099405406,4125.745522407544
892,1464.6599999999999,1479.6372900775677,631.7772873990511,3463.547208670137
893,1464.9200000000005,1441.1971222753791,650.3364373061496,3192.3305437382523
894,1468.9900000000005,1469.9492684654867,690.2465218103914,3129.130397954685
895,1466.0100000000002,1456.437099913763,730.4474246804955,2902.999424337136
896,1364.1900000000005,1461.8863209434787,747.50987306624,2858.0623383990587
897,1320.8599999999997,1295.3018290881378,689.2360961212346,2433.52702856343
898,1278.6799999999998,1336.8976783170074,714.8022346891396,2499.6490772180837
899,1265.4700000000003,1243.1698861843042,681.9077790299882,2265.7170490964486
900,1307.2300000000005,1283.6732184852494,714.237196227075,2306.465672925212
901,1431.2999999999995,1325.447683654151,754.230782606157,2328.703049708714
902,1472.8600000000004,1499.9253742012183,863.5190456293687,2604.8153262326896
903,1368.1399999999996,1448.0386659760281,840.0120849287405,2495.6502778274557
904,1183.4699999999998,1321.6986826473399,758.7520972710948,2301.766667391956
905,1092.7299999999998,1108.8361800825128,646.7487776569503,1900.564910821761
906,994.0699999999996,1095.3343846827383,637.4823230835469,1881.509569306276
907,955.6599999999995,947.8141201406094,561.7405754385825,1598.7571063301652
908,940.4399999999997,976.830159939913,590.7806746262211,1614.719915646177
909,939.23,935.8226016185317,580.5504818451682,1508.1322495662137
910,980.9699999999999,957.2396797576623,611.8145900156015,1497.3704677114335
911,944.1600000000002,1010.7670341348112,649.082961939428,1573.6798351828422
912,930.2099999999999,917.3366958720594,594.5063587449656,1415.1767957651402
913,846.1699999999996,950.10300067814,632.750340670002,1426.3710952843364
914,775.8800000000002,804.4953335863286,556.5303183472494,1162.7443042608518
915,688.8400000000003,770.6935577905648,541.2921728555341,1097.1367184403434
916,677.9799999999998,655.6235698276836,468.99758117319203,916.3547476074613
917,696.0300000000001,695.8558639392054,509.696785069426,949.8736089663086
918,647.63,701.8617542821721,522.979970337159,941.8120798486532
919,651.0199999999998,624.6410478147466,472.07410654594634,826.4110024085994
920,655.71,670.8154921318904,513.9629996956379,875.443658544731
921,586.28,653.0760907408771,508.81776669755476,838.1538318684494
922,518.32,556.7794073351824,440.3212954139925,703.9690791724324
923,489.4099999999999,502.2652740500922,402.3018342878456,627.0059115326158
924,422.1599999999999,486.4531295103193,393.9639990805423,600.6005358021247
925,348.05999999999995,393.0642117991798,320.0630556031524,482.66387944943034
926,325.97,326.9618899855327,264.8935114825914,403.51908992869403
927,247.29000000000002,328.2329700540303,268.7756173915975,400.7944602208298
928,366.94,208.52379611037358,166.29258909047104,261.41581516058886
929,432.51,390.80457951549545,313.3182729434754,487.392949896745
930,424.63000000000017,446.92317871167614,360.0778801055936,554.6562311944958
931,365.6700000000001,429.3670304667139,347.4127584494898,530.5987328850606
932,343.37,361.7244004461348,293.3658758090359,445.95734625286775
933,313.60999999999996,346.611279981684,282.72063294300307,424.8893712350455
934,308.43999999999994,312.9762293391815,258.1674557403628,379.3759708503295
935,290.89,313.2105313834201,259.8783740084394,377.4455434740535
936,251.68000000000012,292.437397662843,242.993933364619,351.90019370468264
937,261.91999999999996,249.49428254354783,207.52866169048735,299.90532916832683
938,282.06999999999994,269.4608883113034,224.1806503821544,323.84626002277685
939,297.7699999999999,290.50809267960074,241.61939023105458,349.24804908120603
940,295.87999999999994,305.5444498344678,253.96808523832107,367.55396877017904
941,361.35999999999996,300.36978939414075,249.49109616445986,361.5827478507996
942,400.8299999999999,381.03342893611614,317.424616820338,457.3487994178364
943,361.1000000000001,411.0806640122038,341.64234733301663,494.5910294640222
944,295.45000000000005,358.51567608623867,297.1675212650589,432.48625230326775
945,298.7700000000001,290.71231026691083,240.10816767970437,351.93732593208017
946,330.6299999999999,309.71694189583394,255.44542877730703,375.47392835743284
947,302.05000000000007,344.31976201135814,283.25957766073344,418.49593754023647
948,257.92000000000013,302.66720432300724,248.0412719951576,369.2750561888555
949,228.48000000000008,258.88277124425525,210.96872917209205,317.6274459133105
950,225.79000000000005,233.5135062800058,188.51959710032702,289.1894340701267
951,222.53000000000003,237.37423864518587,189.7783420937772,296.8444881428993
952,222.23999999999995,231.6834709133547,183.4794417945734,292.48309551248116
953,208.20000000000005,234.24122108201271,184.0543967152785,298.038731737345
954,220.4,217.95008982615653,168.68963277157573,281.51072886352654
955,226.53,239.2929343930769,181.40768315267053,315.54749033190717
956,220.74999999999991,240.32495287216378,178.21646881416058,323.9574844549693
957,241.66000000000003,232.82213416548694,168.23219931793835,322.06375882398487
958,234.99,259.63936011627044,183.27469640071354,367.65004999978856
959,293.35,229.98353160680534,152.68751180785384,346.15502415223267
960,344.58000000000004,326.9790281606289,217.39639270516446,491.5458776162601
961,317.17,344.432098241799,227.35147740482284,521.5424238626438
962,236.98999999999995,301.33811090030804,196.63345180394168,461.51448056195864
963,235.56000000000003,219.9609822313211,140.6388210155837,343.7060298762188
964,233.25999999999996,257.0286619585955,162.75376180148604,405.5786926645061
965,235.49,235.9834335097403,148.42289259111126,374.85370477165003
966,284.36999999999995,246.72336269288323,154.8364744335345,392.7901229281418
967,303.0799999999999,299.95292653830796,187.95563158750346,478.33296949675145
968,236.14000000000001,291.6488840461369,181.48943283183237,468.30590996121595
969,185.12999999999997,220.70266765736923,134.66482946802196,361.3051975897682
970,161.21000000000004,191.7220792357045,113.09473570552497,324.5347373852113
971,176.07,169.22691237616888,96.43632650554633,296.39628674808904
972,193.63000000000005,202.15762127471513,114.74340233023209,355.59068466160085
973,229.97999999999996,205.09811970021815,115.80895813002,362.64021753096154
974,238.5200000000001,253.332743377275,144.5277178215622,443.4867639106665
975,251.57000000000005,235.99258058191415,135.67657741794173,409.93715040234946
976,236.79000000000002,257.88207754454874,148.94780233211335,445.95506723961194
977,231.82000000000002,229.1752504686594,131.54518270910523,398.7176271927276
978,237.68000000000006,237.56593037028864,136.78041429735214,412.07542457095934
979,231.35,239.06752413664887,138.0017872858855,413.61636767711246
980,316.72999999999996,230.17327193207674,133.7349717658808,395.6385338221067
981,352.22000000000014,325.21357374807167,189.7996368591334,556.7332192516415
982,336.23000000000013,307.03784394059073,180.60614943402157,521.4895390122281
983,339.38999999999993,307.05210019468683,182.13219975518925,517.1835666322705
984,335.02,316.3561922100587,189.43765260406008,527.8605029356494
985,321.54000000000013,310.47956927668224,187.62055454309183,513.3634653805592
986,322.96000000000004,300.92783031075095,183.1261672933329,494.0975521633989
987,330.9199999999999,309.22674724549006,190.19611713945076,502.3608221045782
988,357.4999999999999,315.79169355743306,195.4656497654437,509.81182500249133
989,322.3700000000001,348.17834340474786,219.28145256029543,552.4987811536723
990,345.73000000000013,289.6197903453029,183.0902406553225,457.7959809259224
991,322.96000000000004,350.5096553507791,226.88522021846285,541.1985580564342
992,322.19000000000005,300.8978416598026,198.80001360966284,455.1676706234187
993,352.5999999999999,318.6056325617505,216.24312689651163,469.2001937849887
994,504.68999999999994,348.4889322102459,241.33925289947052,503.0145674961133
995,570.1699999999998,535.7698938585372,377.77977313255906,759.6581433060661
996,561.59,534.4178976837604,382.815082676762,745.9021883163589
997,493.83000000000004,532.0251094123915,385.24466039288757,734.5849708707681
998,538.46,454.0788997426056,331.7127014592142,621.4493506940178
999,563.2700000000002,542.198544927482,400.28853054746673,734.2930292046601
1000,586.87,545.8402328695626,406.4804450554689,732.8615727783721
1001,577.0100000000001,579.4599848728789,433.6030247868405,774.2679452792084
1002,511.21000000000004,563.6738373263265,423.7007918806885,749.7792513144533
1003,561.3799999999999,486.28775819644966,366.94915846338864,644.3319808631877
1004,632.2,564.3685909852521,426.58425177435544,746.5524235194015
1005,645.3900000000002,631.6670980527626,476.5213343120936,837.2194222486845
1006,646.48,630.629464987818,476.5878812573925,834.3557464448785
1007,645.5099999999998,631.9312567542844,478.1600967873697,835.0503690989266
1008,661.8799999999998,631.6972468264364,478.5370335701074,833.7755816928551
1009,667.5100000000002,653.0932340352723,497.0799745948184,857.9744230507605
1010,658.0400000000001,653.3775629297144,499.2308152248046,855.0248226079276
1011,646.9200000000002,643.1977296896373,493.0958050885881,838.8992880801284
1012,668.19,634.0171356860786,486.97657290022124,825.3650039966268
1013,684.8199999999998,662.5421544308961,507.5641208557871,864.747646463733
1014,677.1499999999997,676.0991587690608,516.8805182371851,884.2684251694465
1015,659.1900000000002,663.6734757775927,506.37835891203105,869.7325049290553
1016,667.8599999999999,645.350633612499,491.5785752088667,847.12690319333
1017,670.9599999999999,661.3260876803818,503.003744560734,869.3821175065476
1018,672.6400000000001,661.0634047608436,502.1850112542875,870.1069330759716
1019,688.9500000000003,663.3991641476463,503.4399931284378,874.0817844208824
1020,719.3899999999998,682.6088631911344,517.0673271602634,901.0469991710363
1021,708.4499999999997,718.3972109096838,543.5560871305861,949.3747351198491
1022,715.18,688.783029156938,521.055545355028,910.3984738718734
1023,717.4500000000003,711.521733589253,538.7332502694894,939.6261715088808
1024,697.66,703.3612805981248,532.2871088881847,929.3146566587151
1025,710.6600000000001,680.4590925949386,510.69761974114874,906.5408541381045
1026,699.2500000000001,703.7099442753758,516.5084638816846,958.6289533810256
1027,688.7200000000003,688.8943986781491,502.85129464350314,943.6324468894007
1028,684.9399999999999,683.7075551212937,482.91500048820933,967.815671279449
1029,676.7999999999997,675.9869348668161,472.8684761476444,966.16986474021
1030,687.5699999999999,669.5668166609239,470.2689318432652,953.1470383969913
1031,706.8900000000002,688.7982283187948,477.0690237453315,994.2989467169903
1032,663.8799999999999,703.793156572203,488.54156564815156,1013.6909443600288
1033,643.62,634.2850418493355,434.1336177453247,926.5015028457849
1034,647.3300000000003,646.2329973996111,441.77838690281135,945.0953048163003
1035,659.2500000000001,649.0372445921913,448.69508545975793,938.6331714966476
1036,657.2400000000002,665.3205474024255,455.7997984079914,970.9423551367767
1037,662.3500000000004,659.317514919293,447.8778639040015,970.3538037207361
1038,652.1700000000002,668.0417097546584,449.01248623471014,993.676421395952
1039,686.2399999999999,653.9538902012516,436.90283858542904,978.5885308153075
1040,653.09,690.6640839866947,453.316404478593,1052.0088730258367
1041,667.5100000000002,660.9069728984839,426.2162858476712,1024.5246704893907
1042,679.3699999999998,668.5768022518366,427.2947798217644,1045.7862678605836
1043,669.5999999999998,677.6030728506397,428.95742537172646,1070.0412317782307
1044,552.7399999999999,672.889171138189,422.1363233509115,1072.2394973350074
1045,521.9700000000003,579.1633373270082,360.8924855343648,929.0814784297306
1046,429.3200000000001,542.7937588870453,345.47917261166134,852.4759823383083
1047,436.96000000000004,421.9209897859185,275.9481947930704,644.8325671165427
1048,714.2600000000001,446.3494745703572,299.7324665137784,664.4471155651094
1049,699.2800000000001,809.5734454108672,539.7399607512122,1214.0559568271583
1050,486.52000000000004,612.6584202919762,395.87101521641205,947.8640952776509
1051,410.6800000000001,508.84043798796137,326.07687036367116,793.7283827154653
1052,500.05999999999995,462.52008685655056,294.0830012252221,727.1031778428986
1053,677.7400000000002,604.7215281534033,382.4783010793097,955.7648772716695
1054,706.7399999999999,701.4125760636971,438.8158375685924,1120.7954990888486
1055,503.89000000000004,660.0366237282938,408.6324911025077,1065.735250258147
1056,340.44999999999993,479.46590006443455,301.1747417710402,762.9535977485566
1057,331.83000000000004,374.4647055225245,238.89800918702423,586.6403292001189
1058,505.74999999999983,412.2340253165954,270.57282966392336,627.7902950036583
1059,678.9499999999998,639.2014091526445,412.69635280693285,989.721434936864
1060,546.1899999999999,653.9422974443078,421.10300669398845,1015.2197524752603
1061,299.8200000000001,494.8215390135006,324.27918923657813,754.7784410576469
1062,408.03,286.2053057370148,188.48282065475985,434.32647106718093
1063,583.2099999999999,633.1827713727638,415.32671390991135,965.0388681977979
1064,570.6700000000001,531.925751549737,355.6652597262918,795.292458880923
1065,560.8199999999998,584.7156753777924,389.157274650127,878.2937481196644
1066,561.9399999999998,537.3958380054479,366.08888869242656,788.6454709215196
1067,681.1100000000004,571.7937204385555,388.3332804201025,841.7038290171857
1068,777.2099999999998,654.8144962682317,452.8146840894569,946.7274944915041
1069,776.82,682.9579355335993,472.98527860049114,985.947229586169
1070,645.21,669.3462158171435,480.50871581762806,932.2417758987388
1071,592.8799999999998,562.3600442896759,407.01833683512086,776.8438144811023
1072,577.8999999999999,589.1920465051596,438.15948139649856,792.166643357653
1073,710.9,550.4441362939624,410.7883081632812,737.4635003585797
1074,577.8999999999999,719.3764666032142,542.8547564039567,953.192727975848
1075,597.3099999999998,473.7501211432959,364.60258829195095,615.482718512899
1076,703.8800000000002,644.2934897276227,504.7954897504613,822.2649288555142
1077,767.0300000000001,608.1870644612959,483.69533679416423,764.6539094465645
1078,774.7900000000001,695.0597498351813,559.729823971261,863.0510182056005
1079,757.4700000000001,653.6965154836475,532.5405114413466,802.3645397019679
1080,780.2499999999997,686.0952655630231,563.4904040481816,835.3293699476696
1081,789.8899999999998,704.0124388360589,579.6081068221018,855.0723370434463
1082,719.9800000000001,705.5952547847178,576.1573496827415,864.0619356380518
1083,554.2700000000002,643.0211224740085,526.3254440796037,785.5412353022555
1084,639.55,522.1496892891378,428.0516900894778,636.8849069356769
1085,780.3599999999999,692.2497315915887,567.8105929902033,843.912517935627
1086,765.9700000000003,716.6337210239558,587.9492179803109,873.4355910969316
1087,603.7399999999998,691.9739822095777,568.1158513656244,842.7876732252371
1088,585.9199999999997,553.1278115773047,451.5077694945681,677.5687501154359
1089,564.5100000000001,613.5058239553534,496.09092303695445,758.6546027596146
1090,546.4299999999998,568.3129980618627,456.0083743577919,708.2152090596812
1091,572.8299999999998,585.3731823130196,465.90684287257875,735.4070888756104
1092,586.28,603.1157478393293,476.8578594021952,762.7330423821747
1093,704.5900000000003,587.4606846224192,461.57195227352156,747.6099743927521
1094,759.6600000000003,703.7840814205243,547.5356052865998,904.5393973272618
1095,753.79,709.4603225214339,547.8156309292816,918.7148212097856
1096,594.5300000000002,709.797959873809,544.432915961067,925.2985877383912
1097,555.6300000000001,590.619330177863,450.1132939606102,774.8880895907834
1098,549.1100000000001,609.7822031764514,462.29010643792367,804.2295840836516
1099,544.2399999999999,593.492084422691,448.1174340582501,785.922999732399
1100,643.1699999999998,590.8922617055571,444.9826090502516,784.5383648545925
1101,708.6600000000002,675.515640409298,507.2098633655916,899.5598763618752
1102,741.1899999999999,683.8134944395028,512.2375337634392,912.7475171147553
1103,770.0999999999999,706.9604413613669,528.4299175098229,945.6937359528459
1104,700.7500000000001,721.7091720133604,538.5040974632504,967.1271185300225
1105,509.2599999999998,662.1854896971523,493.0925784546528,889.146933840694
1106,357.9400000000001,507.6362970281171,376.9670026045141,683.4800759636078
1107,416.3500000000002,375.2910131297638,277.11980581845575,508.11486201256366
1108,602.71,532.8163332855527,393.85930407446835,720.6744666821637
1109,747.09,668.7699730091676,494.98347428590426,903.4491197828
1110,620.6100000000001,743.4698045154134,550.7576947145827,1003.490368044467
1111,552.5000000000001,557.8379715235658,413.6463899837272,752.1715841752051
1112,555.13,594.1114571313667,441.12607083487205,800.0331662646773
1113,562.24,565.8932642991114,420.45699205657115,761.5166485897703
1114,555.8900000000001,595.1282362251322,442.66044246664023,799.9929216342248
1115,557.0199999999999,560.1626377126096,417.13277516261564,752.1184462689029
1116,559.94,582.0336304685726,434.0465494633099,780.3605571098371
1117,560.6400000000001,570.8413464433497,425.9470213804147,764.9089046806585
1118,564.8000000000002,578.6296044030016,432.12783171190364,774.6843446713718
1119,557.4300000000001,574.6182691938703,428.86020627607235,769.8003369284903
1120,598.99,564.3075257051415,420.8840738202968,756.4891266338545
1121,617.8100000000001,619.4189031444187,462.0791674954796,830.2177320796471
1122,640.8199999999999,601.1407586358207,448.2577807359833,806.0500028214233
1123,639.3999999999999,644.3100696521764,481.15486400631835,862.674966450281
1124,623.59,610.5224119714188,455.7407298317088,817.7569794380528
1125,504.81000000000023,621.1348175191483,462.5559267098005,833.9623181754499
1126,485.5400000000002,474.260130235411,353.11215424848945,636.854952679426
1127,405.49,552.7428548441259,411.7110113319793,741.9681808132632
1128,346.5299999999999,405.34982227093957,301.6649036074604,544.5544269968476
1129,428.76000000000005,392.162778348708,285.9867675593481,537.6205489314387
1130,461.73999999999984,509.7340458241665,374.8115200628273,693.0959806668876
1131,484.69000000000017,468.8443321305157,347.12045833984075,633.1302016202308
1132,404.8399999999999,526.7085497980129,389.7308679338042,711.7062036396367
1133,362.22,389.86739276297567,285.79164831046666,531.7118820417568
1134,354.79,411.9039470695591,294.96267924965275,575.0512438185102
1135,360.77000000000015,379.88874924633416,271.7354038763611,530.9303516906228
1136,370.11999999999983,405.13490076689504,292.09312056069524,561.7752616826702
1137,371.4800000000002,398.74449539132377,287.2336670824845,553.3962411231266
1138,361.51000000000005,385.95479482145964,280.4526822698492,531.0042148035278
1139,363.58,373.013690724026,269.78854426923465,515.5884739567263
1140,384.7000000000001,377.5065738158449,272.54392171719326,522.7448725690502
1141,490.55999999999995,399.56617808385613,290.8439561045889,548.7912828703755
1142,589.0499999999997,526.3142359832941,386.34409125626394,716.8638057155301
1143,606.6899999999998,595.6156418856043,441.9700308194684,802.5537381255447
1144,435.5800000000001,589.9683637002308,441.74360104877076,787.816836804056
1145,345.4899999999999,393.530677898831,296.13487362148663,522.8511855111152
1146,337.35000000000014,353.9737632005089,267.7289159252234,467.89770729322464
1147,349.42,356.7293405692729,270.6670133165483,470.05564839046156
1148,360.63000000000005,369.85692076161166,281.95700355897924,485.0627372600683
1149,437.8799999999998,377.0405997265934,286.5674288474975,495.9780326458071
1150,528.7300000000001,476.55383887114544,364.1346226337275,623.5851663574954
1151,523.9500000000003,533.8547406786583,410.1490445160381,694.7807574699978
1152,500.44000000000005,497.78973589075457,384.58795261843386,644.2255547417606
1153,457.25000000000017,487.37948042193017,375.67053718053336,632.2178743857461
1154,445.83999999999986,439.17843419930625,338.37440132931266,569.9241863122742
1155,474.5099999999998,449.85690694813667,347.400198306312,582.4438428307808
1156,503.1799999999999,476.186826260624,368.41700049413754,615.3962861809349
1157,661.2900000000002,488.63041914523023,377.79369301554215,631.8984662965264
1158,726.62,671.4279120727525,521.7026683864732,864.041110905916
1159,830.0100000000002,639.7795578746084,499.1891476091669,819.8863462003941
1160,900.3899999999998,842.8243670587412,660.0219128192152,1076.1799673104376
1161,956.4600000000004,839.3841107266007,659.0455833684424,1068.9949690709589
1162,964.8099999999997,946.142480554608,744.4793656521933,1202.3584292253531
1163,957.0500000000001,913.1107896584771,718.2994028635421,1160.683900255601
1164,925.9000000000002,929.5219074757631,730.6676347724693,1182.4212409321583
1165,823.7500000000002,882.2589388177116,694.2815701501235,1121.0581509631309
1166,665.03,761.8384419161335,600.8316017517747,965.919129489395
1167,641.5000000000002,598.9959572946723,473.208169021335,758.1500363920422
1168,660.16,649.0756577435889,513.5882512671847,820.2359294058932
1169,706.4699999999998,648.2868712925133,513.4736711398381,818.4266585086989
1170,804.4899999999999,717.8068574834886,568.327227387875,906.5330908305197
1171,828.15,822.4755475560361,650.8440615217362,1039.2978525870967
1172,864.22,795.5697612623221,627.4232099919152,1008.7071121317688
1173,918.5000000000003,869.0497590951467,685.3473310355938,1101.9205608759999
1174,954.6599999999997,908.5690720080754,715.8179458196419,1153.1506481225733
1175,906.7,945.4485617598533,744.3025702980718,1200.8808410912202
1176,867.8499999999998,860.6762352159318,678.0373574944716,1092.4390076498062
1177,782.4300000000002,851.5198159021731,669.079409740995,1083.6326956782636
1178,736.7700000000001,737.9955368910875,578.8548966075485,940.8121787709283
1179,810.4199999999998,726.0781077021628,566.2947239955407,930.8658403456495
1180,818.5900000000001,842.0701604557513,657.2664397180323,1078.7562393661487
1181,830.6000000000003,794.9528299330902,621.0536641599872,1017.466643603844
1182,844.9899999999999,831.6946497466458,649.2484658004779,1065.331435112445
1183,860.2099999999999,835.294964068908,652.1293189192805,1069.8281601632598
1184,872.3000000000003,854.9259148469081,668.6606189885529,1093.0006787513357
1185,884.0399999999997,863.4351331535263,675.466690211353,1103.6339904728895
1186,899.8499999999998,877.0045852343345,679.8071468748416,1131.3207390392383
1187,916.76,889.8250590895813,682.7488009827899,1159.6152504564761
1188,936.7600000000002,909.2499645293815,684.8211261211896,1207.121135917485
1189,944.9299999999997,907.1936003579274,678.9546840566179,1212.044979424562
1190,951.1800000000003,925.4545027538157,687.5213518590364,1245.6104985057118
1191,954.2200000000001,921.6653218399355,664.2499217035431,1278.6864281411574
1192,938.0499999999996,944.6542813758672,666.3274796152216,1339.0647316369104
1193,930.74,901.8628324585956,625.5346906229233,1300.063303333923
1194,870.8299999999999,933.7717407847534,636.8790545554356,1368.8493486022119
1195,847.53,827.1537772961531,565.0953543100239,1210.525008336819
1196,819.5400000000002,863.9090567551874,593.1531329966529,1258.04861038806
1197,779.2699999999996,800.1772470533252,551.6120280626141,1160.5472494261667
1198,738.5999999999999,770.3077599378296,540.2791256515884,1098.0921917119135
1199,714.0299999999999,728.686002480699,519.4659182732258,1022.009660234371
1200,695.2100000000003,716.3238857460939,517.9254124560181,990.5751757589758
1201,641.61,696.4798767996581,509.47593138608084,951.9894528416762
1202,609.49,626.602149304258,463.23763066045007,847.4543944681142
1203,541.0299999999999,612.9069042055146,457.57478389745364,820.8543632688645
1204,517.3399999999998,516.1134005034656,387.80856798699165,686.7581694372647
1205,604.0900000000003,523.1241451695126,396.52423801988044,690.0424403755078
1206,790.6599999999997,669.665113599252,506.0113269402234,886.1432859568598
1207,839.5599999999998,889.1065956705189,674.8069781656623,1171.3610102498003
1208,653.23,803.2626300870927,590.8405294710409,1091.9268036657127
1209,535.78,584.7042202140086,434.3948056306537,786.9042862709515
1210,578.0799999999999,529.9590838224914,381.0294914534924,736.9470826218651
1211,654.9699999999999,660.9500108792,477.3606661887207,914.9988432872218
1212,686.9800000000002,670.3363615516661,466.8964323456989,962.2313460523275
1213,725.9400000000002,719.5914534724385,484.6669801209794,1068.152452341265
1214,732.9300000000001,740.508557451946,473.7114763982112,1157.250786238076
1215,702.4000000000001,732.5917439983087,458.0117681833672,1171.4249445550074
1216,725.2900000000001,685.7424830950146,415.1519447037809,1132.2765449965746
1217,724.7599999999999,773.2728381194777,466.14435987631543,1282.3258395933935
1218,707.7400000000002,696.183416514019,417.8109182347781,1159.582723847903
1219,679.5099999999998,738.3193309164146,440.8434310533794,1236.0741186840476
1220,669.1900000000002,656.5595503029662,393.63108829174166,1094.6677642056095
1221,718.9500000000002,695.7897175625092,428.506197177386,1129.4049014694967
1222,936.8700000000001,743.2510845206926,473.65911291839876,1165.963114654143
1223,1172.7899999999997,1070.244941920544,701.8501317454733,1631.7317499969163
1224,1252.1899999999998,1143.5488519265887,745.8436937422978,1753.037806602263
1225,1329.89,1235.2542743106526,766.5990545321216,1990.045483612438
1226,1346.7899999999997,1315.6220522105205,763.0305028067729,2267.880132401535
1227,1332.2500000000002,1288.487498593427,724.3425468453235,2291.403797709822
1228,1324.3999999999999,1239.272727345794,640.9460004790353,2395.2707720740937
1229,1296.9999999999995,1284.2114538222913,643.5469827550897,2561.6812710775416
1230,1284.7300000000002,1247.554340349292,632.5097862463364,2459.7164319303693
1231,1275.6700000000005,1263.4146356640772,645.8635241434438,2470.5327286362726
1232,1289.9800000000002,1234.749498395553,632.3067936320164,2410.2749746881295
1233,1298.0299999999997,1293.6991203583473,657.53345907203,2544.4223914738573
1234,1315.9100000000003,1256.8711564992714,618.0250496227792,2555.019093762035
1235,1353.8099999999995,1327.4494765268985,662.1974602566631,2660.0144300034053
1236,1430.47,1338.5174704394299,644.8680551539228,2777.1325292281726
1237,1483.8899999999999,1471.074659232133,727.1196448309469,2975.164450083654
1238,1522.4399999999996,1448.8334310032756,728.1914535395076,2881.668149018346
1239,1458.55,1540.6566864012543,804.9424967325612,2947.976320719276
1240,1321.2999999999995,1371.79643086841,755.6981364162241,2489.517618466067
1241,1298.1500000000003,1267.9442556676074,737.0795178928269,2180.6342073668425
1242,1275.6100000000001,1309.0981738880384,794.4493243052422,2156.7203886920965
1243,1277.7999999999995,1233.938677154328,785.1476576183517,1938.932685103863
1244,1337.5300000000004,1302.0188380921265,853.9930183455126,1984.8151540330252
1245,1512.0899999999997,1352.2583179497692,915.1752584456993,1997.8621808092387
1246,1721.5999999999995,1648.040856357177,1048.6090378355348,2589.808241841102
1247,1914.4500000000003,1764.049958244795,1036.608649313413,3001.482060227057
1248,1977.2800000000009,2047.2010942680186,1122.1434315783893,3734.1665019891198
1249,2021.6999999999998,1884.088305811487,971.5874902383416,3652.7154306152866
1250,1925.010000000001,2132.992758521937,1059.3844668685917,4293.598078065215
1251,1901.5300000000009,1779.5457548812963,913.1603054296996,3467.0385555962093
1252,2085.24,1961.4633430686818,1040.5368370808667,3696.6727426005464
1253,2361.3300000000004,2149.9863182673134,1146.122004325898,4032.3479123626958
1254,2514.649999999999,2477.8136975287553,1366.5423394801383,4492.10940485541
1255,2534.440000000001,2516.3292694516194,1412.7683214986457,4481.309126944107
1256,2714.3099999999995,2522.467967224427,1438.9539695217409,4421.28759834787
1257,2752.8100000000013,2828.068313407633,1647.6703451903882,4853.595429144363
1258,2567.3000000000006,2676.353887387037,1546.5170999744385,4631.080536250542
1259,2621.429999999999,2468.8465579722897,1437.6000717672666,4239.33206979739
1260,2716.5500000000006,2705.893418281687,1577.5544154082045,4640.76078215329
1261,2798.26,2696.384079558989,1574.5586469357456,4616.968926011693
1262,2882.7699999999995,2843.7935682954267,1661.9732206996127,4865.494748971578
1263,2901.970000000001,2883.824539253237,1684.9527898256968,4935.207391155983
1264,2922.2899999999995,2889.203849959667,1690.7176762882095,4936.749608817455
1265,2908.4300000000003,2920.325808347301,1710.0251337142383,4986.737649411593
1266,2889.109999999999,2875.1937888960747,1690.5180624860966,4889.571903870729
1267,2871.41,2874.0542177469824,1693.9920947736618,4875.681596611516
1268,2877.8099999999995,2845.0937477418097,1692.507177031794,4782.120928446438
1269,2837.639999999999,2875.7601109769907,1719.097069477784,4810.210299091341
1270,2791.9800000000005,2787.2317035033966,1676.451099218692,4633.55300487893
1271,2763.42,2772.3444754636103,1675.8561707245842,4585.82128727891
1272,2745.4900000000002,2733.6757202751974,1620.43958840745,4611.229372299877
1273,2742.2799999999997,2736.898545402826,1609.6658306925929,4653.030837480151
1274,2675.25,2727.9159056211424,1565.786757546392,4752.028441224596
1275,2339.9799999999996,2615.2912563328714,1452.8344418298934,4707.225187833826
1276,2021.5500000000004,2101.7569815743504,1124.5087295052178,3927.5229937785
1277,1928.5799999999992,1949.5275662874337,1008.7945866853523,3766.6551617647588
1278,1723.7599999999998,1915.001108298528,964.7999256263012,3800.05666773642
1279,1687.7700000000007,1576.0609793002577,781.8127036830089,3176.1601568676374
1280,1778.53,1830.9514265385765,886.8331553045856,3779.0413390119215
1281,1868.5800000000002,1760.9053044597906,828.0700034966725,3743.3283302867767
1282,1866.0199999999993,2009.4925093530367,903.2410690145725,4469.135529864469
1283,1758.2400000000002,1824.2912205825232,845.5586361778163,3934.5667729976744
1284,1554.3599999999994,1737.7678168038694,811.7293653949394,3718.95112946822
1285,1424.31,1465.5405912472092,713.0888109626034,3010.868093656975
1286,1398.4100000000005,1417.059725494638,727.8836209058331,2757.8675714387086
1287,1389.3499999999995,1403.715119319462,770.0328030179596,2558.196649897564
1288,1388.1999999999998,1394.8650877420143,812.1458453516823,2395.1745046293995
1289,1356.8800000000006,1396.913652942544,831.6456911725223,2345.9317163358373
1290,1263.2199999999996,1341.0619867927753,809.46819517145,2221.3331984213796
1291,1148.3300000000002,1221.1463979905873,763.3591225167171,1953.1100172958295
1292,1119.7800000000002,1107.5227925897327,714.9866706853009,1715.2648859297644
1293,1076.3299999999995,1137.1305355656991,752.5999755797601,1717.8709633257783
1294,1026.0399999999997,1042.1558373088308,715.5317871738447,1517.668285748327
1295,996.6900000000003,1021.603832778435,715.7008606307324,1458.072614888255
1296,996.0100000000002,985.4938666412443,709.0424862820935,1369.5801662890372
1297,921.3,1010.1777785047686,740.9617921103475,1377.077025817755
1298,713.8199999999999,871.6219326302426,658.2248597326111,1154.0975756833561
1299,657.39,620.4230436112729,480.98350719371655,800.202931983089
1300,679.22,693.7074536317709,551.3699082181632,872.7232766505537
1301,680.2199999999997,675.4484804319427,548.9021320955966,831.1163348374452
1302,622.0,690.8040556135026,571.9814829736118,834.2675707416033
1303,623.2100000000002,583.7965774703023,472.72406188670004,720.9118987938846
1304,675.18,655.0588175879383,527.4482236286038,813.4850391954016
1305,730.6899999999999,694.757628647165,554.6019275152759,870.2688956742633
1306,719.1000000000003,764.0107444173859,607.316043447902,961.0680654038426
1307,631.8500000000003,701.034725557756,558.1669652615927,880.4053520818857
1308,495.63000000000017,597.293025327858,463.0554143068543,770.3616372532298
1309,373.65999999999997,438.62909942838843,327.687400486377,587.0168962309415
1310,401.8299999999999,337.58355245284105,234.13812994690207,486.5382058089559
1311,388.2400000000001,471.25930035378866,313.60563577226276,707.915611836326
1312,314.05000000000007,356.6031351650716,235.49277522799642,539.7353444797742
1313,341.5699999999999,301.92126092162437,183.40718630127327,496.6014880918621
1314,341.0999999999999,388.14444107835055,220.64257737800324,682.232426790985
1315,328.12000000000006,312.9262361228625,166.24558505271648,588.2513198193183
1316,317.18000000000006,349.2129513298828,176.5149711603105,689.9226330461148
1317,319.5100000000001,304.321707816689,150.03062003759578,616.2347384980224
1318,315.8199999999999,336.3447531250665,167.21095066158097,675.5402728741851
1319,287.87,311.25147441347144,155.81386858223436,620.7625019706504
1320,262.04999999999995,279.81972559735567,139.29864023053202,561.084694156662
1321,252.28,255.76122099655691,126.99401354414482,514.0735005657504
1322,252.78999999999996,255.09302328198424,126.25506103666258,514.3715383847253
1323,293.05000000000007,256.75065568110523,127.28187062059308,516.8861220423673
1324,376.9699999999999,327.69637435870595,165.5682252473486,647.6309520085275
1325,427.3199999999998,423.44325302244846,215.67074094209568,830.4554805737388
1326,348.73999999999984,438.35452870646844,222.372873338089,863.1711905756623
1327,274.15999999999997,302.3536635307077,147.26560277674292,619.6661791681374
1328,259.7900000000001,267.38599096418454,121.69027214755778,586.0965878957107
1329,264.31000000000006,264.2003701406231,112.05883571634455,621.0764248729647
1330,306.9999999999999,275.3210635256644,109.74649519413467,688.4424064085241
1331,341.19000000000005,346.53319770184555,135.42752219283483,884.300279324529
1332,351.15999999999997,345.28617358171255,131.24859029239923,905.7326445502068
1333,306.2700000000001,363.7913664250495,134.0126174644832,984.6318877253173
1334,247.1,274.51215864616336,94.18617579300599,796.4577077971664
1335,247.21000000000012,240.1630932257427,75.98031628566731,754.5131017958262
1336,256.69,269.1040699658778,79.99740376782954,899.7228036747082
1337,242.2299999999999,260.12043107655455,72.03958509758007,932.5195351193844
1338,274.08000000000004,241.79027281672583,63.18942728987258,917.3306202160254
1339,350.20999999999987,316.659300552914,84.84958091919923,1174.3980642344613
1340,364.7599999999999,369.7088451585835,91.78343193188901,1480.1377960204402
1341,337.0899999999999,339.67699329736894,88.92944162664719,1289.5763859179274
1342,336.93999999999994,322.2595142895929,78.87189767791172,1307.3038792959806
1343,369.85999999999996,338.2968079953053,76.42890666888746,1485.813244155772
1344,412.69000000000005,371.06076578556645,79.1760790230843,1725.5650194378502
1345,421.1799999999999,411.448708564759,85.18591757990153,1972.802008188028
1346,420.3000000000002,389.34134028215624,77.80251472463814,1932.521569275907
1347,401.51,412.8788565635448,81.02814409309846,2087.255315345596
1348,368.14999999999986,362.7852925693559,68.7692916639239,1895.8193016384266
1349,342.63000000000005,355.8377320348956,65.74583565238707,1906.7320069368864
1350,337.5900000000001,323.0735661977099,58.20431500927222,1772.9192876676857
1351,236.42000000000004,344.60014879931,62.455585722828005,1881.2529410068482
1352,240.86000000000007,192.1466950452658,35.63202254097674,1017.3889181979687
1353,235.8199999999999,302.36432999300246,63.40882862663568,1427.8400934223039
1354,222.73999999999995,236.4101718634532,57.111127881695424,968.9276499843759
1355,217.27999999999994,242.75632583604738,65.73327987710675,889.3675421695062
1356,197.51999999999998,229.9451623863725,69.91534056677935,751.1033898080625
1357,239.55999999999997,202.68083751363008,67.01593045851949,608.9436307139039
1358,371.80999999999983,271.1452966518072,100.34524130203368,729.7996067518754
1359,388.26000000000016,407.9089074658676,164.54971366321865,1009.0077548009613
1360,391.2099999999999,345.89147036263915,149.947526952882,796.188894972196
1361,394.51999999999987,382.63516302681023,177.65864746462728,822.7828977169812
1362,379.18,371.0026783085101,182.17413438394095,754.4887218882213
1363,357.0600000000002,361.5074646371448,186.16996257499898,701.0980295649424
1364,357.12000000000006,341.92304806994593,183.58070751988836,636.0991772523766
1365,391.6299999999999,351.7075641921596,197.68070046538753,625.1434832219085
1366,402.8100000000001,388.8343904333963,229.6559017745721,657.8639215184876
1367,497.80999999999983,384.7385640086615,237.91284079581558,621.7971643040725
1368,384.7499999999999,506.356838396483,325.9697656043617,786.2622748219052
1369,546.6300000000001,337.56035932191133,223.77271355398045,508.95120845330854
1370,618.1899999999999,510.51189087230034,348.0101216639696,748.6757207393255
1371,641.9399999999999,579.131312581665,404.0026037933936,829.9880891763676
1372,635.5400000000001,604.4142512862286,429.71349816282896,849.9749920163897
1373,626.5999999999998,600.5067188027937,433.75174778378374,831.2228366171933
1374,628.9599999999998,595.5940770390649,435.94853476760784,813.5684547206299
1375,675.3300000000002,602.4425567298965,445.61641530023064,814.3370695699244
1376,706.6500000000002,651.6365024283512,486.0485062918341,873.5215287585668
1377,740.2800000000002,682.4859163202011,512.6721386925616,908.4380687983182
1378,720.7499999999998,716.3199825292309,542.4605389965268,945.7991149565775
1379,705.9100000000002,696.55959799313,531.150527150127,913.3829948984783
1380,720.9899999999999,684.009012056585,524.7237001645975,891.5550559197279
1381,808.9200000000001,700.4682230797159,540.195663148864,908.2047506952514
1382,760.3899999999996,788.4318821871063,610.2353938987812,1018.5788771955143
1383,758.5999999999999,744.2768665788823,578.1927887344755,957.9857102179345
1384,789.4799999999998,743.9020210868607,579.0232256104591,955.649659046488
1385,799.4199999999997,775.3927204043964,604.4929172330494,994.5288313718323
1386,795.0799999999998,785.6171257549626,613.2521569748857,1006.349336107089
1387,767.9500000000003,781.4973193070329,610.6886999663922,1000.0027236997088
1388,773.6699999999997,755.2225118734992,589.5593007194758,967.357431281761
1389,785.1999999999999,762.8630877276531,593.4046469732158,980.6323270082318
1390,771.1599999999997,774.3471998209391,599.8875247744595,999.4589136641091
1391,784.9699999999998,765.089235068149,582.2971749815205,1005.1641668432479
1392,787.7699999999996,774.0604855591054,582.4861067924559,1028.5339499639363
1393,807.4399999999999,778.1963983547022,579.97130813356,1044.055097745657
1394,810.5999999999999,794.8960639287121,587.7525604304805,1074.9198127547065
1395,840.6300000000001,801.4283772310245,588.8098050630085,1090.6931103185532
1396,856.7599999999999,825.7136903162705,603.2615054674591,1130.0591847607807
1397,873.9900000000001,842.45100828455,612.0946502305959,1159.358523938596
1398,875.7300000000002,858.5645250987469,617.9504747342584,1192.716142031322
1399,881.3899999999998,862.3432546082497,616.0134310296289,1207.0151546032926
1400,866.4099999999996,878.1806915983491,626.2245407493325,1231.347649465235
1401,764.3500000000003,858.3989214408874,611.2997534556631,1205.2172195978853
1402,693.2899999999997,745.375804371232,530.5026887431668,1047.1166947021686
1403,646.7100000000002,685.0411227593786,482.52837057027017,972.3708521836359
1404,680.6700000000001,642.947880430444,450.4560392859878,917.5143992462519
1405,609.0099999999998,702.1079017192413,490.7506014803178,1004.307812480268
1406,513.0099999999999,603.752794529382,423.06301766180235,861.43300466906
1407,409.00000000000017,500.12362274829655,348.6709239063793,717.174912774884
1408,364.7599999999999,384.3995292690255,267.6378011561756,551.9110070195787
1409,489.43999999999994,364.02319441987595,254.00417231218344,521.5088329196902
1410,522.1799999999997,607.1848140818017,418.32143121259617,881.1127196148052
1411,395.8999999999998,520.3447549277173,356.6591908448771,758.9423150530084
1412,457.7900000000002,356.8094930199359,241.45890017838158,527.0384972504256
1413,468.8499999999999,591.2288128382461,395.89907580932055,882.688040947466
1414,363.0200000000001,473.4960422765344,317.32956365042986,706.2748492293254
1415,325.7899999999999,355.16621758327994,237.65786979630838,530.5323339467036
1416,318.1199999999999,337.2463281298233,226.1560961949902,502.66501454179934
1417,331.28,330.6822051384727,221.98492369863416,492.36557548708276
1418,365.43000000000006,356.58672224244805,239.94849950747675,529.6871144060802
1419,446.70000000000016,395.89967997776716,266.54531729036523,587.7950406378759
1420,470.97,510.2795791340723,343.81561471921646,757.1060627210222
1421,315.93999999999994,458.17437795162914,308.2780541349491,680.7202402446183
1422,282.89000000000004,254.33423249126332,170.8856799201091,378.29611304562906
1423,247.61999999999995,337.8087928295554,227.37824235516536,501.6371904557409
1424,197.78999999999994,230.82999917304238,155.27794782197307,342.9074371375648
1425,170.94,200.77590742262893,133.03338586531555,302.75653463784465
1426,189.63000000000008,168.09290142114304,108.82340098143835,259.34896985072334
1427,306.7199999999999,219.0170387066781,141.60768254619552,338.4452280337354
1428,324.2299999999999,401.7797766438523,262.88505275532356,613.7811207165796
1429,338.9499999999999,291.73061950655085,193.3048805548515,440.014221320595
1430,407.32,394.66237727312944,266.1073645887931,585.0891070166789
1431,588.8399999999999,418.61500354739024,281.7374893005911,621.7570020432668
1432,493.5700000000001,691.9720443793161,455.14842145811787,1051.7500078948324
1433,276.9700000000001,408.07611342549086,272.88706495314887,609.9936831223877
1434,232.4799999999999,261.81756277291123,176.7783613360264,387.534750701944
1435,297.1199999999999,256.04288929328294,174.70845424523375,375.02656753228564
1436,482.4499999999998,361.5223159215743,246.12816929893035,530.7986610509423
1437,400.4800000000001,504.02481102501383,320.98235910886814,791.1243277325445
1438,402.72999999999996,305.33407198487583,187.83602891111127,495.94205178932066
1439,387.00000000000006,478.5821626598056,288.1407641104287,794.457020559076
1440,413.25999999999993,338.7202876135039,208.564711605441,549.7123452802031
1441,338.7500000000001,417.21925609434413,263.7481378960265,659.6556237113075
1442,317.68,312.04222148692094,201.42875975305898,483.09836899168977
1443,374.8699999999999,334.51030872453134,219.3549291549201,509.8447888691894
1444,512.89,380.37254780647976,252.78918064401182,572.0938562917712
1445,725.6199999999999,495.87808516234253,334.494470172381,734.8924020051426
1446,521.3500000000003,647.7082140901508,433.5580985783599,967.3914496237375
1447,352.63000000000005,389.0770322566361,263.8086570628595,573.6039150752741
1448,302.23000000000013,333.76491565132756,228.5718517354318,487.15892673197493
1449,407.6999999999998,307.6474214531559,212.46948239411915,445.2615906558568
1450,490.7100000000001,441.3308998716257,307.1431110076033,633.9537536031901
1451,435.08000000000004,442.1284781931087,310.05302515401144,630.2841615622141
1452,347.83,393.0337736755611,277.7524267668628,555.9910784197716
1453,213.25999999999996,328.9046346295736,232.85549922383552,464.40307288604197
1454,219.7700000000001,210.84972020711524,149.51567063555365,297.17695235536314
1455,297.8200000000001,279.65766042588774,197.95000853541566,394.92218636025365
1456,509.14,330.09516510879405,234.36521868555604,464.7612920491681
1457,687.1800000000001,533.4219011949325,379.05279179888055,750.4923574826571
1458,674.1499999999999,549.1007678731597,390.5717789107443,771.8106853267833
1459,555.4199999999997,545.4907056895814,389.4900451642012,763.8135851440552
1460,550.2,458.76772995395567,328.3578269474058,640.8136999087294
