step,true_value,prediction,lower_bound,upper_bound
80,14.089999999999998,16.011479200610935,12.01863404353586,21.228939197849982
81,14.039999999999997,12.03616970193491,8.9061966298844,16.155092599815358
82,13.750000000000002,15.55366815906887,11.105718862915312,21.635907261981455
83,12.470000000000002,11.63196867154793,6.7874255176600515,19.49029324994618
84,13.569999999999999,12.720304895438714,7.294277570937243,21.695981031959587
85,12.590000000000002,13.848283477790783,7.870053041138439,23.855716331605844
86,10.889999999999999,11.012922826038253,6.429689690692143,18.423464617256048
87,10.1,10.375104314499664,6.036329206809405,17.389275766194796
88,10.000000000000002,9.504648004042528,5.781461087568982,15.27195500555354
89,10.85,10.173857322766708,6.002364419929012,16.83041841041642
90,12.06,11.153584684437872,6.521426553737183,18.638511341762698
91,13.180000000000001,12.544211026452968,7.697170669710665,20.092566685849913
92,15.099999999999998,13.331418329371948,8.447854224538291,20.739280311714953
93,19.750000000000004,16.40788002083726,10.728111660354687,24.838284593097118
94,18.999999999999996,22.76588311193748,15.353842701384291,33.53727728728035
95,19.450000000000003,15.32670635558162,10.374588632245901,22.434811494255953
96,16.340000000000003,20.813818790114855,14.845837555552338,29.029507026041294
97,14.180000000000001,14.371392682441966,10.589208273750394,19.38790807936423
98,15.360000000000003,13.722227354781193,10.46007149170592,17.912969124384023
99,15.690000000000001,15.790636819923048,12.437350189885054,19.980735102875755
100,14.889999999999999,15.176691819144306,12.252530949132494,18.746066560116212
101,14.030000000000001,14.33123029693993,11.812108414459258,17.345662931835957
102,14.429999999999998,13.509606206737496,11.343548236996524,16.055766156735324
103,14.549999999999999,14.560724160378191,12.440272212599208,17.015716688267208
104,13.270000000000001,14.159607335707713,12.261895342061221,16.328872581581123
105,12.19,12.51203804422559,10.935286734435138,14.29709140391594
106,14.560000000000004,11.796974932132159,10.40456575011003,13.359386495013094
107,22.330000000000002,15.878660401010208,14.10889515773216,17.855725316674437
108,147.23000000000005,25.371016543767517,22.6002276212992,28.467110432614398
109,73.91000000000003,440.42920898970027,377.2810524963964,514.1189711018602
110,45.050000000000004,34.86009215436275,28.679384993681637,42.32792642412067
111,36.150000000000006,33.138227600986895,26.56118435083397,41.28477879984571
112,36.90999999999999,29.061621787997165,22.790418229550088,36.985927603496194
113,36.699999999999996,30.99749925587671,23.93826166030573,40.054985009619905
114,30.930000000000003,30.98434406089704,23.620127999322545,40.55129758196175
115,26.329999999999995,26.69909490826477,20.09815950793657,35.365250648922434
116,23.66,23.833765851797764,17.717240247129684,31.94908427947817
117,19.690000000000005,22.167470419724257,16.295643493287805,30.03276763637597
118,16.690000000000005,19.06568531761781,13.8573293042214,26.099872327071832
119,14.599999999999998,16.95567856899455,12.188454249971143,23.446109207510474
120,13.620000000000003,15.470956821865613,10.997510063515705,21.612393504278742
121,13.429999999999996,14.937229405161595,10.500935309709817,21.08475000275052
122,12.870000000000001,14.978316450962671,10.41682484594291,21.36231176812967
123,12.750000000000002,14.48833989343906,9.96710898415623,20.873464830271494
124,18.200000000000003,14.484803435277788,9.88247606085483,21.033509294056365
125,29.699999999999996,19.90468621854989,13.531396292379032,29.07322194669047
126,38.39000000000001,28.672235105375414,19.37072454048966,42.22092394890876
127,44.11000000000001,33.4076128560315,22.37572140123022,49.64587321733901
128,49.19,37.082105184908585,24.678698357842155,55.47664515952941
129,52.17,40.798907683841676,27.082859708651373,61.21405874217581
130,64.65000000000002,43.043071758675495,28.54455883646655,64.65649467561428
131,55.769999999999996,53.708101441824795,35.69070978342507,80.57313884184008
132,42.949999999999996,44.84988173462838,29.7189753320719,67.43365159008457
133,39.39,36.58318563098361,24.11396637750787,55.24343924574206
134,47.17,35.570683528169404,23.318681355737656,53.995370602278825
135,44.769999999999996,42.82644344127468,27.963168328525484,65.3172316966275
136,72.58000000000001,39.17547543793829,25.331930850726906,60.29701751893464
137,49.65,63.782687080905916,41.189122719097654,98.47579553539329
138,39.790000000000006,39.094396281737694,24.61387257541317,61.7613262486565
139,43.8,37.55522267206015,23.33858471497387,60.07607376108421
140,42.74,45.67962937065967,29.687506854592623,70.00569650401722
141,38.92999999999999,41.691150567158914,27.921146234780334,62.01736182766048
142,44.00999999999999,37.77943840769598,25.894044166822326,54.9173932298176
143,52.36,44.36847352286673,31.104665458070286,63.11212702039407
144,43.85999999999999,52.095052544309524,37.282259702240914,72.63945144852485
145,42.529999999999994,40.5649935526963,29.42576061585022,55.78243219121599
146,45.60999999999999,41.759961599316696,30.7250374778627,56.63316488596369
147,51.62,44.90555942733156,33.49081865146149,60.09801010034815
148,52.190000000000005,50.901608319351645,38.46854317314303,67.25123831701025
149,54.77999999999998,50.06610363014783,38.32545471293573,65.3119335555249
150,59.82999999999999,53.29383487225957,41.25451683669379,68.76344130330477
151,56.5,58.42341436885269,45.69956459599476,74.61402779235375
152,50.95,53.621274823636774,42.27824092045663,67.93726731737458
153,43.400000000000006,48.44400277474146,38.427761010329576,61.00477399028973
154,35.13000000000001,41.17267652099438,32.80642074242583,51.609374369894
155,30.279999999999998,33.71884061360675,26.902180147210675,42.20084979716292
156,35.99000000000001,31.843716709315927,25.00871044495972,40.47494084970457
157,27.459999999999997,41.16075941222523,30.75168378134435,54.98221645366483
158,24.28,32.532593282345964,23.469954812858663,44.951650537922404
159,22.160000000000004,28.731699710956175,20.416430512301233,40.2755042066759
160,21.76,25.134020883955642,17.910113756987496,35.11755361919272
161,31.239999999999995,24.049551308682698,17.292217315935968,33.30311426596019
162,47.629999999999995,34.356367727497584,24.841951253980792,47.373775130059755
163,49.86000000000001,49.0397703586282,35.23804062116522,68.0980686213418
164,38.57000000000001,47.537921589685574,33.95161563392545,66.40546293830559
165,35.13999999999999,37.626898712986815,26.690104017916664,52.88341276067189
166,38.37,36.896596280962434,26.112921701206286,51.969282525474185
167,38.27000000000001,40.296211803408035,28.361323173059976,57.08243379428754
168,36.800000000000004,38.26435290902582,27.180976089843753,53.70674274906109
169,32.64999999999999,37.41778729359497,26.745931612718294,52.19433497988462
170,25.350000000000005,32.301219366916385,23.104509974314016,45.00679343845681
171,22.659999999999997,25.125509368152365,18.115245069043592,34.70669574363804
172,21.659999999999997,24.72520121942668,17.936874159441363,33.946949122014686
173,20.149999999999995,23.0057282456872,16.915039206098676,31.16710731001959
174,18.82,21.24127000578278,15.781199577863628,28.47787428275783
175,18.120000000000005,19.630514160209998,14.67551092878867,26.15178576622733
176,20.66,19.096899677733777,14.359517576078192,25.295446758427534
177,33.919999999999995,23.371569672612758,17.723923503983553,30.722700008929692
178,29.99,42.243875000661134,32.06015475258227,55.564548444127894
179,23.63,26.336025268534367,20.03794892212859,34.51954043846699
180,22.239999999999995,24.456520500808235,18.68594914409719,31.918627964777727
181,25.08,23.177318096041564,17.766066164017975,30.148920887744715
182,23.779999999999998,27.860852033265623,21.479883994044904,36.05307288537196
183,20.53,23.57810351056261,18.19076778411411,30.477801147486286
184,20.570000000000004,21.386093654861938,16.50210463269079,27.632967271159806
185,19.67,22.609304060450047,17.430659829369816,29.24304302608583
186,18.589999999999996,20.711501356947828,15.94772340479659,26.814313457542834
187,18.650000000000002,19.957807359114188,15.294387398480914,25.955888463943673
188,18.250000000000004,20.11506582581334,15.39704791869545,26.19062644929453
189,19.840000000000003,19.14003640841789,14.655217922833844,24.90964038518949
190,48.309999999999995,21.884584589648803,16.79841457282126,28.424205717766807
191,54.45999999999999,63.986714542444446,49.55745102355683,82.53413753105079
192,31.5,36.84715054009581,28.52591067283818,47.513552041678125
193,25.809999999999995,26.962305567452297,20.75968461271016,34.93299014043888
194,23.340000000000003,25.96914101857901,19.961436082458665,33.6986992884835
195,19.869999999999997,23.472880482357038,18.00301707640954,30.517199437095552
196,18.529999999999998,20.60938046855941,15.670095503518866,27.012156507224926
197,43.31000000000001,20.54488790046157,15.576517349070574,27.00239548927215
198,62.36,51.704127008484136,38.61137155534953,69.12443383448797
199,35.62,38.97268177584847,28.68839110831123,52.81953109294434
200,24.02,27.391834028199316,19.570993187614285,38.18606321692644
201,20.140000000000004,22.591237928536053,15.665781266096612,32.3945644740332
202,19.29,21.642261886123062,14.638274133890054,31.783158738006648
203,18.01,21.099787572706408,13.47546056926708,32.73990129168493
204,16.139999999999997,19.567454210930745,12.25942480917687,30.903357710204727
205,12.809999999999999,18.292126162473746,11.364611793546475,29.100915263919646
206,13.899999999999997,13.986084029728735,7.739277414668422,24.69808736923035
207,16.919999999999998,19.874451351888858,11.462412181323165,33.9645568532392
208,13.14,17.962789248568775,9.44387917006778,33.430442006282036
209,12.840000000000002,13.977487732949063,7.439258415880795,25.58114347683796
210,11.83,16.90158604774978,8.547446781563409,32.565705089221005
211,11.01,11.965965840200898,5.781188534208182,23.791564092515973
212,10.869999999999997,14.71358341429532,6.622653856558698,31.392485394776834
213,22.349999999999998,11.401161959226817,5.267830326025125,23.536212682786946
214,14.219999999999999,33.89680624148716,17.634127386858385,64.352514801135
215,11.98,11.878414720708811,6.181822144054734,22.09352172635834
216,12.840000000000002,15.68937914398252,8.625200629390374,27.93813718137948
217,13.279999999999998,14.58290957943296,8.27104213708881,25.1919930219445
218,12.2,15.262342724663768,8.936814865297722,25.61454344067633
219,12.14,13.52432026026525,8.115107467928667,22.14354271356601
220,11.559999999999999,14.12680881174896,8.761888059686736,22.44017298991123
221,10.680000000000001,12.881092413370125,8.140922976704,20.079351295223272
222,13.419999999999998,11.874087332178679,7.7556773474293,17.929674776700864
223,12.319999999999999,15.595881334106682,10.484472696357804,22.982231012060186
224,9.760000000000002,12.893411223165888,8.733678803382757,18.83082443083174
225,9.389999999999999,10.718960317376952,7.31579975640347,15.514831398447694
226,8.850000000000001,10.895220999275475,7.525601310006024,15.596633771220088
227,7.890000000000001,10.020794213129408,6.983164448484163,14.214255684186611
228,7.4499999999999975,8.922615434547374,6.287312234807599,12.510920609608997
229,7.199999999999999,7.9041339169692435,5.64469905905433,10.93185727550551
230,6.830000000000001,7.497440995120078,5.425399333892454,10.23766784185306
231,6.56,7.187179520818487,5.159862798522033,9.881721021804653
232,10.38,6.9420464425333135,4.953880478008113,9.59411621182868
233,10.939999999999998,9.501218007948012,6.801697320160068,13.134819017586429
234,8.05,10.956003799720165,7.849182600323953,15.153585400496766
235,6.550000000000001,9.236274407062137,6.497734119628165,12.975063941300672
236,7.4499999999999975,7.987944154748906,5.518686807454402,11.392548148885755
237,6.290000000000001,7.99134970206012,5.525195705815847,11.389570077213278
238,6.800000000000002,7.14964860207146,4.88877143735826,10.278544776911954
239,7.58,7.210937246974533,4.911157711511334,10.40546298442717
240,7.27,7.753954336702922,5.363869063597974,11.041686553141336
241,7.35,7.681572346152178,5.377684283173189,10.817721770945733
242,6.550000000000001,7.721644051404654,5.467509708672047,10.761416431645495
243,6.3100000000000005,7.200325000956006,5.129544163639884,9.970690205676254
244,5.93,6.8498422143040685,4.874905793133282,9.488682705600661
245,6.880000000000002,6.055567342589279,4.362063902204007,8.283930858293296
246,6.01,7.465764538076069,5.470162164483096,10.076873715401229
247,5.580000000000001,6.191725704417102,4.513541638979017,8.380706992747259
248,6.570000000000001,5.8998567009204095,4.298928938951166,7.984461396204246
249,6.6800000000000015,7.142851541843699,5.2666233171328845,9.580822857379394
250,13.240000000000002,6.913213965859476,5.095154076990805,9.27356396220727
251,12.860000000000001,13.206600322913314,9.88961707646744,17.533938458786736
252,9.15,11.12864374007231,8.254965865546055,14.894602001853617
253,8.610000000000001,8.274932403061092,5.965763227374902,11.349597348253752
254,6.440000000000001,8.495392879782075,6.027460016388464,11.83002475021583
255,29.050000000000004,6.507145118913753,4.4432880850866905,9.35352657354953
256,38.599999999999994,12.88436705304306,8.710585695996564,18.852113404766545
257,72.01999999999997,10.896366877243693,6.79010050108782,17.167101291981833
258,35.879999999999995,64.62700502885649,43.28571921866654,96.25265537162561
259,32.49,27.66682573904213,18.85362713829806,40.392280223061334
260,26.500000000000004,27.38451415032591,19.120039508141396,39.04369092933641
261,15.330000000000002,22.85420935649497,16.27173135576401,31.945354018234816
262,14.349999999999998,13.80791269493329,9.87955102645961,19.15471758416138
263,10.070000000000002,13.511995091751336,9.7976129620664,18.504125799181406
264,21.17,10.009442582032959,7.283217652294134,13.632939885807614
265,28.48,19.242502364189868,14.403973782080245,25.60085688024951
266,24.780000000000005,24.768934262178643,18.684730723922396,32.73365794643532
267,14.599999999999998,21.654300963428625,16.358049543946887,28.56653343120412
268,39.489999999999995,13.497797872479143,10.154168103902377,17.843730988573267
269,23.140000000000004,32.21585316310465,24.497190116713462,42.27115640204283
270,16.500000000000004,21.000078577833875,15.923235747771024,27.599935889601586
271,11.479999999999999,15.776665080071467,11.983603158875967,20.67784148705112
272,8.11,11.818433956023918,8.982236925068154,15.460463753601513
273,5.990000000000001,9.013899527007057,6.841879127546465,11.787519688328425
274,4.789999999999999,7.069652663081635,5.351889276636954,9.25195674337358
275,5.789999999999999,5.885658245532306,4.443417317454902,7.710022897240384
276,7.140000000000001,6.902560718858295,5.270561460158482,8.959310073274326
277,12.48,8.247564353309901,6.361433360557109,10.616955867156832
278,9.019999999999998,13.004100884963826,10.151497929259557,16.58641241206475
279,32.720000000000006,9.805647063484994,7.612092874502613,12.55791329263218
280,29.88,26.290436768991416,20.605409131103357,33.471364764397975
281,15.66,24.094486909493796,18.711924597881975,30.946818288784428
282,10.750000000000002,15.38998960296772,11.73299471719545,20.09729605264129
283,8.220000000000002,12.111879540142356,9.055227369105344,16.097712340491835
284,6.58,10.020347072357398,7.376431402260364,13.498781612709648
285,5.32,8.575756792209164,6.22756340322052,11.686864580486645
286,4.5,7.132865520605046,5.13697007007061,9.777875860731609
287,3.76,5.90619883824323,4.225692837054526,8.127130866772466
288,6.77,4.907498278886594,3.4777608705890257,6.79374712577212
289,30.150000000000002,8.032884809949042,5.84855377650295,10.913903380557478
290,32.220000000000006,28.857750662871435,21.40485049965893,38.789833663909995
291,28.289999999999996,23.824308127096515,17.478482686228475,32.34939802434656
292,22.869999999999997,22.19407237834092,16.14758873383689,30.37263214332665
293,35.02,18.5974434913836,13.482229048685054,25.519383867419567
294,80.37999999999998,27.97165138731048,20.372883200434195,38.27203345643126
295,41.31999999999999,59.8057933318582,43.6108021054525,81.88002744215956
296,28.950000000000003,28.302235061375516,20.356438719868404,39.20431453270854
297,52.10000000000001,24.114666279397184,17.182207183699237,33.6903132250615
298,32.46999999999999,42.74641968178776,30.432929727232732,59.88357819592876
299,19.990000000000002,23.341363474605558,16.430296219186598,32.99265097690412
300,14.909999999999998,17.959959410955452,12.516589025088921,25.595471697617395
301,11.269999999999998,14.324858757128471,9.907544179821206,20.531088213276146
302,9.280000000000001,11.467062892084467,7.869002315562536,16.524818646451237
303,7.870000000000001,10.00959884706058,6.838261644271658,14.464049590865729
304,6.660000000000002,8.726088607894743,5.938082527653294,12.634429863234255
305,5.76,7.59201728031276,5.144775525178084,11.013906877917004
306,5.2299999999999995,6.73106308958134,4.544707860410579,9.77952851616264
307,4.700000000000001,6.402897514669413,4.319886150323896,9.301515871606005
308,4.42,5.787557765539762,3.8877821662148992,8.42573520133294
309,3.999999999999999,5.881175703314623,3.848337424844712,8.76635388808651
310,3.5299999999999994,4.78944289965425,2.9295076271263656,7.529732543837394
311,3.0600000000000005,4.262389833003784,2.4593805823695445,7.0051171286661695
312,3.3499999999999996,3.625753199751755,1.9174050695870437,6.334460643835933
313,3.83,4.418236712674467,2.2491843479010893,8.035279605953308
314,3.2799999999999994,4.541880469231686,2.271805689543786,8.386999733328937
315,3.4800000000000004,3.4758124111258475,1.615942397891208,6.658003767872452
316,3.2300000000000004,4.431435328533919,2.1359498234533376,8.407194435132938
317,2.79,3.3392912950815967,1.4888418951234597,6.565546441686238
318,6.570000000000001,3.2416031944272925,1.3739792225471108,6.578498365993505
319,10.169999999999998,11.753623825757433,5.693092248826162,23.301909288259722
320,56.340000000000025,8.663578420576695,3.7673816678512804,18.588267606173275
321,31.859999999999992,82.62501652803758,41.47641311960883,163.63592087266522
322,27.229999999999997,28.244264481597725,14.246719153961404,55.092526951769365
323,16.980000000000004,25.120573748596495,12.935376667353475,47.96059785411195
324,12.38,15.724553323618988,8.136163991852502,29.615768732261913
325,9.29,12.215331274017345,6.361927731101657,22.722724137076877
326,7.9,9.463181524807748,4.89826975792851,17.561064873968608
327,14.88,8.202997689629747,4.245431447720782,15.146463321359729
328,12.030000000000001,15.311968094327955,8.370824584188467,27.394545295334463
329,9.8,11.656196946821415,6.322362452742674,20.875360881205044
330,7.6999999999999975,9.683733478046307,5.282894716698175,17.167129353062293
331,5.76,7.734852678245868,4.192669781147498,13.693337825498785
332,4.4,6.01619362232959,3.220714598101507,10.663184468374356
333,3.6400000000000006,4.804541746527986,2.4983730392252874,8.630964025107906
334,3.17,4.112029142046624,2.099815291734116,7.430451330057981
335,3.4000000000000004,3.648623626221559,1.8304592581690016,6.634697993231103
336,13.59,3.892530899952841,1.9874166834997773,7.012561066289276
337,37.989999999999995,13.47915787075359,7.949817530065575,22.424613065230794
338,25.210000000000004,31.900953372112788,19.733416282347672,51.20908691808555
339,18.74,17.399942701599727,10.756839517631734,27.796675408762503
340,17.75,15.143720436642031,9.436664968015412,23.971550810068
341,14.640000000000004,15.023448930060312,9.501249678837443,23.44955823987941
342,11.159999999999998,12.509163258335171,7.9607611283993585,19.36629359106151
343,9.03,10.05130518907973,6.3996666634508115,15.50497947230842
344,7.640000000000001,8.709712148506894,5.569152887200195,13.351699774039558
345,10.230000000000002,7.7947282037102585,5.018916104036362,11.850693187975592
346,10.59,10.646398211220085,7.005987607276516,15.942143549039542
347,9.369999999999997,10.243035029911619,6.78657894493562,15.233809170590114
348,8.08,9.362862429426134,6.190249761006754,13.935352915498092
349,6.6499999999999995,8.431051528066316,5.561168778906287,12.556233031375948
350,6.6499999999999995,7.597022513996853,4.924117778153734,11.475916056011066
351,6.740000000000002,8.01125729164888,5.165498903542756,12.170508866628007
352,7.280000000000003,7.404951126110154,4.670133988701078,11.458824354604602
353,30.640000000000004,8.351241565034263,5.271478813540178,12.943396989371683
354,49.1,47.0535455514047,28.896295868696726,76.23843951112157
355,28.219999999999995,26.546515201471014,15.820719289759595,44.111655849749255
356,18.61,19.4959948982774,10.904324781435665,34.28850351305273
357,13.229999999999999,13.968163670901731,7.745434787560988,24.618614639671506
358,9.809999999999999,11.689832381909186,6.317475956662428,21.006474204310077
359,7.609999999999998,9.008994960594489,4.722237364163924,16.507134665295933
360,6.550000000000001,7.863012009185022,3.9813070229975356,14.769552350878406
361,5.21,7.0335532329492185,3.471724489714341,13.432458371502138
362,4.529999999999999,5.539294194995081,2.6173503852268767,10.821461571247362
363,5.86,5.381354313831153,2.5301413584880117,10.535425566100528
364,15.05,7.632270679107604,3.792111235429415,14.549742778603004
365,50.32000000000001,20.794865329584958,10.963892050758865,38.70414917816099
366,33.160000000000004,54.11107444839436,27.57771379574239,105.27968873104766
367,32.27000000000001,14.585070555128214,7.128650302411311,28.881273664370994
368,38.27000000000001,32.22779920357761,16.28936509307089,62.85929350035884
369,27.309999999999995,28.39224524087393,14.68589291806864,54.07522490508281
370,23.32,21.24306741553787,11.14284863268619,39.744479571324035
371,45.04,20.44793810232807,11.011723315928924,37.29708999634256
372,42.57000000000001,49.30827999636239,27.705382274584633,87.1689368210659
373,26.84,26.998157421374106,15.28785270231758,47.12769573244644
374,19.930000000000003,21.579796665744247,12.333229099179125,37.23884024446443
375,16.899999999999995,16.963102143512273,9.744524778825491,29.0313922914632
376,14.689999999999996,15.976904182804812,9.305346982854218,26.96754695515454
377,12.0,13.974621952380518,8.199342222210463,23.37558003607297
378,10.080000000000002,11.870000807123743,6.977557571621292,19.762861225168585
379,10.070000000000002,10.554425773934048,6.225771608462392,17.476193574814708
380,9.17,11.3100944194465,6.764073772169799,18.517901176940764
381,8.31,9.60262610688685,5.748007375800177,15.659092692397717
382,8.400000000000002,9.360923303898112,5.653459173946536,15.134273751857187
383,8.77,9.744886679257922,5.943719749929796,15.626908041797279
384,12.240000000000002,9.939106354593095,6.121204611684734,15.803905288825693
385,14.849999999999998,14.983775641183733,9.43500013366262,23.483093481094784
386,16.899999999999995,15.364709802983246,9.66973012253103,24.09939088059414
387,43.32,17.77642968244278,11.231953202842703,27.82240520163082
388,67.64,55.206886979163784,35.289666474627694,86.05547476159055
389,45.980000000000004,51.84517987959693,32.861201312140594,81.47235562507028
390,32.77000000000001,32.43285249609827,20.032475727419246,52.14427271957759
391,28.740000000000002,27.349927929977312,16.806434310074284,44.1364040458224
392,24.56,25.593386989782413,15.47080935735029,41.937066190540826
393,23.140000000000004,21.656954288495342,12.958810850117953,35.7751653878618
394,20.219999999999995,22.270019358122227,13.338089559031253,36.76610535859764
395,63.21000000000002,18.307125214701752,10.57752226436254,31.197310922355342
396,245.24,79.81949585495126,47.36072255479295,134.06396441550126
397,65.02,256.41080408154784,140.5327153384709,467.1625862928552
398,35.83,18.973718143882973,9.953846352516626,35.42094326068595
399,24.310000000000002,53.18274198701242,22.27944806998241,125.10992839717169
400,19.46,11.594873242202393,4.094916355332639,30.135119975250127
401,16.219999999999995,23.368915270912098,9.488975699596281,55.616017472873935
402,15.139999999999997,15.683322033959282,6.559817041157347,35.817456371428364
403,16.41,17.7214767231918,7.919866797634761,38.29360142350457
404,13.070000000000002,18.21519245513739,8.51780158749321,37.79295210073976
405,10.960000000000003,13.474263574484356,6.428563625696819,27.202532357524575
406,9.989999999999998,12.77929696957269,6.2938773037142735,25.031288582135566
407,8.800000000000002,11.567512978882652,5.854629549085523,22.041709452475814
408,8.13,10.335325627258886,5.346451487130013,19.2458976227198
409,7.750000000000002,9.82864719418624,5.202107181682118,17.90641303369974
410,7.419999999999998,9.331974770950692,5.060391332226237,16.614325018900704
411,7.0500000000000025,8.986749754762862,4.989499648693998,15.651669841236775
412,6.599999999999998,8.529018143326585,4.797068911814455,14.663465133352467
413,5.87,7.968467036091987,4.567408606655383,13.447188388744634
414,5.489999999999999,7.068632853385697,4.077153260396978,11.822704532193834
415,5.28,6.8529107681793135,4.03905142492391,11.238058779866057
416,5.13,6.5524014843843466,3.9522061237173425,10.517850177551795
417,5.17,6.414892872939189,3.9509292446129107,10.105114535213492
418,5.61,6.392833617559891,3.9716546515990183,9.993118534358672
419,6.6800000000000015,6.879586184280379,4.377194603127554,10.54651877382118
420,5.89,8.08497408319592,5.253435770662724,12.198625062969905
421,5.45,6.364626762388601,4.112360048882191,9.609136843002553
422,5.4799999999999995,6.353740355772518,4.157363808027581,9.485492052343522
423,5.669999999999999,6.3212751163951175,4.172048301212112,9.363605714467996
424,6.749999999999999,6.522981518400948,4.388537341699583,9.50289667443442
425,6.400000000000001,7.892406809723807,5.444339303577252,11.270443119859918
426,6.19,6.750556655296435,4.645031481177919,9.641416025269915
427,6.610000000000002,6.584001342558107,4.472613698015221,9.509982896249952
428,7.59,6.8583128179599635,4.125208066513257,11.048892365637219
429,7.140000000000001,8.446735713489852,5.141724189141365,13.530254516851041
430,8.23,6.561232702167615,3.8498582356465496,10.788435289945578
431,7.35,8.87721958474805,5.324477831186573,14.425695105492482
432,6.490000000000001,7.181520653072079,4.212695905242882,11.841201829809421
433,5.700000000000001,6.4378011312701116,3.7314169874197285,10.692244800112643
434,5.4,5.617521553983138,3.1829794427641867,9.468995154442625
435,5.2299999999999995,5.438482529009677,3.020414060806411,9.31089252236075
436,4.83,5.278606770229048,2.9145227224898824,9.070423847250494
437,4.44,4.850439923485633,2.684754638516601,8.288989540995287
438,4.11,4.493484362748613,2.513280916586186,7.5897971611924255
439,3.6799999999999997,4.192512493844936,2.362210568063467,7.019184239928547
440,3.38,3.7264643026789566,2.097006633763244,6.213244092200499
441,3.38,3.4408371805164952,1.9507555764095823,5.683384764743491
442,3.41,3.5017904936097946,2.0381783260888477,5.67048325449836
443,3.7200000000000006,3.5192258359247663,2.0687847813256632,5.655208367941441
444,4.32,3.8994574456721818,2.366137938543553,6.131223883338194
445,5.2700000000000005,4.534965244867503,2.8347652622729216,6.9889740744477455
446,6.470000000000001,5.503476530467974,3.599567527358796,8.195474733389744
447,6.950000000000001,6.64090922163357,4.537192976732116,9.543879178236823
448,6.960000000000001,6.8219975676043,4.733960929189068,9.67039812499395
449,6.300000000000001,6.785134604125672,4.811159676417254,9.4296429936893
450,5.84,6.027726542310061,4.330127351191003,8.265996307284007
451,5.53,5.754212512873925,4.191743193815142,7.786911248500983
452,6.21,5.466048293402075,4.0259100945895785,7.318847680466142
453,11.74,6.389889581224098,4.799393835369823,8.416582072702434
454,13.079999999999998,14.113660714145537,10.983683820333054,18.06114543799419
455,12.229999999999999,11.312120618606595,8.836085670730784,14.411447114394159
456,10.220000000000002,11.533719465772073,9.060043352143706,14.615650762896406
457,8.719999999999999,9.088881353348805,7.143209184002991,11.499436605644716
458,7.460000000000001,8.146301888061565,6.418685689580014,10.276234326122852
459,6.490000000000001,6.96339184204233,5.479868867632089,8.786557556230305
460,5.9,6.257642359902995,4.911127255485861,7.910884565270429
461,5.260000000000001,5.766000552669053,4.520195695464271,7.292960250726717
462,5.22,5.142046799989088,4.001990355618481,6.541945547912127
463,5.62,5.405771224714662,4.223446489050391,6.85571462623373
464,7.340000000000002,5.806168119217777,4.5553135282523884,7.33866967750229
465,11.240000000000002,8.019143536882853,6.389344120742784,10.008412764341372
466,13.87,12.379839046047145,9.97835727329868,15.30663754526704
467,13.449999999999998,13.327033130373456,10.79274686607251,16.40594287742736
468,11.87,12.304707284167302,9.903742199606002,15.234356304184335
469,10.919999999999998,10.729124413431665,8.484996844401868,13.504207198229608
470,11.879999999999999,10.310075116195366,8.173712765372365,12.943950765150142
471,13.670000000000003,12.0425997028093,9.585068075606799,15.07069560560852
472,14.99,13.68136547468855,10.935653297864015,17.058709215351463
473,17.830000000000002,14.685249541409538,11.768322081715013,18.268550057067664
474,24.540000000000003,18.557964035221733,14.975030036323947,22.944490641536717
475,26.209999999999997,27.016405321802235,21.937879527249706,33.219334277305
476,27.849999999999998,23.829197911026803,19.417646157397037,29.193934411072753
477,27.540000000000003,28.286295657467956,23.294732037698815,34.30341935880295
478,28.440000000000005,25.327045306863173,21.041517507839153,30.445807410633943
479,28.619999999999997,28.373492911090644,23.869241451596046,33.693542522283884
480,31.379999999999995,27.056619385338,22.95083302847259,31.866242706378394
481,35.33,32.09153279469159,27.46619803974658,37.46841580927529
482,34.82000000000001,35.339515125344356,30.37707486773983,41.0867899608723
483,33.14999999999999,32.80721375235356,28.275674764541435,38.04018304922668
484,31.28,31.628113026936916,27.265811030938693,36.66365516748506
485,50.86999999999999,29.515174539274792,25.366349025623702,34.316830413549354
486,38.97,70.0807076924804,59.96897029719887,81.86948231920476
487,35.45000000000001,33.57624498774739,28.777860762829903,39.14783758224249
488,44.21000000000001,34.55512886913664,29.762973006515324,40.09379118309451
489,32.690000000000005,45.62473717641608,39.49797693412212,52.678387942837105
490,26.60000000000001,29.961655472721556,25.97427258067861,34.538460091715734
491,37.78999999999999,25.29964030381723,21.955674255805576,29.130723776725553
492,33.230000000000004,39.408927636569516,34.3148529809237,45.23780916260808
493,34.49,32.0433475819694,27.910302120605323,36.767257321210636
494,45.59,33.79221712054974,29.472357766499446,38.72447361766888
495,57.029999999999994,45.12886551754653,39.41963259309181,51.64452191729154
496,62.720000000000006,55.59609620893539,48.5749810672171,63.61158506037688
497,67.83999999999999,60.57786496860098,52.79195619534653,69.49071501176009
498,63.660000000000025,65.5835457579739,56.931254521892825,75.52809527935885
499,46.589999999999996,61.78016536236443,53.38883332982286,71.46614647945896
500,39.02,44.96717693026015,38.62925081645042,52.31873077097702
501,37.97,37.560360063705666,32.071195818642266,43.960616979095114
502,46.580000000000005,37.002692824674725,31.346889122284736,43.6474050863713
503,48.67999999999999,45.47628724582124,38.11199024099052,54.22718897317311
504,43.69,46.40086605308345,38.194111981337095,56.32601120423977
505,45.21000000000001,41.8604372363667,33.577477573569425,52.12756189875229
506,44.61,43.38197626239055,33.47295719246865,56.139276040575176
507,39.91,42.85634272752704,31.763210800810846,57.70544279459673
508,33.82,38.974478893960644,27.539904497933605,54.99034022553939
509,28.590000000000003,34.363353391732566,22.935017271275488,51.24841699234425
510,45.260000000000005,30.951954416916344,19.558201292335845,48.66034608491282
511,55.279999999999994,49.90538623948423,29.343524047564166,84.4007050772698
512,48.309999999999995,46.900168478401376,25.816203964275655,84.5611832053431
513,46.83,44.1331729950877,22.819393702548396,84.5186882605907
514,62.51000000000002,44.377813937651645,21.807861464619933,89.28229152278591
515,102.63999999999997,58.14858255546896,27.619142842121274,121.24526910610338
516,92.47000000000003,85.12143303023122,40.43555614201952,177.9984717897672
517,50.44,64.08085467649236,30.59919319586446,133.03879077447587
518,39.56000000000001,39.5074079315895,18.653436609244242,82.48922022952486
519,36.08,42.993383686376454,20.50628969208616,88.99310601162992
520,33.940000000000005,36.440648376098444,17.488561532354026,74.81996838258948
521,30.010000000000005,38.14694995361948,18.56742663095101,77.31810076891584
522,37.47,29.926998726001745,14.882665541478579,59.22158230935531
523,34.78000000000001,47.01596888750705,24.075722845892685,90.94284377663244
524,36.46999999999999,32.42168396730837,16.8009414064339,61.749993593423675
525,38.68999999999999,43.05826346051303,22.741949632252037,80.75952730179608
526,55.26999999999998,39.33361174567845,20.989131075428325,72.98201551806623
527,56.00000000000001,61.28346980149125,33.2626078478951,112.22052973126476
528,54.68000000000001,49.33821714088964,26.82249928025911,90.07507127230868
529,53.739999999999995,53.700276106928115,29.593799029375102,96.80152518166314
530,48.279999999999994,50.40785198618838,27.780573412794936,90.82469049275306
531,40.2,46.10506840290748,25.712331394083524,82.06603555143263
532,41.45,39.5891278903698,22.146119251969445,70.17725805204327
533,36.370000000000005,44.11510058527713,25.086849315207687,77.0229255064974
534,40.9,36.55978870224712,20.99579137308891,63.136711583991385
535,53.68999999999999,45.243563764920424,26.421297497780426,76.9856310538681
536,61.829999999999984,53.78657106152268,31.93029570457096,90.14914714424005
537,74.76999999999998,57.46307110329419,34.7015578951709,94.7361774761978
538,56.439999999999976,69.32308071169645,42.64944811329924,112.29663706050415
539,66.19999999999999,46.71119094699318,29.1264764010186,74.56003932486036
540,81.99,65.91265946291006,41.88849515019206,103.39405674459334
541,61.890000000000015,72.13404017034944,46.825123337956775,110.83636252942676
542,58.120000000000026,52.236161980756485,34.25080500520949,79.3978502624978
543,55.400000000000006,57.39166739811351,38.1443879377724,86.10282625831607
544,44.04,52.43192260044101,35.21384292709288,77.83643717479137
545,43.879999999999995,42.954223089931745,29.09227146544533,63.201658211742384
546,55.56000000000001,46.93384355832839,32.15463783246376,68.30111467013296
547,54.370000000000005,58.20991221958869,40.72866740183298,83.01451384228486
548,56.60999999999998,52.35671779382553,37.17345914262491,73.57902421399936
549,45.730000000000004,54.88147224466391,39.539406986934196,76.02971435269386
550,37.57,45.19607265528489,32.9416577010548,61.874864497441415
551,32.27000000000001,38.77217574161138,28.593463696241084,52.45186962425563
552,35.68,34.39969302972852,25.618878529920288,46.077049665726946
553,37.84,38.57926358952559,29.034745589296488,51.15686284512454
554,31.260000000000012,40.3491558345251,30.636191731462823,53.044200475857465
555,35.94,32.84019951279854,25.09932729753708,42.87695859019616
556,51.370000000000005,40.98417416348972,31.58521112690984,53.094198540716874
557,41.56999999999999,54.5701975736127,42.062894072613695,70.710156153537
558,45.60999999999999,39.45066877181106,30.41069297227249,51.092343379089456
559,33.64,47.66968173668939,36.72673904440198,61.786712563807406
560,30.62,36.35818353113116,28.048449487897187,47.0450385941308
561,34.989999999999995,34.10653584937974,26.408434370482873,43.96677346412296
562,40.96000000000001,38.107804250447955,29.646703539771774,48.904889486941045
563,39.16,42.75970066693868,33.31357269036347,54.806237949621924
564,35.43,40.48300935000885,31.53860640417642,51.88610223061204
565,39.25999999999999,37.17802802268893,29.03899757555601,47.522319029956584
566,46.61999999999999,41.05903009321007,32.25670633426643,52.191136686884704
567,48.17,47.04260505532125,37.083034532449766,59.606827392783046
568,43.379999999999995,47.94065931659837,37.84972579282708,60.6526393806768
569,33.67999999999999,43.877623803061695,34.6553238729253,55.485284648850204
570,26.410000000000004,34.87881915940503,27.568317421919755,44.06004484833905
571,21.01,28.819254473359752,22.87523709499898,36.243103966211045
572,26.25,22.277592542165287,17.630132922877447,28.08440411038034
573,36.220000000000006,31.477994961025345,25.106550476501177,39.404424844938596
574,34.3,39.62522069733053,31.666582498780627,49.52284109512892
575,30.63,34.604170883538245,27.56428668780446,43.37908771043877
576,32.71000000000001,32.56044165227648,25.92433105233338,40.83217186368105
577,38.29,35.2690228384041,28.13982097054785,44.14241933683187
578,28.689999999999998,39.6457659987966,31.599126683590015,49.67860589224204
579,22.659999999999997,28.680268154802214,22.670937965859224,36.21518424878312
580,20.96,26.635684964024495,20.911147760192915,33.855822788905584
581,19.74,24.843713725960303,19.416018316386207,31.71438773217225
582,20.44,23.097962741198366,17.98043885769672,29.595278256208566
583,21.960000000000004,23.73286216320089,18.39637176464864,30.537571985436475
584,23.370000000000005,24.742492984331527,19.136187538598644,31.90970268220277
585,16.980000000000004,25.715757026893975,19.838880497787283,33.250000790388924
586,14.419999999999996,17.528099103569133,13.359193462736322,22.907363410246933
587,14.599999999999998,16.143034585782146,12.239241413645257,21.19792098559563
588,13.820000000000004,15.856143036977379,12.040691365850554,20.787921369497816
589,10.35,15.480989261238392,11.525506412480002,20.68559083235301
590,8.009999999999998,9.069036376304734,6.625460409858263,12.295655356924534
591,7.959999999999999,8.436395016482589,6.065370050744067,11.603097964800849
592,10.970000000000002,8.589126608766957,6.146563101126575,11.866513290069094
593,16.190000000000005,14.035371309063349,10.22940716013208,19.131284508410893
594,21.65,18.756599225993572,13.645704528115143,25.651036979971305
595,17.999999999999996,24.531114333882517,17.963573312069887,33.373152591178645
596,14.789999999999997,15.345628706370114,11.02919254405076,21.21093201626812
597,13.569999999999999,15.491727181544512,11.208928865905655,21.27689819620543
598,27.619999999999994,13.381973038500988,9.57582951894178,18.55791251265044
599,31.51999999999999,39.80043918962393,29.318535133107897,53.906209378446235
600,14.339999999999998,27.04452181399027,19.96004481270318,36.52354590858068
601,10.970000000000002,11.66857671571727,8.423073977149146,16.031898124880183
602,8.939999999999998,13.151781240492765,9.420505631548577,18.21911655346427
603,7.979999999999999,8.91573705541753,6.277328124964186,12.510706081109156
604,7.35,9.759420356239342,6.85480866898755,13.738121739275817
605,6.7299999999999995,7.83966880498949,5.44589172424957,11.122410354480683
606,6.09,7.783953694293277,5.3856840280445,11.082940866574122
607,4.86,6.642822274896226,4.54471231260224,9.53485357443833
608,4.83,5.157321133846859,3.4538367821821137,7.51234685945143
609,6.26,5.835347978075559,3.937814841319226,8.462076542525645
610,8.260000000000002,7.772789798064295,5.318612454000848,11.18018060156386
611,8.07,9.676357968794152,6.657856549490761,13.884663709901204
612,7.849999999999998,8.093111450731017,5.505921586690206,11.709141165268823
613,8.330000000000002,8.739758763442559,5.931480609752112,12.685806267219538
614,7.950000000000001,8.95437422393614,6.052404087233286,13.050466332401816
615,8.15,8.204989116960816,5.479413898963367,12.077081656555878
616,5.96,8.998234379722033,5.981074976194466,13.319383626839164
617,6.830000000000001,5.2380567896101375,3.296887013230511,8.056173083114206
618,7.4499999999999975,9.091679287493669,5.904082309551376,13.750981560682808
619,7.039999999999997,7.39757277393646,4.714642852878968,11.340093739722013
620,5.9,7.667969362152208,4.869142422058166,11.801477193811525
621,4.37,5.902791682405098,3.6784004404192485,9.184791493908769
622,3.67,4.529493013508942,2.7457639613802987,7.162632056286142
623,4.459999999999999,4.085662696222938,2.460521854091146,6.474007144089066
624,6.38,5.632700919385045,3.513775783001619,8.746324053508141
625,5.84,7.534969432470323,4.845509570964411,11.461822588579642
626,10.319999999999999,5.464655580010572,3.4320264482813494,8.42949512053743
627,28.54,14.006390218644576,9.320741704238275,20.819337587118884
628,14.339999999999998,32.25688483253058,21.998741000655173,47.09047541918469
629,7.849999999999998,6.552547355554866,4.117361712856688,10.146558472619006
630,8.36,9.186314716025427,5.800551226419802,14.257734856964218
631,59.029999999999994,7.93322547500741,4.918376953031963,12.483851741893327
632,99.66999999999997,59.510073695971435,38.43387982878809,91.8508438578467
633,87.13999999999999,45.170488671503826,29.188172001441774,69.61421354243154
634,63.59999999999998,61.67893357900473,40.73964473142585,93.12271570302563
635,41.18000000000001,42.938895608782154,28.832032253426984,63.71656141018261
636,28.370000000000008,29.761715119149155,20.224370013752768,43.584744633575745
637,20.939999999999998,22.212493513155746,15.244727214562758,32.16890754652173
638,16.02,17.505323262261502,12.050861012554684,25.23941736191728
639,13.2,14.05752972732121,9.764906956471856,20.061882132929398
640,11.91,12.284796677641499,8.602034085495934,17.380045435670763
641,10.869999999999997,11.61224706606732,8.196207464359976,16.297214821653046
642,8.939999999999998,10.798348070960825,7.663424057749468,15.067667503708204
643,8.11,8.875721003920438,6.295833444004779,12.367885395933582
644,9.17,8.613484336240756,6.157481111231726,11.912235414511914
645,9.27,10.13009342165273,7.347742415943857,13.839818169055315
646,9.699999999999998,9.542678545625266,6.948601882302757,12.983348589121567
647,9.49,10.396767663326406,7.638406769414555,14.035910745916993
648,65.97999999999998,9.683410226483527,7.126868207212354,13.044186660495019
649,41.35,91.71999576633773,69.54746442936195,120.86118501137236
650,61.05999999999999,24.06901781724682,18.11657038875517,31.874916448983512
651,59.34999999999999,49.41387128625958,37.392235349262045,65.19980303169302
652,55.91999999999998,43.946893692986755,33.26284049405752,57.962515177311005
653,36.16,43.49590428631055,32.969950105551625,57.28343851270308
654,60.010000000000005,28.658032030986174,21.62309425354938,37.880572838218185
655,44.620000000000005,50.20908850950682,37.70195027896045,66.75810332742077
656,39.04,34.70290782673076,25.68480804004658,46.768663929343646
657,45.050000000000004,33.188839074865385,24.23946338257092,45.31147261610198
658,29.43,38.39715049541041,27.59074116938868,53.28804583841447
659,22.809999999999995,26.859574703946,18.863308278093747,38.074855598990595
660,17.79,22.809594406075046,15.767178219123785,32.80990995462949
661,14.900000000000004,18.63853007088925,12.70975955735464,27.131190903222404
662,12.720000000000002,16.48386276298425,11.088071621139079,24.288190432318263
663,10.369999999999997,14.419410684263706,9.625772780423317,21.37561735632312
664,8.850000000000001,11.832488771566227,7.852575073415007,17.601679930046437
665,7.969999999999999,10.258045614575721,6.738928558730796,15.377408073741655
666,13.240000000000002,9.336680341862376,6.093065694641808,14.06357971145786
667,15.73,14.048626614866256,9.284208147849617,21.02028194470306
668,25.440000000000005,16.285293063186895,10.763524622491786,24.39896551999295
669,19.930000000000003,23.721631470959007,15.701751029545786,35.59251425223356
670,15.740000000000002,20.120695417804217,13.205793897291077,30.401537862429524
671,13.809999999999997,16.529847323800613,10.76571467694532,25.11788196750163
672,26.910000000000004,14.673278626654469,9.53431594053262,22.31918506104
673,138.82,24.11317830985742,15.820904290642169,36.49333055616692
674,132.15000000000003,104.4436339795011,68.7951271369331,158.29994546739005
675,47.489999999999995,93.21134146965302,60.74100884946791,142.7582091208096
676,29.809999999999995,34.89440792414381,22.106687358571,54.759118571660025
677,21.090000000000003,27.23514373140597,16.786166969999613,43.82266150305746
678,15.989999999999998,21.471998890293474,12.986672606124305,35.10513725074484
679,13.760000000000002,17.836080486982468,10.6097333049513,29.560385737781594
680,11.049999999999999,15.862780811123827,9.512819736544264,26.04825002330703
681,9.869999999999997,12.554809260856867,7.526713568921547,20.54790970906854
682,12.97,12.043897389253782,7.276621002621718,19.557091963917006
683,12.419999999999998,17.277328258003575,10.527150341835094,27.980339315816916
684,12.5,12.88876887345252,7.766310240820372,21.004457465120666
685,15.600000000000005,15.68264994723226,9.290877993382164,26.044418313079216
686,37.650000000000006,17.852136104878035,10.438496874116257,30.070781382217636
687,51.669999999999995,49.751240286106125,29.178507901721396,84.34843402351122
688,33.940000000000005,37.32888510216676,21.153303749900058,65.31532026827954
689,26.15,26.740202023960947,14.723431972921434,47.94089341661645
690,23.96,23.875578077717034,13.022643674789233,43.12822567923499
691,19.02,22.689512998895555,12.28724942676514,41.23545506675021
692,15.27,17.3763028900703,9.251245091516129,31.9412188366343
693,15.069999999999997,15.65511602942724,8.272610367959157,28.91529665823074
694,16.269999999999996,16.454341066510477,8.581362965416249,30.79652239099146
695,13.640000000000004,17.538136189040824,8.968970643521915,33.47321751185469
696,12.720000000000002,13.08281386220996,6.292798626028818,26.194724062420498
697,12.76,15.184589287594644,7.0248755663234945,31.64112050626207
698,11.219999999999999,13.33293062207616,5.7840350759978785,29.281815750640256
699,12.729999999999999,12.639906942930427,5.184705742826908,29.081796798106552
700,12.19,15.713290023291378,6.302143798504228,37.25370618692418
701,11.530000000000001,12.271731708064024,4.630629641217178,30.282267482390463
702,12.629999999999999,13.667243755981307,4.999278932643279,34.85898268987258
703,11.179999999999998,14.068955681513104,5.006713777040864,36.80327043371643
704,10.469999999999999,11.363653811325479,3.827435551521992,30.664831966137672
705,10.36,11.499162869644948,4.070757265574242,29.809810894037863
706,10.31,10.615494638350382,3.7328821248446102,27.50688272697605
707,45.88000000000001,11.199948098674804,4.0244368351853606,28.622968402759927
708,45.9,73.21480895688569,30.59159187922526,173.34505641765443
709,27.83,23.816809461646827,10.063852184066647,54.66542480950896
710,20.210000000000004,22.443207109067913,9.954773830756622,49.168444191484845
711,14.900000000000004,17.567225852909512,8.078014772957701,36.975469802042554
712,12.550000000000004,14.517420912979695,6.897796461292678,29.488295434137846
713,12.039999999999997,13.293642043060162,6.558603261530944,26.02988843123324
714,11.599999999999996,13.440618916589962,6.8463504061484475,25.576875094791752
715,14.160000000000002,12.871458450576096,6.714503919516675,23.942285538188464
716,16.640000000000004,16.165876750600678,8.82293502304246,28.99789003241777
717,14.98,16.97743459898099,9.65466004136713,29.333033011456806
718,19.690000000000005,15.046785996177995,8.83499956857821,25.181937173624043
719,23.189999999999998,21.140092356019714,12.852138257300664,34.38686088949011
720,42.07,21.01038603311304,12.872606569889205,33.9218505466869
721,45.52000000000001,36.554190370028266,22.865758095825885,58.09375301155794
722,26.540000000000003,32.7423918363697,20.673773435696067,51.531185223333175
723,19.3,19.9120345271792,12.481050713808834,31.439102659705057
724,15.520000000000003,17.799582440376696,11.147128011629153,28.095297225333105
725,15.150000000000002,15.1272016987439,9.437953569856864,23.917397159444796
726,13.519999999999998,15.911543345925342,9.962523481525599,25.0889108993097
727,11.179999999999998,13.909769253919803,8.74300006378247,21.816505978634833
728,9.539999999999997,12.180750191589663,7.670012148978831,19.03828514052929
729,9.780000000000001,10.982166260969931,6.969348450176508,17.015564158491056
730,10.78,11.61922810303561,7.502985094368137,17.728119142760573
731,19.640000000000004,12.444811724884236,8.240273158794938,18.562512840384326
732,46.449999999999996,21.904128986740297,14.985554568177319,31.817073840251027
733,36.29999999999999,41.61315084906916,29.14563788221067,59.236928220951604
734,28.950000000000003,23.61942340502931,16.57901274974399,33.4795249554007
735,24.880000000000003,25.230244579887326,17.89090747219311,35.420999453491746
736,23.709999999999997,21.16435843961982,15.103114887552366,29.507065773944596
737,18.529999999999998,26.781610944964818,19.001226760256205,37.588528391220656
738,14.82,14.508009124011854,9.994276822098119,20.874867340709624
739,12.039999999999997,15.571933958082276,10.901891580497509,22.074398993942168
740,10.42,12.298094229131683,8.583292288842975,17.452876610342418
741,12.95,11.641881147765412,8.21016460531834,16.35225870577181
742,34.88999999999999,15.544253462011422,11.222286244077358,21.39452727168059
743,87.64,43.316742821164155,31.10214105691012,60.178900522413926
744,32.0,81.25220537751693,58.43423344340221,112.8304458138217
745,22.309999999999995,14.012646126172873,9.740383109462181,19.984311398644248
746,17.7,29.450178997539158,20.69961192953542,41.729492305811306
747,15.46,15.540773555433592,10.941290280388307,21.911861565033025
748,13.209999999999999,18.194297527486185,12.981231274434649,25.351116746587113
749,11.599999999999996,13.888895411885951,9.961563069032154,19.223320815655498
750,9.34,13.983731344973654,10.128933448449484,19.17373956438078
751,8.000000000000002,10.816221765940321,7.867610607926414,14.745289570685268
752,6.7,10.122354798281199,7.418174738310254,13.69520176337893
753,5.73,8.24076444735835,6.059900546744425,11.095315933443176
754,5.2700000000000005,7.383235782601249,5.457164343487423,9.883824299371865
755,4.94,6.761110864184875,4.98944201855236,9.056836957364382
756,4.25,6.201394462960069,4.599523177679315,8.26151755525816
757,3.8,5.151520707209455,3.814909947248289,6.8591723263387046
758,3.49,4.7162921168180025,3.5097150538262802,6.245689622246001
759,3.1799999999999997,4.238355530108428,3.160515285802564,5.5954255121849155
760,3.0600000000000005,3.7980532284936785,2.8146886088266503,5.034913237791033
761,3.7,3.6928624316704113,2.757399819679698,4.861222882706395
762,9.379999999999999,4.6777288690477565,3.5650947277474945,6.0615413332998855
763,15.520000000000003,13.412894920422588,10.693128904269454,16.76526554079937
764,11.119999999999997,16.26065464396173,12.983368075936466,20.306039941179566
765,9.32,9.542884033882768,7.539020774777816,12.016996524966569
766,8.99,9.824943007834907,7.811561601506321,12.298368260041697
767,9.060000000000002,9.147429301781605,7.216483511670077,11.53216431194739
768,8.21,9.527123582868542,7.462970981437566,12.094731291417292
769,6.800000000000002,8.163072532700545,6.37182527520195,10.389567048200428
770,5.750000000000001,6.887372583754982,5.335174827427084,8.819878372675548
771,5.0,6.0230317313995885,4.629604479519458,7.761357015343236
772,4.2,5.342899775181424,4.066319278664393,6.941145305907925
773,3.660000000000001,4.510353691577129,3.392230126505626,5.913116328545997
774,3.38,4.037284966897964,3.015918558529905,5.318414944904882
775,3.2300000000000004,3.3122887940105725,2.2071531423329422,4.798237195939512
776,3.33,3.5804604278279477,2.18496960819425,5.587383966528005
777,3.33,3.449757852555263,1.814630946801862,6.034792596477155
778,3.04,3.593102201675138,1.7961194650477919,6.544952244975848
779,2.91,2.9000220896443465,1.1300461020646972,6.140771406295068
780,3.0600000000000005,3.279423667179236,1.3230102326471522,6.883506781778113
781,2.8699999999999997,3.201682517225949,1.0180721418157086,7.748020256440549
782,3.5199999999999996,2.8950594986659612,0.8970705818287383,6.9973242131681355
783,15.91,4.545685437532098,1.467800336722572,11.462364363277493
784,14.390000000000002,33.75042915321272,13.926877831692511,79.90052989972996
785,9.41,6.028119720702397,2.1536366728991827,14.66270053649424
786,8.650000000000002,8.208895985758984,3.3653360798125656,18.426629181817578
787,7.5,7.383148959900003,3.160924697650218,15.889800126294002
788,6.080000000000001,6.674943853282664,2.9153201879358828,14.04468608532763
789,5.2700000000000005,5.5472292719112,2.4448540617326895,11.443549239183168
790,4.8,5.223585202493137,2.3621671575530865,10.5202519558488
791,4.34,4.85750768513616,2.2412976125619815,9.585389057905612
792,4.14,4.53621889761303,2.140827515142608,8.758485473818192
793,4.33,4.480450030095505,2.1572090673945845,8.513254235380682
794,6.660000000000002,4.7481196106625285,2.3903342189179133,8.745611177245152
795,8.09,7.5385277108081645,4.160434366098246,13.127968751468254
796,7.4,7.556334032871847,4.232502629839135,12.991555716491204
797,6.440000000000001,6.703035788825094,3.7464381065271235,11.501323946966158
798,5.789999999999999,6.011023766374017,3.369697072612503,10.248938641706216
799,5.02,5.605385191851604,3.133089888521291,9.556536322596772
800,4.38,4.9458657108717405,2.763088389244139,8.394761800644668
801,4.119999999999999,4.515975961455591,2.4723118802041086,7.762459092691705
802,4.03,4.38564624429948,2.398788885160743,7.533976792549536
803,4.670000000000001,4.31046269900038,2.3578641021128908,7.39849774138545
804,5.150000000000001,5.019692662923963,2.8318326001654635,8.456754388095097
805,4.57,5.157991806258837,2.9425767436351324,8.618294215114554
806,4.37,4.506816409095547,2.5413021359298438,7.563241937424099
807,5.0,4.6096304011639075,2.6203411224771163,7.691985692257441
808,7.33,5.254115602957238,3.047696241703843,8.663265136389898
809,8.059999999999999,7.321850117319981,4.423645728614253,11.768752392836108
810,8.179999999999998,6.890780661705501,4.16664364295356,11.051231661015326
811,7.950000000000001,7.300009417243741,4.4568197376305445,11.62459814299239
812,6.59,6.946108924418293,4.286146698745611,10.944550659879178
813,6.440000000000001,6.429150871576983,3.3950284071931565,11.557889860807766
814,6.01,5.991819903866586,3.1366466951709295,10.817674839181537
815,6.059999999999999,5.712440966016708,3.084398223478699,10.03145708546612
816,6.180000000000001,6.45923984095655,3.6056384385926945,11.080900345689104
817,10.48,6.014319799978397,3.2989595924060398,10.444788256042283
818,12.440000000000001,12.30815461185849,7.52319552753481,19.779410562737095
819,9.53,10.357138966901877,6.55566335381284,16.071248343592636
820,7.959999999999999,7.983911630342096,5.155268932900965,12.112451959715953
821,7.860000000000001,7.278493134290899,4.827464284692223,10.760423612466834
822,8.120000000000001,7.596634066024244,5.214087874994752,10.892673349938894
823,8.39,7.7604409607427165,5.459806060332718,10.880438067316522
824,13.020000000000001,8.046159776616502,5.79438740403352,11.044206760346604
825,12.079999999999998,14.714387293006391,11.02359966535614,19.538106296579386
826,10.989999999999998,9.602034749524595,7.235467521581418,12.648665426166696
827,10.929999999999998,10.344814826669825,7.923056679340807,13.423849144588827
828,10.410000000000002,10.193930431957105,7.90052482811147,13.07827975713682
829,8.669999999999998,9.684466461445187,7.576610072912487,12.310366519552025
830,7.550000000000001,7.8993509851445065,6.210029550887713,9.984483128372398
831,6.21,7.282135692657372,5.758207775094606,9.149698546465446
832,5.4,5.931428741372171,4.698617546699833,7.430940311925951
833,5.01,5.474892647333819,4.3589041011654945,6.82328513499235
834,5.43,5.169217584356566,4.1434597837191705,6.399541787729137
835,8.92,5.890961341759849,4.765608825255265,7.23596425855796
836,17.910000000000004,10.122327745252639,8.251554534043054,12.371393317481246
837,30.970000000000006,18.911305144020055,15.543300834906749,22.964992022737054
838,40.58,31.638288822311907,25.969396900737884,38.498765996487855
839,40.43000000000001,39.126576243298366,32.37333450809696,47.24636629038635
840,33.32999999999999,35.798573340051064,29.72912586467792,43.06682460888511
841,32.67,28.121668858768892,23.386169608746684,33.77674479946242
842,32.71000000000001,31.750127435055603,26.351562157743064,38.21424454027915
843,29.659999999999997,29.907199764040357,24.902269021544104,35.87920144987171
844,29.170000000000005,26.893881771870074,22.404684917158363,32.24414078023543
845,27.169999999999998,28.126681496241407,23.407734856729874,33.75798061406647
846,22.419999999999998,24.537588026113568,20.327216654225992,29.57916148951728
847,21.06,19.82890393012435,16.350736785028744,24.004312168731396
848,19.78,20.69053972683026,17.0630845799461,25.046465738389717
849,23.530000000000005,18.489297411503074,15.270892480364338,22.344307268479668
850,36.88999999999999,26.018504879511152,21.512614555622882,31.426247254423807
851,42.97,42.70763511481824,35.041379941771424,52.00455671831857
852,35.099999999999994,39.76349521814502,32.30689546952798,48.889445382862654
853,29.019999999999996,29.992267608462,24.094948804308252,37.27545770285145
854,26.35,27.016647199486727,19.57107845645566,37.15709137282388
855,28.239999999999995,24.017073234927416,16.41886567502131,34.92966183436374
856,29.039999999999996,31.262215175768368,18.185754240676573,53.2512175956484
857,33.76,26.212563470590247,15.761543614587232,43.17991729571016
858,24.97,39.556860062456565,21.938401329396537,70.70765191982792
859,19.46,17.279626982398902,9.85140485512588,29.79276527571506
860,17.910000000000004,20.786543508196356,12.279536488088754,34.743226313680395
861,19.690000000000005,16.29412436293138,10.039266112081098,26.092991005373413
862,26.25,21.949374957718103,14.070049234866454,33.94838024360349
863,30.49,28.468183252548126,18.860338929519273,42.72401837085754
864,42.940000000000005,30.473438539513527,20.823355893510964,44.390696936536564
865,48.39,51.07651189619196,35.51965197577238,73.2603761140269
866,53.889999999999986,42.52807830759147,29.974492081797575,60.169480879567
867,54.66999999999999,56.31658547088877,39.93813769624514,79.24768968284104
868,48.92999999999999,46.45769308677416,32.80406272133171,65.62609319137262
869,32.559999999999995,43.7360982361539,30.718818835147438,62.095618276212825
870,22.609999999999996,27.348874580334392,18.968593643370518,39.24613372000489
871,21.55,22.479259807084077,15.449779505953249,32.51264622659804
872,25.259999999999998,23.387123118155586,16.01653905812669,33.95021942761323
873,32.120000000000005,27.866715877294347,19.05037843617116,40.55967869599786
874,39.050000000000004,34.16504259891259,23.299319461408654,49.88950013383015
875,37.81,38.90217444156451,26.50160995242435,56.894193391565
876,42.85,34.424108351581864,23.374663929535878,50.482451455834536
877,46.120000000000005,43.875132864374216,29.879745981183273,64.21353999551499
878,47.220000000000006,42.066184973384516,28.702142077730898,61.44318282863252
879,35.54999999999999,44.897247079484124,30.778052873466716,65.2896904937211
880,34.31999999999999,29.947408303095404,20.39991912981203,43.7544719617317
881,44.82000000000001,35.74370380306779,24.3255317830814,52.30982901885228
882,60.73999999999999,46.0597031134327,31.321458906905562,67.51843116064505
883,74.28999999999999,61.10279244586526,41.8371059637351,89.03308563466592
884,73.05,70.58692902460128,48.97420585359883,101.54667021995812
885,60.00000000000001,64.83252086659596,45.36629948275143,92.47135423785626
886,49.830000000000005,51.8835568406726,36.51476834514876,73.54852335459779
887,36.190000000000005,45.53078156004733,32.32077046467028,63.97789824171356
888,25.920000000000005,31.47191505813238,22.366505770517605,44.12550048766694
889,21.4,24.804502811228367,17.731771265923758,34.54775231245891
890,21.929999999999996,21.66773902033365,15.564570590435974,30.019602318615433
891,22.440000000000005,23.850844173891375,17.306071922232242,32.73549818762675
892,19.930000000000003,23.05911640847384,16.77420404647655,31.5663574494207
893,23.490000000000002,19.626861015394965,14.315217418826382,26.780695742876667
894,42.96,28.195340792962856,20.63372532440808,38.39996053548686
895,52.85999999999999,54.323536335565585,39.765689953568874,74.08013911106866
896,45.93999999999999,47.38369517078796,34.530996774358314,64.88562581698095
897,43.57,42.988436875873404,31.084654081008097,59.30866263657411
898,41.029999999999994,42.744446576166155,31.07827840090968,58.65334493140346
899,42.61999999999999,39.32366122373325,28.346845812985276,54.40621519764634
900,42.64,44.04592417840808,31.987152729599558,60.51289569366607
901,44.18999999999999,40.36337165824173,29.126875666815764,55.7907715974144
902,57.12000000000001,44.897912529307824,32.5769814228094,61.73995711588691
903,62.440000000000026,61.433673228776044,44.61618040762816,84.45133586383642
904,57.15999999999998,56.22697935166428,41.15923839304225,76.67994134961144
905,56.44999999999998,52.639306601557394,38.93405737720422,71.04815642745768
906,66.81,54.88116880764736,40.789719890013075,73.72423925136302
907,76.09000000000003,70.74733482450269,52.41004089769997,95.3803803161097
908,79.73,71.31905190782669,51.814102151580734,98.02743880481547
909,76.98,78.41907877959312,55.694665766296126,110.25191389608365
910,73.04000000000002,68.62181610446528,46.92170819636926,100.14825744152472
911,68.27000000000001,71.59840373199269,47.73096617047455,107.15562749147288
912,54.06000000000001,61.54286458571116,39.46368337184417,95.66964508990836
913,44.08,46.93784147756531,29.6629632659616,73.94502816298868
914,41.95000000000001,41.922646966089424,25.526362558641498,68.4536847448525
915,38.14999999999999,42.84143110700377,25.724063214941328,70.92286090819957
916,36.089999999999996,35.672830297031936,21.66499019713923,58.33805707820937
917,36.69,38.292699604032684,24.048924688584357,60.63602874643021
918,31.950000000000003,36.7073652311055,24.05392418320537,55.751404780936575
919,27.569999999999997,29.91584858308088,19.475264435838934,45.68021243911336
920,28.709999999999997,27.317909949798782,18.161670826648777,40.84937895967184
921,29.16,31.28351786397625,21.319386750964647,45.695974997101054
922,25.63,28.096151520554393,19.366829669617527,40.566903000616
923,25.309999999999995,24.597830499912387,17.039684470947954,35.322637868610826
924,27.569999999999997,27.18337430474961,18.904934873266683,38.90480713747064
925,25.360000000000003,28.82723290277297,20.051743069640924,41.26081515878188
926,21.069999999999997,23.546737119457767,16.358473545896775,33.71171019840023
927,17.519999999999996,20.001761878285226,13.872875813847687,28.656268734626558
928,15.130000000000006,16.237539709002977,11.392263240882313,22.977280779446946
929,15.810000000000006,14.724393076045036,10.295189609159522,20.890428241192804
930,16.21,17.409551937484288,12.167544820902684,24.738405082239005
931,15.789999999999996,15.62480444433691,9.812356518860058,24.56187657430143
932,13.030000000000001,16.473589685803034,9.741770520602898,27.424209577199694
933,10.11,10.689412093261671,5.904744843856295,18.78963135874222
934,9.979999999999999,9.80294765476106,5.375048139253072,17.30632106335451
935,11.85,10.284349609668451,5.619628473541349,18.236207382663334
936,14.750000000000002,13.584218941286982,7.6935095909754345,23.466464308982093
937,14.780000000000003,16.16618662745425,9.500852501473629,27.06228954146681
938,14.699999999999998,13.921358625934694,7.960258133638209,23.8482733335443
939,14.71,15.719310025175748,9.157601203612115,26.519817141328353
940,13.769999999999998,14.047094071434293,7.8685696653119805,24.530051467056744
941,14.970000000000002,13.75698010253579,7.81434909712676,23.706130804102582
942,18.020000000000003,16.487611625101326,9.149143103998933,29.132254242220917
943,20.939999999999998,19.964862451163967,11.573559581748558,33.95632678547356
944,19.540000000000003,22.16920822081829,12.496130663319327,38.77526766531814
945,17.579999999999995,17.529415741426813,9.945544603610392,30.36794560276016
946,15.96,17.98266624589325,9.481858298547339,33.377646361896915
947,14.030000000000001,14.66700112398236,7.765866370522776,27.00121674729867
948,17.650000000000002,13.918089741953299,6.625168317638164,28.186162492201245
949,22.539999999999996,22.453874885119035,11.670614384861915,42.41417317411418
950,29.030000000000005,22.371919528611976,12.066267450230242,40.80586571739647
951,14.390000000000002,35.44080481562533,19.185264235739456,64.78721190378587
952,12.76,11.22545267789256,6.024006266874379,20.27869587535256
953,15.54,14.551142922838231,8.261437235495041,25.11236680195619
954,17.529999999999998,16.500506490372018,9.593655226483468,27.9104865952125
955,14.799999999999997,17.747053288551218,10.479474850097073,29.615686831772365
956,13.63,14.501224467198,8.52950703565554,24.21515111782783
957,12.95,14.580096393897215,8.503782396192118,24.541346963119384
958,10.38,13.84059954501658,7.90634755661509,23.728812058537173
959,16.11,11.548209047947047,6.4276216632740635,20.198919041546002
960,9.000000000000002,17.70941445049558,9.798912836119799,31.414576762727897
961,7.67,11.018553770187593,5.743681921765976,20.419402101495365
962,6.290000000000001,10.370684661988276,5.316936656586303,19.467590022067053
963,5.93,7.929346802022156,4.056069985522685,14.76980432214897
964,16.269999999999996,7.134515656702762,3.765053695754708,12.886589573606487
965,7.750000000000002,17.579380226541236,9.787986183667305,30.997943242178426
966,5.73,10.003491831689242,5.455719638774114,17.754970671719466
967,5.349999999999999,8.059681513453148,4.448202461652458,14.065120964742972
968,4.700000000000001,6.802369547830231,3.8415161893048557,11.57394753639133
969,6.069999999999999,5.749308143364881,3.304678152721963,9.5822453614301
970,5.359999999999999,6.258861128445477,3.7513476866050723,10.089709353538282
971,5.39,5.985014671808655,3.64141295602544,9.511977802372202
972,4.48,5.880944731185338,3.6657186457340094,9.14793303855093
973,4.2,5.248792106993045,3.3075843662116178,8.064802793580457
974,3.2300000000000004,4.793415386186855,3.0718930914814715,7.242765977113402
975,2.8300000000000005,3.9794376316641467,2.561491681349462,5.96191409275964
976,2.8199999999999994,3.3759941791606956,2.1664687967739265,5.047533162353621
977,2.44,3.1400941938401186,2.027913748311222,4.660788700942514
978,4.819999999999999,2.7942803166882486,1.7989168121723798,4.1436195098753155
979,4.45,4.168566342054786,2.834917849197748,5.966010507320277
980,4.93,4.443379237506917,3.0690214609420687,6.281941815185535
981,5.039999999999999,4.907343743204662,3.4694771955804784,6.807783455050611
982,4.870000000000001,5.12202661218917,3.6557707156109442,7.050054895247193
983,4.360000000000001,5.115922195236187,3.6540698155385387,7.0369452502195475
984,3.92,4.767739271305042,3.3877063639949316,6.581823746169184
985,10.64,4.341116789186517,3.078743148151978,5.994195888175877
986,5.83,7.672523569256189,5.62778646450993,10.348082117921019
987,5.62,6.519214990902636,4.724096018582369,8.877296588993508
988,5.41,6.099329601121688,4.392635366329672,8.346168869501396
989,3.37,5.804256532891412,4.153912027856771,7.983061161144464
990,41.95000000000001,4.486936566353483,3.0812300007287243,6.376813577723207
991,130.04999999999998,9.434257189258142,6.532419706509169,13.454017079996431
992,37.89000000000001,22.548645200846806,15.124693458555356,33.39065010573216
993,30.839999999999993,13.432203065834463,8.500178783906646,20.92469111068978
994,18.469999999999995,22.805280586600677,14.518864278859613,35.516292276539566
995,13.330000000000002,7.231385643312159,3.9704800711725285,12.63162282892768
996,10.050000000000002,16.287947469910733,9.392127989479345,27.759569553508435
997,8.929999999999998,5.707539190540493,2.9883027222214458,10.280759041173539
998,8.11,11.062921067399792,6.190811158608115,19.236112653872567
999,15.199999999999996,5.890787152821657,3.09654543331592,10.590973018223616
1000,49.60999999999999,17.369832852351394,10.082031349794892,29.450262083907038
1001,46.61999999999999,32.998299784574634,19.564943695528857,55.20654281164479
1002,32.24,22.321539428338873,13.256926159118638,37.14947171902784
1003,113.71999999999997,21.38453427466514,12.821180672636133,35.25358690851185
1004,41.71,128.7267176043035,78.02392148104087,211.9611001957713
1005,25.110000000000003,20.902079703880418,12.762046498099473,33.8568140226366
1006,18.320000000000004,19.833159835484558,12.457264605614666,31.251765975513635
1007,14.649999999999999,15.39182645253128,9.823224303042844,23.825501803040712
1008,17.840000000000003,13.454307653238383,8.669019932911244,20.607878687200085
1009,16.719999999999995,16.96299783749026,11.081961214158792,25.70669815853615
1010,16.049999999999997,15.028175089812546,9.759340778775698,22.87715028196368
1011,13.489999999999998,15.522376335686182,10.032798027801551,23.743398645578196
1012,12.440000000000001,13.18289521020241,8.37027863264526,20.46729296210863
1013,24.65,13.59702250359652,8.486549176326847,21.46054513713112
1014,17.009999999999998,25.68679343903148,16.03038806497246,40.81848008045876
1015,13.96,12.702414727555595,7.5177636356335995,21.042894989532794
1016,12.070000000000004,16.9929242566069,9.902475978462329,28.694660547158904
1017,11.389999999999999,13.233888408919753,7.429512235693377,23.0350299723973
1018,24.17,14.695258476829917,8.107373608465497,26.04853772832181
1019,37.580000000000005,26.247110278507407,14.367897918504852,47.30882027366907
1020,27.459999999999997,27.897202099881536,14.754338312149274,52.004339037040594
1021,19.259999999999998,21.13400213666343,10.685703659410764,40.92422338138638
1022,15.300000000000004,19.970146718937034,9.955446348249781,39.13958349437755
1023,18.88,17.259701837800254,8.56211096783441,33.868525613949956
1024,16.550000000000004,20.844281178698758,10.257246304449735,41.38804120555106
1025,26.45,17.295694689928155,8.327735276688527,34.885714405254845
1026,23.060000000000002,25.475029582476203,12.41415840406994,51.25278920072424
1027,19.930000000000003,20.724857419470762,9.978666208134928,41.98968754024198
1028,21.880000000000003,19.651600064277634,9.40572020574642,39.985974712192366
1029,36.20000000000001,21.528511064853177,10.235637523675399,44.17178573354222
1030,40.14,30.26508950638318,14.258578986568777,63.06270352583891
1031,143.72000000000006,30.33340340643112,14.077504038282742,64.11569597576243
1032,87.60999999999997,92.20414379065973,44.50083980682257,189.9198260214839
1033,42.05,65.10923610333542,31.47544246558163,133.5764912302104
1034,27.919999999999995,31.783363321592226,15.002927754961604,66.15951775401223
1035,23.570000000000004,26.217660144894044,12.442112115759517,54.11046310158652
1036,22.700000000000003,23.358314727738065,11.004059409006581,48.42723758351034
1037,27.309999999999995,22.786555353964197,10.714802352452436,47.29788831125736
1038,68.15,26.642032092841358,12.569243068095371,55.30984236830544
1039,49.60999999999999,58.31388447226733,28.000278500398466,120.31390017999782
1040,30.599999999999998,36.14106272654371,17.074696058367994,75.31987481296594
1041,24.790000000000003,26.86726626722408,12.49504172244164,56.54591539475871
1042,20.66,24.37344219801673,11.23085219883179,51.6383246653564
1043,20.169999999999998,21.52869817894425,9.814860588623214,45.93007713588832
1044,19.5,21.867968272634442,10.014168550430774,46.47920558177427
1045,22.099999999999998,21.51837941956836,9.821539878286961,45.85815673063988
1046,132.58000000000007,24.05724951848039,11.024403185108726,51.215959808213015
1047,54.48000000000001,108.10755058404362,50.78509708648889,228.88192094276468
1048,261.54999999999995,31.146181172204777,13.758741131494554,69.01796120341375
1049,277.4400000000001,121.03724073655553,54.51982600943614,267.24810517347055
1050,58.38999999999998,165.22725526576554,75.17115354415829,361.75544097111924
1051,29.189999999999994,46.136188183560044,20.19061445027263,103.84925964227534
1052,22.750000000000004,30.712445422761874,12.983510289616275,70.91893693806176
1053,19.31,26.84832144928038,11.15415696144778,62.807716981307614
1054,16.980000000000004,24.271672785907256,9.990337218298174,57.11081431920429
1055,15.420000000000002,22.76332326585662,9.337645517918707,53.62515924528368
1056,14.540000000000001,21.235667530803727,8.71778158725618,49.87837240433804
1057,14.470000000000004,20.581547702986228,8.517006646025456,47.940094147226915
1058,13.830000000000002,20.133466734272343,8.42927438578534,46.36561880963841
1059,16.049999999999997,19.070387207523588,8.085646892296625,43.335912173899544
1060,22.79,21.143419074840608,9.153438925768738,47.292111855776085
1061,32.36,27.181090556371913,12.034177301551027,59.93011062937819
1062,218.29999999999993,34.01877481965995,15.459824634201212,73.50350274825773
1063,92.4,155.78872421475305,73.86650582328288,327.3538315373718
1064,73.85000000000001,61.52524322691681,28.99595400972478,129.33111196655605
1065,129.16,56.63155017186195,26.849981498786683,118.26024350703938
1066,73.41999999999999,86.67408240372886,41.94320865704659,177.99791295810664
1067,28.980000000000004,57.551891815393354,28.12441568786891,116.7130580713938
1068,17.22,30.32985809141273,14.785655094986966,61.180505156214444
1069,10.250000000000002,22.350270021898506,10.957636252909126,44.59723164040251
1070,8.500000000000002,15.499552025069605,7.621960158545624,30.574631756811538
1071,7.76,13.320431380695233,6.665936328248852,25.751429459895665
1072,8.430000000000001,11.791182829394213,6.050095635455626,22.20739556384974
1073,7.570000000000002,12.139425729639656,6.429053652310335,22.23909835420646
1074,7.239999999999998,10.704646801767577,5.761734543598224,19.260889549979986
1075,8.31,10.115478751778785,5.5700116055112865,17.805730537462356
1076,8.14,11.1043763060038,6.304326112135674,19.05878756069219
1077,7.739999999999998,10.677606323845215,6.167737844975296,18.025038638976582
1078,6.909999999999999,9.908461727356377,5.7828544710713,16.543430684633954
1079,6.410000000000001,8.715416929524078,5.003914862723792,14.721296566097797
1080,6.24,7.711366605017002,4.3340028112036,13.227196875039068
1081,5.97,7.465576217500811,4.090087116913654,13.079519475448507
1082,6.950000000000001,7.070149745798421,3.8182642950737735,12.5167589262791
1083,7.029999999999999,8.108982002512226,4.392106982634969,14.387964925270238
1084,6.499999999999999,7.947714173236669,4.298809819108879,14.109353167803379
1085,6.440000000000001,7.300154842746467,3.9244344270408122,12.989945735751531
1086,9.470000000000002,7.233366808201181,3.8886960808334505,12.866341428782784
1087,10.690000000000001,10.462814416671808,5.866255260191887,18.136502994994537
1088,8.62,11.254002564860158,6.394330100798141,19.307529798188355
1089,8.02,9.049168010818722,5.049328723560197,15.6937163319221
1090,6.619999999999999,8.616698232433134,4.774201685912294,15.016220063686788
1091,6.269999999999999,7.18462252375231,3.902065601294476,12.665269154828172
1092,6.109999999999999,6.9542369851990085,3.7649972386740185,12.278053028696876
1093,5.53,6.484284913051704,3.209748452070807,12.305906824950403
1094,5.849999999999999,5.566978422079654,2.319498965700581,11.991480353408754
1095,5.19,6.607106138329922,2.4734491703303374,15.660115338412542
1096,5.379999999999999,4.710206184668176,1.49885426129131,12.048561965583758
1097,5.81,6.113430403462044,2.1592468033564605,15.016758187786586
1098,7.440000000000003,5.924141894368345,2.0442659298685437,14.748867568680883
1099,7.65,8.980975967992311,3.160303570130754,22.945339467261302
1100,7.609999999999998,7.548454103926353,2.6770183491063397,18.87372937224958
1101,9.05,7.614771116131465,2.7781953430550423,18.64278568066928
1102,13.310000000000002,8.918338561736059,3.5209016206249117,20.759694875117106
1103,12.550000000000004,13.289796865817678,5.6137006206943605,29.875043516090443
1104,10.750000000000002,10.376718266135331,4.4006472901530715,22.965593669300493
1105,10.550000000000002,9.732912417496427,4.1149996946933625,21.52109791544276
1106,30.259999999999998,9.900614119644722,4.222086721129295,21.75400515748269
1107,91.30000000000003,37.28483120838508,17.707913490753107,77.34803712231253
1108,76.61000000000001,110.58282050443513,48.444938049451544,250.80991872762786
1109,39.239999999999995,49.358898283489644,21.654974518796028,110.94091762154981
1110,29.86,27.11061802064639,11.837653475295022,60.55383824803931
1111,25.429999999999996,26.730804961525056,11.883708045232863,58.68759468270329
1112,20.59,21.164243754282133,9.003989249108644,48.10578060077436
1113,18.18,18.02569119277542,7.805362554728767,40.108690654476085
1114,16.049999999999997,16.712662137466676,7.526485697352047,35.79574576586447
1115,33.71000000000001,14.604918895780939,6.79244273184106,30.249956159301533
1116,28.31,50.52846452068253,25.425224045310042,99.47909721811729
1117,20.180000000000003,17.53046278180335,8.876955360045086,33.76557687977965
1118,15.450000000000003,19.25019172098932,10.161106663470184,35.74100401521711
1119,12.650000000000002,13.275506149184492,7.018517589318522,24.414931568756952
1120,10.8,12.409872835054369,6.6998947362450965,22.354175039024206
1121,9.570000000000002,10.381645358814783,5.6374901274031295,18.516692091037793
1122,8.95,9.702424504308832,5.37621749365222,16.963924597061062
1123,8.66,9.172391045382208,5.1597277450682695,15.79904435111121
1124,8.47,9.088912352557024,5.212634841055433,15.383733321156502
1125,9.93,8.84479024871386,5.1516228127773855,14.755175177493255
1126,11.83,11.2328053794264,6.791679173941354,18.205298897750765
1127,9.93,12.491666402045935,7.800926363640839,19.682488954355197
1128,9.03,9.314713569030534,5.887896022276625,14.446417261098103
1129,9.03,9.806025754543358,6.263845791145424,15.075532984221166
1130,8.680000000000001,9.651026232506025,6.232261113324926,14.685877214322135
1131,8.709999999999999,9.335449632787075,6.112352498853337,14.019154229082481
1132,8.250000000000002,9.612275848377646,6.401540321162156,14.215805601985334
1133,8.36,8.778484291819934,5.90962468007737,12.838487540584984
1134,8.400000000000002,9.513672573087646,6.5000860261007425,13.738139081261073
1135,8.179999999999998,9.108494062166042,6.2779225932005795,13.039947649389621
1136,8.51,8.958405941186047,6.234483413113025,12.707937834192421
1137,8.39,9.409399038008559,6.623808391985585,13.212790086172774
1138,8.16,8.939058392705098,6.341370535886931,12.455918244517159
1139,8.280000000000001,8.377274223505687,5.937850868948264,11.674425196480811
1140,8.88,8.596186839752269,6.104486623306602,11.961781300472795
1141,8.77,9.276124455231686,6.596686496343388,12.900630738183017
1142,8.47,9.03346771894455,6.417667840845443,12.571715076369374
1143,8.35,8.746852552374262,6.2041565912190295,12.186989132568165
1144,8.07,8.668077354876774,6.177080655426833,12.023640701209615
1145,8.040000000000001,8.36705885994583,6.002182485838187,11.530634821806796
1146,7.990000000000002,8.277682824563538,4.354029366547549,15.076751302674584
1147,7.5,8.040195059911973,4.322989047133378,14.35323969251238
1148,6.9799999999999995,7.195666493957882,3.8975173729340806,12.714897603302068
1149,6.6899999999999995,6.981109849861841,3.930768574837253,11.918496065831718
1150,6.290000000000001,6.700898467263286,3.9070320804588983,11.085479823794431
1151,6.02,6.3262049050297104,3.797617734872796,10.187485388913437
1152,6.09,6.244542483076801,3.8594435989392144,9.8002891114039
1153,7.76,6.459050725408576,4.079172325639767,9.954036239991165
1154,19.06,9.20402545769859,5.995608390174689,13.883928564040286
1155,26.079999999999995,28.222582057759418,18.287676437756495,43.27486664235091
1156,33.11000000000001,17.045772047036312,10.96446417759127,26.21809217194365
1157,26.649999999999995,35.32002781210815,23.513447852345813,52.81309182690407
1158,19.5,21.540989693655817,14.576623073998132,31.619150759169145
1159,14.079999999999998,17.084168633180614,11.755598890013088,24.638714259772247
1160,10.98,12.144177456365114,8.500880551687983,17.18456721611152
1161,9.670000000000002,10.259970793940827,7.2963719701780505,14.2822152545891
1162,8.669999999999998,9.395945205581942,6.8007192296440575,12.854578473579236
1163,8.290000000000001,8.500663162269207,6.25554543050782,11.440498290227316
1164,8.13,8.404028904985298,6.277155439506423,11.152517612265981
1165,7.690000000000001,8.231215157477438,6.224372772207337,10.795533809034673
1166,7.440000000000003,7.731065954136081,5.903489852887063,10.042460309200559
1167,7.300000000000001,7.618230224705584,5.872342173321287,9.807653392807351
1168,8.45,7.480024109844267,5.846200387028861,9.503754613987889
1169,11.190000000000001,9.139147316296109,7.276566033474456,11.420889036077533
1170,11.089999999999998,11.999455110028862,9.674753923519656,14.830419545815424
1171,9.989999999999998,10.392165093341104,8.40329252528803,12.801700326233789
1172,9.739999999999998,9.750257301980653,7.945235497393874,11.919506936676873
1173,10.130000000000003,9.747018235695583,7.966922886944674,11.880494503474814
1174,9.920000000000002,10.261731652633525,8.463619294204175,12.401490050809684
1175,9.5,9.737865994390875,8.04337169662665,11.749864760784485
1176,9.699999999999998,9.445152477640162,7.846829689077545,11.33223811416317
1177,19.06,9.856985560296016,8.20207533165873,11.809516463198598
1178,24.46,23.114623700661674,19.386060942694893,27.52513184666471
1179,18.220000000000002,21.10629785035642,17.681459613988846,25.159005492415513
1180,15.339999999999996,15.030676249396027,12.660362878486959,17.81228070578266
1181,20.8,14.293507782016855,12.086059784303764,16.873323531591534
1182,28.730000000000004,22.050741049342076,18.782717169690695,25.858629093575185
1183,26.400000000000002,27.388918467190575,23.31309585670289,32.14800782618585
1184,24.97,21.594716698999463,18.35507531843284,25.3766073915429
1185,20.909999999999997,23.342441105165594,19.792356012885072,27.498667423318846
1186,16.500000000000004,17.52729805374429,14.873195251754478,20.625184326661387
1187,13.7,15.395326940268948,12.831861120740884,18.43388117707695
1188,12.82,12.786632361553536,10.489336750555287,15.543272775380093
1189,16.48,13.165603432840523,10.628533985736798,16.2562010707998
1190,17.429999999999996,18.636382175986604,15.130293266234641,22.904556389470635
1191,15.829999999999998,15.743968038994101,12.690076696706294,19.479101169557957
1192,13.320000000000002,15.20399427684864,12.272630187966968,18.782773030336532
1193,22.529999999999998,12.063302713636478,9.647806221485862,15.02676403367985
1194,21.560000000000002,28.22278961384256,22.930250094422977,34.68585490938624
1195,16.7,17.465555404638135,14.255283198248831,21.35138685861313
1196,13.35,15.544371080191524,12.75389942901819,18.900989959370136
1197,11.45,12.476063183476173,10.265752960835929,15.120030286157345
1198,9.79,11.579141441503847,9.556590682938822,13.989195295891582
1199,8.909999999999998,9.979614261869585,8.247348895924032,12.036377311619102
1200,8.290000000000001,9.671700777271234,8.015275313243857,11.632470282112052
1201,7.880000000000001,9.10351242267055,7.551700911981653,10.936919254511588
1202,7.43,8.781380805318827,7.304310929174157,10.521173914928818
1203,7.620000000000001,8.15862148026528,6.807825241175525,9.743112816667985
1204,8.339999999999998,8.5876335281154,7.2133961978557934,10.19180354326997
1205,8.07,9.348554350584186,7.899257252586308,11.033878121218665
1206,7.880000000000001,8.555941772187547,7.24442885088116,10.076088447737536
1207,7.730000000000002,8.65156615386882,7.349872431716051,10.156185915928011
1208,8.040000000000001,8.235842044940467,7.033883386237813,9.617627139723222
1209,8.9,8.712614687568761,7.4832133261654885,10.120182935658523
1210,11.54,9.617192003961547,8.303844060589187,11.115934587348022
1211,14.229999999999997,12.701353422161564,11.023617594582285,14.613194957528108
1212,13.209999999999999,14.725229237572137,12.785316922771209,16.93813199649553
1213,10.970000000000002,12.77477683304199,11.077230268117427,14.710926477986852
1214,9.839999999999998,10.686546735929127,9.21632575635937,12.368345711376863
1215,9.749999999999998,9.949520565710689,8.53824568836952,11.569607088766007
1216,10.53,10.101299246975444,8.654493487884183,11.764920824231224
1217,12.419999999999998,11.021124782373455,9.439844211414123,12.84191546415989
1218,15.490000000000002,12.909803395106648,11.096733162265334,14.994618373006029
1219,20.630000000000003,15.661497213697203,13.456936987287008,18.20223416939269
1220,40.059999999999995,20.73237039880948,17.77375215023167,24.157247169965565
1221,35.24,48.55805979390683,41.42676320713554,56.88801937460509
1222,26.689999999999998,27.793047498309786,23.43716524222706,32.92535820019563
1223,21.119999999999997,23.700888844712033,19.8258121226375,28.297004415765784
1224,17.060000000000002,17.679255839007066,14.644978023590077,21.30201909986535
1225,14.229999999999997,15.97977487783286,13.146915890491035,19.379901678476486
1226,12.340000000000003,13.297922249422731,10.865087812426648,16.229588510624552
1227,12.96,11.96476081653611,9.715879133304757,14.685602733945075
1228,13.739999999999998,13.469579747569314,10.892054689275781,16.605766500559078
1229,13.070000000000002,13.647378602708615,10.975228503726102,16.915791741621472
1230,28.020000000000003,12.60569002085222,10.09438988013207,15.685442186868059
1231,62.61000000000001,36.290015171214144,29.276936606227448,44.927540475920196
1232,37.41,67.60338220647729,54.800325388693324,83.34402518953152
1233,29.609999999999996,20.95015879661391,16.586253987034137,26.396935785858197
1234,25.1,30.65479292667463,24.517470710672875,38.26823024867999
1235,19.650000000000002,19.533350745288686,15.618544022323086,24.37036290680475
1236,18.76,18.33292086218484,14.685031960247587,22.82920417444926
1237,21.4,17.931764745711355,14.38664842387288,22.293683361925137
1238,24.960000000000004,21.812449709664204,17.630815284631616,26.932640295416267
1239,22.569999999999997,23.837801135337905,19.33114516273257,29.34341451505713
1240,26.999999999999996,19.801118440694705,16.015091316941373,24.429574271693586
1241,30.340000000000003,28.346812251289084,22.83556366235028,35.13236932478272
1242,59.50000000000001,26.260686373939485,20.972715082148525,32.821265091725024
1243,39.21999999999999,65.36389119580919,52.31973821603098,81.59916875070206
1244,32.21,25.97527999557739,20.584307413408045,32.71272086255481
1245,31.120000000000005,29.580404595984085,23.383151981194025,37.35275873994246
1246,30.669999999999995,27.786823682233422,21.84887612775117,35.26792027225873
1247,39.38,28.20627333233086,22.03957965913983,36.02352276311742
1248,51.349999999999994,36.50888009882949,28.234846426238533,47.124627225872736
1249,63.53999999999999,43.71954100340639,33.44108615312859,57.06545527234144
1250,55.35,52.044597742442704,39.33842318503502,68.75308223503916
1251,62.949999999999996,42.72675734413333,31.934629306218902,57.05528551893181
1252,63.440000000000026,56.863869705501656,42.4171459670456,76.11763043652472
1253,40.830000000000005,53.684591739130965,39.901278168096226,72.11274140102553
1254,58.349999999999994,33.53046901025576,24.717949718192564,45.362688438759065
1255,50.72999999999999,56.101073555732846,41.505740903967,75.7080524154071
1256,90.76999999999998,43.61967003824374,32.21118720339616,58.94711788316186
1257,78.27,81.49905566325539,60.564581796179525,109.55210620713211
1258,56.95999999999998,66.66151291447322,49.63957979037926,89.40518007507622
1259,52.769999999999996,49.54285748084236,36.67618331979128,66.80358882548545
1260,44.14000000000001,47.80677790389718,35.02576756927453,65.12216005612555
1261,34.92999999999999,40.895700552656784,29.514426795844614,56.52196285846379
1262,39.20000000000001,36.48143362546381,25.87741057623889,51.26909276230727
1263,37.98,39.91659190637979,28.081077573247203,56.56896349581472
1264,36.53000000000001,38.25385150720715,26.794727391812174,54.437307818452624
1265,39.74,36.8805192019324,25.791932755801685,52.55842551886222
1266,39.8,39.210522382131046,27.44252477353968,55.84748886104744
1267,40.01,39.28262818879091,27.59925939306548,55.7388865387832
1268,55.81999999999999,39.565704140946075,27.82643836634256,56.08566322130609
1269,45.120000000000005,51.21787008515274,35.72767262799264,73.24118549106439
1270,39.03,44.449581608699276,30.335506684305432,64.92088933543286
1271,45.9,40.12547451180553,26.697184265969618,60.06413697435671
1272,55.3,45.3970178275156,29.06420964771968,70.60285563835127
1273,61.19999999999998,50.593285904581684,31.065107511739107,82.0144464495368
1274,57.100000000000016,56.16729250874398,33.559091490013834,93.56554532762074
1275,53.11000000000001,53.45976057874369,31.47100414519538,90.33889143163232
1276,44.809999999999995,50.97487880903631,29.7066031742782,86.9741732383107
1277,46.199999999999996,45.45081634115964,26.071646252582553,78.7025167449618
1278,46.27,46.93210625798843,26.404492223475323,82.8361386736081
1279,52.370000000000005,47.45375024855052,26.01824149445403,85.89558547438516
1280,43.529999999999994,51.170492966522566,27.606338911201636,94.14535728667455
1281,39.64,46.46958323971418,24.867367157712543,86.11212545186675
1282,43.21999999999999,43.378094625416736,23.029774522411547,80.95729347129965
1283,46.839999999999996,45.46412698234533,24.09727764936371,85.02188358410443
1284,40.88999999999999,47.449055211032366,25.102445660735224,88.9268590135452
1285,38.809999999999995,43.07829236330633,22.950948445186654,80.11978789113745
1286,37.74000000000001,41.96684559923653,22.644360115102238,77.07992315129094
1287,41.760000000000005,40.29201658176666,22.005664416092376,73.11351406987534
1288,46.77000000000001,44.73178120094279,25.23880834387463,78.70620404714886
1289,44.25000000000001,47.66927547743673,27.27165384530729,82.78350939281174
1290,37.699999999999996,43.74468330466343,25.026251687279487,75.92566367569405
1291,36.900000000000006,39.520854568068756,22.589433732567773,68.60487791021886
1292,40.32999999999999,40.24234098035191,23.142211482223303,69.45463464654287
1293,34.18,42.28728721873222,24.651745022675776,72.04724232603336
1294,31.21,36.0689154800408,21.21333130390578,60.859451698935366
1295,32.27000000000001,35.21858720416346,20.959988087467842,58.735280995630646
1296,36.99000000000001,35.87730262825972,21.630673066557584,59.092576351425095
1297,37.510000000000005,40.12832101901211,24.489417269269182,65.36239549824012
1298,35.78000000000001,39.00417426238601,23.99123757869641,63.03580268387904
1299,33.20000000000001,37.559739145668864,23.261732984503364,60.28389443292128
1300,35.64000000000001,34.46035787761084,21.820128133525415,54.102099929093576
1301,37.089999999999996,38.098959387210634,24.595901121281358,58.72552472050715
1302,43.14,38.01615837573792,24.94851195440984,57.66465934829695
1303,44.02000000000001,44.69603161318526,29.778073560289183,66.8446394997052
1304,43.24,43.49956134821841,29.273945653348548,64.40974152686394
1305,39.790000000000006,43.10596643596165,29.377192495970423,63.03937017906537
1306,34.36,39.38034461805712,27.058741692035966,57.11280667428744
1307,30.080000000000002,35.045151580766124,24.19027498914874,50.57756130252996
1308,28.130000000000006,31.698685760447503,22.0710487282308,45.34397261500146
1309,25.540000000000006,30.14252981624915,21.19588313303487,42.6953626734724
1310,21.430000000000003,26.72075234720634,18.948231727954397,37.521715667574405
1311,25.029999999999998,21.01583280828377,14.859018885511151,29.562854974914277
1312,16.139999999999997,29.22181534562918,20.933172255321917,40.642773427983634
1313,15.229999999999997,16.638080011879016,11.95036335510139,23.022636120313734
1314,17.529999999999998,15.773920261923571,11.431229303414618,21.63367476264674
1315,18.86,18.56414999145949,13.68978962677101,25.05591874445779
1316,17.93,19.740667023723347,14.757076283105873,26.300449706534856
1317,20.430000000000003,18.48554315672643,13.935250095582303,24.422164991060683
1318,19.4,21.391968593867286,16.3129906999082,27.960926866979577
1319,17.57,19.932430914145588,15.264896851383423,25.939406255023947
1320,15.189999999999998,17.96660202363726,13.76883565585883,23.35750527025024
1321,11.710000000000003,15.501083473806514,11.869408357579497,20.157597011766782
1322,12.95,11.763143350487061,9.007696928485739,15.277254332254252
1323,13.84,13.493718250395766,10.411412091420978,17.408577925231786
1324,16.390000000000004,14.319025294851679,11.131339288561447,18.344322205675724
1325,18.790000000000003,17.094900894535623,13.395819717489912,21.744480328915703
1326,18.200000000000003,19.439129908979755,15.3196324965309,24.59849503504166
1327,16.640000000000004,18.47935544619102,14.602751125326867,23.319127155923447
1328,15.86,16.86617337870269,13.390866399723507,21.18074592117661
1329,14.019999999999996,16.17421265322293,12.86922828183292,20.266762235392548
1330,13.150000000000004,14.207876464882215,11.366476355036617,17.70213470120152
1331,13.96,13.448746347645098,10.818079777822511,16.664990839743076
1332,14.410000000000002,14.461836836725203,11.71289285603856,17.805192576759282
1333,12.76,14.812106051678674,12.06079902566114,18.142986374593352
1334,10.4,12.855562872731378,10.495395576575373,15.700305895641435
1335,8.31,10.359790675638262,8.458219392774847,12.643672115799685
1336,8.41,8.22469794642593,6.707305539777732,10.040830256905686
1337,9.829999999999998,8.740506537874113,7.16203937558188,10.624235469656066
1338,10.16,10.485683724105959,8.650467654145789,12.669900292709652
1339,9.640000000000002,10.586664509203969,8.74246028939205,12.779968351015405
1340,8.959999999999999,9.980155947366223,8.22262596958455,12.072613486233882
1341,8.36,9.302016812195,7.645871548209984,11.275402173968406
1342,7.5,8.785595792755586,7.1406340202187675,10.762951728497248
1343,7.530000000000001,7.442744281187657,6.012340556673374,9.164927162542401
1344,6.529999999999999,8.058369519221184,6.504007972381241,9.934697650743203
1345,6.499999999999999,6.239313794592104,5.003910765465076,7.728921242138403
1346,5.669999999999999,6.8920769865862965,5.548806217973447,8.51087527849913
1347,5.580000000000001,5.445057295283116,4.378127848563468,6.723647467878137
1348,5.700000000000001,5.862470649443911,4.740841460429093,7.20324054219034
1349,5.879999999999999,5.814568704598093,4.721730623048599,7.116136478467222
1350,5.920000000000001,6.067196611774999,4.95487060258262,7.387296934348635
1351,5.72,6.027727388485725,4.930679092578726,7.32770606466881
1352,5.65,5.764014331876111,4.720604502999221,6.997736927598902
1353,5.22,5.746231130741246,4.681019168480146,7.011174248785034
1354,5.489999999999999,5.1071217800038875,4.147642288144312,6.245440601359874
1355,4.62,5.792272817657979,4.7140002975751,7.074023035853562
1356,4.34,4.3557122320103865,3.514911299829638,5.353093473439446
1357,4.42,4.392514722141726,3.552565242926142,5.387435100177657
1358,4.51,4.488013126355022,3.649606100400196,5.477599913776074
1359,4.16,4.580878908267004,3.7324176216372544,5.581458332488413
1360,4.1,4.085020077409199,3.3155595938125444,4.991674689124413
1361,4.04,4.161907331777887,3.3828691178402774,5.079416607127014
1362,4.01,4.064582268265327,3.308017082301233,4.9540138913112175
1363,4.679999999999999,4.0516435747552455,3.299964532129172,4.934724022881627
1364,4.819999999999999,4.964073390268694,4.080030996896785,6.001959520766644
1365,4.889999999999999,4.853270756447228,3.9872787241582826,5.869633810984284
1366,4.59,4.951514581956771,4.080134438667284,5.972359933950146
1367,4.3,4.602142032490576,3.788387583541885,5.554188608304648
1368,4.62,4.314115306453045,3.5396372167770247,5.220722084556303
1369,4.9,4.689036945379425,3.8600086250407823,5.659482289626691
1370,5.05,4.9617410321190425,4.09371960145391,5.97768210953483
1371,4.990000000000001,5.097059403317861,4.211981984721999,6.132437041523959
1372,4.679999999999999,5.018600805126316,4.142621637521393,6.043791708721922
1373,4.63,4.703184870653947,3.8702949680817182,5.678510825734925
1374,4.719999999999999,4.6731188183650305,3.8355727609534407,5.655732157971209
1375,4.9,4.770250538082353,3.913629913943592,5.77621063355931
1376,4.85,4.953620763485365,4.032080683209163,6.043925252168045
1377,4.710000000000001,4.86992296854217,3.924605504207162,5.996701690558293
1378,4.25,4.725007590872992,3.7333285957892652,5.924453109955311
1379,4.09,4.268056494022045,3.3061755050919093,5.444795199682764
1380,4.19,4.176531992286432,3.204632425707416,5.373085861995776
1381,4.280000000000001,4.299376349568916,3.2864543895916905,5.551659516677017
1382,4.119999999999999,4.368699737219848,3.32459567654916,5.66488592788492
1383,4.2,4.190752420280496,3.133932881223627,5.517742658819499
1384,3.8900000000000006,4.321235943563509,3.1827765049811854,5.769558912208625
1385,3.67,3.9515985942608687,2.7985812337912845,5.454601634046135
1386,3.6899999999999995,3.8291456830212995,2.67734760418097,5.341703460757634
1387,3.59,3.847502369798768,2.6708728593337123,5.401278422230554
1388,3.5199999999999996,3.6619798880355052,2.537726622473862,5.1435093199059425
1389,3.25,3.611385292580377,2.5203999514973234,5.040471142371785
1390,3.0600000000000005,3.2456967768739196,2.301046236756181,4.460675140034099
1391,2.89,3.084202769901416,2.2279562538953344,4.167576929068033
1392,3.2699999999999996,2.889026473403596,2.1217958590991803,3.844816122985799
1393,3.8100000000000005,3.48140170193052,2.645791750687652,4.508532189277625
1394,3.84,3.9777816126648506,3.0902163964372864,5.057945932877049
1395,7.100000000000001,3.8100035189887542,2.9795410205664914,4.813769410370532
1396,17.409999999999997,7.220717344896698,5.785209864247858,8.959926813874123
1397,7.190000000000003,22.913765840896517,18.709152977213098,28.0153614087018
1398,14.429999999999998,2.725583187746511,1.659397423130768,4.219216190891581
1399,31.450000000000003,11.037003849178138,7.844663026616102,15.381569453705108
1400,13.12,25.208520767102392,18.814363194494064,33.66609317984575
1401,7.520000000000001,13.893634291440772,10.5224945152879,18.25106947222861
1402,5.990000000000001,6.495941917553387,4.809558504141893,8.671844287526188
1403,29.330000000000002,5.233433496295514,3.849206170781663,7.012794627471081
1404,40.53999999999999,14.393471997488192,11.20423332495033,18.41612994673039
1405,15.520000000000003,21.84524650074618,17.38383584698168,27.389357478164367
1406,11.69,10.187637589452777,7.94539775201571,12.99191386483995
1407,9.72,8.601864057075257,6.605234257034785,11.122676337717447
1408,8.37,8.202473171664403,6.2085825135310495,10.747873082709681
1409,7.559999999999999,7.201839562021053,5.29396709303853,9.688040024158717
1410,7.039999999999997,7.287549199128149,5.349191047367282,9.817672868175784
1411,6.410000000000001,6.625361128770643,4.733175558288306,9.142046367323589
1412,6.1000000000000005,6.572950681734245,4.6165277997026735,9.210860530417943
1413,5.920000000000001,6.265014091308395,4.271074188022296,9.013220809307699
1414,5.86,6.412589946622953,4.403130770335317,9.169379948833944
1415,5.87,6.208328105550333,4.244218854926838,8.90805218368251
1416,5.61,6.5211342185526,4.585332460507634,9.12785905466791
1417,5.4799999999999995,5.886826284006819,4.0483218753601555,8.394879612881965
1418,5.34,6.445070517141692,4.4974255670501675,9.082733150119727
1419,5.32,5.747168168816714,3.8845232809925676,8.320106728827518
1420,5.150000000000001,6.517016090429811,4.500732667477224,9.272364486619484
1421,8.579999999999998,5.591833401661986,3.742782176108853,8.161767498864224
1422,9.52,11.667564471534593,7.9400171900221626,16.949315558316915
1423,7.979999999999999,6.74504988040171,4.484740930194595,9.93685160582093
1424,9.189999999999998,9.160793555163481,6.215357514555032,13.308608473300106
1425,9.299999999999999,8.278018903754763,5.568527537572643,12.105164633326883
1426,9.29,9.370929666497434,6.310664345802472,13.71223093550883
1427,8.11,8.685626839746694,5.760780673847679,12.875818755917706
1428,7.340000000000002,8.115813638135018,5.346962821954568,12.0925705122719
1429,8.31,7.962909950248447,5.281225083879917,11.789504229426596
1430,7.59,8.925145554102773,5.98056238911443,13.111830649023547
1431,7.280000000000003,7.2430024708675695,4.8284509654396555,10.657829865538455
1432,6.9399999999999995,8.557778001801974,5.764576800483224,12.504336342992532
1433,6.77,6.435227192874394,4.307111759408914,9.41670232620389
1434,6.410000000000001,7.922753784201134,5.3750853823061835,11.488544124357247
1435,6.519999999999998,6.640602951361562,4.618296398950391,9.390839022174289
1436,6.430000000000001,6.982019445516884,5.003059124323783,9.613361139565088
1437,6.820000000000001,6.53229667565936,4.780689729081798,8.814658089106764
1438,6.800000000000002,7.071064433372259,5.2774257925906385,9.377196519715941
1439,6.989999999999999,6.85741566553438,5.114824220290655,9.096607640186663
1440,6.800000000000002,7.055342897507611,5.216908936387816,9.437429574789334
1441,6.410000000000001,6.797826310933771,4.9653085555380665,9.193285830795771
1442,6.22,6.473871120711531,4.674360270132789,8.84406115752299
1443,5.910000000000001,6.345063059755248,4.609156935171381,8.618192533265745
1444,5.849999999999999,6.0594831271376695,4.4460144189174,8.150967696528479
1445,5.61,6.049338471887109,4.486911685251398,8.056674454010434
1446,5.63,5.805526875303241,4.328800836323538,7.691485659356825
1447,5.65,5.872694602761237,4.385930206001695,7.769874338547744
1448,5.41,5.861406013747166,4.4018685115076,7.715297750249494
1449,4.839999999999999,5.611581185302947,4.229462999150721,7.358985574035238
1450,4.04,5.043042921259836,3.79676130853983,6.613130068234536
1451,4.04,4.231197031246482,3.190593382626397,5.530202260418572
1452,4.690000000000001,4.486964561875543,3.438441751952264,5.783186934927216
1453,52.899999999999984,4.71788834146909,3.4997175893686725,6.265844230480978
1454,44.150000000000006,24.155852646171777,18.21376942816245,31.935594690147596
1455,148.04000000000002,11.745297973122263,8.58078554632863,15.955041905297907
1456,97.36999999999996,119.97325610613214,88.39514877024193,162.70607235670727
1457,48.67999999999999,80.66438276282018,58.37847133326319,111.31463630314879
1458,27.9,39.14938243031518,27.829600300419717,54.91381402232736
1459,20.97,23.36071905004413,16.314896961852597,33.27364505504327
1460,21.499999999999996,18.44769606277238,12.702667787960625,26.601404923665736
