step,true_value,prediction,lower_bound,upper_bound
80,67.33000000000003,70.83086776660795,64.20857135967348,78.12569554153397
81,73.15999999999997,75.56937692228261,68.53592624545458,83.31425018444807
82,83.24999999999997,80.35824287757971,72.92985089458509,88.53303170549293
83,93.82000000000002,92.5494325261794,84.11379162364013,101.82113108846025
84,80.34000000000002,104.43582205860444,95.11254971507248,114.66348625782388
85,71.74000000000002,78.27201474979321,71.47668752732154,85.70446369561984
86,65.70000000000002,66.23450692857966,60.6921200014948,72.2748189204666
87,59.37000000000001,61.65467911012195,56.68400044820199,67.05368531812209
88,54.380000000000024,55.22448517586347,50.930533250195616,59.873488782805474
89,49.54999999999999,50.94540635562779,47.10857394162928,55.08824000323119
90,46.190000000000005,46.26868003433499,42.878388881676585,49.92092415274127
91,44.00999999999999,43.72906608528733,40.657914437313764,47.02663263118009
92,43.29,42.347666881520304,39.48835608608564,45.40890383586116
93,45.39999999999999,42.6215176653616,39.84704481835245,45.58444232358557
94,47.07999999999999,46.79583103447057,43.89920170784784,49.879333649185284
95,54.06000000000001,48.3435721384541,45.465538251191916,51.39986887099856
96,60.259999999999984,59.6533795461898,56.30361215543009,63.19896254350782
97,136.75000000000003,65.431554920186,61.87427206829716,69.19010071909706
98,228.7899999999999,246.45773584497397,233.7021922833441,259.9065149063226
99,272.87000000000006,360.1033524807206,342.2902507712075,378.84076413437174
100,211.29000000000002,302.3823567872612,287.8747101037273,317.6185955037172
101,214.4399999999999,175.02371113182002,166.8164696338762,183.63233643406224
102,201.37000000000006,221.8383327630655,211.83668012726798,232.3099845333512
103,154.97999999999996,193.22170599223472,184.5922492409097,202.25240538234218
104,119.15000000000005,132.2075719834002,126.29112746216445,138.39901065757297
105,96.01,102.80283816327902,98.12912550451217,107.69690573696664
106,85.09000000000002,85.0603710888446,81.1562447806096,89.15002440444657
107,74.12999999999998,79.98606003170079,76.15324582317116,84.0092805491338
108,69.41,68.31819051773392,64.94242714188542,71.86676795068712
109,79.38999999999997,67.26296680809534,63.94119517066828,70.75464857394269
110,89.35,86.94063884881758,82.65479182862121,91.44606067493967
111,78.80000000000001,94.94713541959324,90.14144779454818,100.00621635918792
112,69.70000000000002,72.02647752239211,68.19072925439855,76.07486937622389
113,66.56999999999998,65.62974445529083,62.08176836210107,69.37727320346623
114,62.98000000000001,65.41607866520566,61.86853172104891,69.16380666936928
115,57.27999999999998,60.958572903148706,57.489502527621845,64.63339728153574
116,51.89,54.20048457739056,51.09485641151047,57.49125436701407
117,47.71,49.18525949878958,46.24553743240936,52.30789758850695
118,43.03000000000001,45.644085415215024,42.83620271511354,48.63182414228052
119,38.88,40.589050598894126,38.02825889196007,43.317865537006774
120,35.32000000000001,36.81023664939721,34.50350246258544,39.26684401038986
121,32.0,33.531471822628134,31.47149723040222,35.72213011232898
122,29.59,30.30682627810771,28.475792537682363,32.25160367968449
123,28.339999999999996,28.404451261044365,26.71431499213165,30.197659195567613
124,27.789999999999996,27.76199972789685,26.14010138090076,29.48082307200588
125,28.029999999999998,27.543725128719444,25.959136986790583,29.221451251317788
126,27.59,28.24067083139444,26.637461627174254,29.936879884412935
127,27.32,27.178002379594275,25.6531733639316,28.790066918594416
128,26.910000000000004,27.270648034705395,25.758973702011957,28.8677202348048
129,25.950000000000003,26.105986414925244,24.288194472062266,28.05444674343308
130,24.35,25.509819957273137,23.740771513796563,27.405361319275787
131,24.140000000000004,22.76273325151759,21.01606614573523,24.647973977047783
132,24.140000000000004,24.781598040023976,22.739635014224785,26.99920037098656
133,22.500000000000004,23.686574225583076,21.56778201689105,26.00429074239958
134,21.270000000000003,20.81557895636703,18.71327559763577,23.14208043936449
135,21.459999999999997,20.783746321234428,18.271981323179986,23.62287586472163
136,29.269999999999996,22.05078140632985,19.12624508920362,25.40028088137659
137,41.31,42.293841952803554,34.00201207398546,52.549971557989686
138,33.29999999999999,45.86291466200255,33.65392199250759,62.373281993678845
139,30.550000000000004,24.115428992158524,17.519114227102037,33.06128207455122
140,27.84,35.729190506266605,26.005205048567024,48.95457108433283
141,27.659999999999993,24.44461775680874,17.681203606344972,33.656684142675424
142,24.6,28.45760012890418,20.596286773542555,39.180527997872744
143,21.51,23.16738537710739,16.698727181019635,32.00025532864199
144,20.829999999999995,20.64746265624765,14.836164728141759,28.591296093358107
145,21.790000000000003,20.834825885601603,15.416709314418622,28.041119771536973
146,23.07,22.264313386830477,16.903275036818766,29.23068551690141
147,21.130000000000003,23.492527355163546,18.219345945045063,30.212503170436484
148,18.869999999999997,20.161709681119532,15.888142676196022,25.516708510474118
149,17.94,18.322632549699154,14.633599831055928,22.882159751141295
150,17.590000000000003,17.77679106345171,14.380397268569208,21.923197397574004
151,15.579999999999998,17.51522587756561,14.336642802758263,21.3525835286208
152,14.050000000000004,14.832868834073802,12.236971259289827,17.937846929376402
153,12.600000000000001,13.78064795892817,11.46059320201845,16.532676859266914
154,10.410000000000002,12.139776019743065,10.175551849491606,14.449233843147459
155,8.530000000000001,9.701973150798302,8.198122984996456,11.45169579785216
156,7.950000000000001,7.9654773995661134,6.796507265583389,9.309717193102134
157,7.789999999999997,7.897081399628384,6.814599056802384,9.129509761951066
158,7.43,7.7315243856216185,6.7345635072173025,8.856990381624524
159,6.960000000000001,7.274602402076553,6.386574613516286,8.269390549059548
160,6.050000000000001,6.78933577616675,5.999323086849686,7.668517095298112
161,4.710000000000001,5.674588295927659,5.038940122524529,6.377143673600572
162,3.9700000000000006,4.187508815306445,3.7231264549012817,4.697549698453823
163,3.5,3.7643618774112255,3.3640230137117832,4.201426304950407
164,2.9700000000000006,3.3114904599837978,2.9707090433449066,3.6815190394489488
165,2.5099999999999993,2.7381482336095213,2.459002528720477,3.0398213358944925
166,2.3799999999999994,2.3253370475007786,2.088726745697303,2.5800727580985154
167,2.3,2.3306139780274266,2.108268291272869,2.5688648569293813
168,1.8200000000000003,2.0591023893697624,1.8601246757842804,2.271922901781086
169,1.6799999999999997,1.4078704065373477,1.2586682236834035,1.5669285262371546
170,1.4900000000000002,1.771145775407331,1.608159327619438,1.9443174070071199
171,2.17,1.3435908247421295,1.203606306057849,1.492467887170454
172,3.05,2.8129148051624266,2.5737465492397895,3.0680890799375327
173,2.81,3.801289061744124,3.4983440902613374,4.124636130955583
174,2.3900000000000006,2.4725793386843185,2.2363258724753954,2.7260794303861924
175,2.04,2.224102901600762,1.9728480383160307,2.4965929593894103
176,1.56,1.848469788575176,1.6193863932551573,2.0975881058702335
177,1.63,1.2799711707225678,1.094847374583587,1.4814545452789112
178,2.79,1.8212828393540068,1.5881124343603177,2.0754602288369
179,2.67,3.996776912789781,3.5947841783701975,4.433939559930588
180,2.6100000000000003,2.2288218712182672,1.341571822471408,3.452261756828829
181,2.5999999999999996,2.876782644351754,1.9078116869877402,4.168644083385014
182,2.22,2.5276170273294105,1.7334419283323,3.5525320155956788
183,1.9100000000000001,2.0994072727912227,1.4645715568092692,2.8977669023608517
184,1.9899999999999998,1.8161180538006674,1.285101924140574,2.4705326747841787
185,2.0000000000000004,2.0908342883201243,1.5536595347540207,2.7410063745148308
186,1.85,1.9519195649422492,1.4784938976022182,2.515775901776035
187,1.9,1.8048929791419681,1.3827487924256698,2.3018271374007346
188,1.9,1.9522345520884126,1.5276831757262719,2.4480938648651716
189,1.81,1.869024603031325,1.4747037924896285,2.3261767318496354
190,1.73,1.7843755638962162,1.4205388066930595,2.2029014611892035
191,1.77,1.7062577797445337,1.368525190400001,2.092148312423458
192,1.77,1.8040166811669383,1.4692043985122734,2.184227904745233
193,1.75,1.7507997382929892,1.4304392980529554,2.1133874465635425
194,1.62,1.7571456375154804,1.4411128950229095,2.1140927902063718
195,1.5700000000000003,1.5671560468494787,1.2782619282768395,1.8926832718748896
196,1.48,1.579686713694164,1.284659516196033,1.9128119501545835
197,1.54,1.4712410540302128,1.0086626916225416,2.0403473776830428
198,1.5,1.566323335071032,0.9960431547836608,2.299535605904234
199,1.4299999999999997,1.4631010925906716,0.8112669616870987,2.3495156267137984
200,1.3600000000000003,1.4427229193996585,0.8541758594211499,2.2180848599890517
201,1.38,1.3249523149801732,0.8103307419073711,1.985865036593542
202,1.44,1.408033782476707,0.9191989299443644,2.0213786632932176
203,1.23,1.4450864070969063,0.9846699068011104,2.0123132908313788
204,1.06,1.1917362277656953,0.720438878982103,1.7921408605592029
205,1.2599999999999998,1.0403867368794262,0.5169772599594653,1.7443905363121375
206,1.4500000000000002,1.3241089011419578,0.7719276292887702,2.048365009430643
207,1.2999999999999998,1.4140162527596098,0.7559884002316704,2.318629250522794
208,1.0,1.2813835830205274,0.6424401529683632,2.1688893159785243
209,0.98,0.9118590172026275,0.42391577014507953,1.5670092138150675
210,0.8399999999999999,1.0351735894941427,0.5618583466858658,1.651925219827592
211,0.73,0.7556949983582533,0.37878213596884014,1.2356432150132304
212,0.73,0.7341109221391464,0.38658072668533006,1.1687454847803602
213,0.71,0.7282692754541404,0.4035827280119073,1.1280645799265208
214,0.6099999999999999,0.7054968721480719,0.40301321656987565,1.073194711606618
215,0.6400000000000001,0.5748092621851617,0.3098723102147398,0.8933328026894463
216,0.8300000000000001,0.6706675560546045,0.4058846879984601,0.9853193556202402
217,0.6499999999999999,0.8986036345447252,0.6143757188655437,1.2328728801988778
218,0.49,0.5710420758619581,0.3439060085322614,0.8365668346287485
219,0.47,0.49443830991164694,0.29008641072143604,0.7311599002757176
220,0.3999999999999999,0.47896503815129576,0.22803535064594982,0.7811682562096591
221,0.6200000000000001,0.38014296577673123,0.1620386839672443,0.6391834732041364
222,0.9300000000000002,0.7239330261258048,0.4671047073675947,1.025721179710338
223,2.31,0.9718201842162795,0.6936686744174738,1.2956525662966518
224,1.94,3.900872597618158,3.2549126970371622,4.644898950525934
225,1.52,1.8741671272345992,1.5138768088696488,2.2860944681654587
226,1.2599999999999998,1.4999329051724635,1.2004763002515753,1.8401417137051301
227,1.06,1.216268221027851,0.9624093653610477,1.5029664626749604
228,0.94,1.0239959963993863,0.8044365766844996,1.2702708681331587
229,1.0,0.9189296108487204,0.7213736905513095,1.1391583196631077
230,1.0700000000000003,1.0199439589262078,0.8226267270015533,1.2386227178369498
231,1.0300000000000002,1.0827831003734278,0.8902048842408761,1.2949816072152012
232,0.8900000000000001,1.0174448653519859,0.843984950918893,1.207221801190347
233,0.81,0.8594853477441495,0.7105134290516102,1.0214315186009886
234,0.96,0.7965976290084074,0.661742321004074,0.9423968444206927
235,1.15,1.0008255852528678,0.859295850370811,1.1531285738114665
236,1.0899999999999999,1.1936968837601047,1.0457159276169357,1.352382338551117
237,1.2400000000000002,1.067354125626903,0.9319343275243008,1.21226623485876
238,1.0,1.2819094203156682,1.133040127639033,1.4411686095605276
239,0.96,0.9478836869483624,0.8230545366303119,1.0812602045864979
240,0.8700000000000001,0.9590702654803005,0.830477934303891,1.096696296177197
241,0.74,0.8514095738249907,0.7272967068274832,0.984440424451746
242,0.8900000000000001,0.715545159394581,0.5986102384308214,0.8410336198090964
243,1.02,0.9252127342699825,0.7928185806181793,1.067383790119627
244,0.94,1.0424593191273677,0.9008524838286016,1.194615366410718
245,0.99,0.920641456132369,0.7864621592830139,1.0648988190686173
246,0.8,1.0027779981488054,0.8643249584444306,1.1515131746215341
247,0.74,0.7638587500434146,0.6444954225913171,0.8918858923925983
248,0.78,0.7301231776711032,0.6157442158844091,0.8525990565135957
249,0.9199999999999999,0.7890396701304168,0.6694543772885932,0.9171910205169156
250,1.29,0.9490896338130446,0.8165391570403404,1.0913121448078447
251,3.42,1.3805609042412148,1.2169371749661133,1.5562610807355752
252,3.25,4.914913937687892,4.519878849853516,5.338220066402895
253,3.12,2.96841620520329,2.702996159105409,3.2528607919281907
254,3.3599999999999994,3.1721981280241316,2.88763501940299,3.4775903943167057
255,2.7100000000000004,3.4185894432038753,3.1088593256922126,3.75166734122823
256,2.59,2.5909795123725403,2.322264322455686,2.881429232201415
257,3.09,2.5696496408717655,2.2885819373080634,2.8747395690576822
258,2.6299999999999994,3.1702707777302717,2.8332987466845685,3.536864854228413
259,3.21,2.529275786451961,2.2355148251281434,2.849708083579185
260,3.09,3.265390845724136,2.8976102034726194,3.6678754716357993
261,3.05,3.0877695069214495,2.7292922802612867,3.480705261467488
262,3.05,3.046087212967816,2.6895553795707716,3.437071693133438
263,2.9500000000000006,3.0493076770135445,2.69090783968304,3.442509370412491
264,2.7100000000000004,2.9502197427129038,2.5956767460651102,3.339721592825363
265,2.6800000000000006,2.700740269311799,2.3631695197952753,3.0721939409523555
266,2.34,2.6724710121534287,2.3376012468884424,3.0409390869208366
267,2.1200000000000006,2.311808236957479,2.0104915716185054,2.6432833434184744
268,2.03,2.091143342964033,1.8138964343209505,2.3957067680981337
269,2.08,2.011752460642817,1.7445897580259908,2.3049212027636545
270,2.1399999999999997,2.082132731524895,1.8115490725423347,2.37875737880939
271,2.58,2.1472083700947566,1.8709529844575057,2.4500462314836993
272,3.17,2.634383869178057,2.3181837163932144,2.980715728090924
273,3.09,3.28390805914421,2.91418880887906,3.6885495706213254
274,2.76,3.100240376488415,2.7500702884135966,3.483108275844579
275,2.65,2.717271883499177,2.400952735335314,3.0630115532879163
276,2.5099999999999993,2.629683007642519,2.3221597849866003,2.9656728118578384
277,2.3199999999999994,2.48694648674306,2.193180529088563,2.8077383006216325
278,1.9,2.289270781759651,2.0147544532840644,2.588783910395073
279,1.6799999999999997,1.8323338809106984,1.5952232187599442,2.091107984456074
280,1.73,1.6291470226895508,1.4103820463244983,1.867766990489251
281,1.83,1.7417395394373707,1.5162996727270355,1.98737697404998
282,2.73,1.8219557596215128,1.5932919870862294,2.070781982482653
283,2.5,2.846875160801026,2.534415497831955,3.1869577902952937
284,2.3,2.5040838608479317,2.21529761035057,2.8188078342508978
285,2.28,2.2952783258870513,2.021563113683451,2.5937886572302706
286,2.28,2.279097110403528,2.0064791432789963,2.57643520777252
287,2.0500000000000003,2.2645191729461858,1.9931641011599526,2.5604748254207874
288,1.9,2.072118562979643,1.813066281394088,2.3550266936216326
289,1.7999999999999998,1.8815993543139413,1.6319064414293947,2.1549810084711107
290,1.92,1.7775690530766304,1.5291085822770483,2.050438363410642
291,2.35,1.9637078362592941,1.6844398008099923,2.2720287249706357
292,7.390000000000001,2.495631574205065,2.146385732381042,2.883643374308166
293,10.63,15.55254955057066,13.78750754490578,17.528267579378788
294,6.050000000000001,12.096069117645834,10.651949882870262,13.719169586052928
295,7.199999999999999,4.9970773276329,4.294883856742015,5.7923938365171415
296,6.749999999999999,8.328937174061775,7.167548436348872,9.655470178821025
297,4.78,6.016287127723542,5.119030037602395,7.045112502495259
298,4.06,4.6573320235543,3.9128845047743193,5.5145853914600025
299,3.87,3.8769547064951126,3.2227104088369973,4.632564136870451
300,3.7,3.941949381058148,3.2638555778901983,4.7278824854161
301,3.5999999999999996,3.5763608197785457,2.9556937059549844,4.2944135490763635
302,4.22,3.6605596877449376,3.0194769823637575,4.403891276983926
303,4.93,4.438568076479824,3.7039519841011552,5.287909150109513
304,4.91,5.038458329112571,4.204305642934132,6.006310062118401
305,4.690000000000001,4.813480888627087,4.01091766308965,5.744584987172584
306,4.27,4.679909925653506,3.895608345643632,5.589860643620537
307,4.06,4.114143302891945,3.409694767543848,4.931127459210126
308,3.6400000000000006,4.0048475923352145,3.059778916691662,5.1699171153181345
309,3.4399999999999995,3.469258277456426,2.6236351272127076,4.512218766346088
310,3.34,3.507035505759281,2.5616488697984847,4.703360941171085
311,3.26,3.2065102364871843,2.291968547861326,4.375120725611762
312,3.41,3.3851019298298475,2.20275482221552,5.003930991413079
313,3.49,3.338586694384439,2.1831183883449605,4.91348866369898
314,3.4499999999999993,3.658355663405911,2.1603651293472463,5.866383028111685
315,3.5299999999999994,3.2635125656152715,1.9178674359751953,5.229734487949452
316,3.46,3.76710237041455,2.0755900037467945,6.388912365538739
317,3.4399999999999995,3.204203996570606,1.7715212296077154,5.377483620171312
318,3.29,3.6652899599435935,2.0433939370098626,6.15153242098345
319,3.42,3.0536724888291635,1.7398370412256559,4.997532115756605
320,3.8100000000000005,3.7176606602918776,2.2396630360778325,5.869949700883303
321,3.7699999999999996,3.7617885101692456,2.3779656086687675,5.712510558837738
322,4.01,3.7767125450905903,2.453370929888014,5.607162451317019
323,4.66,4.1099939616465,2.794079243887634,5.882312310722267
324,5.37,4.4539103432777605,3.173766890627287,6.12668886691026
325,5.41,5.579384525631538,4.1322549756797615,7.434557702462213
326,5.2299999999999995,5.16796133098858,3.7528246531232767,7.0044499339083135
327,5.2700000000000005,5.204903376323028,3.873381631676467,6.900227977069061
328,5.47,5.347804610387935,3.976156050531797,7.097540141924625
329,5.93,5.597232743541854,4.159214767525916,7.436066694957983
330,6.410000000000001,6.208925542750253,4.627695546135413,8.234438333574092
331,7.08,6.607100681274391,4.972373965584428,8.689276175354607
332,6.900000000000002,7.509245517985196,5.794472009306206,9.656789694059649
333,6.610000000000002,6.633434105846464,5.145002637104522,8.482390763587377
334,6.610000000000002,6.491327208698259,5.079808852038504,8.230550616565246
335,7.249999999999998,6.646968222817955,5.276340243826513,8.316914113811064
336,7.23,7.705925434432894,6.213671596682867,9.506873878866104
337,7.100000000000001,7.082030515657298,5.761531236834813,8.660417879928747
338,6.759999999999999,7.09518334110926,5.826443319938566,8.599727157298458
339,6.660000000000002,6.563060130733129,5.440515000618176,7.881258491843406
340,6.839999999999998,6.666447543174682,5.580282791389821,7.931898490617204
341,6.9799999999999995,6.938397502959557,5.872924388689796,8.169045278411371
342,7.169999999999998,7.021604376270545,6.011862008261498,8.176754575830076
343,7.280000000000003,7.266161635586293,6.2879712240659735,8.37564461835478
344,7.210000000000001,7.309889816385484,6.3805799100442675,8.356211788519605
345,7.750000000000002,7.158860000351218,6.2910984225460505,8.129899590915944
346,9.000000000000002,8.102209543408994,7.180453254719231,9.12782739444544
347,9.989999999999998,9.757676406074062,8.727693452859603,10.896715518289966
348,9.979999999999999,10.403542670271198,9.375884591450657,11.532983022945798
349,9.849999999999998,9.805055071934518,8.882002578648335,10.814327529097532
350,9.69,9.825422652855973,8.949534513462183,10.778417920396583
351,9.369999999999997,9.579018579620708,8.760668580921656,10.46598034551773
352,9.389999999999999,9.170803587551397,8.413856922858786,9.988614599119513
353,9.79,9.492472444937453,8.73812038875374,10.305259496988105
354,9.73,10.0779260296803,9.304416610579567,10.909499562844829
355,10.03,9.580787000529156,8.865660856664373,10.347750057203836
356,10.38,10.273008426331291,9.527845054886608,11.070914638048407
357,10.330000000000002,10.52550881698638,9.778669481558081,11.324095633297851
358,9.959999999999999,10.244535751882493,9.533952604148201,11.003052322978226
359,9.630000000000003,9.74788538788863,9.084196650000663,10.455254624688655
360,9.199999999999998,9.487599769261001,8.852527552282103,10.1636073420294
361,8.88,8.970253563615554,8.376726290764996,9.601349878442347
362,8.689999999999998,8.76713650882893,8.194281891446018,9.375683137456592
363,8.489999999999998,8.606326590328498,8.053730381576177,9.192650617014168
364,8.37,8.387755584391938,7.8531189014201015,8.954678785365164
365,8.88,8.334861257592024,7.803470602122584,8.898327447981995
366,10.31,9.415090106937933,8.829247952934448,10.035849584326773
367,10.989999999999998,11.645591189669993,10.944454944835156,12.387883940690461
368,10.559999999999999,10.891973914569716,10.22084257322878,11.603246383850964
369,10.620000000000001,10.207170312801567,9.563380810325766,10.890195826071649
370,10.74,10.930560682347304,10.224795189488573,11.680701588966508
371,11.190000000000001,10.639443289669034,9.935264651108083,11.388967657924354
372,12.790000000000003,11.708544160937773,10.928922135517881,12.539118862183262
373,14.24,14.183046979929111,13.243928401271713,15.184082726374346
374,14.210000000000003,14.793524171126933,13.808205844646542,15.844404268876808
375,13.880000000000004,13.783233293748198,12.862059598937039,14.765621627694015
376,17.009999999999998,13.85589876578861,12.926741984736493,14.847046522527739
377,17.68,21.053218494358738,19.646533039002364,22.55574396152597
378,16.169999999999998,16.641022304572893,15.538624159892688,17.8169018741676
379,13.860000000000001,16.664404140648383,14.66347797963839,18.920937996642774
380,13.99,12.82990285035864,11.386460720515256,14.441554869145998
381,13.449999999999998,14.509959531265356,13.027245896825217,16.149399563597488
382,12.76,13.038076519441644,11.79928599934114,14.396764505132797
383,12.489999999999998,12.626640900947299,11.511040086676157,13.841719070272866
384,12.220000000000002,12.422548797835486,11.402435191865047,13.526567842777183
385,13.63,12.120749453609974,11.190241734449407,13.122284854934593
386,16.570000000000004,14.395154725539777,13.37530990481351,15.487351618343041
387,21.040000000000003,17.990834016972812,16.813792871918285,19.245647810845732
388,35.76,23.949041359926802,22.484488622030263,25.50492735002234
389,45.58,57.65019271499682,54.36807645651628,61.12686670102714
390,41.96,51.774497958742494,48.99231010783444,54.71152100772488
391,48.309999999999995,38.921443958097406,36.90924495699062,41.040449223075946
392,46.39000000000001,55.59893386329689,52.91405244642077,58.417520462691996
393,54.3,41.790817258675474,39.85895515374328,43.81402020133663
394,56.68000000000001,58.737488473410096,56.16788896640726,61.42258711368107
395,52.53999999999999,58.09914394889472,55.659582147929385,60.6437446780539
396,49.19,50.6048673125842,48.56290320183587,52.73095921166252
397,65.39,47.60348123318142,45.74810324328874,49.53249702325314
398,63.23999999999998,75.00435978513607,72.18213261942236,77.93542453032174
399,49.60999999999999,63.82782408824281,61.4024512113082,66.34746303130116
400,45.46999999999999,45.5263851812606,43.82352571011453,47.29393680530035
401,129.11999999999995,45.132606761845516,43.45332331449274,46.87532737623758
402,671.5200000000001,130.41386698260587,125.19793084807425,135.84538501754335
403,522.1599999999999,2477.014327535083,2375.2182497085682,2583.171301698511
404,197.72,343.3039224800772,263.71859427132637,446.8158829812413
405,122.47999999999999,158.99681180709445,125.82798831887536,200.84014686153458
406,92.67,100.9690883614089,81.70019813887585,124.72757037167302
407,79.18999999999998,87.16264531387245,72.26102229172771,105.09532580351838
408,69.56,73.29691202537035,61.77826772699357,86.92901327750563
409,63.12999999999997,66.72255970007366,57.251682516659685,77.73326390217774
410,58.179999999999986,60.36061217740564,52.32283101505093,69.60999303887739
411,60.159999999999975,56.44141830906844,49.532874304472514,64.29445599070846
412,58.1,63.39552257448074,56.036456613490756,71.7040839114754
413,53.25,54.065175299689706,47.92811282978519,60.972010678893575
414,48.790000000000006,52.663161338909,46.5308590844907,59.586636563138285
415,44.910000000000004,45.80985769052725,40.464107133582125,51.84480791901033
416,41.77,44.295930497752,39.02625664931633,50.25938549869925
417,39.34000000000001,39.716125485197345,34.95573138667986,45.106776599751925
418,37.61000000000001,39.04439483056857,34.269152816874175,44.466177361063885
419,36.78000000000001,35.443207254610115,29.348891407376847,42.76131362345732
420,34.71999999999999,38.04657074871575,30.453726991378993,47.47230624378297
421,33.17999999999999,31.990701918847137,23.298060262366622,43.79313991923632
422,32.23,34.03135862991995,22.721208305990448,50.73413055641675
423,31.71999999999999,30.834561154794077,19.56862799923834,48.2711173519134
424,33.13,32.382366164858816,20.56868027929261,50.666692460298215
425,33.910000000000004,34.12457256322478,21.694337238458388,53.36314728145152
426,31.71999999999999,33.74911133405756,21.45174798731948,52.782036890344216
427,30.1,29.78828564648517,18.89261894070357,46.65177153773189
428,29.719999999999995,30.18358021638125,19.148022711428617,47.2635784681689
429,30.24,29.29681921184707,18.575077567381992,45.89111709497593
430,31.28,31.49404455498057,19.994726812542257,49.29181570061151
431,33.53,30.905517124737425,19.614473360290855,48.38093761627633
432,33.48,36.56400687621537,23.27048011878595,57.13871854575156
433,30.480000000000004,29.640183128246697,18.796928424079667,46.4225497017292
434,27.76,29.154363445350274,18.483035473471187,45.67063487270213
435,25.509999999999998,25.655141585749767,16.222153271673125,40.25480488696999
436,24.17,23.463568715974684,14.806156146019692,36.862854750547385
437,23.709999999999997,23.192813472049703,14.631218477991014,36.44380033568655
438,24.199999999999996,23.528629813475597,14.848192771095546,36.96355137879441
439,23.029999999999998,24.771562225746774,15.761594759473478,38.62471525450489
440,20.77,21.568482204447182,14.175595150998106,32.56286089240789
441,19.33,19.487953974105135,13.125184069415653,28.716869952436337
442,17.979999999999997,18.574312366573807,12.75188952929515,26.8618951823301
443,17.060000000000002,16.906258356655798,11.839484011053377,23.972505753290008
444,16.420000000000005,16.682014273021064,11.937940574571074,23.16564111956326
445,16.23,15.905187785534263,11.571507395286963,21.73278494600554
446,16.62,16.36747628493028,12.170667961013233,21.9015896080954
447,17.23,16.99766143631516,12.878568709341833,22.339281157875757
448,17.71,17.70586081175956,13.663047320539246,22.863336253357588
449,16.980000000000004,17.913763584768994,14.02436781084146,22.810016996681775
450,16.250000000000004,15.991122332510521,12.281344014258236,20.737125234344113
451,15.09,16.276577669301226,12.472204773374388,21.155255281844806
452,14.309999999999997,13.71495839845103,10.607724123497224,17.653958206142086
453,14.199999999999998,14.1367761746362,11.205768058632941,17.771616162161944
454,17.840000000000003,14.181722109014109,11.515801635463061,17.415495300137863
455,31.529999999999994,22.207515372437314,18.422904197747314,26.729569392839835
456,37.42,59.047030962709506,49.12930742383325,70.92690489321106
457,35.099999999999994,31.965295471514274,26.568797247309934,38.41813985484177
458,31.630000000000003,37.831030244605856,29.596152456156585,48.28230476097278
459,28.15,28.621442708953325,22.917134088297647,35.68624614138529
460,26.050000000000004,27.360758850583895,22.41940666870053,33.34470624979342
461,24.82,24.977474807921922,20.87927170179619,29.843311724165744
462,23.52,24.438380494801784,20.78812102654884,28.70018394012987
463,22.76,22.673894460628276,19.588642613712242,26.221477853022655
464,22.359999999999996,22.62176358976957,19.813122683750994,25.809418440923803
465,23.32,22.090059415151813,19.577476852316842,24.90943717840766
466,26.579999999999995,24.375061646384154,21.826057833669175,27.20871471761681
467,29.320000000000007,28.99090325379366,26.185630154470733,32.085651238085944
468,27.42,30.248702878514354,27.527243054172487,33.2297862339995
469,23.330000000000002,25.32405898511543,23.17969614149103,27.65859344951659
470,20.72,21.248475509629014,19.544394604422113,23.09390356997991
471,20.430000000000003,19.762331760974874,18.2595237017391,21.382402951837317
472,19.629999999999995,20.79536779637144,19.29096032621247,22.411314681121176
473,19.440000000000005,18.719645228619612,17.416319499211294,20.11520751794483
474,19.840000000000003,19.863510865743613,18.538701046412974,21.27814861443484
475,20.640000000000004,19.918038977529843,18.636271411417372,21.28347457099412
476,21.679999999999996,21.31053680421398,20.004890169435345,22.697341356085154
477,23.810000000000002,22.179419813883086,20.877729069573114,23.558559126480652
478,27.609999999999992,25.493207761000164,24.060455871863596,27.007872684214025
479,42.86,30.19758831267642,28.57206014327798,31.912469128346558
480,39.25,62.29108123240088,59.13978445167862,65.60750450119976
481,36.849999999999994,33.11241059756429,31.437169120015625,34.87417115443568
482,35.16,37.428492911122945,35.55539702433137,39.39756609502281
483,33.14999999999999,34.234902545555315,32.53207234639164,36.02420609647697
484,32.10999999999999,32.42927849738945,30.819091705243363,34.1209478638849
485,35.50000000000001,31.79241684734302,30.226192356130866,33.43719908036678
486,37.35,37.8230097458279,36.00909829844254,39.725825675900815
487,30.88,37.794887147881944,35.967988504322655,39.71206818950702
488,31.54999999999999,28.683511534724442,27.2563413110282,30.18276521837699
489,29.839999999999996,32.22504724503774,30.60289269946045,33.93046585744465
490,24.790000000000003,29.317335306922317,27.79590274954606,30.91915280818372
491,24.010000000000005,23.659060608010964,22.38515896253155,25.00235777930037
492,25.020000000000003,24.182738006517273,22.847026729131716,25.593264674383164
493,21.35,25.233885804206956,23.810116814593574,26.739360097786996
494,20.450000000000003,20.400701708851205,19.223679434657033,21.646226919834177
495,20.130000000000003,20.648955010832893,19.449255141999114,21.919037872361784
496,21.06,19.970571997992593,18.815898070851354,21.192528864986098
497,22.220000000000002,21.370439223021446,20.143512513165156,22.66856267232306
498,23.089999999999996,22.35724159549511,21.073075346757054,23.71611800258182
499,21.52,23.2352392035514,21.892741023722834,24.656465455347206
500,21.769999999999996,21.126760628743543,19.87628817839922,22.452135347906324
501,19.690000000000005,21.959793330097778,20.613542045130313,23.389899104000566
502,18.800000000000004,19.296703312565683,18.05992972862483,20.613729495530375
503,20.489999999999995,18.819020885938865,17.543621140078365,20.182140527468796
504,20.12,20.750398744317437,19.31744546680058,22.284415666813754
505,31.769999999999996,19.932149796510732,18.523484077455258,21.44245409094392
506,109.17000000000002,33.641838901013244,31.25393968802829,36.206524661828524
507,84.22,286.99858990813067,268.0134351618848,307.32358889123407
508,60.19999999999999,66.68617785206061,62.179921751780654,71.51383897276918
509,47.72,67.7459586604537,63.15726683023408,72.66284546768881
510,39.53,43.29097154203423,40.33524618048766,46.45804951957207
511,35.13999999999999,40.17759039762552,37.37878305393351,43.180503289325564
512,30.06,33.877572963138476,31.451904235372204,36.48455212292709
513,25.79,29.438226066379745,27.274964323591302,31.76699469767405
514,22.739999999999995,24.977711478592575,23.102858110326846,26.99840129232911
515,21.29,22.31048999186397,20.59542505199246,24.16176191728426
516,22.68,21.10549982828299,19.46402893061521,22.87863720849074
517,20.760000000000005,23.242369682526164,21.427669348114204,25.203903700483213
518,17.019999999999996,19.89137329189952,18.31263510222303,21.59916762841203
519,14.619999999999997,16.38195103605133,15.053348544464356,17.820510934702753
520,12.519999999999998,14.228464149361134,13.055302842010507,15.4995463246244
521,11.149999999999999,12.077621933331026,11.062631260726922,13.178017360768965
522,11.259999999999998,10.95129324562806,10.001832423021948,11.982692768898026
523,10.569999999999999,11.41445166757998,10.407270887932803,12.510559337178004
524,10.680000000000001,10.261533331886712,9.331460904057424,11.27533396902167
525,10.180000000000001,10.902362243726635,9.904851988097235,11.991118736459656
526,9.379999999999999,9.899350086383842,8.953617677141372,10.93494025577975
527,8.260000000000002,9.276070715821849,8.37647394204318,10.261976517961836
528,7.190000000000003,7.961278971915078,7.172388223318919,8.826322320732164
529,7.690000000000001,7.004333269347205,6.295920445836483,7.7815309339537215
530,9.060000000000002,7.986123755811235,7.193250176071313,8.855724946687161
531,8.79,9.373817214467266,8.4643229698219,10.370711242877473
532,9.659999999999998,8.520974637171527,7.6976800302568495,9.422199681561127
533,9.89,10.167844974277456,9.218542868993653,11.205337196161024
534,8.269999999999998,9.66078796396897,8.751367008021617,10.65502230807368
535,7.43,7.899324604448621,7.134816670309643,8.73568079344682
536,6.38,7.348672255487454,6.623810956003466,8.14245235509933
537,6.21,5.953764242777236,5.336058748330894,6.631690150736905
538,6.01,6.010049139071439,5.3768334732736776,6.706142733404139
539,4.97,5.846726972360996,5.203305189416013,6.556886015222587
540,4.24,4.359108325805791,3.8377709528659105,4.936627080434039
541,3.660000000000001,3.776315797103549,3.2843816517150293,4.324733986882059
542,3.2799999999999994,3.316651298795655,2.8527066765007962,3.836464335332683
543,2.8400000000000003,3.051506321894901,2.6140929735634577,3.5418597685298687
544,2.62,2.5820333993260225,2.1947436180593622,3.016273231240156
545,3.16,2.4866384439979736,2.1116646826547556,2.906798732822656
546,3.3,3.5145866460428454,3.034606059983256,4.051668559857608
547,2.8999999999999995,3.339916225342604,2.8889358134538283,3.8431945772497675
548,2.6800000000000006,2.7726638464777764,2.3174091938020456,3.2903939993631646
549,2.4,2.615316473864925,2.1042260632957235,3.21055456003816
550,2.11,2.2520506438902546,1.7939203139512196,2.785302443171852
551,2.02,2.0342480027664873,1.4434575693759713,2.767882470184937
552,2.0599999999999996,2.0334593330630537,1.3685549399906916,2.8850167120816335
553,2.0599999999999996,2.069050873896352,1.18570389179621,3.3094004187471953
554,1.98,2.0587064108216704,1.0510713792278366,3.56136485660665
555,1.85,1.904210050685014,0.9474710266899,3.330968678304699
556,1.81,1.8093922980646968,0.8838892530505023,3.189569568192476
557,1.7000000000000002,1.8116549026434177,0.8854064838241082,3.1929437282534936
558,1.6600000000000001,1.6019920845886935,0.7448132566092158,2.8802793265219706
559,1.56,1.7138243839765317,0.8198044449547546,3.0470517628880245
560,1.37,1.5101277641211892,0.6832119607749763,2.743284588656965
561,1.17,1.2751225574361862,0.5256249325803848,2.3928277788435004
562,1.15,1.048822385453593,0.3738752241985508,2.055352548179519
563,1.13,1.2102859607595526,0.4821475699608524,2.2961387430941267
564,1.1100000000000003,1.1166163918340022,0.41933573184259565,2.156451887788611
565,1.1399999999999997,1.1409950465463727,0.4356832834636708,2.1928071059497696
566,1.13,1.1448824064137857,0.4382900235341136,2.198604218945468
567,0.94,1.1192920578395165,0.42112994849080576,2.1604420350097997
568,0.73,0.8016631247530659,0.2215352018586607,1.6573037028781124
569,0.6499999999999999,0.6436690494688857,0.16154846450906946,1.325902040879376
570,0.6299999999999999,0.6339499285395167,0.19557529756509973,1.2330608322299503
571,0.5699999999999998,0.6209590418029192,0.2227095890397357,1.1489225558999432
572,0.6000000000000001,0.5234340558798494,0.17982935657876165,0.9671076242283647
573,0.6299999999999999,0.6537187420071442,0.3100873369199648,1.0874834834257796
574,0.6499999999999999,0.6155086289642719,0.30436987931633586,1.0008650702866135
575,0.53,0.6738798925489309,0.3734533413015928,1.0400211717598964
576,0.45999999999999996,0.4212449486348484,0.181408997721334,0.7097696123155206
577,0.48,0.4339649108063286,0.20946976557765207,0.7001296137747759
578,0.41999999999999993,0.5066083162633832,0.2841374334626614,0.7676212525892281
579,0.4099999999999999,0.36255529618653415,0.17074575602101105,0.585790019411059
580,0.3900000000000001,0.42490741774258756,0.23506521102541722,0.643930321259826
581,0.43999999999999995,0.37135676936786144,0.19925155873341782,0.5681608876766964
582,0.44999999999999996,0.47617389610461736,0.2984256155269882,0.6782550694336582
583,0.32000000000000006,0.44862280581198366,0.28042207474404734,0.6389189743843413
584,0.31000000000000005,0.24363053787515243,0.10636705110808298,0.39792387452846256
585,0.28,0.3364469643823307,0.19552712938920336,0.4939773801028364
586,0.5,0.26377847886468664,0.13595836407467332,0.40598114697850995
587,0.55,0.6057051925275052,0.45007737889010313,0.7780355744072283
588,0.52,0.5676909077249448,0.4207609514265118,0.7298158284093175
589,0.3700000000000001,0.5085801158903562,0.3714410996821731,0.6594325243622734
590,0.22999999999999998,0.3185317496690252,0.2022745908092216,0.4460307056103563
591,0.30000000000000004,0.17942022603503305,0.07991733749606134,0.28809124669285313
592,0.45999999999999996,0.3312512319922005,0.22255311510538034,0.44961378019800047
593,0.45999999999999996,0.5135292488166834,0.3936433913245636,0.6437280880343221
594,0.3400000000000001,0.4445770576098962,0.3328982595839953,0.5656130243760444
595,0.27,0.30318611320829936,0.20532810597962836,0.4089890024415128
596,0.14000000000000012,0.2566020340376911,0.16486487392416116,0.3555638145634963
597,0.09000000000000008,0.09388805429132696,0.016329423825714562,0.17736537708118427
598,0.050000000000000044,0.08231673701276887,0.0077034498102841464,0.16245460848477133
599,0.050000000000000044,0.036752602394167555,0.0,0.111903238502157
600,0.06000000000000005,0.05309150053774392,0.0,0.1285954400225353
601,0.26,0.062470909642616146,0.0,0.13853055513542145
602,0.49,0.3382922432749831,0.2497836294706166,0.43306896183992216
603,0.3999999999999999,0.5821867623088386,0.48051142065941677,0.6908447418192518
604,0.33000000000000007,0.34222557930113684,0.2570014255204529,0.4332278939018266
605,0.3999999999999999,0.3262770582968484,0.2430799216345949,0.415042431906969
606,0.3900000000000001,0.43185893538838704,0.3430757074078141,0.5265111263225555
607,0.3700000000000001,0.37305574285681864,0.29249025332492384,0.4586431643427966
608,0.42999999999999994,0.3702956785768132,0.28984087944256554,0.45576890657844915
609,0.5899999999999999,0.45532794807599775,0.37220620720975206,0.5434848095883482
610,0.51,0.6514827403583894,0.5614084893421276,0.7467531785041053
611,0.5800000000000001,0.4560992808229345,0.3783270821839435,0.538259781019172
612,0.5899999999999999,0.6267277222043977,0.5414537426394017,0.7167191002807496
613,0.53,0.5766089925599058,0.4953009131027717,0.6623382582325217
614,0.6499999999999999,0.5169659493148648,0.4408625330693743,0.5970889925763323
615,0.7,0.6888209477410632,0.6063265661755626,0.7755519043176318
616,0.79,0.6904812304016577,0.6083984938786642,0.7767529634082624
617,0.9300000000000002,0.8451296758363824,0.7565718876479242,0.9381521158298591
618,1.06,0.9615338431002185,0.868736731897862,1.0589390425905152
619,1.02,1.1037363511019196,1.0038146808525306,1.2086406878028684
620,0.97,0.974413549431796,0.8804195079532147,1.0731059466741364
621,1.21,0.9754176428160342,0.8815507764371304,1.0739673424801914
622,1.62,1.3163522706711293,1.2043217430033106,1.4340765402663087
623,1.69,1.7536584427210422,1.6197780639365735,1.8943806055750136
624,1.5899999999999999,1.6439839884660237,1.5124439443306898,1.7824108661365567
625,1.56,1.5730314525438627,1.4396770221670407,1.7136751281525515
626,1.73,1.5510752112264212,1.4138517174543819,1.6960996345695878
627,1.8599999999999999,1.798725937753498,1.642094442478172,1.9646430304388747
628,2.15,1.841517925677898,1.6806114590755512,2.0120829688362747
629,2.1599999999999997,2.3154209887167054,2.1282270656347015,2.5138166449541384
630,2.1,2.0109892485192336,1.8325351669544103,2.200686212290312
631,1.7599999999999993,2.143805652114061,1.9580543189600044,2.341221259837842
632,1.62,1.6021853673473103,1.4474379050199406,1.7667172565022793
633,1.88,1.663571942783669,1.5076408343171197,1.8291992207553815
634,2.18,1.9769177715778934,1.7984445481053775,2.166773279369117
635,2.6100000000000003,2.2535350564991696,2.0505367491428848,2.4700419088028625
636,2.46,2.8004486449752233,2.554161819516043,3.063801997923864
637,2.01,2.327310530391135,2.1054051101897544,2.565072823936728
638,1.79,1.909947479773383,1.7142790662499432,2.1197213434426243
639,1.65,1.7488881189760708,1.563441694998799,1.9477502474076522
640,1.5499999999999998,1.5999311447516007,1.4256983975380324,1.786678658942134
641,1.3600000000000003,1.5188056558862977,1.3549706439432563,1.694038649034502
642,1.3399999999999999,1.2566819849993243,1.1117705139455776,1.4115374032311787
643,1.3200000000000003,1.3719520293887153,1.2157866405835613,1.5391237254862724
644,1.2400000000000002,1.2904525726493525,1.1365469640733492,1.4554447319773183
645,1.15,1.1999549065148396,1.0502523817080025,1.360588205568539
646,1.2000000000000002,1.1060430038624833,0.9611617654478428,1.26162737427489
647,1.1100000000000003,1.2582401016381017,1.0992712518762122,1.4292469837276531
648,1.33,1.0275588913672773,0.883547376319318,1.182581181470407
649,2.86,1.4985470719928529,1.3185483392449564,1.6925198691337302
650,3.63,4.715037798496072,4.301476813295685,5.160860112851191
651,3.38,3.2546459508037486,2.930114021539195,3.6059763323612772
652,3.09,3.5183763977164793,3.176143752257313,3.88865481711594
653,3.5299999999999994,2.871629486998886,2.5875439690382303,3.1782107798438313
654,2.85,3.9571609747563627,3.5945500461785986,4.348389871187886
655,2.4,2.4299343148267893,2.1749798395277513,2.7053619231094608
656,2.25,2.3772349726257485,2.1228719405956116,2.6523162900336787
657,2.2,2.189493881162516,1.946889890288464,2.45207035101584
658,2.17,2.2049215404773586,1.9621535189766526,2.467586002822808
659,1.9299999999999997,2.152135693017209,1.9142974889383613,2.4093840676548823
660,1.79,1.8185648064752238,1.61142341637869,2.0421369121814945
661,2.07,1.7714132159605303,1.564910054508569,1.9945421283290572
662,3.05,2.2414064983785345,2.000869854341684,2.501223511086089
663,6.909999999999999,3.6170156734985754,3.2802182328134286,3.9803146872069046
664,5.71,11.967075755422975,11.025365777309684,12.982531322593646
665,4.43,4.697036752070388,4.27959398314649,5.147485556284711
666,3.6400000000000006,4.516208633554541,4.106169165601138,4.959175401765087
667,3.1500000000000004,3.408139971006621,3.075012845225343,3.7684998163267647
668,2.75,3.0550624224190797,2.7432030841152453,3.3929038527178763
669,2.46,2.636374774197637,2.353138210315887,2.943536075470985
670,2.55,2.3913175568111487,2.123661805011686,2.6819078021452163
671,2.54,2.613546812465885,2.3253532475801135,2.9267168308764093
672,2.72,2.511746447167823,2.229183897361814,2.819034004000561
673,2.73,2.804054710210893,2.4967528100705096,3.1383629396399586
674,2.7699999999999996,2.701932015687388,2.4038089676869854,3.02616620934631
675,4.130000000000001,2.796517949771598,2.491600676005071,3.128063281116458
676,13.419999999999998,4.7690817153558855,4.30667379034419,5.2717825050811955
677,10.230000000000002,25.24132544467026,23.160999158703262,27.500773356678383
678,7.419999999999998,8.516419290017897,7.7755979557128665,9.319779525048686
679,6.069999999999999,7.6969614278329885,7.031784772504002,8.417226708582987
680,5.980000000000001,5.753411263436322,5.24483986385337,6.303400037061301
681,6.13,6.091518729882957,5.563377035960155,6.662158919219234
682,5.800000000000001,6.12530363888879,5.595907070897432,6.697190303115371
683,8.78,5.726508094459035,5.229055941263287,6.263686756302722
684,9.609999999999998,9.694845844577813,8.902324041219583,10.550796274002376
685,9.060000000000002,9.375732415904016,8.610444946805414,10.201960342348876
686,9.920000000000002,9.049211897659738,8.305591245579178,9.85225614353542
687,13.25,10.122962691867835,9.275162916200516,11.040714103872551
688,14.160000000000002,14.047444160546203,12.872746431774203,15.321611360685566
689,13.310000000000002,14.001634833208808,12.80710664556118,15.299508176920938
690,11.250000000000002,13.185535004239336,12.072855823284815,14.392918431646605
691,9.94,10.846369630904151,9.93249639643771,11.836635690795744
692,8.939999999999998,9.80714431375213,8.979483151295229,10.703448610272602
693,8.400000000000002,8.750872767030657,8.010283990438358,9.552333291571914
694,7.849999999999998,8.383181762320847,7.653378128630504,9.174535155634596
695,8.1,7.7361404797021205,7.033958665068152,8.499694193465528
696,8.05,8.21444231312675,7.454092032667358,9.043177530343478
697,8.11,7.985869952471498,7.210503227071646,8.834459176204346
698,7.91,8.15381170596579,7.33411917029585,9.054124141508023
699,7.839999999999998,7.844368861064659,7.027945241269498,8.743820890611905
700,7.800000000000001,7.855943464894294,7.0144409859189025,8.785802252608608
701,7.599999999999998,7.782203348549677,6.93025000551316,8.725682746654634
702,7.379999999999999,7.566769587650461,6.722992889027845,8.502733230812412
703,7.469999999999999,7.3496268840482095,6.518454533596591,8.272686134004001
704,7.530000000000001,7.717876020001908,6.61929844966868,8.974850414663726
705,7.520000000000001,7.256675320197557,6.135518955342134,8.553991485387442
706,7.460000000000001,7.4695172399924665,6.323621810278065,8.794705971553443
707,7.5,7.680673315243197,6.41931175616057,9.15647969549273
708,7.559999999999999,7.531288819803958,6.362119924882853,8.8861319388342
709,8.23,7.578620825697184,6.4487515229312065,8.879875177004896
710,8.64,8.466847635304548,7.2070437475421,9.920034900132176
711,8.36,8.704118653757934,7.444483111034883,10.15164985328179
712,8.250000000000002,8.249683316260388,7.031591869569532,9.652513578941523
713,8.280000000000001,8.266172403392867,7.026946175107497,9.69671443364944
714,8.08,8.291137324316468,6.982833530894065,9.813858568542425
715,8.11,7.950062589758897,6.689730973146709,9.416960052351817
716,8.680000000000001,8.185936431162352,6.901658516132026,9.678951506836519
717,10.28,9.05499685166226,7.6253000083351985,10.721674792672191
718,11.729999999999999,12.027915647936439,9.948414015025426,14.502390199787579
719,17.39,12.630433895392576,10.385027923226957,15.318688845517311
720,70.67000000000002,24.129272723937415,19.907283183931177,29.203845333637858
721,64.66999999999999,468.145524600553,369.42238604577824,593.1798647815189
722,47.95,78.9903735478891,62.55565496349455,99.67491026575087
723,37.589999999999996,57.97613965264918,45.959088650684556,73.06841036038881
724,29.219999999999995,35.360570951279875,28.329522380090282,44.07714454977049
725,25.350000000000005,28.00118308752842,22.644199049596647,34.57188038859335
726,24.289999999999996,24.75066984581341,20.260376083772368,30.18933526365101
727,21.790000000000003,24.1989731858897,20.08823976985474,29.111012419865045
728,19.810000000000002,21.08588411469133,17.716068208380815,25.06243318290272
729,18.83,19.471030292529043,16.544980063108646,22.885070244040595
730,20.130000000000003,18.65417926361698,16.006798278774262,21.713667569545176
731,33.71000000000001,20.63718055366411,17.89772339420645,23.773755681882204
732,36.970000000000006,39.55372173716397,34.733165379016555,45.02459170049009
733,38.14999999999999,35.750639985161335,31.620230445166754,40.40404653453499
734,50.35999999999999,38.952306399196765,34.69074711421974,43.72270590209509
735,61.35999999999999,54.33586935284888,48.76300830929981,60.532824101056505
736,54.849999999999994,63.308116249360566,57.172499997072514,70.09087310583851
737,44.25000000000001,52.1470850013515,47.38702899539401,57.375409748958916
738,37.650000000000006,42.11577148081128,38.49796743184787,46.064947167043876
739,32.71000000000001,36.40713403982871,33.45237806226037,39.61530018464874
740,28.460000000000004,31.592371210327023,29.180789186923132,34.19664958171524
741,25.029999999999998,27.495364907665433,25.507577607637177,29.63221518163421
742,22.809999999999995,24.253495057239984,22.566975627410926,26.060706587411463
743,37.25,22.34863744406532,20.860894108094257,23.93762916552245
744,63.499999999999986,44.46048715811362,41.69617138667956,47.4037754564985
745,51.830000000000005,72.15010189451878,67.8821691771079,76.68247532130268
746,43.099999999999994,45.580753903072605,43.03645965917871,48.272049818981294
747,37.36,43.10320519087859,40.84091123356459,45.48781899731657
748,33.71000000000001,35.3521533496514,33.601948561733735,37.19088542944065
749,30.06,33.33893232539728,31.749178105083303,35.005858512375475
750,27.140000000000008,27.445791514908915,24.260371634809257,31.032903815026323
751,25.33,27.774788431341317,21.364619859539413,36.02224560348535
752,23.77,24.37899827350952,19.30592759203181,30.719484394278354
753,21.53,23.339658879177318,18.908394815404424,28.757245616624093
754,19.869999999999997,20.324068868240506,16.769678683818018,24.589427990701466
755,18.990000000000002,19.580335951315263,16.307405568984983,23.47219637748624
756,18.17,18.573872275496306,15.583979225292008,22.102807272763975
757,17.060000000000002,17.91296491863899,15.12743516756143,21.179611221326997
758,16.41,16.540352652503987,13.848089681107261,19.720778078655865
759,16.03,16.374647666914417,13.733826356841163,19.488797291224174
760,15.469999999999995,15.638807568328208,12.794326146822211,19.0698399000544
761,14.470000000000004,15.513934367880179,12.463097454749144,19.25611336642705
762,14.229999999999997,13.7532326778887,10.836225657661208,17.389128489371107
763,15.260000000000002,14.528757029225707,11.480544293860369,18.321456596356413
764,19.09,15.849763965651121,12.435771203387194,20.131242963305255
765,19.82,22.19133118052994,17.426637732967553,28.18806185475505
766,19.52,18.325722498083984,14.33070789175174,23.361794165675278
767,19.410000000000004,20.375732128436542,16.029346759177297,25.83144165705793
768,19.069999999999997,18.758797234848704,14.811258605384337,23.691903276752125
769,18.569999999999997,19.32618379217412,15.380564872098812,24.222191711897008
770,18.03,18.088343273789757,14.480808897253455,22.5365510521016
771,17.029999999999998,18.04085585441297,14.526547287357598,22.35059977975531
772,16.160000000000004,16.424402258290286,13.280071387730741,20.26108377298235
773,15.73,16.05214146820732,13.046542261589366,19.700861695115453
774,15.09,15.596233288575998,12.775029281374437,18.995235853419246
775,14.46,14.89912429132964,12.349166570139865,17.936174921705224
776,14.939999999999998,13.958067200556497,11.737411304660691,16.56587496664216
777,15.5,15.510769779479773,13.221162710728647,18.16900356574396
778,15.509999999999998,15.884178264464808,13.649643752929117,18.459550039175976
779,14.410000000000002,15.425672123374348,13.321374094418733,17.83916326225593
780,14.069999999999999,13.580251569295891,11.755617292374223,15.665891657869484
781,15.899999999999995,14.064033046464,12.172225385506712,16.227543940649788
782,17.289999999999996,17.370574869379922,15.024432663511767,20.06021649053094
783,22.600000000000005,17.66026041059483,15.312583858859409,20.345810179673123
784,71.11000000000003,27.252954676304576,23.831663676854337,31.145628997277072
785,73.43999999999998,323.15383139781125,277.524128976381,376.25889960072766
786,55.090000000000025,83.37079180507313,71.19840439126627,97.59539930048787
787,47.57000000000001,64.62176926490055,51.50084863397553,81.02184752246288
788,42.97999999999999,45.091550415015035,36.43939097211135,55.74320453669675
789,37.81,42.953657692492044,35.176347568151094,52.40295951406633
790,37.07999999999999,36.28806235069334,30.07624032722822,43.74156394816398
791,36.36,37.634442866681844,31.574807304727692,44.82130484014482
792,41.53,35.831760569913016,30.363122105128564,42.253939519547025
793,46.400000000000006,43.85022254743033,37.524766795078996,51.21426707795086
794,50.70000000000001,46.915587169663866,40.47474494211919,54.35666336267396
795,59.60000000000002,52.03602120850393,45.214868872864336,59.86395167249869
796,55.83999999999998,62.36079742266187,54.59356362802354,71.21322736022493
797,47.989999999999995,53.32040835969808,46.87148868439023,60.638082404705216
798,41.089999999999996,46.57661712906536,41.08533167781456,52.78440438046747
799,36.65,39.421760655480185,34.92608859948467,44.48000626242299
800,33.13999999999999,35.870918488775516,31.94721250527283,40.261901290992704
801,29.969999999999995,32.25320311125433,28.862266125074008,36.02918969802712
802,28.709999999999997,29.239771634735668,26.34042454644901,32.446583353795525
803,29.290000000000003,28.59668352639298,25.913166187436214,31.547774931452878
804,31.269999999999996,29.57313181496764,26.939847325125687,32.454599021191385
805,31.559999999999995,31.904760677575247,29.21117417324203,34.838503629146196
806,28.25,31.351579218466306,28.84904437125717,34.06392582995177
807,26.980000000000004,27.167648018253157,25.097186445278258,29.40237293563702
808,31.42000000000001,27.044463844076205,25.07851071506978,29.15862220411282
809,36.150000000000006,33.253860826263775,30.969515857476438,35.70143103623673
810,33.64,37.05818203167028,34.63487727653037,39.64628056147969
811,30.750000000000007,32.307719406965795,30.272186340831897,34.47574704249647
812,29.110000000000003,30.350660964455333,28.5003380310732,32.31704002418401
813,25.809999999999995,28.70468598753159,27.00608772378128,30.5063059974848
814,30.669999999999995,24.80204050259723,23.33385947133301,26.358804092789413
815,35.980000000000004,43.570439383253714,40.52467092870597,46.83961010135329
816,33.8,34.61012573886407,30.456836445796892,39.31177951803046
817,32.10999999999999,33.44139867347524,29.507830508372837,37.88214674130002
818,33.66,30.909470125695453,26.482250086334673,36.04988785503227
819,33.05,36.112428669080096,30.678228152452515,42.47883205743393
820,28.190000000000005,30.52459204182429,25.745507384482625,36.15763881825029
821,25.1,26.756926088341043,22.346459811116542,32.00058990129095
822,25.709999999999994,24.00066725933679,19.74835522401725,29.12447765924922
823,28.469999999999995,26.783837077810965,21.911326373273123,32.69257589847966
824,31.0,29.15346320223675,21.693335038953354,39.06600799432699
825,33.339999999999996,32.108914004779884,23.771694044967344,43.252128440873236
826,32.64999999999999,34.45725465043908,25.366029329537245,46.68320977090218
827,28.57999999999999,31.104891348621585,22.917254971562098,42.09541582979905
828,26.60000000000001,26.39678170597239,19.436325247792855,35.7279165282304
829,24.93,26.666319182634247,19.66850665352079,36.03340690968638
830,22.34,23.61338547663161,17.55475486705113,31.65032327088573
831,20.289999999999996,21.40877051547991,15.925368580086186,28.6686594232434
832,17.830000000000002,19.45033558389192,14.537179631922974,25.917126235351063
833,15.48,16.62694537876237,12.330518537316637,22.30811082225285
834,13.849999999999998,14.580972039506594,10.809643889705606,19.55664776712738
835,13.299999999999999,13.214016232206703,9.82599748142966,17.662322598541273
836,13.600000000000001,13.345968012567985,9.890423471883995,17.897961015837353
837,14.859999999999996,13.826040738572585,10.308737600806277,18.437314025762
838,17.329999999999995,15.85259177843782,12.07770270489759,20.71710552376363
839,21.369999999999997,18.985742884399063,14.013773873441794,25.604231688068012
840,23.709999999999997,24.39724042680483,17.496182059684518,33.87313323449907
841,22.46,23.364746779188405,15.383594309444973,35.23386141048084
842,20.979999999999997,21.543220678463086,13.961717392638448,32.96647491871031
843,20.6,20.084619601933984,11.98924424396999,33.22533100527676
844,21.02,21.004568236140983,12.855988556177953,33.945252826662774
845,22.779999999999998,21.410585508434213,13.911028316544481,32.68207290395855
846,22.55,24.933799190646834,16.98980209486489,36.3857331456011
847,19.74,20.668879180560577,14.602443225773776,29.09402554121106
848,17.51,17.886132368691147,12.937664381672075,24.591518498376452
849,16.45,16.267682630617344,12.09850944257474,21.7638774273474
850,19.08,16.089129193189653,12.267637158451961,21.011329756292582
851,23.98,23.72513735340656,17.902864360291094,31.34072918753177
852,26.92,27.164497190732067,20.382044738240396,36.09836508704419
853,24.82,28.300954234852405,21.3773862914556,37.36667553085658
854,20.86,21.157316846605593,15.382209350835968,28.968283234997205
855,18.310000000000002,19.02977644839707,12.516086197675879,28.682552974673076
856,17.17,16.62102520019617,10.589499011615247,25.791540237827203
857,19.379999999999995,17.211473207911443,10.387972946555584,28.123511090074185
858,19.340000000000003,22.9939945105281,14.147724967240578,37.00648439394847
859,17.050000000000004,16.778311567699934,10.718887684435172,25.970850025127376
860,14.849999999999998,16.777458754194264,10.723786253830584,25.956994345902306
861,12.679999999999998,13.155102958824187,8.828777774062843,19.385743210479482
862,11.219999999999999,12.063165769289089,7.705734558775903,18.60159694323605
863,10.729999999999999,10.36667343963502,6.9654255733928565,15.220258904292447
864,10.82,10.816411940538506,7.643169101123963,15.154675387566318
865,11.360000000000001,10.86778027406127,7.99399091062528,14.659812204947624
866,12.279999999999998,11.948665777136224,9.1239628178535,15.561493599354023
867,12.790000000000003,12.891823600869463,10.153795270426269,16.30198181684023
868,12.779999999999998,12.902079234265013,10.418248218298034,15.926222248879288
869,11.799999999999999,12.680604578133787,10.453929008600605,15.340152054611124
870,10.45,10.84758755405386,9.084282804856214,12.919218011555293
871,9.24,9.760287846894077,8.286170298092372,11.468411716701066
872,8.51,8.502369381209167,7.296471739005888,9.88354504149266
873,8.980000000000002,8.267636659299672,7.171189781626955,9.511209694568361
874,8.189999999999998,9.728443103258236,8.540124350968963,11.064778946844532
875,7.390000000000001,7.019717107793621,6.183727046831726,7.952993629873955
876,7.35,7.365986463828589,6.544711553628842,8.276660746466794
877,7.18,7.355714822496868,6.579353449534922,8.21159973073666
878,7.019999999999998,7.025258024186941,6.318668846816716,7.80006565439697
879,6.599999999999998,6.961685291781198,6.289641157680705,7.695686291577751
880,6.14,6.2545762731846875,5.6586028724191335,6.903891839149986
881,5.849999999999999,5.923204071515036,5.3681644384176375,6.526620124111026
882,5.180000000000001,5.700565012738825,5.174148543708486,6.271864480113731
883,4.59,4.690382171440128,4.253229058886441,5.163913450959922
884,4.48,4.299816405464405,3.8916769674499347,4.742009155251342
885,4.04,4.519142407421585,4.099357780422248,4.973484157229899
886,3.4700000000000006,3.6404796811282463,3.27351111659143,4.038960022207631
887,3.3,3.253209418131304,2.9121333910854865,3.6240218689121724
888,3.26,3.3079085237580754,2.9688668433666403,3.6759129447954386
889,2.85,3.2130116227796472,2.889690021914965,3.563208593403033
890,2.35,2.468413346635594,2.2077324758662367,2.7502788133450227
891,2.24,2.0984549388275755,1.858391718948365,2.3586799682854873
892,2.13,2.3062405369894874,2.032867584436437,2.604254450318759
893,2.7699999999999996,1.9784658398048807,1.7241415242045735,2.2565337300068973
894,2.9299999999999997,3.289701334233576,2.9162976721008285,3.6987075747626044
895,2.5699999999999994,3.0467117540796718,2.6831328278295667,3.4461812229174233
896,1.9499999999999997,2.4172301569234738,2.1104452428129576,2.754273434766084
897,2.66,1.6474821518212845,1.4133402833831425,1.9043404249592446
898,3.05,3.0259781323935844,2.666926846438294,3.420186330756703
899,2.1200000000000006,3.068704556512494,2.7031510030796952,3.4703434330434364
900,1.7400000000000002,1.92196217552157,1.6601854558950078,2.2094991483615263
901,1.5,1.7346407666698433,1.4905118621255715,2.0027000619664483
902,1.52,1.4162206478729087,1.2031846871445482,1.649856025812305
903,1.42,1.5789441166079055,1.3526651430086685,1.8269865672770864
904,1.12,1.3494325736016566,1.1447036592484903,1.5737044808487286
905,0.9199999999999999,1.054486473712343,0.8770162216668222,1.2487363838117145
906,0.8500000000000001,0.883724647804182,0.7226508129977465,1.0598594456702766
907,0.78,0.843737140825094,0.6867528011976882,1.0153318506684288
908,0.71,0.7559543595575549,0.6077775079187591,0.9177875655447876
909,0.6000000000000001,0.6959880239598419,0.5539963793897345,0.850953718788446
910,0.45999999999999996,0.5644213914299898,0.4344362792612113,0.7061854369887075
911,0.3400000000000001,0.424099900893093,0.30672557632394626,0.5520171675440961
912,0.28,0.3471276699514758,0.17474550391364407,0.5448051966175438
913,0.22999999999999998,0.27111863417948223,0.1193685186331892,0.4434411503114486
914,0.20999999999999996,0.21466201207871105,0.07833467561648666,0.36822438983853556
915,0.25,0.21053162476113063,0.08058993089350297,0.35609889806685935
916,0.22999999999999998,0.26642960568448526,0.13627747992869188,0.41148968846483824
917,0.16999999999999993,0.20518873138557447,0.02948501765252809,0.4108800549334579
918,0.06000000000000005,0.1581129114284141,0.0,0.34142714439956956
919,0.050000000000000044,0.02667323623882578,0.0,0.17823155988713957
920,0.06000000000000005,0.07811775606500526,0.0,0.25503420229605567
921,0.08000000000000007,0.03918194685030785,0.0,0.22353050329768798
922,0.07000000000000006,0.11766224017151572,0.0,0.4476424471606777
923,0.25,0.029138038561010493,0.0,0.481440145932412
924,0.21999999999999997,0.41259510880829975,0.0,1.0498324524369127
925,0.33000000000000007,0.10493212898177617,0.0,0.7091505749065945
926,0.3500000000000001,0.4134786817590643,0.0,1.076316157541969
927,0.31000000000000005,0.30903008961746425,0.0,0.8411543318250434
928,0.20999999999999996,0.29361628738618406,0.0,0.7506323066522669
929,0.18999999999999995,0.20430342824988013,0.0,0.5787503547515145
930,0.19999999999999996,0.16147156103771043,0.0,0.4795331650274084
931,0.22999999999999998,0.19251065002594525,0.0,0.4843195973807348
932,0.30000000000000004,0.23205451918816467,0.007760968579707095,0.5062682377859125
933,0.33000000000000007,0.3313901889387334,0.10644583690261178,0.6020665233506035
934,0.3500000000000001,0.35450657904707716,0.14191187429349172,0.6066809654790124
935,0.26,0.36915542373786314,0.16910867200811408,0.6034322721521965
936,0.21999999999999997,0.2364702484201855,0.06735945273507848,0.43237469936731987
937,0.25,0.19989792212148427,0.04472913182506155,0.37811321581156077
938,0.14000000000000012,0.25403108312454403,0.0998244003018951,0.42985912752149313
939,0.1100000000000001,0.11162097888228995,0.0,0.2596446979159843
940,0.3599999999999999,0.09300593960126768,0.0,0.23105367749607741
941,0.3599999999999999,0.4091928686671249,0.25615721109893963,0.5808726197296572
942,0.16999999999999993,0.35338021690864885,0.21019083763321,0.5135117161371556
943,0.06000000000000005,0.15551111452138877,0.0365319698472899,0.28814737472996144
944,0.040000000000000036,0.05059289601336503,0.0,0.1673245484874073
945,0.22999999999999998,0.04050355554480678,0.0,0.15256501339101503
946,0.42999999999999994,0.22089236355017716,0.07513641504511126,0.386408405962694
947,0.22999999999999998,0.4628619218927279,0.29830003316501963,0.6482823290906339
948,0.050000000000000044,0.22220660560514638,0.05698926346282818,0.41324896895453334
949,0.010000000000000009,0.10758576032447809,0.0,0.30783078834221733
950,0.10000000000000009,0.006950523320210067,0.0,0.17176933621592738
951,0.020000000000000018,0.13130178043811713,0.0,0.33675859363749194
952,0.030000000000000027,0.07462448913743747,0.0,0.28544685249047674
953,0.1200000000000001,0.07994242581947875,0.0,0.3046248275394421
954,0.06000000000000005,0.12151282667018681,0.0,0.3304402803913329
955,0.010000000000000009,0.04081279388369552,0.0,0.21519838465609475
956,0.0,0.002911446019396857,0.0,0.15636114797326894
957,0.0,0.00017080821089554554,0.0,0.14323167998989583
958,0.10000000000000009,-0.00016684268943212288,0.0,0.1348862303381113
959,0.1299999999999999,0.15378230501197665,0.022088518064325102,0.3024445376608469
960,0.09000000000000008,0.10696419837162852,0.0,0.24325677133083667
961,0.040000000000000036,0.08804611656849892,0.0,0.21756247312120447
962,0.48,0.017824358099484572,0.0,0.13465128501213286
963,0.5699999999999998,0.3556209450329615,0.2060238394170193,0.5237743123721257
964,0.77,0.47757909956689804,0.32235641460074205,0.6510223502308257
965,1.2000000000000002,0.8472978307777739,0.6628804267108535,1.0521675646553543
966,1.0099999999999998,1.230807927908264,1.018831243696742,1.4650421013426258
967,0.5899999999999999,0.9675468125514923,0.7879046810215216,1.16523872926475
968,0.49,0.5110323571225701,0.37774540863153394,0.657213858211461
969,0.41999999999999993,0.5068739289923951,0.37826307797123837,0.6474859365886332
970,0.4099999999999999,0.38908515506879615,0.2755697110336881,0.5127025605435858
971,0.78,0.4267802473944746,0.31278151097027895,0.5506783553421981
972,0.79,0.9102558824383873,0.7619010711097676,1.0711023996892286
973,0.6499999999999999,0.7158034199288654,0.5845759608952505,0.8578985473036622
974,0.41999999999999993,0.6537194073171217,0.5288653963948557,0.7887695572063209
975,0.3900000000000001,0.3556681049327952,0.2538813831370317,0.4657175993267191
976,0.5699999999999998,0.4203312283258456,0.3143987362450038,0.5348012308051804
977,0.5800000000000001,0.5988181792699279,0.4795179312993476,0.7277381478702829
978,0.53,0.5622407371642466,0.4456457514527472,0.6882394033274775
979,0.51,0.5249447905051969,0.407509184152389,0.6521786431463632
980,0.53,0.5076983043986383,0.38846224325166134,0.6371739225425341
981,0.45999999999999996,0.536958768100378,0.40931551086182294,0.6761628156608279
982,0.41999999999999993,0.43853951678808123,0.3139943654951649,0.5748895091959214
983,0.3599999999999999,0.43481289633895415,0.3032634916218009,0.5796406948672488
984,0.6200000000000001,0.3340226491913365,0.21036259691199688,0.4703167737468217
985,0.99,0.7065595165787715,0.548000230556591,0.8813597867349299
986,1.13,1.0456512289859794,0.8556299603227955,1.255131163070843
987,0.9199999999999999,1.14254158942737,0.9438002556367568,1.361602972895069
988,0.5699999999999998,0.8488755898122313,0.6796441099450876,1.0351578803888888
989,0.4099999999999999,0.5630393255038648,0.4151549589132588,0.7263776787721554
990,0.49,0.35531037917625263,0.22847121077613708,0.4952456417292532
991,0.43999999999999995,0.5894014770445235,0.4403369306911069,0.7538931352813301
992,0.8,0.32759596110716815,0.2066828855085423,0.46062487262780416
993,1.6399999999999997,1.1062797284142358,0.9166338840514132,1.3146905265761966
994,1.5499999999999998,2.047505823729535,1.77405966141451,2.347906274275941
995,1.06,1.327703018099124,1.1178104813414085,1.5583976414338614
996,0.8700000000000001,0.9348365565308816,0.7566843832894299,1.1310558322823598
997,0.52,0.8424047538486255,0.6686543341503755,1.034247122087368
998,0.45999999999999996,0.3398112133703066,0.21131502914107192,0.48193826072288704
999,0.44999999999999996,0.5355356644214588,0.3877385807768303,0.6990734489707413
1000,0.42999999999999994,0.38996309376559,0.25189112294379923,0.5432631213865895
1001,0.6299999999999999,0.4621670690999946,0.316385976021474,0.6240924598892819
1002,1.0899999999999999,0.7512379685977559,0.5748962280153738,0.9473247621674135
1003,1.44,1.377246441614104,1.1303352734381868,1.6527752296220406
1004,1.23,1.5126000132293038,1.2413257293462023,1.8167074262434206
1005,1.08,1.0506050653659473,0.8214520160386347,1.3085873781345279
1006,0.99,1.0925108239934143,0.8528204781198465,1.3632087405320519
1007,1.0099999999999998,0.9161402273687587,0.6906329859782365,1.1717270403406541
1008,0.8599999999999999,1.0808476856578149,0.8315677492739952,1.3640551066832227
1009,0.74,0.7174660380913045,0.5088492485420995,0.9549266401843197
1010,0.6200000000000001,0.7523291082157182,0.5371238365927136,0.997664228736904
1011,0.8799999999999999,0.5300992647385685,0.3421735831157855,0.7443375353272312
1012,1.0300000000000002,1.1579977806176722,0.8931221311347917,1.4599334319541688
1013,1.0899999999999999,0.9596600655840084,0.7194573699327425,1.233418309635053
1014,1.0700000000000003,1.1717111812942487,0.9143598568926619,1.4636587723970993
1015,1.1600000000000001,1.0135675191357976,0.7840148183789748,1.2726572180620819
1016,1.2800000000000002,1.254717122605029,1.006700640427955,1.533386993828898
1017,1.4,1.3039034495466453,1.0578247440471968,1.5794087276808404
1018,1.5300000000000002,1.463243256745431,1.2078154907692578,1.7482221079025706
1019,1.71,1.5745541212000869,1.3137928338654308,1.8647028489214579
1020,1.56,1.7932433387149902,1.5080187641638862,2.110905093996271
1021,1.4299999999999997,1.4286781061556222,1.1787989048796241,1.7072151221067111
1022,1.4500000000000002,1.4224895715237156,1.171689674597939,1.702253361879443
1023,1.5700000000000003,1.4692042423748828,1.2123501341125071,1.7558791425245817
1024,1.54,1.6366669301498113,1.3661446627002292,1.9381181168407675
1025,1.63,1.5133905702151824,1.251487068374849,1.8057599118285776
1026,2.19,1.6916740182132548,1.4047450805715789,2.0128386908279747
1027,2.43,2.5664560899226134,2.174610220307623,3.0066679556375755
1028,2.6899999999999995,2.4357808695080534,2.0510797621907475,2.868987736591174
1029,2.91,2.8393773578511854,2.4003351093146295,3.335107576779839
1030,2.81,2.9901804113423225,2.5203002145324063,3.522778952014696
1031,2.65,2.72657763233681,2.282272394568805,3.2310263075095635
1032,2.8,2.5833435820974175,2.1527221144732276,3.0727824277352083
1033,4.23,2.91304212025072,2.4409428360947154,3.4499136905844185
1034,5.06,5.034427339718722,4.29014700986441,5.883421812370028
1035,3.59,5.242194274686817,4.463102222144952,6.1323925085982065
1036,3.1400000000000006,3.012635219994122,2.5093019723779157,3.5881607041718935
1037,2.8,3.272589861765777,2.7370119571093836,3.884925265527956
1038,3.0,2.5670633956721627,2.121451387366965,3.076290061809111
1039,3.1500000000000004,3.2491258325785077,2.725988961501185,3.845712246504264
1040,3.6500000000000004,3.0189786161816317,2.534061544835065,3.57043232337909
1041,3.6400000000000006,3.918307430804827,3.331268043076215,4.58491133389417
1042,3.63,3.499428919561934,2.9679858756376025,4.102049562849614
1043,3.5299999999999994,3.6992941308226834,3.150802259883422,4.320264359836005
1044,3.74,3.4607327002892623,2.9404790141284622,4.04967445635056
1045,4.809999999999999,3.8639261511338594,3.30134635749571,4.500086632748555
1046,6.56,5.266389792128928,4.547404519512544,6.078560953825685
1047,14.619999999999997,7.354075558593966,6.406841163026119,8.422448369364467
1048,14.410000000000002,26.256279665810027,23.16608227754666,29.741630881191757
1049,9.440000000000001,13.597875324449456,12.014060237546296,15.374441188874375
1050,7.23,9.518269488009622,8.322847403669916,10.866974566036918
1051,5.96,6.713989513498761,5.886476540670512,7.640940524945869
1052,5.250000000000001,5.601622369869088,4.93012646344052,6.349154892907804
1053,5.1,5.069488761384719,4.470805063904053,5.733687893146523
1054,5.83,5.11123143774298,4.524456394035487,5.7603302518561295
1055,6.23,6.245068519807237,5.565637693590684,6.994808776601104
1056,5.86,6.23252852837904,5.579842540030769,6.949957555302238
1057,5.599999999999999,5.6676158291287,5.094333709426112,6.294825482904843
1058,5.83,5.5587804801361385,5.020669494468839,6.144986355111323
1059,6.269999999999999,5.977146109657734,5.416040133872228,6.587322837728605
1060,5.96,6.431680948053645,5.856630412028947,7.05495970976806
1061,5.849999999999999,5.72491290775477,5.204664591813198,6.288782970889118
1062,6.01,5.915313267943292,5.39273484295862,6.480610219031116
1063,6.300000000000001,6.059774811831596,5.538594289436299,6.62249777055194
1064,6.6899999999999995,6.429948110510914,5.899450688955539,7.001235375629838
1065,6.619999999999999,6.835779580816371,6.298474380297415,7.412640565662537
1066,6.300000000000001,6.512385685103395,6.013133221960359,7.047179041890644
1067,6.02,6.180271622525928,5.712056665746084,6.681147990951944
1068,5.81,5.925066148892163,5.46305577031488,6.420103256233494
1069,5.64,5.7408221331729425,5.28808948713896,6.226150824349754
1070,6.820000000000001,5.579789058583197,5.1272678978012,6.065730563370223
1071,7.219999999999997,7.623297126566852,7.001293090370664,8.29365447474332
1072,9.41,7.060936243277922,6.467176835809736,7.701908974028649
1073,11.039999999999997,10.867432365862342,9.967541229356902,11.841159929386945
1074,10.9,11.355128104027688,10.397843238280426,12.392813646905774
1075,10.250000000000002,10.713122787347594,9.788229393211244,11.717308877193151
1076,10.330000000000002,9.964128763629978,9.091551935999293,10.912153879586063
1077,13.91,10.872325649241981,9.877493360626,11.958143172200222
1078,15.819999999999997,17.20439165115018,15.522537758525722,19.05744397330623
1079,17.18,16.457731913944947,14.859496405889361,18.21702907703904
1080,15.360000000000003,18.148160565400918,16.357163763496867,20.123961151387277
1081,13.830000000000002,14.305393516540189,12.841806460968606,15.923735450044578
1082,12.470000000000002,13.304333129904135,11.808676984719266,14.97463551742129
1083,12.999999999999996,11.966765245001735,10.503683780184044,13.615926874538525
1084,15.219999999999999,13.324636176617508,11.633624059739727,15.241990470997631
1085,15.170000000000005,16.323751854696802,14.330969540938248,18.57556418866541
1086,15.110000000000003,14.957000823952137,13.160228892907893,16.981762669326468
1087,16.87,15.122541375539864,13.312657727977363,17.161290889943512
1088,21.499999999999996,17.690050563081165,15.59897557156777,20.04455112572574
1089,21.560000000000002,24.031802525207382,21.286804662579474,27.11489341552191
1090,19.590000000000003,21.130646085892533,18.758393495052562,23.787718510701094
1091,17.820000000000004,18.86240099143189,16.77083677539072,21.20013486876228
1092,15.66,17.204219584927404,15.325140421589474,19.29958714829779
1093,14.720000000000002,14.815330423090927,13.223265867122395,16.58560085484431
1094,14.270000000000001,14.466109519119346,12.949548176085763,16.147547765558784
1095,14.039999999999997,14.110543673683006,12.697296934384388,15.66960504748257
1096,12.98,13.963875569116205,12.62202293042782,15.437908906159826
1097,15.780000000000005,12.496275350273113,11.334180438540614,13.767859870221066
1098,18.120000000000005,17.318889994472848,15.798333530097473,18.977084633326132
1099,16.99,18.867368130880728,17.268692023676536,20.605942885039685
1100,14.38,16.333234459639403,14.981255725877162,17.79958759100206
1101,13.670000000000003,13.352197647295835,12.270158794380093,14.522465141432889
1102,29.56,13.714492099511252,12.6385448923764,14.87532097119878
1103,73.89000000000001,41.45103512779152,33.81174720891129,50.766731862274376
1104,52.879999999999995,121.50344788041338,100.93902145018424,146.2163900447372
1105,40.650000000000006,32.79908682463329,27.18492688850995,39.53153214475108
1106,34.25,49.40845388886396,41.24099948438836,59.1551159887882
1107,32.24,27.708379059910165,23.253403992041196,32.981664120959756
1108,42.470000000000006,35.743526193775885,30.45277168658089,41.9242526097851
1109,44.45,44.54420851440279,38.31335222683455,51.76260638459466
1110,41.150000000000006,43.98068919972206,38.10362875498992,50.74103952242051
1111,37.43,39.88863618240255,34.757916641625556,45.755536280619154
1112,33.779999999999994,36.353594478422046,31.834622655012517,41.494504508806884
1113,31.200000000000003,32.578549120397966,28.413771886217898,37.33302867080739
1114,30.4,30.653177231288375,26.861586124176412,34.96075343197891
1115,32.32999999999999,30.37120438014488,26.607695772062083,34.6477582332947
1116,79.27000000000002,33.54756146487322,29.400963096406606,38.25974316617189
1117,66.65000000000002,132.70773957124686,116.63086692692917,150.98187421638076
1118,51.49,48.3800274287094,39.83263739671917,58.716620436964774
1119,43.40999999999999,63.14917148240737,48.851542944006816,81.5474189735993
1120,37.97,39.74917499735793,31.42662049069674,50.207780454386246
1121,32.95000000000001,38.699241822911176,31.2076917156137,47.93333602513183
1122,29.199999999999996,31.386240095465354,25.726048554386253,38.245178552554435
1123,26.289999999999996,28.982808551510356,24.1091798679143,34.80239630945762
1124,24.010000000000005,25.564509769240303,21.5261040980189,30.326907494053764
1125,22.380000000000003,23.72890047881464,20.187366597875872,27.862412705523603
1126,21.720000000000002,22.041437616423206,18.9216398820868,25.64980647044552
1127,21.01,21.710853852145615,18.788109536106933,25.06529349114323
1128,19.759999999999998,20.791755812192893,18.13247661910694,23.82065604115235
1129,19.14,19.499572309562755,17.131496428536142,22.17693228086854
1130,18.34,19.098486608039547,16.85332397866482,21.625991911437595
1131,17.690000000000005,18.114884029686753,16.060911758548393,20.41613511864629
1132,17.320000000000004,17.621583936704784,15.685437731821995,19.782396835199858
1133,17.12,18.28176291763762,16.24463689574122,20.55953665245353
1134,16.969999999999995,17.758221338960904,15.708216287334672,20.05975058918628
1135,17.409999999999997,16.946893516779244,15.01913263106259,19.10664336956974
1136,17.910000000000004,17.485320050442912,15.494276567763865,19.716704728665285
1137,20.25,17.94381238626274,15.819312582857169,20.336664382567715
1138,23.92,20.51836954067427,17.97227396485718,23.406153344966413
1139,23.940000000000005,24.351099621593626,21.230661064757907,27.90954300242548
1140,23.140000000000004,23.789126374398357,20.63197027794609,27.40706502968799
1141,23.65,23.09189803421993,19.885199332968966,26.790950981014156
1142,22.99,23.736627952218136,20.380205371664132,27.619966544261132
1143,22.27,22.874561055509496,19.557801490240376,26.726440780345623
1144,21.32,22.226089774229543,18.96107722683346,26.025157012838548
1145,20.570000000000004,21.21540745743084,18.096384006107773,24.843862814123625
1146,20.61,20.558046899889543,17.52605153240741,24.086262192721225
1147,22.440000000000005,20.649149134066196,17.28522221611217,24.6319366912617
1148,21.990000000000002,25.016482208619895,20.91610819723258,29.88401190668079
1149,20.319999999999997,20.518045093831574,17.064084030081492,24.63242420092309
1150,18.869999999999997,19.204623033992252,15.804226101258728,23.293102787705994
1151,18.64,17.902171905575216,14.632781636824493,21.855312064634855
1152,18.27,18.887704361835393,15.358390399795333,23.178465919771362
1153,18.44,17.831271462498545,14.441384032461572,21.96534974771826
1154,18.749999999999996,18.78969880147882,15.206522898779166,23.165095813535288
1155,43.04,18.81457715382775,15.20126468634674,23.233754301654134
1156,67.32000000000001,69.03994759452827,57.26384613495235,83.19619686077351
1157,71.02999999999997,79.64904345460471,67.1530731271232,94.43616907796024
1158,73.98999999999997,71.03960957241992,60.47238972317548,83.42335446396586
1159,61.37000000000001,75.62593467045626,64.99451168378242,87.97003272415924
1160,51.10000000000001,54.98485872520937,47.59875743436291,63.493509133743146
1161,43.349999999999994,48.51517669359963,42.23961885524363,55.70153410015709
1162,38.61000000000001,40.39587453422185,35.42478759772489,46.04539247773323
1163,35.17,37.125648235411695,32.845203130617264,41.947446577899775
1164,30.960000000000004,33.82410860014564,30.16796171637542,37.909138519558184
1165,27.59,29.153051153323766,26.17916091428873,32.452338603174766
1166,25.290000000000003,26.341850421733174,23.81225535740151,29.12933623792599
1167,24.960000000000004,24.41419142894877,22.20157059328376,26.8378191420463
1168,25.400000000000002,25.069782827181744,22.931391989683924,27.399249694685086
1169,27.4,25.621966589449038,23.556879524284568,27.860715156780035
1170,43.87,28.546480684729307,26.359777737134557,30.907953684440727
1171,43.76,57.589262927621164,53.35292003553163,62.15579233200161
1172,39.17,41.11664313617007,38.1153051370248,44.348275383399496
1173,36.46999999999999,38.06341484727036,35.33936414946522,40.99166428046592
1174,35.01,35.548397733840766,33.05243614697113,38.22730729589316
1175,31.739999999999988,34.57434997725462,32.18873954353109,37.131438364638484
1176,28.740000000000002,30.322350311084,28.25261909812901,32.538522677889524
1177,26.8,27.708592852969993,25.841113060681664,29.706003202412223
1178,28.83,26.14393120527437,24.412649250427837,27.993159824305344
1179,31.769999999999996,30.142286387527143,28.199194236528772,32.21468371991809
1180,31.049999999999997,32.93684947169215,30.838545437923905,35.17344122424806
1181,29.809999999999995,30.34998096126431,28.431530528981096,32.39348272438143
1182,30.799999999999997,29.42533422740747,27.579451611928338,31.390438256802952
1183,30.499999999999993,31.45973837598558,29.505045772162024,33.539683149695385
1184,28.879999999999995,29.99871538632498,28.180570039410586,31.930143390090905
1185,26.370000000000005,28.331230843539636,26.65175158127155,30.112716323536763
1186,23.220000000000002,24.5356281375048,23.148500758116143,26.002434267384956
1187,21.030000000000005,21.854118890417976,20.63768651529818,23.13893693709251
1188,19.750000000000004,20.26470405891399,19.128903700726717,21.464593473953958
1189,18.18,19.290741130362754,18.200659710248832,20.44270987728781
1190,20.939999999999998,17.43861980229915,16.436158051679737,18.49871635747106
1191,18.209999999999997,22.57008181183832,21.28239419039646,23.932184210985234
1192,15.8,17.288057641101773,16.232542841268973,18.408224042438093
1193,14.339999999999998,15.288831044128141,14.305417749050166,16.335431226672558
1194,14.58,13.971520423171816,12.969723639874125,15.045158054642123
1195,14.780000000000003,14.753238390719833,13.67595357000285,15.909601043034712
1196,15.700000000000003,14.791465950595308,13.69455052077858,15.97026367129726
1197,15.450000000000003,15.975498528574153,14.720926549647704,17.330188706344472
1198,14.689999999999996,15.311893589903256,14.095129026323765,16.626737209355735
1199,13.950000000000001,14.52020224675068,13.353516787226404,15.781718470166677
1200,14.270000000000001,13.790426624688529,12.671270269541512,15.001199261466407
1201,15.04,14.517935275349032,13.373725569774788,15.753228941304663
1202,17.240000000000002,15.347980096729003,14.16689804136738,16.621035792164726
1203,17.440000000000005,18.32529431396141,16.945944074831523,19.810663332279184
1204,37.05,17.440771184148574,16.070045275803366,18.92156648513166
1205,57.039999999999985,48.054128396234425,44.20572664801323,52.23014784057251
1206,57.22999999999998,79.49064227692922,73.00024119490395,86.5503023981866
1207,56.22000000000002,55.746092809454055,51.31548242262905,60.55193262150467
1208,49.65999999999999,56.09093886989558,51.66112643203531,60.893383637600685
1209,43.99999999999999,46.97830102998038,43.252503943325884,51.01778802554266
1210,40.160000000000004,42.01799596945086,38.72942922969369,45.57877077792485
1211,38.489999999999995,38.75603078213603,35.71196056863864,42.052508203561665
1212,37.029999999999994,37.9265621044568,34.94217552218563,41.15875125134854
1213,33.18999999999999,36.442115642882804,33.57712202220199,39.544497107504796
1214,29.839999999999996,31.592784402415397,29.097108891088745,34.295403254392276
1215,28.260000000000005,28.545267412470025,26.28711755701301,30.990290826816004
1216,42.489999999999995,27.698895370511526,25.563865307327585,30.00552521098548
1217,49.24,51.360639322718065,47.56458217369395,55.45341579338936
1218,48.85999999999999,50.66747804730401,46.985935652254724,54.63147308649402
1219,45.190000000000005,48.48494643994242,45.00602316033718,52.22694195126826
1220,42.32999999999999,43.773351061148155,40.662880563783055,47.11604330084254
1221,51.14999999999999,41.47124936989656,38.55721778512371,44.59994671107272
1222,99.33999999999996,56.350045446301685,52.48848209049926,60.49039165344109
1223,153.68999999999997,140.82814945183205,131.44097861366384,150.88066554240888
1224,108.27,177.8516652800835,165.80314853610213,190.7704698873577
1225,77.27999999999997,84.80787653035281,78.87019367560187,91.1869765904607
1226,61.080000000000005,72.68968384639864,67.45973693102357,78.31916990644204
1227,51.650000000000006,54.78921915778821,50.79341662721169,59.09329325844246
1228,49.230000000000004,49.29688716652656,45.658781529287204,53.21866529142839
1229,49.4,48.96090689434594,45.33271225405367,52.873216055619956
1230,74.74000000000002,49.65257172067373,45.95967764149321,53.63587381296197
1231,80.9,96.83478356106777,89.71685909423638,104.51120232787142
1232,75.18000000000004,72.1712901701665,66.74824570181296,78.02843313068146
1233,64.80999999999997,78.64868312416357,72.54097379280908,85.26364863329745
1234,57.360000000000014,56.671621469227105,52.17677577450328,61.546400650423514
1235,50.230000000000004,56.02801726085515,51.605428766661056,60.82241698152431
1236,43.93,46.83546500081273,43.215036465099494,50.752342523796464
1237,38.669999999999995,41.87406073073268,38.67268260889105,45.33377333375984
1238,34.34000000000001,36.49362954906346,33.70752303872575,39.50338755646378
1239,31.040000000000006,32.72543388448603,30.212507580676327,35.44067647422876
1240,28.199999999999992,29.76984938098827,27.480117014988654,32.243670678404385
1241,26.96,27.052759464245582,24.96159874148531,29.31235947350586
1242,28.279999999999998,26.75277993964357,24.693170856632335,28.977490854518713
1243,30.85,29.309765746813632,27.061185561308893,31.73852765841108
1244,37.01,32.05542769599956,29.617396752407142,34.687596466853435
1245,79.15,41.00986792755005,37.89077531393135,44.37911597401366
1246,66.86999999999999,134.16532879180187,124.01750758855809,145.13686082690697
1247,56.68000000000001,49.57701485718623,45.827895660164636,53.626294771560616
1248,49.48999999999999,59.35308530834952,54.97132030638401,64.07788071280243
1249,47.07999999999999,46.59263732990358,43.181621453910175,50.26699866320251
1250,57.45000000000001,47.1213211164269,43.73810974477012,50.760379667381315
1251,74.18,62.515196075251495,58.120921967860966,67.23608289922618
1252,78.74999999999997,80.4485405025356,74.76114150423174,86.56289330226944
1253,69.49000000000001,78.38852740576732,72.93427554172393,84.24514830877737
1254,58.15999999999999,67.00540623726225,62.22021193360777,72.1527961714498
1255,49.089999999999996,54.34632147265273,50.30248673344544,58.708904881548975
1256,45.050000000000004,46.46284793350438,42.74298943418888,50.49903934545147
1257,51.03999999999999,44.16895690158978,40.154268622514394,48.57528674100934
1258,54.719999999999985,53.225524355776386,47.6190854532656,59.47846158038745
1259,110.78999999999998,55.27908581730555,48.79381489241457,62.60901463916848
1260,220.17000000000004,138.5938883459079,121.47594575207209,158.10433304982357
1261,145.27999999999997,307.65540982791646,271.5728570140676,348.51448599712273
1262,94.60000000000002,116.66616502628688,102.09861844730794,133.29206521394372
1263,72.20000000000003,91.01332895827267,78.98506928435998,104.85041410520851
1264,59.03999999999997,65.59052520015395,56.81976963643581,75.6917280078199
1265,50.5,56.696543197270245,49.131639756603334,65.40299645247474
1266,43.73,48.00074160469992,41.54217539708839,55.439818965508266
1267,37.34000000000001,41.98528059640101,36.28977417415994,48.550698250989214
1268,31.439999999999998,35.4114206807901,30.625375917911885,40.921764327315756
1269,26.410000000000004,29.792018528812193,25.77767749996479,34.40816432194167
1270,22.500000000000004,24.99423446308642,21.688550881173665,28.78155056533766
1271,19.3,21.4328399218696,18.637337560299166,24.626300175111925
1272,17.029999999999998,18.37749263901451,16.008803132593755,21.07605191546488
1273,15.170000000000005,16.44025251796485,14.357082255625112,18.80600239208645
1274,13.790000000000001,14.599903500397149,12.760709769196165,16.68491548062924
1275,11.660000000000002,13.642361370593367,11.867538357487616,15.661986197405529
1276,10.340000000000002,9.918273148390288,7.773364508238554,12.587568193583937
1277,9.17,10.592574857641104,8.35058887948793,13.372120682667871
1278,8.250000000000002,8.12522633102966,6.341085410142677,10.342975996093019
1279,8.15,8.325324334451249,6.491046839269944,10.608747857086378
1280,9.07,8.010462610368133,6.178907436719408,10.309302587963625
1281,8.430000000000001,10.059136803622156,7.764547515225978,12.954457617892974
1282,7.440000000000003,7.2937161492107165,5.4694764285155815,9.632348432477638
1283,6.669999999999999,7.512664249499533,5.590803464560093,9.994934534820667
1284,6.19,6.051036984248892,4.412448329288278,8.185699248935531
1285,5.700000000000001,6.282295189524527,4.551609343367303,8.552513505066958
1286,5.32,5.27657822415224,3.770390575740711,7.258324675602696
1287,5.160000000000001,5.342825544422856,3.822761535307748,7.341991531707746
1288,4.679999999999999,5.044547551142815,3.6119283152383,6.922186252831803
1289,4.35,4.368319989795822,3.1341500989652022,5.970927233642269
1290,4.18,4.300567554931046,3.1211057413762795,5.8175917260023455
1291,3.67,4.077447257170734,2.9828596825941323,5.472854356887402
1292,3.2699999999999996,3.1876858011882465,2.312371055408945,4.294307937160912
1293,3.2300000000000004,2.9284955765490435,2.1292866597321596,3.931819667900397
1294,3.16,3.1467545834268495,2.3149613686603407,4.18726213154054
1295,2.99,3.0495152957411333,2.202903502261152,4.119908894808885
1296,2.9199999999999995,2.8586901614256224,2.0372013357883207,3.9023716625023326
1297,2.65,2.834254554481621,2.0195260234502475,3.8688131429860784
1298,2.5,2.4824107308010093,1.7355243425833722,3.4332211961036174
1299,2.37,2.352217342593247,1.6390607077262667,3.2580911758050073
1300,2.46,2.2391779150363442,1.5574764387636266,3.1025885541809837
1301,2.46,2.42039704580665,1.7088749475992508,3.3188099034734844
1302,2.0599999999999996,2.437086579369118,1.729936351953989,3.327413767586041
1303,2.03,1.933382582553083,1.3367655806788648,2.6823263089684817
1304,1.8599999999999999,1.918262477074045,1.3302471663083737,2.654657758296933
1305,1.67,1.7422949693520122,1.199571054028378,2.41893101619091
1306,1.5499999999999998,1.5484872781348988,1.04794677725204,2.1713653298794267
1307,1.5700000000000003,1.4276357348743383,0.9603053280390261,2.00637618892476
1308,1.5899999999999999,1.45870519180869,0.9949362552445626,2.030287912375382
1309,1.46,1.485303414869544,1.0259638668858884,2.0487873771690115
1310,1.46,1.3631639151238897,0.9336418426023181,1.8880962165299056
1311,1.42,1.3880210865109022,0.9597295758589581,1.9099140921630564
1312,1.3399999999999999,1.3629219274057647,0.9510024979322449,1.8618108079987072
1313,1.3399999999999999,1.280809824786913,0.8879955497545626,1.7553526053177273
1314,1.4500000000000002,1.288734892609468,0.8975019758184748,1.7606334409156887
1315,1.29,1.4293097934161345,1.02108064772038,1.9199953396436809
1316,1.13,1.24137134265986,0.8803708125192928,1.6716780872418058
1317,1.0700000000000003,1.0692973115583864,0.7471855749364746,1.4507936793024712
1318,2.21,1.009733166335948,0.7027768293800682,1.3720239377119126
1319,2.6800000000000006,2.8278876742722967,2.273257559484971,3.4764959006621217
1320,1.9699999999999998,2.6677752781650326,2.1565401343269293,3.2618103742207225
1321,1.69,2.0311093450043884,1.6248549526953577,2.500240594985461
1322,1.5300000000000002,1.6566345835992182,1.3134146312111055,2.0507749088975804
1323,1.44,1.5050213095764842,1.1930557599415037,1.8613644377193874
1324,1.25,1.428825235023158,1.1365522421421161,1.7610801673497787
1325,1.19,1.1939639983972241,0.938072209836263,1.483642251219215
1326,1.21,1.2087263279889893,0.9597498012750731,1.4893340919221636
1327,1.17,1.2035456401467561,0.9625489767281887,1.4741361595493445
1328,1.1600000000000001,1.1595322002968538,0.9295351096987745,1.416944527558773
1329,1.2000000000000002,1.163667848897398,0.9385091069716216,1.4149788842961715
1330,1.29,1.2123003620786665,0.9874732170343694,1.4625604260249823
1331,1.23,1.315199687784519,1.0843472807702446,1.5716202111659423
1332,1.12,1.1906243146288182,0.9766272909682945,1.427789452149153
1333,1.17,1.1058196388477195,0.9050193872628796,1.327785418356382
1334,0.99,1.201454333826001,0.9992434662346406,1.4241175553515535
1335,1.1,0.905318157962175,0.7325710900790825,1.0952890786690173
1336,1.2199999999999998,1.1986111516038203,1.0052222063709775,1.4106510393703369
1337,1.15,1.1862158172213628,0.998384512840296,1.3917016814125174
1338,1.1100000000000003,1.1492576180724976,0.9691524738645323,1.345835769526322
1339,0.8999999999999999,1.0971436277331397,0.9251073483622736,1.2845538453131917
1340,0.81,0.8461311614393716,0.6980939495031031,1.0070740292283547
1341,0.74,0.820301025240364,0.4724894525074397,1.2502679505436927
1342,0.8500000000000001,0.7061422155353418,0.2239614203461897,1.378278605226388
1343,0.8,0.9314012166415331,0.2858211061206488,1.9011117035548017
1344,0.8399999999999999,0.7086137112778406,0.05433248232627119,1.7689185938057985
1345,0.8999999999999999,0.9543413966310266,0.15653646959617085,2.3024901462202516
1346,0.9199999999999999,0.8153682483839269,0.004748903198132259,2.279985543403629
1347,0.96,1.0137956678522664,0.08290955634026309,2.744886143184343
1348,1.0099999999999998,0.8915927732292837,0.0,2.66268458444226
1349,1.08,1.0607128811777482,0.16573111060613477,2.642810541827148
1350,1.1600000000000001,1.0891665584099366,0.2755679800506623,2.421704665716889
1351,1.2000000000000002,1.218796836783477,0.4476732596854913,2.4006702617342706
1352,1.37,1.2278950203300045,0.537773453615205,2.227729162538428
1353,1.4500000000000002,1.4203067396843565,0.7501616976801035,2.3470534305066417
1354,1.3399999999999999,1.4862233299981904,0.8698347945037104,2.3058035206088494
1355,1.2599999999999998,1.3289340309180617,0.8079081048837029,2.0001158276333713
1356,1.17,1.2480431372780894,0.7928245471388917,1.8188469167984902
1357,1.29,1.153723248579439,0.7578910752535422,1.6386867177208662
1358,1.48,1.3033164979053966,0.9170618415102849,1.7673947572518718
1359,1.35,1.5153745765736755,1.1327492186376409,1.9666447443430934
1360,1.27,1.3275727962080022,1.0022051337510667,1.7058142196937873
1361,1.13,1.2810178374851846,0.9865387626029889,1.6191496853089187
1362,1.21,1.1081549910737203,0.8578356274453947,1.3922016569895197
1363,1.15,1.2190358147051201,0.9760433170641869,1.4919089092944553
1364,1.1100000000000003,1.1423703625083848,0.9259798860843309,1.3830730545611427
1365,1.1399999999999997,1.105505633517701,0.9086127752967086,1.3227099965762341
1366,0.97,1.1476815121155233,0.9628015450165388,1.3499756708434596
1367,0.94,0.9417470896678033,0.7845041584463242,1.1128456004922178
1368,1.1600000000000001,0.9314898418895183,0.7825013960197995,1.0929313254130868
1369,1.4900000000000002,1.1989278410106734,1.0371634948827104,1.3735373533434796
1370,1.81,1.6051281448273897,1.4248439576152507,1.7988162412092992
1371,1.5700000000000003,1.9302945731361016,1.7373766178711776,2.1368085156030143
1372,1.23,1.4595663379979307,1.302462454358548,1.6273898884044544
1373,1.1,1.170978105690672,1.0369787495615514,1.3137923929754973
1374,1.1600000000000001,1.0723656621001272,0.9489689538674153,1.2035750897568476
1375,1.0899999999999999,1.212072405792107,1.0804246607480277,1.3520507234842531
1376,1.0899999999999999,1.0265518887991454,0.9019279142615773,1.1593418589630886
1377,1.08,1.1235167008661393,0.9902271590562655,1.2657329131191553
1378,1.1600000000000001,1.05872030660893,0.9277016512710672,1.1986438088328364
1379,1.0,1.210944655937361,1.0733428618906893,1.3576786847305793
1380,0.81,0.9138196943949035,0.7984901541174672,1.0365448285988084
1381,0.75,0.7627213292141073,0.6583001519136222,0.8737177831653462
1382,0.8199999999999998,0.7424455466324085,0.6409209153109472,0.8502515597491682
1383,0.81,0.8602357972128689,0.7557782112226432,0.9709079421953188
1384,0.98,0.7889210652690808,0.6925905435535542,0.8907340525751946
1385,1.1399999999999997,1.0734978564299031,0.963654917239271,1.1894851905364199
1386,1.12,1.1769041994711196,1.0652192613397453,1.2946289444350705
1387,1.19,1.0961185658807389,0.9904817518491247,1.2073616289866709
1388,1.15,1.234200733575467,1.1228721321044906,1.3513676789193725
1389,1.27,1.116393401073346,1.0138357009433183,1.2241740108235746
1390,3.21,1.34549437186103,1.2323873575811257,1.4643321105315152
1391,7.890000000000001,5.697606897045052,5.372359824033999,6.039454673943427
1392,5.6899999999999995,13.372460292850525,12.601710555111577,14.186885063653706
1393,4.990000000000001,3.476711565665364,3.228104567106941,3.739936329407045
1394,4.63,6.181895472366431,5.601526352666262,6.8132873854491525
1395,3.99,3.9413128400523005,3.552412852709118,4.3634354732865575
1396,3.7,4.145036952667524,3.747319285090742,4.576074338932594
1397,3.16,3.5328129098705174,3.1896303350416684,3.904106384766399
1398,2.7699999999999996,3.031904919324635,2.7315027121195974,3.35649081151014
1399,2.7799999999999994,2.673205724518152,2.403097163874101,2.964753177741498
1400,3.6099999999999994,2.853394137226728,2.5732925923551315,3.155452147574259
1401,10.36,4.005760036744979,3.644716584859064,4.3948681448414835
1402,9.349999999999998,17.801998104581585,16.436505587468986,19.274425454762486
1403,9.05,7.4465571246061,6.841790912542985,8.097963469686299
1404,57.51999999999999,9.910719610077924,9.129613815130384,10.752057342198556
1405,43.940000000000005,97.7653336079962,87.34137385446135,109.41928257499207
1406,26.759999999999998,43.956290517544,39.39964375600009,49.02687818992589
1407,19.72,33.342773037046726,27.175994817478554,40.85925173234573
1408,16.41,14.72342060155961,11.743009858769243,18.400907489953628
1409,13.750000000000002,20.320563431030095,15.399122927654446,26.718947349923553
1410,11.639999999999999,10.827658181105617,8.198114671599518,14.208931726086826
1411,9.979999999999999,13.911791254643813,10.270898332987015,18.72881946519532
1412,9.160000000000002,8.139614043279726,6.060831157179453,10.830412454372327
1413,8.400000000000002,10.82974933657042,7.959714689741791,14.619132328656915
1414,7.690000000000001,7.05940147306587,5.272799920877818,9.35485794595002
1415,7.23,8.883018801918643,6.5638823175886385,11.913217913498137
1416,6.759999999999999,6.293211002822649,4.743430845254046,8.261176492731078
1417,6.490000000000001,7.373018925463187,5.70002698192584,9.46375576028101
1418,6.38,6.073682872287178,4.7859645720615775,7.647994427636199
1419,6.269999999999999,6.692670765110697,5.3866582777655285,8.265750714486773
1420,6.37,6.021585070950283,4.926218377086521,7.3194127808753375
1421,6.410000000000001,6.592886156001809,5.489863675433884,7.883379229710798
1422,6.550000000000001,6.483890356450947,5.418476707271727,7.726153793457765
1423,6.639999999999998,6.676887762544931,5.653260224799551,7.858004005169917
1424,5.9399999999999995,6.572052981154894,5.612125911789966,7.6713391599488325
1425,6.02,5.887248281903048,5.041780426512729,6.851028264520222
1426,6.300000000000001,6.080645502151916,5.242602819252798,7.031191824749966
1427,6.300000000000001,6.312952333738355,5.4637008309381825,7.273785132435799
1428,6.660000000000002,6.290942097187823,5.4658972870902955,7.221262155011285
1429,6.9799999999999995,6.760877565583147,5.891657957657981,7.739728662976248
1430,8.709999999999999,6.952591028170678,6.088792852856053,7.921646516424875
1431,10.44,9.08953978211776,7.998739208805318,10.312563977332088
1432,10.569999999999999,10.287974594151647,9.0781350116607,11.643050553578238
1433,10.8,10.435355475893118,9.096347659634844,11.95194651258356
1434,10.970000000000002,10.605453736619761,9.133741710606866,12.29090086160838
1435,10.340000000000002,10.961780712277177,9.150248923079548,13.096619589620378
1436,10.060000000000002,9.93625558942231,8.371739055854354,11.761952248601899
1437,9.9,9.880867007803081,8.177653497351745,11.900167442109305
1438,10.03,9.7318114488342,7.994361864354781,11.804885850741872
1439,10.789999999999997,10.113096698969915,7.9845999514569215,12.745844991198458
1440,13.7,11.40414888875538,8.931119180919275,14.49300807405767
1441,16.089999999999996,16.674874891426857,13.181880508850838,21.028193104054402
1442,15.649999999999995,17.708179516087416,14.128489347000707,22.134892901619487
1443,14.780000000000003,15.15057723304804,11.391748113292897,20.04958417294165
1444,13.920000000000002,14.408434238951443,10.324345432352246,19.965436555636334
1445,12.800000000000002,13.48292599144775,9.245180503621736,19.473543164964546
1446,12.070000000000004,12.198337364433307,8.064341536541809,18.21773451310783
1447,11.580000000000002,11.890245149781943,7.781358479368524,17.921721555025908
1448,11.070000000000002,11.303257251820604,7.341456507912012,17.14672759618169
1449,10.42,10.841945863641554,6.9934344271249484,16.5433580041083
1450,9.839999999999998,10.043216547129546,6.487841045965762,15.286754881435478
1451,11.479999999999999,9.615182140748296,6.226168170774703,14.593616038025466
1452,11.94,13.23383883090223,8.645543977076699,20.004742536615684
1453,13.379999999999999,11.167986455955573,7.316308679967561,16.803559258083695
1454,17.079999999999995,14.30141731427011,9.921068804637235,20.438686635325364
1455,22.830000000000002,19.36584692008259,13.939645101873081,26.762889810564204
1456,67.46000000000001,27.77467195758435,20.877255691561526,36.846691465326685
1457,90.64000000000003,259.9753324405869,169.52199970728876,398.4096026283208
1458,59.60000000000002,127.16902713248703,87.25952286529206,185.12495267123418
1459,45.13999999999999,61.74815291306666,39.9200369403155,95.22011582600587
1460,39.04,38.95216770664032,25.85652926706188,58.43343194450441
