step,true_value,prediction,lower_bound,upper_bound
80,14.089999999999998,16.011479200610935,14.470512473007238,17.70593654203397
81,14.039999999999997,12.03616970193491,10.843915067862707,13.348441332441313
82,13.750000000000002,15.55366815906887,13.6946844688017,17.6478267091989
83,12.470000000000002,11.63196867154793,8.938382149279429,15.055594373631283
84,13.569999999999999,12.720304895438714,9.344341755190051,17.198042067717918
85,12.590000000000002,13.848283477790783,10.185628725619155,18.710248538097357
86,10.889999999999999,11.012922826038253,8.092501581530733,14.871354382547828
87,10.1,10.375104314499664,7.712713203679433,13.851056742130039
88,10.000000000000002,9.504648004042528,7.14641940023273,12.545537526054968
89,10.85,10.173857322766708,7.620722144486786,13.48313556299872
90,12.06,11.153584684437872,8.10818415905235,15.217241340580347
91,13.180000000000001,12.544211026452968,9.529229157281472,16.42251494281788
92,15.099999999999998,13.331418329371948,10.154613303951793,17.41296921146464
93,19.750000000000004,16.40788002083726,12.56398281775786,21.34109928413762
94,18.999999999999996,22.76588311193748,17.92135787885394,28.850775177266822
95,19.450000000000003,15.32670635558162,11.940731922238623,19.59862935289651
96,16.340000000000003,20.813818790114855,16.80241318941081,25.72911167408515
97,14.180000000000001,14.371392682441966,11.851130350418872,17.38590898660748
98,15.360000000000003,13.722227354781193,11.562802052927847,16.25283717539384
99,15.690000000000001,15.790636819923048,13.579648275826159,18.33691948426514
100,14.889999999999999,15.176691819144306,13.25497953954662,17.35746992730466
101,14.030000000000001,14.33123029693993,12.679846340951432,16.18196363903466
102,14.429999999999998,13.509606206737496,12.087609595414575,15.086105773536897
103,14.549999999999999,14.560724160378191,13.16752076643295,16.09093216712057
104,13.270000000000001,14.159607335707713,12.895950228614854,15.538177727465197
105,12.19,12.51203804422559,11.464764798533778,13.647301819130668
106,14.560000000000004,11.796974932132159,10.851924513872728,12.817381913117492
107,22.330000000000002,15.878660401010208,14.657471445205811,17.195094778209594
108,147.23000000000005,25.371016543767517,23.391937697866034,27.510671114599514
109,73.91000000000003,440.42920898970027,404.26303644597283,479.82289531789064
110,45.050000000000004,34.86009215436275,30.4994586303557,39.82439080651806
111,36.150000000000006,33.138227600986895,28.008192361007588,39.175498329338275
112,36.90999999999999,29.061621787997165,23.851284953509108,35.364361288166684
113,36.699999999999996,30.99749925587671,24.88168991005496,38.55846632070465
114,30.930000000000003,30.98434406089704,24.41446232477505,39.252603101840144
115,26.329999999999995,26.69909490826477,20.6836849414328,34.38327829468832
116,23.66,23.833765851797764,18.163457883041787,31.181870836977907
117,19.690000000000005,22.167470419724257,16.655369779656247,29.400478287759128
118,16.690000000000005,19.06568531761781,14.13849792590786,25.596544071694417
119,14.599999999999998,16.95567856899455,12.418170218029513,23.027597476729305
120,13.620000000000003,15.470956821865613,11.196613917072895,21.243257060716218
121,13.429999999999996,14.937229405161595,10.691454272968889,20.72486631539027
122,12.870000000000001,14.978316450962671,10.630976424846082,20.950572959783376
123,12.750000000000002,14.48833989343906,10.195468943062103,20.427300086733418
124,18.200000000000003,14.484803435277788,10.133365371189194,20.536986296137258
125,29.699999999999996,19.90468621854989,13.894391136501271,28.340300109688364
126,38.39000000000001,28.672235105375414,20.02008074051277,40.885735217551556
127,44.11000000000001,33.4076128560315,23.280850223570845,47.75792287130367
128,49.19,37.082105184908585,26.06681226597534,52.58025618471117
129,52.17,40.798907683841676,28.954336659373908,57.327069747196916
130,64.65000000000002,43.043071758675495,30.812926480416355,59.97496786829565
131,55.769999999999996,53.708101441824795,38.96926257425479,73.88195104447198
132,42.949999999999996,44.84988173462838,32.812132679994306,61.173293680561876
133,39.39,36.58318563098361,26.96023246874402,49.518029267173056
134,47.17,35.570683528169404,26.370322651490035,47.863687532916686
135,44.769999999999996,42.82644344127468,31.9109055577921,57.362330423827636
136,72.58000000000001,39.17547543793829,29.21862121619942,52.41305333279475
137,49.65,63.782687080905916,47.714063251189756,85.15164216095388
138,39.790000000000006,39.094396281737694,28.9894254900859,52.60424839510378
139,43.8,37.55522267206015,27.707313623282694,50.78141064674648
140,42.74,45.67962937065967,34.47671526516366,60.42022399468894
141,38.92999999999999,41.691150567158914,31.922003387873453,54.35915646674006
142,44.00999999999999,37.77943840769598,29.210841501501402,48.77831693769764
143,52.36,44.36847352286673,34.717897459836756,56.62652720837016
144,43.85999999999999,52.095052544309524,41.210874668139446,65.7857424620206
145,42.529999999999994,40.5649935526963,32.302333647481895,50.87770644914906
146,45.60999999999999,41.759961599316696,33.52752895655479,51.95526124315733
147,51.62,44.90555942733156,36.39388765326315,55.3546750173855
148,52.190000000000005,50.901608319351645,41.571200004321035,62.27697941006994
149,54.77999999999998,50.06610363014783,41.14044650423514,60.88228071344513
150,59.82999999999999,53.29383487225957,44.04247130385948,64.44535456880234
151,56.5,58.42341436885269,48.4727122850608,70.3755525451282
152,50.95,53.621274823636774,44.65005985110463,64.35552577784985
153,43.400000000000006,48.44400277474146,40.438944561240135,57.99545551349048
154,35.13000000000001,41.17267652099438,34.362958603545046,49.29371735786091
155,30.279999999999998,33.71884061360675,28.106760567972433,40.41298688110922
156,35.99000000000001,31.843716709315927,26.060596174488314,38.86274804613374
157,27.459999999999997,41.16075941222523,31.990056624063072,52.88076942308131
158,24.28,32.532593282345964,24.37053532244397,43.32050005836911
159,22.160000000000004,28.731699710956175,21.19023159718281,38.836175833996144
160,21.76,25.134020883955642,18.532931629174158,33.96592628947353
161,31.239999999999995,24.049551308682698,17.85800927238575,32.27392683410977
162,47.629999999999995,34.356367727497584,25.65387094028864,45.90023230331194
163,49.86000000000001,49.0397703586282,36.46919553114017,65.82765888216684
164,38.57000000000001,47.537921589685574,35.184727506095186,64.10840331323809
165,35.13999999999999,37.626898712986815,27.692589475605562,51.000789453035345
166,38.37,36.896596280962434,27.051840965795293,50.19635504255896
167,38.27000000000001,40.296211803408035,29.475952968103517,54.95812249404653
168,36.800000000000004,38.26435290902582,28.3283974299328,51.56643882597769
169,32.64999999999999,37.41778729359497,27.878128533139297,50.10879601641075
170,25.350000000000005,32.301219366916385,24.14413054702488,43.10457578755704
171,22.659999999999997,25.125509368152365,18.9245693177786,33.2563108320935
172,21.659999999999997,24.72520121942668,18.83924365505112,32.35741973265698
173,20.149999999999995,23.0057282456872,17.704073748191988,29.81013240024727
174,18.82,21.24127000578278,16.488698772021,27.28535718515141
175,18.120000000000005,19.630514160209998,15.357229887345788,25.02018296777073
176,20.66,19.096899677733777,15.064230908766934,24.141905575851663
177,33.919999999999995,23.371569672612758,18.607939403434383,29.29249510037663
178,29.99,42.243875000661134,33.91481325892858,52.55986615780027
179,23.63,26.336025268534367,21.20925070444727,32.64626242578798
180,22.239999999999995,24.456520500808235,19.799230147966362,30.156654904913935
181,25.08,23.177318096041564,18.848916312856968,28.449603248039605
182,23.779999999999998,27.860852033265623,22.7958335137175,34.00397578449543
183,20.53,23.57810351056261,19.335048484863595,28.70650267323334
184,20.570000000000004,21.386093654861938,17.540918769996647,26.028713913314906
185,19.67,22.609304060450047,18.4919521106274,27.596378395311056
186,18.589999999999996,20.711501356947828,16.862787604541,25.389458443368202
187,18.650000000000002,19.957807359114188,16.219591545154216,24.507555632197608
188,18.250000000000004,20.11506582581334,16.41239292514789,24.60509671157926
189,19.840000000000003,19.14003640841789,15.583436262062254,23.45940998732169
190,48.309999999999995,21.884584589648803,17.787769910312196,26.87474055413791
191,54.45999999999999,63.986714542444446,52.17225644713631,78.4262525085789
192,31.5,36.84715054009581,29.84703786268468,45.4357975109643
193,25.809999999999995,26.962305567452297,21.71139593745003,33.42723357036249
194,23.340000000000003,25.96914101857901,20.858432067484653,32.27478224579255
195,19.869999999999997,23.472880482357038,18.784807558798768,29.271807159295687
196,18.529999999999998,20.60938046855941,16.390316924926804,25.852030716336266
197,43.31000000000001,20.54488790046157,16.264247702553696,25.8869053920487
198,62.36,51.704127008484136,40.967065585534236,65.18821127879596
199,35.62,38.97268177584847,30.75291745997787,49.320267117727774
200,24.02,27.391834028199316,21.054692074411623,35.549875045413515
201,20.140000000000004,22.591237928536053,16.917892480328423,30.060935744079032
202,19.29,21.642261886123062,15.676092632531073,29.74293448812346
203,18.01,21.099787572706408,14.370191540048127,30.775831126514337
204,16.139999999999997,19.567454210930745,13.01616103089881,29.18088703363063
205,12.809999999999999,18.292126162473746,12.073651421756988,27.46841481863414
206,13.899999999999997,13.986084029728735,8.351456336371502,23.01580101193435
207,16.919999999999998,19.874451351888858,12.348344118115765,31.643953091605155
208,13.14,17.962789248568775,10.29576080275001,30.833834158217318
209,12.840000000000002,13.977487732949063,8.42756396133214,22.794602689594683
210,11.83,16.90158604774978,9.950603832949241,28.264759086685068
211,11.01,11.965965840200898,7.048710986513566,19.887353322905057
212,10.869999999999997,14.71358341429532,8.071732392773182,26.218252592494714
213,22.349999999999998,11.401161959226817,6.471595792378894,19.583128720084208
214,14.219999999999999,33.89680624148716,21.02632400452293,54.28780406598188
215,11.98,11.878414720708811,7.470585069719666,18.57994215906722
216,12.840000000000002,15.68937914398252,10.377022658244096,23.482273137582666
217,13.279999999999998,14.58290957943296,9.95610515659445,21.16363091537384
218,12.2,15.262342724663768,10.764574952878135,21.47967240242071
219,12.14,13.52432026026525,9.758291537613779,18.608678411920252
220,11.559999999999999,14.12680881174896,10.459267420422092,18.96814773860802
221,10.680000000000001,12.881092413370125,9.754766047570644,16.916217399452076
222,13.419999999999998,11.874087332178679,9.191699446341053,15.262461968113378
223,12.319999999999999,15.595881334106682,12.371776865198328,19.59735815458999
224,9.760000000000002,12.893411223165888,10.296610341530402,16.08715000165631
225,9.389999999999999,10.718960317376952,8.566824577822178,13.355236662186073
226,8.850000000000001,10.895220999275475,8.768274337414823,13.485289595076141
227,7.890000000000001,10.020794213129408,8.064123641126722,12.399850873288479
228,7.4499999999999975,8.922615434547374,7.2138376986406545,10.986881245317534
229,7.199999999999999,7.9041339169692435,6.430230179169033,9.67040978536533
230,6.830000000000001,7.497440995120078,6.147456950950003,9.10240480790164
231,6.56,7.187179520818487,5.806574899145819,8.847817661496894
232,10.38,6.9420464425333135,5.514970405712107,8.681717301440548
233,10.939999999999998,9.501218007948012,7.574114654045415,11.861453817674539
234,8.05,10.956003799720165,8.773898033708505,13.625283215143698
235,6.550000000000001,9.236274407062137,7.3392722296029635,11.564803120915021
236,7.4499999999999975,7.987944154748906,6.325154911985084,10.028181806327577
237,6.290000000000001,7.99134970206012,6.342262242344141,10.010825655135639
238,6.800000000000002,7.14964860207146,5.666206869455517,8.963203008530414
239,7.58,7.210937246974533,5.728962023279654,9.019300189317148
240,7.27,7.753954336702922,6.195869724194081,9.64940298619184
241,7.35,7.681572346152178,6.156690850108178,9.531361488156914
242,6.550000000000001,7.721644051404654,6.226411565537716,9.526258332996296
243,6.3100000000000005,7.200325000956006,5.82798291774219,8.848491264758486
244,5.93,6.8498422143040685,5.541647265966529,8.419649254103556
245,6.880000000000002,6.055567342589279,4.911239754572653,7.42141963321723
246,6.01,7.465764538076069,6.087304440343293,9.11233111508257
247,5.580000000000001,6.191725704417102,5.009887181057829,7.6059716346405715
248,6.570000000000001,5.8998567009204095,4.75707846535982,7.269476051037417
249,6.6800000000000015,7.142851541843699,5.790070588858993,8.765146085712257
250,13.240000000000002,6.913213965859476,5.587895812589661,8.505152639148728
251,12.860000000000001,13.206600322913314,10.796007178282306,16.1098143367178
252,9.15,11.12864374007231,9.027380366609027,13.670232263597834
253,8.610000000000001,8.274932403061092,6.558452425020647,10.381214863056787
254,6.440000000000001,8.495392879782075,6.660207760075141,10.770240281385231
255,29.050000000000004,6.507145118913753,4.93797688087596,8.490981350556702
256,38.599999999999994,12.88436705304306,9.688354085639642,17.03604623490456
257,72.01999999999997,10.896366877243693,7.615989834464459,15.425686148314437
258,35.879999999999995,64.62700502885649,47.552384478040736,87.706328954976
259,32.49,27.66682573904213,20.727416050272854,36.822578444264124
260,26.500000000000004,27.38451415032591,20.98469159083863,35.64734800672808
261,15.330000000000002,22.85420935649497,17.818126628299467,29.238042035904446
262,14.349999999999998,13.80791269493329,10.87500715578178,17.46519126297998
263,10.070000000000002,13.511995091751336,10.811254999605195,16.830281502689964
264,21.17,10.009442582032959,8.084315692737766,12.342537849491203
265,28.48,19.242502364189868,15.797314021392129,23.394310985815117
266,24.780000000000005,24.768934262178643,20.48773373170022,29.903118090524767
267,14.599999999999998,21.654300963428625,17.977362064770883,26.043661304978073
268,39.489999999999995,13.497797872479143,11.110061735511668,16.35632300989092
269,23.140000000000004,32.21585316310465,26.76378917175311,38.73855638103676
270,16.500000000000004,21.000078577833875,17.343755969591033,25.385188411425194
271,11.479999999999999,15.776665080071467,12.974962029410142,19.140054092209162
272,8.11,11.818433956023918,9.684703067887787,14.378270040912719
273,5.990000000000001,9.013899527007057,7.35881686868094,10.996695861673604
274,4.789999999999999,7.069652663081635,5.75911081240483,8.634298935189626
275,5.789999999999999,5.885658245532306,4.754682583945358,7.238906105184622
276,7.140000000000001,6.902560718858295,5.620637649664123,8.432696549766678
277,12.48,8.247564353309901,6.73856936417219,10.050808288226275
278,9.019999999999998,13.004100884963826,10.693027603769899,15.771947201511445
279,32.720000000000006,9.805647063484994,7.9667850472446755,12.02161341499768
280,29.88,26.290436768991416,21.24881546946891,32.47449845428093
281,15.66,24.094486909493796,19.20394047288159,30.16883432199796
282,10.750000000000002,15.38998960296772,11.99627240810456,19.669908320625034
283,8.220000000000002,12.111879540142356,9.233054947132535,15.800592390386687
284,6.58,10.020347072357398,7.504558359198391,13.28034760486534
285,5.32,8.575756792209164,6.3300925532323555,11.509407961445872
286,4.5,7.132865520605046,5.222745117776624,9.629312357225288
287,3.76,5.90619883824323,4.306119422315346,7.988787962962956
288,6.77,4.907498278886594,3.553935275931998,6.663379868284538
289,30.150000000000002,8.032884809949042,5.951305575558898,10.737796174101863
290,32.220000000000006,28.857750662871435,21.735146933510954,38.211766576805175
291,28.289999999999996,23.824308127096515,17.774257527296484,31.824002392267722
292,22.869999999999997,22.19407237834092,16.438771685844014,29.84878930598147
293,35.02,18.5974434913836,13.64679405946408,25.221423598825833
294,80.37999999999998,27.97165138731048,20.582247691869195,37.8910643641656
295,41.31999999999999,59.8057933318582,44.02442186476191,81.11864471735406
296,28.950000000000003,28.302235061375516,20.51403990941908,38.909797658048916
297,52.10000000000001,24.114666279397184,17.292746639506117,33.48068651228635
298,32.46999999999999,42.74641968178776,30.58858411806526,59.58357119845235
299,19.990000000000002,23.341363474605558,16.55134540123625,32.758208402708995
300,14.909999999999998,17.959959410955452,12.585598915157211,25.460376396362825
301,11.269999999999998,14.324858757128471,9.948250571419235,20.451034061918907
302,9.280000000000001,11.467062892084467,7.88667672784838,16.489964124397858
303,7.870000000000001,10.00959884706058,6.847524690608473,14.445796165287291
304,6.660000000000002,8.726088607894743,5.943589336987558,12.62361669413765
305,5.76,7.59201728031276,5.148407806511071,11.00680944862113
306,5.2299999999999995,6.73106308958134,4.550744536174418,9.767805310723254
307,4.700000000000001,6.402897514669413,4.326681379443892,9.288374263230292
308,4.42,5.787557765539762,3.9040978237083976,8.394376310728044
309,3.999999999999999,5.881175703314623,3.8660544526556544,8.730795148427873
310,3.5299999999999994,4.78944289965425,2.972149296671375,7.438164475953737
311,3.0600000000000005,4.262389833003784,2.523675533500913,6.859051292100023
312,3.3499999999999996,3.625753199751755,1.9874850320460928,6.162409998874086
313,3.83,4.418236712674467,2.4046650417962465,7.622665875843392
314,3.2799999999999994,4.541880469231686,2.4139273745397554,7.99621924130477
315,3.4800000000000004,3.4758124111258475,1.7223224928703886,6.358752238962583
316,3.2300000000000004,4.431435328533919,2.2851760675037753,7.9798808714877065
317,2.79,3.3392912950815967,1.6251907401125658,6.172602224996243
318,6.570000000000001,3.2416031944272925,1.568378500277655,6.004885633885688
319,10.169999999999998,11.753623825757433,6.508462696018383,20.662879243600816
320,56.340000000000025,8.663578420576695,4.495865705806579,15.991817647940564
321,31.859999999999992,82.62501652803758,47.854835553397905,142.14127373678534
322,27.229999999999997,28.244264481597725,16.5646456270857,47.690251043313324
323,16.980000000000004,25.120573748596495,15.063268559099814,41.474815785194316
324,12.38,15.724553323618988,9.490893635152316,25.662236183325284
325,9.29,12.215331274017345,7.460894955051806,19.64143114999252
326,7.9,9.463181524807748,5.755736006634358,15.205216946542468
327,14.88,8.202997689629747,4.9661171744373265,13.196028002637778
328,12.030000000000001,15.311968094327955,9.558039835078203,24.20167637806628
329,9.8,11.656196946821415,7.134106122826964,18.69230776412126
330,7.6999999999999975,9.683733478046307,5.9020618545961945,15.537400480396784
331,5.76,7.734852678245868,4.703699740564287,12.376870238809353
332,4.4,6.01619362232959,3.636353624679196,9.617605327597198
333,3.6400000000000006,4.804541746527986,2.908906916026238,7.619469742052054
334,3.17,4.112029142046624,2.5009819700430116,6.464432028712472
335,3.4000000000000004,3.648623626221559,2.240711840123817,5.668195965686242
336,13.59,3.892530899952841,2.4682612166293865,5.901688515335151
337,37.989999999999995,13.47915787075359,9.439695700350697,19.081621022647536
338,25.210000000000004,31.900953372112788,23.038097877037963,44.031546935664814
339,18.74,17.399942701599727,12.62997975833959,23.83920720535217
340,17.75,15.143720436642031,11.111641606434102,20.518116041181717
341,14.640000000000004,15.023448930060312,11.169815850318514,20.097354205859343
342,11.159999999999998,12.509163258335171,9.362992413701544,16.6105013547112
343,9.03,10.05130518907973,7.52832055519241,13.320679621713062
344,7.640000000000001,8.709712148506894,6.499741363800418,11.570901506273767
345,10.230000000000002,7.7947282037102585,5.8134544495179385,10.352133451572291
346,10.59,10.646398211220085,8.025852120997754,14.027787900353538
347,9.369999999999997,10.243035029911619,7.691689519107081,13.543298676964906
348,8.08,9.362862429426134,6.975321521432351,12.465152149994434
349,6.6499999999999995,8.431051528066316,6.223213992473971,11.313733611895689
350,6.6499999999999995,7.597022513996853,5.473332087709354,10.417426930173463
351,6.740000000000002,8.01125729164888,5.691569358929552,11.135084256122106
352,7.280000000000003,7.404951126110154,5.230529452020083,10.33823441110549
353,30.640000000000004,8.351241565034263,5.904494990396821,11.665041966030694
354,49.1,47.0535455514047,33.96671955413874,65.03831498936285
355,28.219999999999995,26.546515201471014,18.801703880928386,37.32046496138682
356,18.61,19.4959948982774,13.412526867058052,28.147269645712232
357,13.229999999999999,13.968163670901731,9.30397920931493,20.74363118632479
358,9.809999999999999,11.689832381909186,7.449204021005306,18.058818497057786
359,7.609999999999998,9.008994960594489,5.50951610338052,14.389773760476675
360,6.550000000000001,7.863012009185022,4.626990731037224,12.960033991468514
361,5.21,7.0335532329492185,4.026327586675159,11.83998633867789
362,4.529999999999999,5.539294194995081,3.0940075992394593,9.445112162625273
363,5.86,5.381354313831153,3.0114880553501617,9.151266142832096
364,15.05,7.632270679107604,4.527195155347972,12.481719929009746
365,50.32000000000001,20.794865329584958,13.097541367767784,32.694964415625535
366,33.160000000000004,54.11107444839436,34.89307697199697,83.61883970622107
367,32.27000000000001,14.585070555128214,9.203600118696093,22.804776880982246
368,38.27000000000001,32.22779920357761,20.764440115130746,49.728924524261316
369,27.309999999999995,28.39224524087393,18.33173986451248,43.68837706044017
370,23.32,21.24306741553787,13.669690862452915,32.726276353817774
371,45.04,20.44793810232807,13.167299170493424,31.47013021362453
372,42.57000000000001,49.30827999636239,32.29663872607613,75.01136730388087
373,26.84,26.998157421374106,17.589467064330925,41.16886994550643
374,19.930000000000003,21.579796665744247,14.044472556973789,32.88933812970518
375,16.899999999999995,16.963102143512273,11.012766334498862,25.860843675247946
376,14.689999999999996,15.976904182804812,10.390340714301002,24.30348150782446
377,12.0,13.974621952380518,9.085754447609034,21.233270082227264
378,10.080000000000002,11.870000807123743,7.699735448782825,18.039305476644117
379,10.070000000000002,10.554425773934048,6.837611311828549,16.033857594324125
380,9.17,11.3100944194465,7.379414705474231,17.08460733142716
381,8.31,9.60262610688685,6.260726220112696,14.482704753560276
382,8.400000000000002,9.360923303898112,6.167010062613471,13.978175106693504
383,8.77,9.744886679257922,6.494022431002236,14.405957323062609
384,12.240000000000002,9.939106354593095,6.6868970802814625,14.567275922564772
385,14.849999999999998,14.983775641183733,10.303135444011046,21.602673834459342
386,16.899999999999995,15.364709802983246,10.625547900782086,22.035794030648653
387,43.32,17.77642968244278,12.382830767627771,25.343777168020768
388,67.64,55.206886979163784,39.2575707509705,77.47503177554078
389,45.980000000000004,51.84517987959693,37.138362719420684,72.22320197780569
390,32.77000000000001,32.43285249609827,23.460944744849932,44.69552148067378
391,28.740000000000002,27.349927929977312,19.99023002095441,37.29011939519294
392,24.56,25.593386989782413,18.858577472148006,34.61223016000014
393,23.140000000000004,21.656954288495342,16.03736354624945,29.130106470843717
394,20.219999999999995,22.270019358122227,16.567211477248584,29.824118080930226
395,63.21000000000002,18.307125214701752,13.499500834851894,24.708821862347914
396,245.24,79.81949585495126,58.82932975666713,108.17372694653344
397,65.02,256.41080408154784,188.26433983828832,349.0940648118039
398,35.83,18.973718143882973,13.202363110042407,27.09035464029117
399,24.310000000000002,53.18274198701242,32.579688286757154,86.42694405501494
400,19.46,11.594873242202393,6.6948449985768335,19.615208235706465
401,16.219999999999995,23.368915270912098,13.971327947522735,38.665421368259764
402,15.139999999999997,15.683322033959282,9.35374211368026,25.882380402447282
403,16.41,17.7214767231918,10.73359059162882,28.870966432650857
404,13.070000000000002,18.21519245513739,11.134410389870979,29.427817193011123
405,10.960000000000003,13.474263574484356,8.176820804894556,21.829726163106862
406,9.989999999999998,12.77929696957269,7.81409953049744,20.541511338590418
407,8.800000000000002,11.567512978882652,7.150095476637475,18.379206406493164
408,8.13,10.335325627258886,6.458011953773376,16.228399186325095
409,7.750000000000002,9.82864719418624,6.247227340653263,15.17992572116384
410,7.419999999999998,9.331974770950692,6.030739151018746,14.18328306236389
411,7.0500000000000025,8.986749754762862,5.931883423934964,13.38788920192779
412,6.599999999999998,8.529018143326585,5.742346577657774,12.467445752008647
413,5.87,7.968467036091987,5.461465980865432,11.448165975903743
414,5.489999999999999,7.068632853385697,4.910470064313726,10.014832223889151
415,5.28,6.8529107681793135,4.842032386486217,9.555950986447362
416,5.13,6.5524014843843466,4.709945591223884,8.989371574573102
417,5.17,6.414892872939189,4.683515119789566,8.673702833256486
418,5.61,6.392833617559891,4.727121771181208,8.54301149522291
419,6.6800000000000015,6.879586184280379,5.154383119688742,9.088399962763827
420,5.89,8.08497408319592,6.138778766067854,10.561747015421805
421,5.45,6.364626762388601,4.804788415999535,8.343618313424974
422,5.4799999999999995,6.353740355772518,4.822666214798823,8.287411509640474
423,5.669999999999999,6.3212751163951175,4.8355537635143255,8.185258417988825
424,6.749999999999999,6.522981518400948,5.042976177032889,8.365459877419305
425,6.400000000000001,7.892406809723807,6.207082233636617,9.97183247064492
426,6.19,6.750556655296435,5.32921143865917,8.491092065599535
427,6.610000000000002,6.584001342558107,5.138876528833592,8.369316371452028
428,7.59,6.8583128179599635,4.66205325721154,9.906481719553122
429,7.140000000000001,8.446735713489852,5.892690147397068,11.947167757747707
430,8.23,6.561232702167615,4.539897060148456,9.320090672370164
431,7.35,8.87721958474805,6.262881272183111,12.43261208178962
432,6.490000000000001,7.181520653072079,5.027102490673988,10.10604644606925
433,5.700000000000001,6.4378011312701116,4.487133594827762,9.081927970638272
434,5.4,5.617521553983138,3.8969553354043924,7.9426160783667985
435,5.2299999999999995,5.438482529009677,3.76890586942233,7.692571925598585
436,4.83,5.278606770229048,3.6689060465267147,7.443284697170544
437,4.44,4.850439923485633,3.387890809031183,6.800478359185017
438,4.11,4.493484362748613,3.1617312805513755,6.251398134423829
439,3.6799999999999997,4.192512493844936,3.0005014929732186,5.7397015214452916
440,3.38,3.7264643026789566,2.694539010306231,5.0466176543759955
441,3.38,3.4408371805164952,2.5103059874955553,4.618038693523628
442,3.41,3.5017904936097946,2.5990879917744696,4.630903632996105
443,3.7200000000000006,3.5192258359247663,2.6489731557125697,4.597027241517655
444,4.32,3.8994574456721818,2.9943800902918256,5.009614187767198
445,5.2700000000000005,4.534965244867503,3.5633121031897765,5.713509742293669
446,6.470000000000001,5.503476530467974,4.423159734935403,6.798997088337016
447,6.950000000000001,6.64090922163357,5.430272098227071,8.079474840472491
448,6.960000000000001,6.8219975676043,5.639039666761075,8.21573736845237
449,6.300000000000001,6.785134604125672,5.681978750680211,8.070415076998739
450,5.84,6.027726542310061,5.085901231093361,7.115304287417162
451,5.53,5.754212512873925,4.9106354496583045,6.718186489017855
452,6.21,5.466048293402075,4.683799352817964,6.355956454000979
453,11.74,6.389889581224098,5.49476500270025,7.408382443395524
454,13.079999999999998,14.113660714145537,12.32203861637243,16.14623014990969
455,12.229999999999999,11.312120618606595,9.874510544253251,12.939782715758744
456,10.220000000000002,11.533719465772073,10.133131362560414,13.11050660688019
457,8.719999999999999,9.088881353348805,7.969623980899723,10.347803116239367
458,7.460000000000001,8.146301888061565,7.13935144372063,9.27782604129925
459,6.490000000000001,6.96339184204233,6.092022032605323,7.941823550230849
460,5.9,6.257642359902995,5.4690373143244395,7.142381944160881
461,5.260000000000001,5.766000552669053,5.033992447319128,6.586811531237031
462,5.22,5.142046799989088,4.4815786598513085,5.882093870067626
463,5.62,5.405771224714662,4.717556369852299,6.176825610281199
464,7.340000000000002,5.806168119217777,5.062649353740645,6.640871467929225
465,11.240000000000002,8.019143536882853,7.0390685812087685,9.118703344444485
466,13.87,12.379839046047145,10.925573835567253,14.011444762868509
467,13.449999999999998,13.327033130373456,11.774731219763057,15.067960631630871
468,11.87,12.304707284167302,10.859893728326263,13.92553305891687
469,10.919999999999998,10.729124413431665,9.457544882978272,12.155320971147347
470,11.879999999999999,10.310075116195366,9.097437372836852,11.668342908280241
471,13.670000000000003,12.0425997028093,10.658464403626805,13.591064579208414
472,14.99,13.68136547468855,12.142370667413624,15.400579290904677
473,17.830000000000002,14.685249541409538,13.055253426284821,16.5042772772913
474,24.540000000000003,18.557964035221733,16.54682298674586,20.799613382545772
475,26.209999999999997,27.016405321802235,24.19043545996422,30.159404465357486
476,27.849999999999998,23.829197911026803,21.388509972808194,26.53595793796417
477,27.540000000000003,28.286295657467956,25.4863930212863,31.382178752966844
478,28.440000000000005,25.327045306863173,22.87646942822087,28.029137522752787
479,28.619999999999997,28.373492911090644,25.701517083420722,31.312848858075412
480,31.379999999999995,27.056619385338,24.551431055552154,29.807428735490593
481,35.33,32.09153279469159,29.195362718971513,35.26548728338797
482,34.82000000000001,35.339515125344356,32.17919319751504,38.80085807644156
483,33.14999999999999,32.80721375235356,29.914929024338,35.97008978405047
484,31.28,31.628113026936916,28.842643794933426,34.67357393044758
485,50.86999999999999,29.515174539274792,26.883284953622542,32.395486891562534
486,38.97,70.0807076924804,63.88479464385209,76.86827459031758
487,35.45000000000001,33.57624498774739,30.488083179170168,36.96727513231349
488,44.21000000000001,34.55512886913664,31.341196196481818,38.08844871478298
489,32.690000000000005,45.62473717641608,41.367729284686405,50.30947901792812
490,26.60000000000001,29.961655472721556,27.0790702619492,33.14016563470655
491,37.78999999999999,25.29964030381723,22.786594835376345,28.078188151651187
492,33.230000000000004,39.408927636569516,35.4208326665081,43.83372051620001
493,34.49,32.0433475819694,28.697178047194292,35.766551275938454
494,45.59,33.79221712054974,30.194523030669128,37.804836700768405
495,57.029999999999994,45.12886551754653,40.264692649560885,50.56641422260871
496,62.720000000000006,55.59609620893539,49.476802382032005,62.45723094439262
497,67.83999999999999,60.57786496860098,53.6224767187811,68.41892206047646
498,63.660000000000025,65.5835457579739,57.6879871132184,74.54132938912241
499,46.589999999999996,61.78016536236443,54.014043969062755,70.64260029933897
500,39.02,44.96717693026015,39.08128933745193,51.71739981087567
501,37.97,37.560360063705666,32.46480120590972,43.431800419004055
502,46.580000000000005,37.002692824674725,31.74689508300908,43.102033437543156
503,48.67999999999999,45.47628724582124,38.58118023226982,53.57253329689851
504,43.69,46.40086605308345,38.7410257020242,55.5370939197454
505,45.21000000000001,41.8604372363667,34.136892352918444,51.28171750766535
506,44.61,43.38197626239055,34.232072476464964,54.908145008250614
507,39.91,42.85634272752704,32.68695041931159,56.09566385479956
508,33.82,38.974478893960644,28.636691440815213,52.91826432565341
509,28.590000000000003,34.363353391732566,24.118610457720138,48.786462719087424
510,45.260000000000005,30.951954416916344,20.857064355049534,45.70926408398664
511,55.279999999999994,49.90538623948423,31.94699256895656,77.65234870125018
512,48.309999999999995,46.900168478401376,28.53553442792964,76.68358300263436
513,46.83,44.1331729950877,25.683724138392115,75.33879341728412
514,62.51000000000002,44.377813937651645,24.999212759719114,78.20032105550487
515,102.63999999999997,58.14858255546896,32.28866557875898,104.09747860104994
516,92.47000000000003,85.12143303023122,48.12143036117849,149.99114933433012
517,50.44,64.08085467649236,37.04284003206088,110.33547447701604
518,39.56000000000001,39.5074079315895,23.15116594749927,66.94082326721377
519,36.08,42.993383686376454,25.503732326839554,72.02434933727397
520,33.940000000000005,36.440648376098444,21.90289457679175,60.20633119636919
521,30.010000000000005,38.14694995361948,23.384917021235864,61.84555692096917
522,37.47,29.926998726001745,18.78700238648017,47.338764584758195
523,34.78000000000001,47.01596888750705,30.18350130312077,72.93439388973658
524,36.46999999999999,32.42168396730837,21.149106735356636,49.43133217772414
525,38.68999999999999,43.05826346051303,28.551910071893253,64.68545229170084
526,55.26999999999998,39.33361174567845,26.350446613215983,58.479841753847104
527,56.00000000000001,61.28346980149125,41.58854246686848,90.08624962995853
528,54.68000000000001,49.33821714088964,33.72452947054551,71.97251088953479
529,53.739999999999995,53.700276106928115,37.02527492441798,77.68766792933232
530,48.279999999999994,50.40785198618838,34.98419173755709,72.44245120491529
531,40.2,46.10506840290748,32.20762018254152,65.81862346790942
532,41.45,39.5891278903698,28.0642281733558,55.68402040729559
533,36.370000000000005,44.11510058527713,31.91540099061089,60.83647288393246
534,40.9,36.55978870224712,26.93320037871698,49.50397764061176
535,53.68999999999999,45.243563764920424,33.96776419681302,60.15538807811915
536,61.829999999999984,53.78657106152268,41.100489618446,70.29533161923518
537,74.76999999999998,57.46307110329419,44.533039924812044,74.0648471631326
538,56.439999999999976,69.32308071169645,54.35953676782134,88.33123305428978
539,66.19999999999999,46.71119094699318,36.955914128885354,58.973729887013356
540,81.99,65.91265946291006,52.75181142004886,82.29587186208532
541,61.890000000000015,72.13404017034944,58.124883798033636,89.46255126536363
542,58.120000000000026,52.236161980756485,42.12159672967205,64.72319110092694
543,55.400000000000006,57.39166739811351,46.29264376349693,71.09550048804037
544,44.04,52.43192260044101,42.32100020249604,64.9026878288702
545,43.879999999999995,42.954223089931745,34.696634341673125,53.12201354748046
546,55.56000000000001,46.93384355832839,38.08995319716326,57.77861625173395
547,54.370000000000005,58.20991221958869,47.30875698936516,71.57097726242837
548,56.60999999999998,52.35671779382553,42.36566234702158,64.64962183554589
549,45.730000000000004,54.88147224466391,44.45008697934252,67.70699591071096
550,37.57,45.19607265528489,36.46265609140915,55.965451770563135
551,32.27000000000001,38.77217574161138,31.21566011414319,48.10115011199704
552,35.68,34.39969302972852,27.7430687282008,42.597928893706246
553,37.84,38.57926358952559,31.199467530700502,47.650435128952154
554,31.260000000000012,40.3491558345251,32.67810620624175,49.767483116700994
555,35.94,32.84019951279854,26.665786688668156,40.39260943319082
556,51.370000000000005,40.98417416348972,33.322766594103264,50.355734257537065
557,41.56999999999999,54.5701975736127,44.21027069029927,67.30410017945216
558,45.60999999999999,39.45066877181106,31.95478520333465,48.651563315945985
559,33.64,47.66968173668939,38.64267250473999,58.75222583864428
560,30.62,36.35818353113116,29.475541402236008,44.79521191519442
561,34.989999999999995,34.10653584937974,27.705141469311766,41.93547414359197
562,40.96000000000001,38.107804250447955,31.16679631406862,46.546555098570416
563,39.16,42.75970066693868,35.224428809527865,51.862431938648186
564,35.43,40.48300935000885,33.52748627712473,48.8397146818365
565,39.25999999999999,37.17802802268893,30.94374124300601,44.62902675090852
566,46.61999999999999,41.05903009321007,34.306379582691186,49.10318342718937
567,48.17,47.04260505532125,39.40001525486953,56.13096606376601
568,43.379999999999995,47.94065931659837,40.13025024265836,57.234222262503295
569,33.67999999999999,43.877623803061695,36.76016160732905,52.336665747167324
570,26.410000000000004,34.87881915940503,29.235704161184362,41.57515080220527
571,21.01,28.819254473359752,24.136278712285794,34.374684834011624
572,26.25,22.277592542165287,18.474654111469047,26.823154724990154
573,36.220000000000006,31.477994961025345,26.171526557486967,37.82079111222176
574,34.3,39.62522069733053,32.99401530461884,47.54997392680965
575,30.63,34.604170883538245,28.726575194546882,41.64389611006163
576,32.71000000000001,32.56044165227648,27.006524837648787,39.21574438188705
577,38.29,35.2690228384041,29.18823010297308,42.574665131598
578,28.689999999999998,39.6457659987966,32.81086216191901,47.86235333832026
579,22.659999999999997,28.680268154802214,23.527394706862054,34.91569052764136
580,20.96,26.635684964024495,21.677633996598715,32.677723326223415
581,19.74,24.843713725960303,20.081177526109744,30.682174220210207
582,20.44,23.097962741198366,18.58910025697745,28.64463914412509
583,21.960000000000004,23.73286216320089,19.07517215795391,29.471194267767654
584,23.370000000000005,24.742492984331527,19.90578241222268,30.69821305807339
585,16.980000000000004,25.715757026893975,20.733869944270698,31.83960359338503
586,14.419999999999996,17.528099103569133,14.168398652488891,21.631951088347144
587,14.599999999999998,16.143034585782146,13.103979228497069,19.836930489484228
588,13.820000000000004,15.856143036977379,12.891345068696944,19.453711046549742
589,10.35,15.480989261238392,12.415993807189114,19.246208438431367
590,8.009999999999998,9.069036376304734,7.1732690517011335,11.404521728823577
591,7.959999999999999,8.436395016482589,6.604214722940861,10.710025841124574
592,10.970000000000002,8.589126608766957,6.678245495050451,10.975567748939017
593,16.190000000000005,14.035371309063349,11.0098094462106,17.823145480691515
594,21.65,18.756599225993572,14.648279792855488,23.943522108720163
595,17.999999999999996,24.531114333882517,19.153787639383786,31.343190808261966
596,14.789999999999997,15.345628706370114,11.872979847752537,19.755068443081345
597,13.569999999999999,15.491727181544512,11.976632619045267,19.958986311389026
598,27.619999999999994,13.381973038500988,10.308678323082523,17.290479450456992
599,31.51999999999999,39.80043918962393,31.277411969978516,50.57401837590105
600,14.339999999999998,27.04452181399027,21.316918462518608,34.24210589810144
601,10.970000000000002,11.66857671571727,8.97742170932194,15.085602140286884
602,8.939999999999998,13.151781240492765,10.045078369591517,17.132321526132337
603,7.979999999999999,8.91573705541753,6.69733064160298,11.773498493200321
604,7.35,9.759420356239342,7.29968145901282,12.94814089841309
605,6.7299999999999995,7.83966880498949,5.803620842484701,10.485023400182229
606,6.09,7.783953694293277,5.729068682424311,10.466347892245102
607,4.86,6.642822274896226,4.8546219433591045,8.977199704911339
608,4.83,5.157321133846859,3.7115079256484895,7.046808822909684
609,6.26,5.835347978075559,4.265289626704017,7.873582517554462
610,8.260000000000002,7.772789798064295,5.783742295128048,10.345041938915259
611,8.07,9.676357968794152,7.266525911423567,12.788696811597518
612,7.849999999999998,8.093111450731017,6.0407588149280596,10.74371655511117
613,8.330000000000002,8.739758763442559,6.533141821387997,11.592740588093355
614,7.950000000000001,8.95437422393614,6.69195496897599,11.882234307119946
615,8.15,8.204989116960816,6.108067237885655,10.920515353562008
616,5.96,8.998234379722033,6.737907061734779,11.918828038940587
617,6.830000000000001,5.2380567896101375,3.825143084980181,7.0647043673236425
618,7.4499999999999975,9.091679287493669,6.766287751032782,12.113342449626012
619,7.039999999999997,7.39757277393646,5.446568672435584,9.939033162725305
620,5.9,7.667969362152208,5.6779378742644075,10.251032021840354
621,4.37,5.902791682405098,4.340885373618118,7.921467074737475
622,3.67,4.529493013508942,3.3127008486026828,6.089592823566839
623,4.459999999999999,4.085662696222938,3.0039062701675467,5.459682948240262
624,6.38,5.632700919385045,4.266123972115307,7.3539091975345485
625,5.84,7.534969432470323,5.817734288920653,9.684737792081853
626,10.319999999999999,5.464655580010572,4.15403806069359,7.1085493114379155
627,28.54,14.006390218644576,10.89333502955355,17.93428099306514
628,14.339999999999998,32.25688483253058,25.43044937064465,40.84644662124511
629,7.849999999999998,6.552547355554866,4.927004137423658,8.623912896860789
630,8.36,9.186314716025427,6.923909073895003,12.094674172341604
631,59.029999999999994,7.93322547500741,5.908638760100402,10.55112029423313
632,99.66999999999997,59.510073695971435,45.331213025974954,78.02812768228499
633,87.13999999999999,45.170488671503826,34.293787001219584,59.39912985511593
634,63.59999999999998,61.67893357900473,47.25970352771265,80.40639969628701
635,41.18000000000001,42.938895608782154,33.06044092112092,55.682370959040405
636,28.370000000000008,29.761715119149155,22.99038833027303,38.44426009468102
637,20.939999999999998,22.212493513155746,17.21616462374422,28.5792152864035
638,16.02,17.505323262261502,13.597136371410459,22.459874617017608
639,13.2,14.05752972732121,10.935089101344357,17.996858721701823
640,11.91,12.284796677641499,9.566102346748929,15.70302037350389
641,10.869999999999997,11.61224706606732,9.058034818256763,14.815094989211142
642,8.939999999999998,10.798348070960825,8.442265925058678,13.742331799205283
643,8.11,8.875721003920438,6.935339363843982,11.290572699594106
644,9.17,8.613484336240756,6.78776340556619,10.867217360133358
645,9.27,10.13009342165273,8.072568461049343,12.65423475243629
646,9.699999999999998,9.542678545625266,7.6439973757805895,11.858410997186374
647,9.49,10.396767663326406,8.381919209841719,12.844322282757506
648,65.97999999999998,9.683410226483527,7.857314724627683,11.885988317653519
649,41.35,91.71999576633773,75.66178349816846,111.14189420880196
650,61.05999999999999,24.06901781724682,19.616934983228937,29.48249678396243
651,59.34999999999999,49.41387128625958,40.25341179226768,60.60844176635891
652,55.91999999999998,43.946893692986755,35.63239713009931,54.148540934240984
653,36.16,43.49590428631055,35.13324275944051,53.79401645287502
654,60.010000000000005,28.658032030986174,22.91551255864016,35.779427653672506
655,44.620000000000005,50.20908850950682,39.67796058300699,63.46662291791459
656,39.04,34.70290782673076,26.89461206493763,44.69691180205637
657,45.050000000000004,33.188839074865385,25.283981548021355,43.47106748844276
658,29.43,38.39715049541041,28.586100777499254,51.46164335174719
659,22.809999999999995,26.859574703946,19.488279530001744,36.88292235803372
660,17.79,22.809594406075046,16.19942500191558,31.960217316489484
661,14.900000000000004,18.63853007088925,12.998648442812643,26.550649973157775
662,12.720000000000002,16.48386276298425,11.28666708771469,23.879444924532777
663,10.369999999999997,14.419410684263706,9.80897205206604,20.99637714897601
664,8.850000000000001,11.832488771566227,7.991614285080448,17.31403826403125
665,7.969999999999999,10.258045614575721,6.820546195579623,15.206488382039915
666,13.240000000000002,9.336680341862376,6.14222557337982,13.959897218603576
667,15.73,14.048626614866256,9.339967433923327,20.90153541980104
668,25.440000000000005,16.285293063186895,10.82991971263117,24.256414543645537
669,19.930000000000003,23.721631470959007,15.863924046641884,35.240619970511005
670,15.740000000000002,20.120695417804217,13.510883299773699,29.741324681359185
671,13.809999999999997,16.529847323800613,11.13686043329671,24.319195922589138
672,26.910000000000004,14.673278626654469,9.947945832099151,21.438151108539305
673,138.82,24.11317830985742,16.74982899240007,34.53114371370719
674,132.15000000000003,104.4436339795011,73.86627587757832,147.5095901522308
675,47.489999999999995,93.21134146965302,65.94376536059954,131.58556362495102
676,29.809999999999995,34.89440792414381,24.32573565459861,49.873488446559335
677,21.090000000000003,27.23514373140597,18.747681533792427,39.37047793022879
678,15.989999999999998,21.471998890293474,14.537186732640109,31.502070214840117
679,13.760000000000002,17.836080486982468,11.947863113338931,26.402045032941977
680,11.049999999999999,15.862780811123827,10.744339169912678,23.21195203664407
681,9.869999999999997,12.554809260856867,8.511060414489352,18.317809591274234
682,12.97,12.043897389253782,8.19569617039336,17.502488114948616
683,12.419999999999998,17.277328258003575,11.693423810153538,25.317621884144373
684,12.5,12.88876887345252,8.521350622020691,19.25951028145683
685,15.600000000000005,15.68264994723226,9.889893860918134,24.556797230200363
686,37.650000000000006,17.852136104878035,10.920093343332393,28.815457436467458
687,51.669999999999995,49.751240286106125,30.67644314189028,80.31242447394234
688,33.940000000000005,37.32888510216676,22.346557379225914,61.92591277214727
689,26.15,26.740202023960947,15.485196548023342,45.679383293275706
690,23.96,23.875578077717034,13.633480785654468,41.28620611626554
691,19.02,22.689512998895555,12.782569414514157,39.71759112882537
692,15.27,17.3763028900703,9.647731280653877,30.714597129358484
693,15.069999999999997,15.65511602942724,8.597295951674996,27.903233926559437
694,16.269999999999996,16.454341066510477,8.929119044183151,29.682885431266108
695,13.640000000000004,17.538136189040824,9.3607465300913,32.16966517473492
696,12.720000000000002,13.08281386220996,6.550379350933789,25.266977731804324
697,12.76,15.184589287594644,7.54452899740839,29.655982382126812
698,11.219999999999999,13.33293062207616,6.686939442834262,25.724927618462292
699,12.729999999999999,12.639906942930427,6.349876453072773,24.31295085021745
700,12.19,15.713290023291378,8.082076802595026,29.75662862957038
701,11.530000000000001,12.271731708064024,6.176417532958471,23.54412131427628
702,12.629999999999999,13.667243755981307,6.879278902693637,26.30301110725097
703,11.179999999999998,14.068955681513104,7.0612321900316335,27.16857522255726
704,10.469999999999999,11.363653811325479,5.5916610719469055,22.189896127525646
705,10.36,11.499162869644948,5.77895112146146,22.046201343347327
706,10.31,10.615494638350382,5.3037463910519325,20.40310020800692
707,45.88000000000001,11.199948098674804,5.676865028598855,21.291709203771774
708,45.9,73.21480895688569,40.34615239079652,132.21282755522037
709,27.83,23.816809461646827,13.44720187115035,41.62929509454172
710,20.210000000000004,22.443207109067913,13.225184544767062,37.634575026362285
711,14.900000000000004,17.567225852909512,10.686081588603074,28.50021127776166
712,12.550000000000004,14.517420912979695,9.075154510905863,22.899420255037857
713,12.039999999999997,13.293642043060162,8.535845846138574,20.425283729588525
714,11.599999999999996,13.440618916589962,8.862549305514342,20.143770057259115
715,14.160000000000002,12.871458450576096,8.672654135685859,18.89292254709728
716,16.640000000000004,16.165876750600678,11.189274429152457,23.17431212411399
717,14.98,16.97743459898099,11.960815045892332,23.935789424991974
718,19.690000000000005,15.046785996177995,10.712672745073169,20.984678169673018
719,23.189999999999998,21.140092356019714,15.305955642132979,29.06163516515992
720,42.07,21.01038603311304,15.26958243599886,28.776860914065292
721,45.52000000000001,36.554190370028266,26.893713612351767,49.56039629387366
722,26.540000000000003,32.7423918363697,24.220054995611612,44.144588583856
723,19.3,19.9120345271792,14.727228483520728,26.80611908348375
724,15.520000000000003,17.799582440376696,13.225143629372567,23.84504263301476
725,15.150000000000002,15.1272016987439,11.273546656515189,20.190829505985203
726,13.519999999999998,15.911543345925342,11.946099600070895,21.091618879523033
727,11.179999999999998,13.909769253919803,10.547439394661042,18.251126730997456
728,9.539999999999997,12.180750191589663,9.328491157430738,15.820673316653895
729,9.780000000000001,10.982166260969931,8.486936239163391,14.133685384417332
730,10.78,11.61922810303561,9.086155516994044,14.788465451294485
731,19.640000000000004,12.444811724884236,9.820843817740576,15.705070820930533
732,46.449999999999996,21.904128986740297,17.515143281339054,27.333516876964563
733,36.29999999999999,41.61315084906916,33.48194869809621,51.66177504016125
734,28.950000000000003,23.61942340502931,18.926349475078016,29.417814841307344
735,24.880000000000003,25.230244579887326,20.21456416043209,31.431763646785896
736,23.709999999999997,21.16435843961982,16.91587408530046,26.420307973866166
737,18.529999999999998,26.781610944964818,21.27134725281374,33.65519611077315
738,14.82,14.508009124011854,11.459321046635917,18.302684800418618
739,12.039999999999997,15.571933958082276,12.356692604431457,19.561152617971057
740,10.42,12.298094229131683,9.73743487096036,15.469418650922982
741,12.95,11.641881147765412,9.234220624953945,14.615957952337551
742,34.88999999999999,15.544253462011422,12.425603430464356,19.38733856790301
743,87.64,43.316742821164155,34.876332563138,53.74287793549827
744,32.0,81.25220537751693,65.41465254519898,100.86645612368393
745,22.309999999999995,14.012646126172873,10.972602488962574,17.82460759199753
746,17.7,29.450178997539158,23.0814934836501,37.50315187518156
747,15.46,15.540773555433592,12.13006336017138,19.837461503960338
748,13.209999999999999,18.194297527486185,14.237528361525488,23.178531375463724
749,11.599999999999996,13.888895411885951,10.872259887671685,17.67203116200928
750,9.34,13.983731344973654,10.998612119541455,17.711514530309366
751,8.000000000000002,10.816221765940321,8.519105664022577,13.667669605726383
752,6.7,10.122354798281199,8.017547011576923,12.718450937935934
753,5.73,8.24076444735835,6.5443400357631,10.318647776581136
754,5.2700000000000005,7.383235782601249,5.895202709212648,9.192396822908048
755,4.94,6.761110864184875,5.423670895187835,8.377012432453885
756,4.25,6.201394462960069,4.990085453430719,7.657653152752598
757,3.8,5.151520707209455,4.157337572577749,6.337353135934606
758,3.49,4.7162921168180025,3.8187395393675967,5.781025473122788
759,3.1799999999999997,4.238355530108428,3.452061970480644,5.163519025961601
760,3.0600000000000005,3.7980532284936785,3.107042460466551,4.605326705301079
761,3.7,3.6928624316704113,3.046574930140097,4.442369950584621
762,9.379999999999999,4.6777288690477565,3.927475507149925,5.542215189835438
763,15.520000000000003,13.412894920422588,11.558591398551933,15.540990418009436
764,11.119999999999997,16.26065464396173,14.045386600212453,18.802096593111845
765,9.32,9.542884033882768,8.173747837054936,11.11635699238749
766,8.99,9.824943007834907,8.399106602367802,11.467077572389089
767,9.060000000000002,9.147429301781605,7.74632160925197,10.772985951686547
768,8.21,9.527123582868542,8.007514071136947,11.303098285917972
769,6.800000000000002,8.163072532700545,6.804691502363719,9.75787533871167
770,5.750000000000001,6.887372583754982,5.693216343607394,8.294581719950878
771,5.0,6.0230317313995885,4.937945222862848,7.306404463001348
772,4.2,5.342899775181424,4.336279200012621,6.5394064009809325
773,3.660000000000001,4.510353691577129,3.649749507929034,5.530243780766935
774,3.38,4.037284966897964,3.262338824418139,4.953125943993933
775,3.2300000000000004,3.3122887940105725,2.536161921907368,4.258762198570014
776,3.33,3.5804604278279477,2.6207026653382792,4.794625980130734
777,3.33,3.449757852555263,2.3300421369898525,4.945974294570184
778,3.04,3.593102201675138,2.352433701051585,5.292917240515589
779,2.91,2.9000220896443465,1.6443942941112635,4.751854908167443
780,3.0600000000000005,3.279423667179236,1.822813626961259,5.487664204359149
781,2.8699999999999997,3.201682517225949,1.4650388863877435,6.161808307792041
782,3.5199999999999996,2.8950594986659612,1.2944327465322902,5.61230472807603
783,15.91,4.545685437532098,1.9798941104798797,9.320711351418751
784,14.390000000000002,33.75042915321272,17.96444307305483,62.67665645020893
785,9.41,6.028119720702397,2.9753286030292654,11.425253794337035
786,8.650000000000002,8.208895985758984,4.391125531862646,14.73025238891591
787,7.5,7.383148959900003,4.071090692117489,12.858396694247936
788,6.080000000000001,6.674943853282664,3.7764325554541225,11.332376196493982
789,5.2700000000000005,5.5472292719112,3.1736977542770983,9.270559504468826
790,4.8,5.223585202493137,3.061011145231597,8.537775540993405
791,4.34,4.85750768513616,2.9259196911676093,7.739454441368082
792,4.14,4.53621889761303,2.8141000960240645,7.035898091462739
793,4.33,4.480450030095505,2.8696930683804243,6.761683420784704
794,6.660000000000002,4.7481196106625285,3.173080444211232,6.9176233241121485
795,8.09,7.5385277108081645,5.346094616756289,10.488397175128151
796,7.4,7.556334032871847,5.426458815589971,10.39209853869732
797,6.440000000000001,6.703035788825094,4.811767137318801,9.209762187976208
798,5.789999999999999,6.011023766374017,4.35068808217402,8.18656694200151
799,5.02,5.605385191851604,4.097516901237875,7.559287664575887
800,4.38,4.9458657108717405,3.6432647599752306,6.613892568966691
801,4.119999999999999,4.515975961455591,3.3417819975345173,6.00771960099179
802,4.03,4.38564624429948,3.265410791323129,5.800091922621056
803,4.670000000000001,4.31046269900038,3.2401228687255372,5.650989829912839
804,5.150000000000001,5.019692662923963,3.8397160107227473,6.487360761618143
805,4.57,5.157991806258837,3.980335167087482,6.614118691559315
806,4.37,4.506816409095547,3.473836004121071,5.778305448735737
807,5.0,4.6096304011639075,3.5743887261328586,5.879160281654731
808,7.33,5.254115602957238,4.132710328171706,6.6205278448054825
809,8.059999999999999,7.321850117319981,5.864340877824216,9.088833087946774
810,8.179999999999998,6.890780661705501,5.539487610799204,8.521299397879897
811,7.950000000000001,7.300009417243741,5.889614212083184,8.999131185823646
812,6.59,6.946108924418293,5.5951946286376195,8.573735210868692
813,6.440000000000001,6.429150871576983,4.441020135711982,9.143737993248736
814,6.01,5.991819903866586,4.200482947672454,8.400193416648802
815,6.059999999999999,5.712440966016708,4.1248401951415,7.791857308053151
816,6.180000000000001,6.45923984095655,4.815425533833472,8.56770208494717
817,10.48,6.014319799978397,4.542824272016847,7.876464387435199
818,12.440000000000001,12.30815461185849,9.649466758231334,15.630595990755914
819,9.53,10.357138966901877,8.186861689807506,13.040116186425756
820,7.959999999999999,7.983911630342096,6.330962493907836,10.009559556315835
821,7.860000000000001,7.278493134290899,5.811469216029629,9.06147813356035
822,8.120000000000001,7.596634066024244,6.12898794643056,9.366424774519482
823,8.39,7.7604409607427165,6.309324798166536,9.49964640316839
824,13.020000000000001,8.046159776616502,6.592428365484461,9.778238893381076
825,12.079999999999998,14.714387293006391,12.27075386703348,17.607983424968886
826,10.989999999999998,9.602034749524595,7.990890429190243,11.501891966694842
827,10.929999999999998,10.344814826669825,8.659804067535193,12.323750932379728
828,10.410000000000002,10.193930431957105,8.56723552320934,12.097208510391305
829,8.669999999999998,9.684466461445187,8.166476224453575,11.453839487545512
830,7.550000000000001,7.8993509851445065,6.664434142930728,9.333241369141515
831,6.21,7.282135692657372,6.160559277091454,8.579387444084022
832,5.4,5.931428741372171,5.013021941018547,6.9901096101076075
833,5.01,5.474892647333819,4.636764497088594,6.4376417209112695
834,5.43,5.169217584356566,4.388167270861259,6.06348628205278
835,8.92,5.890961341759849,5.023021891428635,6.88397403655549
836,17.910000000000004,10.122327745252639,8.68518799028017,11.77271794795984
837,30.970000000000006,18.911305144020055,16.29983637755726,21.916983946310577
838,40.58,31.638288822311907,27.404283319428345,36.50342458103919
839,40.43000000000001,39.126576243298366,34.061749520823405,44.92303986579342
840,33.32999999999999,35.798573340051064,31.246804570969545,40.99284294612522
841,32.67,28.121668858768892,24.515247447953353,32.23783548835682
842,32.71000000000001,31.750127435055603,27.676482532959756,36.40245498308957
843,29.659999999999997,29.907199764040357,26.10103095530561,34.24792096764439
844,29.170000000000005,26.893881771870074,23.51547265892183,30.737860049779858
845,27.169999999999998,28.126681496241407,24.593047788100016,32.14820423138328
846,22.419999999999998,24.537588026113568,21.44243043493086,28.059615627745096
847,21.06,19.82890393012435,17.278681547904025,22.734930650952638
848,19.78,20.69053972683026,18.029872226095524,23.723209281249748
849,23.530000000000005,18.489297411503074,16.107909503357376,21.202169909741418
850,36.88999999999999,26.018504879511152,22.65198523036054,29.864200142790303
851,42.97,42.70763511481824,37.12980024412977,49.101426052558445
852,35.099999999999994,39.76349521814502,34.469701498825316,45.847378810187124
853,29.019999999999996,29.992267608462,25.95651090755957,34.632232035087256
854,26.35,27.016647199486727,23.092215771018267,31.580337473348635
855,28.239999999999995,24.017073234927416,19.198075129629196,29.985821630281826
856,29.039999999999996,31.262215175768368,24.172391902117543,40.34889255240067
857,33.76,26.212563470590247,20.271194862491768,33.81344679638536
858,24.97,39.556860062456565,30.608801756858625,51.03800228740955
859,19.46,17.279626982398902,13.427949311050337,22.159546475515075
860,17.910000000000004,20.786543508196356,16.37884237958744,26.312145864907762
861,19.690000000000005,16.29412436293138,12.957290807082366,20.42871002793542
862,26.25,21.949374957718103,17.650917612943545,27.238493240913385
863,30.49,28.468183252548126,23.128440366840547,34.98963758134797
864,42.940000000000005,30.473438539513527,24.90609073408131,37.237237091019686
865,48.39,51.07651189619196,41.76289862929909,62.41859832242794
866,53.889999999999986,42.52807830759147,34.878163165554426,51.809102640205815
867,54.66999999999999,56.31658547088877,45.96611138421855,68.94811520941843
868,48.92999999999999,46.45769308677416,37.22162501012615,57.9256116798216
869,32.559999999999995,43.7360982361539,34.46585857811285,55.42943849750455
870,22.609999999999996,27.348874580334392,21.049458841531333,35.4480006401697
871,21.55,22.479259807084077,17.020798557540008,29.59107726710018
872,25.259999999999998,23.387123118155586,17.522977260133715,31.107785137764907
873,32.120000000000005,27.866715877294347,20.767246475476103,37.28170395733122
874,39.050000000000004,34.16504259891259,25.368293600815907,45.896482559837466
875,37.81,38.90217444156451,28.806413615199144,52.41748073821079
876,42.85,34.424108351581864,25.4654825085536,46.41524935731063
877,46.120000000000005,43.875132864374216,32.55368494662465,59.01658395489631
878,47.220000000000006,42.066184973384516,31.44038526998682,56.17244948621797
879,35.54999999999999,44.897247079484124,33.75214096770415,59.61661902882124
880,34.31999999999999,29.947408303095404,22.512001699383873,39.73417877915498
881,44.82000000000001,35.74370380306779,26.941553429520287,47.31870828417135
882,60.73999999999999,46.0597031134327,34.86424399529667,60.74996069664421
883,74.28999999999999,61.10279244586526,46.599943822391296,80.02439876746197
884,73.05,70.58692902460128,54.25775880755152,91.74151753098175
885,60.00000000000001,64.83252086659596,50.09003695516307,83.82907944369404
886,49.830000000000005,51.8835568406726,40.41325360790335,66.53081056125785
887,36.190000000000005,45.53078156004733,35.6181512693346,58.126787058799096
888,25.920000000000005,31.47191505813238,24.764050178389933,39.92622317693601
889,21.4,24.804502811228367,19.63965351671101,31.261799588620292
890,21.929999999999996,21.66773902033365,17.305592201824727,27.069367362107947
891,22.440000000000005,23.850844173891375,19.237567004974874,29.515746087621046
892,19.930000000000003,23.05911640847384,18.735900881222005,28.32934685070503
893,23.490000000000002,19.626861015394965,16.01962948722799,23.99862853464015
894,42.96,28.195340792962856,23.177483165447523,34.25461762022341
895,52.85999999999999,54.323536335565585,44.89094268139051,65.6949400870295
896,45.93999999999999,47.38369517078796,39.23137810429676,57.18796344263711
897,43.57,42.988436875873404,35.54946874612517,51.94146933360935
898,41.029999999999994,42.744446576166155,35.42501783172099,51.53467864025595
899,42.61999999999999,39.32366122373325,32.47852095444899,47.568383791468776
900,42.64,44.04592417840808,36.315745954491305,53.3774546959757
901,44.18999999999999,40.36337165824173,33.36574666892571,48.785867637931936
902,57.12000000000001,44.897912529307824,37.101130368933084,54.2901804788891
903,62.440000000000026,61.433673228776044,50.92261177446,74.0725631786292
904,57.15999999999998,56.22697935166428,46.666734859487825,67.70466742414081
905,56.44999999999998,52.639306601557394,43.84516057750259,63.15798662875716
906,66.81,54.88116880764736,45.7935959559864,65.73359812411012
907,76.09000000000003,70.74733482450269,59.309686417557785,84.35411739300085
908,79.73,71.31905190782669,59.79726119831253,85.0243564555848
909,76.98,78.41907877959312,65.683795454399,93.58654881923238
910,73.04000000000002,68.62181610446528,57.146511006716835,82.36179065196282
911,68.27000000000001,71.59840373199269,59.308043189091045,86.39345443373267
912,54.06000000000001,61.54286458571116,50.614842796067784,74.78459409518155
913,44.08,46.93784147756531,38.358361352403435,57.387508182879415
914,41.95000000000001,41.922646966089424,33.72761014693375,52.05155220242574
915,38.14999999999999,42.84143110700377,34.14948422023445,53.68276773187133
916,36.089999999999996,35.672830297031936,28.196521368537788,45.063586309434996
917,36.69,38.292699604032684,30.473335285934567,48.054738817678675
918,31.950000000000003,36.7073652311055,29.42617066634974,45.731000370167976
919,27.569999999999997,29.91584858308088,23.720145964481507,37.66440331644018
920,28.709999999999997,27.317909949798782,21.550244111828196,34.56076909625529
921,29.16,31.28351786397625,24.77646646377494,39.433219469331426
922,25.63,28.096151520554393,21.987829200209557,35.8275762767257
923,25.309999999999995,24.597830499912387,19.079190923147,31.63323352072336
924,27.569999999999997,27.18337430474961,20.666187840869735,35.66092960309787
925,25.360000000000003,28.82723290277297,21.632202281532035,38.309644354064105
926,21.069999999999997,23.546737119457767,17.301317209197183,31.923439134149476
927,17.519999999999996,20.001761878285226,14.586715679920392,27.29807196396152
928,15.130000000000006,16.237539709002977,11.981633333991496,21.888704955287334
929,15.810000000000006,14.724393076045036,10.931038745770815,19.723806441213505
930,16.21,17.409551937484288,12.927291712010309,23.334350823331174
931,15.789999999999996,15.62480444433691,11.47997739536348,21.14620379962592
932,13.030000000000001,16.473589685803034,11.17314375852194,24.081962602639543
933,10.11,10.689412093261671,7.33411092843836,15.395552718146522
934,9.979999999999999,9.80294765476106,6.666267146457137,14.22301216511096
935,11.85,10.284349609668451,7.187708747087967,14.552158735313212
936,14.750000000000002,13.584218941286982,9.684994985778578,18.906367987115658
937,14.780000000000003,16.16618662745425,11.788111937933275,22.04311729196615
938,14.699999999999998,13.921358625934694,9.967660766752863,19.300312708310877
939,14.71,15.719310025175748,11.092604048055053,22.11622266032121
940,13.769999999999998,14.047094071434293,9.325302626848769,20.92817471575589
941,14.970000000000002,13.75698010253579,9.084732519993894,20.593875823170475
942,18.020000000000003,16.487611625101326,10.49760337006819,25.59828753064434
943,20.939999999999998,19.964862451163967,13.001126945419937,30.392148597010102
944,19.540000000000003,22.16920822081829,13.994124849450465,34.80150325340982
945,17.579999999999995,17.529415741426813,11.558257865460297,26.33971952136304
946,15.96,17.98266624589325,10.952653628581556,29.147415712048648
947,14.030000000000001,14.66700112398236,9.338101126604931,22.742747455544844
948,17.650000000000002,13.918089741953299,7.981798484802969,23.777821716388043
949,22.539999999999996,22.453874885119035,13.983707928585087,35.71215761469811
950,29.030000000000005,22.371919528611976,14.155313139059933,35.04324222401365
951,14.390000000000002,35.44080481562533,22.102496727211143,56.48003219264193
952,12.76,11.22545267789256,6.984323857207933,17.719392631407636
953,15.54,14.551142922838231,9.379729785785774,22.299069551667895
954,17.529999999999998,16.500506490372018,10.847858533856424,24.850049318563595
955,14.799999999999997,17.747053288551218,11.823843384626018,26.40613687041129
956,13.63,14.501224467198,9.656418201732526,21.54866085711537
957,12.95,14.580096393897215,9.67618935367405,21.736521019046357
958,10.38,13.84059954501658,9.072542296474499,20.865720527441617
959,16.11,11.548209047947047,7.4738181405346875,17.58165324055972
960,9.000000000000002,17.70941445049558,11.467354780739862,27.076700730549028
961,7.67,11.018553770187593,6.890434642263262,17.30642306485897
962,6.290000000000001,10.370684661988276,6.427468852337827,16.407339196270083
963,5.93,7.929346802022156,4.952710515501841,12.39444175945476
964,16.269999999999996,7.134515656702762,4.566755997711142,10.88669756611379
965,7.750000000000002,17.579380226541236,11.700716670304118,26.17904655014447
966,5.73,10.003491831689242,6.668669675287418,14.78850538838915
967,5.349999999999999,8.059681513453148,5.473233810681479,11.67957121983886
968,4.700000000000001,6.802369547830231,4.7062770423337845,9.66842182902685
969,6.069999999999999,5.749308143364881,4.040368525067478,8.037664644467965
970,5.359999999999999,6.258861128445477,4.52396953454729,8.538623367222277
971,5.39,5.985014671808655,4.399776595796313,8.035638623154368
972,4.48,5.880944731185338,4.403581409731101,7.7622257912800485
973,4.2,5.248792106993045,3.973553622997783,6.85100669586889
974,3.2300000000000004,4.793415386186855,3.6696777005612695,6.187575672058142
975,2.8300000000000005,3.9794376316641467,3.048326730643926,5.12470306310706
976,2.8199999999999994,3.3759941791606956,2.5835399747303507,4.343689533556608
977,2.44,3.1400941938401186,2.4143099702842243,4.020159295156734
978,4.819999999999999,2.7942803166882486,2.1500685162566735,3.570238090794218
979,4.45,4.168566342054786,3.324073260028478,5.177989230470544
980,4.93,4.443379237506917,3.5887116368048773,5.457232414794546
981,5.039999999999999,4.907343743204662,3.9931179779634656,5.988961657704017
982,4.870000000000001,5.12202661218917,4.162822027691668,6.2594425373035
983,4.360000000000001,5.115922195236187,4.119268554892645,6.3066110709183185
984,3.92,4.767739271305042,3.7872612512663144,5.9490287986591
985,10.64,4.341116789186517,3.4040380252383695,5.477584524076864
986,5.83,7.672523569256189,6.112851930038965,9.574192433511275
987,5.62,6.519214990902636,5.136216550326081,8.213917666645981
988,5.41,6.099329601121688,4.755120657971881,7.757502019622974
989,3.37,5.804256532891412,4.467518190165627,7.467810321814948
990,41.95000000000001,4.486936566353483,3.3184768598833667,5.971548965067295
991,130.04999999999998,9.434257189258142,7.063055464622854,12.502787320424039
992,37.89000000000001,22.548645200846806,16.471805081601946,30.739061202056465
993,30.839999999999993,13.432203065834463,9.368500084517224,19.08858404163093
994,18.469999999999995,22.805280586600677,15.904470704862181,32.523166368278616
995,13.330000000000002,7.231385643312159,4.607647291609397,11.082733824986986
996,10.050000000000002,16.287947469910733,10.647321290161164,24.660245843382025
997,8.929999999999998,5.707539190540493,3.4767740704497054,9.049888889773058
998,8.11,11.062921067399792,6.99202523108572,17.207408068774278
999,15.199999999999996,5.890787152821657,3.533981937154209,9.472681242152248
1000,49.60999999999999,17.369832852351394,11.09245098123649,26.905902578967755
1001,46.61999999999999,32.998299784574634,21.08768119845809,51.331631277007844
1002,32.24,22.321539428338873,14.119827537025438,34.97224902041219
1003,113.71999999999997,21.38453427466514,13.634934710428462,33.23775948495425
1004,41.71,128.7267176043035,84.28936960838081,196.31675046561764
1005,25.110000000000003,20.902079703880418,13.670686104272546,31.69793191304305
1006,18.320000000000004,19.833159835484558,13.226820674526882,29.507205978069344
1007,14.649999999999999,15.39182645253128,10.339102983664016,22.69605204547507
1008,17.840000000000003,13.454307653238383,9.041457611360125,19.806442433029034
1009,16.719999999999995,16.96299783749026,11.459278218571296,24.897912033838523
1010,16.049999999999997,15.028175089812546,9.969360854688246,22.419996854227723
1011,13.489999999999998,15.522376335686182,10.12972100931056,23.527921189549502
1012,12.440000000000001,13.18289521020241,8.385727973182634,20.431956809139482
1013,24.65,13.59702250359652,8.46254181659751,21.517529655379523
1014,17.009999999999998,25.68679343903148,15.986741953574718,40.9259294103576
1015,13.96,12.702414727555595,7.463173481417607,21.18507865615473
1016,12.070000000000004,16.9929242566069,9.841204210908359,28.862487322048803
1017,11.389999999999999,13.233888408919753,7.383151851243664,23.167948145603887
1018,24.17,14.695258476829917,8.060040678570143,26.189849073986604
1019,37.580000000000005,26.247110278507407,14.325346615483433,47.44295122037114
1020,27.459999999999997,27.897202099881536,14.745247347706178,52.03494259320421
1021,19.259999999999998,21.13400213666343,10.671225742665694,40.97622952273781
1022,15.300000000000004,19.970146718937034,9.949960353418533,39.15969366285956
1023,18.88,17.259701837800254,8.556178587135898,33.890171648131044
1024,16.550000000000004,20.844281178698758,10.23357098951909,41.47737613081845
1025,26.45,17.295694689928155,8.297289166808474,35.003230423559096
1026,23.060000000000002,25.475029582476203,12.361005564217278,51.46066158898813
1027,19.930000000000003,20.724857419470762,9.954773716218785,42.083448560655576
1028,21.880000000000003,19.651600064277634,9.420909656178427,39.926233820865356
1029,36.20000000000001,21.528511064853177,10.307684524067117,43.88397334741557
1030,40.14,30.26508950638318,14.494459823794246,62.08744112144094
1031,143.72000000000006,30.33340340643112,14.356764485019966,62.93157686229067
1032,87.60999999999997,92.20414379065973,45.87496109936205,184.32308541730615
1033,42.05,65.10923610333542,32.79335598652944,128.32811703900228
1034,27.919999999999995,31.783363321592226,15.757367892242698,63.13590234377084
1035,23.570000000000004,26.217660144894044,13.195523480044692,51.18553756079035
1036,22.700000000000003,23.358314727738065,11.726014647465922,45.623197663353935
1037,27.309999999999995,22.786555353964197,11.347335451213072,44.823669231535725
1038,68.15,26.642032092841358,13.278646639849033,52.51221005002405
1039,49.60999999999999,58.31388447226733,29.78021755259212,113.29863629710441
1040,30.599999999999998,36.14106272654371,18.332348669238044,70.354937988061
1041,24.790000000000003,26.86726626722408,13.506435344136056,52.5337945391446
1042,20.66,24.37344219801673,12.253709159588515,47.575954189422106
1043,20.169999999999998,21.52869817894425,10.81387456565988,41.96153974016876
1044,19.5,21.867968272634442,11.11170365755003,42.176747690010544
1045,22.099999999999998,21.51837941956836,11.006353754397178,41.23408888797144
1046,132.58000000000007,24.05724951848039,12.522195713913932,45.43223384093833
1047,54.48000000000001,108.10755058404362,57.85674259248577,201.261577350179
1048,261.54999999999995,31.146181172204777,16.367939570293206,58.499110978238356
1049,277.4400000000001,121.03724073655553,65.6481653852096,222.45833588237147
1050,58.38999999999998,165.22725526576554,90.8655362489058,299.7820072842506
1051,29.189999999999994,46.136188183560044,25.04637156891538,84.30248563018966
1052,22.750000000000004,30.712445422761874,16.62477073770708,56.0605546964684
1053,19.31,26.84832144928038,14.581335586463847,48.77294810440922
1054,16.980000000000004,24.271672785907256,13.241593177734119,43.84452247916112
1055,15.420000000000002,22.76332326585662,12.499721873229477,40.830160498152026
1056,14.540000000000001,21.235667530803727,11.809699905669394,37.59769660346325
1057,14.470000000000004,20.581547702986228,11.613452492009094,35.92590918714298
1058,13.830000000000002,20.133466734272343,11.542480496287032,34.60885873737737
1059,16.049999999999997,19.070387207523588,11.132879910362,32.200727744441004
1060,22.79,21.143419074840608,12.606257369036326,35.037169886250865
1061,32.36,27.181090556371913,16.510927640194577,44.35304361166383
1062,218.29999999999993,34.01877481965995,20.993758737185846,54.757390290758444
1063,92.4,155.78872421475305,97.71267529538949,248.03290248519946
1064,73.85000000000001,61.52524322691681,38.29869577387094,98.47928203725291
1065,129.16,56.63155017186195,35.27814537812741,90.55362107386989
1066,73.41999999999999,86.67408240372886,54.32983260692612,137.9258626525037
1067,28.980000000000004,57.551891815393354,36.02470437981379,91.59558158770012
1068,17.22,30.32985809141273,18.886523958968578,48.35804819652196
1069,10.250000000000002,22.350270021898506,13.89709870250243,35.60008710313391
1070,8.500000000000002,15.499552025069605,9.651815919743107,24.557634405171367
1071,7.76,13.320431380695233,8.343841221964906,20.947585586870215
1072,8.430000000000001,11.791182829394213,7.445903040388771,18.372038418222008
1073,7.570000000000002,12.139425729639656,7.779968129581873,18.66345503271644
1074,7.239999999999998,10.704646801767577,6.916333195294689,16.305835084803824
1075,8.31,10.115478751778785,6.622906800892484,15.208235402639325
1076,8.14,11.1043763060038,7.399112427046864,16.444215329888294
1077,7.739999999999998,10.677606323845215,7.195129135774376,15.639943946633633
1078,6.909999999999999,9.908461727356377,6.723504788221342,14.406805656244345
1079,6.410000000000001,8.715416929524078,5.923174901346212,12.63382082057887
1080,6.24,7.711366605017002,5.1591585900258625,11.321148581869329
1081,5.97,7.465576217500811,4.902200768044452,11.142247190628876
1082,6.950000000000001,7.070149745798421,4.593686698156138,10.643004056891211
1083,7.029999999999999,8.108982002512226,5.222079203229011,12.335341838630354
1084,6.499999999999999,7.947714173236669,5.076979790912509,12.174568894513046
1085,6.440000000000001,7.300154842746467,4.622427267982548,11.253172363097159
1086,9.470000000000002,7.233366808201181,4.625207415363383,11.050814128781747
1087,10.690000000000001,10.462814416671808,6.894835265653557,15.643300326062178
1088,8.62,11.254002564860158,7.498169876535226,16.669754905019744
1089,8.02,9.049168010818722,6.015387968701124,13.394895643720112
1090,6.619999999999999,8.616698232433134,5.758444095287958,12.683753773765915
1091,6.269999999999999,7.18462252375231,4.775479913888901,10.598697745484401
1092,6.109999999999999,6.9542369851990085,4.661350431747945,10.175758642655374
1093,5.53,6.484284913051704,3.957742417559742,10.298392684004012
1094,5.849999999999999,5.566978422079654,2.967337535093304,9.870062154932214
1095,5.19,6.607106138329922,3.0464235475155492,13.301039700934671
1096,5.379999999999999,4.710206184668176,1.964036796683966,10.000691593269474
1097,5.81,6.113430403462044,2.685066088098577,12.731339111751796
1098,7.440000000000003,5.924141894368345,2.6497265703550075,12.136255565765135
1099,7.65,8.980975967992311,4.2977359024218895,17.804236962453768
1100,7.609999999999998,7.548454103926353,3.5618200539632667,15.019059652177095
1101,9.05,7.614771116131465,3.662350499625833,14.91778254107855
1102,13.310000000000002,8.918338561736059,4.528745343411724,16.79308572105718
1103,12.550000000000004,13.289796865817678,7.164078076676644,24.011800787365313
1104,10.750000000000002,10.376718266135331,5.633940586252667,18.510231788212113
1105,10.550000000000002,9.732912417496427,5.380682888656226,17.053774332908308
1106,30.259999999999998,9.900614119644722,5.630382823260341,16.921044885756558
1107,91.30000000000003,37.28483120838508,22.74800445072308,60.720061729646
1108,76.61000000000001,110.58282050443513,69.31682278979518,176.06610363988057
1109,39.239999999999995,49.358898283489644,31.749530639349175,76.43679334688792
1110,29.86,27.11061802064639,17.7214852035144,41.20855540640289
1111,25.429999999999996,26.730804961525056,17.903369960421646,39.680447212545054
1112,20.59,21.164243754282133,14.398726244460104,30.90222966500035
1113,18.18,18.02569119277542,12.432898861892719,25.94704464646352
1114,16.049999999999997,16.712662137466676,11.710435050482225,23.683529615624174
1115,33.71000000000001,14.604918895780939,10.386695740568715,20.38579086435997
1116,28.31,50.52846452068253,37.31235366613043,68.30356404092502
1117,20.180000000000003,17.53046278180335,13.024859524647542,23.483528715873433
1118,15.450000000000003,19.25019172098932,14.587728507410517,25.307249612531685
1119,12.650000000000002,13.275506149184492,10.05899693308243,17.427537058607598
1120,10.8,12.409872835054369,9.519228757810058,16.09485491688897
1121,9.570000000000002,10.381645358814783,8.011531346591596,13.375120730487868
1122,8.95,9.702424504308832,7.545861632230832,12.403199723996686
1123,8.66,9.172391045382208,7.147163316839309,11.70105134216411
1124,8.47,9.088912352557024,7.135430388408313,11.511464986856346
1125,9.93,8.84479024871386,6.989059858092483,11.131577026926006
1126,11.83,11.2328053794264,8.986483131432752,13.984406971050934
1127,9.93,12.491666402045935,10.068205942891176,15.445760337609649
1128,9.03,9.314713569030534,7.48251890352241,11.54265592817745
1129,9.03,9.806025754543358,7.900673837946057,12.119253073854972
1130,8.680000000000001,9.651026232506025,7.776091508068687,11.926524262108186
1131,8.709999999999999,9.335449632787075,7.523131454794335,11.533130537578469
1132,8.250000000000002,9.612275848377646,7.752121339472971,11.86778305667791
1133,8.36,8.778484291819934,7.071356714416554,10.846676888233787
1134,8.400000000000002,9.513672573087646,7.673357774634633,11.7444657359072
1135,8.179999999999998,9.108494062166042,7.342225261901195,11.248728486331823
1136,8.51,8.958405941186047,7.219299390517486,11.06548687152833
1137,8.39,9.409399038008559,7.602111196520029,11.5963947520614
1138,8.16,8.939058392705098,7.2285534919558,11.005133323879265
1139,8.280000000000001,8.377274223505687,6.7966766969916055,10.27830167650196
1140,8.88,8.596186839752269,7.004668312241835,10.50413711991075
1141,8.77,9.276124455231686,7.550989368183394,11.349300095299329
1142,8.47,9.03346771894455,7.349903365144209,11.056483777685454
1143,8.35,8.746852552374262,7.161886117330045,10.639605516672153
1144,8.07,8.668077354876774,7.130513329683607,10.496410613906278
1145,8.040000000000001,8.36705885994583,6.9194512079971,10.079276755577153
1146,7.990000000000002,8.277682824563538,5.289406233271668,12.685775000166585
1147,7.5,8.040195059911973,5.255074451531148,12.06541230716315
1148,6.9799999999999995,7.195666493957882,4.745779527926724,10.690136900261605
1149,6.6899999999999995,6.981109849861841,4.660200077741127,10.25368601121647
1150,6.290000000000001,6.700898467263286,4.516818946983965,9.749643548755456
1151,6.02,6.3262049050297104,4.273136408210065,9.178625045032822
1152,6.09,6.244542483076801,4.26638437915228,8.965735884541104
1153,7.76,6.459050725408576,4.40017815067746,9.302889306945996
1154,19.06,9.20402545769859,6.384118329852234,13.100821640468562
1155,26.079999999999995,28.222582057759418,19.993783154602443,39.676770634132716
1156,33.11000000000001,17.045772047036312,11.964301951839504,24.118968223922824
1157,26.649999999999995,35.32002781210815,25.73993978210806,48.33236316242422
1158,19.5,21.540989693655817,16.05495458227423,28.791707384408905
1159,14.079999999999998,17.084168633180614,12.998767508544063,22.361853459864125
1160,10.98,12.144177456365114,9.363784647903193,15.670493152264765
1161,9.670000000000002,10.259970793940827,8.01763171915649,13.059893576166148
1162,8.669999999999998,9.395945205581942,7.436640819429934,11.810273547329336
1163,8.290000000000001,8.500663162269207,6.799783758940356,10.572449097635218
1164,8.13,8.404028904985298,6.812808297732373,10.319330549997881
1165,7.690000000000001,8.231215157477438,6.74816940141989,9.998124701303647
1166,7.440000000000003,7.731065954136081,6.406185746990548,9.29295177027532
1167,7.300000000000001,7.618230224705584,6.375124504389142,9.070866215455265
1168,8.45,7.480024109844267,6.327580002231064,8.813718701350922
1169,11.190000000000001,9.139147316296109,7.852504106430253,10.612794195360088
1170,11.089999999999998,11.999455110028862,10.441063651609449,13.770115638145562
1171,9.989999999999998,10.392165093341104,9.113560537021254,11.832416935545833
1172,9.739999999999998,9.750257301980653,8.612542117555133,11.02262946112137
1173,10.130000000000003,9.747018235695583,8.687868219041892,10.921962432494352
1174,9.920000000000002,10.261731652633525,9.234875023282505,11.391611966674732
1175,9.5,9.737865994390875,8.826877047413296,10.73330708801801
1176,9.699999999999998,9.445152477640162,8.619483290812575,10.34169133443512
1177,19.06,9.856985560296016,9.049441941309409,10.72942101112508
1178,24.46,23.114623700661674,21.354805747925997,25.01297827329431
1179,18.220000000000002,21.10629785035642,19.51857394418949,22.816879573497893
1180,15.339999999999996,15.030676249396027,13.892694774389074,16.25561323225949
1181,20.8,14.293507782016855,13.210628149533395,15.458905110840572
1182,28.730000000000004,22.050741049342076,20.348316791611573,23.888925347622852
1183,26.400000000000002,27.388918467190575,25.218173304904052,29.739391427626515
1184,24.97,21.594716698999463,19.74553117814548,23.608732277043703
1185,20.909999999999997,23.342441105165594,21.282258518702967,25.593104934182755
1186,16.500000000000004,17.52729805374429,15.913785146849907,19.294734158675723
1187,13.7,15.395326940268948,13.927454232812234,17.00754109079371
1188,12.82,12.786632361553536,11.522286426786346,14.178636344402332
1189,16.48,13.165603432840523,11.838513645437043,14.629871662583126
1190,17.429999999999996,18.636382175986604,16.73860825125968,20.737190398464463
1191,15.829999999999998,15.743968038994101,14.096932251031914,17.570691119826193
1192,13.320000000000002,15.20399427684864,13.591483705199556,16.994704022496283
1193,22.529999999999998,12.063302713636478,10.75605158468147,13.515917743204247
1194,21.560000000000002,28.22278961384256,25.21523739253495,31.575384309053845
1195,16.7,17.465555404638135,15.49358026916568,19.673300207548493
1196,13.35,15.544371080191524,13.725052496200826,17.58847121324005
1197,11.45,12.476063183476173,10.960563965694934,14.18358828613065
1198,9.79,11.579141441503847,10.128978904576387,13.218267530392318
1199,8.909999999999998,9.979614261869585,8.689508585842638,11.441490532924309
1200,8.290000000000001,9.671700777271234,8.39030550904003,11.127954449402566
1201,7.880000000000001,9.10351242267055,7.8638600796864395,10.516535951306357
1202,7.43,8.781380805318827,7.573077404165057,10.159984442946664
1203,7.620000000000001,8.15862148026528,7.031729577586493,9.443621963176497
1204,8.339999999999998,8.5876335281154,7.416940975094764,9.921154958961516
1205,8.07,9.348554350584186,8.093976203283319,10.776210400498941
1206,7.880000000000001,8.555941772187547,7.411635954987641,9.855917165470466
1207,7.730000000000002,8.65156615386882,7.5102785098795835,9.94590842289887
1208,8.040000000000001,8.235842044940467,7.171182622672697,9.439220638932339
1209,8.9,8.712614687568761,7.620719494434859,9.942808675085034
1210,11.54,9.617192003961547,8.446485775240891,10.932984257959193
1211,14.229999999999997,12.701353422161564,11.213567861910203,14.370372336852752
1212,13.209999999999999,14.725229237572137,13.02142943243769,16.636064551458666
1213,10.970000000000002,12.77477683304199,11.28930664396399,14.43980326126089
1214,9.839999999999998,10.686546735929127,9.4380292913191,12.084402313819922
1215,9.749999999999998,9.949520565710689,8.734627043565201,11.31603430541004
1216,10.53,10.101299246975444,8.849122686717498,11.512672335485998
1217,12.419999999999998,11.021124782373455,9.675993406092275,12.53573719434201
1218,15.490000000000002,12.909803395106648,11.357398265368824,14.657230295210985
1219,20.630000000000003,15.661497213697203,13.796209234155766,17.761933209298732
1220,40.059999999999995,20.73237039880948,18.328096768511628,23.435718053755377
1221,35.24,48.55805979390683,43.02961901588934,54.78066186877805
1222,26.689999999999998,27.793047498309786,24.576373902577295,31.41427371205198
1223,21.119999999999997,23.700888844712033,20.95781924405096,26.786635045013554
1224,17.060000000000002,17.679255839007066,15.611010987749992,20.005018836986576
1225,14.229999999999997,15.97977487783286,14.0771435453213,18.122505137344294
1226,12.340000000000003,13.297922249422731,11.677690706619773,15.125222280725957
1227,12.96,11.96476081653611,10.451274659739147,13.67828063027343
1228,13.739999999999998,13.469579747569314,11.735208460897097,15.440150054404342
1229,13.070000000000002,13.647378602708615,11.846339552193445,15.70092083892128
1230,28.020000000000003,12.60569002085222,10.902941615009462,14.552021250788142
1231,62.61000000000001,36.290015171214144,31.590688565607408,41.666948526420754
1232,37.41,67.60338220647729,58.68201888334116,77.8583251409026
1233,29.609999999999996,20.95015879661391,18.00011324237101,24.358242082584674
1234,25.1,30.65479292667463,26.366397650652345,35.615192398432626
1235,19.650000000000002,19.533350745288686,16.744411076614604,22.76063601145373
1236,18.76,18.33292086218484,15.677310035231695,21.411397777813708
1237,21.4,17.931764745711355,15.291451162772503,20.999987159275516
1238,24.960000000000004,21.812449709664204,18.57468546975064,25.585758558427955
1239,22.569999999999997,23.837801135337905,20.22948820451932,28.059408276609524
1240,26.999999999999996,19.801118440694705,16.707913095418743,23.434642639834877
1241,30.340000000000003,28.346812251289084,23.839224354952552,33.6723946370207
1242,59.50000000000001,26.260686373939485,21.888609187734808,31.467897698935545
1243,39.21999999999999,65.36389119580919,54.3938531479239,78.50640376809145
1244,32.21,25.97527999557739,21.33742467611166,31.576079892414207
1245,31.120000000000005,29.580404595984085,24.17120050945407,36.15202796556511
1246,30.669999999999995,27.786823682233422,22.52795394993249,34.22113395305981
1247,39.38,28.20627333233086,22.659613255097113,35.05326903553899
1248,51.349999999999994,36.50888009882949,29.006410541603458,45.88718380086476
1249,63.53999999999999,43.71954100340639,34.292825806683595,55.66413220945957
1250,55.35,52.044597742442704,40.40051162580204,66.96363714268587
1251,62.949999999999996,42.72675734413333,32.7850777814,55.593899833652735
1252,63.440000000000026,56.863869705501656,43.54648413413313,74.16255171145457
1253,40.830000000000005,53.684591739130965,40.99495309224517,70.20866564862628
1254,58.349999999999994,33.53046901025576,25.403967630725365,44.15811058186324
1255,50.72999999999999,56.101073555732846,42.59450283277152,73.79228777363545
1256,90.76999999999998,43.61967003824374,33.03480663589453,57.496437944267434
1257,78.27,81.49905566325539,62.06126209357762,106.92829003690473
1258,56.95999999999998,66.66151291447322,50.78574035110265,87.40426532162053
1259,52.769999999999996,49.54285748084236,37.51449245142744,65.32777117731598
1260,44.14000000000001,47.80677790389718,35.88184505760078,63.587375323551825
1261,34.92999999999999,40.895700552656784,30.327552232221265,55.02894575952735
1262,39.20000000000001,36.48143362546381,26.5996079608611,49.90137036048746
1263,37.98,39.91659190637979,28.863731560715294,55.0602244173509
1264,36.53000000000001,38.25385150720715,27.521173448473025,53.025296712760756
1265,39.74,36.8805192019324,26.427178277743664,51.317949753233464
1266,39.8,39.210522382131046,28.09354378217987,54.57542671148309
1267,40.01,39.28262818879091,28.2005855626027,54.57046554143617
1268,55.81999999999999,39.565704140946075,28.407937495544125,54.95687738047274
1269,45.120000000000005,51.21787008515274,36.52042951054446,71.672567766411
1270,39.03,44.449581608699276,31.21544472840729,63.12031514139957
1271,45.9,40.12547451180553,27.809687525906128,57.70610891910294
1272,55.3,45.3970178275156,30.740494097847552,66.82135327353907
1273,61.19999999999998,50.593285904581684,33.43650450523269,76.2978323054662
1274,57.100000000000016,56.16729250874398,36.5830370716612,85.95676527016347
1275,53.11000000000001,53.45976057874369,34.52807986464739,82.47947689808319
1276,44.809999999999995,50.97487880903631,32.82900179923297,78.85420448543245
1277,46.199999999999996,45.45081634115964,28.98273246458859,70.96403267475674
1278,46.27,46.93210625798843,29.740444448298025,73.73824310481942
1279,52.370000000000005,47.45375024855052,29.792499084355516,75.24473436590014
1280,43.529999999999994,51.170492966522566,31.959217743986663,81.57964001183127
1281,39.64,46.46958323971418,28.956522640744673,74.22105819743231
1282,43.21999999999999,43.378094625416736,26.996462129874654,69.34514837790539
1283,46.839999999999996,45.46412698234533,28.50096333848516,72.18117281326613
1284,40.88999999999999,47.449055211032366,29.862959326326635,75.05592600575298
1285,38.809999999999995,43.07829236330633,27.356778926740898,67.51609848511136
1286,37.74000000000001,41.96684559923653,26.932714039283088,65.0927476704306
1287,41.760000000000005,40.29201658176666,26.004387973044302,62.139021520904244
1288,46.77000000000001,44.73178120094279,29.33346607836809,67.9468129493568
1289,44.25000000000001,47.66927547743673,31.432641010539292,72.03439688210693
1290,37.699999999999996,43.74468330466343,28.846026386569733,66.0805104204939
1291,36.900000000000006,39.520854568068756,26.079206534741534,59.6347033403669
1292,40.32999999999999,40.24234098035191,26.67611807871665,60.458427251315165
1293,34.18,42.28728721873222,28.341261114759796,62.86191879852187
1294,31.21,36.0689154800408,24.368374635783308,53.16604392652607
1295,32.27000000000001,35.21858720416346,24.16517261690094,51.127043952188
1296,36.99000000000001,35.87730262825972,24.97776381126457,51.34998127693158
1297,37.510000000000005,40.12832101901211,28.347818911322562,56.637632116855826
1298,35.78000000000001,39.00417426238601,27.85058127957032,54.46973015578636
1299,33.20000000000001,37.559739145668864,27.214972712039117,51.697321317897234
1300,35.64000000000001,34.46035787761084,25.311135360873493,46.79105741967085
1301,37.089999999999996,38.098959387210634,28.39421164622822,51.00781172707206
1302,43.14,38.01615837573792,28.55704586804905,50.50246141635613
1303,44.02000000000001,44.69603161318526,33.86263170478819,58.895859924609034
1304,43.24,43.49956134821841,33.302255537319425,56.72830180305395
1305,39.790000000000006,43.10596643596165,33.331747880889885,55.66289645372265
1306,34.36,39.38034461805712,30.76047009691816,50.3396755935069
1307,30.080000000000002,35.045151580766124,27.622404408406844,44.39286546097419
1308,28.130000000000006,31.698685760447503,25.15814917630179,39.87460635132196
1309,25.540000000000006,30.14252981624915,24.10267200724655,37.63561468978253
1310,21.430000000000003,26.72075234720634,21.502451890380616,33.1491724741178
1311,25.029999999999998,21.01583280828377,17.02034189620757,25.89720855653187
1312,16.139999999999997,29.22181534562918,23.857556569769795,35.74368074841582
1313,15.229999999999997,16.638080011879016,13.578628747250349,20.339583571199892
1314,17.529999999999998,15.773920261923571,12.927773192205544,19.20167883770761
1315,18.86,18.56414999145949,15.307368893851574,22.47135012274336
1316,17.93,19.740667023723347,16.36481855422479,23.772805269785277
1317,20.430000000000003,18.48554315672643,15.378205471073024,22.182417193583593
1318,19.4,21.391968593867286,17.902011047837988,25.526291633190485
1319,17.57,19.932430914145588,16.761484983413656,23.669483682510467
1320,15.189999999999998,17.96660202363726,15.169076030914376,21.248147738018766
1321,11.710000000000003,15.501083473806514,13.124856575401667,18.277063406343824
1322,12.95,11.763143350487061,9.96952631415303,13.850033038793033
1323,13.84,13.493718250395766,11.498786061261393,15.807061717212477
1324,16.390000000000004,14.319025294851679,12.257854465748009,16.70064203001985
1325,18.790000000000003,17.094900894535623,14.69967483824991,19.85555540203565
1326,18.200000000000003,19.439129908979755,16.750785965115753,22.534621636311673
1327,16.640000000000004,18.47935544619102,15.932843608826367,21.40883441463211
1328,15.86,16.86617337870269,14.559350423198765,19.515004965884817
1329,14.019999999999996,16.17421265322293,13.972496568494767,18.69969262699756
1330,13.150000000000004,14.207876464882215,12.270819001873914,16.427673946759462
1331,13.96,13.448746347645098,11.611409044452389,15.553762571869111
1332,14.410000000000002,14.461836836725203,12.504726921293612,16.702571829761382
1333,12.76,14.812106051678674,12.825923723778896,17.083616168048497
1334,10.4,12.855562872731378,11.140778136045855,14.812546804577163
1335,8.31,10.359790675638262,8.972081377633124,11.940612827705067
1336,8.41,8.22469794642593,7.114331617004435,9.487006967335322
1337,9.829999999999998,8.740506537874113,7.586936688455552,10.049047064935682
1338,10.16,10.485683724105959,9.127285281348968,12.026287592899774
1339,9.640000000000002,10.586664509203969,9.201950967770399,12.159325591052793
1340,8.959999999999999,9.980155947366223,8.706157962922637,11.421374666375064
1341,8.36,9.302016812195,8.132669908804823,10.62108687366734
1342,7.5,8.785595792755586,7.643166100922274,10.079028668554447
1343,7.530000000000001,7.442744281187657,6.479804915759023,8.529651080518011
1344,6.529999999999999,8.058369519221184,7.00778906775254,9.24678068471959
1345,6.499999999999999,6.239313794592104,5.391301093869697,7.19984279364323
1346,5.669999999999999,6.8920769865862965,5.945411135459055,7.9677742537394565
1347,5.580000000000001,5.445057295283116,4.674847695609546,6.319802357271963
1348,5.700000000000001,5.862470649443911,5.040697531968227,6.7960373227187185
1349,5.879999999999999,5.814568704598093,5.010261746068502,6.72650985792166
1350,5.920000000000001,6.067196611774999,5.23472231578376,7.010824768096423
1351,5.72,6.027727388485725,5.193626097124914,6.974157863646107
1352,5.65,5.764014331876111,4.967987589563113,6.66621732957972
1353,5.22,5.746231130741246,4.964970227367946,6.629817540508397
1354,5.489999999999999,5.1071217800038875,4.393645549839248,5.914977280423895
1355,4.62,5.792272817657979,4.9693799612894685,6.728603360595877
1356,4.34,4.3557122320103865,3.7096618929871603,5.09038486495529
1357,4.42,4.392514722141726,3.738243193012348,5.137130122700199
1358,4.51,4.488013126355022,3.8227332581367035,5.245066119763262
1359,4.16,4.580878908267004,3.907470213327308,5.346693517192457
1360,4.1,4.085020077409199,3.481944664470399,4.76924329134038
1361,4.04,4.161907331777887,3.5575763858606546,4.846372072781091
1362,4.01,4.064582268265327,3.480366168223706,4.724977064139559
1363,4.679999999999999,4.0516435747552455,3.481086333178302,4.694847389442285
1364,4.819999999999999,4.964073390268694,4.2991300446303065,5.712454894469883
1365,4.889999999999999,4.853270756447228,4.211863564431221,5.573613857065585
1366,4.59,4.951514581956771,4.313343825954326,5.6663342293460985
1367,4.3,4.602142032490576,4.0029811159598205,5.2730589272225625
1368,4.62,4.314115306453045,3.7268809731552324,4.974303489057019
1369,4.9,4.689036945379425,4.049422516875937,5.409671850141842
1370,5.05,4.9617410321190425,4.277793716799697,5.734320824422766
1371,4.990000000000001,5.097059403317861,4.386312999788989,5.901591750988675
1372,4.679999999999999,5.018600805126316,4.311046126711866,5.820418197703281
1373,4.63,4.703184870653947,4.029931663250819,5.466552598814929
1374,4.719999999999999,4.6731188183650305,4.01012132686523,5.423851844606872
1375,4.9,4.770250538082353,4.101223693752761,5.52702043100277
1376,4.85,4.953620763485365,4.265160600804972,5.732102376893289
1377,4.710000000000001,4.86992296854217,4.195510433109973,5.631878830814696
1378,4.25,4.725007590872992,4.048999469125735,5.491526116406722
1379,4.09,4.268056494022045,3.632141873221836,4.9912714212496585
1380,4.19,4.176531992286432,3.545167599525862,4.8955985407359375
1381,4.280000000000001,4.299376349568916,3.6537814223354994,5.034531308149991
1382,4.119999999999999,4.368699737219848,3.7133489931337795,5.115171380352395
1383,4.2,4.190752420280496,3.5314640392671706,4.945961493938106
1384,3.8900000000000006,4.321235943563509,3.6286865839107048,5.1174053273550575
1385,3.67,3.9515985942608687,3.2518793936623,4.766468511602741
1386,3.6899999999999995,3.8291456830212995,3.1567571392492155,4.610298424135353
1387,3.59,3.847502369798768,3.178596833264793,4.623485625160241
1388,3.5199999999999996,3.6619798880355052,3.0289467062374547,4.394476040797398
1389,3.25,3.611385292580377,3.013759391061262,4.297994285353526
1390,3.0600000000000005,3.2456967768739196,2.7272027931414957,3.8363188486356323
1391,2.89,3.084202769901416,2.6126812553293175,3.617266536056432
1392,3.2699999999999996,2.889026473403596,2.47017746435077,3.358430387554729
1393,3.8100000000000005,3.48140170193052,3.0210065842549856,3.9945109000080743
1394,3.84,3.9777816126648506,3.4754377571265325,4.53651086844592
1395,7.100000000000001,3.8100035189887542,3.338317842654357,4.332973445423856
1396,17.409999999999997,7.220717344896698,6.439424901143736,8.084061545442264
1397,7.190000000000003,22.913765840896517,20.50017848119872,25.598299971942616
1398,14.429999999999998,2.725583187746511,2.0939346274863238,3.4861872534444194
1399,31.450000000000003,11.037003849178138,9.151539947859805,13.272658375902425
1400,13.12,25.208520767102392,21.393957652909776,29.672852536647813
1401,7.520000000000001,13.893634291440772,11.868086236564135,16.23802112678474
1402,5.990000000000001,6.495941917553387,5.525310237548667,7.610953837566848
1403,29.330000000000002,5.233433496295514,4.46199485057449,6.113828228646553
1404,40.53999999999999,14.393471997488192,12.56135114671775,16.473109985416478
1405,15.520000000000003,21.84524650074618,19.165904164135938,24.8805795877994
1406,11.69,10.187637589452777,8.826752307575285,11.736988876421602
1407,9.72,8.601864057075257,7.308914327093353,10.096009627867458
1408,8.37,8.202473171664403,6.877910460931829,9.749742954705555
1409,7.559999999999999,7.201839562021053,5.844245842877862,8.828719444836308
1410,7.039999999999997,7.287549199128149,5.886251585888198,8.973999769151732
1411,6.410000000000001,6.625361128770643,5.189745022706907,8.393946298411137
1412,6.1000000000000005,6.572950681734245,5.0643426379562255,8.456850552775961
1413,5.920000000000001,6.265014091308395,4.655232372525474,8.333025819297896
1414,5.86,6.412589946622953,4.760347706741849,8.538745317833312
1415,5.87,6.208328105550333,4.562635919766624,8.340894285859855
1416,5.61,6.5211342185526,4.885547287903107,8.611248906240052
1417,5.4799999999999995,5.886826284006819,4.3019513423728455,7.945456720253677
1418,5.34,6.445070517141692,4.741009593075816,8.654935095747797
1419,5.32,5.747168168816714,4.090611479682898,7.942791741225017
1420,5.150000000000001,6.517016090429811,4.703983450918525,8.906327988150366
1421,8.579999999999998,5.591833401661986,3.911536166509351,7.846981091487782
1422,9.52,11.667564471534593,8.246041911747666,16.35523061350198
1423,7.979999999999999,6.74504988040171,4.643592497273849,9.629009390541013
1424,9.189999999999998,9.160793555163481,6.385969534573703,12.978087126866354
1425,9.299999999999999,8.278018903754763,5.698398011855758,11.851077918342778
1426,9.29,9.370929666497434,6.429915175746057,13.476098259982702
1427,8.11,8.685626839746694,5.865371712425663,12.664426517362784
1428,7.340000000000002,8.115813638135018,5.436055948436668,11.911332491662552
1429,8.31,7.962909950248447,5.355988033113008,11.639066398134345
1430,7.59,8.925145554102773,6.045863903233231,12.981041306364446
1431,7.280000000000003,7.2430024708675695,4.880142613142598,10.555347243255898
1432,6.9399999999999995,8.557778001801974,5.815412715539983,12.403607990377155
1433,6.77,6.435227192874394,4.345332369069322,9.342220014147433
1434,6.410000000000001,7.922753784201134,5.408346398552058,11.423725270448005
1435,6.519999999999998,6.640602951361562,4.463872538535141,9.684512321366542
1436,6.430000000000001,6.982019445516884,4.8199241994157624,9.947330625887792
1437,6.820000000000001,6.53229667565936,4.625132250938628,9.086072767565954
1438,6.800000000000002,7.071064433372259,4.916173503635254,10.010846968504122
1439,6.989999999999999,6.85741566553438,4.687269810200304,9.855644799944995
1440,6.800000000000002,7.055342897507611,4.792815489026694,10.20155636224637
1441,6.410000000000001,6.797826310933771,4.549768716268379,9.956509772604816
1442,6.22,6.473871120711531,4.281468486108282,9.576367098644962
1443,5.910000000000001,6.345063059755248,4.301637289979883,9.176092478779484
1444,5.849999999999999,6.0594831271376695,4.188775618731077,8.604636177065796
1445,5.61,6.049338471887109,4.270510788313342,8.42853072256596
1446,5.63,5.805526875303241,4.16840581588765,7.961215063279678
1447,5.65,5.872694602761237,4.290647552824997,7.927816610577734
1448,5.41,5.861406013747166,4.355152253797002,7.791326605533033
1449,4.839999999999999,5.611581185302947,4.242388170429936,7.338376394258299
1450,4.04,5.043042921259836,3.870535860366741,6.497813134967629
1451,4.04,4.231197031246482,3.2776925860018364,5.397239125895022
1452,4.690000000000001,4.486964561875543,3.5477884491411134,5.62009247790846
1453,52.899999999999984,4.71788834146909,3.7802231726784026,5.839481318021655
1454,44.150000000000006,24.155852646171777,19.704759157469468,29.563838851881158
1455,148.04000000000002,11.745297973122263,9.391456711337828,14.632324219417463
1456,97.36999999999996,119.97325610613214,97.75899610980825,147.18425935241365
1457,48.67999999999999,80.66438276282018,65.76660992552937,98.88632670538463
1458,27.9,39.14938243031518,31.89245334151201,48.00737846457036
1459,20.97,23.36071905004413,19.02117295043037,28.640852416812397
1460,21.499999999999996,18.44769606277238,15.04653134167145,22.569759351529523
