step,true_value,prediction,lower_bound,upper_bound
80,252.68000000000006,264.1640017435962,231.03316208264766,302.0254261484983
81,231.02999999999992,270.2776145809237,236.18861067882446,309.26592702786223
82,243.65999999999994,235.9657788659238,205.90001170009603,270.40056635147994
83,254.97999999999993,268.830577328688,234.40471226660392,308.29092183624124
84,307.73999999999995,266.9102125228334,232.94077676482019,305.81218967732923
85,493.27000000000015,332.9498839090289,290.9834634493259,380.94808584496695
86,521.0299999999999,528.2464343105457,462.02619891034954,603.9372344148063
87,488.5199999999998,440.4236326668676,385.4058235607453,503.27506935899305
88,529.5799999999999,456.2947289501185,401.05958191275204,519.11810819358
89,410.3600000000002,507.8881992036368,447.854671206969,575.9511066741452
90,388.1800000000002,345.68411777515814,304.7191839952103,392.13816014706725
91,399.3600000000002,395.12624844955474,348.62564275616876,447.8114872631142
92,448.7900000000002,380.96374278670146,337.1378181314315,430.4699302487268
93,467.37,447.5710051911875,397.45182334389824,503.9944181697612
94,456.78999999999996,435.76006800842055,387.45505973674983,490.07188135480817
95,484.80999999999983,434.2515869639991,385.46054374081626,489.2025498409799
96,479.44000000000005,474.51670811395826,421.11278535299994,534.6770691189594
97,488.70000000000016,449.70718738327713,398.3601144237164,507.65612619345984
98,594.1199999999998,472.3747385697272,417.3861045962021,534.5905481904757
99,706.6500000000002,599.6504574843938,529.3425831327845,679.2790942131098
100,868.7399999999997,689.4911286267376,607.9968923716594,781.8906923571903
101,948.11,879.5697923348632,776.6547456948284,996.1046450437946
102,946.8400000000004,891.0716560415317,787.4191157678987,1008.3512747183981
103,963.6900000000005,904.8382061737457,801.1843560367693,1021.8856366858126
104,958.3499999999999,932.531698855076,827.1479206711763,1051.3258116266816
105,874.9899999999999,917.0612199166137,813.7997690142146,1033.4092322638808
106,783.8399999999999,805.2179405421339,711.5572265898319,911.1897068712923
107,786.6500000000001,736.122759776459,648.5471473280884,835.5058105720778
108,706.5000000000001,785.032001403575,690.5639790212766,892.404407940543
109,707.7400000000002,647.8924701358244,568.7365440168943,738.0458664109951
110,719.0099999999999,714.7851005813264,626.4356354434472,815.5750895741071
111,738.7400000000001,700.5005018920173,613.7420642368286,799.5031423474709
112,897.4900000000001,737.3372492053985,646.3790553049564,841.0752711985693
113,1108.7800000000002,962.1691450504238,842.9708510359836,1098.202420129094
114,1218.2699999999998,1151.649274623502,1009.455447771335,1313.8529736966154
115,1335.3099999999995,1200.264981116998,1052.8412863659012,1368.3120335361284
116,1445.4299999999998,1358.9680563449854,1193.5954452235703,1547.2338574734968
117,1482.24,1444.9000669455775,1269.7865489495225,1644.144108049784
118,1412.2400000000005,1456.8991338770832,1278.720021146675,1659.8866388251488
119,1368.7899999999997,1349.6299258648623,1180.872155669256,1542.4843674853623
120,1345.1399999999996,1355.2938669210046,1177.7990937250445,1559.5144788791329
121,1241.4599999999998,1308.9173670676441,1137.1757592783645,1506.5734081995806
122,1112.4699999999998,1174.5208249501663,1010.5639807924496,1365.052208392189
123,1047.1599999999999,1052.069614429231,902.3329448042174,1226.6266676784135
124,1014.3000000000004,1027.3264525715315,878.4919326469266,1201.3479167976259
125,986.63,990.6506279299697,847.8990077832163,1157.4074888270184
126,1038.4899999999996,970.6908898254707,831.4054694038684,1133.2827745305383
127,1108.8099999999997,1072.889638975663,920.6233537814514,1250.3126452009947
128,1130.2199999999998,1114.6841232151467,957.3964528107688,1297.7851312927608
129,1189.6900000000005,1122.3779771535392,963.2764471407469,1307.7305858144412
130,1228.8600000000004,1217.2916368174506,1047.6044226289214,1414.4379671776205
131,1257.03,1210.34863315248,1045.073372734005,1401.7367002042051
132,1347.58,1258.3510782440821,1091.0675378355756,1451.2592086363427
133,1379.6500000000003,1376.7760170355632,1196.6710109312658,1583.9650995913785
134,1626.4499999999998,1348.4736232264747,1174.1806835269792,1548.616229496323
135,1829.5300000000007,1791.7492637896478,1563.9134663712741,2052.755681629375
136,1959.3800000000008,1788.1199465117425,1564.461392915285,2043.732752588169
137,2026.039999999999,2013.1606281759023,1766.2058107891332,2294.6256771713483
138,2048.6299999999997,1965.4559461318413,1724.6690366435682,2239.8404543193883
139,2040.0499999999995,2070.0468199049706,1818.4902232343209,2356.3827852803515
140,2025.7700000000004,1990.8318034239285,1756.0280849135797,2257.0139539011166
141,1886.9599999999994,2022.371693653449,1779.785122826614,2298.004499868928
142,1756.1999999999998,1774.929437927851,1564.9680605246585,2013.0419514316584
143,1664.5,1719.27783048904,1517.9488025540595,1947.2920089841243
144,1584.8300000000004,1611.5691643305686,1430.0406659340008,1816.124678321138
145,1549.2199999999998,1550.4098720427776,1379.6803630168722,1742.2511213620953
146,1467.0499999999995,1535.803754750192,1370.0131833840303,1721.6426479611328
147,1455.7499999999998,1420.7907796743368,1269.259732898696,1590.3981753589708
148,1365.61,1473.4572015506615,1319.6419490988135,1645.1873263136388
149,1356.9599999999998,1313.1810575084044,1178.4178532025912,1463.3426392302076
150,1451.77,1383.4433886089591,1243.704663321913,1538.8701015128706
151,1458.2300000000005,1487.5588426253107,1339.3999592205453,1652.0942221503176
152,1444.0999999999997,1439.0585166581632,1298.2783472344836,1595.0925815578541
153,1461.2900000000002,1444.217356992624,1305.4884791357697,1597.6770968959256
154,1469.7,1465.4355518230864,1330.1608712662253,1614.4570601261344
155,1401.1200000000003,1465.0212711891647,1334.0002048403735,1608.9011519148626
156,1335.0800000000004,1364.7334780723768,1246.1175890750335,1494.6311653908112
157,1278.1200000000003,1317.585093364926,1206.162235343794,1439.2924458194525
158,1280.4500000000005,1258.4929612817,1155.0189524643833,1371.2288169553347
159,1258.3600000000001,1294.1363136755313,1189.9887027043692,1407.391252740042
160,1237.3899999999996,1245.9107175179604,1147.6580352238352,1352.5676326489797
161,1135.2100000000003,1239.9578669898735,1144.65318576223,1343.1907610281505
162,1025.1900000000003,1098.3786414794229,1017.2599225002502,1185.9596069080726
163,1009.4099999999999,1003.338195787592,932.5231171992519,1079.525155653514
164,974.4799999999999,1027.795894097382,958.7037678184286,1101.8621822727696
165,997.93,952.8034970899172,890.621447632002,1019.3221484600627
166,1021.6500000000003,1039.8104097072508,974.0060250080062,1110.0560152139367
167,1147.1500000000005,1025.6049291007403,961.6042173958044,1093.8608591235634
168,1227.3000000000002,1217.5413819230005,1143.5003764850323,1296.3723119419476
169,1207.0000000000002,1240.3282894271888,1166.1713810381505,1319.1967998578473
170,1177.42,1199.7356331833328,1128.9435450857443,1274.9629160824777
171,1128.16,1175.0423939051987,1106.38051707561,1247.9615727705966
172,1048.4000000000003,1113.6737766473914,1049.560954996936,1181.6992260044367
173,959.2899999999997,1026.1414096165647,968.5324059703286,1087.173503899767
174,930.0000000000001,935.8294474805895,883.1484889302176,991.6493396247334
175,938.0499999999996,936.8155845320139,884.5968192143421,992.1134027461507
176,909.91,950.1169172834709,897.7285870774475,1005.5590472475504
177,817.7399999999997,899.5940816765392,850.9777906566729,950.9845573975191
178,763.1700000000001,783.38535156663,741.5655971457556,827.5603078262976
179,761.7799999999997,761.0219845067802,721.5956373546503,802.5995165947213
180,767.53,771.6174531098483,732.8005036578272,812.4877611480927
181,693.8799999999998,774.6527403216163,735.6139017925799,815.7605472885106
182,674.4100000000002,656.8959994880432,624.3549713371383,691.1303355387059
183,735.1699999999997,690.0437677357813,655.8154989557065,726.0557556661256
184,820.4199999999996,770.9525704933533,733.0457130347319,810.8169761221664
185,801.0700000000002,863.6137486546999,821.3628701900429,908.035368036469
186,789.3300000000004,776.4117014877319,738.932976204321,815.7887809384013
187,735.06,807.1537831017558,768.7086210834342,847.519191875966
188,663.3800000000001,710.6247801044462,677.7312064711919,745.1124858124459
189,700.8399999999999,649.8774954703077,620.7424893123945,680.3777751914938
190,586.1299999999998,745.8773073054585,713.1755721582703,780.0764382238366
191,531.9999999999999,547.6958971425157,524.5804255920259,571.8280066783332
192,556.4300000000002,538.7547412619086,516.8063020409593,561.6335167540408
193,583.6199999999998,576.4321997256636,553.5168424918065,600.294531977981
194,575.7499999999998,600.4805211614726,576.4374688620791,625.5246660380598
195,627.6300000000002,577.5587761808841,553.9179298163544,602.2067797966063
196,648.5099999999998,664.3017868258955,636.668600125791,693.1324497809893
197,519.6100000000002,653.6200187000043,626.0521644184139,682.3998719711777
198,402.0099999999999,473.98202323720284,453.57996111095235,495.2997529568645
199,440.0299999999999,377.5692712367901,361.3936953153959,394.46684994071353
200,468.7899999999999,497.56485179341536,475.62698711460445,520.512457673788
201,433.41999999999996,470.5122410744478,449.59354987820086,492.40207720049284
202,445.9899999999999,428.4286368664267,409.41481904231904,448.3233324061392
203,405.2499999999999,473.24357560553864,451.73953018033785,495.76901178375124
204,367.85000000000014,386.4323566648782,368.8312373889402,404.87115369338534
205,366.56000000000006,373.6472099644873,356.36672369226864,391.76329503762145
206,427.4399999999998,378.1271310804445,360.5941435297346,396.51025865126803
207,350.73999999999984,476.45695015355534,453.262450360951,500.83575391009424
208,314.31999999999994,333.090689506111,317.1433428511107,349.8374175439045
209,317.44000000000005,323.17508915179906,307.5818231454951,339.5563145468474
210,333.6400000000001,329.0215455986321,312.5698156967729,346.33643069979604
211,293.04,349.2982071041166,331.5229552428922,368.0236477380204
212,305.10999999999996,286.91014841297385,272.5862059499475,301.98403850940406
213,234.50999999999993,320.2658149167266,304.0600776417411,337.3324512075914
214,217.25999999999996,233.2537367262178,221.5272519037389,245.5981703397567
215,217.48000000000002,220.55906985289025,209.64156618293822,232.04242521367092
216,236.25000000000003,221.34449811704377,210.46236933043653,232.78663541629214
217,247.44999999999996,243.62167240389078,231.54037268244096,256.33063863019663
218,311.1799999999999,253.40884802561592,240.885495680984,266.58058300065835
219,362.2500000000001,328.56461246847454,311.7917030689977,346.23693987348906
220,311.57000000000005,375.6300964027873,355.43761012064573,396.9665037826953
221,271.49999999999994,304.2551243498815,287.5239477353937,321.95652292723355
222,276.35999999999996,272.8429067108499,256.84271263559754,289.8359782183512
223,252.95000000000005,287.34433251287345,268.15495824536856,307.9018111882588
224,313.6199999999999,254.21291476092432,236.17428727116044,273.6234957008632
225,289.1700000000001,335.56875011411785,310.24085163906517,362.9577611898599
226,351.22000000000014,291.1079972932863,268.0650580931651,316.12435158767306
227,388.77000000000004,360.2757180248868,331.0691966408356,392.05104404359275
228,338.2599999999999,391.63819310198585,358.5387978787318,427.7847419860102
229,248.54,340.86646640573287,309.4007402106037,375.52191413411305
230,205.82000000000005,251.3903208963513,224.24151726242437,281.8114232952293
231,244.62000000000003,216.71467151372224,190.72463152678802,246.22790084332607
232,252.16999999999996,268.49282101249224,233.3510977754008,308.90416203160015
233,268.3799999999999,263.2391146842229,225.30910309400423,307.52629776937937
234,279.46,281.004279498751,237.0128208101687,333.12659614263947
235,253.01000000000008,286.37109378842973,237.4307251591665,345.35697848937053
236,268.66999999999996,260.0117867885607,211.51179686700695,319.5805693939525
237,261.72000000000014,280.76036590545783,224.0900499972117,351.69841468408265
238,267.8100000000001,267.59566874817745,211.23201574022195,338.9281348700309
239,260.4900000000001,275.29701096299493,213.3450734150401,355.15485371696326
240,232.71999999999997,265.8211238855628,202.27632273604132,349.2302245205467
241,229.12000000000003,244.31904600235342,183.5277792145897,325.13753109508264
242,221.77999999999997,246.26374886775724,183.41319964352394,330.5346277941139
243,246.43000000000012,236.66854210803834,175.33565428621426,319.33417255523483
244,256.55000000000007,262.23181682211276,194.3020548557749,353.7888394653081
245,280.88,259.46154901644826,192.24668403670444,350.05501993070374
246,316.47,280.8265667833678,208.0982323878269,378.8511964347148
247,279.23000000000013,303.81950118954313,225.25255723070953,409.6690746071728
248,258.42999999999995,266.3831264668609,197.5769883493244,359.0303182835363
249,232.39000000000004,263.3071900178079,195.72373082851968,354.10861044010886
250,208.45999999999992,242.9096476439946,181.279154080013,325.3780574036629
251,283.12999999999994,223.84311970323773,168.35501026278044,297.5115610069138
252,272.2,291.46432364624496,219.97219486037736,386.08662264001845
253,399.7099999999999,264.01230952096915,199.5626364434786,349.1725218766269
254,389.77,348.8789710554541,266.15769567218706,457.2136182857021
255,362.95999999999987,334.17855035365653,256.79857646590085,434.78464302357594
256,349.50999999999993,330.22390897491005,256.89311336224534,424.40600036309684
257,320.54000000000013,323.09362992366624,253.7452000299477,411.32054988573003
258,336.2,305.11613195710095,241.69892850423324,385.104243730696
259,354.3100000000001,323.21755798326325,257.9703609712574,404.9036891727444
260,387.99999999999983,333.06731957475444,267.4677610194053,414.6959985962501
261,377.61999999999995,363.05379620852085,294.3405231176762,447.75374748702393
262,463.84000000000003,359.22435771431236,293.37293845083394,439.80678262605176
263,549.0799999999998,436.2628438333715,358.53627784167645,530.7927741395898
264,555.3900000000002,524.7064982614493,434.6251580713909,633.4154307750603
265,571.9699999999999,532.4674661108473,443.80800171757596,638.7986014186465
266,575.1599999999997,551.578854791522,462.5397511668282,657.7210481821584
267,564.71,557.2445950544143,469.5126953633056,661.3350038766478
268,552.2700000000001,547.529908492763,463.3216648076079,647.0099536939567
269,455.30999999999995,536.5796280282458,455.82524797558506,631.6092039607063
270,437.2300000000001,440.37773054793354,375.7103845543964,516.1460862542623
271,530.3199999999999,427.3434817781177,366.00361077652167,498.9355128784424
272,558.2500000000001,518.7866481226295,445.66054988429585,603.8847601081983
273,540.6099999999998,543.522587914051,468.29228638537995,630.8127473016409
274,454.71999999999997,525.373591389382,453.8007793688687,608.2099448392494
275,533.92,440.2304921774076,381.12730637695023,508.4750989479684
276,651.85,519.1341448647829,450.6159470066833,598.0477759861197
277,721.31,631.8980839947077,550.0298341778853,725.9297592965936
278,814.6099999999999,696.8386015821048,607.3276661030967,799.520411931317
279,790.3,794.0886287517939,693.5861789837631,909.1331795794135
280,839.3899999999999,762.3360896251527,666.5068063987853,871.9229127532077
281,826.7599999999998,821.0693705516784,719.3746436889378,937.1202627268575
282,796.7599999999998,807.3404486232272,708.9530993867604,919.3626006348911
283,841.5699999999997,766.6600615829402,672.4053406641966,874.1073604023993
284,854.4900000000001,838.8629098807766,735.8551596481715,956.270500392778
285,866.4900000000004,831.7212052624209,728.1467505119573,950.0082918244142
286,880.0300000000001,851.773595542294,742.5536792536705,977.0367249128127
287,868.1200000000002,864.8334028525256,748.9638361428442,998.6048414158416
288,869.1799999999996,845.1601717674275,727.5852846275689,981.7086154388552
289,885.0799999999999,857.2558147886982,735.0113711562832,999.8038903820188
290,912.9799999999998,874.1719103811787,749.969591444187,1018.9159612405776
291,898.3800000000002,905.3957289269026,778.6680022855617,1052.7218598282664
292,890.6199999999999,865.519329094731,745.1617766133886,1005.2908222164618
293,904.5199999999999,876.9921482086969,755.5683598393646,1017.9035825920535
294,914.6899999999999,892.5329145063408,768.4797791241871,1036.5855103235156
295,911.8000000000002,899.6674316069098,772.2932753537028,1048.02221215663
296,888.2599999999998,893.974982613157,765.7340612564049,1043.664975742565
297,815.3199999999997,866.4258587752987,740.3329306479758,1013.9658667049786
298,738.9499999999998,782.8343643716162,668.1880058130033,917.122120290275
299,781.3699999999998,716.0510391456592,611.0874809899087,839.0142278818253
300,770.6900000000002,803.3322592843341,685.4929100323745,941.3992205468393
301,656.0100000000001,757.4045142394633,650.3840466248488,882.008127385192
302,605.6000000000003,618.4145191356195,533.5767177374634,716.7161552038215
303,644.8599999999998,613.9090019526192,526.2659343937847,716.1202537806573
304,652.9400000000002,688.8417495223823,583.925619142723,812.5763314343479
305,579.58,644.565843057751,546.726653904251,759.8818281020124
306,602.8399999999999,548.6936704863649,468.11145359599413,643.1180002247391
307,581.6400000000001,628.9385699199571,537.539646611899,735.8493747290861
308,576.48,578.2379612040955,492.983873827489,678.2056046288016
309,605.2400000000001,583.7601473926504,497.4504167723394,685.0149344299832
310,565.89,625.1157916770125,534.8125207952478,730.6383424663131
311,525.9300000000001,551.5002560953745,473.45254319097006,642.3868621135978
312,478.7900000000001,525.9546476269902,454.6462584387682,608.4227605580163
313,429.6499999999998,467.3727816723783,406.76954139215695,536.9829544466825
314,452.3000000000001,419.21239841624606,366.2475650086439,479.8158762838299
315,466.22000000000014,475.74005285481354,417.6301627600864,541.9161541956626
316,441.91999999999996,466.9652564971962,411.48680139590715,529.9054266643004
317,425.28000000000014,437.0286896715412,387.2412147301418,493.20083622170694
318,394.60999999999984,426.07446702702174,378.70488668818035,479.35357663489424
319,354.84,383.8785637802757,343.0339688200493,429.57233378907864
320,403.6000000000001,343.4064674794743,308.35277130308714,382.43220376544434
321,406.38,456.4338220134365,411.91304245503864,505.75488542991394
322,384.66999999999985,404.9243560311542,367.10205126731023,446.63288401142427
323,360.2400000000001,383.9751826866722,349.58314910806416,421.741057753901
324,315.11000000000007,356.6244162604981,325.877420190871,390.26355999438914
325,292.01999999999987,302.47793016761625,277.3990397271593,329.81599056189503
326,252.7800000000001,291.59338107650393,268.29993847023235,316.90161979277036
327,281.85999999999996,239.5477748946874,221.00014320396028,259.6450210873241
328,358.96999999999997,297.6883465305195,275.8554477154213,321.24299391370175
329,365.60999999999984,393.4260076780044,365.86116592649313,423.06198851796876
330,362.8400000000001,359.38327998723025,335.2119713166003,385.2923380918348
331,319.31999999999994,374.10563145256305,349.8535000303525,400.03414882637253
332,279.6299999999999,304.4477404931056,285.4012257685972,324.7609038577424
333,259.4799999999999,278.7771418049902,261.624435636904,297.05013721111004
334,310.59999999999997,259.9280536040079,243.8825202664137,277.02494471024875
335,432.3600000000001,345.99623179231554,324.39888026812133,369.0270412081757
336,545.39,484.3535022267288,453.24801264756144,517.5889988835723
337,511.31999999999994,575.620116912826,536.7740720705226,617.2722010907192
338,437.1400000000001,457.419807772166,424.78067374724924,492.5609648704194
339,417.5,421.43774141994186,389.2731417692158,456.25320622116624
340,393.28,413.84893728049616,379.97280623506475,450.73733648739625
341,363.71999999999986,382.2003534043987,348.974330080931,418.5808041558332
342,384.73,359.8535654802075,326.5567414672668,396.53508090381035
343,463.6,407.1525161309905,366.15827991252473,452.7238720688747
344,507.8999999999999,484.13115179082354,432.4695211225505,541.9499029791124
345,421.9200000000002,482.71959620239613,428.742795818241,543.4760215344544
346,350.7999999999999,367.62684190477285,323.5495434273366,417.69030884374007
347,390.42000000000013,349.4175262893232,305.32484373060475,399.8569505342421
348,410.5899999999998,422.08067420983787,365.957089127491,486.7879790126154
349,339.38999999999993,387.3034848342145,333.7208438842201,449.4637195123399
350,380.09,316.60690820666275,271.25718094150454,369.5105143297164
351,505.65999999999997,436.9787998425321,372.2446752310059,512.9401626902826
352,660.0199999999998,496.5579426515873,421.8644297566605,584.4450951056399
353,689.1899999999999,685.4874096504791,585.1829378637846,802.9554432035274
354,430.9500000000001,581.0832946565403,498.34464642760173,677.5312796326076
355,370.41999999999996,331.3707001724951,284.2267869950993,386.3068287062839
356,399.1800000000001,416.15168397152553,358.31634024417474,483.29617011579995
357,469.5299999999999,379.0972821393906,327.6562010632701,438.58989187591385
358,519.7300000000002,522.7097479327668,443.2730728225485,616.3498167181332
359,565.2999999999997,449.03272673293486,381.07796587053343,529.0736321426796
360,491.65000000000015,573.9190647777997,489.50259044916396,672.8637827423186
361,390.1499999999999,412.4893380824648,353.8481086172134,480.8214570006619
362,415.9299999999999,390.61742570106423,336.72118812768787,453.11485421738956
363,473.95000000000005,436.2191723445494,377.80258217708877,503.64440756184166
364,514.8900000000001,474.8960357722885,412.2678031283715,547.0151977709954
365,543.6500000000002,494.01612589918545,429.22061094848465,568.5704916601028
366,533.8600000000001,512.481396439317,443.37923707424466,592.3291263228384
367,492.89000000000004,489.9700717217379,422.3361781975146,568.409428584159
368,470.90999999999997,467.9202333554294,402.34236917725593,544.1601469457265
369,414.58000000000015,463.77983798593954,398.4285721251626,539.8233483370973
370,352.77999999999986,401.380064397316,344.56555672180264,467.53545752748
371,403.40000000000003,370.53663776218656,318.1904605666718,431.46741445393803
372,576.7199999999998,460.10137991902224,395.2856881626423,535.5181961251296
373,701.4599999999999,584.9615043422186,503.66378313480027,679.3557062054595
374,590.11,617.6767956526278,533.0093751534392,715.7682727836434
375,444.4599999999999,488.3043569493493,422.88683850721173,563.8176163543302
376,391.12999999999994,424.23744676856006,367.8210859015536,489.28348173810923
377,370.4499999999998,408.92230464086884,356.0082968855516,469.6789654693928
378,565.63,389.1710528507637,338.87149696064006,446.91473202091834
379,654.8299999999999,664.3369037568607,572.101141201058,771.4172291352415
380,681.5499999999998,516.0930179417987,444.84561954528505,598.7259532949134
381,670.1900000000002,643.5914846961126,556.3680076039666,744.4647135720924
382,645.4799999999999,568.1593709616856,491.2083058634432,657.140843408228
383,659.6,602.1081706074079,520.2208105361071,696.8605959330102
384,497.76,600.9065697767725,519.3268552726945,695.2768019163068
385,444.3700000000001,443.6826664574217,382.6908079151757,514.3698492860387
386,537.2199999999999,478.14359245167503,412.50524948703185,554.2011309948238
387,648.37,558.1651403443861,481.5111554280213,646.996736778035
388,748.1199999999997,622.8053194476518,536.6318403700107,722.790979908066
389,736.1799999999996,692.9505445225815,596.0321725491588,805.6020231154891
390,637.1900000000002,641.0505454487005,551.5129365703923,745.0981917813508
391,581.38,575.2606330685107,495.44928641851175,667.9027989549312
392,600.4,558.71936326522,481.6497140538126,648.0955168764355
393,623.0000000000001,594.3196043780124,512.1112777236937,689.6989706580524
394,704.4100000000001,596.4600909927611,514.1239270820769,691.9566684100129
395,695.1500000000001,696.8069518324111,599.5419210280869,809.8252313044892
396,617.75,619.7136150560212,532.1616158640295,721.6427793222321
397,658.6,585.1845723612248,501.48911744014464,682.8204867496306
398,639.6099999999999,661.595700317993,566.730093591378,772.313000377754
399,738.7100000000002,586.0986266768411,502.77228682200774,683.2075407129661
400,784.6100000000004,760.2189479518671,654.1808304513021,883.4188654326275
401,752.9299999999997,690.4451422005428,595.6432843548895,800.310258925754
402,648.5099999999998,704.7573871464339,608.1436828310547,816.6945826587634
403,620.0200000000002,591.637328725784,507.71480034408165,689.4045315011032
404,542.9500000000002,628.2258521036805,536.8620668336421,735.1091204783927
405,509.97000000000014,535.7347368123204,457.76870252497923,626.9508085783274
406,524.5699999999999,539.8249192228811,460.6615164524476,632.5628654951215
407,545.4199999999998,546.2668194142828,466.2522673394267,639.983452765695
408,545.9799999999999,570.3101468635228,487.12667368707264,667.6692235926959
409,533.1800000000001,552.1427273001062,471.3683346047507,646.729439825839
410,425.08000000000015,553.6732581538203,470.8383124960533,651.0505333350777
411,415.3100000000001,428.7965513024868,363.5701428817503,505.69282473696006
412,435.19000000000005,470.34134462963385,399.23444941872435,554.0813116660161
413,445.08000000000015,467.360541578887,396.94303324351137,550.2386914280655
414,542.9500000000002,475.42360255855607,404.2125803391779,559.149067644649
415,628.5400000000002,598.8644305629475,509.5904192717809,703.7475265356915
416,518.2599999999999,632.0758371774787,539.8981967212305,739.9620110538527
417,417.2300000000002,483.0970113228944,412.91067561603614,565.1847596053624
418,378.7400000000002,424.381859013448,362.88555842299604,496.2709737697072
419,385.54999999999995,395.86363403522074,339.39438674122044,461.7007675640054
420,378.52999999999986,412.70108951863165,354.3107416136466,480.6870739444301
421,384.15999999999997,390.1901609166707,335.6008828450527,453.6326221861243
422,503.95000000000005,405.3864765512699,349.3594829512421,470.3729079990079
423,526.3099999999997,567.2463120573418,490.1644967611408,656.4251056338094
424,445.68999999999994,514.2320871151354,445.1352352383405,594.0305706098256
425,377.2899999999999,436.34848088159356,378.13860461765205,503.49543095810674
426,359.05999999999995,379.049317227834,329.600491035703,435.8943405765976
427,351.8100000000001,378.08417360298347,329.2197321933064,434.17935685361755
428,333.66999999999996,364.5184549029034,317.7040292155833,418.2094502333112
429,366.33000000000004,342.50200881725357,299.0611047675117,392.23200570400616
430,356.31999999999994,406.21828017485103,354.92253794275933,464.90679159304125
431,381.41999999999996,349.01157889377714,305.3850375207916,398.85015701493336
432,368.2699999999999,422.7877070710493,370.03497450156453,483.04067812151806
433,371.22,363.10856441095683,317.7191887007474,414.96192315199943
434,418.96999999999986,399.16663375523956,349.0871906947769,456.40986539153926
435,416.8799999999998,441.0451391620727,386.0261821262593,503.88549374954107
436,446.46000000000004,412.9714659506526,360.96231972654624,472.45363117022794
437,499.9999999999999,465.662284275068,407.2427688674998,532.4416287860948
438,444.48999999999995,493.947328196051,431.04368097327347,566.0094679698917
439,467.73000000000013,408.55890354739273,355.3796117701832,469.67365790586035
440,464.75000000000006,495.18526204986836,429.53072830663916,570.8518983391689
441,457.46000000000004,429.876783930444,372.9314849198273,495.494171840191
442,425.04999999999995,454.47493098384064,393.93274456372484,524.2980807755226
443,402.66,409.01200198696966,354.3004870842436,472.1483571918185
444,388.56,409.1500527076516,354.1625992148449,472.6508464235219
445,306.23,392.95273116767726,340.0976391040244,453.99803165492233
446,296.3199999999999,304.28501934385895,263.27529345593905,351.65855471018074
447,301.39000000000004,331.96377031662695,288.1795368725983,382.37730789127875
448,427.8799999999999,322.22032083519855,279.32741598858877,371.6762701121655
449,542.1800000000001,454.8357377564008,392.06339015264945,527.6328491066713
450,551.2600000000001,500.6279935910685,430.868568125522,581.6556098916301
451,436.10999999999996,502.0730717977938,432.60001937780333,582.6773622179036
452,412.98,396.4092952187556,341.24784765469724,460.46133279883145
453,332.5300000000001,417.31204042095186,359.5213407827981,484.3664495455279
454,302.4900000000001,331.88044750247985,286.32752657477977,384.65533087068155
455,305.41000000000014,327.20739784748304,282.57753695944865,378.8611736204617
456,317.03,328.86847819683305,284.5364447839719,380.083447999849
457,296.3199999999999,336.61422427712324,291.71603245312696,388.3991165396654
458,296.77000000000004,308.05059110102803,267.84412284110795,354.2700607717745
459,300.16,316.1987189894768,276.2231838840069,361.93871933403466
460,307.5300000000001,314.5001066186129,276.0870287605102,358.23845920044874
461,308.9500000000001,323.24465327596545,284.9615714130919,366.65287957582456
462,318.23999999999995,320.55982064742443,283.9619090685303,361.85803458011287
463,309.15000000000003,331.8266472016305,295.3960853961117,372.7349531436552
464,297.41,316.6303549095501,283.07276834577755,354.15210749508765
465,302.28,306.84528317712955,275.21645467289204,342.0958466490943
466,316.37999999999994,315.30669749844213,283.6327064242878,350.5053773659853
467,332.33999999999986,328.33841945596845,296.0746703763649,364.10616806320866
468,320.25000000000006,341.9037717563672,308.94943058403027,378.3618735262198
469,317.1499999999999,322.47794842486746,291.6787043904413,356.5182667802551
470,319.62999999999994,325.17656204096744,294.1146656112017,359.507836520161
471,393.86999999999983,326.4678156919205,295.4761872611098,360.6991007092061
472,445.96000000000004,413.1360540737115,373.3035050544297,457.20749463407765
473,440.29999999999984,433.2342576416575,391.32051660372537,479.6258722891652
474,460.9700000000002,417.9624937775445,377.8691277427637,462.29869165659824
475,462.57000000000005,446.364398038107,404.0853558463091,493.0561334632146
476,428.97,438.0226134746025,397.0155281558477,483.25461196227576
477,426.58000000000004,404.2410336544693,366.4688245855671,445.89585719972587
478,436.40000000000015,417.41226986131466,378.3841098978165,460.45535093088307
479,538.76,424.19505260935404,384.43215759846635,468.0600646555671
480,743.6100000000001,563.6321300679634,511.3286738257914,621.2752279789266
481,900.2399999999999,800.8223367461634,727.3802477987703,881.6695419707445
482,939.35,921.9967060816928,836.7187550508785,1015.9557674352338
483,970.7400000000004,921.3042043656098,834.6400093204736,1016.9563399342364
484,1061.05,979.555040176226,883.9416990799953,1085.4989047465888
485,1122.4099999999999,1096.7998841627088,986.6376935236542,1219.2496862669539
486,1276.0599999999997,1121.20507291005,1004.5899405865268,1251.3436987948758
487,1351.5399999999997,1375.2801128946076,1229.933512271372,1537.7890005968165
488,1381.8000000000002,1313.313487355037,1171.1253526673086,1472.7501745119775
489,1380.1499999999996,1411.4195849385133,1256.4717593033552,1585.460347247147
490,1398.2300000000005,1342.3708364569814,1191.864143459635,1511.8673404576994
491,1413.9500000000003,1419.0836360033745,1258.0545651839755,1600.7078123614838
492,1433.6300000000008,1393.8399720696693,1236.4013228073381,1571.310059657371
493,1499.5799999999997,1443.5840192914436,1281.4658481051704,1626.1957587607349
494,1551.2599999999995,1521.0031428081197,1351.0164116488488,1712.3620174719026
495,1561.1099999999997,1554.390272113026,1381.4424174513179,1748.9744423669822
496,1565.2400000000005,1548.2517640531232,1375.5150871508554,1742.6648902916625
497,1487.4600000000005,1560.989325456568,1386.4117183144767,1757.5339813940122
498,1469.91,1420.953362362612,1261.0052857094695,1601.1734517519433
499,1497.6299999999999,1494.7947188993285,1326.2405650533165,1684.7545647704362
500,1696.85,1480.2535492847546,1303.96033043207,1680.3630469075003
501,1751.22,1858.7781190882897,1640.17705097817,2106.496354630408
502,1751.87,1662.2880725029502,1471.1847817899911,1878.1983495216073
503,1772.4300000000005,1786.4944386114817,1591.599167108474,2005.2401350291245
504,1888.79,1747.006625770253,1561.1774948277794,1954.9410975086148
505,1962.7399999999996,1965.186327149743,1766.4646067348144,2186.250968613384
506,2093.639999999999,1943.2345833568093,1756.859048279701,2149.37042863016
507,2416.8999999999996,2174.7860247860804,1975.8397725647603,2393.7539357286623
508,2440.9700000000003,2564.3245860952356,2338.9322985330978,2811.4276228633826
509,2486.6600000000008,2340.395580551325,2142.2750118314602,2556.83006583962
510,2458.43,2564.0701263011865,2355.2581525121236,2791.387050556393
511,2462.230000000001,2381.47160159665,2194.6996613501506,2584.130850238503
512,2459.5499999999993,2471.253392702261,2284.073789186459,2673.765631924679
513,2412.5299999999997,2445.1680357143623,2260.955061749968,2644.383261646819
514,2370.9100000000008,2386.496953025781,2207.1956402542096,2580.3571935370646
515,2383.24,2351.4728558603947,2175.123865225704,2542.1128374606433
516,2459.61,2383.8589624196625,2208.294450000707,2573.374941570857
517,2680.9500000000003,2479.0897951605402,2298.7384343217395,2673.5847702778065
518,2740.9499999999985,2754.1655801196284,2556.028043895435,2967.6562851738304
519,2635.9100000000008,2721.360514973475,2522.108857131316,2936.3472145442684
520,2593.140000000001,2585.5823584288314,2396.019015233483,2790.1369306695183
521,2576.860000000001,2579.6858148030024,2392.9841043978704,2780.9479930926823
522,2611.429999999999,2559.3338772591164,2377.4308663508123,2755.1488777255922
523,2539.4900000000002,2616.3021621944313,2433.30810817186,2813.0524140028137
524,2573.3800000000006,2493.0909766890413,2321.5458663115937,2677.306547237484
525,2508.81,2586.059667227551,2413.266000337674,2771.2205096122048
526,2473.9699999999993,2464.814572908756,2303.0117996232643,2637.980194877209
527,2303.1599999999994,2461.4217229517135,2305.5161099954835,2627.8655498167573
528,1968.9900000000007,2234.7038570492373,2096.5799498776464,2381.9231094225493
529,1887.6399999999999,1856.6168445988237,1745.4466232765558,1974.8636166407787
530,1667.1500000000005,1905.5823946780772,1793.904793530829,2024.2084906106504
531,1590.52,1581.862573076282,1490.2245444789178,1679.1318986612807
532,1568.7499999999998,1605.4107752743307,1514.5527573154864,1701.7157691880288
533,1572.8799999999999,1571.4471088685514,1482.2022941648693,1666.0618161235254
534,1529.3399999999995,1590.2133513542406,1499.571508728395,1686.3304036497475
535,1597.57,1521.8707585452303,1435.9462181351767,1612.9332968507515
536,1634.3800000000006,1641.8973383039645,1551.4005882255772,1737.669570649536
537,1639.2499999999995,1649.4765623989342,1558.8832935670182,1745.3312122530706
538,1631.1399999999994,1653.3953551393483,1562.8435112642778,1749.190457927548
539,1596.9499999999994,1638.4595499850702,1548.810443104574,1733.2944280676052
540,1591.35,1596.0187093476359,1508.3294989671376,1688.802498229659
541,1610.13,1602.856787236324,1514.7546086135696,1696.0798434958456
542,1735.4700000000005,1625.7143669537816,1536.3409192291333,1720.283547816266
543,1846.5800000000002,1791.0672320201786,1693.0705810556178,1894.7326807949732
544,1878.1700000000003,1879.3864344944473,1778.3991574928698,1986.105101259389
545,1909.6999999999994,1888.0645928310057,1789.5941562375774,1991.950230210789
546,1874.4800000000002,1926.9618915931474,1830.4792155047035,2028.5272935495025
547,1821.7099999999996,1864.0354294814492,1774.0059079013636,1958.6313103732748
548,1889.6400000000008,1816.3585374329039,1731.3373865916224,1905.5524297657246
549,1763.2800000000007,1925.5798242915416,1839.8802252137248,2015.269048105126
550,1636.7099999999998,1725.9418530289743,1652.4146795752004,1802.7387719996382
551,1555.92,1621.2419715718097,1554.5482531333282,1690.7951654847368
552,1493.6499999999999,1546.6934386541388,1484.855697405414,1611.104717999074
553,1380.8600000000001,1488.8534448139144,1430.649331171164,1549.423863368893
554,1370.2400000000005,1353.4515227768406,1301.837377016742,1407.1104517842887
555,1268.6200000000003,1392.4042747097717,1341.1742459806967,1445.5897245411672
556,1153.41,1238.5481657025489,1194.5832249693465,1284.129820331786
557,1052.7700000000004,1133.423697730127,1093.8760638766028,1174.3998177795
558,1075.4200000000003,1030.585314296994,994.9348944462282,1067.5118742274208
559,1064.65,1104.4389873064342,1067.584766148717,1142.5642668398355
560,1017.0200000000003,1057.9535422663882,1022.0355511030332,1095.1325864672647
561,927.3800000000003,1009.8831558948528,974.8743110375364,1046.147919884768
562,824.7299999999997,901.3168030478369,869.8695169862553,933.8996573907164
563,774.2000000000002,798.2846145956494,769.9331888573923,827.6786771706772
564,815.41,768.8976912286107,741.0937826872209,797.7433243447283
565,867.1399999999998,847.0262911857815,816.3686831648167,878.8337951459055
566,893.4000000000001,885.3533375699851,853.0619455565012,918.8656410215606
567,853.7800000000001,905.6062494230606,872.9305151884355,939.5037096292771
568,733.2600000000001,835.8735713548159,805.037323914993,867.8895087766755
569,668.42,689.8336192221144,663.8455656251219,716.8375161437519
570,565.8099999999997,663.0762955841468,637.8505212120488,689.2981397277225
571,537.9300000000001,524.1578480368678,504.5396600599741,544.5373477958107
572,507.61000000000024,549.4451395376125,529.1137141947387,570.5563350418767
573,552.1799999999998,493.4343682007692,475.67702772054275,511.8532113811332
574,535.3400000000001,583.2741016834862,563.0567943406919,604.2160515096153
575,524.9499999999999,523.5390860156779,505.878287888911,541.8152267166423
576,487.0199999999999,529.2209847902362,511.3069942492839,547.7613791490236
577,480.2599999999999,475.84882029260405,459.8989101911194,492.35069445089226
578,479.52999999999986,484.9668129075487,469.0113253729683,501.4639418212259
579,471.3300000000001,480.6957796422569,465.2160652918039,496.6894650336299
580,466.25000000000006,470.8785511576376,455.9962452775689,486.24550659576437
581,462.04,467.4613585744106,452.63695559299674,482.77020825057855
582,444.9900000000002,463.02399072003146,447.69098327584726,478.8809692847561
583,369.7699999999999,441.4381754083856,426.55710971173346,456.8371745254815
584,390.71000000000004,348.397829482476,336.5555646794867,360.65554954776354
585,374.84,408.00594602436325,393.9466932006837,422.565678009821
586,369.6800000000001,369.66433111039805,356.4694885312445,383.34621909139554
587,363.6300000000001,372.54013859891506,358.8885885570912,386.7095289515184
588,394.64000000000004,364.4009123929723,350.19613082513854,379.18023280585487
589,427.1399999999999,406.24934794591275,389.27098513288115,423.9663380584163
590,408.6899999999999,436.7719799655749,417.3790444274139,457.06382751617184
591,325.97,405.5298761133591,386.675231489816,425.301519283634
592,330.01000000000005,309.26655915748296,294.3967345632346,324.88490821931106
593,392.3099999999999,338.83005062362383,322.36142821528443,356.13741105190996
594,437.5199999999999,414.8645202146488,394.4170131464897,436.36939338340994
595,445.9899999999999,450.60067743451043,427.49109199339136,474.9566200327314
596,454.09999999999985,450.18493513660206,426.44247095272016,475.24618405487524
597,455.7500000000001,460.55944925944215,435.83440261184467,486.6839459688267
598,365.39999999999986,459.3097525878971,434.30851178431504,485.746899248584
599,300.09999999999997,348.1699286301977,328.7878084238457,368.69116488055664
600,289.44999999999993,296.78135110708763,278.64369933916157,316.09540846695785
601,290.77999999999986,300.2799187229735,280.29877981639453,321.68035248843734
602,297.0599999999999,302.8165588533311,279.9903992672291,327.49699375563233
603,288.7099999999999,310.64910468823376,284.8460456975029,338.78138202324675
604,302.4900000000001,294.98822366577014,268.3219292494303,324.29482019148764
605,304.81999999999994,320.1301447094818,290.10737734341086,353.24924913352385
606,255.57,311.10295852095265,280.21642588078237,345.3818175358871
607,229.59999999999997,246.58429613448718,221.4458940683164,274.56356546452565
608,228.00000000000006,236.0156123014698,212.00885669275684,262.72800336499273
609,232.52,237.388327440862,213.30185999597452,264.18199450587656
610,238.00000000000009,242.37217589689425,217.96565163788665,269.49911964612687
611,237.2700000000001,247.4909498717991,222.7782842050119,274.93272683965836
612,219.23,243.27945510450806,219.27134538778847,269.9042888946895
613,225.67999999999992,218.2558963619067,196.96026355329894,241.84241305083899
614,240.94000000000008,241.4007924500027,218.38450821374258,266.83178383380755
615,241.85999999999996,247.50597987310252,223.76065584481051,273.75992984880185
616,254.26000000000008,247.80164362198752,223.56725131282494,274.65131383637
617,245.22999999999996,263.55407166161956,211.37739718311607,328.5494612941109
618,310.5099999999999,237.2579786717931,181.76430210093736,309.6014891760281
619,286.8800000000001,397.6647654337303,304.81006366673904,518.7134237267331
620,241.26000000000008,273.08101127732743,209.2436402107788,356.3016556766752
621,229.17999999999995,240.27115969427442,184.07567034869788,313.5295780398595
622,227.42999999999995,234.37891711389568,179.5558149842914,305.84824316807703
623,230.59000000000006,233.0077425099172,178.50400647423993,304.06073168036005
624,261.7399999999999,237.22075044716436,185.7627994518436,302.8566893951641
625,278.04,276.83315892715217,221.04967555252892,346.63061016578496
626,306.64999999999986,281.15299436974834,228.4187973018133,346.00867221042665
627,334.9900000000001,316.096341498765,260.67199819671816,383.2600296739068
628,323.4600000000001,336.7136738958111,281.08943240107897,403.30626757420504
629,316.59,313.33748356187,264.5164418187001,371.13534836188035
630,347.24000000000007,309.274230131608,262.58964706780404,364.2271587851787
631,360.1000000000001,341.0651077403054,290.8030699637847,399.98460221103403
632,382.2800000000001,344.75476027463463,295.0609326352453,402.78969689950367
633,593.2400000000002,372.63872314318854,320.92795208520806,432.65571249035673
634,616.3099999999997,663.6011389766313,576.2466868043155,764.1748966707686
635,632.5000000000002,572.5276114456465,501.70150187616747,653.3324813292006
636,608.6000000000003,618.2766780894581,546.0258196043033,700.0703887851685
637,551.8699999999998,583.5827855439479,519.9458831243991,654.9933463812719
638,507.11000000000024,526.9419154347348,472.6430302697747,587.4656761741929
639,508.4900000000002,487.94235581176065,439.15579968932417,542.1363791536853
640,617.8699999999999,498.81945674178445,450.2920019178344,552.5650715634365
641,635.2099999999998,628.8010278010341,569.2262880296121,694.5998749020157
642,613.27,618.0653555168087,561.2987436528111,680.5628146553067
643,639.2500000000001,594.6810800726566,542.7288866029488,651.5972003684278
644,633.7900000000001,632.8391048808221,580.2771818000041,690.1539338806348
645,645.21,618.4358322870479,567.8520090264268,673.5177027287643
646,640.6399999999998,635.140957519862,584.0919305353365,690.643990823843
647,692.1999999999998,626.397223067909,577.9653848955276,678.8805002553862
648,744.8499999999999,691.6447921608531,640.390883226848,746.9944300016972
649,771.1300000000001,741.1171859899637,688.0257126508601,798.299514705817
650,774.2000000000002,761.3300116432292,707.8334323887927,818.8640471760492
651,804.1400000000002,759.6739292082236,706.1260044311027,817.2768317827499
652,798.7099999999998,802.0590894136276,745.7456064616744,862.6192774479263
653,800.89,784.5629430309482,727.5875282678653,845.9938250666356
654,806.8800000000002,792.7337852551133,734.4000459112442,855.6947001951193
655,801.5399999999996,798.3712259790781,740.3983405330383,860.8772419478047
656,800.19,789.2189718771392,731.9094766885726,851.0097547870871
657,847.0299999999999,789.4947067941458,730.1349821285228,853.6737562062344
658,874.8099999999998,846.7353026717564,782.0316400966043,916.7855741657032
659,883.43,864.4599154272034,798.0473019864842,936.3923963564447
660,885.9600000000002,870.8867650247406,804.1284597376052,943.1804246654692
661,879.9200000000001,873.582618358814,807.0965498983915,945.5388219161872
662,876.94,864.489746661632,799.2563755390055,935.0406545613396
663,874.6099999999998,859.9046324962782,796.0192741964088,928.9107440040517
664,880.5600000000001,858.2623616026178,794.9024309771262,926.6662280833355
665,907.6400000000001,874.9949184304959,811.1216911232343,943.8917637635269
666,933.7199999999999,909.468441842711,842.2551663302746,982.0390808027627
667,941.7699999999996,930.8293386674852,860.0276147447387,1007.4530409154204
668,966.0500000000002,932.7836517383739,860.1969513383568,1011.4883824760201
669,970.2000000000003,969.7540600943724,892.7251938338696,1053.421931586366
670,949.2900000000003,964.356890379114,888.1896030573735,1047.0486080788132
671,799.2099999999998,936.488830141473,861.5523941582927,1017.9355598481333
672,700.5499999999996,759.2139378971268,699.323005623147,824.2266835912653
673,740.4799999999999,686.6822628875448,630.9180939212378,747.3673900767864
674,830.12,772.7168322282182,706.4660607210745,845.1716677449033
675,942.1500000000001,860.835874183871,783.2155020861347,946.138984187915
676,916.6700000000002,981.2920803170709,888.6889184413825,1083.5338309304923
677,795.9699999999998,853.0076404343771,764.9411144648261,951.1998965023374
678,586.1,756.3400843465175,671.6515630027034,851.691103247589
679,662.5799999999999,499.12458742345785,438.3738975324625,568.2750624244898
680,648.48,795.2034935650297,682.6763728899314,926.2515890602814
681,621.9100000000002,670.9030321977385,571.7687660523034,787.1953616082654
682,664.8,659.1489719675025,561.7349687115396,773.4261320521235
683,710.0100000000002,709.7958285768499,605.1405080509992,832.5207814220885
684,797.9399999999998,740.4624793602036,631.5821244333487,868.0833759987252
685,764.2299999999999,826.5545647572027,704.8217330487525,969.2826161109145
686,674.4400000000003,757.8500619700911,646.6397416030588,888.1570105420649
687,476.5199999999998,682.9520469534808,584.2803182165725,798.2587277789837
688,373.1300000000001,461.0114985299901,398.2812227779936,533.5972026653781
689,626.3300000000003,379.55109355000064,331.67551231980343,434.3164854012028
690,636.9800000000002,862.0198045078737,755.7890041216455,983.1622683686477
691,578.22,636.8794340103701,561.2887739690218,722.6320395679942
692,523.6000000000003,625.038511587036,555.0615477359287,703.8216507432998
693,617.69,556.9434794747748,497.46052007285044,623.5247391767787
694,803.3399999999999,684.120934942395,614.0491732495993,762.1758823710397
695,692.9699999999999,825.8364127233075,745.3343550630767,915.02168487523
696,491.20999999999975,658.6076727071159,597.442298131427,726.0246158277854
697,503.07000000000016,510.3797087894199,464.27349385738813,561.0548129520303
698,497.4599999999998,589.7878707108489,537.446979178378,647.2166706769306
699,487.73000000000013,537.0783358734891,489.6691970640388,589.0682114728226
700,580.64,545.2114464797683,495.7743764928724,599.5683030026436
701,602.0299999999999,644.6720122532261,583.6606611017287,712.0501077694238
702,627.6300000000002,612.4122900854975,551.0878357277933,680.5485023898563
703,611.5199999999998,648.8601563084861,580.1412377309373,725.7049648829416
704,568.8100000000001,610.2110898523836,541.6656314041569,687.4146972637574
705,599.6700000000001,588.2033205013552,518.7287754317731,666.9648487837014
706,586.5400000000001,627.6583245505956,550.6854882740205,715.3706449180003
707,473.16,592.3897724168153,517.1933359578553,678.4981671426145
708,426.63999999999993,508.00643135466737,438.18768677323186,588.9244331369194
709,474.0699999999999,509.0241248215947,434.96763033412185,595.6603706350317
710,643.4399999999998,541.879986583015,459.36964134800434,639.1783553090326
711,640.1400000000002,666.7150360515951,561.869842474773,791.0896372936609
712,585.5999999999998,581.1001404213694,486.83994844717944,693.5732397626017
713,529.6100000000001,588.1506896104604,490.10404793375875,705.7718878083824
714,450.83,536.4510307345976,444.9359907632785,646.7467986902565
715,446.86999999999983,494.2491225536203,408.0618022621908,598.5956895357399
716,483.4199999999999,511.57112534686746,420.4258832359794,622.4290986636853
717,465.62999999999994,529.4257846714855,432.4866918155958,648.0430233647113
718,388.9399999999998,497.63256778934544,402.5408139337588,615.1320715901849
719,362.7500000000001,445.6398903864821,357.84084562159785,554.9210834510474
720,458.6999999999999,414.0961624444826,333.33176596147183,514.3707832117651
721,499.2899999999998,544.8968378855465,441.41716521389515,672.5800078402543
722,491.9500000000002,487.6479346653066,396.7746208682868,599.2816457506846
723,478.70000000000005,519.4439101542072,423.33892410306885,637.3149134600957
724,480.0299999999999,477.26533648548457,389.51316387393575,584.7362907167303
725,397.2000000000001,507.5127605892381,414.6356346500743,621.1440274239045
726,354.9299999999999,384.8663883039577,315.5055414105384,469.42737058942095
727,369.38999999999993,404.9300174223202,332.45979024356586,493.1500710599233
728,487.7000000000001,402.42791687319686,331.3978767859601,488.6363529344948
729,553.1200000000002,547.4193643862309,450.56342748141344,665.0499520771687
730,516.7800000000001,528.5081150302591,435.28415376711393,641.6519080786113
731,414.45999999999987,500.74132767741446,412.6872744031452,607.537838788257
732,314.81000000000006,398.99334565950755,329.38498794331053,483.2673923166847
733,250.81999999999996,323.27798201955864,267.86148117341537,390.11667898181213
734,274.8,257.3793608019931,214.19640914300476,309.2277326759782
735,420.98,331.35865087469796,276.8130599974608,396.6136788251027
736,520.3199999999998,502.9554862104546,420.82667418325946,601.0746141133783
737,622.3799999999999,505.4844447417594,423.40239813342566,603.4416664316781
738,640.7299999999998,638.2701792711202,536.4056315295893,759.4430213024838
739,533.1199999999998,562.168497940354,473.2152278455767,667.8076182481301
740,530.9099999999997,482.49453500956434,407.0390569548994,571.903405690287
741,530.8800000000001,534.2845861540565,451.7882124250478,631.8115006340852
742,523.1500000000002,502.194242314752,426.05830602478983,591.9036900268587
743,642.1100000000002,518.1847661507,440.5088421612706,609.5264394784127
744,648.6,666.1502800720666,567.560224321869,781.8361485031816
745,668.2799999999997,562.7644133399011,480.8092585393264,658.6600378997093
746,639.96,657.0100069582134,563.1473913741837,766.4894466895902
747,684.3499999999998,565.1589777740772,485.6887894906756,657.6056532134879
748,658.0400000000001,684.8361360092035,591.4651414584874,792.9221610542508
749,580.2300000000001,585.1683655800828,507.946831512894,674.1065760355771
750,578.64,544.7476972579371,475.20518025332944,624.4458401815309
751,578.9300000000002,567.8966114737797,496.5336614686305,649.4953927961602
752,635.6499999999997,558.0722326120533,488.7191143247732,637.2470116748196
753,413.78000000000003,645.0510459368058,564.8482949108617,736.6216517923611
754,410.55999999999995,345.81544139141306,303.38913659493954,394.1552007836023
755,436.7900000000001,464.2568774400334,408.5227393521914,527.5761722234679
756,488.82,444.1066127664394,391.62241423244416,503.6066896504797
757,652.6400000000001,509.1996983986736,450.3412658567566,575.7337310759235
758,657.1600000000002,666.6916289303662,590.1913940685688,753.0910030432186
759,588.0499999999998,593.9951790731044,527.1281827202748,669.3282928336799
760,527.05,556.9720540915448,494.7877784236873,626.9558042697068
761,508.7300000000001,511.73813251108504,453.9097613708447,576.9176769887716
762,504.12999999999994,511.6828177426552,453.32078322515395,577.5420375063221
763,505.8100000000001,504.92120731193233,448.03373967038715,569.0156700827151
764,508.82,506.92896029835566,449.4373126506644,571.7585647636024
765,535.3600000000002,507.2040276191034,446.0642116527529,576.7052310527707
766,522.1499999999999,537.6907790924739,469.48853987004435,615.7796468738867
767,466.76,527.6657116036132,456.3117621404588,610.1529546434735
768,443.32999999999987,491.54538803215047,420.6549984296028,574.3541643648866
769,399.11999999999995,478.97035316036823,408.6201288420668,561.4028793802531
770,391.0099999999999,433.3063355851483,369.469587333974,508.14298927150253
771,403.66000000000014,425.14835859531047,362.4916777729407,498.6054507936145
772,440.77000000000015,434.14172547082,370.2523907179406,509.02586375148775
773,541.4399999999999,467.6944030035181,399.0024942776837,548.1826839817784
774,582.2299999999998,557.8435100896118,476.30753354447825,653.3078556713697
775,536.0699999999999,573.2445135740844,490.2043666312384,670.3229437096902
776,547.1100000000002,524.8379115822714,449.1306327259754,613.2783653329635
777,489.7599999999998,548.8952179777166,470.0609469668808,640.92277602673
778,471.73999999999984,486.410906402307,416.50543160682804,568.0210801943329
779,456.98999999999984,487.34610627538717,419.02715411669124,566.7773857641525
780,565.5099999999998,472.38929428737407,405.89424806921653,549.7510243983025
781,644.1200000000002,569.3862841324224,489.92687714872,661.7066642102684
782,656.5400000000002,595.3363211902732,512.8736036120571,691.0320589948373
783,633.9100000000002,599.6850176414093,517.7586781405194,694.5497914988558
784,527.6399999999999,580.9879005828617,504.3956577443121,669.1876267330452
785,505.3700000000002,489.3138154275759,425.43357261513097,562.7633925603743
786,513.51,512.9053408873862,446.2567063930091,589.4857224444039
787,443.5999999999999,510.9022891365033,444.7240184126938,586.9062890897815
788,467.54999999999995,434.45656193349384,378.0793894639522,499.21821972194175
789,519.8199999999998,503.6750302369105,439.2532898483222,577.5235272912457
790,535.0699999999999,527.6150187225904,460.6961025461844,604.2332616152685
791,550.3199999999999,530.688194496445,463.5315376524368,607.5535927130106
792,527.7800000000001,543.4663604168192,474.8726860207695,621.9473267406638
793,514.4800000000001,511.53969914265303,446.93913885445505,585.4567759563361
794,371.42,512.8057686142456,449.7069220855587,584.7384364981214
795,322.1,363.0644193547691,319.99840750523714,411.908283471664
796,321.77999999999986,362.83239657488804,320.2120547030616,411.10786101971553
797,366.2900000000001,347.21062588445614,307.14256601692506,392.4887722463661
798,520.2299999999999,407.0438773375587,361.0479884335275,458.8832507068002
799,568.7800000000002,572.5406763939252,508.98449819682537,644.0174635532654
800,559.0200000000002,530.1176182560016,472.0896617606177,595.263134079355
801,589.87,543.9505217699011,486.98638687521543,607.5642533573931
802,457.52000000000015,573.6767467210584,513.9251674582001,640.3618601167096
803,434.4199999999999,415.3276747377974,371.849717348696,463.8755911231682
804,412.86,475.73829331885975,428.0468622904488,528.7309461797659
805,418.9400000000001,423.88117109066667,382.8030916894553,469.35579821082536
806,481.3900000000001,447.3413021819919,404.7770686864423,494.37033695112865
807,515.7199999999998,502.8696959062189,456.4862965548803,553.9557929155794
808,530.0,512.6252956865612,466.81789979034187,562.9180212799412
809,545.9200000000002,520.9289018083193,475.5363087942579,570.6453783597208
810,598.4899999999998,534.3806897074959,486.60098100209774,586.8423015527956
811,555.9800000000001,587.9093546265595,536.6573858005676,644.0468962688334
812,538.87,513.3550245677716,469.5727782321823,561.2107855282217
813,560.08,536.8016215130366,489.9988782436336,588.0656718741735
814,592.3499999999999,547.0995768661847,500.33567021116863,598.2255568696182
815,591.1399999999999,577.0239641644446,527.5487063944715,631.1303961323513
816,471.68000000000006,559.1298928305749,511.6748338441223,610.9775657601034
817,434.87000000000006,437.9678378525533,401.312222766624,477.96323244626865
818,422.19000000000017,459.53722102509914,421.60219604012315,500.8774959924347
819,460.61999999999995,430.8045004934087,395.1613311160473,469.6545339018562
820,452.7700000000001,485.38271910640304,444.766400716598,529.69982184624
821,449.6199999999999,450.83391511141593,412.7349553926808,492.44123377524465
822,406.38,463.8541041479629,424.4083985768636,506.9573860462036
823,347.93999999999994,409.3526018855867,374.3841594263808,447.5784859211536
824,319.5100000000001,364.13857147946607,333.0062800291349,398.17266337158475
825,320.25000000000006,341.88703279161604,312.67333986992793,373.8215175232699
826,336.1100000000001,340.63932490664655,311.7339111710154,372.21641227082483
827,383.81,353.69402522308974,323.88792512314376,386.23461784943936
828,391.98,411.6131162382454,377.0458083659026,449.3411489410163
829,361.83999999999986,396.6149885700841,363.44935542050223,432.79876184216255
830,321.06999999999994,365.86324502052975,335.24458322161684,399.2700631114306
831,351.6899999999999,323.09567620273754,295.8201698872512,352.8775932013279
832,463.57,379.3060965092245,347.62780876742096,413.8628520296038
833,510.5600000000002,510.22151031829515,468.1460470086481,556.0705205308938
834,419.44000000000005,498.58695342408413,457.90212053518405,542.878776895785
835,349.7100000000001,386.6809544769748,354.88453071695517,421.3182226026936
836,403.46000000000015,348.75917332085214,319.6269891899643,380.5383091459192
837,433.6900000000001,448.14224691315053,410.0545815493988,489.7590549211543
838,413.86999999999995,426.979270015371,390.539289999475,466.8106648329864
839,436.23,413.57022693472464,378.1057854472564,452.35228228697275
840,467.8800000000001,452.23172072049454,413.36639858181735,494.742399408624
841,479.1999999999998,469.6317625550831,429.1474475740542,513.9263518239793
842,479.29,474.94576414118575,433.9343411418196,519.8242922581138
843,476.96000000000004,471.10368777008114,430.5154387152815,515.5096587729972
844,488.46000000000015,467.3200643145037,426.74391459586826,511.7453019331848
845,517.0800000000002,483.8710881686529,441.6012920105039,530.1777809638073
846,494.87,508.81349677406365,464.2667244423804,557.6253816120177
847,494.25,464.26364764240793,422.74954184992527,509.84482799083145
848,633.6499999999997,495.11561054249853,449.3053993717251,545.5861598980658
849,708.24,682.6102976661085,615.6051131893653,756.8967950134823
850,741.1599999999997,625.4256385043336,543.9539472639002,719.0775084679466
851,741.7499999999998,780.4477880414701,656.9688619036039,927.0996119910177
852,706.1199999999998,645.185736332637,539.4124751147114,771.6616706083981
853,732.4599999999999,692.582766502639,581.3117545662283,825.1159940825854
854,879.1200000000002,710.623556344977,599.9895786131351,841.623739189751
855,1103.9699999999998,962.2291949619513,816.096315505647,1134.497082070292
856,1181.3400000000001,1158.705513246315,983.3171923248051,1365.3450033595502
857,1192.31,1147.3349397210977,974.5978811317168,1350.6564142744603
858,1204.6100000000004,1181.8679436400416,1004.1279007226515,1391.0383376934044
859,1217.0899999999997,1175.9464203400291,1000.5230687659896,1382.0963255374274
860,1202.3400000000001,1205.8045521104502,1027.7955516171521,1414.6138454382324
861,1189.3099999999997,1157.5206341202859,988.3461948723166,1355.6232595210895
862,1197.83,1178.6650824244484,1010.2608567753103,1375.1134897765346
863,1202.96,1180.967716188686,1013.8688443775184,1375.5795352296914
864,1138.42,1188.7227843542032,1015.120434941435,1391.984783042079
865,1053.3600000000004,1069.148210003052,915.2623155221398,1248.8791797631936
866,1056.4499999999998,1016.8604467345007,870.5261048415655,1187.765182443845
867,1057.5999999999995,1073.1800350076726,918.0242394166113,1254.5302658192638
868,1053.24,1026.4274040508249,843.5227051306215,1248.9451633231665
869,1114.0599999999997,1056.9103507545185,875.5488431467309,1275.796289201426
870,1146.7400000000002,1147.538654641706,956.5517608326334,1376.6185216965491
871,1184.5000000000005,1131.202261585077,951.1847773541372,1345.2533655498726
872,1117.6,1219.5138574674806,1008.9655098201916,1473.9553938088031
873,986.63,1035.1248997166451,864.9598981668026,1238.728086814983
874,989.8499999999997,952.6218156825354,742.0337459414557,1222.894032152488
875,987.6699999999998,1013.4123832949421,772.6213583628129,1329.150043375003
876,1049.0499999999997,952.8871332888606,668.6983871596141,1357.6723224960929
877,1198.5400000000002,1134.3731032392816,784.3468173061021,1640.4048610790496
878,1469.5199999999995,1240.769375210683,802.3280181661266,1918.5037971304132
879,1700.04,1688.7743534351166,1111.8100608271923,2564.880257592738
880,1588.1300000000003,1708.4592470316713,1178.3761227050534,2476.793861520211
881,1557.8999999999994,1466.7949330742829,1023.3280679206816,2102.253862731569
882,1592.2300000000007,1599.346021344567,1050.783327194226,2434.014248481657
883,1640.4899999999996,1536.9210641334048,991.4972710746612,2382.0808088209856
884,1745.9700000000007,1691.3691744673613,1024.8619870126306,2790.9091056564066
885,1879.2900000000006,1751.7206774512883,1033.017613091055,2969.964647286701
886,1921.8800000000006,1955.5148902026028,1092.1474967101392,3500.7694566422533
887,2026.3599999999994,1844.3759419114176,1030.279180410237,3301.124615403175
888,1999.5499999999997,2162.0244430078433,1206.6057681493255,3873.339510831857
889,1930.3799999999999,1874.211024330497,1085.1929687138304,3236.3772313536956
890,1786.3199999999995,1919.1349334937956,1187.774499794279,3100.4445241391495
891,1565.4200000000003,1675.2183436351393,1096.1828453624385,2559.838375677286
892,1464.6599999999999,1479.6372900775677,1017.0623703014257,2152.3914313316145
893,1464.9200000000005,1441.1971222753791,1034.1168248512822,2008.3698504013917
894,1468.9900000000005,1469.9492684654867,1094.0327880681625,1974.915035581991
895,1466.0100000000002,1456.437099913763,1118.1521900987912,1896.9750198384875
896,1364.1900000000005,1461.8863209434787,1153.0215468419121,1853.4163181874344
897,1320.8599999999997,1295.3018290881378,1047.471427258258,1601.7126618905356
898,1278.6799999999998,1336.8976783170074,1104.4770469374914,1618.183503271101
899,1265.4700000000003,1243.1698861843042,1047.3274466405103,1475.5984718309933
900,1307.2300000000005,1283.6732184852494,1099.144230316743,1499.1535551552968
901,1431.2999999999995,1325.447683654151,1150.8602152584472,1526.4973769943824
902,1472.8600000000004,1499.9253742012183,1317.2703383366982,1707.8884680235349
903,1368.1399999999996,1448.0386659760281,1283.965203743294,1633.0621904599536
904,1183.4699999999998,1321.6986826473399,1182.671497989745,1477.0551935636502
905,1092.7299999999998,1108.8361800825128,1001.1942180241773,1228.0395658523232
906,994.0699999999996,1095.3343846827383,995.504045644075,1205.1657835626922
907,955.6599999999995,947.8141201406094,866.8585118239665,1036.3214323682314
908,940.4399999999997,976.830159939913,899.1753785224502,1061.1839304886848
909,939.23,935.8226016185317,864.7743199241157,1012.7013384506924
910,980.9699999999999,957.2396797576623,887.1737872909057,1032.8329018500062
911,944.1600000000002,1010.7670341348112,937.4013228957516,1089.868593623747
912,930.2099999999999,917.3366958720594,850.9094966815552,988.9435213133371
913,846.1699999999996,950.10300067814,880.6116985741224,1025.0718175155964
914,775.8800000000002,804.4953335863286,746.007261641653,867.5628182562402
915,688.8400000000003,770.6935577905648,714.6377039251132,831.1402629699567
916,677.9799999999998,655.6235698276836,608.7249517969018,706.129519929615
917,696.0300000000001,695.8558639392054,646.795242748793,748.6320798002049
918,647.63,701.8617542821721,653.0141195743095,754.3577680465997
919,651.0199999999998,624.6410478147466,582.6884596150887,669.6089768656022
920,655.71,670.8154921318904,626.6882715013769,718.0449080542109
921,586.28,653.0760907408771,610.8660523230213,698.1980203095371
922,518.32,556.7794073351824,521.7921851137754,594.1081062534986
923,489.4099999999999,502.2652740500922,470.9645229177772,535.6418952401613
924,422.1599999999999,486.4531295103193,456.1146183969332,518.8051952542812
925,348.05999999999995,393.0642117991798,368.4994544120404,419.26206308749755
926,325.97,326.9618899855327,306.4635476529269,348.8268399748582
927,247.29000000000002,328.2329700540303,308.15894787167,349.61042003413684
928,366.94,208.52379611037358,195.96530604027575,221.88301436967083
929,432.51,390.80457951549545,367.3779342692887,415.7210200410537
930,424.63000000000017,446.92317871167614,420.83890304761815,474.6203673432272
931,365.6700000000001,429.3670304667139,404.84600338829483,455.369606615373
932,343.37,361.7244004461348,341.49249803152344,383.1514527623264
933,313.60999999999996,346.611279981684,327.5250059991711,366.8064067086862
934,308.43999999999994,312.9762293391815,295.7580983741606,331.19336938113355
935,290.89,313.2105313834201,296.07578156169916,331.33358004899014
936,251.68000000000012,292.437397662843,276.4720133094783,309.321409788827
937,261.91999999999996,249.49428254354783,235.57939885457498,264.2275975457081
938,282.06999999999994,269.4608883113034,254.46833267692753,285.3333053441334
939,297.7699999999999,290.50809267960074,274.1472089225621,307.841832088563
940,295.87999999999994,305.5444498344678,288.1084565757165,324.0319995385754
941,361.35999999999996,300.36978939414075,283.1661765640895,318.61492059905584
942,400.8299999999999,381.03342893611614,359.1254618543191,404.27415105052245
943,361.1000000000001,411.0806640122038,386.7421567710426,436.94689508835114
944,295.45000000000005,358.51567608623867,336.62534350547014,381.8252938886715
945,298.7700000000001,290.71231026691083,272.50276195647587,310.13423262175434
946,330.6299999999999,309.71694189583394,289.4022608301023,331.4527078581595
947,302.05000000000007,344.31976201135814,319.6201699400145,370.9221347112722
948,257.92000000000013,302.66720432300724,279.07183200749466,328.25042950725367
949,228.48000000000008,258.88277124425525,237.5702867261425,282.09918941046817
950,225.79000000000005,233.5135062800058,212.90313843279233,256.109760196539
951,222.53000000000003,237.37423864518587,215.28707018267494,261.71694189430843
952,222.23999999999995,231.6834709133547,209.32938985036745,256.41337278068187
953,208.20000000000005,234.24122108201271,209.65817988482212,261.6930135179788
954,220.4,217.95008982615653,192.49857087140245,246.7493328193208
955,226.53,239.2929343930769,208.4736953846422,274.6465159656933
956,220.74999999999991,240.32495287216378,206.0173141355101,280.31817438531067
957,241.66000000000003,232.82213416548694,195.54815646289083,277.1648599997194
958,234.99,259.63936011627044,214.74109783342948,313.8814793473836
959,293.35,229.98353160680534,189.51825341344988,279.0434652199341
960,344.58000000000004,326.9790281606289,269.88611163902965,396.10505002387777
961,317.17,344.432098241799,285.9224411276141,414.87313291629425
962,236.98999999999995,301.33811090030804,250.42444955698238,362.5618312532105
963,235.56000000000003,219.9609822313211,180.9615579255494,267.3190681880549
964,233.25999999999996,257.0286619585955,208.9148961583341,316.17039433887646
965,235.49,235.9834335097403,190.42585701407538,292.38329018914106
966,284.36999999999995,246.72336269288323,198.05607718792268,307.2893287700793
967,303.0799999999999,299.95292653830796,239.39173411635855,375.7711245351376
968,236.14000000000001,291.6488840461369,231.69496541875225,367.0499454697163
969,185.12999999999997,220.70266765736923,174.03176393228665,279.8180169252539
970,161.21000000000004,191.7220792357045,150.87375115841147,243.5570715257604
971,176.07,169.22691237616888,134.18329868816735,213.354894268165
972,193.63000000000005,202.15762127471513,161.00831991691012,253.75863895859453
973,229.97999999999996,205.09811970021815,165.12594048005812,254.68815334450645
974,238.5200000000001,253.332743377275,204.84753237846573,313.2381334690107
975,251.57000000000005,235.99258058191415,190.60244459973114,292.135525322801
976,236.79000000000002,257.88207754454874,208.55429625755065,318.8213125223239
977,231.82000000000002,229.1752504686594,185.46961187523544,283.1248254635656
978,237.68000000000006,237.56593037028864,192.79573813175696,292.67881709941
979,231.35,239.06752413664887,194.6535622420126,293.5635923245414
980,316.72999999999996,230.17327193207674,187.71423619032643,282.18521556521193
981,352.22000000000014,325.21357374807167,266.3301740965804,397.06690755022345
982,336.23000000000013,307.03784394059073,253.69513605358551,371.55251423256203
983,339.38999999999993,307.05210019468683,256.04528152133804,368.1804645185825
984,335.02,316.3561922100587,266.5212981241986,375.4745216184997
985,321.54000000000013,310.47956927668224,264.0568707636082,365.03285097753485
986,322.96000000000004,300.92783031075095,258.2397507613694,350.64520274543435
987,330.9199999999999,309.22674724549006,267.4923380907774,357.44834676056246
988,357.4999999999999,315.79169355743306,275.316800846472,362.1953496839566
989,322.3700000000001,348.17834340474786,305.81061186220376,396.3966700918539
990,345.73000000000013,289.6197903453029,256.0830717605317,327.531404117579
991,322.96000000000004,350.5096553507791,311.3934601813654,394.5237658723367
992,322.19000000000005,300.8978416598026,268.506522506752,337.1821929618191
993,352.5999999999999,318.6056325617505,285.34093008190865,355.73475089983464
994,504.68999999999994,348.4889322102459,313.1664236940429,387.7828377752064
995,570.1699999999998,535.7698938585372,482.1976254652096,595.2817360195206
996,561.59,534.4178976837604,481.6218321428203,592.9895505499303
997,493.83000000000004,532.0251094123915,480.0344167520086,589.6350094084106
998,538.46,454.0788997426056,410.0107169778018,502.872031643704
999,563.2700000000002,542.198544927482,489.2518437184427,600.8634360930474
1000,586.87,545.8402328695626,492.4250890853359,605.0377692572513
1001,577.0100000000001,579.4599848728789,522.240361551816,642.9369337628142
1002,511.21000000000004,563.6738373263265,506.0373498827973,627.8620407047786
1003,561.3799999999999,486.28775819644966,436.17015936185715,542.1508857666072
1004,632.2,564.3685909852521,505.2167318931544,630.4323955220727
1005,645.3900000000002,631.6670980527626,564.2836100391603,707.082898300864
1006,646.48,630.629464987818,562.3095848668505,707.2353855830419
1007,645.5099999999998,631.9312567542844,562.9987416253086,709.2887758616612
1008,661.8799999999998,631.6972468264364,562.0861240602393,709.91399527886
1009,667.5100000000002,653.0932340352723,580.9049011948695,734.2369054328456
1010,658.0400000000001,653.3775629297144,581.1581322872532,734.5561506689413
1011,646.9200000000002,643.1977296896373,572.3349606677451,722.8189599565959
1012,668.19,634.0171356860786,564.2779758352391,712.3601163553653
1013,684.8199999999998,662.5421544308961,588.9590831198934,745.3029272782945
1014,677.1499999999997,676.0991587690608,601.465781014508,759.9781090533496
1015,659.1900000000002,663.6734757775927,590.995479814785,745.2739910454844
1016,667.8599999999999,645.350633612499,575.388074785474,723.8053175402154
1017,670.9599999999999,661.3260876803818,590.5433151259308,740.578571179717
1018,672.6400000000001,661.0634047608436,590.8675861121608,739.5844858016198
1019,688.9500000000003,663.3991641476463,595.1643236810132,739.4439208882999
1020,719.3899999999998,682.6088631911344,614.3303933619749,758.4636684207608
1021,708.4499999999997,718.3972109096838,650.1079003779662,793.8488211619092
1022,715.18,688.783029156938,623.5924783295657,760.7777091799453
1023,717.4500000000003,711.521733589253,644.2631244028186,785.7910029833046
1024,697.66,703.3612805981248,635.179664964004,778.85016014918
1025,710.6600000000001,680.4590925949386,613.584953571145,754.6099318441243
1026,699.2500000000001,703.7099442753758,624.9962728882487,792.3211858743095
1027,688.7200000000003,688.8943986781491,608.1848484205206,780.296978349884
1028,684.9399999999999,683.7075551212937,589.6311405239304,792.7685703877719
1029,676.7999999999997,675.9869348668161,583.8405631841159,782.6517143837096
1030,687.5699999999999,669.5668166609239,578.3225670884394,775.1821844204457
1031,706.8900000000002,688.7982283187948,590.9398617945042,802.8343529514369
1032,663.8799999999999,703.793156572203,603.6712148173696,820.4933692536358
1033,643.62,634.2850418493355,537.360442170648,748.6596198083664
1034,647.3300000000003,646.2329973996111,549.3504008842337,760.1706146662787
1035,659.2500000000001,649.0372445921913,555.2329212005853,758.6609320515776
1036,657.2400000000002,665.3205474024255,566.9074263599484,780.7877549804475
1037,662.3500000000004,659.317514919293,560.2669331941254,775.848224476436
1038,652.1700000000002,668.0417097546584,564.6189796099088,790.3751580616072
1039,686.2399999999999,653.9538902012516,552.35505659784,774.2067920498112
1040,653.09,690.6640839866947,579.7209423943202,822.8022260824744
1041,667.5100000000002,660.9069728984839,553.4236900377232,789.2274896331079
1042,679.3699999999998,668.5768022518366,559.7616523553788,798.5074060978535
1043,669.5999999999998,677.6030728506397,566.9158846195128,809.8632685822016
1044,552.7399999999999,672.889171138189,563.5342225155525,803.4270778726875
1045,521.9700000000003,579.1633373270082,485.94356416782915,690.228969323442
1046,429.3200000000001,542.7937588870453,460.65978846073494,639.5401977730464
1047,436.96000000000004,421.9209897859185,363.5448967812431,489.6450897564833
1048,714.2600000000001,446.3494745703572,390.19602647237366,510.5633566193885
1049,699.2800000000001,809.5734454108672,708.96918231425,924.43356355773
1050,486.52000000000004,612.6584202919762,537.813532032412,697.8997759109562
1051,410.6800000000001,508.84043798796137,447.8830654964778,578.0756929541507
1052,500.05999999999995,462.52008685655056,409.01826977813715,523.00316462913
1053,677.7400000000002,604.7215281534033,538.0082517993691,679.691934573688
1054,706.7399999999999,701.4125760636971,628.45711655297,782.8237332422311
1055,503.89000000000004,660.0366237282938,594.7543070963594,732.4725283646582
1056,340.44999999999993,479.46590006443455,433.1997187262063,530.6619775847735
1057,331.83000000000004,374.4647055225245,339.157777132935,413.43634269171207
1058,505.74999999999983,412.2340253165954,374.9881510546826,453.1695242266331
1059,678.9499999999998,639.2014091526445,583.2960340362409,700.4558039180705
1060,546.1899999999999,653.9422974443078,598.3993465712878,714.6320997600758
1061,299.8200000000001,494.8215390135006,453.33834253622206,540.0923435987947
1062,408.03,286.2053057370148,262.0084121780991,312.62832451015
1063,583.2099999999999,633.1827713727638,579.4316091616159,691.9115870980306
1064,570.6700000000001,531.925751549737,485.8826167535801,582.3230575339977
1065,560.8199999999998,584.7156753777924,533.477648140865,640.8656674915752
1066,561.9399999999998,537.3958380054479,489.42545388084625,590.0583883601101
1067,681.1100000000004,571.7937204385555,519.9899662428476,628.7484931233957
1068,777.2099999999998,654.8144962682317,594.8126961858276,720.8588262197976
1069,776.82,682.9579355335993,620.5187411842519,751.6699141654722
1070,645.21,669.3462158171435,608.8249156395138,735.873875658431
1071,592.8799999999998,562.3600442896759,511.5497539880205,618.2072809179095
1072,577.8999999999999,589.1920465051596,535.7621990323191,647.9403545665392
1073,710.9,550.4441362939624,500.08728630041173,605.8616062844703
1074,577.8999999999999,719.3764666032142,653.4350222524989,791.9622284724085
1075,597.3099999999998,473.7501211432959,429.26154345031784,522.8387695961947
1076,703.8800000000002,644.2934897276227,582.9826590257992,712.0411861535389
1077,767.0300000000001,608.1870644612959,549.4217302379903,673.2264324239375
1078,774.7900000000001,695.0597498351813,628.1236103552595,769.1176165793929
1079,757.4700000000001,653.6965154836475,591.1020615910754,722.9081827120099
1080,780.2499999999997,686.0952655630231,622.6328198234332,756.0158095476519
1081,789.8899999999998,704.0124388360589,640.9645822125068,773.2522760376114
1082,719.9800000000001,705.5952547847178,642.309100833554,775.1072452377139
1083,554.2700000000002,643.0211224740085,584.7352768524236,707.1069257455391
1084,639.55,522.1496892891378,474.3566215281665,574.7479437721572
1085,780.3599999999999,692.2497315915887,629.5420002243911,761.1937796067197
1086,765.9700000000003,716.6337210239558,650.0765725783234,789.9947604338588
1087,603.7399999999998,691.9739822095777,628.4753478955065,761.878072389764
1088,585.9199999999997,553.1278115773047,501.56897506866676,609.9760983982329
1089,564.5100000000001,613.5058239553534,552.0061830664991,681.8448202533735
1090,546.4299999999998,568.3129980618627,507.26429959691876,636.6943846326194
1091,572.8299999999998,585.3731823130196,518.7670971101667,660.5145722912524
1092,586.28,603.1157478393293,533.9490591372288,681.225401753349
1093,704.5900000000003,587.4606846224192,514.7293777531222,670.4490046212806
1094,759.6600000000003,703.7840814205243,608.9394843479944,813.3768589678212
1095,753.79,709.4603225214339,605.8395167140792,830.7748860693949
1096,594.5300000000002,709.797959873809,599.0724471361219,840.9545709389329
1097,555.6300000000001,590.619330177863,497.67691159511946,700.8841733027385
1098,549.1100000000001,609.7822031764514,513.1728108856998,724.5438090444065
1099,544.2399999999999,593.492084422691,502.4570477925747,700.9880643062249
1100,643.1699999999998,590.8922617055571,502.85397535569047,694.3134570777243
1101,708.6600000000002,675.515640409298,578.0970349806964,789.3224918664257
1102,741.1899999999999,683.8134944395028,588.0823126158291,795.1018555861515
1103,770.0999999999999,706.9604413613669,610.9052075151322,818.0941674902916
1104,700.7500000000001,721.7091720133604,626.9258478534081,830.7997245976918
1105,509.2599999999998,662.1854896971523,576.6458137825362,760.3921597818885
1106,357.9400000000001,507.6362970281171,441.9898366849139,583.0108761648378
1107,416.3500000000002,375.2910131297638,323.2552396170974,435.67737406318855
1108,602.71,532.8163332855527,456.9776288684999,621.2135312296082
1109,747.09,668.7699730091676,572.0354205951146,781.8343600101107
1110,620.6100000000001,743.4698045154134,634.9746134593729,870.4739206655823
1111,552.5000000000001,557.8379715235658,475.3580073436252,654.5990948028577
1112,555.13,594.1114571313667,507.2905418096893,695.7622201823694
1113,562.24,565.8932642991114,482.53117062195525,663.6272104740087
1114,555.8900000000001,595.1282362251322,506.8503556066481,698.7511572092617
1115,557.0199999999999,560.1626377126096,476.92096253722457,657.902895350706
1116,559.94,582.0336304685726,496.01822516043603,682.9351095176364
1117,560.6400000000001,570.8413464433497,486.5273666948619,669.7367582645066
1118,564.8000000000002,578.6296044030016,493.0725851219459,679.0022677183288
1119,557.4300000000001,574.6182691938703,489.98920371297623,673.8343737990631
1120,598.99,564.3075257051415,481.6934273022609,661.061218452751
1121,617.8100000000001,619.4189031444187,529.1585066532783,725.0462871921051
1122,640.8199999999999,601.1407586358207,514.1404636158317,702.8342332217035
1123,639.3999999999999,644.3100696521764,551.632545524512,752.5297900330161
1124,623.59,610.5224119714188,523.5636635488655,711.8966154715472
1125,504.81000000000023,621.1348175191483,533.9461632225434,722.533988612918
1126,485.5400000000002,474.260130235411,407.93664429300134,551.3403063618416
1127,405.49,552.7428548441259,475.75064157189786,642.1688236012163
1128,346.5299999999999,405.34982227093957,349.98894734358646,469.4426715123495
1129,428.76000000000005,392.162778348708,338.6252620194076,454.13978954263456
1130,461.73999999999984,509.7340458241665,440.81811715119204,589.3996586782296
1131,484.69000000000017,468.8443321305157,406.01247057727954,541.3757560107873
1132,404.8399999999999,526.7085497980129,458.88246165445156,604.5380162315573
1133,362.22,389.86739276297567,339.8483350651999,447.2266832727875
1134,354.79,411.9039470695591,359.306743458719,472.17923575070296
1135,360.77000000000015,379.88874924633416,331.54470086217384,435.26086636263966
1136,370.11999999999983,405.13490076689504,354.23286163931016,463.330796592842
1137,371.4800000000002,398.74449539132377,349.0846121162294,455.4486871608379
1138,361.51000000000005,385.95479482145964,337.96030925972366,440.74497469137685
1139,363.58,373.013690724026,325.710900388137,427.1652086992524
1140,384.7000000000001,377.5065738158449,327.3190041746304,435.3659264317422
1141,490.55999999999995,399.56617808385613,343.43210850316376,464.8487378601455
1142,589.0499999999997,526.3142359832941,450.2068332100238,615.2590701307403
1143,606.6899999999998,595.6156418856043,507.856582116474,698.509914290736
1144,435.5800000000001,589.9683637002308,502.1966255534342,693.0499779989924
1145,345.4899999999999,393.530677898831,334.73986917129616,462.6162401192081
1146,337.35000000000014,353.9737632005089,301.47357554446995,415.58638224483644
1147,349.42,356.7293405692729,304.1442447866716,418.37635492221625
1148,360.63000000000005,369.85692076161166,315.91517833926906,432.9800207661506
1149,437.8799999999998,377.0405997265934,322.70927105202713,440.49089266792396
1150,528.7300000000001,476.55383887114544,409.38527421919633,554.7160145535754
1151,523.9500000000003,533.8547406786583,460.18288137840494,619.2953430782527
1152,500.44000000000005,497.78973589075457,430.2794995771863,575.8676713682803
1153,457.25000000000017,487.37948042193017,422.72279597396283,561.9022539345531
1154,445.83999999999986,439.17843419930625,381.840126709723,505.10435118015585
1155,474.5099999999998,449.85690694813667,391.28880770229733,517.1691308845627
1156,503.1799999999999,476.186826260624,414.7219146223321,546.739388152175
1157,661.2900000000002,488.63041914523023,425.29866731039385,561.3708581236953
1158,726.62,671.4279120727525,585.6108619409731,769.7993940623951
1159,830.0100000000002,639.7795578746084,559.5000315539277,731.5573928187611
1160,900.3899999999998,842.8243670587412,740.9134088193191,958.734052488989
1161,956.4600000000004,839.3841107266007,741.9460656664783,949.6012430770253
1162,964.8099999999997,946.142480554608,837.9350044864008,1068.3067683119639
1163,957.0500000000001,913.1107896584771,812.2577884102648,1026.4706835620361
1164,925.9000000000002,929.5219074757631,831.2536364517655,1039.3931954973389
1165,823.7500000000002,882.2589388177116,788.2521618465772,987.4627381648435
1166,665.03,761.8384419161335,683.5157240109693,849.1228942634325
1167,641.5000000000002,598.9959572946723,540.2846569671249,664.0754720945555
1168,660.16,649.0756577435889,588.0728955268642,716.395697544002
1169,706.4699999999998,648.2868712925133,590.1971011615635,712.0844187235151
1170,804.4899999999999,717.8068574834886,656.3155410707623,785.0506348649766
1171,828.15,822.4755475560361,754.1966719159115,896.9276559871001
1172,864.22,795.5697612623221,731.3306168957707,865.4438846584802
1173,918.5000000000003,869.0497590951467,800.2051776644763,943.8098993919992
1174,954.6599999999997,908.5690720080754,837.2027544454123,986.0116655737022
1175,906.7,945.4485617598533,871.4858312656199,1025.6812914977731
1176,867.8499999999998,860.6762352159318,794.9173754325222,931.8681057282053
1177,782.4300000000002,851.5198159021731,787.5595877434333,920.6678711442469
1178,736.7700000000001,737.9955368910875,682.0478121783756,798.5258806309313
1179,810.4199999999998,726.0781077021628,670.6648132406297,786.0630771160662
1180,818.5900000000001,842.0701604557513,778.2248522578731,911.1465946464299
1181,830.6000000000003,794.9528299330902,735.5398863775564,859.1583148393631
1182,844.9899999999999,831.6946497466458,765.6339304736936,903.4478102974884
1183,860.2099999999999,835.294964068908,769.1212162004296,907.1547842268444
1184,872.3000000000003,854.9259148469081,787.953929540191,927.5829555769972
1185,884.0399999999997,863.4351331535263,796.0362175587768,936.5334306876082
1186,899.8499999999998,877.0045852343345,806.4015760025097,953.7814552322841
1187,916.76,889.8250590895813,815.6796765508919,970.7020132709329
1188,936.7600000000002,909.2499645293815,833.917918563555,991.378986608933
1189,944.9299999999997,907.1936003579274,821.8803395481247,1001.3518318398915
1190,951.1800000000003,925.4545027538157,831.5537713322476,1029.945958360557
1191,954.2200000000001,921.6653218399355,814.3714999948095,1043.0778174505867
1192,938.0499999999996,944.6542813758672,819.652870093654,1088.6958415346228
1193,930.74,901.8628324585956,776.1801438027494,1047.8704591017554
1194,870.8299999999999,933.7717407847534,778.6628445208927,1119.7385519399893
1195,847.53,827.1537772961531,691.947459903016,988.7412409100616
1196,819.5400000000002,863.9090567551874,727.8601152498042,1025.3528773292262
1197,779.2699999999996,800.1772470533252,677.5273760385762,944.9971754469814
1198,738.5999999999999,770.3077599378296,659.8686250456724,899.2026091028275
1199,714.0299999999999,728.686002480699,630.4020370370063,842.268838211012
1200,695.2100000000003,716.3238857460939,624.9639542791308,821.0178710680593
1201,641.61,696.4798767996581,612.1610070790501,792.393860542323
1202,609.49,626.602149304258,555.0060035959617,707.4176344569689
1203,541.0299999999999,612.9069042055146,545.9518325399456,688.0582764501004
1204,517.3399999999998,516.1134005034656,461.8984799045493,576.6780019571406
1205,604.0900000000003,523.1241451695126,470.84036801859327,581.2013930330932
1206,790.6599999999997,669.665113599252,605.6493358707697,740.4360619936681
1207,839.5599999999998,889.1065956705189,806.2571100918506,980.45899460212
1208,653.23,803.2626300870927,731.7354880701829,881.7720080246096
1209,535.78,584.7042202140086,531.6728081299992,643.0152910767287
1210,578.0799999999999,529.9590838224914,457.5992531397796,613.736170553012
1211,654.9699999999999,660.9500108792,563.4026592980279,775.3567546757378
1212,686.9800000000002,670.3363615516661,544.2556053403935,825.5710722223018
1213,725.9400000000002,719.5914534724385,595.3449999324067,869.7242332481645
1214,732.9300000000001,740.508557451946,573.5102127246096,956.0498984985466
1215,702.4000000000001,732.5917439983087,581.1242719752223,923.4707234701708
1216,725.2900000000001,685.7424830950146,516.3715304279435,910.5600885448996
1217,724.7599999999999,773.2728381194777,600.9593207538459,994.9118617829969
1218,707.7400000000002,696.183416514019,546.1527353281281,887.3528946824447
1219,679.5099999999998,738.3193309164146,592.69251756436,919.6669393596341
1220,669.1900000000002,656.5595503029662,536.6746514646727,803.1750917897762
1221,718.9500000000002,695.7897175625092,580.4566006060134,833.9993963346885
1222,936.8700000000001,743.2510845206926,629.769581285588,877.1489996415005
1223,1172.7899999999997,1070.244941920544,922.0060554706365,1242.2916542516195
1224,1252.1899999999998,1143.5488519265887,998.2560661341223,1309.9673474533026
1225,1329.89,1235.2542743106526,1092.3317276205382,1396.859946932586
1226,1346.7899999999997,1315.6220522105205,1176.5843339774358,1471.075993497599
1227,1332.2500000000002,1288.487498593427,1163.4374725667035,1426.966763525367
1228,1324.3999999999999,1239.272727345794,1009.8047328749717,1520.8334344582522
1229,1296.9999999999995,1284.2114538222913,1071.336725650175,1539.3449695658924
1230,1284.7300000000002,1247.554340349292,1059.0603693632852,1469.565248789922
1231,1275.6700000000005,1263.4146356640772,1090.9414669042321,1463.130101601625
1232,1289.9800000000002,1234.749498395553,1077.810872808731,1414.5185688934057
1233,1298.0299999999997,1293.6991203583473,1141.113835118928,1466.6696496563595
1234,1315.9100000000003,1256.8711564992714,1114.1099334526111,1417.9092921572967
1235,1353.8099999999995,1327.4494765268985,1186.7007027636537,1484.8777195114385
1236,1430.47,1338.5174704394299,1200.275575453014,1492.6681393324727
1237,1483.8899999999999,1471.074659232133,1327.8552216690184,1629.7297943501192
1238,1522.4399999999996,1448.8334310032756,1308.4539467206175,1604.2622415007404
1239,1458.55,1540.6566864012543,1397.1043229234058,1698.9484943699024
1240,1321.2999999999995,1371.79643086841,1249.6265838347433,1505.9006728023228
1241,1298.1500000000003,1267.9442556676074,1156.3054588643954,1390.3522239598217
1242,1275.6100000000001,1309.0981738880384,1195.830183670195,1433.085844962063
1243,1277.7999999999995,1233.938677154328,1128.730212050346,1348.9448984052813
1244,1337.5300000000004,1302.0188380921265,1191.1200690911871,1423.2341324874412
1245,1512.0899999999997,1352.2583179497692,1236.9657599124212,1478.2881470565007
1246,1721.5999999999995,1648.040856357177,1423.4198294782082,1908.0830453626554
1247,1914.4500000000003,1764.049958244795,1429.7930708768583,2176.3947739282007
1248,1977.2800000000009,2047.2010942680186,1550.7198251149396,2702.5342686621702
1249,2021.6999999999998,1884.088305811487,1361.9874123881877,2606.1832273790264
1250,1925.010000000001,2132.992758521937,1484.852281399062,3063.857220622323
1251,1901.5300000000009,1779.5457548812963,1295.6521294397285,2444.0221560933855
1252,2085.24,1961.4633430686818,1483.7777216290883,2592.8309261959607
1253,2361.3300000000004,2149.9863182673134,1681.1147115175643,2749.5509045807194
1254,2514.649999999999,2477.8136975287553,1994.8199543455937,3077.6932126204188
1255,2534.440000000001,2516.3292694516194,2073.1830472507104,3054.153044104437
1256,2714.3099999999995,2522.467967224427,2117.9290761582943,3004.2400777627863
1257,2752.8100000000013,2828.068313407633,2413.5745086500956,3313.7154884864826
1258,2567.3000000000006,2676.353887387037,2316.555397289201,3092.010784851579
1259,2621.429999999999,2468.8465579722897,2164.3409342052682,2816.1739256231563
1260,2716.5500000000006,2705.893418281687,2397.753647245128,3053.616294737811
1261,2798.26,2696.384079558989,2412.558297221009,3013.586753937453
1262,2882.7699999999995,2843.7935682954267,2564.6667222097844,3153.2874903271654
1263,2901.970000000001,2883.824539253237,2620.966547847416,3173.0346302701823
1264,2922.2899999999995,2889.203849959667,2642.0931817890314,3159.4176318398236
1265,2908.4300000000003,2920.325808347301,2686.8842044013472,3174.0417166563766
1266,2889.109999999999,2875.1937888960747,2658.966107069959,3108.9985406944825
1267,2871.41,2874.0542177469824,2670.2139066900622,3093.449581249431
1268,2877.8099999999995,2845.0937477418097,2654.006343225502,3049.934187635205
1269,2837.639999999999,2875.7601109769907,2694.358089704113,3069.3707858783337
1270,2791.9800000000005,2787.2317035033966,2620.9549739984272,2964.0532177392442
1271,2763.42,2772.3444754636103,2616.6201170594786,2937.333003119169
1272,2745.4900000000002,2733.6757202751974,2585.4787922587143,2890.363856315212
1273,2742.2799999999997,2736.898545402826,2591.8945614978884,2890.011673297081
1274,2675.25,2727.9159056211424,2587.3976609646893,2876.0625674173216
1275,2339.9799999999996,2615.2912563328714,2483.5691893031026,2753.9967082558023
1276,2021.5500000000004,2101.7569815743504,1893.3645579868528,2333.073927279609
1277,1928.5799999999992,1949.5275662874337,1660.2696105172367,2289.150715309015
1278,1723.7599999999998,1915.001108298528,1571.3229821601665,2333.80034869021
1279,1687.7700000000007,1576.0609793002577,1238.188842266413,2006.0559446635025
1280,1778.53,1830.9514265385765,1401.4497501708452,2391.9884324111395
1281,1868.5800000000002,1760.9053044597906,1288.0388022691998,2407.236506471937
1282,1866.0199999999993,2009.4925093530367,1429.1041849114768,2825.4235380968935
1283,1758.2400000000002,1824.2912205825232,1352.9421351346455,2459.7314843660665
1284,1554.3599999999994,1737.7678168038694,1335.1448227132187,2261.7139433984835
1285,1424.31,1465.5405912472092,1160.43991908624,1850.7886895671752
1286,1398.4100000000005,1417.059725494638,1151.2129786289813,1744.244518476689
1287,1389.3499999999995,1403.715119319462,1165.2766753609098,1690.9009083621315
1288,1388.1999999999998,1394.8650877420143,1179.6453760526194,1649.317176264605
1289,1356.8800000000006,1396.913652942544,1200.0560498442512,1626.0369574647048
1290,1263.2199999999996,1341.0619867927753,1167.2023775516689,1540.7965337213232
1291,1148.3300000000002,1221.1463979905873,1075.3345008210101,1386.7115496920724
1292,1119.7800000000002,1107.5227925897327,985.4500183995816,1244.7020211572242
1293,1076.3299999999995,1137.1305355656991,1021.0037141311999,1266.4524545032873
1294,1026.0399999999997,1042.1558373088308,942.9839670065428,1151.7463801765455
1295,996.6900000000003,1021.603832778435,930.4711958195563,1121.6526418705503
1296,996.0100000000002,985.4938666412443,902.6271600658326,1075.9598258311469
1297,921.3,1010.1777785047686,931.5350959608725,1095.4525669549068
1298,713.8199999999999,871.6219326302426,808.1214368463234,940.1059979763774
1299,657.39,620.4230436112729,577.7396967051678,666.2543828073124
1300,679.22,693.7074536317709,648.862093605242,741.6474799508851
1301,680.2199999999997,675.4484804319427,634.4122093548473,719.1349611196194
1302,622.0,690.8040556135026,651.0446653096947,732.9878336953773
1303,623.2100000000002,583.7965774703023,551.8094529613168,617.6345678226131
1304,675.18,655.0588175879383,621.0798596676418,690.8937584072248
1305,730.6899999999999,694.757628647165,660.4028164616676,730.8969102829361
1306,719.1000000000003,764.0107444173859,727.6625175050924,802.1721476190146
1307,631.8500000000003,701.034725557756,669.3288938800662,734.2402087819504
1308,495.63000000000017,597.293025327858,570.6023355265344,625.2300237563398
1309,373.65999999999997,438.62909942838843,418.976246118916,459.2016110441887
1310,401.8299999999999,337.58355245284105,322.3788659740677,353.50313565259034
1311,388.2400000000001,471.25930035378866,448.8536693442886,494.78087713664564
1312,314.05000000000007,356.6031351650716,339.15823796106673,374.942687869065
1313,341.5699999999999,301.92126092162437,285.95164807962834,318.779624659564
1314,341.0999999999999,388.14444107835055,366.3129382869147,411.2735145906962
1315,328.12000000000006,312.9262361228625,294.1947307914807,332.8463442827529
1316,317.18000000000006,349.2129513298828,327.9313367511564,371.87147065581513
1317,319.5100000000001,304.321707816689,285.1240162436083,324.80748197218855
1318,315.8199999999999,336.3447531250665,315.3733975719508,358.70623110032795
1319,287.87,311.25147441347144,292.25127351230554,331.4827275448999
1320,262.04999999999995,279.81972559735567,263.1200788961161,297.57524885713553
1321,252.28,255.76122099655691,240.87795913827782,271.5602814018854
1322,252.78999999999996,255.09302328198424,240.79800239666213,270.23316124886344
1323,293.05000000000007,256.75065568110523,242.9533011653386,271.3283521341376
1324,376.9699999999999,327.69637435870595,310.6603982067617,345.6635707911848
1325,427.3199999999998,423.44325302244846,401.6315945823615,446.4365088590351
1326,348.73999999999984,438.35452870646844,415.4597916027975,462.507896289276
1327,274.15999999999997,302.3536635307077,286.37652638112843,319.2190740361905
1328,259.7900000000001,267.38599096418454,253.36241943491618,282.1827134914399
1329,264.31000000000006,264.2003701406231,250.4358461392137,278.7184148666807
1330,306.9999999999999,275.3210635256644,260.62370933809683,290.84407766836875
1331,341.19000000000005,346.53319770184555,326.30215346586874,368.014753572237
1332,351.15999999999997,345.28617358171255,323.53326928932313,368.49713746284635
1333,306.2700000000001,363.7913664250495,339.4534646459765,389.8691049939279
1334,247.1,274.51215864616336,254.87136195976788,295.6605914021905
1335,247.21000000000012,240.1630932257427,221.67983729579032,260.180528244026
1336,256.69,269.1040699658778,246.89041601854737,293.3083068071222
1337,242.2299999999999,260.12043107655455,237.42618410385674,284.974796693912
1338,274.08000000000004,241.79027281672583,219.21508334832322,266.679741451593
1339,350.20999999999987,316.659300552914,283.6859699296535,353.4517183361757
1340,364.7599999999999,369.7088451585835,299.03713258344334,457.0268005347349
1341,337.0899999999999,339.67699329736894,268.40417159939125,429.8055553598481
1342,336.93999999999994,322.2595142895929,252.12355064942028,411.8288865680181
1343,369.85999999999996,338.2968079953053,236.42123527493416,483.8863825617419
1344,412.69000000000005,371.06076578556645,242.78770273370125,566.8268915317428
1345,421.1799999999999,411.448708564759,269.2513470996708,628.4656401249987
1346,420.3000000000002,389.34134028215624,254.76579790255445,594.7261024842772
1347,401.51,412.8788565635448,270.18843191821395,630.6482849165458
1348,368.14999999999986,362.7852925693559,237.36531265676152,554.1971367593105
1349,342.63000000000005,355.8377320348956,232.81301911212168,543.593998603419
1350,337.5900000000001,323.0735661977099,211.34474979711135,493.59040738444554
1351,236.42000000000004,344.60014879931,225.44974715976238,526.4435690397991
1352,240.86000000000007,192.1466950452658,125.55671708967593,293.77412708544557
1353,235.8199999999999,302.36432999300246,197.77530742643967,461.98465289085567
1354,222.73999999999995,236.4101718634532,154.55975186473083,361.3275881363332
1355,217.27999999999994,242.75632583604738,158.7179820261576,371.0128793973764
1356,197.51999999999998,229.9451623863725,150.97854729065452,349.9420834748806
1357,239.55999999999997,202.68083751363008,138.7386893294093,295.88187122220774
1358,371.80999999999983,271.1452966518072,191.4984882575188,383.7462032565199
1359,388.26000000000016,407.9089074658676,295.6492923224124,562.6504078465881
1360,391.2099999999999,345.89147036263915,256.02949478838997,467.17075335818316
1361,394.51999999999987,382.63516302681023,289.7864346384499,505.1306882956863
1362,379.18,371.0026783085101,286.4133328911191,480.48772806280925
1363,357.0600000000002,361.5074646371448,283.9846684580982,460.1183563966792
1364,357.12000000000006,341.92304806994593,272.7763806237868,428.533828410051
1365,391.6299999999999,351.7075641921596,284.4523616481114,434.8087111982718
1366,402.8100000000001,388.8343904333963,318.38712889339007,474.8202138299218
1367,497.80999999999983,384.7385640086615,317.9156983184521,465.5629210101985
1368,384.7499999999999,506.356838396483,422.0164358615187,607.5129078812971
1369,546.6300000000001,337.56035932191133,283.02509591565075,402.56686276138873
1370,618.1899999999999,510.51189087230034,430.98242478387067,604.6830081331711
1371,641.9399999999999,579.131312581665,492.82233153842685,680.5251525568902
1372,635.5400000000001,604.4142512862286,517.2208432669323,706.2784130986201
1373,626.5999999999998,600.5067188027937,516.9701055659126,697.5158581103906
1374,628.9599999999998,595.5940770390649,516.0364642296872,687.3934062336822
1375,675.3300000000002,602.4425567298965,524.8465318154366,691.4889625411137
1376,706.6500000000002,651.6365024283512,570.4984497772639,744.2940676705512
1377,740.2800000000002,682.4859163202011,600.1240408062665,776.1324487064087
1378,720.7499999999998,716.3199825292309,632.3839805186635,811.3791778162508
1379,705.9100000000002,696.55959799313,617.1387594422802,786.1847304824657
1380,720.9899999999999,684.009012056585,608.0835221587485,769.399016764796
1381,808.9200000000001,700.4682230797159,624.946629077113,785.1016341219013
1382,760.3899999999996,788.4318821871063,705.4899252041768,881.1112295881229
1383,758.5999999999999,744.2768665788823,666.910701914312,830.6045936465555
1384,789.4799999999998,743.9020210868607,667.460702314135,829.084729137198
1385,799.4199999999997,775.3927204043964,696.5120578463998,863.1938867093816
1386,795.0799999999998,785.6171257549626,706.2779585993608,873.8561933929858
1387,767.9500000000003,781.4973193070329,704.1917654900199,867.2773745907532
1388,773.6699999999997,755.2225118734992,682.3054647750981,835.9206993719707
1389,785.1999999999999,762.8630877276531,688.0930879440621,845.7460013765071
1390,771.1599999999997,774.3471998209391,696.5857802184455,860.7768557179016
1391,784.9699999999998,765.089235068149,685.2342859950062,854.2366561462838
1392,787.7699999999996,774.0604855591054,691.9349078342036,865.9194602313905
1393,807.4399999999999,778.1963983547022,694.6348218577235,871.7956222598614
1394,810.5999999999999,794.8960639287121,708.0182702154383,892.419212434032
1395,840.6300000000001,801.4283772310245,712.5518912980637,901.3748776200079
1396,856.7599999999999,825.7136903162705,733.0701735234253,930.0493061935258
1397,873.9900000000001,842.45100828455,747.94990090939,948.8760898591697
1398,875.7300000000002,858.5645250987469,762.7163901882624,966.4418178011098
1399,881.3899999999998,862.3432546082497,767.5172048344851,968.8697317233034
1400,866.4099999999996,878.1806915983491,780.7354467113609,987.7727257745163
1401,764.3500000000003,858.3989214408874,764.1853712613577,964.2125274641392
1402,693.2899999999997,745.375804371232,661.5486177106817,839.8090009691409
1403,646.7100000000002,685.0411227593786,605.2622622787638,775.3181899989997
1404,680.6700000000001,642.947880430444,566.7613744563636,729.3576667361536
1405,609.0099999999998,702.1079017192413,616.4516203409684,799.6468930910555
1406,513.0099999999999,603.752794529382,530.2284508187643,687.4532293543691
1407,409.00000000000017,500.12362274829655,440.4188083390515,567.9039083343483
1408,364.7599999999999,384.3995292690255,340.4437548654199,434.01395191524483
1409,489.43999999999994,364.02319441987595,322.563921807883,410.7947752642315
1410,522.1799999999997,607.1848140818017,534.1166382738184,690.2301760470475
1411,395.8999999999998,520.3447549277173,459.2608175083499,589.5355032436815
1412,457.7900000000002,356.8094930199359,303.52237176569946,419.4211091383738
1413,468.8499999999999,591.2288128382461,498.7882627540032,700.7671139836887
1414,363.0200000000001,473.4960422765344,403.44637741161665,555.678231554431
1415,325.7899999999999,355.16621758327994,301.0991310813836,418.909763042008
1416,318.1199999999999,337.2463281298233,285.9655081788959,397.6910455523593
1417,331.28,330.6822051384727,279.9420926664623,390.58633781563196
1418,365.43000000000006,356.58672224244805,302.48807313646,420.32879425084747
1419,446.70000000000016,395.89967997776716,336.5118669853961,465.7372361555221
1420,470.97,510.2795791340723,433.4241438174802,600.7317678120166
1421,315.93999999999994,458.17437795162914,389.9399776057248,538.3183645697791
1422,282.89000000000004,254.33423249126332,216.05104515009396,299.3697597347151
1423,247.61999999999995,337.8087928295554,287.30278568237856,397.1626394171771
1424,197.78999999999994,230.82999917304238,198.26640634428662,268.7150488262108
1425,170.94,200.77590742262893,173.50912086175916,232.30308820062962
1426,189.63000000000008,168.09290142114304,146.1931928356047,193.25089408145615
1427,306.7199999999999,219.0170387066781,192.10184372325065,249.68376556068753
1428,324.2299999999999,401.7797766438523,353.8991820905021,456.1200968051293
1429,338.9499999999999,291.73061950655085,257.3518398289047,330.6841701357291
1430,407.32,394.66237727312944,349.44732905899536,445.71111407748896
1431,588.8399999999999,418.61500354739024,369.8052222131838,473.84970721595187
1432,493.5700000000001,691.9720443793161,613.674938569442,780.2426115970528
1433,276.9700000000001,408.07611342549086,361.20297722783096,461.0151602730855
1434,232.4799999999999,261.81756277291123,228.8543406141603,299.50801354167623
1435,297.1199999999999,256.04288929328294,221.12700169819175,296.44716505024866
1436,482.4499999999998,361.5223159215743,308.8711148414242,423.11965248324896
1437,400.4800000000001,504.02481102501383,424.43894888831835,598.4986129438843
1438,402.72999999999996,305.33407198487583,241.40670036612718,386.1203375034594
1439,387.00000000000006,478.5821626598056,363.42725515034107,630.1247237712017
1440,413.25999999999993,338.7202876135039,256.10855669345597,447.87605181418394
1441,338.7500000000001,417.21925609434413,315.83157276988953,551.0515037026927
1442,317.68,312.04222148692094,235.99992911732258,412.482960937746
1443,374.8699999999999,334.51030872453134,252.1947597401215,443.5872709844746
1444,512.89,380.37254780647976,286.30563394349394,505.23796764462753
1445,725.6199999999999,495.87808516234253,374.040041230701,657.2972599523747
1446,521.3500000000003,647.7082140901508,491.8592245558603,852.8388368549998
1447,352.63000000000005,389.0770322566361,295.7014229472084,511.83910128472246
1448,302.23000000000013,333.76491565132756,253.70687768593103,438.986347322849
1449,407.6999999999998,307.6474214531559,233.85860761306023,404.61949905890765
1450,490.7100000000001,441.3308998716257,335.74846787484887,580.0171200361842
1451,435.08000000000004,442.1284781931087,336.9921789782245,579.9686152483171
1452,347.83,393.0337736755611,300.4251750030086,514.0950473710552
1453,213.25999999999996,328.9046346295736,251.64710531492307,429.78691843473814
1454,219.7700000000001,210.84972020711524,160.99394669315825,276.04926553115774
1455,297.8200000000001,279.65766042588774,213.3460302081824,366.48393370863556
1456,509.14,330.09516510879405,251.7188029037394,432.7785993714736
1457,687.1800000000001,533.4219011949325,406.3485333346777,700.1361158925582
1458,674.1499999999999,549.1007678731597,417.3359309119286,722.3680696634877
1459,555.4199999999997,545.4907056895814,414.67953803656724,717.4671461476277
1460,550.2,458.76772995395567,349.26056595305016,602.5117454111244
