step,true_value,prediction,lower_bound,upper_bound
80,67.33000000000003,70.83086776660795,58.757611588476585,85.34336993982014
81,73.15999999999997,75.56937692228261,62.71330637131419,91.019545306571
82,83.24999999999997,80.35824287757971,67.18340869576568,96.07880275774939
83,93.82000000000002,92.5494325261794,77.82115745223368,110.02978703749277
84,80.34000000000002,104.43582205860444,88.25496125954133,123.55008008852086
85,71.74000000000002,78.27201474979321,66.61918652922229,91.9329772368042
86,65.70000000000002,66.23450692857966,56.94403540665192,77.01456854367241
87,59.37000000000001,61.65467911012195,53.48245710860458,71.05271242754517
88,54.380000000000024,55.22448517586347,48.23873493400295,63.20133940337803
89,49.54999999999999,50.94540635562779,44.862401635428384,57.835236386026025
90,46.190000000000005,46.26868003433499,41.031648195715725,52.1582321441319
91,44.00999999999999,43.72906608528733,39.04098741384749,48.96603435833595
92,43.29,42.347666881520304,38.02898873058046,47.14422010885924
93,45.39999999999999,42.6215176653616,38.49241763735896,47.182332641732536
94,47.07999999999999,46.79583103447057,42.485327956867195,51.53361470658752
95,54.06000000000001,48.3435721384541,44.083880024529876,53.00573575428889
96,60.259999999999984,59.6533795461898,54.63734223444442,65.12164245503146
97,136.75000000000003,65.431554920186,60.05145755447098,71.2857678733749
98,228.7899999999999,246.45773584497397,226.74847098756192,267.87263288307724
99,272.87000000000006,360.1033524807206,332.334322660391,390.1857324865574
100,211.29000000000002,302.3823567872612,279.9517820122045,326.6037395121232
101,214.4399999999999,175.02371113182002,162.64961193809663,188.33345770681572
102,201.37000000000006,221.8383327630655,206.98074197170155,237.75731030606272
103,154.97999999999996,193.22170599223472,180.5952903918302,206.7260428788694
104,119.15000000000005,132.2075719834002,123.41278723165573,141.62406323775275
105,96.01,102.80283816327902,95.84123054873282,110.26489357577547
106,85.09000000000002,85.0603710888446,79.22828855276589,91.31640865775772
107,74.12999999999998,79.98606003170079,74.43016473428878,85.95118116952479
108,69.41,68.31819051773392,63.511860038342775,73.48260728797754
109,79.38999999999997,67.26296680809534,62.4954356309845,72.38846629109858
110,89.35,86.94063884881758,80.79247495403858,93.55094696038799
111,78.80000000000001,94.94713541959324,88.21384079015456,102.18861640403335
112,69.70000000000002,72.02647752239211,66.7057019143859,77.76539594954453
113,66.56999999999998,65.62974445529083,60.62628979247532,71.03943091702128
114,62.98000000000001,65.41607866520566,60.29840873186757,70.96101165623837
115,57.27999999999998,60.958572903148706,56.11286952654396,66.2154067554009
116,51.89,54.20048457739056,49.8765274587584,58.89193150119712
117,47.71,49.18525949878958,45.19576882076267,53.51928467156247
118,43.03000000000001,45.644085415215024,41.889885763232115,49.72689435995177
119,38.88,40.589050598894126,37.20674075894242,44.27078456208137
120,35.32000000000001,36.81023664939721,33.74810604403817,40.14221343953516
121,32.0,33.531471822628134,30.74494849217292,36.56259193587812
122,29.59,30.30682627810771,27.78875362050974,33.045147786785684
123,28.339999999999996,28.404451261044365,26.04630148812383,30.968206608315494
124,27.789999999999996,27.76199972789685,25.49228446440823,30.22617188634424
125,28.029999999999998,27.543725128719444,25.32253471368607,29.95234760200635
126,27.59,28.24067083139444,25.992837574258054,30.67569279509004
127,27.32,27.178002379594275,25.01449521152321,29.521438592155178
128,26.910000000000004,27.270648034705395,25.103547210892135,29.61766026836002
129,25.950000000000003,26.105986414925244,23.435827378115743,29.067919868517567
130,24.35,25.509819957273137,22.961931442023094,28.328627196326817
131,24.140000000000004,22.76273325151759,20.27235624016585,25.54466130632915
132,24.140000000000004,24.781598040023976,21.95151322429412,27.96065244159128
133,22.500000000000004,23.686574225583076,20.695125614513138,27.090500964306077
134,21.270000000000003,20.81557895636703,17.71706400162913,24.427037336628224
135,21.459999999999997,20.783746321234428,16.45423142624221,26.187195597420715
136,29.269999999999996,22.05078140632985,16.648440090381843,29.106826479920688
137,41.31,42.293841952803554,29.910764280944303,59.637670877320424
138,33.29999999999999,45.86291466200255,29.721188249122612,70.48593188549123
139,30.550000000000004,24.115428992158524,15.464517379884384,37.311768204686146
140,27.84,35.729190506266605,23.077946877445477,55.02776026178981
141,27.659999999999993,24.44461775680874,15.664889632704092,37.849856618285514
142,24.6,28.45760012890418,18.275350720307724,44.01864676527983
143,21.51,23.16738537710739,14.754715291653154,36.07223552780166
144,20.829999999999995,20.64746265624765,13.499906432361879,31.318321613976423
145,21.790000000000003,20.834825885601603,14.177909174226727,30.411416156324936
146,23.07,22.264313386830477,15.691341799534946,31.425690148873436
147,21.130000000000003,23.492527355163546,17.054119611286737,32.226981384814266
148,18.869999999999997,20.161709681119532,14.969684012074937,27.04175438220229
149,17.94,18.322632549699154,13.876772013924743,24.09711974487626
150,17.590000000000003,17.77679106345171,13.725146610167164,22.94325109110187
151,15.579999999999998,17.51522587756561,13.743265080351831,22.252216346170062
152,14.050000000000004,14.832868834073802,11.767959150981229,18.633500746101664
153,12.600000000000001,13.78064795892817,11.049575194709465,17.13072664849535
154,10.410000000000002,12.139776019743065,9.813777644461979,14.966086924067227
155,8.530000000000001,9.701973150798302,7.8815905645681354,11.89546376719031
156,7.950000000000001,7.9654773995661134,6.506112296271339,9.708577467200888
157,7.789999999999997,7.897081399628384,6.507098779174402,9.544427316076797
158,7.43,7.7315243856216185,6.416520220115222,9.27968856471621
159,6.960000000000001,7.274602402076553,6.0683011746375515,8.686775254870492
160,6.050000000000001,6.78933577616675,5.706054555411162,8.047607849374444
161,4.710000000000001,5.674588295927659,4.785532167531056,6.700264665393092
162,3.9700000000000006,4.187508815306445,3.5463289979619192,4.9191157791144695
163,3.5,3.7643618774112255,3.215522116873812,4.38465781215326
164,2.9700000000000006,3.3114904599837978,2.8466704074642735,3.832477965998949
165,2.5099999999999993,2.7381482336095213,2.359902929789711,3.158974978873146
166,2.3799999999999994,2.3253370475007786,2.007489957819608,2.6767758611230765
167,2.3,2.3306139780274266,2.027185125235325,2.664456916809586
168,1.8200000000000003,2.0591023893697624,1.7883338513268234,2.3561646228964843
169,1.6799999999999997,1.4078704065373477,1.2041108444284743,1.630466570832426
170,1.4900000000000002,1.771145775407331,1.5451303648123584,2.017232050164179
171,2.17,1.3435908247421295,1.1408335994457541,1.5655510803069617
172,3.05,2.8129148051624266,2.4706304490543567,3.188956307747512
173,2.81,3.801289061744124,3.349049785421263,4.300554785944085
174,2.3900000000000006,2.4725793386843185,2.1195399275825837,2.865572341881168
175,2.04,2.224102901600762,1.8755032593466607,2.6149635672721336
176,1.56,1.848469788575176,1.5283241351063457,2.20915345614269
177,1.63,1.2799711707225678,1.0143136971350368,1.5806648421839884
178,2.79,1.8212828393540068,1.485041588865768,2.203019577336883
179,2.67,3.996776912789781,3.36000061903549,4.726554121846042
180,2.6100000000000003,2.2288218712182672,1.1913460625712098,3.7574825602054593
181,2.5999999999999996,2.876782644351754,1.7249592326780863,4.515474687221674
182,2.22,2.5276170273294105,1.5662308239608218,3.849167025551388
183,1.9100000000000001,2.0994072727912227,1.3307117412831984,3.1216274292857253
184,1.9899999999999998,1.8161180538006674,1.1741234796433218,2.647686512379282
185,2.0000000000000004,2.0908342883201243,1.4400705792418287,2.9151558480016293
186,1.85,1.9519195649422492,1.3748976417377796,2.669138814552312
187,1.9,1.8048929791419681,1.2850536601596176,2.4429933798098835
188,1.9,1.9522345520884126,1.43079228943428,2.585534185059094
189,1.81,1.869024603031325,1.383684197722097,2.453184855890336
190,1.73,1.7843755638962162,1.3368863532340165,2.317554261932056
191,1.77,1.7062577797445337,1.2906769678441194,2.1972343867065067
192,1.77,1.8040166811669383,1.3890128176287009,2.291112333196547
193,1.75,1.7507997382929892,1.3550307499729515,2.213078725311628
194,1.62,1.7571456375154804,1.3658332404352098,2.2131816970634146
195,1.5700000000000003,1.5671560468494787,1.2073987156146564,1.9855458926643244
196,1.48,1.579686713694164,1.2064949179707507,2.0159976742345753
197,1.54,1.4712410540302128,0.9478492699583836,2.135269469415791
198,1.5,1.566323335071032,0.9375732677741795,2.3991052465829603
199,1.4299999999999997,1.4631010925906716,0.7502984709818594,2.4661899629713147
200,1.3600000000000003,1.4427229193996585,0.790415611044309,2.33268723985267
201,1.38,1.3249523149801732,0.7472015294529477,2.0937491616231068
202,1.44,1.408033782476707,0.8507293289228646,2.1331576189609063
203,1.23,1.4450864070969063,0.9142833511617734,2.1230734648252336
204,1.06,1.1917362277656953,0.6542421580742075,1.9038721257671578
205,1.2599999999999998,1.0403867368794262,0.4471614672429418,1.8767888934777588
206,1.4500000000000002,1.3241089011419578,0.6965096396753372,2.1838794534648
207,1.2999999999999998,1.4140162527596098,0.6666055165272744,2.4966129721749177
208,1.0,1.2813835830205274,0.5645516840793281,2.3266469275755046
209,0.98,0.9118590172026275,0.35744284120007497,1.6927136750948115
210,0.8399999999999999,1.0351735894941427,0.4907392866934952,1.7784412582037752
211,0.73,0.7556949983582533,0.31866862298377185,1.3375584081810077
212,0.73,0.7341109221391464,0.3307043964176173,1.2598111935135923
213,0.71,0.7282692754541404,0.34662959162805973,1.2180670223261871
214,0.6099999999999999,0.7054968721480719,0.3498980662085214,1.1547697961199548
215,0.6400000000000001,0.5748092621851617,0.26301158597549534,0.9635799384601134
216,0.8300000000000001,0.6706675560546045,0.3556487122201668,1.0588888977605326
217,0.6499999999999999,0.8986036345447252,0.5573497743144407,1.3146346572614105
218,0.49,0.5710420758619581,0.2989192198346231,0.9001745192767998
219,0.47,0.49443830991164694,0.24371205353958825,0.7957097511240698
220,0.3999999999999999,0.47896503815129576,0.1716916567004667,0.8668201412592622
221,0.6200000000000001,0.38014296577673123,0.10818645308408681,0.7188394612494506
222,0.9300000000000002,0.7239330261258048,0.40349103570409595,1.1175376279310005
223,2.31,0.9718201842162795,0.620994059492769,1.3985743908891028
224,1.94,3.900872597618158,3.0811412380651406,4.885253858421153
225,1.52,1.8741671272345992,1.4193380672129439,2.414502829194268
226,1.2599999999999998,1.4999329051724635,1.1263527835999705,1.9391475293122284
227,1.06,1.216268221027851,0.9004236227177329,1.5846052263408978
228,0.94,1.0239959963993863,0.7478685739474762,1.3437458939998348
229,1.0,0.9189296108487204,0.6673042007865042,1.2085297030110063
230,1.0700000000000003,1.0199439589262078,0.7641072287872805,1.3128829872815384
231,1.0300000000000002,1.0827831003734278,0.8305552801929057,1.3697647867503937
232,0.8900000000000001,1.0174448653519859,0.7832078515224452,1.2824505742615404
233,0.81,0.8594853477441495,0.6528266550250528,1.0919832990125458
234,0.96,0.7965976290084074,0.6048965138037101,1.011196991704232
235,1.15,1.0008255852528678,0.7972346128093077,1.227479369732818
236,1.0899999999999999,1.1936968837601047,0.9744406453236838,1.4373009283496998
237,1.2400000000000002,1.067354125626903,0.8645260730411517,1.2922463474997201
238,1.0,1.2819094203156682,1.0603739247644524,1.5272648522382557
239,0.96,0.9478836869483624,0.7606363651255508,1.1550451490356322
240,0.8700000000000001,0.9590702654803005,0.7723679613150287,1.165439902356077
241,0.74,0.8514095738249907,0.6732009891718389,1.0485987231859117
242,0.8900000000000001,0.715545159394581,0.5511616176024214,0.8973491611217286
243,1.02,0.9252127342699825,0.7423220057755255,1.1273014172518159
244,0.94,1.0424593191273677,0.8498113808833465,1.2551705073293107
245,0.99,0.920641456132369,0.7406338577554492,1.1192645349154957
246,0.8,1.0027779981488054,0.8179396984710958,1.2064096588254967
247,0.74,0.7638587500434146,0.6059179363984342,0.9373329231767278
248,0.78,0.7301231776711032,0.5786282569409174,0.8961564869713248
249,0.9199999999999999,0.7890396701304168,0.6315927957556875,0.9616799912492462
250,1.29,0.9490896338130446,0.7742769866572181,1.1411258947763199
251,3.42,1.3805609042412148,1.1638029194669843,1.619032522702084
252,3.25,4.914913937687892,4.371863979018044,5.512861648565017
253,3.12,2.96841620520329,2.605526969015346,3.3678295331183943
254,3.3599999999999994,3.1721981280241316,2.7887387539628006,3.5944675391727943
255,2.7100000000000004,3.4185894432038753,3.0023062623286014,3.8781705816369527
256,2.59,2.5909795123725403,2.2392858615440763,2.9808570189395325
257,3.09,2.5696496408717655,2.198580118212096,2.9837671990841104
258,2.6299999999999994,3.1702707777302717,2.727637814354542,3.6654635524461234
259,3.21,2.529275786451961,2.147071653420316,2.9578976739531324
260,3.09,3.265390845724136,2.7831032445538795,3.809162713964663
261,3.05,3.0877695069214495,2.6088796411212116,3.6302069349493165
262,3.05,3.046087212967816,2.5580365412811865,3.601083081919902
263,2.9500000000000006,3.0493076770135445,2.5570465681328822,3.6096929992478755
264,2.7100000000000004,2.9502197427129038,2.4748498437005795,3.490621672187393
265,2.6800000000000006,2.700740269311799,2.2657125191484218,3.193718357204707
266,2.34,2.6724710121534287,2.246676757056054,3.1541072131051004
267,2.1200000000000006,2.311808236957479,1.934809228004064,2.7372356927740373
268,2.03,2.091143342964033,1.7440272729756794,2.482169168234628
269,2.08,2.011752460642817,1.6794930067154068,2.38521237467498
270,2.1399999999999997,2.082132731524895,1.7476160920077572,2.4573760877181132
271,2.58,2.1472083700947566,1.8052298771069575,2.5308765978955963
272,3.17,2.634383869178057,2.239073562366633,3.077939526291794
273,3.09,3.28390805914421,2.8215795854961345,3.8021682784916253
274,2.76,3.100240376488415,2.6606121417983215,3.5926666070464304
275,2.65,2.717271883499177,2.3227645077880954,3.158618591075535
276,2.5099999999999993,2.629683007642519,2.253478820093809,3.0493881978272643
277,2.3199999999999994,2.48694648674306,2.1325895669703776,2.8813880789269533
278,1.9,2.289270781759651,1.9605954376713006,2.6544345566673653
279,1.6799999999999997,1.8323338809106984,1.5499727117747466,2.1459612002558934
280,1.73,1.6291470226895508,1.3674818957720754,1.91973259827741
281,1.83,1.7417395394373707,1.4751681876832303,2.0370201667589796
282,2.73,1.8219557596215128,1.5489786710018438,2.1241667103205306
283,2.5,2.846875160801026,2.474309291883954,3.2593929496597633
284,2.3,2.5040838608479317,2.159558753775428,2.8861767293242977
285,2.28,2.2952783258870513,1.9661976818384965,2.6608683607123824
286,2.28,2.279097110403528,1.950265624339481,2.644579583190609
287,2.0500000000000003,2.2645191729461858,1.936702022517398,2.628929782054561
288,1.9,2.072118562979643,1.7625269019928131,2.4164056314513536
289,1.7999999999999998,1.8815993543139413,1.577010934108217,2.222188438892292
290,1.92,1.7775690530766304,1.4676539571436873,2.1264066917790223
291,2.35,1.9637078362592941,1.6168793987134134,2.3565032240397397
292,7.390000000000001,2.495631574205065,2.0688017773290595,2.9818277585900663
293,10.63,15.55254955057066,13.368060312784934,18.06916387177878
294,6.050000000000001,12.096069117645834,10.30393209769401,14.172333383809356
295,7.199999999999999,4.9970773276329,4.151447883115764,5.981520009449421
296,6.749999999999999,8.328937174061775,6.960867427628764,9.93210879200815
297,4.78,6.016287127723542,4.960937436642331,7.258480412166232
298,4.06,4.6573320235543,3.7859225144228272,5.687405725496326
299,3.87,3.8769547064951126,3.1126124118599456,4.7833524843271364
300,3.7,3.941949381058148,3.1545118477649643,4.878636186362057
301,3.5999999999999996,3.5763608197785457,2.8511972146872337,4.438069562611326
302,4.22,3.6605596877449376,2.9127040756537856,4.55135685782825
303,4.93,4.438568076479824,3.5728688446294603,5.468154615289904
304,4.91,5.038458329112571,4.074834752178186,6.185057400495375
305,4.690000000000001,4.813480888627087,3.88716659816252,5.915368928724312
306,4.27,4.679909925653506,3.7751997229579857,5.756026686890698
307,4.06,4.114143302891945,3.2987534098681195,5.084196795860621
308,3.6400000000000006,4.0048475923352145,2.954105755372297,5.334807658715534
309,3.4399999999999995,3.469258277456426,2.527444897753957,4.662531982662882
310,3.34,3.507035505759281,2.452696807833603,4.8833341532008
311,3.26,3.2065102364871843,2.1943509171955924,4.539381498262611
312,3.41,3.3851019298298475,2.1114828233312624,5.180049843376632
313,3.49,3.338586694384439,2.0951170712966425,5.081622785532956
314,3.4499999999999993,3.658355663405911,2.0764036435198334,6.0537809732788475
315,3.5299999999999994,3.2635125656152715,1.8485784185701033,5.381266978173579
316,3.46,3.76710237041455,2.002228709253157,6.569464957806371
317,3.4399999999999995,3.204203996570606,1.7091095856621759,5.524406151130263
318,3.29,3.6652899599435935,1.9587911177254758,6.356021275027331
319,3.42,3.0536724888291635,1.6635199810248689,5.169377652037595
320,3.8100000000000005,3.7176606602918776,2.124616859930857,6.122896375256101
321,3.7699999999999996,3.7617885101692456,2.262923268617526,5.949176535550866
322,4.01,3.7767125450905903,2.313204024919666,5.8866820657019625
323,4.66,4.1099939616465,2.6527969376619214,6.148505305301056
324,5.37,4.4539103432777605,3.0209140444478466,6.397606042731696
325,5.41,5.579384525631538,3.9418485003665866,7.759536180218516
326,5.2299999999999995,5.16796133098858,3.5255835857635134,7.40637373271541
327,5.2700000000000005,5.204903376323028,3.5865643932283,7.394262591483143
328,5.47,5.347804610387935,3.658064368116591,7.650508062419661
329,5.93,5.597232743541854,3.81105486749164,8.046556539304818
330,6.410000000000001,6.208925542750253,4.238899134028578,8.919757214518944
331,7.08,6.607100681274391,4.525534279849873,9.472829928152677
332,6.900000000000002,7.509245517985196,5.1573733524893965,10.759439478536288
333,6.610000000000002,6.633434105846464,4.546694021035566,9.5052335728844
334,6.610000000000002,6.491327208698259,4.4933126728280754,9.216054808853809
335,7.249999999999998,6.646968222817955,4.6500537383802145,9.349657845475969
336,7.23,7.705925434432894,5.474564307814207,10.706291584505568
337,7.100000000000001,7.082030515657298,5.077029598773525,9.74854354324662
338,6.759999999999999,7.09518334110926,5.14946264196045,9.656539789187383
339,6.660000000000002,6.563060130733129,4.826611593409521,8.817005582761649
340,6.839999999999998,6.666447543174682,4.983318604187489,8.82304667699213
341,6.9799999999999995,6.938397502959557,5.267895890124045,9.054116408392888
342,7.169999999999998,7.021604376270545,5.397609876312481,9.057840039238412
343,7.280000000000003,7.266161635586293,5.685511986461353,9.22052287453986
344,7.210000000000001,7.309889816385484,5.801191248555723,9.153260838699588
345,7.750000000000002,7.158860000351218,5.745537510891502,8.868301287755116
346,9.000000000000002,8.102209543408994,6.590723362529788,9.914667102887806
347,9.989999999999998,9.757676406074062,8.071931089040493,11.756666747348788
348,9.979999999999999,10.403542670271198,8.721257670264347,12.376950785953174
349,9.849999999999998,9.805055071934518,8.295716996335594,11.559463154220467
350,9.69,9.825422652855973,8.416604158293275,11.445014534221164
351,9.369999999999997,9.579018579620708,8.288840195109824,11.048396974993599
352,9.389999999999999,9.170803587551397,8.001052375388921,10.492572346250642
353,9.79,9.492472444937453,8.348811913235602,10.776039461432394
354,9.73,10.0779260296803,8.927984945718517,11.361062772561114
355,10.03,9.580787000529156,8.531692019665561,10.745349442637036
356,10.38,10.273008426331291,9.199330994788342,11.459711234498815
357,10.330000000000002,10.52550881698638,9.466022396933496,11.692248158130406
358,9.959999999999999,10.244535751882493,9.241455152823766,11.3458612461435
359,9.630000000000003,9.74788538788863,8.81928044652037,10.764308081466945
360,9.199999999999998,9.487599769261001,8.606638728681936,10.449347896451435
361,8.88,8.970253563615554,8.1507855100865,9.863106343517497
362,8.689999999999998,8.76713650882893,7.989138580159967,9.612469118303585
363,8.489999999999998,8.606326590328498,7.856541988219657,9.41958708972403
364,8.37,8.387755584391938,7.679842748969481,9.153404555946052
365,8.88,8.334861257592024,7.639861547720173,9.085767487962391
366,10.31,9.415090106937933,8.650631710074286,10.240103777082322
367,10.989999999999998,11.645591189669993,10.722076628409775,12.641864117207447
368,10.559999999999999,10.891973914569716,10.00551906924403,11.849829498729916
369,10.620000000000001,10.207170312801567,9.355204951230508,11.129230373679437
370,10.74,10.930560682347304,10.013389921809678,11.92411139582924
371,11.190000000000001,10.639443289669034,9.736880789532535,11.617876900104795
372,12.790000000000003,11.708544160937773,10.716800761471745,12.784231547368114
373,14.24,14.183046979929111,12.996791549577383,15.469839875674573
374,14.210000000000003,14.793524171126933,13.548826942396854,16.14470910483435
375,13.880000000000004,13.783233293748198,12.615275535829586,15.051381849913419
376,17.009999999999998,13.85589876578861,12.675921213003555,15.137686427259627
377,17.68,21.053218494358738,19.2868232869339,22.973415604855465
378,16.169999999999998,16.641022304572893,15.26292994664787,18.135891808633428
379,13.860000000000001,16.664404140648383,14.337238969003277,19.3446770487683
380,13.99,12.82990285035864,11.137083787537174,14.758827754551511
381,13.449999999999998,14.509959531265356,12.738775460952704,16.50948222024495
382,12.76,13.038076519441644,11.536169989266956,14.719920241542786
383,12.489999999999998,12.626640900947299,11.261097137440586,14.14426809949654
384,12.220000000000002,12.422548797835486,11.155879030657958,13.821208386155115
385,13.63,12.120749453609974,10.959044017400805,13.395303334774637
386,16.570000000000004,14.395154725539777,13.107835130499266,15.799940375750769
387,21.040000000000003,17.990834016972812,16.482651668752563,19.629123287105177
388,35.76,23.949041359926802,22.065142447585586,25.986812077741824
389,45.58,57.65019271499682,53.30903323309917,62.338360135083725
390,41.96,51.774497958742494,48.01224608721548,55.8255458001506
391,48.309999999999995,38.921443958097406,36.196790326407076,41.845677643538046
392,46.39000000000001,55.59893386329689,51.86881065344322,59.59223339561213
393,54.3,41.790817258675474,39.05417246653736,44.71443944310882
394,56.68000000000001,58.737488473410096,55.11101835461423,62.59833832560172
395,52.53999999999999,58.09914394889472,54.68692834396799,61.72044300806744
396,49.19,50.6048673125842,47.79046983196872,53.58160865269055
397,65.39,47.60348123318142,45.087497730056405,50.256815933480866
398,63.23999999999998,75.00435978513607,71.20485001554049,79.00380452428213
399,49.60999999999999,63.82782408824281,60.52962148715896,67.30282186756557
400,45.46999999999999,45.5263851812606,43.2071416021621,47.9673034623246
401,129.11999999999995,45.132606761845516,42.87381825994529,47.50768615655309
402,671.5200000000001,130.41386698260587,123.58315464560427,137.6190972964848
403,522.1599999999999,2477.014327535083,2346.145075846029,2615.1804273030643
404,197.72,343.3039224800772,254.47224878241178,463.0237505253774
405,122.47999999999999,158.99681180709445,121.51048807206809,207.95337363586313
406,92.67,100.9690883614089,78.91074584059164,129.11635508944502
407,79.18999999999998,87.16264531387245,69.76414247255754,108.83884997622803
408,69.56,73.29691202537035,59.87576381895582,89.67699179795366
409,63.12999999999997,66.72255970007366,55.432959130791794,80.2706822922488
410,58.179999999999986,60.36061217740564,50.61858134178212,71.94126705761174
411,60.159999999999975,56.44141830906844,47.70600727543554,66.74352327215841
412,58.1,63.39552257448074,53.66829929771698,74.85352719786607
413,53.25,54.065175299689706,45.92572768766836,63.61644134678774
414,48.790000000000006,52.663161338909,44.73970867466068,61.95918728667201
415,44.910000000000004,45.80985769052725,38.925811276043255,53.88085794570141
416,41.77,44.295930497752,37.643788757377024,52.093171907620224
417,39.34000000000001,39.716125485197345,33.69483051414971,46.78241743680602
418,37.61000000000001,39.04439483056857,33.11876170500907,45.9991722211608
419,36.78000000000001,35.443207254610115,28.262454160252425,44.386055035891445
420,34.71999999999999,38.04657074871575,28.886306130574834,50.014490736100214
421,33.17999999999999,31.990701918847137,22.157898646812797,45.99849626675941
422,32.23,34.03135862991995,21.39667281415042,53.79367840220953
423,31.71999999999999,30.834561154794077,18.0895279443283,52.08875561898991
424,33.13,32.382366164858816,17.8730380359758,58.04626317397729
425,33.910000000000004,34.12457256322478,17.75444268257387,64.78364490114107
426,31.71999999999999,33.74911133405756,17.496051853990725,64.28424271508499
427,30.1,29.78828564648517,15.387806938093963,56.84291556706708
428,29.719999999999995,30.18358021638125,15.598211998301444,57.58556784375301
429,30.24,29.29681921184707,15.126212085432133,55.91958219900524
430,31.28,31.49404455498057,16.295738220670838,60.04757819930216
431,33.53,30.905517124737425,15.982480314227509,58.94189330189241
432,33.48,36.56400687621537,18.994347836607407,69.57267504433797
433,30.480000000000004,29.640183128246697,15.308975803947504,56.56467073212883
434,27.76,29.154363445350274,15.05038657096949,55.651946093243154
435,25.509999999999998,25.655141585749767,13.187841415739717,49.07784849978345
436,24.17,23.463568715974684,12.26507335552167,44.11593553096335
437,23.709999999999997,23.192813472049703,12.683093738194433,41.77484572510299
438,24.199999999999996,23.528629813475597,13.385951208657278,40.82230787523154
439,23.029999999999998,24.771562225746774,14.586723174966435,41.61148492213267
440,20.77,21.568482204447182,12.984567073025335,35.421319755754325
441,19.33,19.487953974105135,11.909888078840345,31.514322005087116
442,17.979999999999997,18.574312366573807,11.572989625590381,29.474351449742237
443,17.060000000000002,16.906258356655798,10.75446681009714,26.277637813386775
444,16.420000000000005,16.682014273021064,10.811590548067374,25.470070011229556
445,16.23,15.905187785534263,10.420261832914901,24.02441522316946
446,16.62,16.36747628493028,10.925085413134804,24.293674808851957
447,17.23,16.99766143631516,11.548885659362352,24.81231720240927
448,17.71,17.70586081175956,12.170948629580396,25.566744624837973
449,16.980000000000004,17.913763584768994,12.442089754880337,25.612711227482666
450,16.250000000000004,15.991122332510521,11.024706385993792,23.008755711042514
451,15.09,16.276577669301226,11.033620532749058,23.803851438650153
452,14.309999999999997,13.71495839845103,9.48683585883592,19.64779153434563
453,14.199999999999998,14.1367761746362,10.131112647912627,19.58392545366976
454,17.840000000000003,14.181722109014109,10.481987468263949,19.073588029283624
455,31.529999999999994,22.207515372437314,16.924325858386176,29.047923364990996
456,37.42,59.047030962709506,44.706003597147884,77.88779686836574
457,35.099999999999994,31.965295471514274,24.06066681371166,42.36319993407591
458,31.630000000000003,37.831030244605856,27.07107844618377,52.71538940864899
459,28.15,28.621442708953325,20.995771180888312,38.89084360552838
460,26.050000000000004,27.360758850583895,20.694231293503027,36.075876609735126
461,24.82,24.977474807921922,19.392914735826164,32.091355803625355
462,23.52,24.438380494801784,19.458604366886817,30.63027108758654
463,22.76,22.673894460628276,18.433527825611826,27.83950273785771
464,22.359999999999996,22.62176358976957,18.729519590729723,27.281870347879337
465,23.32,22.090059415151813,18.609040173391772,26.189033174540228
466,26.579999999999995,24.375061646384154,20.855134043525975,28.46189907943087
467,29.320000000000007,28.99090325379366,25.17923938162795,33.35754052539928
468,27.42,30.248702878514354,26.58950217400794,34.39322403974415
469,23.330000000000002,25.32405898511543,22.46798601840801,28.52771835249475
470,20.72,21.248475509629014,19.007181548137268,23.740849245137557
471,20.430000000000003,19.762331760974874,17.80920588476526,21.918267937188133
472,19.629999999999995,20.79536779637144,18.861168727576167,22.91793070664268
473,19.440000000000005,18.719645228619612,17.05911558150193,20.53286002227798
474,19.840000000000003,19.863510865743613,18.191692726927783,21.68096367728177
475,20.640000000000004,19.918038977529843,18.314804824033498,21.654350310648468
476,21.679999999999996,21.31053680421398,19.665319761080966,23.086733631367228
477,23.810000000000002,22.179419813883086,20.5397053258211,23.94395790383239
478,27.609999999999992,25.493207761000164,23.70336882277512,27.412726316923067
479,42.86,30.19758831267642,28.173726860608568,32.36185058486358
480,39.25,62.29108123240088,58.37369297433044,66.46693296134053
481,36.849999999999994,33.11241059756429,31.052671501534746,35.30451074011407
482,35.16,37.428492911122945,35.17141551840814,39.826410751569526
483,33.14999999999999,34.234902545555315,32.22250905973501,36.36919313235889
484,32.10999999999999,32.42927849738945,30.534163801039316,34.438284265498524
485,35.50000000000001,31.79241684734302,29.96005905369897,33.73322194976334
486,37.35,37.8230097458279,35.69056348891757,40.079393239079245
487,30.88,37.794887147881944,35.659375192998844,40.05479869455949
488,31.54999999999999,28.683511534724442,27.044154920539963,30.418698817227693
489,29.839999999999996,32.22504724503774,30.366882280256366,34.19328936079291
490,24.790000000000003,29.317335306922317,27.532412587439584,31.213918724734086
491,24.010000000000005,23.659060608010964,22.185338276613496,25.226456686331943
492,25.020000000000003,24.182738006517273,22.59725208524659,25.874751823386408
493,21.35,25.233885804206956,23.5119326029064,27.076805510903238
494,20.450000000000003,20.400701708851205,18.948429864364126,21.958700847397537
495,20.130000000000003,20.648955010832893,19.139765248207976,22.271237141295344
496,21.06,19.970571997992593,18.51649286329132,21.532987509766535
497,22.220000000000002,21.370439223021446,19.82525175106639,23.03027617686642
498,23.089999999999996,22.35724159549511,20.753019090838613,24.07977088937013
499,21.52,23.2352392035514,21.52340475054002,25.077177307719094
500,21.769999999999996,21.126760628743543,19.525015895234866,22.853503374649296
501,19.690000000000005,21.959793330097778,20.26235506176802,23.792743241724807
502,18.800000000000004,19.296703312565683,17.75230021090515,20.968300460481487
503,20.489999999999995,18.819020885938865,17.273454449260516,20.495311133860433
504,20.12,20.750398744317437,19.01345222956543,22.638093024147786
505,31.769999999999996,19.932149796510732,18.223435161667805,21.79274705164352
506,109.17000000000002,33.641838901013244,30.738492367538203,36.8107752739749
507,84.22,286.99858990813067,263.3389623744535,312.7758696032753
508,60.19999999999999,66.68617785206061,61.07816482528475,72.80080717777186
509,47.72,67.7459586604537,62.04397328803078,73.96365767672937
510,39.53,43.29097154203423,39.639671551409194,47.2703251588967
511,35.13999999999999,40.17759039762552,36.794034124301554,43.864063607974444
512,30.06,33.877572963138476,30.951425908464028,37.07169981345991
513,25.79,29.438226066379745,26.748066488483072,32.38919511572384
514,22.739999999999995,24.977711478592575,22.58477056205731,27.613443234027947
515,21.29,22.31048999186397,20.11764335938147,24.73104083696893
516,22.68,21.10549982828299,18.989422246058616,23.445585102119136
517,20.760000000000005,23.242369682526164,20.933416892679986,25.794388247842907
518,17.019999999999996,19.89137329189952,17.87544931293707,22.122600727832943
519,14.619999999999997,16.38195103605133,14.684570722130706,18.263021422281046
520,12.519999999999998,14.228464149361134,12.709642410238816,15.915548444588325
521,11.149999999999999,12.077621933331026,10.750646430971798,13.554449956077587
522,11.259999999999998,10.95129324562806,9.733367692004455,12.307417983024559
523,10.569999999999999,11.41445166757998,10.117828615992075,12.86229411604641
524,10.680000000000001,10.261533331886712,9.061728091513539,11.60440868921535
525,10.180000000000001,10.902362243726635,9.626221166868566,12.331759687309129
526,9.379999999999999,9.899350086383842,8.696121624473806,11.251891726038695
527,8.260000000000002,9.276070715821849,8.114689536604795,10.585433484320989
528,7.190000000000003,7.961278971915078,6.9285896333506685,9.128474864520161
529,7.690000000000001,7.004333269347205,6.078424492309614,8.05135756641707
530,9.060000000000002,7.986123755811235,6.953325429072896,9.153038609432073
531,8.79,9.373817214467266,8.18880539157378,10.711651190029812
532,9.659999999999998,8.520974637171527,7.445292972411011,9.73366647406958
533,9.89,10.167844974277456,8.913977415758588,11.580295086334022
534,8.269999999999998,9.66078796396897,8.46505876500523,11.00757468436519
535,7.43,7.899324604448621,6.901083871807081,9.023685319673868
536,6.38,7.348672255487454,6.399670319064319,8.419382948720274
537,6.21,5.953764242777236,5.1392870204295935,6.876295241323262
538,6.01,6.010049139071439,5.175071294671341,6.957930619295252
539,4.97,5.846726972360996,5.008701889574116,6.801630218233067
540,4.24,4.359108325805791,3.6371170668606716,5.193512398677573
541,3.660000000000001,3.776315797103549,3.0741450512738338,4.599504265693257
542,3.2799999999999994,3.316651298795655,2.671534900999446,4.075119517540718
543,2.8400000000000003,3.051506321894901,2.4376281155088773,3.7750085014429953
544,2.62,2.5820333993260225,2.031651786438701,3.232334112803815
545,3.16,2.4866384439979736,1.9349845028016888,3.14198017998394
546,3.3,3.5145866460428454,2.813199192347899,4.344985026097969
547,2.8999999999999995,3.339916225342604,2.684715016581719,4.111622678614901
548,2.6800000000000006,2.7726638464777764,2.1150951508031732,3.569039406340689
549,2.4,2.615316473864925,1.9143027616776704,3.484953786570493
550,2.11,2.2520506438902546,1.6044856922133603,3.060622572066962
551,2.02,2.0342480027664873,1.2068402770216218,3.171874620087067
552,2.0599999999999996,2.0334593330630537,1.1500747478969116,3.2797933115339966
553,2.0599999999999996,2.069050873896352,0.9537157859944674,3.821107212259908
554,1.98,2.0587064108216704,0.8037526650884046,4.186789235952729
555,1.85,1.904210050685014,0.712644469690177,3.924802647466972
556,1.81,1.8093922980646968,0.6567294026600443,3.7640158204186784
557,1.7000000000000002,1.8116549026434177,0.6580636853569617,3.7678526231378306
558,1.6600000000000001,1.6019920845886935,0.534423225619421,3.4123177329573675
559,1.56,1.7138243839765317,0.6003719571976145,3.601956910043625
560,1.37,1.5101277641211892,0.48024982987161424,3.256539176740538
561,1.17,1.2751225574361862,0.34166468604479805,2.8580300317915204
562,1.15,1.048822385453593,0.20821299650722214,2.474282414831365
563,1.13,1.2102859607595526,0.30342983498587506,2.748083630741597
564,1.1100000000000003,1.1166163918340022,0.24819186445383035,2.5892438316289836
565,1.1399999999999997,1.1409950465463727,0.2625682240982645,2.630583838437667
566,1.13,1.1448824064137857,0.26486064278094545,2.637175813478238
567,0.94,1.1192920578395165,0.2549644715926167,2.5789051627269006
568,0.73,0.8016631247530659,0.12841616390204402,1.8765894347617298
569,0.6499999999999999,0.6436690494688857,0.07754080362976157,1.5072349326181294
570,0.6299999999999999,0.6339499285395167,0.11263748424796538,1.3995168298494023
571,0.5699999999999998,0.6209590418029192,0.14932588727457552,1.28612984732582
572,0.6000000000000001,0.5234340558798494,0.1103947931018816,1.0901136578020538
573,0.6299999999999999,0.6537187420071442,0.24185076637005398,1.2021854410570647
574,0.6499999999999999,0.6155086289642719,0.24450069942458907,1.0971206616956728
575,0.53,0.6738798925489309,0.3174445733756057,1.1267489739629455
576,0.45999999999999996,0.4212449486348484,0.13917691720744796,0.7731549625950118
577,0.48,0.4339649108063286,0.1678584669556542,0.760705961899647
578,0.41999999999999993,0.5066083162633832,0.23967782044655705,0.8310149469451134
579,0.4099999999999999,0.36255529618653415,0.132294951431698,0.6396407427397814
580,0.3900000000000001,0.42490741774258756,0.19392825117105317,0.7005721634833486
581,0.43999999999999995,0.37135676936786144,0.15838234348338665,0.6234876157002041
582,0.44999999999999996,0.47617389610461736,0.2557791475401614,0.735248889750334
583,0.32000000000000006,0.44862280581198366,0.2424501819918501,0.6890077879455367
584,0.31000000000000005,0.24363053787515243,0.07335977343797673,0.44091194118614974
585,0.28,0.3364469643823307,0.16208563109138985,0.5369697729842109
586,0.5,0.26377847886468664,0.10507328945145122,0.4452761268298735
587,0.55,0.6057051925275052,0.411126859107088,0.8271136635732694
588,0.52,0.5676909077249448,0.384763583924727,0.7747829381806266
589,0.3700000000000001,0.5085801158903562,0.33718290016128893,0.7019466565009587
590,0.22999999999999998,0.3185317496690252,0.17259794474457424,0.48262751327264386
591,0.30000000000000004,0.17942022603503305,0.05350434550717842,0.32038569704319286
592,0.45999999999999996,0.3312512319922005,0.1930507431423536,0.4854605748058203
593,0.45999999999999996,0.5135292488166834,0.3612068950130718,0.6828968435408895
594,0.3400000000000001,0.4445770576098962,0.3025472718651865,0.6020937745964963
595,0.27,0.30318611320829936,0.17762852202161183,0.44213053089400933
596,0.14000000000000012,0.2566020340376911,0.1388585072310793,0.3865187483095005
597,0.09000000000000008,0.09388805429132696,0.0,0.2013896810716611
598,0.050000000000000044,0.08231673701276887,0.0,0.18467747969661752
599,0.050000000000000044,0.036752602394167555,0.0,0.1308236317213496
600,0.06000000000000005,0.05309150053774392,0.0,0.14880382862545405
601,0.26,0.062470909642616146,0.0,0.15911538280896353
602,0.49,0.3382922432749831,0.2270338137493746,0.4596387714347121
603,0.3999999999999999,0.5821867623088386,0.4544117589088459,0.7211872329081044
604,0.33000000000000007,0.34222557930113684,0.234938765208629,0.4588330664524225
605,0.3999999999999999,0.3262770582968484,0.22128074629700767,0.4403001444982755
606,0.3900000000000001,0.43185893538838704,0.3208362650455212,0.5522135976338496
607,0.3700000000000001,0.37305574285681864,0.26959786583641576,0.4849442675693685
608,0.42999999999999994,0.3702956785768132,0.26695955731517174,0.4820601304001886
609,0.5899999999999999,0.45532794807599775,0.3456389905647681,0.5739581353555847
610,0.51,0.6514827403583894,0.5288790502126577,0.783918251298094
611,0.5800000000000001,0.4560992808229345,0.3491538023558405,0.5715221733139777
612,0.5899999999999999,0.6267277222043977,0.5092669846345288,0.7533300000126215
613,0.53,0.5766089925599058,0.4643399373118877,0.6974855715427613
614,0.6499999999999999,0.5169659493148648,0.4110789628801479,0.6307986667761014
615,0.7,0.6888209477410632,0.5743501613398165,0.811614889474011
616,0.79,0.6904812304016577,0.5740253683701517,0.8155531974045491
617,0.9300000000000002,0.8451296758363824,0.7191243879411919,0.9803706727290846
618,1.06,0.9615338431002185,0.828753935775685,1.1039544699574395
619,1.02,1.1037363511019196,0.9608064200052191,1.2570849369902812
620,0.97,0.974413549431796,0.8395270398181023,1.1191908462325943
621,1.21,0.9754176428160342,0.8412123461562551,1.1194051146220638
622,1.62,1.3163522706711293,1.156379357695846,1.4881929159146083
623,1.69,1.7536584427210422,1.5614727620904199,1.9602636933686082
624,1.5899999999999999,1.6439839884660237,1.4591982230622547,1.8426546773280315
625,1.56,1.5730314525438627,1.3902182939140255,1.7698268700549553
626,1.73,1.5510752112264212,1.3666927956713515,1.7498223450195756
627,1.8599999999999999,1.798725937753498,1.5798727135426511,2.0361447033943763
628,2.15,1.841517925677898,1.6218486716745617,2.079591972328387
629,2.1599999999999997,2.3154209887167054,2.0561763557870307,2.5966564271100703
630,2.1,2.0109892485192336,1.7760226503658307,2.2658437615787004
631,1.7599999999999993,2.143805652114061,1.9001801793239608,2.407896533024437
632,1.62,1.6021853673473103,1.401608329670876,1.819514157399857
633,1.88,1.663571942783669,1.4575169814291602,1.886903955495161
634,2.18,1.9769177715778934,1.7446135283219788,2.228884259036072
635,2.6100000000000003,2.2535350564991696,1.9932503936955768,2.5364533438847454
636,2.46,2.8004486449752233,2.4898369643887293,3.1387062061863054
637,2.01,2.327310530391135,2.0515538712958237,2.627986210497573
638,1.79,1.909947479773383,1.669777328473005,2.1717230664636245
639,1.65,1.7488881189760708,1.5256641967166842,1.9918410770802235
640,1.5499999999999998,1.5999311447516007,1.3925744522104035,1.8252587714478041
641,1.3600000000000003,1.5188056558862977,1.3174422351020358,1.7376656194606128
642,1.3399999999999999,1.2566819849993243,1.0762657819752297,1.4527753747286125
643,1.3200000000000003,1.3719520293887153,1.1789365946983956,1.5820652346701287
644,1.2400000000000002,1.2904525726493525,1.0973701943586494,1.5013099745895144
645,1.15,1.1999549065148396,1.010342674821354,1.4074510536512381
646,1.2000000000000002,1.1060430038624833,0.9230216244726737,1.306483233299252
647,1.1100000000000003,1.2582401016381017,1.06118462604653,1.474134675857679
648,1.33,1.0275588913672773,0.8499826046473158,1.2221803857156974
649,2.86,1.4985470719928529,1.2791805607853224,1.7390271654532885
650,3.63,4.715037798496072,4.198837805316294,5.2824920225130425
651,3.38,3.2546459508037486,2.847007482150319,3.705478804156744
652,3.09,3.5183763977164793,3.0837636533164625,3.9992426116191986
653,3.5299999999999994,2.871629486998886,2.5068766499546076,3.274320536707009
654,2.85,3.9571609747563627,3.4911994057142053,4.471466018271727
655,2.4,2.4299343148267893,2.1090858258140415,2.783893421773286
656,2.25,2.3772349726257485,2.0624855919509533,2.724332970024012
657,2.2,2.189493881162516,1.892696548249765,2.5167433044880756
658,2.17,2.2049215404773586,1.9071676845657475,2.5331715246931323
659,1.9299999999999997,2.152135693017209,1.8606155706164897,2.4733641001093294
660,1.79,1.8185648064752238,1.5585352167664328,2.105021778180178
661,2.07,1.7714132159605303,1.5187172440373562,2.049461479562084
662,3.05,2.2414064983785345,1.9487291629324677,2.563133644082055
663,6.909999999999999,3.6170156734985754,3.2043947060083067,4.0701314267351245
664,5.71,11.967075755422975,10.79995106247652,13.249639914319172
665,4.43,4.697036752070388,4.1865131594795,5.257812668443688
666,3.6400000000000006,4.516208633554541,4.023120588861276,5.057700019461351
667,3.1500000000000004,3.408139971006621,3.011431890132087,3.8440802526866324
668,2.75,3.0550624224190797,2.6870926512220845,3.4597553696582857
669,2.46,2.636374774197637,2.304934282366881,3.001054292961885
670,2.55,2.3913175568111487,2.079045384425764,2.7352599053295408
671,2.54,2.613546812465885,2.27769108385276,2.9838167270277554
672,2.72,2.511746447167823,2.18273193540738,2.8747727925183626
673,2.73,2.804054710210893,2.44614765448288,3.199132970827141
674,2.7699999999999996,2.701932015687388,2.3541314753079843,3.0857970981930363
675,4.130000000000001,2.796517949771598,2.440223064405632,3.189713362504931
676,13.419999999999998,4.7690817153558855,4.228986678130323,5.36496244629065
677,10.230000000000002,25.24132544467026,22.825429446370148,27.902193038875502
678,7.419999999999998,8.516419290017897,7.644802945124862,9.475916765054347
679,6.069999999999999,7.6969614278329885,6.906799512674969,8.56608776483645
680,5.980000000000001,5.753411263436322,5.1571799190891845,6.40737875008456
681,6.13,6.091518729882957,5.463217791837848,6.780897923599241
682,5.800000000000001,6.12530363888879,5.4746300943899495,6.8413671833318
683,8.78,5.726508094459035,5.096789032186986,6.4212689509108225
684,9.609999999999998,9.694845844577813,8.672282833903248,10.825515196718602
685,9.060000000000002,9.375732415904016,8.365875242712043,10.494475462953945
686,9.920000000000002,9.049211897659738,8.055910696943572,10.151463739384013
687,13.25,10.122962691867835,9.008858596314026,11.361079722941273
688,14.160000000000002,14.047444160546203,12.523458823135556,15.743170421563558
689,13.310000000000002,14.001634833208808,12.46803573253742,15.709864165659138
690,11.250000000000002,13.185535004239336,11.724437431730983,14.81440471817582
691,9.94,10.846369630904151,9.618977172837786,12.215630012933254
692,8.939999999999998,9.80714431375213,8.680755706386753,11.064592038120683
693,8.400000000000002,8.750872767030657,7.7297143109443915,9.891481248088438
694,7.849999999999998,8.383181762320847,7.397399764588071,9.484686028171902
695,8.1,7.7361404797021205,6.8142739135650965,8.766761611543066
696,8.05,8.21444231312675,7.234754033919266,9.310684058347075
697,8.11,7.985869952471498,6.935359331084058,9.175450843975751
698,7.91,8.15381170596579,7.003290253039236,9.46972758690794
699,7.839999999999998,7.844368861064659,6.667602294429933,9.201736807266922
700,7.800000000000001,7.855943464894294,6.66008873509922,9.238489052227418
701,7.599999999999998,7.782203348549677,6.578765166898582,9.176736441464312
702,7.379999999999999,7.566769587650461,6.375892563565879,8.94992003142907
703,7.469999999999999,7.3496268840482095,6.172725218823927,8.719634724031936
704,7.530000000000001,7.717876020001908,6.2269130225864515,9.516435172610406
705,7.520000000000001,7.256675320197557,5.770305876954612,9.069365931487953
706,7.460000000000001,7.4695172399924665,5.982649909862353,9.272994236359139
707,7.5,7.680673315243197,6.058405552036261,9.675794788277168
708,7.559999999999999,7.531288819803958,6.018056424667621,9.370804183205049
709,8.23,7.578620825697184,6.0217657441024635,9.480659417169466
710,8.64,8.466847635304548,6.633302039075123,10.740817236275655
711,8.36,8.704118653757934,6.722225447450185,11.194660656703155
712,8.250000000000002,8.249683316260388,6.279743133003253,10.752700595056499
713,8.280000000000001,8.266172403392867,6.228702717004707,10.877919783230116
714,8.08,8.291137324316468,6.195188856175866,10.997632654938695
715,8.11,7.950062589758897,5.943188622907428,10.537007664795187
716,8.680000000000001,8.185936431162352,6.081910429049995,10.915065710408184
717,10.28,9.05499685166226,6.707854354569251,12.116874948085087
718,11.729999999999999,12.027915647936439,8.890343050102834,16.160839140759876
719,17.39,12.630433895392576,9.319508471802264,17.003641228100037
720,70.67000000000002,24.129272723937415,18.078338195978088,32.099337119788956
721,64.66999999999999,468.145524600553,326.6128325394197,670.8220453902552
722,47.95,78.9903735478891,55.29920991607544,112.65097076617852
723,37.589999999999996,57.97613965264918,40.89673841590557,82.01803863110094
724,29.219999999999995,35.360570951279875,25.232066842536618,49.3998075271454
725,25.350000000000005,28.00118308752842,20.19660496737558,38.67940251615115
726,24.289999999999996,24.75066984581341,18.13809047288673,33.64802292828039
727,21.790000000000003,24.1989731858897,18.107779728059043,32.231922214946415
728,19.810000000000002,21.08588411469133,16.04197544809799,27.622637006674914
729,18.83,19.471030292529043,15.07929995466461,25.062271517988037
730,20.130000000000003,18.65417926361698,14.673235570019827,23.646267887741768
731,33.71000000000001,20.63718055366411,16.477867953844044,25.78630960871246
732,36.970000000000006,39.55372173716397,32.11979961085426,48.65622878335122
733,38.14999999999999,35.750639985161335,29.291099704097572,43.58766939835592
734,50.35999999999999,38.952306399196765,32.3736725592955,46.82772359797472
735,61.35999999999999,54.33586935284888,45.867460762553044,64.33442152006103
736,54.849999999999994,63.308116249360566,54.110081930036664,74.04132947563778
737,44.25000000000001,52.1470850013515,45.015216196070185,60.38431757237096
738,37.650000000000006,42.11577148081128,36.69819454206927,48.311904004077014
739,32.71000000000001,36.40713403982871,31.986833089686627,41.419764069779795
740,28.460000000000004,31.592371210327023,28.004358215109278,35.62424292354754
741,25.029999999999998,27.495364907665433,24.557129430572232,30.77140153501308
742,22.809999999999995,24.253495057239984,21.768352846799594,27.009887974644915
743,37.25,22.34863744406532,20.144852009172578,24.782108584062012
744,63.499999999999986,44.46048715811362,40.37865985218244,48.94496921929703
745,51.830000000000005,72.15010189451878,65.78459891768533,79.12232601372246
746,43.099999999999994,45.580753903072605,41.724143902580664,49.785491199685644
747,37.36,43.10320519087859,39.59747465214758,46.91166753042965
748,33.71000000000001,35.3521533496514,32.58279835385762,38.34987904320293
749,30.06,33.33893232539728,30.816154583680017,36.061747048873755
750,27.140000000000008,27.445791514908915,23.55061917149369,31.958967317989384
751,25.33,27.774788431341317,20.226957721188995,38.006458680696696
752,23.77,24.37899827350952,18.300342750765765,32.37213031313882
753,21.53,23.339658879177318,17.911151169559748,30.326437457086158
754,19.869999999999997,20.324068868240506,15.774683196342103,26.107272773808305
755,18.990000000000002,19.580335951315263,15.094389510297969,25.316638329027118
756,18.17,18.573872275496306,14.17080993338655,24.25484648082438
757,17.060000000000002,17.91296491863899,13.639718375811563,23.433546659249842
758,16.41,16.540352652503987,12.537470605034189,21.726843156342106
759,16.03,16.374647666914417,12.367306504004999,21.583336550184463
760,15.469999999999995,15.638807568328208,11.59645179224677,20.978404860506807
761,14.470000000000004,15.513934367880179,11.24706494399573,21.267378310944085
762,14.229999999999997,13.7532326778887,9.83766681959281,19.08346243440807
763,15.260000000000002,14.528757029225707,10.41974641999529,20.116256526546085
764,19.09,15.849763965651121,11.3173678445945,22.04993642150189
765,19.82,22.19133118052994,15.875142781587797,30.871602444267708
766,19.52,18.325722498083984,13.0015065713344,25.674525928344796
767,19.410000000000004,20.375732128436542,14.477751322298962,28.52120850839501
768,19.069999999999997,18.758797234848704,13.507056909453933,25.91173479256451
769,18.569999999999997,19.32618379217412,14.081141383887402,26.395389847260027
770,18.03,18.088343273789757,13.328002747291935,24.43026096270825
771,17.029999999999998,18.04085585441297,13.480753436634247,24.03697015870198
772,16.160000000000004,16.424402258290286,12.430629389736719,21.605775593117105
773,15.73,16.05214146820732,12.2786739517464,20.897934214546563
774,15.09,15.596233288575998,12.047584355099998,20.1100347675604
775,14.46,14.89912429132964,11.656606808141145,18.972347807198247
776,14.939999999999998,13.958067200556497,10.858794531248067,17.867328697431812
777,15.5,15.510769779479773,12.077794078223416,19.844915975922387
778,15.509999999999998,15.884178264464808,12.261973841937365,20.49570486745741
779,14.410000000000002,15.425672123374348,11.790189170037163,20.0945046330236
780,14.069999999999999,13.580251569295891,10.388197863444264,17.66702162827202
781,15.899999999999995,14.064033046464,10.792110321504898,18.243806701089234
782,17.289999999999996,17.370574869379922,13.45526457860831,22.346374547229775
783,22.600000000000005,17.66026041059483,13.756771082976684,22.596308205451535
784,71.11000000000003,27.252954676304576,21.365332128088863,34.69048039929689
785,73.43999999999998,323.15383139781125,246.55392477312236,423.45582919430655
786,55.090000000000025,83.37079180507313,63.946687335126896,108.60421234548383
787,47.57000000000001,64.62176926490055,46.531653366219324,89.59681909816055
788,42.97999999999999,45.091550415015035,33.23271815952125,61.05849648748963
789,37.81,42.953657692492044,32.3536542918654,56.922409569974455
790,37.07999999999999,36.28806235069334,27.874902430302615,47.15252959643064
791,36.36,37.634442866681844,29.444028388565997,48.02834002675854
792,41.53,35.831760569913016,28.457008792975056,45.05282892820122
793,46.400000000000006,43.85022254743033,35.335883238358626,54.35966882540251
794,50.70000000000001,46.915587169663866,38.2454263835765,57.50117339467739
795,59.60000000000002,52.03602120850393,42.854629820801236,63.139625784612065
796,55.83999999999998,62.36079742266187,51.98454691604196,74.76908520888215
797,47.989999999999995,53.32040835969808,44.70145550399613,63.56483129090596
798,41.089999999999996,46.57661712906536,39.232942387331924,55.26072474774777
799,36.65,39.421760655480185,33.46221417020691,46.41189078621282
800,33.13999999999999,35.870918488775516,30.67918242422241,41.91350111253059
801,29.969999999999995,32.25320311125433,27.782572339279834,37.418231147786365
802,28.709999999999997,29.239771634735668,25.340100702250794,33.716791665220306
803,29.290000000000003,28.59668352639298,24.932264282165725,32.77891210077957
804,31.269999999999996,29.57313181496764,25.92222914805812,33.71913056808697
805,31.559999999999995,31.904760677575247,28.137778337663747,36.1587450045553
806,28.25,31.351579218466306,27.795182243953988,35.347214928582595
807,26.980000000000004,27.167648018253157,24.21094484702217,30.471109063725418
808,31.42000000000001,27.044463844076205,24.219458518100872,30.18591748261388
809,36.150000000000006,33.253860826263775,30.00984814262519,36.837237257935115
810,33.64,37.05818203167028,33.650415520989874,40.801092361456696
811,30.750000000000007,32.307719406965795,29.482631499427935,35.39463253407062
812,29.110000000000003,30.350660964455333,27.785917286827956,33.14391603765112
813,25.809999999999995,28.70468598753159,26.370249238259877,31.238229251651276
814,30.669999999999995,24.80204050259723,22.81276758598025,26.957493462020977
815,35.980000000000004,43.570439383253714,39.461412845492326,48.09675483656783
816,33.8,34.61012573886407,29.68827717083162,40.32135043224213
817,32.10999999999999,33.44139867347524,28.724394888318454,38.90695006717991
818,33.66,30.909470125695453,25.80547560899105,36.98530936571492
819,33.05,36.112428669080096,29.850394841142577,43.64553432167831
820,28.190000000000005,30.52459204182429,24.048907175358597,38.67438165849742
821,25.1,26.756926088341043,20.041611567987967,35.61539627723956
822,25.709999999999994,24.00066725933679,17.045900896597093,33.635752850107735
823,28.469999999999995,26.783837077810965,19.185405399352376,37.242561271081044
824,31.0,29.15346320223675,19.135482289389426,44.15567742659799
825,33.339999999999996,32.108914004779884,21.143657245306823,48.50402611602204
826,32.64999999999999,34.45725465043908,22.69597181723458,52.05614460731607
827,28.57999999999999,31.104891348621585,20.612913741116305,46.69019396704262
828,26.60000000000001,26.39678170597239,17.572724083348902,39.41322341710918
829,24.93,26.666319182634247,17.803184764660447,39.70721139505954
830,22.34,23.61338547663161,16.062285061292624,34.506307768565875
831,20.289999999999996,21.40877051547991,14.687488443883911,31.00977631388895
832,17.830000000000002,19.45033558389192,13.501687455302585,27.83914211934515
833,15.48,16.62694537876237,11.518567293724075,23.819869246670084
834,13.849999999999998,14.580972039506594,10.144087781753209,20.784348297523348
835,13.299999999999999,13.214016232206703,9.197886161731175,18.811778072950954
836,13.600000000000001,13.345968012567985,9.239157430717139,19.09997400764736
837,14.859999999999996,13.826040738572585,9.618271752675057,19.701248668497954
838,17.329999999999995,15.85259177843782,11.127629831660013,22.41841345695123
839,21.369999999999997,18.985742884399063,12.73229441793524,28.08690321404901
840,23.709999999999997,24.39724042680483,15.951926967330387,37.04994102086486
841,22.46,23.364746779188405,14.063662866782797,38.408800559591775
842,20.979999999999997,21.543220678463086,12.816759170776914,35.781186693385045
843,20.6,20.084619601933984,10.944795006862865,36.21798352360478
844,21.02,21.004568236140983,11.631617301223084,37.33246461734562
845,22.779999999999998,21.410585508434213,12.4910452717653,36.227237231346436
846,22.55,24.933799190646834,15.244626336867405,40.402118245983026
847,19.74,20.668879180560577,12.983451324042697,32.57828579375243
848,17.51,17.886132368691147,11.486371260704773,27.56602518060887
849,16.45,16.267682630617344,10.661636831632276,24.568697408148385
850,19.08,16.089129193189653,10.837386040557387,23.670846720799823
851,23.98,23.72513735340656,16.0281981573784,34.9011805885009
852,26.92,27.164497190732067,18.266371786948206,40.17219945605563
853,24.82,28.300954234852405,19.134875436965963,41.63974325347431
854,20.86,21.157316846605593,13.909536842295903,31.928366255357915
855,18.310000000000002,19.02977644839707,11.434851497018398,31.263509111384145
856,17.17,16.62102520019617,9.752756898400131,27.876364642089776
857,19.379999999999995,17.211473207911443,9.653009283975653,30.132776435420812
858,19.340000000000003,22.9939945105281,13.238531981675504,39.43336583519802
859,17.050000000000004,16.778311567699934,10.058107489722811,27.58250044069123
860,14.849999999999998,16.777458754194264,10.10631806217216,27.455698638191883
861,12.679999999999998,13.155102958824187,8.328968682757875,20.47793036814867
862,11.219999999999999,12.063165769289089,7.193655489651279,19.82663838276521
863,10.729999999999999,10.36667343963502,6.539341716221247,16.136942447551046
864,10.82,10.816411940538506,7.222505801835656,15.981148388770908
865,11.360000000000001,10.86778027406127,7.586082574304841,15.40377988617248
866,12.279999999999998,11.948665777136224,8.714314857669372,16.259883776116887
867,12.790000000000003,12.891823600869463,9.742740516490954,16.964016040546642
868,12.779999999999998,12.902079234265013,10.043273453686195,16.50095276063915
869,11.799999999999999,12.680604578133787,10.105966156129265,15.852108046445295
870,10.45,10.84758755405386,8.806566401475544,13.313402378007847
871,9.24,9.760287846894077,8.050705572727452,11.792792077659492
872,8.51,8.502369381209167,7.094504439181135,10.155102148053924
873,8.980000000000002,8.267636659299672,6.980889400957956,9.761844317562629
874,8.189999999999998,9.728443103258236,8.327753016294244,11.339466023466416
875,7.390000000000001,7.019717107793621,6.041111132812857,8.134334237293045
876,7.35,7.365986463828589,6.40287717821151,8.454395612419477
877,7.18,7.355714822496868,6.441989890339741,8.381626584245002
878,7.019999999999998,7.025258024186941,6.1910224420227795,7.956273864257376
879,6.599999999999998,6.961685291781198,6.170238038234725,7.84049209347741
880,6.14,6.2545762731846875,5.561016828636008,7.021451289951262
881,5.849999999999999,5.923204071515036,5.2836371732751894,6.6278679519714645
882,5.180000000000001,5.700565012738825,5.10072236736974,6.35938611631933
883,4.59,4.690382171440128,4.191670962101971,5.236999511990197
884,4.48,4.299816405464405,3.834963520444469,4.809362120905425
885,4.04,4.519142407421585,4.04490720011682,5.037957033717878
886,3.4700000000000006,3.6404796811282463,3.1993863558207245,4.127904376103901
887,3.3,3.253209418131304,2.8376216323992978,3.713802476449719
888,3.26,3.3079085237580754,2.877933198992283,3.7855584139226455
889,2.85,3.2130116227796472,2.8042946467984757,3.6656393843241233
890,2.35,2.468413346635594,2.124774487414847,2.849842985972519
891,2.24,2.0984549388275755,1.7789929094373989,2.4546410591197154
892,2.13,2.3062405369894874,1.9530394459336073,2.7016865804095653
893,2.7699999999999996,1.9784658398048807,1.6541839306600101,2.34236774490553
894,2.9299999999999997,3.289701334233576,2.8253051753996554,3.8104756857739552
895,2.5699999999999994,3.0467117540796718,2.6025119361290128,3.545682654476601
896,1.9499999999999997,2.4172301569234738,2.0474930343646935,2.8318256395364045
897,2.66,1.6474821518212845,1.364883813264512,1.9638503612305311
898,3.05,3.0259781323935844,2.5959686593354374,3.5074085616493633
899,2.1200000000000006,3.068704556512494,2.6341256048419863,3.5552516803847016
900,1.7400000000000002,1.92196217552157,1.6095996745167884,2.27171368028304
901,1.5,1.7346407666698433,1.4437663793762492,2.060137084233638
902,1.52,1.4162206478729087,1.1598007174918528,1.703083748387264
903,1.42,1.5789441166079055,1.306464493055909,1.883613763233992
904,1.12,1.3494325736016566,1.102164740222908,1.6257853689027222
905,0.9199999999999999,1.054486473712343,0.8394647669721207,1.2946428474489782
906,0.8500000000000001,0.883724647804182,0.6888943795725171,1.1010304680172744
907,0.78,0.843737140825094,0.6528845586986771,1.0566267780577663
908,0.71,0.7559543595575549,0.5740355395764862,0.9588984081508114
909,0.6000000000000001,0.6959880239598419,0.5211287510981297,0.8909480051170573
910,0.45999999999999996,0.5644213914299898,0.40382351936343874,0.7433917128511434
911,0.3400000000000001,0.424099900893093,0.279604155591217,0.5849124269111883
912,0.28,0.3471276699514758,0.13929765462091348,0.5928699157664186
913,0.22999999999999998,0.27111863417948223,0.08822625519482141,0.48474875922659266
914,0.20999999999999996,0.21466201207871105,0.050577221866130895,0.40437444566555136
915,0.25,0.21053162476113063,0.05510796566766896,0.38885011034821537
916,0.22999999999999998,0.26642960568448526,0.11107948363528553,0.44350064039219195
917,0.16999999999999993,0.20518873138557447,0.0035237353086421397,0.44737969532135513
918,0.06000000000000005,0.1581129114284141,0.0,0.37248988026137453
919,0.050000000000000044,0.02667323623882578,0.0,0.20247453608102095
920,0.06000000000000005,0.07811775606500526,0.0,0.29499900804026224
921,0.08000000000000007,0.03918194685030785,0.0,0.2628976724528056
922,0.07000000000000006,0.11766224017151572,0.0,0.5032050487010724
923,0.25,0.029138038561010493,0.0,0.5484530220024799
924,0.21999999999999997,0.41259510880829975,0.0,1.1919899304196995
925,0.33000000000000007,0.10493212898177617,0.0,0.8264917298498116
926,0.3500000000000001,0.4134786817590643,0.0,1.2000635370814337
927,0.31000000000000005,0.30903008961746425,0.0,0.935009999728629
928,0.20999999999999996,0.29361628738618406,0.0,0.8297363106083313
929,0.18999999999999995,0.20430342824988013,0.0,0.6393703828308035
930,0.19999999999999996,0.16147156103771043,0.0,0.5428106808885691
931,0.22999999999999998,0.19251065002594525,0.0,0.5464896197003166
932,0.30000000000000004,0.23205451918816467,0.0,0.579086111223019
933,0.33000000000000007,0.3313901889387334,0.05704846657254059,0.6769333585525525
934,0.3500000000000001,0.35450657904707716,0.09101706526746312,0.6816309580199296
935,0.26,0.36915542373786314,0.11594287074996346,0.6798230657551507
936,0.21999999999999997,0.2364702484201855,0.019143329412050436,0.5001409822407243
937,0.25,0.19989792212148427,0.0,0.44122593752898864
938,0.14000000000000012,0.25403108312454403,0.05448126501772155,0.4913436678423
939,0.1100000000000001,0.11162097888228995,0.0,0.31078730184437675
940,0.3599999999999999,0.09300593960126768,0.0,0.2796842748889734
941,0.3599999999999999,0.4091928686671249,0.21304619940440972,0.6370559852355959
942,0.16999999999999993,0.35338021690864885,0.1712341479917816,0.5638529790650826
943,0.06000000000000005,0.15551111452138877,0.005393980576487989,0.3280425003309262
944,0.040000000000000036,0.05059289601336503,0.0,0.2003240970964708
945,0.22999999999999998,0.04050355554480678,0.0,0.18283425925536
946,0.42999999999999994,0.22089236355017716,0.04863027001621556,0.42145254242192376
947,0.22999999999999998,0.4628619218927279,0.267418558462186,0.6884437964362764
948,0.050000000000000044,0.22220660560514638,0.03395259767446457,0.44473643196471424
949,0.010000000000000009,0.10758576032447809,0.0,0.33462637722111466
950,0.10000000000000009,0.006950523320210067,0.0,0.1959557950923123
951,0.020000000000000018,0.13130178043811713,0.0,0.36219099261526866
952,0.030000000000000027,0.07462448913743747,0.0,0.3087402774000578
953,0.1200000000000001,0.07994242581947875,0.0,0.32505832565565496
954,0.06000000000000005,0.12151282667018681,0.0,0.35246396609374386
955,0.010000000000000009,0.04081279388369552,0.0,0.2366231312852034
956,0.0,0.002911446019396857,0.0,0.17665121715706733
957,0.0,0.00017080821089554554,0.0,0.1662252216390694
958,0.10000000000000009,-0.00016684268943212288,0.0,0.16876818830572082
959,0.1299999999999999,0.15378230501197665,0.0,0.34518036197453905
960,0.09000000000000008,0.10696419837162852,0.0,0.28284109152205006
961,0.040000000000000036,0.08804611656849892,0.0,0.2549034544113362
962,0.48,0.017824358099484572,0.0,0.16907741202618953
963,0.5699999999999998,0.3556209450329615,0.17314599301205802,0.5664786459302775
964,0.77,0.47757909956689804,0.28837813826204073,0.6945646085100523
965,1.2000000000000002,0.8472978307777739,0.6244674925642524,1.1006940989687388
966,1.0099999999999998,1.230807927908264,0.9727829010165505,1.522580669496898
967,0.5899999999999999,0.9675468125514923,0.7479022484135269,1.2147923106656826
968,0.49,0.5110323571225701,0.3481250231596913,0.6936254019824193
969,0.41999999999999993,0.5068739289923951,0.3504103150544289,0.6814660052307568
970,0.4099999999999999,0.38908515506879615,0.25017655466993416,0.5434280548813639
971,0.78,0.4267802473944746,0.28741782924798676,0.5812285864831799
972,0.79,0.9102558824383873,0.7284100757875238,1.1112336635319688
973,0.6499999999999999,0.7158034199288654,0.5538669180699927,0.8946161615283073
974,0.41999999999999993,0.6537194073171217,0.49912686064356526,0.8242538039530998
975,0.3900000000000001,0.3556681049327952,0.22932754968143243,0.4949929424491728
976,0.5699999999999998,0.4203312283258456,0.28823178341255007,0.5659765766791067
977,0.5800000000000001,0.5988181792699279,0.4506245025909057,0.7621511051264058
978,0.53,0.5622407371642466,0.41372163710838183,0.7263625715225455
979,0.51,0.5249447905051969,0.37778228990064444,0.6878258859435866
980,0.53,0.5076983043986383,0.3575422791716516,0.6744628966352102
981,0.45999999999999996,0.536958768100378,0.38113357538713344,0.7103648024619862
982,0.41999999999999993,0.43853951678808123,0.2905684921425069,0.6034762617871039
983,0.3599999999999999,0.43481289633895415,0.2803494994572988,0.6079110027169876
984,0.6200000000000001,0.3340226491913365,0.18890095489671843,0.49685843991106027
985,0.99,0.7065595165787715,0.5217102997515628,0.9138632262008384
986,1.13,1.0456512289859794,0.8267701865216321,1.2907582910688662
987,0.9199999999999999,1.14254158942737,0.9153781662199076,1.396646543948815
988,0.5699999999999998,0.8488755898122313,0.6564252980133456,1.063685546642735
989,0.4099999999999999,0.5630393255038648,0.39340169127419156,0.753329243369512
990,0.49,0.35531037917625263,0.20948360312031666,0.5187194098076173
991,0.43999999999999995,0.5894014770445235,0.4193943672711691,0.779771086514883
992,0.8,0.32759596110716815,0.18149521187828666,0.49176316436027423
993,1.6399999999999997,1.1062797284142358,0.8794894451223447,1.3604358650920538
994,1.5499999999999998,2.047505823729535,1.7244219681795672,2.408903559778264
995,1.06,1.327703018099124,1.0795116703052239,1.6055161977871975
996,0.8700000000000001,0.9348365565308816,0.7181420413252488,1.1788608918507966
997,0.52,0.8424047538486255,0.6234773700934428,1.0908546922391897
998,0.45999999999999996,0.3398112133703066,0.17271626715236965,0.5307147498104747
999,0.44999999999999996,0.5355356644214588,0.338860027475943,0.761102526270333
1000,0.42999999999999994,0.38996309376559,0.20611470396689202,0.6018355432332445
1001,0.6299999999999999,0.4621670690999946,0.2638214533393972,0.6916412775803154
1002,1.0899999999999999,0.7512379685977559,0.5102062171484751,1.0307388407187839
1003,1.44,1.377246441614104,1.0511472086837914,1.7551901785700323
1004,1.23,1.5126000132293038,1.1558430888987599,1.9283943989192482
1005,1.08,1.0506050653659473,0.7590720904205412,1.3904541246511375
1006,0.99,1.0925108239934143,0.7941291557608121,1.4405163555088776
1007,1.0099999999999998,0.9161402273687587,0.6418534069762476,1.236249201871598
1008,0.8599999999999999,1.0808476856578149,0.7813403188301369,1.4307130115098312
1009,0.74,0.7174660380913045,0.4695136620382734,1.0072556439561824
1010,0.6200000000000001,0.7523291082157182,0.49921493303466535,1.0481768396507114
1011,0.8799999999999999,0.5300992647385685,0.3103339000364087,0.7867230328761663
1012,1.0300000000000002,1.1579977806176722,0.8506221703242673,1.5164263650504108
1013,1.0899999999999999,0.9596600655840084,0.682114038339247,1.2830007271303794
1014,1.0700000000000003,1.1717111812942487,0.8670416678982762,1.5260975885276418
1015,1.1600000000000001,1.0135675191357976,0.7327555144730913,1.339888184024391
1016,1.2800000000000002,1.254717122605029,0.9430530025671273,1.6163719138138495
1017,1.4,1.3039034495466453,0.9853237492561593,1.6736047996311267
1018,1.5300000000000002,1.463243256745431,1.1248892386008946,1.8554746438910605
1019,1.71,1.5745541212000869,1.2221429156381536,1.982854467344119
1020,1.56,1.7932433387149902,1.4132114807433527,2.233122505646424
1021,1.4299999999999997,1.4286781061556222,1.102605772239412,1.8053177734014292
1022,1.4500000000000002,1.4224895715237156,1.1013287134811898,1.7927357040770229
1023,1.5700000000000003,1.4692042423748828,1.144641352959333,1.8428853999989672
1024,1.54,1.6366669301498113,1.2931011227880695,2.031707774009119
1025,1.63,1.5133905702151824,1.1849610465475462,1.89118754241788
1026,2.19,1.6916740182132548,1.3335814563063186,2.104716572350606
1027,2.43,2.5664560899226134,2.0651877228327864,3.149699852507201
1028,2.6899999999999995,2.4357808695080534,1.9313027759521848,3.0270797954138304
1029,2.91,2.8393773578511854,2.256475201561145,3.52661776417448
1030,2.81,2.9901804113423225,2.371502519376307,3.7223870139670865
1031,2.65,2.72657763233681,2.139915835660088,3.422851304520254
1032,2.8,2.5833435820974175,2.014134661801691,3.2600456409878733
1033,4.23,2.91304212025072,2.285261046047112,3.6607859832873295
1034,5.06,5.034427339718722,4.06395172336219,6.19088871845872
1035,3.59,5.242194274686817,4.231942326527751,6.447518900460151
1036,3.1400000000000006,3.012635219994122,2.3572360456229298,3.7959813340291104
1037,2.8,3.272589861765777,2.566972422936965,4.117792335448707
1038,3.0,2.5670633956721627,1.98934834469428,3.2564264185964236
1039,3.1500000000000004,3.2491258325785077,2.55164056732365,4.083586021400654
1040,3.6500000000000004,3.0189786161816317,2.3770663869679365,3.782905417452363
1041,3.6400000000000006,3.918307430804827,3.1522004230414282,4.825765984145661
1042,3.63,3.499428919561934,2.8102859478392643,4.313212939745565
1043,3.5299999999999994,3.6992941308226834,2.995547308180696,4.52699383205146
1044,3.74,3.4607327002892623,2.7969205478048185,4.24059852527965
1045,4.809999999999999,3.8639261511338594,3.143637202946991,4.709423012916823
1046,6.56,5.266389792128928,4.348785072964118,6.341413141720578
1047,14.619999999999997,7.354075558593966,6.15044348224998,8.760314673060888
1048,14.410000000000002,26.256279665810027,22.380573888346866,30.77444594681746
1049,9.440000000000001,13.597875324449456,11.549889347103425,15.980067161895281
1050,7.23,9.518269488009622,7.928204074355179,11.391517051024005
1051,5.96,6.713989513498761,5.582188626478968,8.040402454434126
1052,5.250000000000001,5.601622369869088,4.659422020650252,6.700683524807815
1053,5.1,5.069488761384719,4.227432497147425,6.047186901921362
1054,5.83,5.11123143774298,4.284084941988374,6.067855663880488
1055,6.23,6.245068519807237,5.287138231314637,7.3489524049681965
1056,5.86,6.23252852837904,5.311080668293399,7.28851216822774
1057,5.599999999999999,5.6676158291287,4.855062396394325,6.592933744348355
1058,5.83,5.5587804801361385,4.790791233048383,6.428622386024017
1059,6.269999999999999,5.977146109657734,5.157964067961972,6.905302352896526
1060,5.96,6.431680948053645,5.5620031549695055,7.416619195289034
1061,5.849999999999999,5.72491290775477,4.940488605855642,6.612918165066117
1062,6.01,5.915313267943292,5.136241295502362,6.793298094200429
1063,6.300000000000001,6.059774811831596,5.292390260752429,6.920745269828837
1064,6.6899999999999995,6.429948110510914,5.652358095799929,7.298430140094034
1065,6.619999999999999,6.835779580816371,6.045087112114579,7.71521397280633
1066,6.300000000000001,6.512385685103395,5.756649659516138,7.352651317692848
1067,6.02,6.180271622525928,5.4392649432231694,7.006550596665566
1068,5.81,5.925066148892163,5.158136518055679,6.78750861172424
1069,5.64,5.7408221331729425,4.984826543415077,6.592314113275182
1070,6.820000000000001,5.579789058583197,4.837196525748756,6.4168522276878015
1071,7.219999999999997,7.623297126566852,6.659011196738032,8.708988722294405
1072,9.41,7.060936243277922,6.170278613965531,8.062227092770534
1073,11.039999999999997,10.867432365862342,9.563181922600323,12.33272038579524
1074,10.9,11.355128104027688,10.00306616617723,12.873332047767677
1075,10.250000000000002,10.713122787347594,9.433129316530003,12.150152870635791
1076,10.330000000000002,9.964128763629978,8.775508593792162,11.297275215102129
1077,13.91,10.872325649241981,9.542215539621191,12.370255596833852
1078,15.819999999999997,17.20439165115018,15.027555700506891,19.676881839068287
1079,17.18,16.457731913944947,14.309340697535683,18.907611281276836
1080,15.360000000000003,18.148160565400918,15.70594758163993,20.947396353699244
1081,13.830000000000002,14.305393516540189,12.275299796063956,16.645934502029522
1082,12.470000000000002,13.304333129904135,11.125462029448554,15.874733993173745
1083,12.999999999999996,11.966765245001735,9.776714862440231,14.601878964524511
1084,15.219999999999999,13.324636176617508,10.909821354270928,16.229074684556448
1085,15.170000000000005,16.323751854696802,13.415122752020336,19.819273167899247
1086,15.110000000000003,14.957000823952137,12.281046669652516,18.172124127643865
1087,16.87,15.122541375539864,12.42229819888867,18.36600845505853
1088,21.499999999999996,17.690050563081165,14.563507412544219,21.44468298765223
1089,21.560000000000002,24.031802525207382,19.901616567352683,28.97811846953904
1090,19.590000000000003,21.130646085892533,17.48343529245832,25.497536222547676
1091,17.820000000000004,18.86240099143189,15.601855416505021,22.763306163491865
1092,15.66,17.204219584927404,14.231327952063172,20.757368217612655
1093,14.720000000000002,14.815330423090927,12.356830688913167,17.72634925283296
1094,14.270000000000001,14.466109519119346,12.166108270225553,17.167900396074764
1095,14.039999999999997,14.110543673683006,11.95041795427431,16.63097769666355
1096,12.98,13.963875569116205,11.898168708215708,16.36041581665502
1097,15.780000000000005,12.496275350273113,10.712482217168949,14.551737450101111
1098,18.120000000000005,17.318889994472848,14.988181884805885,19.989361582664515
1099,16.99,18.867368130880728,16.444965263883706,21.626145164364857
1100,14.38,16.333234459639403,14.27504253637864,18.668751567618123
1101,13.670000000000003,13.352197647295835,11.703655116256588,15.214670141938036
1102,29.56,13.714492099511252,12.06964924416535,15.566341888879528
1103,73.89000000000001,41.45103512779152,30.55994790593663,56.10055000065461
1104,52.879999999999995,121.50344788041338,92.43562980132977,159.61426218775887
1105,40.650000000000006,32.79908682463329,24.398201536853463,43.978707193951465
1106,34.25,49.40845388886396,36.87482729337921,66.08973756587694
1107,32.24,27.708379059910165,20.931080179049527,36.58004719871519
1108,42.470000000000006,35.743526193775885,27.61862057081342,46.17511502037855
1109,44.45,44.54420851440279,34.75264708596739,57.01738048138917
1110,41.150000000000006,43.98068919972206,34.55718035939854,55.90165475528771
1111,37.43,39.88863618240255,31.400301076870655,50.6007726252387
1112,33.779999999999994,36.353594478422046,28.87999110718535,45.69650052616218
1113,31.200000000000003,32.578549120397966,25.968529620017478,40.80869246182685
1114,30.4,30.653177231288375,24.61286470846979,38.11798388190571
1115,32.32999999999999,30.37120438014488,24.540602085309235,37.532860774918795
1116,79.27000000000002,33.54756146487322,27.273742991113185,41.213512499718796
1117,66.65000000000002,132.70773957124686,108.9509185201112,161.5976377630928
1118,51.49,48.3800274287094,37.25202655632894,62.74530523943321
1119,43.40999999999999,63.14917148240737,45.77949645243993,86.96837319664373
1120,37.97,39.74917499735793,29.618908110716344,53.23104106002208
1121,32.95000000000001,38.699241822911176,29.50308590259634,50.66788063170462
1122,29.199999999999996,31.386240095465354,24.36725049772796,40.34734852778273
1123,26.289999999999996,28.982808551510356,22.869806569264465,36.66133613307382
1124,24.010000000000005,25.564509769240303,20.50351252995674,31.816646968581708
1125,22.380000000000003,23.72890047881464,19.30366789438318,29.1186230031023
1126,21.720000000000002,22.041437616423206,18.199463380842786,26.652223236679724
1127,21.01,21.710853852145615,18.163273662767644,25.915175964722184
1128,19.759999999999998,20.791755812192893,17.5856726042889,24.55089780655329
1129,19.14,19.499572309562755,16.642630612469368,22.819149995578453
1130,18.34,19.098486608039547,16.383389703839843,22.23765219647099
1131,17.690000000000005,18.114884029686753,15.602011997875547,21.00810308504348
1132,17.320000000000004,17.621583936704784,15.275874498743374,20.305361400919782
1133,17.12,18.28176291763762,15.81316253095811,21.11281670104683
1134,16.969999999999995,17.758221338960904,15.341682654007545,20.532107510064595
1135,17.409999999999997,16.946893516779244,14.63076545960822,19.606219684821884
1136,17.910000000000004,17.485320050442912,14.966750434475154,20.40116479991434
1137,20.25,17.94381238626274,15.187274803027371,21.169761871146182
1138,23.92,20.51836954067427,17.276911779981788,24.334708251761317
1139,23.940000000000005,24.351099621593626,20.4364926313573,28.98056925991031
1140,23.140000000000004,23.789126374398357,19.885587776083096,28.42224049397265
1141,23.65,23.09189803421993,19.094344718296334,27.884721498918335
1142,22.99,23.736627952218136,19.520347591331184,28.819220153217916
1143,22.27,22.874561055509496,18.709797590736738,27.91935662805276
1144,21.32,22.226089774229543,18.176685416892834,27.13057806774913
1145,20.570000000000004,21.21540745743084,17.342495304946535,25.906062686388257
1146,20.61,20.558046899889543,16.784974590078196,25.131574368237192
1147,22.440000000000005,20.649149134066196,16.536665156389976,25.72604249721107
1148,21.990000000000002,25.016482208619895,19.80543520908823,31.532717518726585
1149,20.319999999999997,20.518045093831574,16.088938714785026,26.095086031268142
1150,18.869999999999997,19.204623033992252,14.80269025125105,24.83274021418044
1151,18.64,17.902171905575216,13.453815866758521,23.719569284788804
1152,18.27,18.887704361835393,14.026704671129616,25.321192399799365
1153,18.44,17.831271462498545,13.21697835734047,23.94318947255184
1154,18.749999999999996,18.78969880147882,14.023909527127925,25.067261517123857
1155,43.04,18.81457715382775,14.15747776604266,24.902559373339443
1156,67.32000000000001,69.03994759452827,53.368027411842135,89.22939570501606
1157,71.02999999999997,79.64904345460471,62.88608560429915,100.81040438804129
1158,73.98999999999997,71.03960957241992,56.86247064096848,88.69035179206847
1159,61.37000000000001,75.62593467045626,61.326867681525826,93.20550209779594
1160,51.10000000000001,54.98485872520937,44.82271797950266,67.40066553633251
1161,43.349999999999994,48.51517669359963,39.74923983289386,59.166833370454
1162,38.61000000000001,40.39587453422185,33.42853504134369,48.77320197897555
1163,35.17,37.125648235411695,31.03611641462163,44.37269856801145
1164,30.960000000000004,33.82410860014564,28.539557325772165,40.0540525851647
1165,27.59,29.153051153323766,24.78911042061313,34.25544227877805
1166,25.290000000000003,26.341850421733174,22.62002625765964,30.650125039213368
1167,24.960000000000004,24.41419142894877,21.146190557081237,28.164434593051617
1168,25.400000000000002,25.069782827181744,21.8863544798848,28.69601721644928
1169,27.4,25.621966589449038,22.585861473873425,29.048896279443326
1170,43.87,28.546480684729307,25.263435968210707,32.23992039387975
1171,43.76,57.589262927621164,51.20620261244131,64.75275654283791
1172,39.17,41.11664313617007,36.58879364148381,46.189905746320214
1173,36.46999999999999,38.06341484727036,33.91763194985612,42.701428027000844
1174,35.01,35.548397733840766,31.712609093288783,39.83396017424554
1175,31.739999999999988,34.57434997725462,30.92504273842238,38.640804451644534
1176,28.740000000000002,30.322350311084,27.176895233489944,33.81894015931818
1177,26.8,27.708592852969993,24.880827702860767,30.845322454911194
1178,28.83,26.14393120527437,23.615323167572893,28.932290397360504
1179,31.769999999999996,30.142286387527143,27.38372260054777,33.1689501088924
1180,31.049999999999997,32.93684947169215,30.005469691443995,36.145373494603355
1181,29.809999999999995,30.34998096126431,27.700844033873818,33.24363775196549
1182,30.799999999999997,29.42533422740747,26.957651268988073,32.11082729886838
1183,30.499999999999993,31.45973837598558,28.923983182566026,34.21037319828758
1184,28.879999999999995,29.99871538632498,27.616836128027405,32.57884677758815
1185,26.370000000000005,28.331230843539636,26.13741547326791,30.702396407074293
1186,23.220000000000002,24.5356281375048,22.70105870813885,26.51220156055768
1187,21.030000000000005,21.854118890417976,20.25384700861486,23.574880493194982
1188,19.750000000000004,20.26470405891399,18.79448398407526,21.84412359912892
1189,18.18,19.290741130362754,17.899971771881155,20.78385135113966
1190,20.939999999999998,17.43861980229915,16.155777856649312,18.81738764948897
1191,18.209999999999997,22.57008181183832,20.91173585731136,24.353936366998504
1192,15.8,17.288057641101773,15.912016800385882,18.776059604944912
1193,14.339999999999998,15.288831044128141,13.990851755710107,16.69919555658926
1194,14.58,13.971520423171816,12.715869170072,15.342123200659994
1195,14.780000000000003,14.753238390719833,13.3656538050251,16.27485035926742
1196,15.700000000000003,14.791465950595308,13.342942635970557,16.386278617849094
1197,15.450000000000003,15.975498528574153,14.357880807985877,17.76349698871086
1198,14.689999999999996,15.311893589903256,13.70315214256068,17.096655051138388
1199,13.950000000000001,14.52020224675068,12.94875878629927,16.26868185695765
1200,14.270000000000001,13.790426624688529,12.266663051512646,15.489204473716772
1201,15.04,14.517935275349032,12.965608528339153,16.242808626725807
1202,17.240000000000002,15.347980096729003,13.744550420649084,17.125778380381607
1203,17.440000000000005,18.32529431396141,16.45640113909792,20.394272355758236
1204,37.05,17.440771184148574,15.628235756226978,19.450879266537772
1205,57.039999999999985,48.054128396234425,42.78879253883656,53.95258885204663
1206,57.22999999999998,79.49064227692922,70.075898475098,90.15246705495343
1207,56.22000000000002,55.746092809454055,49.36097366202633,62.94076235994693
1208,49.65999999999999,56.09093886989558,49.874149019573295,63.06741663221024
1209,43.99999999999999,46.97830102998038,41.920291735010544,52.63237938678123
1210,40.160000000000004,42.01799596945086,37.61233970071945,46.92633628449118
1211,38.489999999999995,38.75603078213603,34.74736489438168,43.21422357200256
1212,37.029999999999994,37.9265621044568,34.07644159930257,42.19928613574819
1213,33.18999999999999,36.442115642882804,32.8025186145642,40.473596680780446
1214,29.839999999999996,31.592784402415397,28.486904683706786,35.025808964930405
1215,28.260000000000005,28.545267412470025,25.783039452439862,31.5923735438788
1216,42.489999999999995,27.698895370511526,25.061373559656783,30.603345602725582
1217,49.24,51.360639322718065,46.65193406860597,56.534633249860335
1218,48.85999999999999,50.66747804730401,46.104579807194206,55.67237238280021
1219,45.190000000000005,48.48494643994242,44.133990772484964,53.25533798923023
1220,42.32999999999999,43.773351061148155,39.85256620179962,48.070429390957294
1221,51.14999999999999,41.47124936989656,37.77552714761641,45.51921342482179
1222,99.33999999999996,56.350045446301685,51.420592752106096,61.74304695955053
1223,153.68999999999997,140.82814945183205,128.77937974745646,153.99553177149042
1224,108.27,177.8516652800835,162.417938993404,194.74300331097768
1225,77.27999999999997,84.80787653035281,77.29007140407562,93.04757899179755
1226,61.080000000000005,72.68968384639864,66.15625661521015,79.85872827152653
1227,51.650000000000006,54.78921915778821,49.833596626286756,60.22795121339573
1228,49.230000000000004,49.29688716652656,44.81334033701755,54.21921868242868
1229,49.4,48.96090689434594,44.57732436716721,53.766098106093025
1230,74.74000000000002,49.65257172067373,45.26738626397842,54.4533815089424
1231,80.9,96.83478356106777,88.34058507718551,106.13658150068734
1232,75.18000000000004,72.1712901701665,65.62661975985662,79.35883742060376
1233,64.80999999999997,78.64868312416357,71.21709079144684,86.84503299549655
1234,57.360000000000014,56.671621469227105,51.15866053092473,62.76728023753275
1235,50.230000000000004,56.02801726085515,50.54034560689833,62.09997952883556
1236,43.93,46.83546500081273,42.3803271564265,51.7481432676331
1237,38.669999999999995,41.87406073073268,37.8711357978466,46.28920433666326
1238,34.34000000000001,36.49362954906346,32.98641980514783,40.36276385750629
1239,31.040000000000006,32.72543388448603,29.564446892247794,36.213331381610054
1240,28.199999999999992,29.76984938098827,26.949698338746078,32.87455633523593
1241,26.96,27.052759464245582,24.426073617101927,29.950799773878646
1242,28.279999999999998,26.75277993964357,24.108744185824783,29.675241608184876
1243,30.85,29.309765746813632,26.423826686323633,32.49940583182241
1244,37.01,32.05542769599956,28.97067801532983,35.45767705377119
1245,79.15,41.00986792755005,37.08181909863711,45.34308562621576
1246,66.86999999999999,134.16532879180187,121.51299967928247,148.12430644276674
1247,56.68000000000001,49.57701485718623,44.85517184200446,54.7850800489382
1248,49.48999999999999,59.35308530834952,53.77163768600421,65.50330463220166
1249,47.07999999999999,46.59263732990358,42.18887999155881,51.44542411052183
1250,57.45000000000001,47.1213211164269,42.66371772808095,52.03399862584372
1251,74.18,62.515196075251495,56.670065155588034,68.95275836075147
1252,78.74999999999997,80.4485405025356,73.00045649044768,88.64626793686755
1253,69.49000000000001,78.38852740576732,71.1690105860716,86.33025757834957
1254,58.15999999999999,67.00540623726225,60.57601677592454,74.10611305574545
1255,49.089999999999996,54.34632147265273,48.84697273004434,60.452383821654315
1256,45.050000000000004,46.46284793350438,41.16101446672983,52.43139776052193
1257,51.03999999999999,44.16895690158978,38.49167172318986,50.662403199296094
1258,54.719999999999985,53.225524355776386,45.628331864597634,62.06053367290604
1259,110.78999999999998,55.27908581730555,47.00801807001601,64.97513556615328
1260,220.17000000000004,138.5938883459079,117.16417564356927,163.90999541442062
1261,145.27999999999997,307.65540982791646,259.784988926106,364.3130588855845
1262,94.60000000000002,116.66616502628688,97.92117551804769,138.96322141832377
1263,72.20000000000003,91.01332895827267,76.1342266579316,108.7625927272158
1264,59.03999999999997,65.59052520015395,54.69265853848308,78.62087217237587
1265,50.5,56.696543197270245,47.168220303448244,68.10969672417325
1266,43.73,48.00074160469992,39.91214627251122,57.688504431356236
1267,37.34000000000001,41.98528059640101,34.88815177485725,50.4859154503974
1268,31.439999999999998,35.4114206807901,29.4020081748182,42.608683622801415
1269,26.410000000000004,29.792018528812193,24.71550617683639,35.87068800274177
1270,22.500000000000004,24.99423446308642,20.748020423997623,30.069504816921892
1271,19.3,21.4328399218696,17.865136248330128,25.675254306990272
1272,17.029999999999998,18.37749263901451,15.359337601625473,21.952470944651992
1273,15.170000000000005,16.44025251796485,13.77581376040271,19.585154416706015
1274,13.790000000000001,14.599903500397149,12.238136177118086,17.383025069823805
1275,11.660000000000002,13.642361370593367,11.398164898752116,16.29278068632756
1276,10.340000000000002,9.918273148390288,7.434400278850072,13.133629493703971
1277,9.17,10.592574857641104,7.958183991275442,14.001678014304648
1278,8.250000000000002,8.12522633102966,6.027397844215066,10.849301468119448
1279,8.15,8.325324334451249,6.165348735478194,11.13641891735575
1280,9.07,8.010462610368133,5.748856771984965,11.029953990113066
1281,8.430000000000001,10.059136803622156,7.1081155850456295,14.084208600430529
1282,7.440000000000003,7.2937161492107165,4.962247664401499,10.536878612804738
1283,6.669999999999999,7.512664249499533,5.071849737701782,10.93465842455711
1284,6.19,6.051036984248892,3.98573415074606,8.971875966512595
1285,5.700000000000001,6.282295189524527,4.112958665209345,9.372042236175739
1286,5.32,5.27657822415224,3.3815984186150896,7.991110193150464
1287,5.160000000000001,5.342825544422856,3.4138314173819406,8.114855571635387
1288,4.679999999999999,5.044547551142815,3.197255314201054,7.7048683873026
1289,4.35,4.368319989795822,2.728811843618935,6.728697698211492
1290,4.18,4.300567554931046,2.685790573702375,6.622792408458858
1291,3.67,4.077447257170734,2.603648115826981,6.153992238066893
1292,3.2699999999999996,3.1876858011882465,2.0217116319585124,4.8035691374386
1293,3.2300000000000004,2.9284955765490435,1.8752379165970634,4.36758276797871
1294,3.16,3.1467545834268495,2.06187735536842,4.616022975258109
1295,2.99,3.0495152957411333,1.9275390217555124,4.6014878054837745
1296,2.9199999999999995,2.8586901614256224,1.7438439743674943,4.426507447572777
1297,2.65,2.834254554481621,1.7121923050918695,4.4205256614593464
1298,2.5,2.4824107308010093,1.4229586918958885,4.00511401146046
1299,2.37,2.352217342593247,1.3251028735761712,3.8330597496097374
1300,2.46,2.2391779150363442,1.2471361577572142,3.6691757101764404
1301,2.46,2.42039704580665,1.365106144160944,3.9465500649288154
1302,2.0599999999999996,2.437086579369118,1.3675392914252384,3.989807010538626
1303,2.03,1.933382582553083,1.0423506490060137,3.2131518306191005
1304,1.8599999999999999,1.918262477074045,1.0553974968747633,3.143362000803897
1305,1.67,1.7422949693520122,0.9556542868766438,2.8453533169933425
1306,1.5499999999999998,1.5484872781348988,0.8438606005397167,2.522385263242967
1307,1.5700000000000003,1.4276357348743383,0.7835713218719393,2.3042778771826526
1308,1.5899999999999999,1.45870519180869,0.8286002810051436,2.305933660309879
1309,1.46,1.485303414869544,0.8701630489260008,2.302777834001906
1310,1.46,1.3631639151238897,0.7960584196273475,2.109332986452841
1311,1.42,1.3880210865109022,0.8283148925913197,2.1190714098150782
1312,1.3399999999999999,1.3629219274057647,0.8263670089296118,2.0571073654507512
1313,1.3399999999999999,1.280809824786913,0.7761799581031934,1.9288099064015416
1314,1.4500000000000002,1.288734892609468,0.7939079847831967,1.9200535663378244
1315,1.29,1.4293097934161345,0.9184830090057128,2.0761523790852445
1316,1.13,1.24137134265986,0.7805098694706449,1.8215207238308935
1317,1.0700000000000003,1.0692973115583864,0.6530500807666566,1.5903579168253938
1318,2.21,1.009733166335948,0.6189190658710597,1.4948914896480727
1319,2.6800000000000006,2.8278876742722967,2.1266371289433215,3.686416569164778
1320,1.9699999999999998,2.6677752781650326,2.028951237548371,3.441331152629277
1321,1.69,2.0311093450043884,1.4946412960420816,2.6829438668997123
1322,1.5300000000000002,1.6566345835992182,1.207914626796608,2.1965490083351593
1323,1.44,1.5050213095764842,1.0968686575131255,1.9926203240953368
1324,1.25,1.428825235023158,1.050223368555009,1.8773411291487871
1325,1.19,1.1939639983972241,0.8653037146586247,1.5805331262871931
1326,1.21,1.2087263279889893,0.8905173965598256,1.5804956890791275
1327,1.17,1.2035456401467561,0.8967071299145046,1.5600227423770203
1328,1.1600000000000001,1.1595322002968538,0.8702236368376812,1.493594473014206
1329,1.2000000000000002,1.163667848897398,0.8823785672509943,1.486991002659495
1330,1.29,1.2123003620786665,0.9350057672678882,1.529332457217333
1331,1.23,1.315199687784519,1.0340801854408244,1.6351712349805352
1332,1.12,1.1906243146288182,0.933232730561405,1.4822851444530492
1333,1.17,1.1058196388477195,0.8651401845508713,1.3775565976691286
1334,0.99,1.201454333826001,0.957930934805233,1.475266669405468
1335,1.1,0.905318157962175,0.698842578979145,1.1368885663566477
1336,1.2199999999999998,1.1986111516038203,0.9661018982574809,1.4586167178012817
1337,1.15,1.1862158172213628,0.9598344092287674,1.4387466496976709
1338,1.1100000000000003,1.1492576180724976,0.9307307678425072,1.3925181002861966
1339,0.8999999999999999,1.0971436277331397,0.8889167115252292,1.3283246786410636
1340,0.81,0.8461311614393716,0.6645456868994357,1.0475258156392022
1341,0.74,0.820301025240364,0.42865707360906624,1.3193080296873374
1342,0.8500000000000001,0.7061422155353418,0.17416965227834047,1.4791317455561375
1343,0.8,0.9314012166415331,0.22588956736764976,2.042941843166578
1344,0.8399999999999999,0.7086137112778406,0.0,1.929726063113539
1345,0.8999999999999999,0.9543413966310266,0.09200124728734149,2.497661109887624
1346,0.9199999999999999,0.8153682483839269,0.0,2.5069859553914826
1347,0.96,1.0137956678522664,0.008332231649605726,3.021861906790453
1348,1.0099999999999998,0.8915927732292837,0.0,2.9674846532358647
1349,1.08,1.0607128811777482,0.08353328421408124,2.9191574827643954
1350,1.1600000000000001,1.0891665584099366,0.19722335981678052,2.6456162277408004
1351,1.2000000000000002,1.218796836783477,0.3698762583571016,2.5937986171280976
1352,1.37,1.2278950203300045,0.4655873224515321,2.386707939932647
1353,1.4500000000000002,1.4203067396843565,0.6763979234970936,2.4943283047866855
1354,1.3399999999999999,1.4862233299981904,0.7967599979124964,2.4402515938738767
1355,1.2599999999999998,1.3289340309180617,0.7469106842273971,2.104871799880876
1356,1.17,1.2480431372780894,0.7401523212844097,1.9041698736654098
1357,1.29,1.153723248579439,0.7135655711011921,1.70694271039229
1358,1.48,1.3033164979053966,0.8750315048483499,1.8294281327034367
1359,1.35,1.5153745765736755,1.088282294743264,2.0298151147477212
1360,1.27,1.3275727962080022,0.9638509991382598,1.7586589430790749
1361,1.13,1.2810178374851846,0.951527241757669,1.666138736674461
1362,1.21,1.1081549910737203,0.8282990599040534,1.4308481931956298
1363,1.15,1.2190358147051201,0.9438110347891988,1.5332297526945684
1364,1.1100000000000003,1.1423703625083848,0.8931859765057408,1.4243528248744086
1365,1.1399999999999997,1.105505633517701,0.8782710643726459,1.3602312024412062
1366,0.97,1.1476815121155233,0.9329753744612803,1.386236233748364
1367,0.94,0.9417470896678033,0.7574370734286018,1.1453864933426652
1368,1.1600000000000001,0.9314898418895183,0.7556395714870587,1.124953817350144
1369,1.4900000000000002,1.1989278410106734,1.0048258934092567,1.4118222264923665
1370,1.81,1.6051281448273897,1.3824470963026907,1.8486226038362137
1371,1.5700000000000003,1.9302945731361016,1.687338501667016,2.195215742276016
1372,1.23,1.4595663379979307,1.2542097123254639,1.6836307810828588
1373,1.1,1.170978105690672,0.9866162171713371,1.372449139723181
1374,1.1600000000000001,1.0723656621001272,0.8931117002978086,1.2685927284565897
1375,1.0899999999999999,1.212072405792107,1.0174070549179888,1.4255215706409836
1376,1.0899999999999999,1.0265518887991454,0.8488236439760874,1.2213652293860982
1377,1.08,1.1235167008661393,0.939400973716114,1.3251113307512856
1378,1.1600000000000001,1.05872030660893,0.8822483157890006,1.2517375976863843
1379,1.0,1.210944655937361,1.023808306738991,1.4153850220600033
1380,0.81,0.9138196943949035,0.7575985686079161,1.0839262662547582
1381,0.75,0.7627213292141073,0.6210673562786437,0.9167534726004671
1382,0.8199999999999998,0.7424455466324085,0.6043249663661183,0.8924572930234196
1383,0.81,0.8602357972128689,0.7165860920814555,1.0159065934387117
1384,0.98,0.7889210652690808,0.6547082265519892,0.9340198630860646
1385,1.1399999999999997,1.0734978564299031,0.9199591442420945,1.2393150257979015
1386,1.12,1.1769041994711196,1.0175160629453974,1.3488843438285185
1387,1.19,1.0961185658807389,0.9440364606809406,1.260098064565586
1388,1.15,1.234200733575467,1.0758374650286808,1.4046453549484368
1389,1.27,1.116393401073346,0.9699865933882921,1.2736809697790425
1390,3.21,1.34549437186103,1.1837261464461597,1.519246223884239
1391,7.890000000000001,5.697606897045052,5.22617411190417,6.204735579363105
1392,5.6899999999999995,13.372460292850525,12.315872645877883,14.512886039317213
1393,4.990000000000001,3.476711565665364,3.1388471041432835,3.842156749907386
1394,4.63,6.181895472366431,5.341058089735561,7.134229626360112
1395,3.99,3.9413128400523005,3.3957442146766157,4.554593577520524
1396,3.7,4.145036952667524,3.6066257855396398,4.7463763015891125
1397,3.16,3.5328129098705174,3.083032716921826,4.032140151788602
1398,2.7699999999999996,3.031904919324635,2.6501117886938625,3.4536327158054663
1399,2.7799999999999994,2.673205724518152,2.3383587957789027,3.0416387572519383
1400,3.6099999999999994,2.853394137226728,2.5137848947607964,3.225826799743288
1401,10.36,4.005760036744979,3.5767403822915558,4.474995619683114
1402,9.349999999999998,17.801998104581585,16.20265971829894,19.550027641867832
1403,9.05,7.4465571246061,6.725308666867798,8.235142611869303
1404,57.51999999999999,9.910719610077924,8.970633295148167,10.939442449224078
1405,43.940000000000005,97.7653336079962,84.6470912437181,112.89284774355073
1406,26.759999999999998,43.956290517544,38.31013216827585,50.413412919757704
1407,19.72,33.342773037046726,26.177579468719692,42.39702368386323
1408,16.41,14.72342060155961,11.329664760403718,19.051312036277462
1409,13.750000000000002,20.320563431030095,14.863042721606517,27.65568939037327
1410,11.639999999999999,10.827658181105617,7.9132711953825225,14.694967087004574
1411,9.979999999999999,13.911791254643813,9.960990710660552,19.286625934807613
1412,9.160000000000002,8.139614043279726,5.869829455528674,11.159333124767894
1413,8.400000000000002,10.82974933657042,7.738011290211835,15.01542556060209
1414,7.690000000000001,7.05940147306587,5.121369693337871,9.611016056545038
1415,7.23,8.883018801918643,6.390621831476895,12.215946217553775
1416,6.759999999999999,6.293211002822649,4.621323729080445,8.462348958222071
1417,6.490000000000001,7.373018925463187,5.573339769358178,9.66542250759236
1418,6.38,6.073682872287178,4.672694266634908,7.820674449527733
1419,6.269999999999999,6.692670765110697,5.269173964106331,8.439390873375531
1420,6.37,6.021585070950283,4.813374647862571,7.480901351630452
1421,6.410000000000001,6.592886156001809,5.366281054409362,8.055823908068513
1422,6.550000000000001,6.483890356450947,5.298099890758782,7.892938479677188
1423,6.639999999999998,6.676887762544931,5.525837875949121,8.030963814763885
1424,5.9399999999999995,6.572052981154894,5.494003119204783,7.829066647636248
1425,6.02,5.887248281903048,4.935947412917499,6.991005579556295
1426,6.300000000000001,6.080645502151916,5.1296446725095235,7.179192009610938
1427,6.300000000000001,6.312952333738355,5.353420574916019,7.41739834549457
1428,6.660000000000002,6.290942097187823,5.35197837939997,7.368705541716132
1429,6.9799999999999995,6.760877565583147,5.768065195738848,7.899326298732049
1430,8.709999999999999,6.952591028170678,5.951840657290947,8.097404152238742
1431,10.44,9.08953978211776,7.82122012821338,10.540219100682943
1432,10.569999999999999,10.287974594151647,8.878082503976445,11.899099636687636
1433,10.8,10.435355475893118,8.862347966881268,12.259251782554044
1434,10.970000000000002,10.605453736619761,8.869360460468545,12.646938621028678
1435,10.340000000000002,10.961780712277177,8.630955956712224,13.856697346734808
1436,10.060000000000002,9.93625558942231,7.718762453230228,12.71773654331634
1437,9.9,9.880867007803081,7.262706984336207,13.328629475296449
1438,10.03,9.7318114488342,6.584901989453544,14.184346104072254
1439,10.789999999999997,10.113096698969915,6.3883460424723975,15.715638050884845
1440,13.7,11.40414888875538,6.833222937314621,18.64235039468422
1441,16.089999999999996,16.674874891426857,9.72072479204423,28.139933025743016
1442,15.649999999999995,17.708179516087416,10.227320459181955,30.173598551729068
1443,14.780000000000003,15.15057723304804,8.390600472514253,26.776833411677636
1444,13.920000000000002,14.408434238951443,7.739191556800863,26.167255020440688
1445,12.800000000000002,13.48292599144775,7.015364956812231,25.169132210939768
1446,12.070000000000004,12.198337364433307,6.244705711527649,23.044608038145505
1447,11.580000000000002,11.890245149781943,6.028463185316838,22.64078969191992
1448,11.070000000000002,11.303257251820604,5.68193659092761,21.653632961737305
1449,10.42,10.841945863641554,5.405272901543003,20.89316271030951
1450,9.839999999999998,10.043216547129546,5.001038090560209,19.321922618460043
1451,11.479999999999999,9.615182140748296,4.823095956218908,18.350890441865406
1452,11.94,13.23383883090223,6.857099067292655,24.785874166648558
1453,13.379999999999999,11.167986455955573,5.834968052813985,20.662119449316425
1454,17.079999999999995,14.30141731427011,8.231010134309912,24.363786673271626
1455,22.830000000000002,19.36584692008259,11.457895427964417,32.29356255802264
1456,67.46000000000001,27.77467195758435,17.651953480193956,43.391154371353345
1457,90.64000000000003,259.9753324405869,138.3422256159735,487.7830938640273
1458,59.60000000000002,127.16902713248703,72.62928746139711,222.1082234049979
1459,45.13999999999999,61.74815291306666,33.575679394882684,112.87572892014767
1460,39.04,38.95216770664032,21.553516979208165,69.77280700526707
