step,true_value,prediction,lower_bound,upper_bound
80,252.68000000000006,264.1640017435962,195.01773040342863,357.70197902999513
81,231.02999999999992,270.2776145809237,199.4261475145573,366.1753665143471
82,243.65999999999994,235.9657788659238,173.7254049818362,320.3773083506164
83,254.97999999999993,268.830577328688,197.6932499964872,365.43690947135985
84,307.73999999999995,266.9102125228334,196.92226034436223,361.6468384564115
85,493.27000000000015,332.9498839090289,246.34392715405738,449.8803844348781
86,521.0299999999999,528.2464343105457,395.02205862657775,706.2883495475792
87,488.5199999999998,440.4236326668676,331.70388468955474,584.6704187828533
88,529.5799999999999,456.2947289501185,348.454421250198,597.4141461923022
89,410.3600000000002,507.8881992036368,392.93417273905953,656.3869880038542
90,388.1800000000002,345.68411777515814,270.0213969518219,442.4700686710181
91,399.3600000000002,395.12624844955474,311.8394843965421,500.58631674452664
92,448.7900000000002,380.96374278670146,303.2596266728858,478.51252158894147
93,467.37,447.5710051911875,359.4639395064385,557.2138035048532
94,456.78999999999996,435.76006800842055,350.3488150622044,541.9343968982711
95,484.80999999999983,434.2515869639991,348.9829090343308,540.294843446474
96,479.44000000000005,474.51670811395826,380.8493514609149,591.160596398656
97,488.70000000000016,449.70718738327713,360.7068062068173,560.6067081767726
98,594.1199999999998,472.3747385697272,378.5080094377681,589.4582710861149
99,706.6500000000002,599.6504574843938,481.86256606499046,746.1711361192007
100,868.7399999999997,689.4911286267376,555.0833799186136,856.3858092683968
101,948.11,879.5697923348632,708.2651207339374,1092.248683045753
102,946.8400000000004,891.0716560415317,717.5779746597522,1106.4537038092346
103,963.6900000000005,904.8382061737457,729.0150262570846,1123.008172778493
104,958.3499999999999,932.531698855076,750.6619691831688,1158.4060475272993
105,874.9899999999999,917.0612199166137,727.5469726372157,1155.873112057356
106,783.8399999999999,805.2179405421339,634.9595624651016,1021.05769991495
107,786.6500000000001,736.122759776459,577.6429842291868,938.00725972555
108,706.5000000000001,785.032001403575,614.0322572718288,1003.5754510034377
109,707.7400000000002,647.8924701358244,505.4990034875438,830.3174061542388
110,719.0099999999999,714.7851005813264,556.5493564965561,917.9290674347399
111,738.7400000000001,700.5005018920173,545.9204512990402,898.7706210947387
112,897.4900000000001,737.3372492053985,575.6865524540447,944.3001656521831
113,1108.7800000000002,962.1691450504238,751.5449009528616,1231.7434559752255
114,1218.2699999999998,1151.649274623502,898.5951160959468,1475.8870200806898
115,1335.3099999999995,1200.264981116998,933.1895819976847,1543.6945488004787
116,1445.4299999999998,1358.9680563449854,1054.1291881516627,1751.878353710097
117,1482.24,1444.9000669455775,1126.2085417025792,1853.6940750071517
118,1412.2400000000005,1456.8991338770832,1127.635104803038,1882.2214907319158
119,1368.7899999999997,1349.6299258648623,1041.4016298872605,1748.998411686115
120,1345.1399999999996,1355.2938669210046,1041.5091791821576,1763.5245626428293
121,1241.4599999999998,1308.9173670676441,1000.9362196872427,1711.5676014397875
122,1112.4699999999998,1174.5208249501663,894.9817593063302,1541.2738192363963
123,1047.1599999999999,1052.069614429231,799.3797875546912,1384.5367540229804
124,1014.3000000000004,1027.3264525715315,778.6570794811084,1355.308203809458
125,986.63,990.6506279299697,748.9105822119724,1310.317630661118
126,1038.4899999999996,970.6908898254707,732.2936602672888,1286.5921837721276
127,1108.8099999999997,1072.889638975663,807.4896538075225,1425.4115208749872
128,1130.2199999999998,1114.6841232151467,837.1340576555037,1484.1455461388466
129,1189.6900000000005,1122.3779771535392,842.0833012865395,1495.8604853492031
130,1228.8600000000004,1217.2916368174506,914.9810018267569,1619.3769612899264
131,1257.03,1210.34863315248,910.9370831443812,1608.0644170109517
132,1347.58,1258.3510782440821,949.6599312598782,1667.2780941158478
133,1379.6500000000003,1376.7760170355632,1041.2216207543515,1820.3657396057765
134,1626.4499999999998,1348.4736232264747,1023.6197186952697,1776.3218947053983
135,1829.5300000000007,1791.7492637896478,1361.4589290359122,2357.933435955051
136,1959.3800000000008,1788.1199465117425,1361.3258104343417,2348.621623909218
137,2026.039999999999,2013.1606281759023,1529.6667567323288,2649.376392020497
138,2048.6299999999997,1965.4559461318413,1494.0708810761305,2585.465322161783
139,2040.0499999999995,2070.0468199049706,1574.2317642105909,2721.923081980887
140,2025.7700000000004,1990.8318034239285,1531.6257969093801,2587.6253129312295
141,1886.9599999999994,2022.371693653449,1561.7652663666336,2618.7363729464564
142,1756.1999999999998,1774.929437927851,1386.3570550569607,2272.333571197533
143,1664.5,1719.27783048904,1355.3494792406805,2180.8534672412034
144,1584.8300000000004,1611.5691643305686,1282.2335725966961,2025.4271176195714
145,1549.2199999999998,1550.4098720427776,1244.3996519105406,1931.6106181091798
146,1467.0499999999995,1535.803754750192,1242.2441086842616,1898.6798489668852
147,1455.7499999999998,1420.7907796743368,1153.7478990158997,1749.5890444916276
148,1365.61,1473.4572015506615,1205.4018342739676,1801.072889347828
149,1356.9599999999998,1313.1810575084044,1081.2993981148502,1594.7431510376175
150,1451.77,1383.4433886089591,1145.6775883634398,1670.5103841861817
151,1458.2300000000005,1487.5588426253107,1237.4660340128353,1788.1547826938954
152,1444.0999999999997,1439.0585166581632,1201.6767261107673,1723.2942233578349
153,1461.2900000000002,1444.217356992624,1213.2117697732795,1719.172099256412
154,1469.7,1465.4355518230864,1235.7383831977888,1737.7939574499048
155,1401.1200000000003,1465.0212711891647,1240.1300306354053,1730.6625289284048
156,1335.0800000000004,1364.7334780723768,1159.0415115387345,1606.8975748493203
157,1278.1200000000003,1317.585093364926,1121.9345289831983,1547.3241485311962
158,1280.4500000000005,1258.4929612817,1074.495982815043,1473.968335414928
159,1258.3600000000001,1294.1363136755313,1106.553443595758,1513.4895090166542
160,1237.3899999999996,1245.9107175179604,1069.0544244305563,1451.997438227084
161,1135.2100000000003,1239.9578669898735,1067.5227173452745,1440.2201094517677
162,1025.1900000000003,1098.3786414794229,948.018995994854,1272.5608058868563
163,1009.4099999999999,1003.338195787592,871.4632651087702,1155.1463408916377
164,974.4799999999999,1027.795894097382,898.7449890993196,1175.356639419746
165,997.93,952.8034970899172,834.2154009558143,1088.2293293680345
166,1021.6500000000003,1039.8104097072508,915.9786678865332,1180.3647873093387
167,1147.1500000000005,1025.6049291007403,899.6041191068999,1169.2341329496383
168,1227.3000000000002,1217.5413819230005,1066.5358814692302,1389.9069711223694
169,1207.0000000000002,1240.3282894271888,1084.0255684056774,1419.1471071289159
170,1177.42,1199.7356331833328,1047.8203419061467,1373.6549367796251
171,1128.16,1175.0423939051987,1025.6129161612212,1346.2222007823148
172,1048.4000000000003,1113.6737766473914,971.9750732992318,1276.0086947163102
173,959.2899999999997,1026.1414096165647,898.1132299448327,1172.4000126033482
174,930.0000000000001,935.8294474805895,821.5864545740831,1065.9388108526705
175,938.0499999999996,936.8155845320139,827.33243744792,1060.7694428348639
176,909.91,950.1169172834709,844.8770668261136,1068.4501906017222
177,817.7399999999997,899.5940816765392,804.9231220402514,1005.3859414996416
178,763.1700000000001,783.38535156663,704.806526060508,870.7125119066415
179,761.7799999999997,761.0219845067802,688.2683181115522,841.4549476792778
180,767.53,771.6174531098483,701.0837263910415,849.2372386815166
181,693.8799999999998,774.6527403216163,706.0695805351486,849.8882154328873
182,674.4100000000002,656.8959994880432,600.5960546386228,718.464735190741
183,735.1699999999997,690.0437677357813,632.7236256301082,752.548502238097
184,820.4199999999996,770.9525704933533,708.6366704020649,838.7406672257583
185,801.0700000000002,863.6137486546999,795.6970880908078,937.3201539673831
186,789.3300000000004,776.4117014877319,716.7732553974371,841.0053952489582
187,735.06,807.1537831017558,746.7622222275909,872.4227508793521
188,663.3800000000001,710.6247801044462,658.9460016605849,766.350398948476
189,700.8399999999999,649.8774954703077,603.7162615560902,699.5624638232185
190,586.1299999999998,745.8773073054585,694.4113639850865,801.1521376516005
191,531.9999999999999,547.6958971425157,509.7055127070254,588.5123119881855
192,556.4300000000002,538.7547412619086,501.7280470443937,578.5085084818899
193,583.6199999999998,576.4321997256636,536.43003305181,619.411820654383
194,575.7499999999998,600.4805211614726,558.3178084602298,645.8215598795846
195,627.6300000000002,577.5587761808841,536.6031186806539,621.63451580674
196,648.5099999999998,664.3017868258955,617.4066485095548,714.7530867763471
197,519.6100000000002,653.6200187000043,607.8304614256409,702.8533648256557
198,402.0099999999999,473.98202323720284,441.05368980701695,509.36316990589575
199,440.0299999999999,377.5692712367901,351.4446005662916,405.6304119696626
200,468.7899999999999,497.56485179341536,461.058852988801,536.9550891319353
201,433.41999999999996,470.5122410744478,435.6627178251987,508.1430626143976
202,445.9899999999999,428.4286368664267,396.07884536203306,463.4139477962472
203,405.2499999999999,473.24357560553864,436.45915575150195,513.1210694670758
204,367.85000000000014,386.4323566648782,356.2905511055477,419.11699029387165
205,366.56000000000006,373.6472099644873,344.265616302697,405.5291338223482
206,427.4399999999998,378.1271310804445,347.970340205529,410.8899658825825
207,350.73999999999984,476.45695015355534,437.41451678207056,518.976256541826
208,314.31999999999994,333.090689506111,305.96695066854363,362.61109419622795
209,317.44000000000005,323.17508915179906,297.0342030401657,351.6088192381533
210,333.6400000000001,329.0215455986321,302.7400096344195,357.5771288095987
211,293.04,349.2982071041166,321.29580305636,379.7335768467963
212,305.10999999999996,286.91014841297385,264.3566743048472,311.3805111604327
213,234.50999999999993,320.2658149167266,294.8908766282871,347.816851030416
214,217.25999999999996,233.2537367262178,214.82167109447076,253.25997719281872
215,217.48000000000002,220.55906985289025,203.08316370380655,239.53146052420934
216,236.25000000000003,221.34449811704377,203.63687063392308,240.5844011383391
217,247.44999999999996,243.62167240389078,223.52272186495057,265.51985203381696
218,311.1799999999999,253.40884802561592,231.9174115410623,276.8833129111535
219,362.2500000000001,328.56461246847454,299.70196075126404,360.1976241197131
220,311.57000000000005,375.6300964027873,341.13404016725775,413.6042569953783
221,271.49999999999994,304.2551243498815,275.34383474048275,336.1911337532409
222,276.35999999999996,272.8429067108499,245.77012048808228,302.88580840956746
223,252.95000000000005,287.34433251287345,257.3602918495978,320.8081753085152
224,313.6199999999999,254.21291476092432,226.52078756792125,285.27552039095605
225,289.1700000000001,335.56875011411785,297.73044385317564,378.1997966201773
226,351.22000000000014,291.1079972932863,257.1064889890425,329.5886745308328
227,388.77000000000004,360.2757180248868,317.19604339082355,409.18782962705313
228,338.2599999999999,391.63819310198585,343.7962390928158,446.11842300835724
229,248.54,340.86646640573287,296.99128801803676,391.2016701564377
230,205.82000000000005,251.3903208963513,214.7069684267931,294.3120826218559
231,244.62000000000003,216.71467151372224,182.79990921404888,256.88738631599364
232,252.16999999999996,268.49282101249224,223.14051989487632,323.02164772051714
233,268.3799999999999,263.2391146842229,214.91358276307622,322.3808120618262
234,279.46,281.004279498751,225.45928761172382,350.17311590223585
235,253.01000000000008,286.37109378842973,224.83758693513133,364.67050979374403
236,268.66999999999996,260.0117867885607,199.59047052460488,338.6330476935614
237,261.72000000000014,280.76036590545783,210.4932632306859,374.3732037723782
238,267.8100000000001,267.59566874817745,197.5327053403758,362.3841242761162
239,260.4900000000001,275.29701096299493,198.36227873146603,381.9211762266858
240,232.71999999999997,265.8211238855628,186.99034177277431,377.7083500151679
241,229.12000000000003,244.31904600235342,168.27644954150313,354.5216008754339
242,221.77999999999997,246.26374886775724,166.9746054019747,362.9797894320195
243,246.43000000000012,236.66854210803834,158.67985360337642,352.74741793078647
244,256.55000000000007,262.23181682211276,174.5968559828474,393.6026766802635
245,280.88,259.46154901644826,172.2434158856429,390.5890146199188
246,316.47,280.8265667833678,186.5033650254559,422.59887106088456
247,279.23000000000013,303.81950118954313,201.7969341881154,457.1673222892687
248,258.42999999999995,266.3831264668609,175.77679344709054,403.4294215608764
249,232.39000000000004,263.3071900178079,172.7751308419683,401.0039596957001
250,208.45999999999992,242.9096476439946,159.89179204970134,368.7635252607533
251,283.12999999999994,223.84311970323773,148.9049237565381,336.24328201514174
252,272.2,291.46432364624496,192.70042839292023,440.585913441283
253,399.7099999999999,264.01230952096915,173.50845876476765,401.4534093920802
254,389.77,348.8789710554541,229.39280949610512,530.3329641431052
255,362.95999999999987,334.17855035365653,221.9243703139575,502.9586316155432
256,349.50999999999993,330.22390897491005,223.41942624802726,487.8582049727253
257,320.54000000000013,323.09362992366624,222.56093625470322,468.8346800508561
258,336.2,305.11613195710095,214.0902342627603,434.6640670626729
259,354.3100000000001,323.21755798326325,230.9551769533324,452.17817987644827
260,387.99999999999983,333.06731957475444,241.32348095661135,459.5454393742535
261,377.61999999999995,363.05379620852085,267.8993124770225,491.8802729652215
262,463.84000000000003,359.22435771431236,268.9311391839814,479.7210768011658
263,549.0799999999998,436.2628438333715,330.0218051833545,576.6018123378354
264,555.3900000000002,524.7064982614493,401.3196876000638,685.9346214770509
265,571.9699999999999,532.4674661108473,411.0403035042347,689.6788849984506
266,575.1599999999997,551.578854791522,429.2196502100847,708.7383641440013
267,564.71,557.2445950544143,436.89210218046395,710.6753792902052
268,552.2700000000001,547.529908492763,431.94927338194793,693.96608265615
269,455.30999999999995,536.5796280282458,425.56467684924826,676.4866090778524
270,437.2300000000001,440.37773054793354,350.78865615013046,552.7822144569228
271,530.3199999999999,427.3434817781177,341.8658520312324,534.1309770128032
272,558.2500000000001,518.7866481226295,416.3385076667482,646.3837295222708
273,540.6099999999998,543.522587914051,437.68132020718053,674.9003292152535
274,454.71999999999997,525.373591389382,424.351093483925,650.3893156892218
275,533.92,440.2304921774076,356.76006119379355,543.1757433109887
276,651.85,519.1341448647829,422.0690008516856,638.4690419520041
277,721.31,631.8980839947077,516.1015776674136,773.6253386637352
278,814.6099999999999,696.8386015821048,571.3510765590274,849.8391681304802
279,790.3,794.0886287517939,652.1488093503851,966.8742707946656
280,839.3899999999999,762.3360896251527,627.8515174165942,925.5811874287182
281,826.7599999999998,821.0693705516784,677.5452074322887,994.9514010224143
282,796.7599999999998,807.3404486232272,667.5491287754145,976.3616519062152
283,841.5699999999997,766.6600615829402,635.2247406550092,925.2481203463143
284,854.4900000000001,838.8629098807766,689.6496175951261,1020.3133974496872
285,866.4900000000004,831.7212052624209,681.5147950608444,1014.9847240115605
286,880.0300000000001,851.773595542294,689.8125112530303,1051.706477384231
287,868.1200000000002,864.8334028525256,692.6358547766343,1079.7795997463152
288,869.1799999999996,845.1601717674275,670.733315766301,1064.8798953103847
289,885.0799999999999,857.2558147886982,673.8281710584711,1090.5416326844313
290,912.9799999999998,874.1719103811787,683.4377446537097,1118.0584953899072
291,898.3800000000002,905.3957289269026,704.4815223924161,1163.528327589495
292,890.6199999999999,865.519329094731,669.4972884662822,1118.8490443001122
293,904.5199999999999,876.9921482086969,675.5498626203262,1138.413744510252
294,914.6899999999999,892.5329145063408,692.0543262613626,1151.0035862312834
295,911.8000000000002,899.6674316069098,699.9101864974588,1156.354876537136
296,888.2599999999998,893.974982613157,697.3934093041622,1145.8897169311347
297,815.3199999999997,866.4258587752987,677.6252072312441,1107.752832129432
298,738.9499999999998,782.8343643716162,612.4215208430469,1000.5891029148586
299,781.3699999999998,716.0510391456592,559.5401001354063,916.2621059861132
300,770.6900000000002,803.3322592843341,629.214800428671,1025.5553631640937
301,656.0100000000001,757.4045142394633,597.6969075214952,959.7155139650453
302,605.6000000000003,618.4145191356195,489.3592744849356,781.4351786126922
303,644.8599999999998,613.9090019526192,470.38351169107784,801.1347189805049
304,652.9400000000002,688.8417495223823,514.0545707032591,922.9441147650222
305,579.58,644.565843057751,476.27147700858904,872.2037798172563
306,602.8399999999999,548.6936704863649,410.15084078447865,733.9203781177802
307,581.6400000000001,628.9385699199571,476.4832850027929,830.0711900008806
308,576.48,578.2379612040955,442.74692540832314,755.099020609877
309,605.2400000000001,583.7601473926504,452.3886259115739,753.197195157174
310,565.89,625.1157916770125,487.72329043514463,801.132806558673
311,525.9300000000001,551.5002560953745,432.5084984748015,703.1535150047307
312,478.7900000000001,525.9546476269902,413.93277957381497,668.2197250381059
313,429.6499999999998,467.3727816723783,368.72783499963,592.3366164106658
314,452.3000000000001,419.21239841624606,330.70542601312246,531.3351562411534
315,466.22000000000014,475.74005285481354,375.0950157417621,603.3182400270582
316,441.91999999999996,466.9652564971962,368.79432414774686,591.1980598084875
317,425.28000000000014,437.0286896715412,345.1657453479994,553.2695531080982
318,394.60999999999984,426.07446702702174,336.4206423195664,539.5496211867002
319,354.84,383.8785637802757,303.4030422993051,485.62952820266844
320,403.6000000000001,343.4064674794743,272.3483805716325,432.93640962363867
321,406.38,456.4338220134365,364.3845554890348,571.6725401454461
322,384.66999999999985,404.9243560311542,325.47239370321904,503.71214717498043
323,360.2400000000001,383.9751826866722,310.0281994316197,475.50306806737
324,315.11000000000007,356.6244162604981,289.59826914527815,439.11006494234704
325,292.01999999999987,302.47793016761625,247.15008832854207,370.14173409797417
326,252.7800000000001,291.59338107650393,239.5824685569139,354.8484006058302
327,281.85999999999996,239.5477748946874,197.77289069907823,290.1022313117345
328,358.96999999999997,297.6883465305195,247.4409538866338,358.0983167527416
329,365.60999999999984,393.4260076780044,329.00463013480663,470.42331145250347
330,362.8400000000001,359.38327998723025,301.7729257183632,427.9554892869254
331,319.31999999999994,374.10563145256305,316.32708686655087,442.4044258144216
332,279.6299999999999,304.4477404931056,259.5667583538241,357.0591889839362
333,259.4799999999999,278.7771418049902,239.25835289210335,324.7961612336613
334,310.59999999999997,259.9280536040079,224.135747946686,301.4106556978182
335,432.3600000000001,345.99623179231554,299.5391000107117,399.634675733623
336,545.39,484.3535022267288,420.2135068806085,558.2603709892953
337,511.31999999999994,575.620116912826,499.7372336417799,663.0024685410555
338,437.1400000000001,457.419807772166,396.65469727366434,527.4703578221436
339,417.5,421.43774141994186,364.6613954985753,487.0297662613853
340,393.28,413.84893728049616,358.00541153011454,478.3789598581602
341,363.71999999999986,382.2003534043987,330.44019174718125,442.0437662830759
342,384.73,359.8535654802075,310.6210493814355,416.86424883124675
343,463.6,407.1525161309905,349.8891678691623,473.76095496391923
344,507.8999999999999,484.13115179082354,414.9732235823521,564.7869812173075
345,421.9200000000002,482.71959620239613,412.55625793091696,564.7867418591825
346,350.7999999999999,367.62684190477285,312.0165174605523,433.1168628259731
347,390.42000000000013,349.4175262893232,294.6474351602501,414.3340368543065
348,410.5899999999998,422.08067420983787,353.53939362874064,503.87268863919167
349,339.38999999999993,387.3034848342145,322.15825359737687,465.5812946317362
350,380.09,316.60690820666275,261.5058883040681,383.2738492164796
351,505.65999999999997,436.9787998425321,358.58140825210273,532.4687075284379
352,660.0199999999998,496.5579426515873,406.48397605725665,606.5426785884076
353,689.1899999999999,685.4874096504791,564.2753271542474,832.6910191730869
354,430.9500000000001,581.0832946565403,481.11677925106204,701.7777843462524
355,370.41999999999996,331.3707001724951,273.53302453542,401.3934188613504
356,399.1800000000001,416.15168397152553,342.4078679816434,505.7313351410497
357,469.5299999999999,379.0972821393906,312.00217956647157,460.5748813310416
358,519.7300000000002,522.7097479327668,421.8548527228423,647.6194927496127
359,565.2999999999997,449.03272673293486,352.73488813605803,571.545886547614
360,491.65000000000015,573.9190647777997,453.12277560507175,726.8470686800066
361,390.1499999999999,412.4893380824648,326.0728872628054,521.7380176287633
362,415.9299999999999,390.61742570106423,309.23520171207315,493.34818249627483
363,473.95000000000005,436.2191723445494,345.92932247672485,550.0073443805765
364,514.8900000000001,474.8960357722885,376.93062444087866,598.2555834786765
365,543.6500000000002,494.01612589918545,394.02493634418664,619.3177125170982
366,533.8600000000001,512.481396439317,408.193150926847,643.3488701901736
367,492.89000000000004,489.9700717217379,388.5375328307175,617.8148535386523
368,470.90999999999997,467.9202333554294,370.0259047489165,591.6437546157683
369,414.58000000000015,463.77983798593954,365.79417027599504,587.9414699140156
370,352.77999999999986,401.380064397316,316.03097177530196,509.70630518441226
371,403.40000000000003,370.53663776218656,291.88670377074016,470.3067251686574
372,576.7199999999998,460.10137991902224,363.41637061248565,582.438340615376
373,701.4599999999999,584.9615043422186,462.51106825351525,739.7609183200815
374,590.11,617.6767956526278,488.81979408214846,780.4322371276198
375,444.4599999999999,488.3043569493493,386.28962133037396,617.1904717900566
376,391.12999999999994,424.23744676856006,335.46672731563535,536.4287305520479
377,370.4499999999998,408.92230464086884,323.6287281005842,516.6260795687073
378,565.63,389.1710528507637,308.5982378197959,490.71291010797717
379,654.8299999999999,664.3369037568607,522.0257357456611,845.3698155687521
380,681.5499999999998,516.0930179417987,406.30283061720803,655.4776110172721
381,670.1900000000002,643.5914846961126,509.19815808926455,813.3858921380953
382,645.4799999999999,568.1593709616856,449.33101069620454,718.342843062688
383,659.6,602.1081706074079,475.48122748188524,762.3867705044956
384,497.76,600.9065697767725,473.90037372466065,761.8789927010909
385,444.3700000000001,443.6826664574217,349.84788403647843,562.6136993977789
386,537.2199999999999,478.14359245167503,377.6666033071491,605.2815684890966
387,648.37,558.1651403443861,440.13106181067013,707.7817686040676
388,748.1199999999997,622.8053194476518,491.31568074081616,789.4137361329537
389,736.1799999999996,692.9505445225815,546.3896189971854,878.752449681848
390,637.1900000000002,641.0505454487005,505.18859168378555,813.378098763024
391,581.38,575.2606330685107,453.02062629489313,730.4124028559714
392,600.4,558.71936326522,439.73244471144744,709.8298228852542
393,623.0000000000001,594.3196043780124,468.16877672233466,754.3900620427239
394,704.4100000000001,596.4600909927611,469.7004650914569,757.3560816319174
395,695.1500000000001,696.8069518324111,547.7697717800976,886.3202699305469
396,617.75,619.7136150560212,486.1231621248446,789.9404066012568
397,658.6,585.1845723612248,460.00185787552545,744.3600175448541
398,639.6099999999999,661.595700317993,520.9491035229129,840.1415195784863
399,738.7100000000002,586.0986266768411,460.4025983825726,746.0369665322886
400,784.6100000000004,760.2189479518671,597.4409154220757,967.273177498672
401,752.9299999999997,690.4451422005428,543.8465771330775,876.4880943336731
402,648.5099999999998,704.7573871464339,556.1736825635996,892.9644945540039
403,620.0200000000002,591.637328725784,467.7338056635332,748.2930937679055
404,542.9500000000002,628.2258521036805,495.631427211858,796.2213421497892
405,509.97000000000014,535.7347368123204,422.1099556231428,679.8730777244645
406,524.5699999999999,539.8249192228811,425.1131903025328,685.4175996165995
407,545.4199999999998,546.2668194142828,431.74428539474076,691.0968843265636
408,545.9799999999999,570.3101468635228,451.4265862258607,720.4325900518074
409,533.1800000000001,552.1427273001062,439.56510898650106,693.4873085135176
410,425.08000000000015,553.6732581538203,440.1053528215768,696.4805935656404
411,415.3100000000001,428.7965513024868,340.4900188445259,539.9384325098332
412,435.19000000000005,470.34134462963385,374.5382273505792,590.5846829352848
413,445.08000000000015,467.360541578887,373.1928159456862,585.2261047254005
414,542.9500000000002,475.42360255855607,380.7738213617545,593.5390604972775
415,628.5400000000002,598.8644305629475,481.142690488193,745.3295454925519
416,518.2599999999999,632.0758371774787,508.6663047381315,785.3674955398324
417,417.2300000000002,483.0970113228944,386.2687070382107,604.1351738797626
418,378.7400000000002,424.381859013448,337.4529848476356,533.6377017747286
419,385.54999999999995,395.86363403522074,314.7642197098981,497.7922449362444
420,378.52999999999986,412.70108951863165,327.8852536038709,519.3899828085466
421,384.15999999999997,390.1901609166707,309.315793466052,492.1419709217987
422,503.95000000000005,405.3864765512699,320.4180447846846,512.8167287228335
423,526.3099999999997,567.2463120573418,448.8588354968364,716.7893278680322
424,445.68999999999994,514.2320871151354,407.06887341018853,649.5374971988504
425,377.2899999999999,436.34848088159356,346.48917496138205,549.4450426425361
426,359.05999999999995,379.049317227834,303.3016058209619,473.6523868504448
427,351.8100000000001,378.08417360298347,304.6344421905055,469.1852633044675
428,333.66999999999996,364.5184549029034,296.2187701336934,448.51313409482475
429,366.33000000000004,342.50200881725357,280.413175088375,418.28964421951395
430,356.31999999999994,406.21828017485103,334.54259178275106,493.20470536249815
431,381.41999999999996,349.01157889377714,289.1254575772642,421.25906813809775
432,368.2699999999999,422.7877070710493,347.9138764872249,513.7287991886822
433,371.22,363.10856441095683,297.48871234889987,443.15430531403985
434,418.96999999999986,399.16663375523956,326.0237892207998,488.6687643200209
435,416.8799999999998,441.0451391620727,361.08417634647685,538.6643041087635
436,446.46000000000004,412.9714659506526,337.72388473963315,504.93531292622345
437,499.9999999999999,465.662284275068,380.29219615209496,570.146458706844
438,444.48999999999995,493.947328196051,402.47488771256104,606.1576327271455
439,467.73000000000013,408.55890354739273,331.8062941809255,503.0123892120678
440,464.75000000000006,495.18526204986836,401.1877829323168,611.1513997279447
441,457.46000000000004,429.876783930444,347.14041130803224,532.2756465493356
442,425.04999999999995,454.47493098384064,366.3687946643608,563.7115807543582
443,402.66,409.01200198696966,329.36947386980546,507.8540409142426
444,388.56,409.1500527076516,329.1879037719259,508.4767670601519
445,306.23,392.95273116767726,316.397567420127,487.9727279763348
446,296.3199999999999,304.28501934385895,245.2291344720075,377.50493701985397
447,301.39000000000004,331.96377031662695,268.01832740157056,411.10899426183954
448,427.8799999999999,322.22032083519855,259.9229586159579,399.3916571963142
449,542.1800000000001,454.8357377564008,365.57156332237275,565.8367124080203
450,551.2600000000001,500.6279935910685,401.51754582325793,624.1420504901168
451,436.10999999999996,502.0730717977938,402.8501359155959,625.674335503906
452,412.98,396.4092952187556,317.8346432600396,494.3481413168075
453,332.5300000000001,417.31204042095186,334.4489133009974,520.6441497430833
454,302.4900000000001,331.88044750247985,265.89758033486993,414.17570968766887
455,305.41000000000014,327.20739784748304,261.35403638666736,409.5905801390227
456,317.03,328.86847819683305,262.4118460734043,412.0915694564921
457,296.3199999999999,336.61422427712324,268.22507750023885,422.3757326493575
458,296.77000000000004,308.05059110102803,245.118569276202,387.07420399355544
459,300.16,316.1987189894768,251.34504746279217,397.7200396449254
460,307.5300000000001,314.5001066186129,249.85624723313526,395.8022258734004
461,308.9500000000001,323.24465327596545,256.8807776252489,406.6868239122193
462,318.23999999999995,320.55982064742443,254.8990976648811,403.06831910839594
463,309.15000000000003,331.8266472016305,264.32978771706115,416.49393477676125
464,297.41,316.6303549095501,253.4918328504958,395.43332059003706
465,302.28,306.84528317712955,247.71326508387756,380.0360430210537
466,316.37999999999994,315.30669749844213,256.6111101531082,387.3758228552622
467,332.33999999999986,328.33841945596845,268.9752477981845,400.7545882977972
468,320.25000000000006,341.9037717563672,282.0891256666011,414.3568117739085
469,317.1499999999999,322.47794842486746,267.85496462877677,388.19862707999755
470,319.62999999999994,325.17656204096744,271.56392043931675,389.33467618672535
471,393.86999999999983,326.4678156919205,273.8679721714388,389.1333773698218
472,445.96000000000004,413.1360540737115,348.5657156857178,489.6335592645517
473,440.29999999999984,433.2342576416575,367.1333383282728,511.20405999051013
474,460.9700000000002,417.9624937775445,355.41466369815595,491.486951493537
475,462.57000000000005,446.364398038107,380.6106089321811,523.4479580691252
476,428.97,438.0226134746025,374.48175373006677,512.3161684352613
477,426.58000000000004,404.2410336544693,346.16572253291537,472.0314218788484
478,436.40000000000015,417.41226986131466,357.807016553666,486.91918634153274
479,538.76,424.19505260935404,363.90027610900955,494.4527157152993
480,743.6100000000001,563.6321300679634,485.62930970518374,654.1381841308139
481,900.2399999999999,800.8223367461634,680.9747534153367,941.7314669426287
482,939.35,921.9967060816928,775.8589730596093,1095.624933200438
483,970.7400000000004,921.3042043656098,770.1626744199584,1102.0682288017972
484,1061.05,979.555040176226,809.6789592651169,1185.0282986579452
485,1122.4099999999999,1096.7998841627088,896.7991126966367,1341.3543960160698
486,1276.0599999999997,1121.20507291005,903.2459361365684,1391.701006814203
487,1351.5399999999997,1375.2801128946076,1092.994212493464,1730.404908287401
488,1381.8000000000002,1313.313487355037,1030.1162533647632,1674.2911588837835
489,1380.1499999999996,1411.4195849385133,1095.9229733007815,1817.65922446212
490,1398.2300000000005,1342.3708364569814,1033.7394950045702,1743.0575265131433
491,1413.9500000000003,1419.0836360033745,1092.742584746655,1842.7953878440978
492,1433.6300000000008,1393.8399720696693,1073.6641131616007,1809.4061760837387
493,1499.5799999999997,1443.5840192914436,1112.5724228823144,1872.9894648170211
494,1551.2599999999995,1521.0031428081197,1172.7650135883243,1972.5581993844125
495,1561.1099999999997,1554.390272113026,1198.6895997163062,2015.5540312726862
496,1565.2400000000005,1548.2517640531232,1193.3144854909356,2008.6725423497605
497,1487.4600000000005,1560.989325456568,1201.6353872260722,2027.7201580420708
498,1469.91,1420.953362362612,1092.3901502406936,1848.2496610557866
499,1497.6299999999999,1494.7947188993285,1145.1126263258197,1951.1657729744506
500,1696.85,1480.2535492847546,1135.6495998101734,1929.33286391436
501,1751.22,1858.7781190882897,1421.390856954966,2430.662601968683
502,1751.87,1662.2880725029502,1270.2234754046385,2175.2713367529464
503,1772.4300000000005,1786.4944386114817,1377.7570756054552,2316.4034241411905
504,1888.79,1747.006625770253,1352.6066990297388,2256.322725963825
505,1962.7399999999996,1965.186327149743,1533.0926367295378,2518.9838526779636
506,2093.639999999999,1943.2345833568093,1523.4282867218633,2478.6496811596535
507,2416.8999999999996,2174.7860247860804,1715.1020065422254,2757.603397471134
508,2440.9700000000003,2564.3245860952356,2031.36944517852,3237.0383633678553
509,2486.6600000000008,2340.395580551325,1860.2051602410738,2944.4749974555198
510,2458.43,2564.0701263011865,2044.909064276462,3214.9712607606384
511,2462.230000000001,2381.47160159665,1905.8137466441444,2975.783098194127
512,2459.5499999999993,2471.253392702261,1984.921506849375,3076.6829882992
513,2412.5299999999997,2445.1680357143623,1959.8425426061774,3050.6157870573406
514,2370.9100000000008,2386.496953025781,1910.901086115028,2980.3998967331745
515,2383.24,2351.4728558603947,1881.2702961767152,2939.1348726593283
516,2459.61,2383.8589624196625,1907.9735885872492,2978.377139964784
517,2680.9500000000003,2479.0897951605402,1993.4518925857258,3082.977816123274
518,2740.9499999999985,2754.1655801196284,2223.829422334307,3410.918818437531
519,2635.9100000000008,2721.360514973475,2205.906081702767,3357.206692587664
520,2593.140000000001,2585.5823584288314,2104.2919444298773,3176.9004876908166
521,2576.860000000001,2579.6858148030024,2106.6199524014282,3158.9336811824587
522,2611.429999999999,2559.3338772591164,2096.4422273361715,3124.382657793718
523,2539.4900000000002,2616.3021621944313,2148.774153961103,3185.50710150439
524,2573.3800000000006,2493.0909766890413,2054.2074627634156,3025.6967752431547
525,2508.81,2586.059667227551,2137.2369143634164,3129.091748410438
526,2473.9699999999993,2464.814572908756,2045.1530841700182,2970.547708237833
527,2303.1599999999994,2461.4217229517135,2062.164047695637,2937.942615075556
528,1968.9900000000007,2234.7038570492373,1883.3254398556737,2651.6053465624686
529,1887.6399999999999,1856.6168445988237,1578.2069375074916,2184.1096644646805
530,1667.1500000000005,1905.5823946780772,1630.210958928024,2227.4404158768198
531,1590.52,1581.862573076282,1363.3166595327848,1835.416720223639
532,1568.7499999999998,1605.4107752743307,1389.7887171191155,1854.4619743125672
533,1572.8799999999999,1571.4471088685514,1365.8724016144413,1807.9398156467562
534,1529.3399999999995,1590.2133513542406,1388.5593152480424,1821.1315936240028
535,1597.57,1521.8707585452303,1333.6731902808135,1736.6054034202798
536,1634.3800000000006,1641.8973383039645,1444.0687314029337,1866.808503188523
537,1639.2499999999995,1649.4765623989342,1455.3444660831067,1869.486650973928
538,1631.1399999999994,1653.3953551393483,1462.6766434151582,1868.9649293579112
539,1596.9499999999994,1638.4595499850702,1452.1073780457245,1848.7102531074422
540,1591.35,1596.0187093476359,1413.8114997943837,1801.6915658920298
541,1610.13,1602.856787236324,1419.3576367726334,1810.0625995639987
542,1735.4700000000005,1625.7143669537816,1441.8009874246186,1833.071126037469
543,1846.5800000000002,1791.0672320201786,1588.6880413836684,2019.2108089617145
544,1878.1700000000003,1879.3864344944473,1666.6773701795053,2119.226133817567
545,1909.6999999999994,1888.0645928310057,1677.7302198763316,2124.752544176313
546,1874.4800000000002,1926.9618915931474,1715.3351258130806,2164.6825636977815
547,1821.7099999999996,1864.0354294814492,1661.6634917973608,2091.0391711138764
548,1889.6400000000008,1816.3585374329039,1620.9903465701184,2035.2587610736339
549,1763.2800000000007,1925.5798242915416,1722.411314420532,2152.6993451938815
550,1636.7099999999998,1725.9418530289743,1545.9789090429485,1926.8402221968167
551,1555.92,1621.2419715718097,1454.2718283449865,1807.369380256655
552,1493.6499999999999,1546.6934386541388,1392.8095962994944,1717.566859069301
553,1380.8600000000001,1488.8534448139144,1345.072343809199,1647.9925650968705
554,1370.2400000000005,1353.4515227768406,1226.448132902626,1493.5958842385053
555,1268.6200000000003,1392.4042747097717,1264.5728613803685,1533.1475248305942
556,1153.41,1238.5481657025489,1127.197943595936,1360.8883670353894
557,1052.7700000000004,1133.423697730127,1033.4404637536409,1243.0707523194715
558,1075.4200000000003,1030.585314296994,943.3595543175938,1125.867680649675
559,1064.65,1104.4389873064342,1014.8989749311228,1201.8709397407604
560,1017.0200000000003,1057.9535422663882,974.942598572821,1148.0251643061752
561,927.3800000000003,1009.8831558948528,930.1314080046839,1096.4656703522958
562,824.7299999999997,901.3168030478369,829.8681374712565,978.9095384020966
563,774.2000000000002,798.2846145956494,731.5773784472693,871.0660969403664
564,815.41,768.8976912286107,702.0391895727801,842.1143864388848
565,867.1399999999998,847.0262911857815,771.1840238890377,930.3176241595655
566,893.4000000000001,885.3533375699851,804.5333698243267,974.2820534210558
567,853.7800000000001,905.6062494230606,821.4502067815922,998.3734389214153
568,733.2600000000001,835.8735713548159,756.7789184925552,923.223882904239
569,668.42,689.8336192221144,623.8896064630467,762.7366416587183
570,565.8099999999997,663.0762955841468,599.2168216666021,733.7300349434736
571,537.9300000000001,524.1578480368678,473.20791855028074,580.5819486900272
572,507.61000000000024,549.4451395376125,495.5434546489535,609.1980578009826
573,552.1799999999998,493.4343682007692,444.3765379830432,547.8958748594911
574,535.3400000000001,583.2741016834862,526.8916144972595,645.6786297091616
575,524.9499999999999,523.5390860156779,474.2426038923582,577.9490472964453
576,487.0199999999999,529.2209847902362,481.10852225409144,582.1348746906373
577,480.2599999999999,475.84882029260405,433.90870341302605,521.8334030337958
578,479.52999999999986,484.9668129075487,443.3712999746999,530.4558866897261
579,471.3300000000001,480.6957796422569,440.400180334428,524.6699803551575
580,466.25000000000006,470.8785511576376,432.23619007453703,512.9676050708543
581,462.04,467.4613585744106,429.7669975951486,508.4541729114442
582,444.9900000000002,463.02399072003146,426.0010611298352,503.2569763035637
583,369.7699999999999,441.4381754083856,406.4138263032888,479.47348033048627
584,390.71000000000004,348.397829482476,320.91686480361,378.22475208480097
585,374.84,408.00594602436325,376.3468568796192,442.32120655943794
586,369.6800000000001,369.66433111039805,341.40761967937743,400.25288825689546
587,363.6300000000001,372.54013859891506,344.52617374392105,402.8253705431527
588,394.64000000000004,364.4009123929723,337.3391008548702,393.6272436152415
589,427.1399999999999,406.24934794591275,376.6455367024235,438.17381587660316
590,408.6899999999999,436.7719799655749,405.4831290944425,470.46927566199906
591,325.97,405.5298761133591,376.8854131913668,436.34564607035946
592,330.01000000000005,309.26655915748296,287.68790326814803,332.4581624017953
593,392.3099999999999,338.83005062362383,315.35839609352405,364.0431432605772
594,437.5199999999999,414.8645202146488,385.14625722509163,446.869935128099
595,445.9899999999999,450.60067743451043,416.60492667237077,487.3639028983751
596,454.09999999999985,450.18493513660206,414.9308074955665,488.42718843058935
597,455.7500000000001,460.55944925944215,424.498545679328,499.67650609840746
598,365.39999999999986,459.3097525878971,423.62183300785836,497.99711191631013
599,300.09999999999997,348.1699286301977,320.9959341312784,377.6372004620111
600,289.44999999999993,296.78135110708763,272.0523074601975,323.7499861545337
601,290.77999999999986,300.2799187229735,273.585251373823,329.5697919738119
602,297.0599999999999,302.8165588533311,272.6002811707183,336.36990707215097
603,288.7099999999999,310.64910468823376,276.7106296143873,348.73513468980286
604,302.4900000000001,294.98822366577014,260.5743524357488,333.9297350180294
605,304.81999999999994,320.1301447094818,280.9342404132336,364.7752591170979
606,255.57,311.10295852095265,271.59686123533487,356.3344765457083
607,229.59999999999997,246.58429613448718,214.77517765753575,283.0826473084758
608,228.00000000000006,236.0156123014698,205.34176795822037,271.24929315336243
609,232.52,237.388327440862,206.3220064117486,273.1098045674289
610,238.00000000000009,242.37217589689425,210.47376571426824,279.0820981303997
611,237.2700000000001,247.4909498717991,214.63944453556374,285.34720471098876
612,219.23,243.27945510450806,210.7934054206765,280.74839564825186
613,225.67999999999992,218.2558963619067,188.86520301066525,252.19620092135983
614,240.94000000000008,241.4007924500027,208.78400640528807,279.08876933579313
615,241.85999999999996,247.50597987310252,212.97109045925077,287.614793242135
616,254.26000000000008,247.80164362198752,212.04693776210507,289.5569003677701
617,245.22999999999996,263.55407166161956,194.71731478388386,356.6017630837866
618,310.5099999999999,237.2579786717931,148.65344388630268,378.32213871333647
619,286.8800000000001,397.6647654337303,238.78908868250895,661.8057851655047
620,241.26000000000008,273.08101127732743,172.63987716560874,431.62182609791023
621,229.17999999999995,240.27115969427442,158.5828269231962,363.7746666891429
622,227.42999999999995,234.37891711389568,160.83675496111874,341.3402467197318
623,230.59000000000006,233.0077425099172,165.04096304481004,328.7958681425471
624,261.7399999999999,237.22075044716436,172.71366711794528,325.6819870026667
625,278.04,276.83315892715217,206.19208247183064,371.5589476129473
626,306.64999999999986,281.15299436974834,213.78653558507088,369.64852326501557
627,334.9900000000001,316.096341498765,244.63915765370322,408.3406391405019
628,323.4600000000001,336.7136738958111,264.10861403993306,429.20301678702504
629,316.59,313.33748356187,248.65538923330715,394.7777714130221
630,347.24000000000007,309.274230131608,246.41836488425744,388.09843223964924
631,360.1000000000001,341.0651077403054,273.01686444236077,426.01217741289565
632,382.2800000000001,344.75476027463463,277.7286857076479,427.8986400845713
633,593.2400000000002,372.63872314318854,302.68547794289157,458.70553606229856
634,616.3099999999997,663.6011389766313,543.5221635307794,810.1601391300735
635,632.5000000000002,572.5276114456465,472.26700330402684,694.0282161954174
636,608.6000000000003,618.2766780894581,512.7823404384226,745.4320468824633
637,551.8699999999998,583.5827855439479,486.4012010394391,700.1411388103434
638,507.11000000000024,526.9419154347348,440.6594221973669,630.0805386788336
639,508.4900000000002,487.94235581176065,408.07623513325603,583.4011623625101
640,617.8699999999999,498.81945674178445,417.16321381717205,596.4210095077322
641,635.2099999999998,628.8010278010341,525.6726633908225,752.1230728124984
642,613.27,618.0653555168087,516.4360261326945,739.6556463907132
643,639.2500000000001,594.6810800726566,497.76137887215697,710.4342934068251
644,633.7900000000001,632.8391048808221,530.3129633252724,755.1494610666354
645,645.21,618.4358322870479,518.7131040600436,737.2933917264049
646,640.6399999999998,635.140957519862,534.5473436195174,754.6293998197677
647,692.1999999999998,626.397223067909,528.7198780746605,742.0857171983346
648,744.8499999999999,691.6447921608531,585.7101386523055,816.7066945009168
649,771.1300000000001,741.1171859899637,631.1291982584097,870.2426498554568
650,774.2000000000002,761.3300116432292,650.7977083192592,890.6064589280704
651,804.1400000000002,759.6739292082236,646.3801529810526,892.7945099376759
652,798.7099999999998,802.0590894136276,680.2951505993603,945.5851922217545
653,800.89,784.5629430309482,663.7669300543929,927.3090201447766
654,806.8800000000002,792.7337852551133,669.2115709124384,939.021553190582
655,801.5399999999996,798.3712259790781,672.7431744263249,947.4242381637213
656,800.19,789.2189718771392,664.4259231113813,937.4155348123417
657,847.0299999999999,789.4947067941458,665.7823544312788,936.1601952522357
658,874.8099999999998,846.7353026717564,715.4630781939519,1002.059564782526
659,883.43,864.4599154272034,730.6404815251032,1022.7553608979229
660,885.9600000000002,870.8867650247406,736.4015868404467,1029.8989627788671
661,879.9200000000001,873.582618358814,739.1751261948359,1032.397001960339
662,876.94,864.489746661632,731.2032205547357,1022.0390696846424
663,874.6099999999998,859.9046324962782,724.4425137973816,1020.6616370798462
664,880.5600000000001,858.2623616026178,720.6579849953478,1022.1048798991224
665,907.6400000000001,874.9949184304959,731.1760788528157,1047.0636001088335
666,933.7199999999999,909.468441842711,753.0273833163494,1098.3669486452984
667,941.7699999999996,930.8293386674852,764.9248181098957,1132.6699058064696
668,966.0500000000002,932.7836517383739,764.7347971226345,1137.7126607414802
669,970.2000000000003,969.7540600943724,791.5296696437008,1188.0576230582872
670,949.2900000000003,964.356890379114,791.2612302951295,1175.2710204250186
671,799.2099999999998,936.488830141473,771.0694960503347,1137.34999457449
672,700.5499999999996,759.2139378971268,625.4991638056276,921.4676819398899
673,740.4799999999999,686.6822628875448,565.2564947424387,834.1460850002888
674,830.12,772.7168322282182,635.6228962132735,939.3333433875123
675,942.1500000000001,860.835874183871,705.4319655216617,1050.4261957013632
676,916.6700000000002,981.2920803170709,799.9995943835925,1203.6170033284147
677,795.9699999999998,853.0076404343771,690.5312767844512,1053.6580818608768
678,586.1,756.3400843465175,608.5209870166211,940.007800511305
679,662.5799999999999,499.12458742345785,397.6650177222149,626.405445239662
680,648.48,795.2034935650297,616.1768052102622,1026.1610951892226
681,621.9100000000002,670.9030321977385,514.5472673679947,874.6785521942651
682,664.8,659.1489719675025,503.9714216513983,862.0125320054211
683,710.0100000000002,709.7958285768499,540.6725793016977,931.723437050429
684,797.9399999999998,740.4624793602036,562.7238174613565,974.2410511494257
685,764.2299999999999,826.5545647572027,625.3685774858457,1092.3603348995566
686,674.4400000000003,757.8500619700911,571.430972312634,1004.9787894172645
687,476.5199999999998,682.9520469534808,516.6310070807706,902.7140282032273
688,373.1300000000001,461.0114985299901,353.6846773920893,600.8151850917476
689,626.3300000000003,379.55109355000064,296.153767019665,486.35419461304537
690,636.9800000000002,862.0198045078737,670.8333177050233,1107.6130493156393
691,578.22,636.8794340103701,494.7289712679984,819.7915936255001
692,523.6000000000003,625.038511587036,485.97229702150804,803.818303602189
693,617.69,556.9434794747748,435.1650712321967,712.7227321045484
694,803.3399999999999,684.120934942395,537.8983392790321,870.0190054107758
695,692.9699999999999,825.8364127233075,651.4671904773782,1046.8051055792528
696,491.20999999999975,658.6076727071159,521.0648306870257,832.3874574955357
697,503.07000000000016,510.3797087894199,405.54742765889125,642.2440319877466
698,497.4599999999998,589.7878707108489,472.6282846794172,735.9287677050482
699,487.73000000000013,537.0783358734891,434.5307459147764,663.7711975609583
700,580.64,545.2114464797683,445.86792686641024,666.6400930306878
701,602.0299999999999,644.6720122532261,531.3775956380185,782.0764307568444
702,627.6300000000002,612.4122900854975,506.9501655508382,739.7707746681992
703,611.5199999999998,648.8601563084861,537.8168499822586,782.7880771011437
704,568.8100000000001,610.2110898523836,506.8394960971615,734.6241474512335
705,599.6700000000001,588.2033205013552,489.24369046911204,707.1387474005555
706,586.5400000000001,627.6583245505956,522.257334332042,754.290491114213
707,473.16,592.3897724168153,492.6038349775128,712.3482300130853
708,426.63999999999993,508.00643135466737,418.42120235764173,616.7263946220081
709,474.0699999999999,509.0241248215947,415.9308483836405,622.9034816168819
710,643.4399999999998,541.879986583015,440.0627463879952,667.2012531004278
711,640.1400000000002,666.7150360515951,538.6033030474978,825.2428470163355
712,585.5999999999998,581.1001404213694,466.7604877538261,723.389045995915
713,529.6100000000001,588.1506896104604,469.9522610910174,736.0142660837547
714,450.83,536.4510307345976,427.0579396378275,673.8002634458212
715,446.86999999999983,494.2491225536203,391.99093955120014,623.1153897090699
716,483.4199999999999,511.57112534686746,404.1984622191457,647.3962379829094
717,465.62999999999994,529.4257846714855,415.7875484105808,674.0477890169586
718,388.9399999999998,497.63256778934544,386.66269901206516,640.3679683235605
719,362.7500000000001,445.6398903864821,343.4395975128558,578.1645128054798
720,458.6999999999999,414.0961624444826,321.31326889251153,533.5880567318447
721,499.2899999999998,544.8968378855465,424.47965281132264,699.3939098953506
722,491.9500000000002,487.6479346653066,380.72237281709073,624.5247820307458
723,478.70000000000005,519.4439101542072,405.94424266386164,664.5994488176947
724,480.0299999999999,477.26533648548457,373.07664746024267,610.4728990343732
725,397.2000000000001,507.5127605892381,396.83934375330614,648.9739951371738
726,354.9299999999999,384.8663883039577,299.66615228749055,494.20994794376617
727,369.38999999999993,404.9300174223202,313.6196461117849,522.7409077306598
728,487.7000000000001,402.42791687319686,311.6197419847513,519.6135833884277
729,553.1200000000002,547.4193643862309,424.4607524412125,705.9131465313128
730,516.7800000000001,528.5081150302591,409.9958972196581,681.1937780392212
731,414.45999999999987,500.74132767741446,388.0046780691011,646.1499549801707
732,314.81000000000006,398.99334565950755,309.0847879432974,514.9707370138492
733,250.81999999999996,323.27798201955864,249.37886643705903,418.98836051568946
734,274.8,257.3793608019931,198.02988598404397,334.4264800905256
735,420.98,331.35865087469796,254.90292678548934,430.6569341305126
736,520.3199999999998,502.9554862104546,388.9668675388008,650.2633590758737
737,622.3799999999999,505.4844447417594,391.9603045424808,651.8051047396231
738,640.7299999999998,638.2701792711202,497.01582974040986,819.5891011905126
739,533.1199999999998,562.168497940354,439.70613122334316,718.660414507969
740,530.9099999999997,482.49453500956434,377.8767735444449,615.999989725399
741,530.8800000000001,534.2845861540565,420.1479405317959,679.3537678762244
742,523.1500000000002,502.194242314752,396.2181056795627,636.4443709345372
743,642.1100000000002,518.1847661507,407.79711807758116,658.3804346531659
744,648.6,666.1502800720666,523.3568116426692,847.8294350671081
745,668.2799999999997,562.7644133399011,441.1723233263087,717.7928709729183
746,639.96,657.0100069582134,514.3545250062293,839.1540070923301
747,684.3499999999998,565.1589777740772,442.9220717273538,721.0546319468738
748,658.0400000000001,684.8361360092035,536.4326581894353,874.2188730783035
749,580.2300000000001,585.1683655800828,460.0787478622984,744.1945126506677
750,578.64,544.7476972579371,429.76153403650187,690.4279143529623
751,578.9300000000002,567.8966114737797,449.28224108843557,717.7566486389255
752,635.6499999999997,558.0722326120533,442.04178271168774,704.4904830076206
753,413.78000000000003,645.0510459368058,514.7758338706366,808.2313104780435
754,410.55999999999995,345.81544139141306,277.503363151575,430.88329586547206
755,436.7900000000001,464.2568774400334,374.17226794286563,575.972181851712
756,488.82,444.1066127664394,359.5928117870474,548.4283032059308
757,652.6400000000001,509.1996983986736,413.6729609646369,626.732591101584
758,657.1600000000002,666.6916289303662,541.7674340843653,820.3685703081272
759,588.0499999999998,593.9951790731044,482.68061097313574,730.9277537463628
760,527.05,556.9720540915448,452.83185092209584,685.0091739144609
761,508.7300000000001,511.73813251108504,416.3690384104016,628.8991260402106
762,504.12999999999994,511.6828177426552,416.5720685360157,628.4570241014056
763,505.8100000000001,504.92120731193233,411.4698669501931,619.5453743821502
764,508.82,506.92896029835566,413.2400737944364,621.8075095356302
765,535.3600000000002,507.2040276191034,413.1737972696316,622.5820213419754
766,522.1499999999999,537.6907790924739,433.05193628572175,667.5553760281713
767,466.76,527.6657116036132,416.51903816902956,668.400456206757
768,443.32999999999987,491.54538803215047,380.90064460523155,634.246268103362
769,399.11999999999995,478.97035316036823,370.4075094161474,619.2662414527716
770,391.0099999999999,433.3063355851483,335.7730028668305,559.0864425702969
771,403.66000000000014,425.14835859531047,329.3685461900817,548.696469678412
772,440.77000000000015,434.14172547082,337.18911974182896,558.8888615644098
773,541.4399999999999,467.6944030035181,364.01854452140634,600.817213683897
774,582.2299999999998,557.8435100896118,436.2273362637561,713.2876093659437
775,536.0699999999999,573.2445135740844,449.85392161181136,730.404886511911
776,547.1100000000002,524.8379115822714,413.78734113582385,665.6199322767227
777,489.7599999999998,548.8952179777166,434.414461447404,693.4756720977379
778,471.73999999999984,486.410906402307,386.4643958001601,612.1386373948227
779,456.98999999999984,487.34610627538717,388.42657801099807,611.3925098599628
780,565.5099999999998,472.38929428737407,377.22547559782794,591.496905692793
781,644.1200000000002,569.3862841324224,455.3504292186106,711.9181705459534
782,656.5400000000002,595.3363211902732,476.9199485443186,743.0932504573443
783,633.9100000000002,599.6850176414093,481.2677911342833,747.1787028949491
784,527.6399999999999,580.9879005828617,467.90051907426965,721.3492033950986
785,505.3700000000002,489.3138154275759,394.2820983255584,607.1925759287604
786,513.51,512.9053408873862,412.6882741419096,637.4002542503429
787,443.5999999999999,510.9022891365033,411.13919389744956,634.8142042865142
788,467.54999999999995,434.45656193349384,349.77021053000186,539.5887148866653
789,519.8199999999998,503.6750302369105,405.7818635457532,625.1264549125585
790,535.0699999999999,527.6150187225904,425.2886160547539,654.5038710749744
791,550.3199999999999,530.688194496445,427.38542649867355,658.9018516512602
792,527.7800000000001,543.4663604168192,437.2342719923925,675.4501011702793
793,514.4800000000001,511.53969914265303,411.0611662388101,636.5192925726838
794,371.42,512.8057686142456,411.6524952318437,638.7546868411704
795,322.1,363.0644193547691,290.33240900643585,453.95419439310353
796,321.77999999999986,362.83239657488804,289.9253185593449,454.0102873580735
797,366.2900000000001,347.21062588445614,276.80183279943657,435.46450693643726
798,520.2299999999999,407.0438773375587,324.6716416935071,510.25054968514354
799,568.7800000000002,572.5406763939252,457.50523428740115,716.4376274889128
800,559.0200000000002,530.1176182560016,425.2039776216901,660.8566208509551
801,589.87,543.9505217699011,437.07546205980333,676.8993504474048
802,457.52000000000015,573.6767467210584,463.37141093929665,710.1836677324451
803,434.4199999999999,415.3276747377974,336.48178185966555,512.59433921875
804,412.86,475.73829331885975,386.62118710449204,585.3441108943069
805,418.9400000000001,423.88117109066667,346.1536082327418,519.0119061598456
806,481.3900000000001,447.3413021819919,367.4063539218815,544.620131418437
807,515.7199999999998,502.8696959062189,413.68378514126914,611.236792345607
808,530.0,512.6252956865612,424.1950482576657,619.4468877286631
809,545.9200000000002,520.9289018083193,432.61982898734243,627.2226049925176
810,598.4899999999998,534.3806897074959,445.66107288857785,640.7225505191409
811,555.9800000000001,587.9093546265595,492.7874560632588,701.3552820309812
812,538.87,513.3550245677716,432.6291646887618,609.1090813114522
813,560.08,536.8016215130366,449.9578052609125,640.3695044810461
814,592.3499999999999,547.0995768661847,456.43559733812526,655.7332055245204
815,591.1399999999999,577.0239641644446,482.1312515324226,690.5547319462878
816,471.68000000000006,559.1298928305749,469.7433934965476,665.4894317729652
817,434.87000000000006,437.9678378525533,368.90129828949466,519.9302145193852
818,422.19000000000017,459.53722102509914,388.0369216484863,544.1784140456434
819,460.61999999999995,430.8045004934087,364.70609167811045,508.8496603947124
820,452.7700000000001,485.38271910640304,411.92510473454075,571.908129665359
821,449.6199999999999,450.83391511141593,383.3451055386239,530.1733749251406
822,406.38,463.8541041479629,395.9549404419583,543.3674234224607
823,347.93999999999994,409.3526018855867,351.08852243952003,477.2582990991871
824,319.5100000000001,364.13857147946607,312.2179182445153,424.6658658907992
825,320.25000000000006,341.88703279161604,293.7681726696836,397.8609631487898
826,336.1100000000001,340.63932490664655,294.04601022174614,394.59060037771224
827,383.81,353.69402522308974,301.1602209952009,415.36139633004836
828,391.98,411.6131162382454,346.50437585509724,488.9206902730534
829,361.83999999999986,396.6149885700841,333.62647828895257,471.4601589927666
830,321.06999999999994,365.86324502052975,307.30449231333125,435.5445327673338
831,351.6899999999999,323.09567620273754,266.531313650972,391.6194877895487
832,463.57,379.3060965092245,308.8003115593899,465.85791345421853
833,510.5600000000002,510.22151031829515,413.56271536862147,629.4171188664022
834,419.44000000000005,498.58695342408413,402.3926307775588,617.7200880454033
835,349.7100000000001,386.6809544769748,310.4821564697494,481.52048903088536
836,403.46000000000015,348.75917332085214,279.87543551581683,434.536411710155
837,433.6900000000001,448.14224691315053,359.8464613582666,558.0431930601835
838,413.86999999999995,426.979270015371,342.7856609275305,531.792016597519
839,436.23,413.57022693472464,331.9645474089888,515.1764950596939
840,467.8800000000001,452.23172072049454,362.9034126829604,563.4876786198906
841,479.1999999999998,469.6317625550831,376.9705356243887,585.0093183184413
842,479.29,474.94576414118575,380.8701938111728,592.1973065065902
843,476.96000000000004,471.10368777008114,377.8954552718007,587.2411332862937
844,488.46000000000015,467.3200643145037,377.9605162323656,577.7507490755557
845,517.0800000000002,483.8710881686529,396.39696600269923,590.5998164421233
846,494.87,508.81349677406365,421.2592803604791,614.5218217373824
847,494.25,464.26364764240793,387.6734063645093,555.9464189543922
848,633.6499999999997,495.11561054249853,415.06994544746647,590.5608702744738
849,708.24,682.6102976661085,568.2902760642008,819.8870917416546
850,741.1599999999997,625.4256385043336,504.1637249014655,775.7958410950889
851,741.7499999999998,780.4477880414701,591.3300151429834,1029.9466510615673
852,706.1199999999998,645.185736332637,488.75181775010503,851.5869444609381
853,732.4599999999999,692.582766502639,528.7953408758284,907.005444506547
854,879.1200000000002,710.623556344977,548.8227004229066,920.0388831809952
855,1103.9699999999998,962.2291949619513,750.9223771822886,1232.9179018768843
856,1181.3400000000001,1158.705513246315,907.1709683001211,1479.9071467801505
857,1192.31,1147.3349397210977,902.7352684280659,1458.1365191245925
858,1204.6100000000004,1181.8679436400416,930.7951278871668,1500.5924962645333
859,1217.0899999999997,1175.9464203400291,930.8812296007885,1485.458609048945
860,1202.3400000000001,1205.8045521104502,957.3183334818676,1518.7217627080495
861,1189.3099999999997,1157.5206341202859,921.3016648387186,1454.2397668252852
862,1197.83,1178.6650824244484,941.3542291649921,1475.7373707491797
863,1202.96,1180.967716188686,945.0674610508149,1475.6892844624115
864,1138.42,1188.7227843542032,939.0757057013874,1504.6662937113797
865,1053.3600000000004,1069.148210003052,847.1776429262322,1349.2091229635705
866,1056.4499999999998,1016.8604467345007,807.0105809744086,1281.2107945383093
867,1057.5999999999995,1073.1800350076726,849.9742802530836,1354.9314004953485
868,1053.24,1026.4274040508249,763.3507418887253,1380.0506260335296
869,1114.0599999999997,1056.9103507545185,796.993470793386,1401.48554805948
870,1146.7400000000002,1147.538654641706,876.4707806223654,1502.3446928803148
871,1184.5000000000005,1131.202261585077,874.2176849966313,1463.6435773784633
872,1117.6,1219.5138574674806,923.2216836175074,1610.793039132642
873,986.63,1035.1248997166451,794.2161372810932,1349.0163760300395
874,989.8499999999997,952.6218156825354,679.8745213696811,1334.627254073588
875,987.6699999999998,1013.4123832949421,682.1210144940228,1505.3692399278814
876,1049.0499999999997,952.8871332888606,594.9409656058485,1525.8301989090694
877,1198.5400000000002,1134.3731032392816,671.2956289787807,1916.4185105402235
878,1469.5199999999995,1240.769375210683,692.374127140715,2222.894894333423
879,1700.04,1688.7743534351166,933.8626678184654,3053.28536598867
880,1588.1300000000003,1708.4592470316713,1001.1386325868633,2915.01463334345
881,1557.8999999999994,1466.7949330742829,856.029646586473,2512.824316509407
882,1592.2300000000007,1599.346021344567,882.8095652728401,2896.804559563403
883,1640.4899999999996,1536.9210641334048,811.5288612917877,2909.913460655345
884,1745.9700000000007,1691.3691744673613,845.6754983829961,3381.7758428787643
885,1879.2900000000006,1751.7206774512883,840.5470674741542,3649.4550867080934
886,1921.8800000000006,1955.5148902026028,886.084934106878,4314.2018125958875
887,2026.3599999999994,1844.3759419114176,832.9342882773158,4082.550004905209
888,1999.5499999999997,2162.0244430078433,931.893039726859,5014.231695178324
889,1930.3799999999999,1874.211024330497,894.3299378556536,3926.5089965075567
890,1786.3199999999995,1919.1349334937956,997.3231598890736,3692.1109193468847
891,1565.4200000000003,1675.2183436351393,942.0237550615146,2978.466763650772
892,1464.6599999999999,1479.6372900775677,883.7799200980163,2476.7763768931163
893,1464.9200000000005,1441.1971222753791,911.4218013398274,2278.573478456071
894,1468.9900000000005,1469.9492684654867,972.8763111247024,2220.731574824285
895,1466.0100000000002,1456.437099913763,1006.493224365829,2107.3247498186183
896,1364.1900000000005,1461.8863209434787,1043.360912127418,2048.1348949896833
897,1320.8599999999997,1295.3018290881378,954.8272507124096,1757.0566267019433
898,1278.6799999999998,1336.8976783170074,1013.0570241433597,1764.1573383243845
899,1265.4700000000003,1243.1698861843042,964.3847379081134,1602.4629976045894
900,1307.2300000000005,1283.6732184852494,1015.964863192325,1621.8537858354052
901,1431.2999999999995,1325.447683654151,1066.166965488247,1647.7236902676036
902,1472.8600000000004,1499.9253742012183,1221.6312122172003,1841.564590540538
903,1368.1399999999996,1448.0386659760281,1194.4702829122853,1755.390840915323
904,1183.4699999999998,1321.6986826473399,1101.1946130926672,1586.3165993507864
905,1092.7299999999998,1108.8361800825128,933.1007095793374,1317.633348619169
906,994.0699999999996,1095.3343846827383,929.9994511665909,1290.0309254549759
907,955.6599999999995,947.8141201406094,809.9641778059312,1109.096178371067
908,940.4399999999997,976.830159939913,842.0166631644358,1133.2027547818614
909,939.23,935.8226016185317,810.2336844168556,1080.8542224786825
910,980.9699999999999,957.2396797576623,835.7517431890303,1096.3664427187596
911,944.1600000000002,1010.7670341348112,882.0798739132038,1158.2071811417675
912,930.2099999999999,917.3366958720594,801.4827320102191,1049.9164289088678
913,846.1699999999996,950.10300067814,829.955007965877,1087.623221747415
914,775.8800000000002,804.4953335863286,707.0823701551125,915.3096834160972
915,688.8400000000003,770.6935577905648,680.1318500793425,873.2961396770551
916,677.9799999999998,655.6235698276836,581.0741546732612,739.7209356259309
917,696.0300000000001,695.8558639392054,618.8680557677563,782.4055821847309
918,647.63,701.8617542821721,626.0668310577208,786.8181737013912
919,651.0199999999998,624.6410478147466,558.5242373930647,698.5706254557789
920,655.71,670.8154921318904,601.0587055834216,748.6545623919671
921,586.28,653.0760907408771,586.2111940232563,727.5547973765716
922,518.32,556.7794073351824,501.06512529628156,618.6763160229237
923,489.4099999999999,502.2652740500922,452.7628955334025,557.168018050454
924,422.1599999999999,486.4531295103193,439.26218838878066,538.7023858419071
925,348.05999999999995,393.0642117991798,355.4167146072733,434.688329577964
926,325.97,326.9618899855327,296.0061689390081,361.143997436533
927,247.29000000000002,328.2329700540303,297.930502943619,361.6071862965493
928,366.94,208.52379611037358,189.55313167527567,229.3830997189403
929,432.51,390.80457951549545,354.6564314638752,430.6267469070263
930,424.63000000000017,446.92317871167614,405.45970157134303,492.6163985052675
931,365.6700000000001,429.3670304667139,389.887613567079,472.83384503421513
932,343.37,361.7244004461348,328.7094008660105,398.0453118213508
933,313.60999999999996,346.611279981684,314.977735528947,381.41176001919615
934,308.43999999999994,312.9762293391815,284.28280025365297,344.55561184340274
935,290.89,313.2105313834201,284.35647754217405,344.9821865009522
936,251.68000000000012,292.437397662843,265.23256686867603,322.42213937190695
937,261.91999999999996,249.49428254354783,225.7993579344226,275.66474084617874
938,282.06999999999994,269.4608883113034,243.59787366642922,298.0585772871294
939,297.7699999999999,290.50809267960074,262.58189546603774,321.39303821475056
940,295.87999999999994,305.5444498344678,276.0603148789377,338.1662200534811
941,361.35999999999996,300.36978939414075,271.238894047091,332.6178332540477
942,400.8299999999999,381.03342893611614,343.98469045214057,422.0609208582662
943,361.1000000000001,411.0806640122038,370.4759255271644,456.12376491628464
944,295.45000000000005,358.51567608623867,322.47858523011223,398.5674744892306
945,298.7700000000001,290.71231026691083,260.45603274928624,324.4699119635853
946,330.6299999999999,309.71694189583394,276.043041546867,347.48382201567273
947,302.05000000000007,344.31976201135814,304.1406427341907,389.7894306280809
948,257.92000000000013,302.66720432300724,266.2435550134333,344.05517252498674
949,228.48000000000008,258.88277124425525,225.928127511441,296.6231088241312
950,225.79000000000005,233.5135062800058,202.94365733159825,268.6655799318225
951,222.53000000000003,237.37423864518587,205.18100674903943,274.59414199017505
952,222.23999999999995,231.6834709133547,199.32416253292692,269.2699312539836
953,208.20000000000005,234.24122108201271,199.3349565462174,275.2295360240327
954,220.4,217.95008982615653,182.78790923528564,259.83947542768027
955,226.53,239.2929343930769,196.57897523313397,291.24108613330054
956,220.74999999999991,240.32495287216378,192.8463650628095,299.432421623599
957,241.66000000000003,232.82213416548694,182.6295957746689,296.7340890778397
958,234.99,259.63936011627044,199.74214388840244,337.40864068675324
959,293.35,229.98353160680534,176.697560753593,299.2483075585676
960,344.58000000000004,326.9790281606289,251.44847182811716,425.10772065370713
961,317.17,344.432098241799,264.73193079182505,448.03649380852914
962,236.98999999999995,301.33811090030804,231.57684348712993,392.0242234447782
963,235.56000000000003,219.9609822313211,167.26502469034813,289.15985798878137
964,233.25999999999996,257.0286619585955,192.5154970681502,343.0488818768666
965,235.49,235.9834335097403,174.30088297801467,319.3700221242408
966,284.36999999999995,246.72336269288323,179.79174708061475,338.433991953772
967,303.0799999999999,299.95292653830796,215.26767597177775,417.7988962520301
968,236.14000000000001,291.6488840461369,207.5090011890399,409.7418329427548
969,185.12999999999997,220.70266765736923,154.44001247120858,315.2124865082478
970,161.21000000000004,191.7220792357045,133.76938212429405,274.59523713389376
971,176.07,169.22691237616888,119.40487891119813,239.66468036146074
972,193.63000000000005,202.15762127471513,143.95594138865476,283.72802623067156
973,229.97999999999996,205.09811970021815,147.7987881544863,284.4622370974248
974,238.5200000000001,253.332743377275,184.58884897260506,347.5400373562263
975,251.57000000000005,235.99258058191415,172.31826593827606,323.05980377669664
976,236.79000000000002,257.88207754454874,187.49846706186955,354.546287025158
977,231.82000000000002,229.1752504686594,165.27592203183872,317.63089544717906
978,237.68000000000006,237.56593037028864,171.04557962580228,329.80596000913386
979,231.35,239.06752413664887,171.64213114673038,332.82590774506883
980,316.72999999999996,230.17327193207674,163.85134722700496,323.1774031861082
981,352.22000000000014,325.21357374807167,231.015193141497,457.6565830307073
982,336.23000000000013,307.03784394059073,218.6527946394413,430.98773525884195
983,339.38999999999993,307.05210019468683,220.4178755960245,427.58371836018654
984,335.02,316.3561922100587,229.6080509083811,435.7364987360351
985,321.54000000000013,310.47956927668224,227.77397732099928,423.0846061816578
986,322.96000000000004,300.92783031075095,223.21615138928345,405.57380902897205
987,330.9199999999999,309.22674724549006,232.03764433441742,411.98321128069927
988,357.4999999999999,315.79169355743306,239.54661396907372,416.20386519300223
989,322.3700000000001,348.17834340474786,268.62770172118127,451.19951334587176
990,345.73000000000013,289.6197903453029,226.1355341442049,370.8478610516553
991,322.96000000000004,350.5096553507791,279.39457897356976,439.6612933000759
992,322.19000000000005,300.8978416598026,240.1911815553193,376.88407607242044
993,352.5999999999999,318.6056325617505,255.0548596433349,397.9292002013974
994,504.68999999999994,348.4889322102459,279.17265692652313,434.9544399419762
995,570.1699999999998,535.7698938585372,429.4295369688281,668.3823127983228
996,561.59,534.4178976837604,428.28544766901047,666.7895249343022
997,493.83000000000004,532.0251094123915,426.2660361458181,663.9622090886916
998,538.46,454.0788997426056,364.18178488920086,566.1060648706105
999,563.2700000000002,542.198544927482,436.5816257548946,673.3076990545532
1000,586.87,545.8402328695626,440.77825101262044,675.8876457802238
1001,577.0100000000001,579.4599848728789,464.95076561050104,722.1102917003755
1002,511.21000000000004,563.6738373263265,449.99993406936136,705.9990890770292
1003,561.3799999999999,486.28775819644966,388.26106651136115,609.0002792886332
1004,632.2,564.3685909852521,451.1444754399519,705.9458127551535
1005,645.3900000000002,631.6670980527626,505.7113674401675,788.9322625829341
1006,646.48,630.629464987818,505.64656269150225,786.4439706476836
1007,645.5099999999998,631.9312567542844,507.5866077366537,786.6770046292482
1008,661.8799999999998,631.6972468264364,508.0013416459712,785.4533418463556
1009,667.5100000000002,653.0932340352723,526.480322567017,810.0974770179494
1010,658.0400000000001,653.3775629297144,528.0363370860913,808.415090888452
1011,646.9200000000002,643.1977296896373,522.1887967616464,792.1949565929714
1012,668.19,634.0171356860786,515.2726075437333,780.0733258413147
1013,684.8199999999998,662.5421544308961,532.8690913225123,823.7118963491658
1014,677.1499999999997,676.0991587690608,539.1672948729233,847.7431119161429
1015,659.1900000000002,663.6734757775927,525.3276380574541,838.3836793994087
1016,667.8599999999999,645.350633612499,509.9023899381448,816.708332939798
1017,670.9599999999999,661.3260876803818,524.28458821699,834.1203447849646
1018,672.6400000000001,661.0634047608436,525.4939672663041,831.5412619624783
1019,688.9500000000003,663.3991641476463,528.3433986972028,832.9128255996209
1020,719.3899999999998,682.6088631911344,544.6358701641967,855.470594011434
1021,708.4499999999997,718.3972109096838,576.5897173098,895.0207073545338
1022,715.18,688.783029156938,554.732534763137,855.1683859587522
1023,717.4500000000003,711.521733589253,578.0208688419565,875.8029757760033
1024,697.66,703.3612805981248,574.0564714371244,861.7410319650245
1025,710.6600000000001,680.4590925949386,557.4666730919474,830.5384198474084
1026,699.2500000000001,703.7099442753758,564.9219859210913,876.5345682184691
1027,688.7200000000003,688.8943986781491,548.877362107736,864.5644224070319
1028,684.9399999999999,683.7075551212937,533.0831680504701,876.811666957226
1029,676.7999999999997,675.9869348668161,527.3189486823447,866.4898205400717
1030,687.5699999999999,669.5668166609239,524.0491301174196,855.41481875459
1031,706.8900000000002,688.7982283187948,536.7740016285293,883.7984364265064
1032,663.8799999999999,703.793156572203,549.7912318035139,900.8542142083547
1033,643.62,634.2850418493355,489.3427878622379,822.0713174288595
1034,647.3300000000003,646.2329973996111,498.91608301785607,836.9617442872353
1035,659.2500000000001,649.0372445921913,504.42427582399193,835.0271549444844
1036,657.2400000000002,665.3205474024255,515.7992475205531,858.1016221884316
1037,662.3500000000004,659.317514919293,509.2785473475317,853.4729594760611
1038,652.1700000000002,668.0417097546584,513.1013081313761,869.6782151914897
1039,686.2399999999999,653.9538902012516,501.0944193712477,853.350460271851
1040,653.09,690.6640839866947,524.1551826575137,909.9673119024461
1041,667.5100000000002,660.9069728984839,500.2166575085308,873.1146851532513
1042,679.3699999999998,668.5768022518366,506.6403196196369,882.1707742397624
1043,669.5999999999998,677.6030728506397,513.0785212143384,894.7816976958081
1044,552.7399999999999,672.889171138189,509.74486943669336,888.1457205985781
1045,521.9700000000003,579.1633373270082,437.28992819030844,766.9608321555189
1046,429.3200000000001,542.7937588870453,415.90270414608136,708.3061504846597
1047,436.96000000000004,421.9209897859185,330.52200150784546,538.518230428119
1048,714.2600000000001,446.3494745703572,356.2498916705587,559.1724648888587
1049,699.2800000000001,809.5734454108672,638.5490572635749,1026.3321537154031
1050,486.52000000000004,612.6584202919762,478.7483162467718,783.9462812945883
1051,410.6800000000001,508.84043798796137,395.3739059765277,654.7880533718815
1052,500.05999999999995,462.52008685655056,361.84363885737025,591.130735972361
1053,677.7400000000002,604.7215281534033,474.85498034473324,770.0302189181551
1054,706.7399999999999,701.4125760636971,552.2012104302213,890.8697531929437
1055,503.89000000000004,660.0366237282938,522.2469178578672,834.1113078678441
1056,340.44999999999993,479.46590006443455,379.53011493300875,605.6470748717674
1057,331.83000000000004,374.4647055225245,299.9263030933398,467.4660119238215
1058,505.74999999999983,412.2340253165954,333.28078502604245,509.8351042853188
1059,678.9499999999998,639.2014091526445,520.7293491682291,784.5755957268852
1060,546.1899999999999,653.9422974443078,537.3578956903901,795.773700943948
1061,299.8200000000001,494.8215390135006,409.0283031004178,598.5659243296413
1062,408.03,286.2053057370148,236.86689062002222,345.7775083303203
1063,583.2099999999999,633.1827713727638,528.9950697070992,757.8519412610904
1064,570.6700000000001,531.925751549737,447.39472981674896,632.3924950030564
1065,560.8199999999998,584.7156753777924,494.8852592746832,690.8190165302584
1066,561.9399999999998,537.3958380054479,456.8816510251441,632.0676884138137
1067,681.1100000000004,571.7937204385555,488.039828539685,669.8914632854239
1068,777.2099999999998,654.8144962682317,561.9835892349446,762.9523810987463
1069,776.82,682.9579355335993,588.1498538261548,793.0228696338102
1070,645.21,669.3462158171435,580.179333328743,772.1934418359339
1071,592.8799999999998,562.3600442896759,488.43729541385966,647.4478041946094
1072,577.8999999999999,589.1920465051596,512.4715265623697,677.375788604976
1073,710.9,550.4441362939624,478.63807304916384,633.0002025273425
1074,577.8999999999999,719.3764666032142,625.8487522045092,826.8587965768608
1075,597.3099999999998,473.7501211432959,411.4949455966751,545.4010648652924
1076,703.8800000000002,644.2934897276227,559.5474818571946,741.8517678916927
1077,767.0300000000001,608.1870644612959,527.9998139283672,700.529319549484
1078,774.7900000000001,695.0597498351813,604.5923438370755,799.0417777259112
1079,757.4700000000001,653.6965154836475,569.6464740930127,750.12621709911
1080,780.2499999999997,686.0952655630231,597.5644351761657,787.7202717284326
1081,789.8899999999998,704.0124388360589,600.7387308965954,825.0105480878227
1082,719.9800000000001,705.5952547847178,592.4441596781561,840.3206970560703
1083,554.2700000000002,643.0211224740085,538.7955401828209,767.3709392119239
1084,639.55,522.1496892891378,436.88363331756534,624.0190155082527
1085,780.3599999999999,692.2497315915887,576.9874758206146,830.4975850808371
1086,765.9700000000003,716.6337210239558,595.2515133315055,862.7263739142223
1087,603.7399999999998,691.9739822095777,573.2684894935967,835.216767600923
1088,585.9199999999997,553.1278115773047,453.81787764462797,674.1221679183253
1089,564.5100000000001,613.5058239553534,497.75942934617945,756.1133204841141
1090,546.4299999999998,568.3129980618627,457.04612398718956,706.6084105696989
1091,572.8299999999998,585.3731823130196,466.4310341450212,734.581259735576
1092,586.28,603.1157478393293,477.02290911891134,762.4693438859576
1093,704.5900000000003,587.4606846224192,461.3435719596776,747.9797595293203
1094,759.6600000000003,703.7840814205243,546.324861010666,906.5425525282185
1095,753.79,709.4603225214339,546.375430333864,921.1346847252395
1096,594.5300000000002,709.797959873809,542.9037719542522,927.9028056294932
1097,555.6300000000001,590.619330177863,448.46737251553105,777.7293433140329
1098,549.1100000000001,609.7822031764514,462.0424892086272,804.6601897477217
1099,544.2399999999999,593.492084422691,448.63962003829494,785.0091119442186
1100,643.1699999999998,590.8922617055571,445.73953613896646,783.2073985543583
1101,708.6600000000002,675.515640409298,508.76889878669203,896.8056778428764
1102,741.1899999999999,683.8134944395028,514.8932846393413,908.0436649011575
1103,770.0999999999999,706.9604413613669,531.9344300768443,939.4683920690051
1104,700.7500000000001,721.7091720133604,544.2419525040019,956.9390303947739
1105,509.2599999999998,662.1854896971523,500.34456937632075,876.2708843580123
1106,357.9400000000001,507.6362970281171,383.38317962267547,672.0546401859598
1107,416.3500000000002,375.2910131297638,282.36942629211563,498.683146537689
1108,602.71,532.8163332855527,401.341434330406,707.25386939497
1109,747.09,668.7699730091676,503.60836685163696,887.9900489434302
1110,620.6100000000001,743.4698045154134,559.5756899632216,987.6894843256229
1111,552.5000000000001,557.8379715235658,420.63272057151863,739.6917518006064
1112,555.13,594.1114571313667,448.65891028023435,786.6139854279817
1113,562.24,565.8932642991114,428.5358211432367,747.1750235693055
1114,555.8900000000001,595.1282362251322,451.79332703547254,783.8368180502071
1115,557.0199999999999,560.1626377126096,425.95151310853083,736.5626887274323
1116,559.94,582.0336304685726,443.4056395210489,763.9052667822045
1117,560.6400000000001,570.8413464433497,435.69928606896815,747.8048090156469
1118,564.8000000000002,578.6296044030016,442.3871095559172,756.7362333263992
1119,557.4300000000001,574.6182691938703,442.5048205599689,746.0863369904341
1120,598.99,564.3075257051415,437.02735020910706,728.5722480943496
1121,617.8100000000001,619.4189031444187,482.1623910540634,795.6671713400249
1122,640.8199999999999,601.1407586358207,469.6498443679355,769.3678170709774
1123,639.3999999999999,644.3100696521764,505.0833205499214,821.8389853710255
1124,623.59,610.5224119714188,479.89313112881587,776.6356868843898
1125,504.81000000000023,621.1348175191483,489.2294020957052,788.5318589928672
1126,485.5400000000002,474.260130235411,373.8145197568611,601.6239099219025
1127,405.49,552.7428548441259,436.3068149478417,700.1808158706493
1128,346.5299999999999,405.34982227093957,320.39848525713944,512.7553088575305
1129,428.76000000000005,392.162778348708,309.51258548978285,496.8122546467977
1130,461.73999999999984,509.7340458241665,402.4100026558266,645.610802525063
1131,484.69000000000017,468.8443321305157,369.8051725077063,594.3360761993753
1132,404.8399999999999,526.7085497980129,417.23870498015754,664.8310438846963
1133,362.22,389.86739276297567,309.572747372304,490.9212004850576
1134,354.79,411.9039470695591,327.96764203984185,517.2566542060479
1135,360.77000000000015,379.88874924633416,303.35186742939067,475.6727424010117
1136,370.11999999999983,405.13490076689504,324.1864352913029,506.23381949550566
1137,371.4800000000002,398.74449539132377,319.20736002815323,498.0380657759226
1138,361.51000000000005,385.95479482145964,309.0980118027264,481.86028138282137
1139,363.58,373.013690724026,298.79016339828723,465.61384504187686
1140,384.7000000000001,377.5065738158449,301.17779225986044,473.1156699517009
1141,490.55999999999995,399.56617808385613,317.06933364383866,503.46002192835317
1142,589.0499999999997,526.3142359832941,415.463342609712,666.6705366868964
1143,606.6899999999998,595.6156418856043,470.11527945178295,754.5480360492147
1144,435.5800000000001,589.9683637002308,465.5699759870403,747.5342496711127
1145,345.4899999999999,393.530677898831,310.2334492472913,499.1212311201022
1146,337.35000000000014,353.9737632005089,279.5751527177208,448.10025474530397
1147,349.42,356.7293405692729,282.26599325611727,450.7671875579553
1148,360.63000000000005,369.85692076161166,293.15479027689634,466.55946264658417
1149,437.8799999999998,377.0405997265934,299.4074374497946,474.73620764807777
1150,528.7300000000001,476.55383887114544,379.4399315209888,598.4577596226542
1151,523.9500000000003,533.8547406786583,425.84458038957916,669.1961481280619
1152,500.44000000000005,497.78973589075457,398.95601702531604,621.0464002026025
1153,457.25000000000017,487.37948042193017,392.13194828678996,605.7034692464068
1154,445.83999999999986,439.17843419930625,354.28941305376395,544.3499226694742
1155,474.5099999999998,449.85690694813667,363.795005582445,556.2224055488076
1156,503.1799999999999,476.186826260624,385.7149421949966,587.8245896686045
1157,661.2900000000002,488.63041914523023,396.26808759815185,602.4664118171902
1158,726.62,671.4279120727525,545.7696516904202,825.9648754948325
1159,830.0100000000002,639.7795578746084,522.0972222325662,783.9371480841639
1160,900.3899999999998,842.8243670587412,686.9554328719388,1034.0082700409891
1161,956.4600000000004,839.3841107266007,683.5273619550532,1030.7271343904472
1162,964.8099999999997,946.142480554608,768.8353841678229,1164.2866274013384
1163,957.0500000000001,913.1107896584771,740.6198645590675,1125.7208117016287
1164,925.9000000000002,929.5219074757631,752.7476963845596,1147.7544498584687
1165,823.7500000000002,882.2589388177116,713.1659778739013,1091.3880122712017
1166,665.03,761.8384419161335,614.8012588963146,943.9842462290504
1167,641.5000000000002,598.9959572946723,482.6000492265104,743.4067661815607
1168,660.16,649.0756577435889,522.3271110485111,806.5223925320121
1169,706.4699999999998,648.2868712925133,520.9636843094785,806.668146090533
1170,804.4899999999999,717.8068574834886,576.1202037899283,894.2784792011215
1171,828.15,822.4755475560361,659.6585248521412,1025.4182658877796
1172,864.22,795.5697612623221,637.4495889984468,992.8504080688765
1173,918.5000000000003,869.0497590951467,696.5783250869273,1084.1635666965317
1174,954.6599999999997,908.5690720080754,728.8928458365152,1132.4758265858347
1175,906.7,945.4485617598533,758.8211129263998,1177.9154905255484
1176,867.8499999999998,860.6762352159318,691.8675682847226,1070.6130590063776
1177,782.4300000000002,851.5198159021731,683.9706328841581,1060.0528417045136
1178,736.7700000000001,737.9955368910875,592.6844645145499,918.8731585329579
1179,810.4199999999998,726.0781077021628,582.7539945852941,904.5913614352429
1180,818.5900000000001,842.0701604557513,675.2028206338025,1050.1155436836048
1181,830.6000000000003,794.9528299330902,637.4377418602278,991.3299735265259
1182,844.9899999999999,831.6946497466458,666.6364398750933,1037.5598183442658
1183,860.2099999999999,835.294964068908,669.4032905697075,1042.2366260205501
1184,872.3000000000003,854.9259148469081,685.7548814431605,1065.7695148624161
1185,884.0399999999997,863.4351331535263,693.3250031117229,1075.2223686043985
1186,899.8499999999998,877.0045852343345,706.2308977697053,1089.0146672374888
1187,916.76,889.8250590895813,723.6540720927542,1094.1008439243005
1188,936.7600000000002,909.2499645293815,743.8532859937544,1111.3734210560865
1189,944.9299999999997,907.1936003579274,734.7181146830477,1120.102769212677
1190,951.1800000000003,925.4545027538157,752.2546149236783,1138.4791730015313
1191,954.2200000000001,921.6653218399355,729.0751249531637,1165.0598574435826
1192,938.0499999999996,944.6542813758672,736.6681648210972,1211.2822463151685
1193,930.74,901.8628324585956,690.6824960580948,1177.5194780564348
1194,870.8299999999999,933.7717407847534,698.6404983107851,1247.9245683739869
1195,847.53,827.1537772961531,624.9194547346356,1094.7299276480453
1196,819.5400000000002,863.9090567551874,660.0388819819626,1130.6545771320605
1197,779.2699999999996,800.1772470533252,618.4270109544058,1035.2560396049507
1198,738.5999999999999,770.3077599378296,604.7142251138155,981.172179345014
1199,714.0299999999999,728.686002480699,578.201364841905,918.2686594611088
1200,695.2100000000003,716.3238857460939,574.3171679570571,893.3824132504985
1201,641.61,696.4798767996581,563.2065892090391,861.2341316900602
1202,609.49,626.602149304258,510.5925982849068,768.9182105679513
1203,541.0299999999999,612.9069042055146,502.8117442683919,747.0605430873511
1204,517.3399999999998,516.1134005034656,425.2982975367791,626.2750103046964
1205,604.0900000000003,523.1241451695126,432.93693541516495,632.0553984459746
1206,790.6599999999997,669.665113599252,555.5248988361511,807.214862515114
1207,839.5599999999998,889.1065956705189,739.8885678520628,1068.3777526532997
1208,653.23,803.2626300870927,670.4946144780389,962.2815576002843
1209,535.78,584.7042202140086,486.40659026553755,702.8260056959994
1210,578.0799999999999,529.9590838224914,421.03857574812577,666.9900011364576
1211,654.9699999999999,660.9500108792,521.1753882791837,838.1391604015986
1212,686.9800000000002,670.3363615516661,504.3450599590551,890.8510262630173
1213,725.9400000000002,719.5914534724385,538.6682145472395,961.1690305647401
1214,732.9300000000001,740.508557451946,520.8812388075614,1052.5633394884542
1215,702.4000000000001,732.5917439983087,520.0170560253596,1031.8967941431201
1216,725.2900000000001,685.7424830950146,464.4074385762702,1012.3384191929259
1217,724.7599999999999,773.2728381194777,532.4072785761381,1122.9037259669094
1218,707.7400000000002,696.183416514019,485.2831409040549,998.5508282654243
1219,679.5099999999998,738.3193309164146,521.2747744609178,1045.5622691252474
1220,669.1900000000002,656.5595503029662,472.39364743950466,912.3721259956152
1221,718.9500000000002,695.7897175625092,514.6355180321327,940.5874072324583
1222,936.8700000000001,743.2510845206926,561.6247712881941,983.5099346443409
1223,1172.7899999999997,1070.244941920544,831.5919001412841,1377.30517615607
1224,1252.1899999999998,1143.5488519265887,897.9400236012074,1456.2630431989953
1225,1329.89,1235.2542743106526,987.5859402424319,1544.9704296184564
1226,1346.7899999999997,1315.6220522105205,1050.7012582068837,1647.2757007656264
1227,1332.2500000000002,1288.487498593427,1046.635658760975,1586.1720240940247
1228,1324.3999999999999,1239.272727345794,892.8479428301196,1719.9598685513022
1229,1296.9999999999995,1284.2114538222913,956.0646044573226,1724.869364871766
1230,1284.7300000000002,1247.554340349292,935.7677580774917,1663.1135728286893
1231,1275.6700000000005,1263.4146356640772,978.9408646780612,1630.4702534695853
1232,1289.9800000000002,1234.749498395553,947.7906113550033,1608.4982438791055
1233,1298.0299999999997,1293.6991203583473,1014.198201801268,1650.1512818703895
1234,1315.9100000000003,1256.8711564992714,968.082374382014,1631.7196615889466
1235,1353.8099999999995,1327.4494765268985,1039.1300856929593,1695.689708296298
1236,1430.47,1338.5174704394299,1029.3352673451177,1740.4788277954128
1237,1483.8899999999999,1471.074659232133,1153.2307727553084,1876.444141590908
1238,1522.4399999999996,1448.8334310032756,1142.51897996487,1837.200339901053
1239,1458.55,1540.6566864012543,1229.764449883672,1930.0805889383096
1240,1321.2999999999995,1371.79643086841,1108.602912939744,1697.418432961869
1241,1298.1500000000003,1267.9442556676074,1031.604437951678,1558.3769160879501
1242,1275.6100000000001,1309.0981738880384,1071.5583650268818,1599.2459923770723
1243,1277.7999999999995,1233.938677154328,1015.1107140078615,1499.8930772083977
1244,1337.5300000000004,1302.0188380921265,1076.5226787203133,1574.7052041256006
1245,1512.0899999999997,1352.2583179497692,1122.668567765015,1628.75821130489
1246,1721.5999999999995,1648.040856357177,1298.1733615271098,2092.1276967831113
1247,1914.4500000000003,1764.049958244795,1290.3931500472693,2411.4344743395295
1248,1977.2800000000009,2047.2010942680186,1398.0190593053776,2997.6208512724747
1249,2021.6999999999998,1884.088305811487,1219.0458807003076,2911.642857879637
1250,1925.010000000001,2132.992758521937,1327.8664155326258,3425.924663152693
1251,1901.5300000000009,1779.5457548812963,1160.4620088493625,2728.6141940678726
1252,2085.24,1961.4633430686818,1330.3434133336775,2891.7640564538974
1253,2361.3300000000004,2149.9863182673134,1508.5277674023484,3064.026189836204
1254,2514.649999999999,2477.8136975287553,1798.8851801081948,3412.838513124942
1255,2534.440000000001,2516.3292694516194,1856.9575838177484,3409.705769620748
1256,2714.3099999999995,2522.467967224427,1887.8678847779347,3370.2736782310344
1257,2752.8100000000013,2828.068313407633,2141.8965140608134,3733.9575536712005
1258,2567.3000000000006,2676.353887387037,2048.313911932705,3496.865210677332
1259,2621.429999999999,2468.8465579722897,1911.8659283320344,3188.00657363202
1260,2716.5500000000006,2705.893418281687,2125.3285555252746,3444.97355798885
1261,2798.26,2696.384079558989,2143.031209037938,3392.5517552112046
1262,2882.7699999999995,2843.7935682954267,2282.6140621865457,3542.878355025618
1263,2901.970000000001,2883.824539253237,2333.73018342796,3563.528647185514
1264,2922.2899999999995,2889.203849959667,2354.85177540342,3544.7571573624336
1265,2908.4300000000003,2920.325808347301,2397.575796261727,3557.0049176752295
1266,2889.109999999999,2875.1937888960747,2372.758287975465,3483.976020174238
1267,2871.41,2874.0542177469824,2392.5867343685095,3452.3683849001955
1268,2877.8099999999995,2845.0937477418097,2388.3618515625094,3389.130973940975
1269,2837.639999999999,2875.7601109769907,2438.4866626926664,3391.41401179612
1270,2791.9800000000005,2787.2317035033966,2377.233385850626,3267.9121591995645
1271,2763.42,2772.3444754636103,2376.701240247208,3233.821704843311
1272,2745.4900000000002,2733.6757202751974,2347.1026719563038,3183.8910971307973
1273,2742.2799999999997,2736.898545402826,2342.43369568186,3197.7627636880084
1274,2675.25,2727.9159056211424,2354.586383129033,3160.413257135527
1275,2339.9799999999996,2615.2912563328714,2229.7703953431414,3067.437680656471
1276,2021.5500000000004,2101.7569815743504,1687.3232519771282,2617.9220093851873
1277,1928.5799999999992,1949.5275662874337,1456.300343952629,2609.688869068743
1278,1723.7599999999998,1915.001108298528,1374.2872560062506,2668.304344215128
1279,1687.7700000000007,1576.0609793002577,1086.204149720443,2286.630463028504
1280,1778.53,1830.9514265385765,1223.7220388391443,2739.251193958885
1281,1868.5800000000002,1760.9053044597906,1120.0973416450672,2767.992652616916
1282,1866.0199999999993,2009.4925093530367,1223.707605783969,3299.4450295523584
1283,1758.2400000000002,1824.2912205825232,1181.219580524859,2817.1634738755542
1284,1554.3599999999994,1737.7678168038694,1185.0293260822075,2548.105198553361
1285,1424.31,1465.5405912472092,1045.057677551488,2055.0446636269276
1286,1398.4100000000005,1417.059725494638,1048.078490809717,1915.8188106857926
1287,1389.3499999999995,1403.715119319462,1073.3090707994586,1835.738253523536
1288,1388.1999999999998,1394.8650877420143,1097.19037414032,1773.2273007103065
1289,1356.8800000000006,1396.913652942544,1123.971901341395,1736.0767916541392
1290,1263.2199999999996,1341.0619867927753,1101.4982745090933,1632.680902762552
1291,1148.3300000000002,1221.1463979905873,1020.6627716302193,1460.9714641633002
1292,1119.7800000000002,1107.5227925897327,939.4318830351017,1305.6579343578826
1293,1076.3299999999995,1137.1305355656991,976.7931577739349,1323.7598489398995
1294,1026.0399999999997,1042.1558373088308,905.0886102938522,1199.9577082737899
1295,996.6900000000003,1021.603832778435,896.4282038260072,1164.2392852764508
1296,996.0100000000002,985.4938666412443,871.3037493067155,1114.6321977226894
1297,921.3,1010.1777785047686,900.1050948390288,1133.6961698451971
1298,713.8199999999999,871.6219326302426,781.8854423569622,971.6442671035671
1299,657.39,620.4230436112729,559.3103253051955,688.2012902327953
1300,679.22,693.7074536317709,628.5029451289616,765.6659065950337
1301,680.2199999999997,675.4484804319427,614.91459738151,741.9318100659473
1302,622.0,690.8040556135026,631.4984998240406,755.6703343904111
1303,623.2100000000002,583.7965774703023,535.2249931670209,636.7678052661353
1304,675.18,655.0588175879383,602.0135666181383,712.7702963280847
1305,730.6899999999999,694.757628647165,640.011358752792,754.1795630620219
1306,719.1000000000003,764.0107444173859,705.0832532119998,827.8561390059276
1307,631.8500000000003,701.034725557756,648.1127373608701,758.2714293248499
1308,495.63000000000017,597.293025327858,549.8342399465862,648.8407655099136
1309,373.65999999999997,438.62909942838843,402.21850295011495,478.3275696679205
1310,401.8299999999999,337.58355245284105,308.63446115982714,369.2392219592492
1311,388.2400000000001,471.25930035378866,427.0842517230169,519.9928790254967
1312,314.05000000000007,356.6031351650716,322.9530980258915,393.7485085315277
1313,341.5699999999999,301.92126092162437,269.71313575592126,337.9613513290323
1314,341.0999999999999,388.14444107835055,341.57307517766924,441.0469879124145
1315,328.12000000000006,312.9262361228625,271.19734369718805,361.0523271376998
1316,317.18000000000006,349.2129513298828,303.21868956754224,402.1610005734262
1317,319.5100000000001,304.321707816689,265.6036137295758,348.6627219714166
1318,315.8199999999999,336.3447531250665,295.51407076330355,382.7979161260636
1319,287.87,311.25147441347144,274.94622941009476,352.33326888292675
1320,262.04999999999995,279.81972559735567,248.30594947759818,315.3170331466968
1321,252.28,255.76122099655691,227.7534382791725,287.19818011734424
1322,252.78999999999996,255.09302328198424,227.92731142992093,285.4823605539234
1323,293.05000000000007,256.75065568110523,230.1800454230967,286.37515118336523
1324,376.9699999999999,327.69637435870595,295.0995893579257,363.88164928171534
1325,427.3199999999998,423.44325302244846,382.0231673435846,469.342502480211
1326,348.73999999999984,438.35452870646844,396.1348913252741,485.0625598791304
1327,274.15999999999997,302.3536635307077,273.05113601384625,334.7893220805784
1328,259.7900000000001,267.38599096418454,239.8024281849077,298.1292101527981
1329,264.31000000000006,264.2003701406231,235.49183039475204,296.3939362105093
1330,306.9999999999999,275.3210635256644,243.25314210150515,311.5991726903715
1331,341.19000000000005,346.53319770184555,303.0913633839554,396.18103849062703
1332,351.15999999999997,345.28617358171255,298.7130524370014,399.0964023382648
1333,306.2700000000001,363.7913664250495,310.9743721922756,425.5502325820517
1334,247.1,274.51215864616336,229.40153105197476,328.4550570705424
1335,247.21000000000012,240.1630932257427,195.040811056554,295.6710718077489
1336,256.69,269.1040699658778,212.59912681246948,340.5566800335476
1337,242.2299999999999,260.12043107655455,201.11080771781263,336.35889879181565
1338,274.08000000000004,241.79027281672583,182.1683485351312,320.8193374883994
1339,350.20999999999987,316.659300552914,236.87157765650363,423.2097026551067
1340,364.7599999999999,369.7088451585835,239.47232676599373,570.47967804437
1341,337.0899999999999,339.67699329736894,217.22418716795102,530.8421173580183
1342,336.93999999999994,322.2595142895929,197.12809007081387,526.419981393829
1343,369.85999999999996,338.2968079953053,181.80761788811188,628.7457690535858
1344,412.69000000000005,371.06076578556645,182.29697920595322,754.2181931018216
1345,421.1799999999999,411.448708564759,186.813018332308,904.7622240847303
1346,420.3000000000002,389.34134028215624,166.66012422449808,907.7811585374378
1347,401.51,412.8788565635448,169.9293059594319,1001.143587659581
1348,368.14999999999986,362.7852925693559,149.2409861992596,879.8497763336968
1349,342.63000000000005,355.8377320348956,146.3716883807466,863.0273338989813
1350,337.5900000000001,323.0735661977099,132.84029860792782,783.6939778262011
1351,236.42000000000004,344.60014879931,141.73063877732216,835.8172655378208
1352,240.86000000000007,192.1466950452658,78.76834285898455,466.6748252481349
1353,235.8199999999999,302.36432999300246,128.70535778355352,708.5305720961711
1354,222.73999999999995,236.4101718634532,108.60978767357031,513.2204076892402
1355,217.27999999999994,242.75632583604738,119.53278477421085,491.9542322978186
1356,197.51999999999998,229.9451623863725,121.29375479348967,435.12748761973
1357,239.55999999999997,202.68083751363008,114.36038009957083,358.61985852028346
1358,371.80999999999983,271.1452966518072,160.92573683874616,456.38907190186745
1359,388.26000000000016,407.9089074658676,252.2523463313382,659.2367047220476
1360,391.2099999999999,345.89147036263915,221.01123187895527,541.016235809015
1361,394.51999999999987,382.63516302681023,252.29440745521893,580.0469318657466
1362,379.18,371.0026783085101,251.7036852549814,546.6215850555228
1363,357.0600000000002,361.5074646371448,251.7069343579918,519.0160504162869
1364,357.12000000000006,341.92304806994593,243.68494442614306,479.60258539151056
1365,391.6299999999999,351.7075641921596,255.82984783628154,483.37760208333714
1366,402.8100000000001,388.8343904333963,288.6606666569096,523.6513229377481
1367,497.80999999999983,384.7385640086615,290.6437552905939,509.19175642970873
1368,384.7499999999999,506.356838396483,388.5860703031872,659.7293768674795
1369,546.6300000000001,337.56035932191133,262.0202404668637,434.7958030177619
1370,618.1899999999999,510.51189087230034,398.56701068603917,653.8198612656336
1371,641.9399999999999,579.131312581665,455.0930552071389,736.9027941674692
1372,635.5400000000001,604.4142512862286,477.27623372711344,765.34879555732
1373,626.5999999999998,600.5067188027937,476.1981102320178,757.197329383781
1374,628.9599999999998,595.5940770390649,473.93160069194886,748.4226373640576
1375,675.3300000000002,602.4425567298965,480.70982110928185,754.9383332359007
1376,706.6500000000002,651.6365024283512,521.1419540553127,814.744456069489
1377,740.2800000000002,682.4859163202011,546.7785181752901,851.8136506049974
1378,720.7499999999998,716.3199825292309,574.5982299456625,892.9359618675519
1379,705.9100000000002,696.55959799313,559.3861347603691,867.3109066579799
1380,720.9899999999999,684.009012056585,549.9829685297482,850.6367535839794
1381,808.9200000000001,700.4682230797159,563.8473908213273,870.1338247931502
1382,760.3899999999996,788.4318821871063,634.9732785994646,978.9196249029353
1383,758.5999999999999,744.2768665788823,598.8684205905928,924.932402493847
1384,789.4799999999998,743.9020210868607,597.9163109094446,925.471713847157
1385,799.4199999999997,775.3927204043964,622.5945832855713,965.6306803388272
1386,795.0799999999998,785.6171257549626,630.0656198729871,979.5105571359377
1387,767.9500000000003,781.4973193070329,626.1114161297459,975.3848001708371
1388,773.6699999999997,755.2225118734992,604.4751277232176,943.5020303553844
1389,785.1999999999999,762.8630877276531,608.3481065420126,956.5590873729822
1390,771.1599999999997,774.3471998209391,615.7243818932159,973.7681426583537
1391,784.9699999999998,765.089235068149,596.3749907863871,981.4527727796465
1392,787.7699999999996,774.0604855591054,599.6870433280138,999.0527944583699
1393,807.4399999999999,778.1963983547022,602.4204067585505,1005.1758276794247
1394,810.5999999999999,794.8960639287121,614.8561585559871,1027.5689860802618
1395,840.6300000000001,801.4283772310245,620.0287660049394,1035.813970353982
1396,856.7599999999999,825.7136903162705,638.7873451353538,1067.2542112672672
1397,873.9900000000001,842.45100828455,651.137641331242,1089.8887300600945
1398,875.7300000000002,858.5645250987469,663.0824187027972,1111.5895702095058
1399,881.3899999999998,862.3432546082497,670.3573401310944,1109.2307679126889
1400,866.4099999999996,878.1806915983491,687.1884359774994,1122.1788389199605
1401,764.3500000000003,858.3989214408874,665.281682671764,1107.4898855573176
1402,693.2899999999997,745.375804371232,571.8174835014647,971.5206673957588
1403,646.7100000000002,685.0411227593786,517.6810799671383,906.4023331384432
1404,680.6700000000001,642.947880430444,479.98124888017367,861.1310574503651
1405,609.0099999999998,702.1079017192413,517.9610281488182,951.5970056431108
1406,513.0099999999999,603.752794529382,444.01377670418555,820.8306075818552
1407,409.00000000000017,500.12362274829655,364.76693640215194,685.5707648333508
1408,364.7599999999999,384.3995292690255,280.35360233369846,526.9221446918586
1409,489.43999999999994,364.02319441987595,265.6950416197854,498.6040858324142
1410,522.1799999999997,607.1848140818017,437.99834481015654,841.5744025063988
1411,395.8999999999998,520.3447549277173,380.1828310793261,712.0445847233833
1412,457.7900000000002,356.8094930199359,255.91434146240965,497.32809085870315
1413,468.8499999999999,591.2288128382461,419.5499168027848,832.9912879361573
1414,363.0200000000001,473.4960422765344,343.22866052141245,653.060861158566
1415,325.7899999999999,355.16621758327994,255.83249716229477,492.91870557338336
1416,318.1199999999999,337.2463281298233,243.8583383826875,466.25212320315825
1417,331.28,330.6822051384727,239.3264579402741,456.76518386028187
1418,365.43000000000006,356.58672224244805,258.1790048116489,492.35888150748315
1419,446.70000000000016,395.89967997776716,287.08624334902333,545.8131839103593
1420,470.97,510.2795791340723,369.30077179371665,704.9310375543478
1421,315.93999999999994,458.17437795162914,331.13590856855365,633.8037171769624
1422,282.89000000000004,254.33423249126332,184.90322264052995,349.6962889393657
1423,247.61999999999995,337.8087928295554,248.09688958524043,459.8303150222163
1424,197.78999999999994,230.82999917304238,172.10935578855958,309.4693462219258
1425,170.94,200.77590742262893,150.68924981071243,267.4008053769813
1426,189.63000000000008,168.09290142114304,126.74272356173142,222.82808596689398
1427,306.7199999999999,219.0170387066781,166.9262899556756,287.26634194105714
1428,324.2299999999999,401.7797766438523,309.72739245662325,521.1025001711706
1429,338.9499999999999,291.73061950655085,226.57350444609568,375.5430242209341
1430,407.32,394.66237727312944,310.27692622136,501.9242568339193
1431,588.8399999999999,418.61500354739024,329.18221493968974,532.2714581075727
1432,493.5700000000001,691.9720443793161,550.6188906084936,869.5471521497868
1433,276.9700000000001,408.07611342549086,328.3786022590823,507.05749197902156
1434,232.4799999999999,261.81756277291123,208.80823365980515,328.2200220030073
1435,297.1199999999999,256.04288929328294,202.47646480246206,323.71100281981825
1436,482.4499999999998,361.5223159215743,284.4148986771193,459.460999584383
1437,400.4800000000001,504.02481102501383,391.75883286964796,648.3808373127004
1438,402.72999999999996,305.33407198487583,222.62707446094507,418.6297066669524
1439,387.00000000000006,478.5821626598056,332.85367262054933,687.921733093732
1440,413.25999999999993,338.7202876135039,236.46335432953,485.0113011629007
1441,338.7500000000001,417.21925609434413,293.6452785702841,592.6200539741028
1442,317.68,312.04222148692094,220.81038921726534,440.7982078264108
1443,374.8699999999999,334.51030872453134,237.3188487405785,471.33849884431555
1444,512.89,380.37254780647976,270.8617397600725,533.9962828486495
1445,725.6199999999999,495.87808516234253,354.74416965096367,693.0038729428192
1446,521.3500000000003,647.7082140901508,468.10058687887414,896.0833949024518
1447,352.63000000000005,389.0770322566361,281.6439125773218,537.3455447763051
1448,302.23000000000013,333.76491565132756,241.92997485732326,460.316265384128
1449,407.6999999999998,307.6474214531559,223.18491733390812,423.9314891589873
1450,490.7100000000001,441.3308998716257,320.9706912696181,606.6845821267608
1451,435.08000000000004,442.1284781931087,322.3604601057734,606.256830725404
1452,347.83,393.0337736755611,287.9036135782477,536.420120413106
1453,213.25999999999996,328.9046346295736,241.08922660430497,448.5741899657795
1454,219.7700000000001,210.84972020711524,154.7096169611115,287.2307774415878
1455,297.8200000000001,279.65766042588774,205.24124460834045,380.9251697463208
1456,509.14,330.09516510879405,242.4550455347643,449.2843969309552
1457,687.1800000000001,533.4219011949325,392.12820984729547,725.4977717771658
1458,674.1499999999999,549.1007678731597,403.4689733458672,747.1682768182891
1459,555.4199999999997,545.4907056895814,400.393145323431,743.0388429265564
1460,550.2,458.76772995395567,336.2453282608202,625.8029466772351
