step,true_value,prediction,lower_bound,upper_bound
80,252.68000000000006,264.1640017435962,226.60646959476827,307.9189333935087
81,231.02999999999992,270.2776145809237,231.84795050027353,315.0497827642667
82,243.65999999999994,235.9657788659238,201.76227834448503,275.93898890863994
83,254.97999999999993,268.830577328688,229.28330982264237,315.16941982294816
84,307.73999999999995,266.9102125228334,227.3224174455715,313.3619569950463
85,493.27000000000015,332.9498839090289,283.67212653603264,390.7577963107597
86,521.0299999999999,528.2464343105457,449.73605453833613,620.431956485752
87,488.5199999999998,440.4236326668676,374.8875114451825,517.3859999169733
88,529.5799999999999,456.2947289501185,389.1242715666862,535.0303994564883
89,410.3600000000002,507.8881992036368,434.2990198988654,593.9179470904555
90,388.1800000000002,345.68411777515814,296.3495393925991,403.2040144506482
91,399.3600000000002,395.12624844955474,339.64608702361284,459.64232259870727
92,448.7900000000002,380.96374278670146,328.4260908321932,441.8802237098571
93,467.37,447.5710051911875,386.5760533986524,518.1650643371044
94,456.78999999999996,435.76006800842055,376.4727952363667,504.35921903264585
95,484.80999999999983,434.2515869639991,375.6073643433197,502.0277203554106
96,479.44000000000005,474.51670811395826,410.93667585706845,547.9099489019326
97,488.70000000000016,449.70718738327713,389.9408161367716,518.610540455506
98,594.1199999999998,472.3747385697272,408.9119904655388,545.662816233955
99,706.6500000000002,599.6504574843938,518.7259281778423,693.1754346201443
100,868.7399999999997,689.4911286267376,597.0834900845965,796.1763250725872
101,948.11,879.5697923348632,761.8153978392437,1015.5017137423769
102,946.8400000000004,891.0716560415317,770.6370098911353,1030.3033580711135
103,963.6900000000005,904.8382061737457,781.5007946421794,1047.6160031815505
104,958.3499999999999,932.531698855076,804.9377036753917,1080.3260488905626
105,874.9899999999999,917.0612199166137,787.0059313091618,1068.581293778495
106,783.8399999999999,805.2179405421339,688.263927773608,942.0166609059676
107,786.6500000000001,736.122759776459,627.1987415016218,863.9332242876845
108,706.5000000000001,785.032001403575,663.4206064846195,928.9023859291037
109,707.7400000000002,647.8924701358244,543.8106445338165,771.8583169649072
110,719.0099999999999,714.7851005813264,601.3999343088924,849.5118958919127
111,738.7400000000001,700.5005018920173,590.8302735606987,830.493379333326
112,897.4900000000001,737.3372492053985,623.4317151859319,872.0208288697704
113,1108.7800000000002,962.1691450504238,815.078630129456,1135.7713449744451
114,1218.2699999999998,1151.649274623502,977.6948178012299,1356.522616983878
115,1335.3099999999995,1200.264981116998,1017.9715926065651,1415.1705442314449
116,1445.4299999999998,1358.9680563449854,1152.3447720117842,1602.6081830523615
117,1482.24,1444.9000669455775,1227.878339751149,1700.2481512340617
118,1412.2400000000005,1456.8991338770832,1232.7482075291516,1721.7744458622267
119,1368.7899999999997,1349.6299258648623,1142.6138633575395,1594.119869643802
120,1345.1399999999996,1355.2938669210046,1134.6233043005884,1618.844403052709
121,1241.4599999999998,1308.9173670676441,1091.701956707738,1569.3124699394787
122,1112.4699999999998,1174.5208249501663,966.3300649044062,1427.5188272609691
123,1047.1599999999999,1052.069614429231,861.8474373258503,1284.2279149962146
124,1014.3000000000004,1027.3264525715315,837.1589301390875,1260.6405493441102
125,986.63,990.6506279299697,806.8883259336928,1216.2115084561985
126,1038.4899999999996,970.6908898254707,790.8507503407103,1191.3751855555613
127,1108.8099999999997,1072.889638975663,877.0136749587075,1312.4635479948718
128,1130.2199999999998,1114.6841232151467,914.0451703518304,1359.3165211131052
129,1189.6900000000005,1122.3779771535392,920.8339937486118,1367.9862687985499
130,1228.8600000000004,1217.2916368174506,1002.7177589540029,1477.7369248961954
131,1257.03,1210.34863315248,997.118901934426,1469.130971567137
132,1347.58,1258.3510782440821,1042.5321569277041,1518.8047590060112
133,1379.6500000000003,1376.7760170355632,1144.4979916218567,1656.1541521698468
134,1626.4499999999998,1348.4736232264747,1128.2712561539759,1611.6143739690524
135,1829.5300000000007,1791.7492637896478,1507.5287926040946,2129.5194429005555
136,1959.3800000000008,1788.1199465117425,1511.076860455377,2115.9229334295756
137,2026.039999999999,2013.1606281759023,1707.3510473480926,2373.7127631592252
138,2048.6299999999997,1965.4559461318413,1668.419275938366,2315.3437991954997
139,2040.0499999999995,2070.0468199049706,1759.2849003176295,2435.670864735892
140,2025.7700000000004,1990.8318034239285,1694.2459353131671,2339.3058225873947
141,1886.9599999999994,2022.371693653449,1723.0423550921917,2373.670783803976
142,1756.1999999999998,1774.929437927851,1515.8215348752276,2078.2989128798013
143,1664.5,1719.27783048904,1471.1053698508997,2009.288036903101
144,1584.8300000000004,1611.5691643305686,1380.915362300861,1880.7211101989699
145,1549.2199999999998,1550.4098720427776,1331.6553086730705,1805.072864759244
146,1467.0499999999995,1535.803754750192,1322.0887099275958,1784.039629537412
147,1455.7499999999998,1420.7907796743368,1226.3724266346949,1646.005405449456
148,1365.61,1473.4572015506615,1274.9951049896383,1702.7871310817156
149,1356.9599999999998,1313.1810575084044,1140.6367060901111,1511.80336616786
150,1451.77,1383.4433886089591,1205.3490835008595,1587.8299021215214
151,1458.2300000000005,1487.5588426253107,1301.1410922682276,1700.6646207656668
152,1444.0999999999997,1439.0585166581632,1264.6032756385848,1637.5612863978633
153,1461.2900000000002,1444.217356992624,1274.31968507361,1636.7487412751657
154,1469.7,1465.4355518230864,1296.6384506546838,1656.1898178308024
155,1401.1200000000003,1465.0212711891647,1301.6805057155434,1648.843041443658
156,1335.0800000000004,1364.7334780723768,1216.9297467791987,1530.474157733847
157,1278.1200000000003,1317.585093364926,1178.826206943091,1472.6633566981407
158,1280.4500000000005,1258.4929612817,1130.9458161029938,1400.4120613824584
159,1258.3600000000001,1294.1363136755313,1166.319370343522,1435.9487165345508
160,1237.3899999999996,1245.9107175179604,1127.252257134979,1377.048506110941
161,1135.2100000000003,1239.9578669898735,1125.2132107206537,1366.3933256906475
162,1025.1900000000003,1098.3786414794229,999.5667301690592,1206.9488163042627
163,1009.4099999999999,1003.338195787592,915.8032644469357,1099.230824468512
164,974.4799999999999,1027.795894097382,941.2654093285025,1122.272680110274
165,997.93,952.8034970899172,874.2145813851748,1038.4492166951065
166,1021.6500000000003,1039.8104097072508,956.5769236605732,1130.2786285762263
167,1147.1500000000005,1025.6049291007403,944.9172091350308,1113.1753953474038
168,1227.3000000000002,1217.5413819230005,1122.7339099569388,1320.3475951043556
169,1207.0000000000002,1240.3282894271888,1144.5749294751931,1344.0852340476238
170,1177.42,1199.7356331833328,1107.9220960881369,1299.1508995827492
171,1128.16,1175.0423939051987,1086.417928679895,1270.889745225461
172,1048.4000000000003,1113.6737766473914,1030.6167754073167,1203.4178206144225
173,959.2899999999997,1026.1414096165647,952.2972990583503,1105.7056168010051
174,930.0000000000001,935.8294474805895,870.123238066828,1006.4916789207015
175,938.0499999999996,936.8155845320139,872.4737282332263,1005.8969931930087
176,909.91,950.1169172834709,886.3824844863924,1018.4289454185016
177,817.7399999999997,899.5940816765392,840.4435309803016,962.9027101508448
178,763.1700000000001,783.38535156663,732.7184992714027,837.5509979144206
179,761.7799999999997,761.0219845067802,712.6559143626715,812.6659322584385
180,767.53,771.6174531098483,723.6164418853865,822.7982115017576
181,693.8799999999998,774.6527403216163,726.5399460252102,825.9472719063391
182,674.4100000000002,656.8959994880432,616.3668466838252,700.0858267937361
183,735.1699999999997,690.0437677357813,647.70580874448,735.1449250018421
184,820.4199999999996,770.9525704933533,724.4472424546349,820.439156726218
185,801.0700000000002,863.6137486546999,812.0725831899393,918.4221399396248
186,789.3300000000004,776.4117014877319,731.0788239315012,824.551749146892
187,735.06,807.1537831017558,760.7438028433544,856.3913364359674
188,663.3800000000001,710.6247801044462,670.2008206508186,753.4833261194013
189,700.8399999999999,649.8774954703077,613.8068287796228,688.0644252449488
190,586.1299999999998,745.8773073054585,704.8162554720147,789.3270969507586
191,531.9999999999999,547.6958971425157,517.8514632145266,579.2569885334402
192,556.4300000000002,538.7547412619086,510.11206264120256,569.0025532741641
193,583.6199999999998,576.4321997256636,546.4326343359655,608.075755383977
194,575.7499999999998,600.4805211614726,569.150401651199,633.5322502429842
195,627.6300000000002,577.5587761808841,547.5789145944132,609.1770385094042
196,648.5099999999998,664.3017868258955,629.6519499303492,700.8553856887529
197,519.6100000000002,653.6200187000043,619.6794962911771,689.4165055289026
198,402.0099999999999,473.98202323720284,448.8862018397473,500.47775476534815
199,440.0299999999999,377.5692712367901,357.25792936893015,399.0321594478106
200,468.7899999999999,497.56485179341536,470.24427828471664,526.4693463622511
201,433.41999999999996,470.5122410744478,444.351906268402,498.20925531878027
202,445.9899999999999,428.4286368664267,404.2959458129026,453.9982699458987
203,405.2499999999999,473.24357560553864,445.9903039278822,502.15849589304054
204,367.85000000000014,386.4323566648782,364.050500787086,410.186481506702
205,366.56000000000006,373.6472099644873,351.7520280495233,396.90141735051697
206,427.4399999999998,378.1271310804445,355.7884835347916,401.8644088992078
207,350.73999999999984,476.45695015355534,446.91879852098725,507.9430048541562
208,314.31999999999994,333.090689506111,312.59303249128226,354.92815289278326
209,317.44000000000005,323.17508915179906,303.0468796781647,344.63580635267385
210,333.6400000000001,329.0215455986321,308.08593030757294,351.37521310312934
211,293.04,349.2982071041166,326.4328302842178,373.7603250225245
212,305.10999999999996,286.91014841297385,268.25870053163055,306.8535750024651
213,234.50999999999993,320.2658149167266,299.4976727770499,342.46929505402505
214,217.25999999999996,233.2537367262178,218.41065182270836,249.10095323237528
215,217.48000000000002,220.55906985289025,206.87345860694785,235.14569057079802
216,236.25000000000003,221.34449811704377,207.22794409033102,236.41806633538994
217,247.44999999999996,243.62167240389078,227.57880030119145,260.7905183281538
218,311.1799999999999,253.40884802561592,236.19593249964475,271.87087629050245
219,362.2500000000001,328.56461246847454,306.19380986532946,352.5645260531471
220,311.57000000000005,375.6300964027873,348.6990715153396,404.63513337824395
221,271.49999999999994,304.2551243498815,281.8742524447891,328.4067598465804
222,276.35999999999996,272.8429067108499,251.19488366110392,296.3491629458182
223,252.95000000000005,287.34433251287345,262.40582120200656,314.6439508925369
224,313.6199999999999,254.21291476092432,230.92621049471205,279.8377359412418
225,289.1700000000001,335.56875011411785,303.3102433685112,371.2468304039387
226,351.22000000000014,291.1079972932863,262.0933585185614,323.3224479825654
227,388.77000000000004,360.2757180248868,323.57954011360493,401.1206770726049
228,338.2599999999999,391.63819310198585,350.90818660612996,437.0823082554195
229,248.54,340.86646640573287,303.2345548542724,383.15321004125843
230,205.82000000000005,251.3903208963513,219.51039404858457,287.8792356342537
231,244.62000000000003,216.71467151372224,187.05735144993426,251.0490575182167
232,252.16999999999996,268.49282101249224,228.51411219439842,315.43535938982546
233,268.3799999999999,263.2391146842229,220.8292853628589,313.7569520178075
234,279.46,281.004279498751,232.39785687806886,339.73326430394627
235,253.01000000000008,286.37109378842973,232.10990311382116,353.2627080276202
236,268.66999999999996,260.0117867885607,206.59514047160576,327.1731580411213
237,261.72000000000014,280.76036590545783,218.22883455043024,361.12802005712103
238,267.8100000000001,267.59566874817745,205.21172036533636,348.8522447825319
239,260.4900000000001,275.29701096299493,206.9875900011377,366.04131369889797
240,232.71999999999997,265.8211238855628,195.87510194112818,360.6176522557126
241,229.12000000000003,244.31904600235342,176.9026464988363,337.2829627095989
242,221.77999999999997,246.26374886775724,176.41842697705152,343.6054761383128
243,246.43000000000012,236.66854210803834,168.00381978276485,333.2311196301193
244,256.55000000000007,262.23181682211276,184.7883046126014,371.95668062612026
245,280.88,259.46154901644826,182.4816544549361,368.7384281691745
246,316.47,280.8265667833678,197.71151024884028,398.7061551464084
247,279.23000000000013,303.81950118954313,214.44502097849752,430.26978698994975
248,258.42999999999995,266.3831264668609,187.45035552552707,378.37703072950137
249,232.39000000000004,263.3071900178079,185.3450477232596,373.88675738169303
250,208.45999999999992,242.9096476439946,171.81886850148376,343.24433355960105
251,283.12999999999994,223.84311970323773,160.29207167088146,312.434057571295
252,272.2,291.46432364624496,207.95722095309128,408.3439806277732
253,399.7099999999999,264.01230952096915,187.98216997080274,370.630425285563
254,389.77,348.8789710554541,250.6149947612196,485.5182796557666
255,362.95999999999987,334.17855035365653,242.32465830409444,460.7068463187819
256,349.50999999999993,330.22390897491005,242.3659151275249,449.7996849892942
257,320.54000000000013,323.09362992366624,239.91146885949587,434.9970135683233
258,336.2,305.11613195710095,229.9932340686218,404.6702639893747
259,354.3100000000001,323.21755798326325,246.29246285174918,424.0716891749664
260,387.99999999999983,333.06731957475444,256.2470126574659,432.828066087057
261,377.61999999999995,363.05379620852085,282.3701485128716,466.7104036165441
262,463.84000000000003,359.22435771431236,281.6134551892367,458.14865519690534
263,549.0799999999998,436.2628438333715,344.8266701209577,551.8746366796204
264,555.3900000000002,524.7064982614493,417.336704358597,659.6336939476722
265,571.9699999999999,532.4674661108473,426.380783737369,664.8875368940564
266,575.1599999999997,551.578854791522,444.3060113934084,684.6933949920392
267,564.71,557.2445950544143,450.97045180184347,688.5075256912976
268,552.2700000000001,547.529908492763,444.962349784807,673.6871359348314
269,455.30999999999995,536.5796280282458,437.6026425958648,657.8921917127358
270,437.2300000000001,440.37773054793354,361.06501700760225,537.0644134960813
271,530.3199999999999,427.3434817781177,352.42458723840156,518.143673097186
272,558.2500000000001,518.7866481226295,430.4176353494487,625.256641891131
273,540.6099999999998,543.522587914051,453.83134104646956,650.9006541335107
274,454.71999999999997,525.373591389382,441.0322933501069,625.8075022580001
275,533.92,440.2304921774076,371.4161578394474,521.7602055629602
276,651.85,519.1341448647829,439.5989904447906,613.0266648843332
277,721.31,631.8980839947077,536.411473221096,744.3506385401972
278,814.6099999999999,696.8386015821048,592.4547501933724,819.5827212595224
279,790.3,794.0886287517939,677.1308824736172,931.2181660042631
280,839.3899999999999,762.3360896251527,650.5882857230284,893.2487127092102
281,826.7599999999998,821.0693705516784,702.1278882417869,960.131056384502
282,796.7599999999998,807.3404486232272,691.4890290054589,942.5734769961955
283,841.5699999999997,766.6600615829402,657.6465731880304,893.7165204202613
284,854.4900000000001,838.8629098807766,717.1586205602058,981.192077348004
285,866.4900000000004,831.7212052624209,707.97072990628,977.0722622855866
286,880.0300000000001,851.773595542294,721.7946369101461,1005.1264543452005
287,868.1200000000002,864.8334028525256,729.2931744333608,1025.5294921821717
288,869.1799999999996,845.1601717674275,709.2664548429065,1007.0541343372906
289,885.0799999999999,857.2558147886982,716.8627789081631,1025.1056364267167
290,912.9799999999998,874.1719103811787,728.1931667739711,1049.3744516816857
291,898.3800000000002,905.3957289269026,752.483362840482,1089.3402224036365
292,890.6199999999999,865.519329094731,715.4375491477413,1047.0407518952416
293,904.5199999999999,876.9921482086969,721.1535357515019,1066.4602756239697
294,914.6899999999999,892.5329145063408,733.6215502539029,1085.8195590372336
295,911.8000000000002,899.6674316069098,738.3931623006004,1096.1183718190691
296,888.2599999999998,893.974982613157,735.2427576242702,1086.9295058711982
297,815.3199999999997,866.4258587752987,714.2224536331206,1051.0190140143848
298,738.9499999999998,782.8343643716162,646.0373376948966,948.5531014619243
299,781.3699999999998,716.0510391456592,592.012999585624,866.033594708965
300,770.6900000000002,803.3322592843341,664.7973971260349,970.6925691179505
301,656.0100000000001,757.4045142394633,628.5716777336619,912.6011475124254
302,605.6000000000003,618.4145191356195,512.6562645860774,745.9476631910433
303,644.8599999999998,613.9090019526192,498.77856266227786,755.5612231708981
304,652.9400000000002,688.8417495223823,552.4249400571604,858.8847015007127
305,579.58,644.565843057751,516.8307699651846,803.8097600513089
306,602.8399999999999,548.6936704863649,444.1009103839871,677.8643301405452
307,581.6400000000001,628.9385699199571,511.40589951261893,773.4301973303652
308,576.48,578.2379612040955,472.03599817575656,708.2834731263223
309,605.2400000000001,583.7601473926504,479.2108435094545,711.0714465331351
310,565.89,625.1157916770125,513.7488776936448,760.5771526181844
311,525.9300000000001,551.5002560953745,454.0352606748514,669.8414915642717
312,478.7900000000001,525.9546476269902,433.9806893288345,637.3759267201984
313,429.6499999999998,467.3727816723783,386.7664243751197,564.7350632279164
314,452.3000000000001,419.21239841624606,347.926879871352,505.0614987525114
315,466.22000000000014,475.74005285481354,396.6255118459434,570.5958137114415
316,441.91999999999996,466.9652564971962,391.4976449517039,556.9434274451078
317,425.28000000000014,437.0286896715412,367.9408725432442,519.0538819479211
318,394.60999999999984,426.07446702702174,360.5082471909849,503.5323358558308
319,354.84,383.8785637802757,327.453805158678,449.9964766156524
320,403.6000000000001,343.4064674794743,294.133601391877,400.90549053814004
321,406.38,456.4338220134365,392.4280783817478,530.8524859295547
322,384.66999999999985,404.9243560311542,350.4100298487311,467.8955033248099
323,360.2400000000001,383.9751826866722,334.3202472332477,440.9831266005989
324,315.11000000000007,356.6244162604981,312.04444295703297,407.55292589626424
325,292.01999999999987,302.47793016761625,266.5493393569857,343.2312895265083
326,252.7800000000001,291.59338107650393,258.7715468679353,328.5622160394025
327,281.85999999999996,239.5477748946874,213.85548594219443,268.3123322080449
328,358.96999999999997,297.6883465305195,266.91119712395255,332.00111869478656
329,365.60999999999984,393.4260076780044,353.9878144664717,437.24567828229715
330,362.8400000000001,359.38327998723025,324.70062980454236,397.7591567516923
331,319.31999999999994,374.10563145256305,339.67928771691595,412.0108281321254
332,279.6299999999999,304.4477404931056,277.11064836599917,334.4719523344576
333,259.4799999999999,278.7771418049902,254.27686135374861,305.6288447040253
334,310.59999999999997,259.9280536040079,236.59050762748342,285.5579514831612
335,432.3600000000001,345.99623179231554,314.83937365231236,380.2266453219799
336,545.39,484.3535022267288,441.2270245429911,531.6857226041157
337,511.31999999999994,575.620116912826,524.0314223020831,632.2778289167968
338,437.1400000000001,457.419807772166,415.6657394105719,503.3580507846707
339,417.5,421.43774141994186,381.60479235383315,465.41769507933304
340,393.28,413.84893728049616,373.16627619258566,458.95497647194776
341,363.71999999999986,382.2003534043987,343.4823043824816,425.2701130976399
342,384.73,359.8535654802075,321.8394016001036,402.34387647352344
343,463.6,407.1525161309905,361.22100727725365,458.9083793518005
344,507.8999999999999,484.13115179082354,426.752369763427,549.2067342562126
345,421.9200000000002,482.71959620239613,423.029322855317,550.8124222509184
346,350.7999999999999,367.62684190477285,319.49548152895267,422.9864722099392
347,390.42000000000013,349.4175262893232,301.48452699384364,404.94619483867893
348,410.5899999999998,422.08067420983787,361.42191905658575,492.89191844631165
349,339.38999999999993,387.3034848342145,329.3291273692744,455.4526220718005
350,380.09,316.60690820666275,267.3136019269074,374.9561476427689
351,505.65999999999997,436.9787998425321,366.53942310682976,520.9179686630472
352,660.0199999999998,496.5579426515873,415.43010756282393,593.4908924682686
353,689.1899999999999,685.4874096504791,576.065133433962,815.6581834605938
354,430.9500000000001,581.0832946565403,490.6815102142044,688.1065758616853
355,370.41999999999996,331.3707001724951,279.3107892493835,393.0992875407046
356,399.1800000000001,416.15168397152553,351.3263067733783,492.9044405566031
357,469.5299999999999,379.0972821393906,320.46096055642084,448.42920483930527
358,519.7300000000002,522.7097479327668,432.96882899277443,631.0082958870044
359,565.2999999999997,449.03272673293486,368.71697346088837,546.7959349142666
360,491.65000000000015,573.9190647777997,474.31125997009383,694.401011677646
361,390.1499999999999,412.4893380824648,342.8659690942812,496.20951787758156
362,415.9299999999999,390.61742570106423,326.2484120333941,467.6476770346513
363,473.95000000000005,436.2191723445494,366.65134174908326,518.9507874939762
364,514.8900000000001,474.8960357722885,399.73696135911956,564.1513553820218
365,543.6500000000002,494.01612589918545,417.020629141801,585.1934742390797
366,533.8600000000001,512.481396439317,431.4717423979845,608.6656004096416
367,492.89000000000004,489.9700717217379,411.018586654956,584.0503330043131
368,470.90999999999997,467.9202333554294,391.661827618889,558.9886971023019
369,414.58000000000015,463.77983798593954,387.48979155288316,555.0514136928884
370,352.77999999999986,401.380064397316,334.9115239377933,481.0010767310617
371,403.40000000000003,370.53663776218656,309.61988764279,443.39998432545417
372,576.7199999999998,460.10137991902224,384.3672733892011,550.7190930442524
373,701.4599999999999,584.9615043422186,489.86035402130443,698.487912922977
374,590.11,617.6767956526278,518.2859844562748,736.090907392346
375,444.4599999999999,488.3043569493493,410.35499807010024,581.0246620385445
376,391.12999999999994,424.23744676856006,356.4303249779667,504.9080707418735
377,370.4499999999998,408.92230464086884,344.3052699690024,485.6311361456073
378,565.63,389.1710528507637,328.73478908589186,460.68452805572326
379,654.8299999999999,664.3369037568607,553.8391120175337,796.8406458966017
380,681.5499999999998,516.0930179417987,431.6086244878307,617.0764184272035
381,670.1900000000002,643.5914846961126,540.3197134336053,766.5652148472899
382,645.4799999999999,568.1593709616856,477.0493189814443,676.6338270781545
383,659.6,602.1081706074079,504.80009269262996,718.1368105866588
384,497.76,600.9065697767725,503.91476365119047,716.5300562031537
385,444.3700000000001,443.6826664574217,370.2292072839295,531.6700323351492
386,537.2199999999999,478.14359245167503,399.3108577224092,572.5007626165749
387,648.37,558.1651403443861,464.2528344250285,671.033851363329
388,748.1199999999997,622.8053194476518,516.1991068025649,751.3854381282491
389,736.1799999999996,692.9505445225815,573.7208771686164,836.9151991409233
390,637.1900000000002,641.0505454487005,530.5794938891262,774.4793171102914
391,581.38,575.2606330685107,476.11114172668687,695.014593209292
392,600.4,558.71936326522,462.4418455126069,674.9980106403685
393,623.0000000000001,594.3196043780124,492.1131423790723,717.7101719636386
394,704.4100000000001,596.4600909927611,494.09675071886693,719.9874833773082
395,695.1500000000001,696.8069518324111,577.7939201551152,840.2917362627854
396,617.75,619.7136150560212,514.8663225894754,745.870603961723
397,658.6,585.1845723612248,486.1740200408566,704.3174815140904
398,639.6099999999999,661.595700317993,550.299085675291,795.3609472381332
399,738.7100000000002,586.0986266768411,488.06454769511805,703.7838553628073
400,784.6100000000004,760.2189479518671,633.3299978798125,912.4902789679159
401,752.9299999999997,690.4451422005428,575.4360902397957,828.4005055683488
402,648.5099999999998,704.7573871464339,587.305103789086,845.6584537575819
403,620.0200000000002,591.637328725784,490.88095481163407,713.0325315781587
404,542.9500000000002,628.2258521036805,518.981927616782,760.4210262464987
405,509.97000000000014,535.7347368123204,441.47424966031195,650.0755776684257
406,524.5699999999999,539.8249192228811,444.2527626324823,655.9113496862509
407,545.4199999999998,546.2668194142828,450.16666454379333,662.836659861987
408,545.9799999999999,570.3101468635228,469.4066276151976,692.8577493347271
409,533.1800000000001,552.1427273001062,454.985387338043,670.0014953575087
410,425.08000000000015,553.6732581538203,455.39079303414417,673.1205738739723
411,415.3100000000001,428.7965513024868,351.787127522118,522.6162577953751
412,435.19000000000005,470.34134462963385,385.98839880267354,573.0809384587072
413,445.08000000000015,467.360541578887,383.635845666592,569.3098122014718
414,542.9500000000002,475.42360255855607,390.91944304557654,578.1482231936051
415,628.5400000000002,598.8644305629475,492.97179652849127,727.4572471211006
416,518.2599999999999,632.0758371774787,522.039239424471,765.2618507532462
417,417.2300000000002,483.0970113228944,399.0592770298217,584.7879815002749
418,378.7400000000002,424.381859013448,351.60982394816654,512.172673272814
419,385.54999999999995,395.86363403522074,329.0247545918262,476.2391822984253
420,378.52999999999986,412.70108951863165,343.7802580341914,495.3990468732996
421,384.15999999999997,390.1901609166707,325.51877241840606,467.6705786150516
422,503.95000000000005,405.3864765512699,339.280091749739,484.3353820217503
423,526.3099999999997,567.2463120573418,476.42571823587554,675.3436883122348
424,445.68999999999994,514.2320871151354,433.1624808739549,610.4395307919007
425,377.2899999999999,436.34848088159356,369.04566243288355,515.892138315848
426,359.05999999999995,379.049317227834,321.27181439512225,447.1852804795856
427,351.8100000000001,378.08417360298347,321.5063141002295,444.58758819089627
428,333.66999999999996,364.5184549029034,310.5634125893834,427.81717004006913
429,366.33000000000004,342.50200881725357,292.38030244878973,401.1866126546946
430,356.31999999999994,406.21828017485103,347.81748343373647,474.39683526231556
431,381.41999999999996,349.01157889377714,299.34600265745144,406.88991455110823
432,368.2699999999999,422.7877070710493,362.96038770182605,492.4493607905243
433,371.22,363.10856441095683,311.65337103637216,423.03203982081783
434,418.96999999999986,399.16663375523956,342.3902463869219,465.3304693592449
435,416.8799999999998,441.0451391620727,377.89708113604905,514.717630948583
436,446.46000000000004,412.9714659506526,352.70008545730866,483.51324064499516
437,499.9999999999999,465.662284275068,396.84662356685755,546.3810123418775
438,444.48999999999995,493.947328196051,420.61073195438615,580.0403747381671
439,467.73000000000013,408.55890354739273,346.9976454750975,481.0104321278973
440,464.75000000000006,495.18526204986836,418.97079375845,585.230799699611
441,457.46000000000004,429.876783930444,362.21481201594946,510.1432595488151
442,425.04999999999995,454.47493098384064,382.64776877807924,539.7496918735842
443,402.66,409.01200198696966,344.13395838466965,486.08577550632003
444,388.56,409.1500527076516,344.1168114798408,486.438050365494
445,306.23,392.95273116767726,331.12641790453966,466.28819518078706
446,296.3199999999999,304.28501934385895,256.544619509147,360.874937295944
447,301.39000000000004,331.96377031662695,279.59704825827106,394.1034874800953
448,427.8799999999999,322.22032083519855,271.4723073687195,382.4201604181162
449,542.1800000000001,454.8357377564008,380.6325089221642,543.4667709330319
450,551.2600000000001,500.6279935910685,417.6419196345176,600.064136563007
451,436.10999999999996,502.0730717977938,419.62803241285116,600.6777201374558
452,412.98,396.4092952187556,330.96766857915594,474.75159533528324
453,332.5300000000001,417.31204042095186,348.21643833680065,500.0788266283627
454,302.4900000000001,331.88044750247985,277.4596943910777,396.93691712462703
455,305.41000000000014,327.20739784748304,273.43113737306766,391.5214064006847
456,317.03,328.86847819683305,274.49765648184956,393.9696498237305
457,296.3199999999999,336.61422427712324,280.59332119548344,403.7800706008785
458,296.77000000000004,308.05059110102803,257.67986286822645,368.229621513096
459,300.16,316.1987189894768,265.2297719410249,376.92552874534726
460,307.5300000000001,314.5001066186129,265.1484794999949,373.0029530259181
461,308.9500000000001,323.24465327596545,273.6013623200925,381.862613243337
462,318.23999999999995,320.55982064742443,273.4496117421611,375.7566570724329
463,309.15000000000003,331.8266472016305,285.0867774521983,386.20271546275
464,297.41,316.6303549095501,273.74397389316897,366.21111997599724
465,302.28,306.84528317712955,266.95105497829167,352.67921347458355
466,316.37999999999994,315.30669749844213,276.22351617607274,359.8998553312713
467,332.33999999999986,328.33841945596845,288.4125118234595,373.7723063055335
468,320.25000000000006,341.9037717563672,301.02375422012864,388.31704888034375
469,317.1499999999999,322.47794842486746,284.58280221131344,365.4015560703674
470,319.62999999999994,325.17656204096744,287.3564422588348,367.9570754565148
471,393.86999999999983,326.4678156919205,288.8226637608174,369.00270759548266
472,445.96000000000004,413.1360540737115,365.2032624321287,467.34282727213844
473,440.29999999999984,433.2342576416575,383.161593416768,489.83352875683664
474,460.9700000000002,417.9624937775445,370.04712524800544,472.065438992355
475,462.57000000000005,446.364398038107,395.6111550838278,503.61239444890884
476,428.97,438.0226134746025,388.7160056145203,493.5674603180551
477,426.58000000000004,404.2410336544693,359.10384185971833,455.0359437134697
478,436.40000000000015,417.41226986131466,370.9649651177019,469.6594544867957
479,538.76,424.19505260935404,377.4217525901183,476.7495784162602
480,743.6100000000001,563.6321300679634,502.86835424623746,631.7236858961086
481,900.2399999999999,800.8223367461634,713.8580977312523,898.3659885024908
482,939.35,921.9967060816928,820.757318365112,1035.7086491332468
483,970.7400000000004,921.3042043656098,817.0621581308772,1038.8293539626004
484,1061.05,979.555040176226,864.7424825765482,1109.5937460219138
485,1122.4099999999999,1096.7998841627088,964.4695239078451,1247.267869491747
486,1276.0599999999997,1121.20507291005,974.2733088455675,1290.2731377379107
487,1351.5399999999997,1375.2801128946076,1183.71379577527,1597.822395673779
488,1381.8000000000002,1313.313487355037,1121.8218149885101,1537.4631114074282
489,1380.1499999999996,1411.4195849385133,1206.6407879389465,1650.9225781720927
490,1398.2300000000005,1342.3708364569814,1148.5831825651676,1568.8256825715418
491,1413.9500000000003,1419.0836360033745,1215.1316813385577,1657.2394523469
492,1433.6300000000008,1393.8399720696693,1194.7243891705712,1626.1128742576625
493,1499.5799999999997,1443.5840192914436,1239.7037834989642,1680.9671355455039
494,1551.2599999999995,1521.0031428081197,1307.1945995415215,1769.7560996885688
495,1561.1099999999997,1554.390272113026,1339.8103096267278,1803.3110805564527
496,1565.2400000000005,1548.2517640531232,1337.5308920084105,1792.1457859895497
497,1487.4600000000005,1560.989325456568,1349.6571272044491,1805.387871280192
498,1469.91,1420.953362362612,1228.925324578672,1642.9627059691493
499,1497.6299999999999,1494.7947188993285,1291.0641415981868,1730.6492030493334
500,1696.85,1480.2535492847546,1272.53144366193,1721.8566190401257
501,1751.22,1858.7781190882897,1597.3015789526712,2163.0313053472855
502,1751.87,1662.2880725029502,1427.7470167501244,1935.3310507016238
503,1772.4300000000005,1786.4944386114817,1543.3362177699366,2067.9383123325565
504,1888.79,1747.006625770253,1508.866496353506,2022.7068450198349
505,1962.7399999999996,1965.186327149743,1706.2657190799514,2263.3743325168684
506,2093.639999999999,1943.2345833568093,1692.3505317710203,2231.2892066341374
507,2416.8999999999996,2174.7860247860804,1902.2529413666778,2486.344021785678
508,2440.9700000000003,2564.3245860952356,2246.4812936766766,2927.117911610712
509,2486.6600000000008,2340.395580551325,2058.493163706757,2660.8846623206637
510,2458.43,2564.0701263011865,2263.110596841387,2905.035050594183
511,2462.230000000001,2381.47160159665,2117.491739154439,2678.3453226681254
512,2459.5499999999993,2471.253392702261,2206.506120353684,2767.751932949829
513,2412.5299999999997,2445.1680357143623,2156.3110990611167,2772.70197629579
514,2370.9100000000008,2386.496953025781,2083.1605634905363,2733.9820357222547
515,2383.24,2351.4728558603947,2067.783956925023,2674.0635410889986
516,2459.61,2383.8589624196625,2105.349725699322,2699.1937053663223
517,2680.9500000000003,2479.0897951605402,2203.16959572895,2789.549966743952
518,2740.9499999999985,2754.1655801196284,2459.839402677587,3083.6943386945063
519,2635.9100000000008,2721.360514973475,2430.8792282386967,3046.538992655601
520,2593.140000000001,2585.5823584288314,2311.4747240361507,2892.181156703819
521,2576.860000000001,2579.6858148030024,2307.9130183311136,2883.447886018354
522,2611.429999999999,2559.3338772591164,2297.415074539493,2851.099969085919
523,2539.4900000000002,2616.3021621944313,2355.2007221890585,2906.3374537731715
524,2573.3800000000006,2493.0909766890413,2249.666509082314,2762.8434103407153
525,2508.81,2586.059667227551,2340.4508054674375,2857.4319201442236
526,2473.9699999999993,2464.814572908756,2236.356946478579,2716.600120775992
527,2303.1599999999994,2461.4217229517135,2239.334967323177,2705.5241716551745
528,1968.9900000000007,2234.7038570492373,2038.2912955438287,2450.03372301302
529,1887.6399999999999,1856.6168445988237,1697.3781880896706,2030.7855973048445
530,1667.1500000000005,1905.5823946780772,1744.9547788691088,2080.9877305475766
531,1590.52,1581.862573076282,1453.53228957697,1721.515163946167
532,1568.7499999999998,1605.4107752743307,1477.8351173119884,1743.9920878319658
533,1572.8799999999999,1571.4471088685514,1446.1787071236681,1707.5587965175691
534,1529.3399999999995,1590.2133513542406,1464.1456291899501,1727.1285075585722
535,1597.57,1521.8707585452303,1403.445963068654,1650.2812939879252
536,1634.3800000000006,1641.8973383039645,1516.0481822661395,1778.186512174166
537,1639.2499999999995,1649.4765623989342,1525.2078282280434,1783.8636552932012
538,1631.1399999999994,1653.3953551393483,1530.8300488376208,1785.7673983700424
539,1596.9499999999994,1638.4595499850702,1520.9826973228046,1765.004055607982
540,1591.35,1596.0187093476359,1480.7647013643846,1720.2373568205255
541,1610.13,1602.856787236324,1490.4384141524251,1723.74878583966
542,1735.4700000000005,1625.7143669537816,1514.7822848113015,1744.764981006666
543,1846.5800000000002,1791.0672320201786,1671.1573111559744,1919.575858894716
544,1878.1700000000003,1879.3864344944473,1755.298576246596,2012.2414788989063
545,1909.6999999999994,1888.0645928310057,1766.4958596204406,2017.9948488219384
546,1874.4800000000002,1926.9618915931474,1805.541227069719,2056.5434425399785
547,1821.7099999999996,1864.0354294814492,1748.6530392581737,1987.0268117019498
548,1889.6400000000008,1816.3585374329039,1705.5302569180005,1934.3844095006655
549,1763.2800000000007,1925.5798242915416,1810.427148076289,2048.0527721796666
550,1636.7099999999998,1725.9418530289743,1623.8757011755479,1834.4192641231102
551,1555.92,1621.2419715718097,1525.9968167747793,1722.427963581239
552,1493.6499999999999,1546.6934386541388,1456.3078019266206,1642.685003872425
553,1380.8600000000001,1488.8534448139144,1402.3497641236138,1580.6892864267936
554,1370.2400000000005,1353.4515227768406,1275.5687182726115,1436.0859173448243
555,1268.6200000000003,1392.4042747097717,1315.3535083820982,1473.965091380213
556,1153.41,1238.5481657025489,1173.40532273213,1307.304403391238
557,1052.7700000000004,1133.423697730127,1076.5220152726165,1193.330238947462
558,1075.4200000000003,1030.585314296994,981.2903360773017,1082.3540976519214
559,1064.65,1104.4389873064342,1053.763165032967,1157.5495162972259
560,1017.0200000000003,1057.9535422663882,1009.3755786528473,1108.8670913777346
561,927.3800000000003,1009.8831558948528,961.1802385493646,1061.0512809664294
562,824.7299999999997,901.3168030478369,856.1384479211712,948.8764348246182
563,774.2000000000002,798.2846145956494,756.6127669570195,842.2485868675429
564,815.41,768.8976912286107,727.4976169878265,812.6505063805174
565,867.1399999999998,847.0262911857815,800.4277141759901,896.3343170216222
566,893.4000000000001,885.3533375699851,835.9411049981692,937.68282287697
567,853.7800000000001,905.6062494230606,854.3805126785979,959.8997157523321
568,733.2600000000001,835.8735713548159,787.8063025446261,886.8699018667412
569,668.42,689.8336192221144,649.2886709126291,732.9065107465904
570,565.8099999999997,663.0762955841468,623.3213801809152,705.3626849187376
571,537.9300000000001,524.1578480368678,492.250649497261,558.1290465320419
572,507.61000000000024,549.4451395376125,515.727904335502,585.3624725864541
573,552.1799999999998,493.4343682007692,463.03290626420454,525.8276045899719
574,535.3400000000001,583.2741016834862,548.5882641587765,620.1490458599401
575,524.9499999999999,523.5390860156779,492.56576104167704,556.4561172506649
576,487.0199999999999,529.2209847902362,498.06382720755187,562.3233213574686
577,480.2599999999999,475.84882029260405,448.00294138525226,505.42162100971206
578,479.52999999999986,484.9668129075487,456.7447103827962,514.9289400636105
579,471.3300000000001,480.6957796422569,454.0213254037336,508.93395511580536
580,466.25000000000006,470.8785511576376,445.91922817106064,497.23179001240777
581,462.04,467.4613585744106,443.0621464541187,493.20119735438226
582,444.9900000000002,463.02399072003146,438.50189489615127,488.9143017679613
583,369.7699999999999,441.4381754083856,418.33462252295243,465.8146357220642
584,390.71000000000004,348.397829482476,330.31301347619643,367.4698103651044
585,374.84,408.00594602436325,386.8276189137498,430.3407702933286
586,369.6800000000001,369.66433111039805,350.1672656176602,390.243888053925
587,363.6300000000001,372.54013859891506,352.7387915835741,393.4499118116393
588,394.64000000000004,364.4009123929723,344.65349075333216,385.2765178115867
589,427.1399999999999,406.24934794591275,383.73163352814703,430.0849874273137
590,408.6899999999999,436.7719799655749,412.26558773531843,462.73158600788435
591,325.97,405.5298761133591,382.5001349956515,429.9425866945706
592,330.01000000000005,309.26655915748296,291.65830529981685,327.9342417014404
593,392.3099999999999,338.83005062362383,319.53919612185916,359.28187723710107
594,437.5199999999999,414.8645202146488,390.8672358077049,440.3313575882263
595,445.9899999999999,450.60067743451043,423.6743986448079,479.2342041576283
596,454.09999999999985,450.18493513660206,422.96256270419957,479.1552391696668
597,455.7500000000001,460.55944925944215,432.0950645812776,490.89460380170084
598,365.39999999999986,459.3097525878971,430.47766711778155,490.06844797529743
599,300.09999999999997,348.1699286301977,326.12145230914064,371.70450531137675
600,289.44999999999993,296.78135110708763,276.4528409410517,318.5992975469386
601,290.77999999999986,300.2799187229735,278.0695549648436,324.25794308575297
602,297.0599999999999,302.8165588533311,277.347893366728,330.61559197384287
603,288.7099999999999,310.64910468823376,281.7632635617132,342.48579525352693
604,302.4900000000001,294.98822366577014,265.01567053167355,328.33784830689774
605,304.81999999999994,320.1301447094818,285.91860628785025,358.4209911143695
606,255.57,311.10295852095265,276.1039285519523,350.5224674964111
607,229.59999999999997,246.58429613448718,218.13712823312477,278.7243177669043
608,228.00000000000006,236.0156123014698,208.36029257530774,267.32404456271837
609,232.52,237.388327440862,209.38511071123594,269.11889989711426
610,238.00000000000009,242.37217589689425,213.64191383957578,274.9480426784565
611,237.2700000000001,247.4909498717991,217.8856074205795,281.10055880715475
612,219.23,243.27945510450806,214.2399565872653,276.236871500493
613,225.67999999999992,218.2558963619067,192.51504698706339,247.42072406223218
614,240.94000000000008,241.4007924500027,213.69439535058657,272.68271111334695
615,241.85999999999996,247.50597987310252,219.10976749020753,279.56556842911687
616,254.26000000000008,247.80164362198752,218.7705320132267,280.6676890297419
617,245.22999999999996,263.55407166161956,206.40337187603836,336.4528398437636
618,310.5099999999999,237.2579786717931,172.2202042319782,326.7150298515171
619,286.8800000000001,397.6647654337303,288.84041782563787,547.3486271191564
620,241.26000000000008,273.08101127732743,198.26454935205243,375.98828510676447
621,229.17999999999995,240.27115969427442,174.41087098325255,330.85954880628736
622,227.42999999999995,234.37891711389568,170.12704607695824,322.7549872554602
623,230.59000000000006,233.0077425099172,173.77218434348214,312.3200157696026
624,261.7399999999999,237.22075044716436,180.65674320821844,311.39757435573546
625,278.04,276.83315892715217,215.19359148183383,356.0469581006354
626,306.64999999999986,281.15299436974834,222.35903720013275,355.4230631979458
627,334.9900000000001,316.096341498765,253.79159578666878,393.6366028339871
628,323.4600000000001,336.7136738958111,273.43051197620963,414.5898143938648
629,316.59,313.33748356187,256.88098124673604,382.1537056137966
630,347.24000000000007,309.274230131608,255.25734980301326,374.6774116245467
631,360.1000000000001,341.0651077403054,283.04692324009267,410.93383332120953
632,382.2800000000001,344.75476027463463,288.0023420576234,412.6518527892554
633,593.2400000000002,372.63872314318854,313.3707284277715,443.08045281527404
634,616.3099999999997,663.6011389766313,563.1763211987228,781.9018293262527
635,632.5000000000002,572.5276114456465,488.6907157747906,670.7176995485976
636,608.6000000000003,618.2766780894581,531.1476315572586,719.671447701914
637,551.8699999999998,583.5827855439479,505.3883449559737,673.8516954592086
638,507.11000000000024,526.9419154347348,459.51047863862067,604.2471746069008
639,508.4900000000002,487.94235581176065,425.1021758515215,560.0500036264968
640,617.8699999999999,498.81945674178445,435.88310985776747,570.822264813543
641,635.2099999999998,628.8010278010341,551.5135530505545,716.8997373534942
642,613.27,618.0653555168087,544.2540907130385,701.8684808214468
643,639.2500000000001,594.6810800726566,526.1875531377785,672.0734575286751
644,633.7900000000001,632.8391048808221,563.1187293085022,711.1763380708705
645,645.21,618.4358322870479,552.1154363767171,692.7082660983916
646,640.6399999999998,635.140957519862,568.3949692494238,709.7110875386371
647,692.1999999999998,626.397223067909,561.6962744823286,698.5377317460545
648,744.8499999999999,691.6447921608531,622.51718604249,768.4363825841009
649,771.1300000000001,741.1171859899637,669.1897755272842,820.7641298815086
650,774.2000000000002,761.3300116432292,689.8391834636517,840.2189993889408
651,804.1400000000002,759.6739292082236,688.1396073837567,838.6336828959281
652,798.7099999999998,802.0590894136276,722.1621519732446,890.7832595775901
653,800.89,784.5629430309482,702.75474812117,875.8809576218918
654,806.8800000000002,792.7337852551133,706.9259490348612,888.9424052958198
655,801.5399999999996,798.3712259790781,709.339096496538,898.562420363566
656,800.19,789.2189718771392,698.6416951696586,891.522598103789
657,847.0299999999999,789.4947067941458,696.859524456288,894.4264570028141
658,874.8099999999998,846.7353026717564,745.5082100753361,961.6888675791644
659,883.43,864.4599154272034,763.1253728786195,979.2329457920557
660,885.9600000000002,870.8867650247406,770.692119288467,984.0904421911574
661,879.9200000000001,873.582618358814,775.0730098789134,984.5963892555695
662,876.94,864.489746661632,769.2243680003121,971.538045662186
663,874.6099999999998,859.9046324962782,766.1642433078202,965.0992319687232
664,880.5600000000001,858.2623616026178,767.7873112525641,959.3850053976101
665,907.6400000000001,874.9949184304959,785.1183233998847,975.1470687990883
666,933.7199999999999,909.468441842711,814.1831766948369,1015.8914267250778
667,941.7699999999996,930.8293386674852,830.51314449667,1043.2479738875136
668,966.0500000000002,932.7836517383739,830.5747502514365,1047.5550553214944
669,970.2000000000003,969.7540600943724,864.4666909132022,1087.8500448184413
670,949.2900000000003,964.356890379114,862.8243133090032,1077.823449912636
671,799.2099999999998,936.488830141473,837.9063883185557,1046.6559946117504
672,700.5499999999996,759.2139378971268,681.1784427573658,846.1760395082001
673,740.4799999999999,686.6822628875448,611.621229016022,770.9401031036851
674,830.12,772.7168322282182,685.6881633767979,870.7752371461595
675,942.1500000000001,860.835874183871,759.4226047163905,975.7740588239084
676,916.6700000000002,981.2920803170709,861.6491453145793,1117.5285887019259
677,795.9699999999998,853.0076404343771,740.6254476805118,982.4196658182682
678,586.1,756.3400843465175,649.8702754092365,880.2262981242467
679,662.5799999999999,499.12458742345785,424.32327716902944,587.081152318595
680,648.48,795.2034935650297,655.8172638245233,964.1695198659138
681,621.9100000000002,670.9030321977385,547.0190060538408,822.7920212427114
682,664.8,659.1489719675025,533.9115568049586,813.7078888943357
683,710.0100000000002,709.7958285768499,571.9395732247464,880.8219818166834
684,797.9399999999998,740.4624793602036,595.4015415927612,920.8061489760125
685,764.2299999999999,826.5545647572027,663.2532512332161,1030.002191376609
686,674.4400000000003,757.8500619700911,609.922119176904,941.5970978557121
687,476.5199999999998,682.9520469534808,552.8408967913324,843.6295772702812
688,373.1300000000001,461.0114985299901,378.14003851508863,561.9967903414458
689,626.3300000000003,379.55109355000064,316.6873475896761,454.85427276489855
690,636.9800000000002,862.0198045078737,718.2803132638035,1034.4838986113668
691,578.22,636.8794340103701,532.8002532161745,761.2517409496447
692,523.6000000000003,625.038511587036,524.8847524998383,744.2663651628345
693,617.69,556.9434794747748,471.1412038721471,658.3386125493015
694,803.3399999999999,684.120934942395,581.6830313883377,804.567813392371
695,692.9699999999999,825.8364127233075,707.361446796841,964.1265699122976
696,491.20999999999975,658.6076727071159,567.9324286520973,763.7345448823958
697,503.07000000000016,510.3797087894199,443.3875537851718,587.4710414008852
698,497.4599999999998,589.7878707108489,515.2097383637459,675.1404953060289
699,487.73000000000013,537.0783358734891,470.96809358147897,612.4488739256273
700,580.64,545.2114464797683,479.26760677724036,620.2098006516213
701,602.0299999999999,644.6720122532261,566.6230072857734,733.452871106479
702,627.6300000000002,612.4122900854975,536.9855312148536,698.4140470251102
703,611.5199999999998,648.8601563084861,566.4868739149238,743.1902926209407
704,568.8100000000001,610.2110898523836,530.2659538060711,702.1864053816379
705,599.6700000000001,588.2033205013552,508.92057200530587,679.8129970606684
706,586.5400000000001,627.6583245505956,540.6200429503799,728.6836484741553
707,473.16,592.3897724168153,508.0330649265833,690.7260317061408
708,426.63999999999993,508.00643135466737,431.1338341639608,598.5539499045807
709,474.0699999999999,509.0241248215947,427.24193900882995,606.4244117754896
710,643.4399999999998,541.879986583015,451.00023607320065,651.0321369580998
711,640.1400000000002,666.7150360515951,550.9235718688911,806.7991085970372
712,585.5999999999998,581.1001404213694,476.67934485431,708.3473417443303
713,529.6100000000001,588.1506896104604,479.5787594878599,721.2510945726665
714,450.83,536.4510307345976,435.01442784773224,661.4863582233492
715,446.86999999999983,494.2491225536203,399.75850580498116,611.0186841635893
716,483.4199999999999,511.57112534686746,412.6292981737703,634.1802439994922
717,465.62999999999994,529.4257846714855,425.06526035484364,659.3484001724072
718,388.9399999999998,497.63256778934544,396.22328008319926,624.9311831071914
719,362.7500000000001,445.6398903864821,352.4210823322126,563.4462134744202
720,458.6999999999999,414.0961624444826,328.64688093573113,521.6951445347645
721,499.2899999999998,544.8968378855465,435.46505333806573,681.7656769638758
722,491.9500000000002,487.6479346653066,391.6013522621869,607.1914967353702
723,478.70000000000005,519.4439101542072,418.0178685549716,645.4207947758814
724,480.0299999999999,477.26533648548457,385.1551031617627,591.3467803758484
725,397.2000000000001,507.5127605892381,410.42863451979764,627.5056653480078
726,354.9299999999999,384.8663883039577,311.00016627138353,476.2204816494581
727,369.38999999999993,404.9300174223202,327.21632107844124,501.0444397861135
728,487.7000000000001,402.42791687319686,325.71004224507044,497.1606411429576
729,553.1200000000002,547.4193643862309,442.7518932165436,676.7746840778653
730,516.7800000000001,528.5081150302591,427.6232010278102,653.1382809203236
731,414.45999999999987,500.74132767741446,405.73484834715896,617.9397365937627
732,314.81000000000006,398.99334565950755,323.41688152430265,492.17617449541024
733,250.81999999999996,323.27798201955864,262.925721619287,397.43107741641455
734,274.8,257.3793608019931,210.4889436908203,314.6661191047607
735,420.98,331.35865087469796,272.0116594059867,403.60642981911826
736,520.3199999999998,502.9554862104546,413.75209547260255,611.3444217737349
737,622.3799999999999,505.4844447417594,416.67110077043424,613.1830073763321
738,640.7299999999998,638.2701792711202,527.9568159480193,771.5892734228232
739,533.1199999999998,562.168497940354,466.05195041993363,678.0652662669157
740,530.9099999999997,482.49453500956434,400.4737799392099,581.2720612526955
741,530.8800000000001,534.2845861540565,444.5060400039109,642.155338974987
742,523.1500000000002,502.194242314752,419.13307767612787,601.6767682736648
743,642.1100000000002,518.1847661507,433.4672121321554,619.421550524197
744,648.6,666.1502800720666,558.4740808341218,794.5498055185175
745,668.2799999999997,562.7644133399011,472.26133109539904,670.5746520275397
746,639.96,657.0100069582134,552.4446695170249,781.3314472158429
747,684.3499999999998,565.1589777740772,476.500098097041,670.2794183532219
748,658.0400000000001,684.8361360092035,579.2363568962298,809.6544856515367
749,580.2300000000001,585.1683655800828,496.03276878094664,690.2891350192945
750,578.64,544.7476972579371,462.4321081117734,641.684319556266
751,578.9300000000002,567.8966114737797,483.00709043208394,667.6748209771575
752,635.6499999999997,558.0722326120533,475.2625785069314,655.2803280864464
753,413.78000000000003,645.0510459368058,549.2212758181523,757.5710918492094
754,410.55999999999995,345.81544139141306,294.38100024338365,406.2061178221123
755,436.7900000000001,464.2568774400334,395.2999880779728,545.2123858622488
756,488.82,444.1066127664394,378.0294642887556,521.7031547538995
757,652.6400000000001,509.1996983986736,433.14818296907714,598.5734692839612
758,657.1600000000002,666.6916289303662,567.5564221540607,783.1123483482259
759,588.0499999999998,593.9951790731044,505.94792867677387,697.3345686889187
760,527.05,556.9720540915448,474.99442697792017,653.0681896714298
761,508.7300000000001,511.73813251108504,435.42679050460634,601.3928829552002
762,504.12999999999994,511.6828177426552,435.0940396816102,601.7224582121079
763,505.8100000000001,504.92120731193233,429.1634800919298,594.0209161253371
764,508.82,506.92896029835566,429.00235315267565,598.977713652573
765,535.3600000000002,507.2040276191034,427.7641281154854,601.3622704246245
766,522.1499999999999,537.6907790924739,451.48622189740763,640.3184345424133
767,466.76,527.6657116036132,439.5653756109151,633.3835673373112
768,443.32999999999987,491.54538803215047,406.4404079574367,594.4268514699824
769,399.11999999999995,478.97035316036823,393.727210475487,582.6221415680562
770,391.0099999999999,433.3063355851483,354.9118403464327,528.9683004246251
771,403.66000000000014,425.14835859531047,347.56088145061943,520.0063239962425
772,440.77000000000015,434.14172547082,354.4394848242743,531.7160580916731
773,541.4399999999999,467.6944030035181,381.38236187403095,573.4889547996256
774,582.2299999999998,557.8435100896118,454.77605201203266,684.2182500387996
775,536.0699999999999,573.2445135740844,468.75331962725727,700.9785653278497
776,547.1100000000002,524.8379115822714,429.1221828490513,641.8534037135272
777,489.7599999999998,548.8952179777166,448.8117665766641,671.2473114833984
778,471.73999999999984,486.410906402307,398.28819170559564,593.9822624734262
779,456.98999999999984,487.34610627538717,401.1354219413301,592.0388284698911
780,565.5099999999998,472.38929428737407,390.5292785634656,571.3644085267881
781,644.1200000000002,569.3862841324224,472.0782784494667,686.7096834644559
782,656.5400000000002,595.3363211902732,495.06428635333833,715.8768600234379
783,633.9100000000002,599.6850176414093,499.42076255409364,720.0382090808167
784,527.6399999999999,580.9879005828617,484.6279144672559,696.4679715362304
785,505.3700000000002,489.3138154275759,409.3799204324755,584.8172528173293
786,513.51,512.9053408873862,428.9526453283651,613.250667514517
787,443.5999999999999,510.9022891365033,427.54611726231525,610.472005153634
788,467.54999999999995,434.45656193349384,363.71828034575117,518.9147603766327
789,519.8199999999998,503.6750302369105,422.49277157164966,600.4196776001761
790,535.0699999999999,527.6150187225904,441.1557122069,630.9806129482455
791,550.3199999999999,530.688194496445,443.28033249403444,635.2927086597637
792,527.7800000000001,543.4663604168192,454.5134766360722,649.7900047540815
793,514.4800000000001,511.53969914265303,428.3913338634783,610.789112820716
794,371.42,512.8057686142456,430.26134140847415,611.1493918260309
795,322.1,363.0644193547691,304.7942340674729,432.4381969114559
796,321.77999999999986,362.83239657488804,304.6336338981977,432.1133688039011
797,366.2900000000001,347.21062588445614,292.7327795597163,411.7923351305578
798,520.2299999999999,407.0438773375587,344.7758041392399,480.5253231704469
799,568.7800000000002,572.5406763939252,485.44149196691404,675.2352984082514
800,559.0200000000002,530.1176182560016,450.2641640630493,624.1015411507741
801,589.87,543.9505217699011,463.24780700685557,638.6822272396906
802,457.52000000000015,573.6767467210584,489.89192540532105,671.7618567961063
803,434.4199999999999,415.3276747377974,355.5219402668121,485.16568344395955
804,412.86,475.73829331885975,408.27303253868405,554.3246421020837
805,418.9400000000001,423.88117109066667,364.87071755295494,492.40928608545414
806,481.3900000000001,447.3413021819919,385.97381310545717,518.4406350888282
807,515.7199999999998,502.8696959062189,434.6994987855557,581.7059043223353
808,530.0,512.6252956865612,443.75574144508886,592.1591653250832
809,545.9200000000002,520.9289018083193,451.5843956690691,600.8983004045614
810,598.4899999999998,534.3806897074959,463.94065848771265,615.4926161630777
811,555.9800000000001,587.9093546265595,511.15473278766956,676.1668907147521
812,538.87,513.3550245677716,448.0817416672868,588.1156703808267
813,560.08,536.8016215130366,468.64818631776774,614.8452061099961
814,592.3499999999999,547.0995768661847,477.8346245790025,626.3839249302781
815,591.1399999999999,577.0239641644446,504.1086013555502,660.465083452806
816,471.68000000000006,559.1298928305749,490.66658224167406,637.1265438296002
817,434.87000000000006,437.9678378525533,385.0993396067245,498.0756080163715
818,422.19000000000017,459.53722102509914,404.8958329543614,521.534391165747
819,460.61999999999995,430.8045004934087,380.99950918988355,487.1030529117236
820,452.7700000000001,485.38271910640304,429.8293737107956,548.0993973037226
821,449.6199999999999,450.83391511141593,400.58483885570087,507.3705037935151
822,406.38,463.8541041479629,413.36228010586467,520.4985738759736
823,347.93999999999994,409.3526018855867,365.7295055850007,458.16473943283927
824,319.5100000000001,364.13857147946607,325.2444273969302,407.6695899937989
825,320.25000000000006,341.88703279161604,305.6970700554836,382.3473767303003
826,336.1100000000001,340.63932490664655,304.85459488899863,380.61083819920543
827,383.81,353.69402522308974,316.4347218362994,395.32668663712457
828,391.98,411.6131162382454,368.30599997075274,459.9986940513254
829,361.83999999999986,396.6149885700841,355.1603828009757,442.89462379911555
830,321.06999999999994,365.86324502052975,328.02010187190564,408.0590203494356
831,351.6899999999999,323.09567620273754,288.530918788824,361.7868407723376
832,463.57,379.3060965092245,338.258249794079,425.32044211119967
833,510.5600000000002,510.22151031829515,454.92966727492194,572.218747036543
834,419.44000000000005,498.58695342408413,444.72162742401105,558.9618880376382
835,349.7100000000001,386.6809544769748,344.5204970209652,433.98583661466154
836,403.46000000000015,348.75917332085214,310.90455176834865,391.2080605381527
837,433.6900000000001,448.14224691315053,399.8536739194051,502.2478709494196
838,413.86999999999995,426.979270015371,381.05557615276894,478.42306563704994
839,436.23,413.57022693472464,369.32151599715814,463.1060960174618
840,467.8800000000001,452.23172072049454,403.86255702641665,506.3795763579518
841,479.1999999999998,469.6317625550831,419.56413343346105,525.6598797130843
842,479.29,474.94576414118575,424.6291498990375,531.2106591093926
843,476.96000000000004,471.10368777008114,421.42135211651475,526.6293229245515
844,488.46000000000015,467.3200643145037,418.0368445975456,522.3995183649909
845,517.0800000000002,483.8710881686529,432.765613876655,540.9977163259102
846,494.87,508.81349677406365,454.3359970579161,569.80881628592
847,494.25,464.26364764240793,414.59246695466857,519.8714763377329
848,633.6499999999997,495.11561054249853,441.2539912076903,555.5369763014049
849,708.24,682.6102976661085,604.5865993608301,770.6865590625425
850,741.1599999999997,625.4256385043336,534.4265398564554,731.8906047144478
851,741.7499999999998,780.4477880414701,629.5293403828676,967.4888653462235
852,706.1199999999998,645.185736332637,519.212928641146,801.6636456930337
853,732.4599999999999,692.582766502639,561.9176805973509,853.5779792863697
854,879.1200000000002,710.623556344977,579.8785962006398,870.796773469263
855,1103.9699999999998,962.2291949619513,788.2463881484356,1174.5650655604309
856,1181.3400000000001,1158.705513246315,950.6202936683059,1412.291505448579
857,1192.31,1147.3349397210977,944.1695470491402,1394.1709911742412
858,1204.6100000000004,1181.8679436400416,972.2990644939631,1436.5607900318694
859,1217.0899999999997,1175.9464203400291,969.9643695730861,1425.6258575072688
860,1202.3400000000001,1205.8045521104502,995.6920590787038,1460.2108260807377
861,1189.3099999999997,1157.5206341202859,959.489193465795,1396.3817392358476
862,1197.83,1178.6650824244484,981.8477638084133,1414.895480393795
863,1202.96,1180.967716188686,987.3820232712078,1412.4693359643938
864,1138.42,1188.7227843542032,987.529752194711,1430.8641401222267
865,1053.3600000000004,1069.148210003052,891.3346127158688,1282.394340030368
866,1056.4499999999998,1016.8604467345007,848.4454326447611,1218.6662071639278
867,1057.5999999999995,1073.1800350076726,889.3203244149267,1295.0085443038097
868,1053.24,1026.4274040508249,814.4344724314399,1293.5332902679932
869,1114.0599999999997,1056.9103507545185,847.3509538425579,1318.2350467271965
870,1146.7400000000002,1147.538654641706,927.0081404673095,1420.4757216913106
871,1184.5000000000005,1131.202261585077,921.9836544775503,1387.845788243092
872,1117.6,1219.5138574674806,979.3444500520291,1518.521099131117
873,986.63,1035.1248997166451,839.7884097048963,1275.843014748061
874,989.8499999999997,952.6218156825354,719.7528460499858,1260.7287220293363
875,987.6699999999998,1013.4123832949421,732.8932870619158,1401.1554652744885
876,1049.0499999999997,952.8871332888606,636.3329951278683,1426.6691619762867
877,1198.5400000000002,1134.3731032392816,741.1365760300586,1735.9741974649494
878,1469.5199999999995,1240.769375210683,757.0576837934364,2033.1343596634633
879,1700.04,1688.7743534351166,1048.506140229709,2719.6485565697676
880,1588.1300000000003,1708.4592470316713,1115.4206927283055,2616.517694087791
881,1557.8999999999994,1466.7949330742829,973.0000789809491,2210.932023468222
882,1592.2300000000007,1599.346021344567,993.7088338934225,2573.7307159310835
883,1640.4899999999996,1536.9210641334048,935.0444323741004,2525.804409814539
884,1745.9700000000007,1691.3691744673613,960.3332409638649,2978.3138327513584
885,1879.2900000000006,1751.7206774512883,970.9922612751568,3159.549621182281
886,1921.8800000000006,1955.5148902026028,1010.420682218345,3783.726358559996
887,2026.3599999999994,1844.3759419114176,960.6493625702182,3540.2204276657967
888,1999.5499999999997,2162.0244430078433,1062.900764010834,4396.660852701245
889,1930.3799999999999,1874.211024330497,1007.7810229149277,3484.8074308433675
890,1786.3199999999995,1919.1349334937956,1111.2215376209788,3313.9134755198797
891,1565.4200000000003,1675.2183436351393,1034.5041275015258,2712.372029060106
892,1464.6599999999999,1479.6372900775677,964.7200871919342,2269.1058141421186
893,1464.9200000000005,1441.1971222753791,984.1940539486551,2110.190715334731
894,1468.9900000000005,1469.9492684654867,1044.164014373916,2069.193501347504
895,1466.0100000000002,1456.437099913763,1070.5317718770593,1981.3237686028667
896,1364.1900000000005,1461.8863209434787,1106.8978244317316,1930.618909984975
897,1320.8599999999997,1295.3018290881378,1006.3351644676723,1667.1621880888677
898,1278.6799999999998,1336.8976783170074,1061.637478423073,1683.4598783606891
899,1265.4700000000003,1243.1698861843042,1005.6116425288914,1536.7913788071805
900,1307.2300000000005,1283.6732184852494,1056.4818282680562,1559.6748354212862
901,1431.2999999999995,1325.447683654151,1108.6825138320091,1584.555720253353
902,1472.8600000000004,1499.9253742012183,1272.4248261345058,1768.0694673822206
903,1368.1399999999996,1448.0386659760281,1243.3553279680016,1686.3902560632434
904,1183.4699999999998,1321.6986826473399,1146.4830696143433,1523.6689484185654
905,1092.7299999999998,1108.8361800825128,970.2213110337071,1267.2344720269373
906,994.0699999999996,1095.3343846827383,966.4245733145734,1241.4214933052415
907,955.6599999999995,947.8141201406094,842.4119443305217,1066.3885289741684
908,940.4399999999997,976.830159939913,873.7816591310426,1092.0176824213502
909,939.23,935.8226016185317,841.2231535633492,1041.0475656482902
910,980.9699999999999,957.2396797576623,863.9592839479573,1060.5797771092712
911,944.1600000000002,1010.7670341348112,915.0926228303275,1116.4334405174552
912,930.2099999999999,917.3366958720594,832.9302112079689,1010.2864070047408
913,846.1699999999996,950.10300067814,864.6695167582535,1043.9679703248453
914,775.8800000000002,804.4953335863286,733.2446833825951,882.6601028424019
915,688.8400000000003,770.6935577905648,703.7587936397767,843.9854794431172
916,677.9799999999998,655.6235698276836,599.3123944759603,717.2169090971793
917,696.0300000000001,695.8558639392054,636.5228917497801,760.7108364118972
918,647.63,701.8617542821721,643.001757768003,766.1013932396403
919,651.0199999999998,624.6410478147466,573.2476232370909,680.6340283730261
920,655.71,670.8154921318904,616.576428109017,729.8181383320908
921,586.28,653.0760907408771,601.1998801218623,709.4211518479457
922,518.32,556.7794073351824,513.1091695635612,604.1591484184231
923,489.4099999999999,502.2652740500922,463.84433501696753,543.8618321990941
924,422.1599999999999,486.4531295103193,449.3361881445776,526.6292683658829
925,348.05999999999995,393.0642117991798,363.09760140182556,425.49718763055336
926,325.97,326.9618899855327,302.1712794366166,353.77965288387344
927,247.29000000000002,328.2329700540303,303.67097373960297,354.7751079472402
928,366.94,208.52379611037358,193.1386120146206,225.1282321993487
929,432.51,390.80457951549545,361.88213885954866,422.03219720805726
930,424.63000000000017,446.92317871167614,413.5133221562506,483.0258763783298
931,365.6700000000001,429.3670304667139,396.9609841135663,464.41190796704416
932,343.37,361.7244004461348,334.3342380670866,391.3517963372604
933,313.60999999999996,346.611279981684,320.7626990704872,374.53638852350065
934,308.43999999999994,312.9762293391815,289.73258332322536,338.07817095427396
935,290.89,313.2105313834201,290.08149681037975,338.1773751134932
936,251.68000000000012,292.437397662843,270.7818195630465,315.81849244212293
937,261.91999999999996,249.49428254354783,230.6111002583985,269.9170049147136
938,282.06999999999994,269.4608883113034,248.71826603936395,291.9264777715884
939,297.7699999999999,290.50809267960074,267.74672611390776,315.1972215493385
940,295.87999999999994,305.5444498344678,281.5067703616218,331.62742554463813
941,361.35999999999996,300.36978939414075,276.6380872590978,326.1300089123222
942,400.8299999999999,381.03342893611614,351.53535934411826,412.99972217317816
943,361.1000000000001,411.0806640122038,379.530116292124,445.2471336233984
944,295.45000000000005,358.51567608623867,331.05375671624665,388.24878498572724
945,298.7700000000001,290.71231026691083,268.0931881108284,315.232724279185
946,330.6299999999999,309.71694189583394,285.0705895794431,336.4866955845807
947,302.05000000000007,344.31976201135814,315.3096376225283,375.9905303292854
948,257.92000000000013,302.66720432300724,275.5416927091413,332.453411953831
949,228.48000000000008,258.88277124425525,234.7093132770745,285.53536786729455
950,225.79000000000005,233.5135062800058,210.49336437469142,259.0392914943082
951,222.53000000000003,237.37423864518587,212.53839129063763,265.0986500190204
952,222.23999999999995,231.6834709133547,206.2555412437288,260.2311222724629
953,208.20000000000005,234.24122108201271,206.30569819644015,265.94120121926613
954,220.4,217.95008982615653,189.0735013848798,251.213704096554
955,226.53,239.2929343930769,203.85253644178115,280.86467847638977
956,220.74999999999991,240.32495287216378,200.79262186118387,287.6018940713039
957,241.66000000000003,232.82213416548694,190.0616454224582,285.15262003431116
958,234.99,259.63936011627044,207.66534503547285,324.55897592995325
959,293.35,229.98353160680534,183.68736046227937,287.8849119940125
960,344.58000000000004,326.9790281606289,260.957173877943,409.640568917239
961,317.17,344.432098241799,276.0123581132205,429.7509430570676
962,236.98999999999995,301.33811090030804,241.4817403946979,375.9699654661737
963,235.56000000000003,219.9609822313211,174.63979843020493,276.9766095440584
964,233.25999999999996,257.0286619585955,201.69319626966004,327.4707706891537
965,235.49,235.9834335097403,183.208533497171,303.87810033473835
966,284.36999999999995,246.72336269288323,190.1930379722576,319.96809107021045
967,303.0799999999999,299.95292653830796,229.067730947425,392.67825995845476
968,236.14000000000001,291.6488840461369,221.22018551357468,384.3986942523618
969,185.12999999999997,220.70266765736923,165.49166675536267,294.2224204627391
970,161.21000000000004,191.7220792357045,143.57693198156906,255.89990315791232
971,176.07,169.22691237616888,127.8895715181041,223.82192589998394
972,193.63000000000005,202.15762127471513,153.9491993337068,265.36484253857185
973,229.97999999999996,205.09811970021815,157.53181293269463,266.9363476528147
974,238.5200000000001,253.332743377275,195.53883378513515,328.12144184455394
975,251.57000000000005,235.99258058191415,182.42670032554733,305.2012408836449
976,236.79000000000002,257.88207754454874,199.16549127618143,333.8225992726687
977,231.82000000000002,229.1752504686594,176.797819448387,296.98254046467576
978,237.68000000000006,237.56593037028864,183.22728072708253,307.9320045805504
979,231.35,239.06752413664887,184.05859199034174,310.42794033636835
980,316.72999999999996,230.17327193207674,176.72136627169522,299.7015013269859
981,352.22000000000014,325.21357374807167,249.33379901319114,424.09359949385475
982,336.23000000000013,307.03784394059073,236.40328388140375,398.68829305229525
983,339.38999999999993,307.05210019468683,238.64365600155796,394.9883521128573
984,335.02,316.3561922100587,249.32854519725353,401.3310751664637
985,321.54000000000013,310.47956927668224,248.10378790025908,388.4742946086152
986,322.96000000000004,300.92783031075095,244.53585657917387,370.27129204757364
987,330.9199999999999,309.22674724549006,255.20982320911418,374.6321030203716
988,357.4999999999999,315.79169355743306,264.13755788917604,377.50909507484585
989,322.3700000000001,348.17834340474786,294.4725495768402,411.6458301371791
990,345.73000000000013,289.6197903453029,247.34492424815295,339.09095533578625
991,322.96000000000004,350.5096553507791,302.2498725130709,406.4495952162281
992,322.19000000000005,300.8978416598026,261.0108502725371,346.85699410556214
993,352.5999999999999,318.6056325617505,277.81178871066857,365.36815407830005
994,504.68999999999994,348.4889322102459,305.67125921069743,397.28484107648393
995,570.1699999999998,535.7698938585372,471.1305032333196,609.2590639235184
996,561.59,534.4178976837604,470.9526523062607,606.4175529245032
997,493.83000000000004,532.0251094123915,469.5573873854011,602.785584671721
998,538.46,454.0788997426056,401.43126742202145,513.6141012292721
999,563.2700000000002,542.198544927482,478.38225034554847,614.5101883698135
1000,586.87,545.8402328695626,481.33904153418507,618.9668999086068
1001,577.0100000000001,579.4599848728789,507.46720237498226,661.6460712998794
1002,511.21000000000004,563.6738373263265,489.704937327236,648.7928150011727
1003,561.3799999999999,486.28775819644966,420.4945420338875,562.3509704356527
1004,632.2,564.3685909852521,485.9313301098514,655.4409063605301
1005,645.3900000000002,631.6670980527626,542.7160077510018,735.1704479037687
1006,646.48,630.629464987818,540.9325357811681,735.1724102165646
1007,645.5099999999998,631.9312567542844,541.6279300014746,737.2627277874716
1008,661.8799999999998,631.6972468264364,542.2827949358826,735.8276887711787
1009,667.5100000000002,653.0932340352723,561.5869015633034,759.483327325708
1010,658.0400000000001,653.3775629297144,563.7428443254123,757.2389031902316
1011,646.9200000000002,643.1977296896373,556.7438200913356,743.052556009181
1012,668.19,634.0171356860786,549.2009062548494,731.9082123106688
1013,684.8199999999998,662.5421544308961,573.6163914711219,765.2297791045913
1014,677.1499999999997,676.0991587690608,584.7723301043125,781.6646074663992
1015,659.1900000000002,663.6734757775927,574.3689239027503,766.8392263620727
1016,667.8599999999999,645.350633612499,558.6287924321982,745.5111645803922
1017,670.9599999999999,661.3260876803818,572.9469420926222,763.3142845618792
1018,672.6400000000001,661.0634047608436,573.736954997265,761.6583746047903
1019,688.9500000000003,663.3991641476463,577.1555773746327,762.5077245550051
1020,719.3899999999998,682.6088631911344,594.8053114897926,783.3519834775446
1021,708.4499999999997,718.3972109096838,628.3434105785965,821.3369600212878
1022,715.18,688.783029156938,602.4317194275795,787.4912443188596
1023,717.4500000000003,711.521733589253,623.0505860952338,812.535364198117
1024,697.66,703.3612805981248,613.7080062705422,806.090209570946
1025,710.6600000000001,680.4590925949386,591.6585880658324,782.5649465501936
1026,699.2500000000001,703.7099442753758,600.9733601996445,823.9802041005611
1027,688.7200000000003,688.8943986781491,585.8443212110349,810.0401074432942
1028,684.9399999999999,683.7075551212937,569.4483164813988,820.8526069670098
1029,676.7999999999997,675.9869348668161,562.4969356228528,812.3341656486192
1030,687.5699999999999,669.5668166609239,556.087143584295,806.1625073119739
1031,706.8900000000002,688.7982283187948,566.8441741856564,836.9439596683766
1032,663.8799999999999,703.793156572203,576.4954835706544,859.1511313641926
1033,643.62,634.2850418493355,514.1138007839381,782.491111640386
1034,647.3300000000003,646.2329973996111,528.388594447817,790.3101213671462
1035,659.2500000000001,649.0372445921913,535.3563792370146,786.8127970773797
1036,657.2400000000002,665.3205474024255,546.403243302779,810.0713214117598
1037,662.3500000000004,659.317514919293,538.111213049039,807.7741637633668
1038,652.1700000000002,668.0417097546584,543.267977213289,821.4198889732281
1039,686.2399999999999,653.9538902012516,531.2747802026656,804.9081779648161
1040,653.09,690.6640839866947,556.8545823168346,856.5697327613698
1041,667.5100000000002,660.9069728984839,531.6256142350604,821.5681023637011
1042,679.3699999999998,668.5768022518366,538.352687980581,830.2429030295981
1043,669.5999999999998,677.6030728506397,545.3114386371346,841.9296879287944
1044,552.7399999999999,672.889171138189,541.962470980449,835.3867472410769
1045,521.9700000000003,579.1633373270082,466.3444642686981,719.2171496887378
1046,429.3200000000001,542.7937588870453,442.3778568179207,665.9517831287187
1047,436.96000000000004,421.9209897859185,349.30243417476754,509.59355046407063
1048,714.2600000000001,446.3494745703572,374.8986180449367,531.3817188773255
1049,699.2800000000001,809.5734454108672,676.2033156164537,969.2098251057066
1050,486.52000000000004,612.6584202919762,508.7174512925718,737.7949065512632
1051,410.6800000000001,508.84043798796137,421.8509638765081,613.7255047612234
1052,500.05999999999995,462.52008685655056,386.8176343018426,552.9997460566311
1053,677.7400000000002,604.7215281534033,509.7490909051902,717.35383792509
1054,706.7399999999999,701.4125760636971,594.8982950963592,826.9658308682641
1055,503.89000000000004,660.0366237282938,564.1718439080464,772.1620437574326
1056,340.44999999999993,479.46590006443455,411.7493931665997,558.2921151347382
1057,331.83000000000004,374.4647055225245,324.6539419900286,431.89433019494237
1058,505.74999999999983,412.2340253165954,360.3485417158393,471.56966603076086
1059,678.9499999999998,639.2014091526445,562.3172773076528,726.5790407848433
1060,546.1899999999999,653.9422974443078,578.0970542553997,739.7211102691053
1061,299.8200000000001,494.8215390135006,438.76311163660665,558.0259665818961
1062,408.03,286.2053057370148,253.88317918789446,322.6262506859449
1063,583.2099999999999,633.1827713727638,562.9264010851655,712.1919816701396
1064,570.6700000000001,531.925751549737,473.32392474966576,597.7677235862476
1065,560.8199999999998,584.7156753777924,520.6730376923742,656.6204396163647
1066,561.9399999999998,537.3958380054479,478.43626887376246,603.606070088353
1067,681.1100000000004,571.7937204385555,508.9996470791148,642.3193592444702
1068,777.2099999999998,654.8144962682317,583.8059721929876,734.4450432555136
1069,776.82,682.9579355335993,609.916452831133,764.7322951632636
1070,645.21,669.3462158171435,599.5720992008944,747.2266486543022
1071,592.8799999999998,562.3600442896759,504.52917072177826,626.8065794876455
1072,577.8999999999999,589.1920465051596,529.2057133810558,655.9651042360761
1073,710.9,550.4441362939624,493.9004456904327,613.4480937550159
1074,577.8999999999999,719.3764666032142,645.2517148664309,802.0032906651369
1075,597.3099999999998,473.7501211432959,424.485489747788,528.718834029277
1076,703.8800000000002,644.2934897276227,576.768592161357,719.710148551242
1077,767.0300000000001,608.1870644612959,544.2000630915196,679.6838528275723
1078,774.7900000000001,695.0597498351813,621.3089610954988,777.5508575799932
1079,757.4700000000001,653.6965154836475,583.2597458502519,732.624950941407
1080,780.2499999999997,686.0952655630231,613.147152054482,767.7081221167015
1081,789.8899999999998,704.0124388360589,630.1565054342761,786.51075942974
1082,719.9800000000001,705.5952547847178,632.5223428650903,787.0966783686146
1083,554.2700000000002,643.0211224740085,576.8625435205422,716.754093673901
1084,639.55,522.1496892891378,465.9331184097847,585.1344732526179
1085,780.3599999999999,692.2497315915887,614.205035173111,780.1951510061622
1086,765.9700000000003,716.6337210239558,632.039875500087,812.5319392697846
1087,603.7399999999998,691.9739822095777,608.8463538441276,786.4326656089823
1088,585.9199999999997,553.1278115773047,484.03090816336197,632.0681744101008
1089,564.5100000000001,613.5058239553534,530.7005867004793,709.2068666472422
1090,546.4299999999998,568.3129980618627,484.75196673522,666.2485382624513
1091,572.8299999999998,585.3731823130196,493.68649292822596,694.0533597564479
1092,586.28,603.1157478393293,504.2946730966281,721.2633766370244
1093,704.5900000000003,587.4606846224192,487.3611780781951,708.0776107736391
1094,759.6600000000003,703.7840814205243,576.0213836844065,859.8356907886216
1095,753.79,709.4603225214339,573.9394259161977,876.9253033011378
1096,594.5300000000002,709.797959873809,570.1151049655305,883.6443306577617
1097,555.6300000000001,590.619330177863,470.1506950507228,741.8906197462402
1098,549.1100000000001,609.7822031764514,482.91138702405743,769.9157290372539
1099,544.2399999999999,593.492084422691,467.1665884480354,753.9040174199965
1100,643.1699999999998,590.8922617055571,465.4624469680285,750.0496327069429
1101,708.6600000000002,675.515640409298,531.3868698021065,858.6632217630095
1102,741.1899999999999,683.8134944395028,539.0331685358774,867.4087376297641
1103,770.0999999999999,706.9604413613669,557.9536065673802,895.6897800527247
1104,700.7500000000001,721.7091720133604,570.0360158340428,913.6683095800263
1105,509.2599999999998,662.1854896971523,524.3845054330092,836.1297386898893
1106,357.9400000000001,507.6362970281171,405.27180800243605,635.7926042579941
1107,416.3500000000002,375.2910131297638,299.43312139100385,470.3026510081188
1108,602.71,532.8163332855527,425.064358787532,667.8188575391607
1109,747.09,668.7699730091676,534.812522350924,836.2178663844313
1110,620.6100000000001,743.4698045154134,597.175193935434,925.5434198112889
1111,552.5000000000001,557.8379715235658,449.2567159199497,692.6040427037116
1112,555.13,594.1114571313667,479.57262775486157,735.9492683417525
1113,562.24,565.8932642991114,458.1080474827948,698.9833151906261
1114,555.8900000000001,595.1282362251322,483.588466689066,732.3415845674838
1115,557.0199999999999,560.1626377126096,455.88641392067547,688.2380608613305
1116,559.94,582.0336304685726,474.2400944024675,714.2768006343515
1117,560.6400000000001,570.8413464433497,465.2935584953104,700.2803834506151
1118,564.8000000000002,578.6296044030016,471.8887918997047,709.4640330990048
1119,557.4300000000001,574.6182691938703,469.88370958743207,702.6480240950564
1120,598.99,564.3075257051415,462.06503398721696,689.124658878241
1121,617.8100000000001,619.4189031444187,507.73437092850907,755.621996419061
1122,640.8199999999999,601.1407586358207,494.09255560778666,731.3347707489125
1123,639.3999999999999,644.3100696521764,531.2529052202899,781.3819877923371
1124,623.59,610.5224119714188,504.36962627747937,738.9725683909909
1125,504.81000000000023,621.1348175191483,513.4911570944821,751.3000654771313
1126,485.5400000000002,474.260130235411,393.589958967358,571.4225522172115
1127,405.49,552.7428548441259,460.2508280194796,663.7817861000631
1128,346.5299999999999,405.34982227093957,337.18590605096324,487.25268914293906
1129,428.76000000000005,392.162778348708,325.9083598434679,471.84495983183393
1130,461.73999999999984,509.7340458241665,424.12620261925093,612.5807766183308
1131,484.69000000000017,468.8443321305157,391.35324615965504,561.6401682562912
1132,404.8399999999999,526.7085497980129,440.73303180241766,629.4176809998697
1133,362.22,389.86739276297567,327.0440522282447,464.7219592538984
1134,354.79,411.9039470695591,346.3530188429186,489.8253570777826
1135,360.77000000000015,379.88874924633416,320.0030381690306,450.9466237140223
1136,370.11999999999983,405.13490076689504,342.3050129628307,479.4635860030223
1137,371.4800000000002,398.74449539132377,338.0661661846928,470.28164804453456
1138,361.51000000000005,385.95479482145964,326.31640603455065,456.4595421272968
1139,363.58,373.013690724026,313.5274587362036,443.750488275591
1140,384.7000000000001,377.5065738158449,316.5280989142003,450.1954277801476
1141,490.55999999999995,399.56617808385613,333.4869444375311,478.69962861935807
1142,589.0499999999997,526.3142359832941,437.99250260208925,632.4055862513993
1143,606.6899999999998,595.6156418856043,495.09843915629307,716.4991817106512
1144,435.5800000000001,589.9683637002308,489.86982270509424,710.4790739628489
1145,345.4899999999999,393.530677898831,326.4771714119961,474.3139131261265
1146,337.35000000000014,353.9737632005089,293.2011416936067,427.30008012667486
1147,349.42,356.7293405692729,294.94378533732,431.41415243190494
1148,360.63000000000005,369.85692076161166,305.3381782913517,447.9641364452388
1149,437.8799999999998,377.0405997265934,311.09540849063006,456.91988973119766
1150,528.7300000000001,476.55383887114544,393.39074142430826,577.2531004580819
1151,523.9500000000003,533.8547406786583,442.13041014761575,644.565249135439
1152,500.44000000000005,497.78973589075457,413.4093548294956,599.351313817062
1153,457.25000000000017,487.37948042193017,405.6047906820971,585.600360750979
1154,445.83999999999986,439.17843419930625,366.9276900876355,525.6172108111859
1155,474.5099999999998,449.85690694813667,377.087105660841,536.632591800641
1156,503.1799999999999,476.186826260624,400.4764262307795,566.1746889213233
1157,661.2900000000002,488.63041914523023,411.6570299098896,579.9617429871109
1158,726.62,671.4279120727525,568.6355445889387,792.7694570320558
1159,830.0100000000002,639.7795578746084,544.214354966874,752.0954349412272
1160,900.3899999999998,842.8243670587412,715.6303411346893,992.593937586657
1161,956.4600000000004,839.3841107266007,710.4590429095106,991.6719754289015
1162,964.8099999999997,946.142480554608,796.9687911611895,1123.202961829777
1163,957.0500000000001,913.1107896584771,766.1395818799685,1088.2392408201765
1164,925.9000000000002,929.5219074757631,777.2734785661045,1111.5536770026115
1165,823.7500000000002,882.2589388177116,734.4800396217219,1059.730830169968
1166,665.03,761.8384419161335,632.0981026741288,918.1663756486789
1167,641.5000000000002,598.9959572946723,496.0087059848609,723.3236274032507
1168,660.16,649.0756577435889,536.6336442056697,785.0340686363301
1169,706.4699999999998,648.2868712925133,535.6794035119674,784.5219307357303
1170,804.4899999999999,717.8068574834886,592.6945306939614,869.2847536111614
1171,828.15,822.4755475560361,679.581254982456,995.371810798982
1172,864.22,795.5697612623221,661.8730827088268,956.2320872715736
1173,918.5000000000003,869.0497590951467,730.5580787820659,1033.7593789980303
1174,954.6599999999997,908.5690720080754,762.9378764398805,1081.962269928422
1175,906.7,945.4485617598533,793.7259643168603,1126.1367996983547
1176,867.8499999999998,860.6762352159318,720.8252038491181,1027.622899805397
1177,782.4300000000002,851.5198159021731,710.1593910391342,1020.9791029461084
1178,736.7700000000001,737.9955368910875,613.2035973695653,888.1423070196553
1179,810.4199999999998,726.0781077021628,601.7976010490853,875.9818821105611
1180,818.5900000000001,842.0701604557513,696.6752912264087,1017.7651825843851
1181,830.6000000000003,794.9528299330902,665.0900727013703,950.1339883945872
1182,844.9899999999999,831.6946497466458,700.1973608409771,987.8519530151785
1183,860.2099999999999,835.294964068908,707.2159170055431,986.5367809920913
1184,872.3000000000003,854.9259148469081,727.3471305088551,1004.8516619605322
1185,884.0399999999997,863.4351331535263,736.8397725027036,1011.7511788847311
1186,899.8499999999998,877.0045852343345,752.9745202674545,1021.4378025653443
1187,916.76,889.8250590895813,767.9007156729663,1031.082907098609
1188,936.7600000000002,909.2499645293815,788.5606698549683,1048.3873739657456
1189,944.9299999999997,907.1936003579274,780.2047552644524,1054.8251344129096
1190,951.1800000000003,925.4545027538157,793.9134737827054,1078.762733909133
1191,954.2200000000001,921.6653218399355,770.3434629724221,1102.6734437930004
1192,938.0499999999996,944.6542813758672,777.2421070594036,1148.0794596857354
1193,930.74,901.8628324585956,731.7797886877602,1111.423277523694
1194,870.8299999999999,933.7717407847534,737.506251988014,1182.1967637613718
1195,847.53,827.1537772961531,658.8875855784613,1038.3265365777054
1196,819.5400000000002,863.9090567551874,694.1803969263935,1075.07705822055
1197,779.2699999999996,800.1772470533252,648.7675433376263,986.8686428361882
1198,738.5999999999999,770.3077599378296,632.4281508241812,938.1999073079427
1199,714.0299999999999,728.686002480699,603.0331326406782,880.4775770470802
1200,695.2100000000003,716.3238857460939,598.6005636237774,857.1605626787479
1201,641.61,696.4798767996581,587.1272954052665,826.1647691597855
1202,609.49,626.602149304258,533.0454837770748,736.5485230687624
1203,541.0299999999999,612.9069042055146,527.1842819434894,712.5420343150643
1204,517.3399999999998,516.1134005034656,447.46961102699026,595.263966175769
1205,604.0900000000003,523.1241451695126,456.4418052243261,599.5269225775255
1206,790.6599999999997,669.665113599252,587.6937293749309,763.05042580746
1207,839.5599999999998,889.1065956705189,783.2602305291041,1009.2383377538338
1208,653.23,803.2626300870927,710.0047829370485,908.7524991078408
1209,535.78,584.7042202140086,516.5626811050896,661.8171738426494
1210,578.0799999999999,529.9590838224914,444.4129180369079,631.9352770820607
1211,654.9699999999999,660.9500108792,547.7732522787578,797.467882834045
1212,686.9800000000002,670.3363615516661,528.6322647848027,849.9536527661361
1213,725.9400000000002,719.5914534724385,574.5707342850225,901.1515721478432
1214,732.9300000000001,740.508557451946,552.7030169386979,992.0141681625329
1215,702.4000000000001,732.5917439983087,561.3708828399824,955.9429415420284
1216,725.2900000000001,685.7424830950146,498.28485217999923,943.5815069860811
1217,724.7599999999999,773.2728381194777,578.1155749109255,1034.1965200414452
1218,707.7400000000002,696.183416514019,526.8761002655777,919.793186161711
1219,679.5099999999998,738.3193309164146,571.1500983520009,954.331607284663
1220,669.1900000000002,656.5595503029662,517.2831206242955,833.263253014708
1221,718.9500000000002,695.7897175625092,561.0190349039225,862.8780545641848
1222,936.8700000000001,743.2510845206926,608.5137311599425,907.7730899123515
1223,1172.7899999999997,1070.244941920544,892.8875462370677,1282.7920501534811
1224,1252.1899999999998,1143.5488519265887,963.942138181938,1356.5861418122415
1225,1329.89,1235.2542743106526,1057.5015895189779,1442.8567177266923
1226,1346.7899999999997,1315.6220522105205,1132.0387888626956,1528.950823755171
1227,1332.2500000000002,1288.487498593427,1123.5305274281704,1477.6419474369884
1228,1324.3999999999999,1239.272727345794,967.5705848979264,1587.1923962824937
1229,1296.9999999999995,1284.2114538222913,1030.9041874244717,1599.6994652852936
1230,1284.7300000000002,1247.554340349292,1024.0244033595438,1519.8300755530897
1231,1275.6700000000005,1263.4146356640772,1057.865456242363,1508.8654521746769
1232,1289.9800000000002,1234.749498395553,1046.9226656734306,1456.2419061128994
1233,1298.0299999999997,1293.6991203583473,1112.8295487814496,1503.93925582287
1234,1315.9100000000003,1256.8711564992714,1084.108902081284,1457.139218393668
1235,1353.8099999999995,1327.4494765268985,1156.9511565031414,1523.0522035609736
1236,1430.47,1338.5174704394299,1170.0901585239587,1531.1681601986922
1237,1483.8899999999999,1471.074659232133,1295.0509513750196,1671.0051013846025
1238,1522.4399999999996,1448.8334310032756,1278.9283281451649,1641.2927217345925
1239,1458.55,1540.6566864012543,1363.390524183472,1740.9538589569504
1240,1321.2999999999995,1371.79643086841,1218.4859845025655,1544.380647710987
1241,1298.1500000000003,1267.9442556676074,1128.3050995797487,1424.849865187923
1242,1275.6100000000001,1309.0981738880384,1166.820655484105,1468.7095972440043
1243,1277.7999999999995,1233.938677154328,1101.4862394361317,1382.3039196132577
1244,1337.5300000000004,1302.0188380921265,1164.6184567470746,1455.615655487489
1245,1512.0899999999997,1352.2583179497692,1211.4703828573247,1509.3940689953615
1246,1721.5999999999995,1648.040856357177,1393.070589616679,1949.6442257582776
1247,1914.4500000000003,1764.049958244795,1395.028600777994,2230.617141198804
1248,1977.2800000000009,2047.2010942680186,1513.6420397651086,2768.715624169055
1249,2021.6999999999998,1884.088305811487,1327.173897152153,2674.5215776538744
1250,1925.010000000001,2132.992758521937,1446.5827759185745,3144.882342054211
1251,1901.5300000000009,1779.5457548812963,1260.0817132363209,2512.987120699527
1252,2085.24,1961.4633430686818,1440.6916757042084,2670.3495248608688
1253,2361.3300000000004,2149.9863182673134,1628.342350153347,2838.637809044687
1254,2514.649999999999,2477.8136975287553,1934.4574865300046,3173.7105735049804
1255,2534.440000000001,2516.3292694516194,2008.8838251472882,3151.8920087574916
1256,2714.3099999999995,2522.467967224427,2052.8638222383265,3099.444397851058
1257,2752.8100000000013,2828.068313407633,2339.0438754891334,3419.2895107059194
1258,2567.3000000000006,2676.353887387037,2245.3496969089283,3190.054290509735
1259,2621.429999999999,2468.8465579722897,2100.8718617485265,2901.2425824060083
1260,2716.5500000000006,2705.893418281687,2331.5721463240807,3140.2841782766845
1261,2798.26,2696.384079558989,2347.961756330471,3096.4880084998163
1262,2882.7699999999995,2843.7935682954267,2500.372473701342,3234.363997685573
1263,2901.970000000001,2883.824539253237,2556.3511041478196,3253.2315401196556
1264,2922.2899999999995,2889.203849959667,2579.099463773634,3236.57995054355
1265,2908.4300000000003,2920.325808347301,2624.4407719551455,3249.5568473215644
1266,2889.109999999999,2875.1937888960747,2597.8459479889348,3182.1400848079766
1267,2871.41,2874.0542177469824,2612.6515701556586,3161.6008796927845
1268,2877.8099999999995,2845.0937477418097,2598.828671605381,3114.6859332323456
1269,2837.639999999999,2875.7601109769907,2639.3995545716366,3133.278947206897
1270,2791.9800000000005,2787.2317035033966,2568.0282786917433,3025.1387532800613
1271,2763.42,2772.3444754636103,2563.5676786995077,2998.1174120563105
1272,2745.4900000000002,2733.6757202751974,2534.027399001022,2949.047521383675
1273,2742.2799999999997,2736.898545402826,2541.142455978278,2947.728710025904
1274,2675.25,2727.9159056211424,2541.755735998463,2927.705228946364
1275,2339.9799999999996,2615.2912563328714,2433.0149231017763,2811.2177366279107
1276,2021.5500000000004,2101.7569815743504,1840.2851103182168,2400.3591913506116
1277,1928.5799999999992,1949.5275662874337,1607.5710357019068,2364.1785979019846
1278,1723.7599999999998,1915.001108298528,1513.5770553895445,2422.8187380020768
1279,1687.7700000000007,1576.0609793002577,1194.8174749667448,2078.850298642486
1280,1778.53,1830.9514265385765,1351.6609704367481,2480.069612079605
1281,1868.5800000000002,1760.9053044597906,1242.195918725254,2496.0402935899597
1282,1866.0199999999993,2009.4925093530367,1370.8875373639964,2945.3640568754613
1283,1758.2400000000002,1824.2912205825232,1302.8845929142667,2554.2016321391598
1284,1554.3599999999994,1737.7678168038694,1290.6793699693944,2339.6068030834385
1285,1424.31,1465.5405912472092,1126.587807475947,1906.3825484066278
1286,1398.4100000000005,1417.059725494638,1120.8455874847298,1791.4867802693923
1287,1389.3499999999995,1403.715119319462,1138.1217394744183,1731.233261876927
1288,1388.1999999999998,1394.8650877420143,1155.596108882547,1683.6324557148296
1289,1356.8800000000006,1396.913652942544,1178.1403057787347,1656.2774007522266
1290,1263.2199999999996,1341.0619867927753,1148.0888225076526,1566.442256085627
1291,1148.3300000000002,1221.1463979905873,1058.830974337023,1408.3207825480986
1292,1119.7800000000002,1107.5227925897327,971.01261967375,1263.2045553928986
1293,1076.3299999999995,1137.1305355656991,1006.7909603615509,1284.3271828538273
1294,1026.0399999999997,1042.1558373088308,930.3891306796667,1167.3345500472071
1295,996.6900000000003,1021.603832778435,918.9195017374961,1135.7501143720149
1296,996.0100000000002,985.4938666412443,891.9758050770279,1088.8057297720934
1297,921.3,1010.1777785047686,919.8429139266707,1109.3745104382288
1298,713.8199999999999,871.6219326302426,797.4126340496014,952.7286921990681
1299,657.39,620.4230436112729,570.1290759105784,675.1459281606599
1300,679.22,693.7074536317709,640.3359657289335,751.520475883497
1301,680.2199999999997,675.4484804319427,626.1369782139452,728.637324180527
1302,622.0,690.8040556135026,642.737933386902,742.4591415877372
1303,623.2100000000002,583.7965774703023,544.3198898926613,626.1310534598229
1304,675.18,655.0588175879383,611.8353896303437,701.3308043527068
1305,730.6899999999999,694.757628647165,649.8977347616134,742.7092679359481
1306,719.1000000000003,764.0107444173859,715.5002826797112,815.8055941098024
1307,631.8500000000003,701.034725557756,658.6962689601179,746.0904097515054
1308,495.63000000000017,597.293025327858,560.8149207109877,636.139618333672
1309,373.65999999999997,438.62909942838843,411.5427501627864,467.4938590920612
1310,401.8299999999999,337.58355245284105,316.5894886521486,359.96541632443035
1311,388.2400000000001,471.25930035378866,439.8962798266615,504.85331964772723
1312,314.05000000000007,356.6031351650716,332.5451164447755,382.396416181861
1313,341.5699999999999,301.92126092162437,280.23226065115654,325.2829452989695
1314,341.0999999999999,388.14444107835055,358.68939365043235,420.0115691355466
1315,328.12000000000006,312.9262361228625,288.36607347547243,339.5709610066662
1316,317.18000000000006,349.2129513298828,321.39089307690347,379.4360294071024
1317,319.5100000000001,304.321707816689,279.9984436243619,330.7503971257495
1318,315.8199999999999,336.3447531250665,309.61493525790684,365.3747925273506
1319,287.87,311.25147441347144,286.78567028661604,337.7972138302859
1320,262.04999999999995,279.81972559735567,258.1351431343515,303.3188867813597
1321,252.28,255.76122099655691,236.06405365691413,277.09498568287034
1322,252.78999999999996,255.09302328198424,235.76606525705685,275.99762000311483
1323,293.05000000000007,256.75065568110523,237.5240420913615,277.52706134584537
1324,376.9699999999999,327.69637435870595,303.5849580799455,353.71648763495597
1325,427.3199999999998,423.44325302244846,393.1111925154906,456.1097661206293
1326,348.73999999999984,438.35452870646844,407.44644648284446,471.6014966150298
1327,274.15999999999997,302.3536635307077,281.40211702468054,324.85961517228793
1328,259.7900000000001,267.38599096418454,248.21773936543767,288.0285431897182
1329,264.31000000000006,264.2003701406231,245.27795530962885,284.5766616800952
1330,306.9999999999999,275.3210635256644,255.08715637240067,297.1536881018805
1331,341.19000000000005,346.53319770184555,318.5003806286985,377.02560130665864
1332,351.15999999999997,345.28617358171255,315.4530216592096,377.9318028475023
1333,306.2700000000001,363.7913664250495,330.53018300965135,400.38951998340605
1334,247.1,274.51215864616336,247.63655471537297,304.29279835285394
1335,247.21000000000012,240.1630932257427,214.7352208186498,268.58805017330997
1336,256.69,269.1040699658778,239.8949229074851,301.8549034225615
1337,242.2299999999999,260.12043107655455,230.24844118632643,293.85119629700375
1338,274.08000000000004,241.79027281672583,213.13731260191153,274.27718480340155
1339,350.20999999999987,316.659300552914,276.10154552627085,363.15326026465596
1340,364.7599999999999,369.7088451585835,282.3747320105694,483.958721985434
1341,337.0899999999999,339.67699329736894,253.90655412679996,454.30729548994884
1342,336.93999999999994,322.2595142895929,231.15549518867738,449.1151846257913
1343,369.85999999999996,338.2968079953053,216.57455405331768,528.116671830989
1344,412.69000000000005,371.06076578556645,217.6630866281242,632.0707920188004
1345,421.1799999999999,411.448708564759,241.3994034956441,700.7918969416706
1346,420.3000000000002,389.34134028215624,228.4067264105126,663.1756513303696
1347,401.51,412.8788565635448,242.23991290837205,703.2253298901403
1348,368.14999999999986,362.7852925693559,212.79952485765824,617.9898652856219
1349,342.63000000000005,355.8377320348956,208.7163879867408,606.168415526299
1350,337.5900000000001,323.0735661977099,189.460625779113,550.4193596628356
1351,236.42000000000004,344.60014879931,202.11197047621556,587.0473837660472
1352,240.86000000000007,192.1466950452658,112.51385686003782,327.6439809098077
1353,235.8199999999999,302.36432999300246,177.28964209403912,515.1820711018197
1354,222.73999999999995,236.4101718634532,138.5278560666501,402.95940490413943
1355,217.27999999999994,242.75632583604738,142.257541492994,413.7575462056572
1356,197.51999999999998,229.9451623863725,139.96974450483495,377.3483343678662
1357,239.55999999999997,202.68083751363008,129.52109358196222,316.8481150573738
1358,371.80999999999983,271.1452966518072,180.02193534024704,408.13860715549157
1359,388.26000000000016,407.9089074658676,279.59149864568434,594.9072010804887
1360,391.2099999999999,345.89147036263915,243.46910783875157,491.2245320653118
1361,394.51999999999987,382.63516302681023,276.1116547504297,530.1069952765278
1362,379.18,371.0026783085101,273.7286696798592,502.71878854131165
1363,357.0600000000002,361.5074646371448,271.94373078098505,480.4606349141532
1364,357.12000000000006,341.92304806994593,261.52397562734717,446.944674830425
1365,391.6299999999999,351.7075641921596,273.5599827231649,452.09817040526207
1366,402.8100000000001,388.8343904333963,306.86564543315603,492.6271851663088
1367,497.80999999999983,384.7385640086615,306.8804895598296,482.28570600947256
1368,384.7499999999999,506.356838396483,408.4929485185037,627.6090209830398
1369,546.6300000000001,337.56035932191133,274.4223893525406,415.17210994950784
1370,618.1899999999999,510.51189087230034,417.3403159769357,624.4343760599477
1371,641.9399999999999,579.131312581665,477.28792006162,702.6605478021817
1372,635.5400000000001,604.4142512862286,498.2948194098441,733.0881607658
1373,626.5999999999998,600.5067188027937,496.1689399387473,726.7412237568163
1374,628.9599999999998,595.5940770390649,492.6704503861493,719.9758908593565
1375,675.3300000000002,602.4425567298965,501.0713681000298,724.281189904788
1376,706.6500000000002,651.6365024283512,544.2970054980831,780.1053426065596
1377,740.2800000000002,682.4859163202011,572.0443174923586,814.21268695644
1378,720.7499999999998,716.3199825292309,605.1783754085898,847.8391836625797
1379,705.9100000000002,696.55959799313,592.9015821141232,818.3098105922115
1380,720.9899999999999,684.009012056585,586.5602366667201,797.6199836475704
1381,808.9200000000001,700.4682230797159,604.244935711199,811.9893187993666
1382,760.3899999999996,788.4318821871063,683.4947809950411,909.4564620748982
1383,758.5999999999999,744.2768665788823,647.9844009055244,854.8566385919878
1384,789.4799999999998,743.9020210868607,648.4081722945741,853.438001694248
1385,799.4199999999997,775.3927204043964,676.4674447665949,888.7632808091828
1386,795.0799999999998,785.6171257549626,686.0238264638047,899.6478068102311
1387,767.9500000000003,781.4973193070329,684.5429455328139,892.1636722580561
1388,773.6699999999997,755.2225118734992,663.7126799222731,859.3303423234463
1389,785.1999999999999,762.8630877276531,671.0717188406902,867.1912963088627
1390,771.1599999999997,774.3471998209391,680.0667787249665,881.6789076331345
1391,784.9699999999998,765.089235068149,671.3147455753705,871.9433943696056
1392,787.7699999999996,774.0604855591054,678.6894431576553,882.81357445297
1393,807.4399999999999,778.1963983547022,681.8696559032571,888.1111531465601
1394,810.5999999999999,794.8960639287121,695.7181664848597,908.1919445321109
1395,840.6300000000001,801.4283772310245,701.0050973414704,916.2174148365373
1396,856.7599999999999,825.7136903162705,722.2267711337787,944.008610072489
1397,873.9900000000001,842.45100828455,736.3502010031418,963.81916246632
1398,875.7300000000002,858.5645250987469,749.7328542161025,983.1732230830968
1399,881.3899999999998,862.3432546082497,754.3851574504861,985.7305015539996
1400,866.4099999999996,878.1806915983491,765.0824446245542,1007.975853582139
1401,764.3500000000003,858.3989214408874,741.7870520750558,993.3179597846992
1402,693.2899999999997,745.375804371232,640.3845564475039,867.5535623687865
1403,646.7100000000002,685.0411227593786,582.6427585474713,805.404971575892
1404,680.6700000000001,642.947880430444,543.3760724839854,760.732364206842
1405,609.0099999999998,702.1079017192413,590.1493066128713,835.270491955053
1406,513.0099999999999,603.752794529382,508.4586087485844,716.8717489718208
1407,409.00000000000017,500.12362274829655,421.6945112127183,593.1049117384921
1408,364.7599999999999,384.3995292690255,324.95881581868395,454.6796440302706
1409,489.43999999999994,364.02319441987595,308.16447814288125,429.9742609010612
1410,522.1799999999997,607.1848140818017,510.77050406609993,721.7629672692921
1411,395.8999999999998,520.3447549277173,439.0152865686532,616.7066156273962
1412,457.7900000000002,356.8094930199359,291.8701525971634,436.1481086749145
1413,468.8499999999999,591.2288128382461,475.6092043429166,734.8963351103207
1414,363.0200000000001,473.4960422765344,386.2970278272365,580.3277096371804
1415,325.7899999999999,355.16621758327994,288.5865576286811,437.0533944197707
1416,318.1199999999999,337.2463281298233,274.49771642747487,414.286848751165
1417,331.28,330.6822051384727,269.49078473516374,405.7165737761942
1418,365.43000000000006,356.58672224244805,290.9582801191205,436.96758862919313
1419,446.70000000000016,395.89967997776716,323.9167977235256,483.8298304986283
1420,470.97,510.2795791340723,417.0814487470943,624.2533060792282
1421,315.93999999999994,458.17437795162914,374.3445829611565,560.7267943602772
1422,282.89000000000004,254.33423249126332,206.90573709790092,312.58235319500835
1423,247.61999999999995,337.8087928295554,275.25789045073446,414.5226043003885
1424,197.78999999999994,230.82999917304238,190.46731804823898,279.70142238599743
1425,170.94,200.77590742262893,166.59739010800925,241.92452758355742
1426,189.63000000000008,168.09290142114304,140.58730576763767,200.94189836442035
1427,306.7199999999999,219.0170387066781,185.09675239240275,259.12005421343446
1428,324.2299999999999,401.7797766438523,340.5677000705375,473.96162090200255
1429,338.9499999999999,291.73061950655085,247.1633654501854,344.3016340314345
1430,407.32,394.66237727312944,335.5676780065028,464.132949535337
1431,588.8399999999999,418.61500354739024,354.3941678658825,494.44074473535983
1432,493.5700000000001,691.9720443793161,590.7052790992767,810.5700015762052
1433,276.9700000000001,408.07611342549086,349.25296078792974,476.77830685242265
1434,232.4799999999999,261.81756277291123,221.88981410086117,308.8978371018627
1435,297.1199999999999,256.04288929328294,214.93888969962404,304.971041289252
1436,482.4499999999998,361.5223159215743,300.7946129560344,434.4697661892574
1437,400.4800000000001,504.02481102501383,413.1095398048785,614.8999859578851
1438,402.72999999999996,305.33407198487583,234.17724329619836,398.0205954606154
1439,387.00000000000006,478.5821626598056,349.5327769862859,655.1413535101586
1440,413.25999999999993,338.7202876135039,247.44498074060843,463.52890081404655
1441,338.7500000000001,417.21925609434413,306.1621533546248,568.4300038526316
1442,317.68,312.04222148692094,229.40904610967286,424.3106988986076
1443,374.8699999999999,334.51030872453134,245.78321910171647,455.13785114794865
1444,512.89,380.37254780647976,279.42525196435446,517.6587841201033
1445,725.6199999999999,495.87808516234253,365.4378634170114,672.7508761031997
1446,521.3500000000003,647.7082140901508,480.94315301336593,872.1783912621788
1447,352.63000000000005,389.0770322566361,289.28787494207097,523.1696406524363
1448,302.23000000000013,333.76491565132756,248.42208370849414,448.3088466136648
1449,407.6999999999998,307.6474214531559,229.18689769850567,412.8516645480664
1450,490.7100000000001,441.3308998716257,329.2203991901665,591.5031447514178
1451,435.08000000000004,442.1284781931087,330.63168310535656,591.1112432534306
1452,347.83,393.0337736755611,295.0482935239142,523.4502947437578
1453,213.25999999999996,328.9046346295736,247.38690153967207,437.17555304013933
1454,219.7700000000001,210.84972020711524,158.58822095300724,280.22566743223854
1455,297.8200000000001,279.65766042588774,210.5412966463124,371.3562425138704
1456,509.14,330.09516510879405,248.63661963480155,438.1343245986537
1457,687.1800000000001,533.4219011949325,401.7556546685614,708.1316165674689
1458,674.1499999999999,549.1007678731597,413.12657804547194,729.7206802394911
1459,555.4199999999997,545.4907056895814,409.5637936914192,726.4194558655223
1460,550.2,458.76772995395567,343.5414078943198,612.529638712835
