step,true_value,prediction,lower_bound,upper_bound
80,14.089999999999998,16.011479200610935,14.300364533392736,17.913956197659846
81,14.039999999999997,12.03616970193491,10.627924330750977,13.614966150770455
82,13.750000000000002,15.55366815906887,13.326912274908967,18.12651688392583
83,12.470000000000002,11.63196867154793,8.601181719096513,15.619478433742618
84,13.569999999999999,12.720304895438714,9.022659607163424,17.782117102855143
85,12.590000000000002,13.848283477790783,9.765480529685917,19.479487341868523
86,10.889999999999999,11.012922826038253,7.791206234978015,15.415303084368123
87,10.1,10.375104314499664,7.436878230699698,14.336596621119881
88,10.000000000000002,9.504648004042528,6.915549252550537,12.940615637415002
89,10.85,10.173857322766708,7.356268165992342,13.94148883082429
90,12.06,11.153584684437872,7.797226188150882,15.790476625547623
91,13.180000000000001,12.544211026452968,9.18970669783763,17.003035589632763
92,15.099999999999998,13.331418329371948,9.837149194223363,17.952359855019726
93,19.750000000000004,16.40788002083726,12.22138679630921,21.920007673057267
94,18.999999999999996,22.76588311193748,17.409436430035505,29.680852302939606
95,19.450000000000003,15.32670635558162,11.621334232466493,20.119901867086302
96,16.340000000000003,20.813818790114855,16.383859343814734,26.372672592250076
97,14.180000000000001,14.371392682441966,11.582737149020447,17.77808541969142
98,15.360000000000003,13.722227354781193,11.328765146337489,16.580347724464186
99,15.690000000000001,15.790636819923048,13.331172452373357,18.67218563278585
100,14.889999999999999,15.176691819144306,13.030879478424833,17.65067393772156
101,14.030000000000001,14.33123029693993,12.48429939297875,16.43113346624424
102,14.429999999999998,13.509606206737496,11.91054616022725,15.306720851450763
103,14.549999999999999,14.560724160378191,12.98974649710317,16.30811465708233
104,13.270000000000001,14.159607335707713,12.7252896535919,15.743813819091315
105,12.19,12.51203804422559,11.313379235680575,13.827381550919037
106,14.560000000000004,11.796974932132159,10.710135301079251,12.984686188768961
107,22.330000000000002,15.878660401010208,14.468811961003102,17.41700433432355
108,147.23000000000005,25.371016543767517,23.091930170060596,27.865703521583427
109,73.91000000000003,440.42920898970027,399.1346669810522,485.9854142343027
110,45.050000000000004,34.86009215436275,30.105939671396488,40.34085717725103
111,36.150000000000006,33.138227600986895,27.63449495234382,39.699812784418974
112,36.90999999999999,29.061621787997165,23.521222750845524,35.85383529634243
113,36.699999999999996,30.99749925587671,24.52951503396939,39.104167950997756
114,30.930000000000003,30.98434406089704,24.059939834052578,39.82205590995647
115,26.329999999999995,26.69909490826477,20.375880489666372,34.89278388359075
116,23.66,23.833765851797764,17.887715768649297,31.651694568888544
117,19.690000000000005,22.167470419724257,16.42902553857374,29.795277937995408
118,16.690000000000005,19.06568531761781,13.954519293158919,25.923749227422544
119,14.599999999999998,16.95567856899455,12.261366770304926,23.311701686359207
120,13.620000000000003,15.470956821865613,11.055276938879244,21.504038688055463
121,13.429999999999996,14.937229405161595,10.549934282915551,20.991058554199096
122,12.870000000000001,14.978316450962671,10.46221991923768,21.273747878332806
123,12.750000000000002,14.48833989343906,10.008448250495151,20.791324916652613
124,18.200000000000003,14.484803435277788,9.924133865238042,20.94948728998991
125,29.699999999999996,19.90468621854989,13.592023775665586,28.948272605257355
126,38.39000000000001,28.672235105375414,19.464793315218728,42.02225400409634
127,44.11000000000001,33.4076128560315,22.501567055456942,49.37467585275988
128,49.19,37.082105184908585,24.873204041968044,55.05207352603278
129,52.17,40.798907683841676,27.35024556710631,60.627285711749444
130,64.65000000000002,43.043071758675495,28.87580866704362,63.92852433077894
131,55.769999999999996,53.708101441824795,36.257741730223806,79.33166328331336
132,42.949999999999996,44.84988173462838,30.32568526083253,66.10824160989289
133,39.39,36.58318563098361,24.86050017313743,53.61981913405535
134,47.17,35.570683528169404,24.424512034131272,51.603365284733925
135,44.769999999999996,42.82644344127468,29.68052008116182,61.605103812781
136,72.58000000000001,39.17547543793829,27.249516669445153,56.136157250087365
137,49.65,63.782687080905916,44.818154483999734,90.59680464406634
138,39.790000000000006,39.094396281737694,27.300423475948765,55.80341195470849
139,43.8,37.55522267206015,26.298143557324714,53.45444274152033
140,42.74,45.67962937065967,32.89771853896746,63.28125231133994
141,38.92999999999999,41.691150567158914,30.5214677909276,56.81882838820049
142,44.00999999999999,37.77943840769598,27.914673100628253,51.00974736884059
143,52.36,44.36847352286673,33.12320368094328,59.3196115183216
144,43.85999999999999,52.095052544309524,39.313073561405204,68.92978593877088
145,42.529999999999994,40.5649935526963,30.834229659788747,53.27015848974528
146,45.60999999999999,41.759961599316696,32.004011538803574,54.399759929950605
147,51.62,44.90555942733156,34.838769624180514,57.800020436930815
148,52.190000000000005,50.901608319351645,39.92966404849511,64.81478271953796
149,54.77999999999998,50.06610363014783,39.65185755369658,63.148284897447894
150,59.82999999999999,53.29383487225957,42.47637057895895,66.8028194598845
151,56.5,58.42341436885269,46.83997668337473,72.81153629365177
152,50.95,53.621274823636774,43.17327866370277,66.54046232503877
153,43.400000000000006,48.44400277474146,39.13448953397099,59.91293146557575
154,35.13000000000001,41.17267652099438,33.38584101260033,50.72287757314719
155,30.279999999999998,33.71884061360675,27.3836988283974,41.46796377176359
156,35.99000000000001,31.843716709315927,25.43098677540732,39.812313836329494
157,27.459999999999997,41.16075941222523,31.308727100618192,54.01701223572897
158,24.28,32.532593282345964,23.866981392039865,44.21798583076814
159,22.160000000000004,28.731699710956175,20.79113186630423,39.56576652951957
160,21.76,25.134020883955642,18.195357401038986,34.58084558123735
161,31.239999999999995,24.049551308682698,17.535678879867355,32.85255133265545
162,47.629999999999995,34.356367727497584,25.182490105330483,46.74460847127489
163,49.86000000000001,49.0397703586282,35.812558435412676,67.01968469367472
164,38.57000000000001,47.537921589685574,34.56440476371767,65.24403945177097
165,35.13999999999999,37.626898712986815,27.18575339772201,51.93586739121652
166,38.37,36.896596280962434,26.585099472216385,51.062600358890975
167,38.27000000000001,40.296211803408035,28.965414487701022,55.91151410610021
168,36.800000000000004,38.26435290902582,27.80262715384216,52.52599959475809
169,32.64999999999999,37.41778729359497,27.326287562260525,51.104476355818086
170,25.350000000000005,32.301219366916385,23.68907679054439,43.91748398418077
171,22.659999999999997,25.125509368152365,18.499890946796647,34.00236189051826
172,21.659999999999997,24.72520121942668,18.301503874523327,33.28675724348632
173,20.149999999999995,23.0057282456872,17.195697893370273,30.670947274616708
174,18.82,21.24127000578278,15.982169843367007,28.129027446592488
175,18.120000000000005,19.630514160209998,14.84503665688837,25.861289357105694
176,20.66,19.096899677733777,14.50795362169861,25.043757062297548
177,33.919999999999995,23.371569672612758,17.903611705160724,30.421160018054223
178,29.99,42.243875000661134,32.71661734941948,54.46323659022105
179,23.63,26.336025268534367,20.47549888505943,33.795851844066796
180,22.239999999999995,24.456520500808235,19.124620888025554,31.201075469384868
181,25.08,23.177318096041564,18.235430308516147,29.388855405973576
182,23.779999999999998,27.860852033265623,22.11459085859022,35.03562724436017
183,20.53,23.57810351056261,18.762876351467707,29.56656133615223
184,20.570000000000004,21.386093654861938,17.05105039912415,26.76221760194993
185,19.67,22.609304060450047,18.002715532322963,28.332609714157236
186,18.589999999999996,20.711501356947828,16.442599446563484,26.025174350696897
187,18.650000000000002,19.957807359114188,15.778479681292257,25.17815783342248
188,18.250000000000004,20.11506582581334,15.910890993164148,25.364430177490565
189,19.840000000000003,19.14003640841789,15.108313281984099,24.180852857266807
190,48.309999999999995,21.884584589648803,17.276691882763323,27.654212436261226
191,54.45999999999999,63.986714542444446,50.75454452035259,80.60197536586085
192,31.5,36.84715054009581,28.999136096097516,46.74826846400459
193,25.809999999999995,26.962305567452297,21.025505139389814,34.49932352058805
194,23.340000000000003,25.96914101857901,20.181227022074697,33.33864178510459
195,19.869999999999997,23.472880482357038,18.141195873045532,30.289679238230285
196,18.529999999999998,20.60938046855941,15.831011730936005,26.74434072650891
197,43.31000000000001,20.54488790046157,15.683440594343562,26.82292968998457
198,62.36,51.704127008484136,39.2582059339207,67.99773448140607
199,35.62,38.97268177584847,29.346298085482545,51.65272501615714
200,24.02,27.391834028199316,20.05543390264945,37.28447531463048
201,20.140000000000004,22.591237928536053,16.036660680298397,31.66758183687967
202,19.29,21.642261886123062,14.933487285478677,31.175757518381786
203,18.01,21.099787572706408,13.733176232708622,32.149716194561435
204,16.139999999999997,19.567454210930745,12.45511421266305,30.43935949058051
205,12.809999999999999,18.292126162473746,11.52608102889793,28.712895119404287
206,13.899999999999997,13.986084029728735,7.937029867967755,24.129457757665506
207,16.919999999999998,19.874451351888858,11.763285298217761,33.140325869172635
208,13.14,17.962789248568775,9.784617132452686,32.34261862700513
209,12.840000000000002,13.977487732949063,7.923770320042889,24.13793281823971
210,11.83,16.90158604774978,9.32053062708291,30.051386271169793
211,11.01,11.965965840200898,6.5219832959796555,21.349992489229702
212,10.869999999999997,14.71358341429532,7.447759399518491,28.228661949355565
213,22.349999999999998,11.401161959226817,5.974702632249741,21.049516093759056
214,14.219999999999999,33.89680624148716,19.68194432076654,57.88165382174097
215,11.98,11.878414720708811,6.935257919071241,19.900841208949796
216,12.840000000000002,15.68937914398252,9.62934603564339,25.204375629280108
217,13.279999999999998,14.58290957943296,9.225563428080218,22.747060264079035
218,12.2,15.262342724663768,9.97403082659161,23.099056679665214
219,12.14,13.52432026026525,9.041636766825452,20.008116895811888
220,11.559999999999999,14.12680881174896,9.749414827011384,20.286772211285474
221,10.680000000000001,12.881092413370125,9.107260150563112,18.063991993694398
222,13.419999999999998,11.874087332178679,8.62737400115729,16.21571475426632
223,12.319999999999999,15.595881334106682,11.670736160461104,20.736959381666075
224,9.760000000000002,12.893411223165888,9.756200405432073,16.94563769177356
225,9.389999999999999,10.718960317376952,8.15729006417865,13.99723498521434
226,8.850000000000001,10.895220999275475,8.361659092270058,14.114445124202184
227,7.890000000000001,10.020794213129408,7.736449538695975,12.902433082246791
228,7.4499999999999975,8.922615434547374,6.9104965157183385,11.446538199755084
229,7.199999999999999,7.9041339169692435,6.1256220395220815,10.126551530740413
230,6.830000000000001,7.497440995120078,5.815160766099444,9.59498168036227
231,6.56,7.187179520818487,5.383947622684448,9.499758529961682
232,10.38,6.9420464425333135,4.997761024158775,9.516608021107825
233,10.939999999999998,9.501218007948012,6.832380448948321,13.079446264035688
234,8.05,10.956003799720165,7.832925241103471,15.183316733366262
235,6.550000000000001,9.236274407062137,6.573871560189849,12.834577587429912
236,7.4499999999999975,7.987944154748906,5.657873318455682,11.133475100067386
237,6.290000000000001,7.99134970206012,5.704903410165865,11.057499492410539
238,6.800000000000002,7.14964860207146,5.082340076797647,9.919608489273056
239,7.58,7.210937246974533,5.127068513358022,10.003547671577051
240,7.27,7.753954336702922,5.583218765257698,10.640463314616913
241,7.35,7.681572346152178,5.574043570431753,10.46473971369257
242,6.550000000000001,7.721644051404654,5.648359244185267,10.441480847463431
243,6.3100000000000005,7.200325000956006,5.284012989681638,9.70101704622844
244,5.93,6.8498422143040685,5.052585950807716,9.180776165805133
245,6.880000000000002,6.055567342589279,4.513823239335768,8.028405221747608
246,6.01,7.465764538076069,5.636264767375666,9.79962474771605
247,5.580000000000001,6.191725704417102,4.597210682039247,8.240480936967344
248,6.570000000000001,5.8998567009204095,4.357422559487477,7.8863668983748685
249,6.6800000000000015,7.142851541843699,5.326711597546267,9.48033092866478
250,13.240000000000002,6.913213965859476,5.150556621290969,9.181022487088343
251,12.860000000000001,13.206600322913314,9.98989411021118,17.364825967474438
252,9.15,11.12864374007231,8.374615672032453,14.69173650632469
253,8.610000000000001,8.274932403061092,6.094052704498089,11.126266136535406
254,6.440000000000001,8.495392879782075,6.2206762013887795,11.486709475225442
255,29.050000000000004,6.507145118913753,4.621479554308306,9.025337154030627
256,38.599999999999994,12.88436705304306,9.118052088233947,18.05264440057608
257,72.01999999999997,10.896366877243693,7.1065132333027865,16.458004545848475
258,35.879999999999995,64.62700502885649,44.878936936719874,92.87540506873565
259,32.49,27.66682573904213,19.572998037465613,38.94492666824968
260,26.500000000000004,27.38451415032591,19.795348525871272,37.743310435394385
261,15.330000000000002,22.85420935649497,16.787661741268973,30.98977540163736
262,14.349999999999998,13.80791269493329,10.233860526783339,18.51904938271053
263,10.070000000000002,13.511995091751336,10.168516108199892,17.85639949862224
264,21.17,10.009442582032959,7.599052066734277,13.095486924189832
265,28.48,19.242502364189868,14.93989646407813,24.706497083444535
266,24.780000000000005,24.768934262178643,19.437354955085606,31.491385233941237
267,14.599999999999998,21.654300963428625,17.037533574109403,27.452745494997252
268,39.489999999999995,13.497797872479143,10.53279093194398,17.22508917326151
269,23.140000000000004,32.21585316310465,25.254980614011878,41.02223256505162
270,16.500000000000004,21.000078577833875,16.341141403532998,26.91070357873079
271,11.479999999999999,15.776665080071467,12.174172397225563,20.364263554662696
272,8.11,11.818433956023918,9.03549583164394,15.373107202818755
273,5.990000000000001,9.013899527007057,6.816756163430526,11.82861862905843
274,4.789999999999999,7.069652663081635,5.291546686846304,9.35028385610251
275,5.789999999999999,5.885658245532306,4.406124107860865,7.770107479650051
276,7.140000000000001,6.902560718858295,5.239591872674981,9.008742108395134
277,12.48,8.247564353309901,6.323637785087192,10.676908249441754
278,9.019999999999998,13.004100884963826,10.078413371480018,16.702430395052563
279,32.720000000000006,9.805647063484994,7.5290789870221815,12.689873037671074
280,29.88,26.290436768991416,20.2539627236034,34.04136846044352
281,15.66,24.094486909493796,18.307066741068667,31.616724316347344
282,10.750000000000002,15.38998960296772,11.435945871360493,20.601232585294426
283,8.220000000000002,12.111879540142356,8.838299408697779,16.47470552921093
284,6.58,10.020347072357398,7.201615296264176,13.807820802145605
285,5.32,8.575756792209164,6.071964685380261,11.966003398334202
286,4.5,7.132865520605046,4.996240520269025,10.030828625479954
287,3.76,5.90619883824323,4.100083173321696,8.351922463313064
288,6.77,4.907498278886594,3.347579458298001,7.027118595483987
289,30.150000000000002,8.032884809949042,5.6152302681161315,11.3341145633384
290,32.220000000000006,28.857750662871435,20.60307087814484,40.26659953461004
291,28.289999999999996,23.824308127096515,16.842070043005275,33.538944892810825
292,22.869999999999997,22.19407237834092,15.591003576718961,31.425102616854787
293,35.02,18.5974434913836,12.997459586782984,26.437821057230952
294,80.37999999999998,27.97165138731048,19.66662211693148,39.614115812384846
295,41.31999999999999,59.8057933318582,42.2686855892036,84.45081627437305
296,28.950000000000003,28.302235061375516,19.789399392098268,40.30090357100231
297,52.10000000000001,24.114666279397184,16.729261810447646,34.57657781069026
298,32.46999999999999,42.74641968178776,29.629989412757602,61.47959178784495
299,19.990000000000002,23.341363474605558,15.920745469029594,34.016304505456375
300,14.909999999999998,17.959959410955452,12.137830678177046,26.362208394282508
301,11.269999999999998,14.324858757128471,9.522412678910198,21.31914895303846
302,9.280000000000001,11.467062892084467,7.357361134927203,17.597695450256904
303,7.870000000000001,10.00959884706058,6.319510671577801,15.560023232682749
304,6.660000000000002,8.726088607894743,5.405746315360821,13.767490773366893
305,5.76,7.59201728031276,4.637245358722262,12.09553802389856
306,5.2299999999999995,6.73106308958134,4.050148956852536,10.835163082464348
307,4.700000000000001,6.402897514669413,3.8742934266357016,10.243248367697102
308,4.42,5.787557765539762,3.5249868337173442,9.181452922083128
309,3.999999999999999,5.881175703314623,3.459200285572667,9.618625768635228
310,3.5299999999999994,4.78944289965425,2.5805538696887633,8.36102354780952
311,3.0600000000000005,4.262389833003784,2.133974961166432,7.836301214159876
312,3.3499999999999996,3.625753199751755,1.6376623503622039,7.1123319905124625
313,3.83,4.418236712674467,1.9594507801559615,8.919843665393318
314,3.2799999999999994,4.541880469231686,1.9200894914904785,9.51763626585818
315,3.4800000000000004,3.4758124111258475,1.2944919426862804,7.7308638426224405
316,3.2300000000000004,4.431435328533919,1.708698047095369,9.891021891377209
317,2.79,3.3392912950815967,1.1250626051638202,7.860656103879522
318,6.570000000000001,3.2416031944272925,1.0333062583026726,7.848247815847568
319,10.169999999999998,11.753623825757433,4.858421673448528,26.764290410523103
320,56.340000000000025,8.663578420576695,3.2920109489467153,20.75780747100674
321,31.859999999999992,82.62501652803758,38.19803684387048,177.4054496700668
322,27.229999999999997,28.244264481597725,13.18798855025421,59.278241841005396
323,16.980000000000004,25.120573748596495,12.19014431667516,50.726831532336995
324,12.38,15.724553323618988,7.754420154279185,30.95079502071324
325,9.29,12.215331274017345,6.152859201616371,23.41610770732848
326,7.9,9.463181524807748,4.786568381343634,17.919359524730528
327,14.88,8.202997689629747,4.157005773989207,15.423322018081517
328,12.030000000000001,15.311968094327955,8.198531819941238,27.926388288785954
329,9.8,11.656196946821415,6.206564747412699,21.226862141804702
330,7.6999999999999975,9.683733478046307,5.092223997048212,17.735713113180225
331,5.76,7.734852678245868,3.953977953619196,14.401290039031913
332,4.4,6.01619362232959,2.944336682292781,11.48041861309962
333,3.6400000000000006,4.804541746527986,2.2299338324805977,9.431391673838121
334,3.17,4.112029142046624,1.884171135884226,8.060780625669137
335,3.4000000000000004,3.648623626221559,1.6500257705176526,7.154525083748169
336,13.59,3.892530899952841,1.8504293310884852,7.397632716560862
337,37.989999999999995,13.47915787075359,7.653349601989113,23.22715159896176
338,25.210000000000004,31.900953372112788,19.21889084514485,52.537691116912754
339,18.74,17.399942701599727,10.636001419892484,28.09572448516264
340,17.75,15.143720436642031,9.455535623302321,23.92648095001548
341,14.640000000000004,15.023448930060312,9.59349196605682,23.236664967219543
342,11.159999999999998,12.509163258335171,8.098132187125128,19.058786593429282
343,9.03,10.05130518907973,6.596896345842084,15.076479238659775
344,7.640000000000001,8.709712148506894,5.762923401699743,12.94049649936403
345,10.230000000000002,7.7947282037102585,5.198084084108605,11.479218275765062
346,10.59,10.646398211220085,7.270491378217725,15.400306232293083
347,9.369999999999997,10.243035029911619,7.001771304811367,14.797231871374963
348,8.08,9.362862429426134,6.377845503395768,13.555593185271267
349,6.6499999999999995,8.431051528066316,5.7009579153390595,12.273435536946138
350,6.6499999999999995,7.597022513996853,5.031192494769009,11.2544250030606
351,6.740000000000002,8.01125729164888,5.258876015182558,11.97401606603428
352,7.280000000000003,7.404951126110154,4.785885634651438,11.209574798578982
353,30.640000000000004,8.351241565034263,5.39133592904672,12.681915608630375
354,49.1,47.0535455514047,30.45755441860368,72.40504634700153
355,28.219999999999995,26.546515201471014,16.117885022348258,43.32851948439941
356,18.61,19.4959948982774,11.132757235144894,33.62410058394252
357,13.229999999999999,13.968163670901731,7.474384183090077,25.43801824868493
358,9.809999999999999,11.689832381909186,5.851568710490817,22.50291629337179
359,7.609999999999998,9.008994960594489,4.37391202576214,17.64190921640518
360,6.550000000000001,7.863012009185022,3.7133685574135713,15.665996074379407
361,5.21,7.0335532329492185,3.2598460070431656,14.15030764960112
362,4.529999999999999,5.539294194995081,2.4660789242924044,11.337390319935155
363,5.86,5.381354313831153,2.387761639027502,11.02023259533133
364,15.05,7.632270679107604,3.58841400444315,15.24005527949829
365,50.32000000000001,20.794865329584958,10.580116341506876,40.019981209699345
366,33.160000000000004,54.11107444839436,27.935101418163715,103.96699088636598
367,32.27000000000001,14.585070555128214,7.199084943129995,28.62457711965107
368,38.27000000000001,32.22779920357761,16.98834945062053,60.37787365895242
369,27.309999999999995,28.39224524087393,15.1420416176773,52.518885699910896
370,23.32,21.24306741553787,11.37969590433195,38.96495971108921
371,45.04,20.44793810232807,11.233315936592748,36.60338171805775
372,42.57000000000001,49.30827999636239,28.19893564740312,85.67860591752392
373,26.84,26.998157421374106,15.509385786894974,46.4818887335165
374,19.930000000000003,21.579796665744247,12.5282325254364,36.68764445079703
375,16.899999999999995,16.963102143512273,9.90501165269638,28.589426301848185
376,14.689999999999996,15.976904182804812,9.42395184042595,26.649329164624984
377,12.0,13.974621952380518,8.289614607110636,23.138708880891027
378,10.080000000000002,11.870000807123743,7.053940937321142,19.56594679106984
379,10.070000000000002,10.554425773934048,6.291326780147846,17.310077025877632
380,9.17,11.3100944194465,6.851389731686075,18.300840971391338
381,8.31,9.60262610688685,5.839284743933013,15.436759774062661
382,8.400000000000002,9.360923303898112,5.741191264691,14.924296981681854
383,8.77,9.744886679257922,6.03089903477401,15.42074351787435
384,12.240000000000002,9.939106354593095,6.224602995845195,15.563408107811153
385,14.849999999999998,14.983775641183733,9.612948834216262,23.072582251977384
386,16.899999999999995,15.364709802983246,9.862602313375492,23.653735744896053
387,43.32,17.77642968244278,11.466393474851936,27.280377346577026
388,67.64,55.206886979163784,36.44160340346959,83.37710612563505
389,45.980000000000004,51.84517987959693,34.369650498842326,77.95506450080302
390,32.77000000000001,32.43285249609827,21.464271767225902,48.757038091775875
391,28.740000000000002,27.349927929977312,18.124685034012924,41.02518432097094
392,24.56,25.593386989782413,17.001864283869345,38.285277371079054
393,23.140000000000004,21.656954288495342,14.413426123749625,32.30457313705201
394,20.219999999999995,22.270019358122227,14.919249219921031,33.01503384027486
395,63.21000000000002,18.307125214701752,12.166285262189648,27.312092335312098
396,245.24,79.81949585495126,53.36431218215836,119.14850640181797
397,65.02,256.41080408154784,169.9962997401231,386.4956484942081
398,35.83,18.973718143882973,11.872567662356648,29.99221747794193
399,24.310000000000002,53.18274198701242,28.94428247189642,97.04107117899594
400,19.46,11.594873242202393,5.785336902472681,22.37847541945018
401,16.219999999999995,23.368915270912098,12.323975387331258,43.569583342636115
402,15.139999999999997,15.683322033959282,8.27216641833263,29.018144792837173
403,16.41,17.7214767231918,9.660968600400814,31.87634584008015
404,13.070000000000002,18.21519245513739,10.07028343907659,32.35268000317498
405,10.960000000000003,13.474263574484356,7.443160273122595,23.81349391063521
406,9.989999999999998,12.77929696957269,7.1392704027308,22.327523915653707
407,8.800000000000002,11.567512978882652,6.498842576205808,20.06223472080115
408,8.13,10.335325627258886,5.816227584682689,17.850545331662893
409,7.750000000000002,9.82864719418624,5.581983129158165,16.815238622642145
410,7.419999999999998,9.331974770950692,5.366503478874975,15.767398780472409
411,7.0500000000000025,8.986749754762862,5.2520312224610075,14.952442832650636
412,6.599999999999998,8.529018143326585,5.054491662771578,13.997491421811706
413,5.87,7.968467036091987,4.810574158389282,12.842590901509999
414,5.489999999999999,7.068632853385697,4.364138311651332,11.136681110799566
415,5.28,6.8529107681793135,4.345537469698976,10.536390471968641
416,5.13,6.5524014843843466,4.251183187876696,9.86207929538912
417,5.17,6.414892872939189,4.255161962308449,9.462215382037986
418,5.61,6.392833617559891,4.340832386588835,9.233234249058865
419,6.6800000000000015,6.879586184280379,4.789409815686338,9.724388221278762
420,5.89,8.08497408319592,5.732548124693608,11.259363403525278
421,5.45,6.364626762388601,4.480912953746861,8.895746896000679
422,5.4799999999999995,6.353740355772518,4.480311450732861,8.867595611356311
423,5.669999999999999,6.3212751163951175,4.4493756341229185,8.836185451101407
424,6.749999999999999,6.522981518400948,4.6415529840994285,9.031856668848894
425,6.400000000000001,7.892406809723807,5.711022896326648,10.782838486947327
426,6.19,6.750556655296435,4.868300668596733,9.236545783759999
427,6.610000000000002,6.584001342558107,4.719447422738355,9.056404423835959
428,7.59,6.8583128179599635,4.292877545476254,10.667203674056909
429,7.140000000000001,8.446735713489852,5.3178539348606595,13.125178669945438
430,8.23,6.561232702167615,3.9289543269103966,10.599263491687921
431,7.35,8.87721958474805,5.136453261360307,14.898347558456557
432,6.490000000000001,7.181520653072079,3.9357256678678896,12.561791051802969
433,5.700000000000001,6.4378011312701116,3.4527895913561037,11.423871492988036
434,5.4,5.617521553983138,2.9141952385986154,10.187891468875716
435,5.2299999999999995,5.438482529009677,2.894928626245065,9.643085215229462
436,4.83,5.278606770229048,2.8862127062901837,9.14378418128266
437,4.44,4.850439923485633,2.715015519289406,8.213325521951392
438,4.11,4.493484362748613,2.5621143224787026,7.472038714008445
439,3.6799999999999997,4.192512493844936,2.45421195240671,6.805596868469508
440,3.38,3.7264643026789566,2.212291576920702,5.954370196342218
441,3.38,3.4408371805164952,2.065705860251074,5.432787672018409
442,3.41,3.5017904936097946,2.1686577059823744,5.395805267982532
443,3.7200000000000006,3.5192258359247663,2.2412229638884185,5.301140768047758
444,4.32,3.8994574456721818,2.5915716689867705,5.683615273289148
445,5.2700000000000005,4.534965244867503,3.139860814394445,6.4002102088479065
446,6.470000000000001,5.503476530467974,3.9572703726921983,7.531954846630251
447,6.950000000000001,6.64090922163357,4.924919778385459,8.85388763342116
448,6.960000000000001,6.8219975676043,5.1419651779043996,8.961574866577648
449,6.300000000000001,6.785134604125672,5.18016081944448,8.806916450080813
450,5.84,6.027726542310061,4.651228896535286,7.739504496759849
451,5.53,5.754212512873925,4.494354951943307,7.30295586435083
452,6.21,5.466048293402075,4.317356730425555,6.86288801978907
453,11.74,6.389889581224098,5.133198606220239,7.90407624616933
454,13.079999999999998,14.113660714145537,11.603111889701957,17.124312644478792
455,12.229999999999999,11.312120618606595,9.329716113052376,13.674973878088904
456,10.220000000000002,11.533719465772073,9.566346644011098,13.867402039636207
457,8.719999999999999,9.088881353348805,7.53836042553738,10.920968650786739
458,7.460000000000001,8.146301888061565,6.775073863175751,9.759362508922775
459,6.490000000000001,6.96339184204233,5.8030538853049345,8.321638590411345
460,5.9,6.257642359902995,5.230192943904502,7.454533125782708
461,5.260000000000001,5.766000552669053,4.830164804143084,6.852053075101105
462,5.22,5.142046799989088,4.31082747176754,6.103363664852912
463,5.62,5.405771224714662,4.537690011613719,6.409931740008109
464,7.340000000000002,5.806168119217777,4.878029269504212,6.880859781932267
465,11.240000000000002,8.019143536882853,6.779914496908644,9.455764028154581
466,13.87,12.379839046047145,10.515488376588943,14.546026971993362
467,13.449999999999998,13.327033130373456,11.333549037888769,15.642726087052985
468,11.87,12.304707284167302,10.441040465982082,14.471952611626373
469,10.919999999999998,10.729124413431665,9.076215501663372,12.653177572775054
470,11.879999999999999,10.310075116195366,8.752019813010683,12.117056936586586
471,13.670000000000003,12.0425997028093,10.277725673925632,14.083662426815202
472,14.99,13.68136547468855,11.72100966840255,15.943819541050932
473,17.830000000000002,14.685249541409538,12.630395878773507,17.049883170262415
474,24.540000000000003,18.557964035221733,16.028836526751075,21.462718260412267
475,26.209999999999997,27.016405321802235,23.447035359209195,31.106918308187815
476,27.849999999999998,23.829197911026803,20.69893357678013,27.411030741374233
477,27.540000000000003,28.286295657467956,24.70797312590802,32.362689043433974
478,28.440000000000005,25.327045306863173,22.16557939800901,28.919964559539423
479,28.619999999999997,28.373492911090644,24.9612046984122,32.234285381627984
480,31.379999999999995,27.056619385338,23.895215135643305,30.619485392865762
481,35.33,32.09153279469159,28.44108917054395,36.19460025268884
482,34.82000000000001,35.339515125344356,31.39017148964441,39.77040345301453
483,33.14999999999999,32.80721375235356,29.158923198057998,36.89683385549121
484,31.28,31.628113026936916,28.15372144889118,35.51656484284138
485,50.86999999999999,29.515174539274792,26.255192058743717,33.16508220361906
486,38.97,70.0807076924804,62.46481296171731,78.61052385219425
487,35.45000000000001,33.57624498774739,29.842907113808344,37.761479682876406
488,44.21000000000001,34.55512886913664,30.72934158806686,38.84221309453066
489,32.690000000000005,45.62473717641608,40.57701466679771,51.28528633408274
490,26.60000000000001,29.961655472721556,26.554640910994987,33.7899329447982
491,37.78999999999999,25.29964030381723,22.373951274928473,28.591534267125507
492,33.230000000000004,39.408927636569516,34.8330619375163,44.5691293025653
493,34.49,32.0433475819694,28.239747189271174,36.34173255176008
494,45.59,33.79221712054974,29.722360107964796,38.40121683065788
495,57.029999999999994,45.12886551754653,39.64159206508725,51.35700979745379
496,62.720000000000006,55.59609620893539,48.680250133291175,63.47467751263666
497,67.83999999999999,60.57786496860098,52.625723222251985,69.70922733062248
498,63.660000000000025,65.5835457579739,56.660105500132765,75.88797180043305
499,46.589999999999996,61.78016536236443,53.094131569533516,71.86093793482095
500,39.02,44.96717693026015,38.376235033551716,52.661335400335034
501,37.97,37.560360063705666,31.858255633750133,44.251987348816115
502,46.580000000000005,37.002692824674725,31.15912106074974,43.90808872538616
503,48.67999999999999,45.47628724582124,37.91787258826097,54.502655528186125
504,43.69,46.40086605308345,38.07094200864611,56.50672973498182
505,45.21000000000001,41.8604372363667,33.544461385057595,52.17833905747742
506,44.61,43.38197626239055,33.58312814223554,55.957248310622845
507,39.91,42.85634272752704,32.002007265141785,57.2806609907596
508,33.82,38.974478893960644,27.84560798866691,54.39695899186881
509,28.590000000000003,34.363353391732566,23.37655126686883,50.30203815206048
510,45.260000000000005,30.951954416916344,20.099802098339133,47.3856382302781
511,55.279999999999994,49.90538623948423,30.594079572591653,81.0203779710397
512,48.309999999999995,46.900168478401376,27.115360185762363,80.6075670060644
513,46.83,44.1331729950877,24.11410030540855,80.1099454024967
514,62.51000000000002,44.377813937651645,23.171968206771357,84.18735338991956
515,102.63999999999997,58.14858255546896,29.370665160462416,114.19519904607382
516,92.47000000000003,85.12143303023122,43.39512657186516,166.0656623801803
517,50.44,64.08085467649236,33.48986133044427,121.80471657576715
518,39.56000000000001,39.5074079315895,20.871990572251086,74.02061103747637
519,36.08,42.993383686376454,23.218252083650057,78.9156686242997
520,33.940000000000005,36.440648376098444,19.98953172829138,65.78577535549216
521,30.010000000000005,38.14694995361948,21.2626852657645,67.83642617127768
522,37.47,29.926998726001745,16.977241538035877,52.20500635063586
523,34.78000000000001,47.01596888750705,27.40131992132206,80.17697609100152
524,36.46999999999999,32.42168396730837,19.14883767804292,54.437885651731264
525,38.68999999999999,43.05826346051303,25.992363516454713,70.91406480476053
526,55.26999999999998,39.33361174567845,24.101093405769078,63.80993517506441
527,56.00000000000001,61.28346980149125,38.31007241894407,97.68286603928559
528,54.68000000000001,49.33821714088964,31.217651886504427,77.6505519970805
529,53.739999999999995,53.700276106928115,34.438746919159364,83.43075634134597
530,48.279999999999994,50.40785198618838,32.68455654015233,77.4563466846787
531,40.2,46.10506840290748,30.22614350894847,70.05864573403775
532,41.45,39.5891278903698,26.194435665548397,59.58141169621411
533,36.370000000000005,44.11510058527713,29.497801682324667,65.73832829070088
534,40.9,36.55978870224712,24.703740762097546,53.884529859471215
535,53.68999999999999,45.243563764920424,30.926881322314493,65.98014654458696
536,61.829999999999984,53.78657106152268,37.19997562331665,77.57513832671576
537,74.76999999999998,57.46307110329419,40.08547219551933,82.19073629149094
538,56.439999999999976,69.32308071169645,49.48519186201125,96.95616295369587
539,66.19999999999999,46.71119094699318,33.902437875590586,64.22059432336789
540,81.99,65.91265946291006,48.72572758451623,89.0399896369445
541,61.890000000000015,72.13404017034944,54.15263166634412,95.9779259853916
542,58.120000000000026,52.236161980756485,39.457243567752926,69.05145908408592
543,55.400000000000006,57.39166739811351,43.55801433033037,75.52016977810044
544,44.04,52.43192260044101,39.934391639601216,68.74502950759697
545,43.879999999999995,42.954223089931745,32.812356097619436,56.13809832895703
546,55.56000000000001,46.93384355832839,36.15210047876741,60.84450754237759
547,54.370000000000005,58.20991221958869,45.00885559553507,75.19867218326596
548,56.60999999999998,52.35671779382553,40.45075946298706,67.68244081925876
549,45.730000000000004,54.88147224466391,42.355730083321234,71.025979823886
550,37.57,45.19607265528489,34.686770357873336,58.80023149675501
551,32.27000000000001,38.77217574161138,29.59172877723305,50.70763557497429
552,35.68,34.39969302972852,26.11565476692528,45.21456783435463
553,37.84,38.57926358952559,29.442021673216708,50.459069410866014
554,31.260000000000012,40.3491558345251,30.992965374475997,52.44151966581637
555,35.94,32.84019951279854,25.334612359091732,42.48494245713312
556,51.370000000000005,40.98417416348972,31.806597922987642,52.729157906834686
557,41.56999999999999,54.5701975736127,42.3481105709968,70.2383266004791
558,45.60999999999999,39.45066877181106,30.595939765171597,50.786926302803835
559,33.64,47.66968173668939,36.87943418916637,61.53361411158838
560,30.62,36.35818353113116,28.09536058227439,46.96757451412834
561,34.989999999999995,34.10653584937974,26.423535169633503,43.942012461927824
562,40.96000000000001,38.107804250447955,29.720684087552385,48.78471016246205
563,39.16,42.75970066693868,33.532159081142474,54.45298798029048
564,35.43,40.48300935000885,31.89585183362896,51.311764821780095
565,39.25999999999999,37.17802802268893,29.41613187182128,46.92068333487088
566,46.61999999999999,41.05903009321007,32.702634957532254,51.48735045822293
567,48.17,47.04260505532125,37.64790324421094,58.7210121831721
568,43.379999999999995,47.94065931659837,38.409022694117134,59.77765878474557
569,33.67999999999999,43.877623803061695,35.23627643267222,54.57969296186341
570,26.410000000000004,34.87881915940503,27.951689742021365,43.46336900346367
571,21.01,28.819254473359752,23.05328113710424,35.96742794792089
572,26.25,22.277592542165287,17.72177232788282,27.94204165446896
573,36.220000000000006,31.477994961025345,24.912517706064843,39.70697292534821
574,34.3,39.62522069733053,31.129683001415962,50.367097416867736
575,30.63,34.604170883538245,26.8573017061422,44.5053758499765
576,32.71000000000001,32.56044165227648,25.250354252406296,41.9062112101824
577,38.29,35.2690228384041,27.37277734407582,45.36282171816852
578,28.689999999999998,39.6457659987966,30.85337999772055,50.865086020609226
579,22.659999999999997,28.680268154802214,22.149018082700348,37.05424120340083
580,20.96,26.635684964024495,20.460273977899362,34.58813294822471
581,19.74,24.843713725960303,18.956748412370235,32.46725254778434
582,20.44,23.097962741198366,17.574316449865453,30.264235744211792
583,21.960000000000004,23.73286216320089,18.02582491234348,31.151797548974024
584,23.370000000000005,24.742492984331527,18.869990932404626,32.35059121580395
585,16.980000000000004,25.715757026893975,19.710616657627163,33.46211599195366
586,14.419999999999996,17.528099103569133,13.38703328846946,22.861101139371844
587,14.599999999999998,16.143034585782146,12.411879242383685,20.912189149496925
588,13.820000000000004,15.856143036977379,12.238848188766543,20.461803476538936
589,10.35,15.480989261238392,11.802259439076359,20.216802262261602
590,8.009999999999998,9.069036376304734,6.8189729931421,11.966599786988857
591,7.959999999999999,8.436395016482589,6.292907398547973,11.209883663794567
592,10.970000000000002,8.589126608766957,6.350058202381455,11.510288570119048
593,16.190000000000005,14.035371309063349,10.493721891239103,18.668336552819987
594,21.65,18.756599225993572,13.953679186817823,25.102152393413192
595,17.999999999999996,24.531114333882517,18.32279066096923,32.73414381839011
596,14.789999999999997,15.345628706370114,11.405367014298998,20.537418239907556
597,13.569999999999999,15.491727181544512,11.559007091263622,20.655936926708844
598,27.619999999999994,13.381973038500988,9.965533705072378,17.862843710424226
599,31.51999999999999,39.80043918962393,30.22196321841794,52.31746201930706
600,14.339999999999998,27.04452181399027,20.497965348090393,35.584634454499124
601,10.970000000000002,11.66857671571727,8.64297866011752,15.643491773532336
602,8.939999999999998,13.151781240492765,9.69318158598926,17.729029397683703
603,7.979999999999999,8.91573705541753,6.454600576127211,12.189417776057448
604,7.35,9.759420356239342,7.049237970232516,13.382122485429942
605,6.7299999999999995,7.83966880498949,5.602430244554857,10.834997370301272
606,6.09,7.783953694293277,5.533403896923229,10.809746300825582
607,4.86,6.642822274896226,4.67087856116463,9.300473144615124
608,4.83,5.157321133846859,3.553679822152236,7.325706906507602
609,6.26,5.835347978075559,4.057242646314395,8.238627696741336
610,8.260000000000002,7.772789798064295,5.494858843656133,10.849655657442593
611,8.07,9.676357968794152,6.87519675083135,13.473875775332411
612,7.849999999999998,8.093111450731017,5.684763359016865,11.369125339924684
613,8.330000000000002,8.739758763442559,6.154269916127935,12.259620042599435
614,7.950000000000001,8.95437422393614,6.30825985546114,12.55857182830178
615,8.15,8.204989116960816,5.727464139977951,11.594912864692686
616,5.96,8.998234379722033,6.33737817812587,12.624034128412454
617,6.830000000000001,5.2380567896101375,3.5872470603812365,7.4829423831310145
618,7.4499999999999975,9.091679287493669,6.3924357821966815,12.77651343105291
619,7.039999999999997,7.39757277393646,5.121805159588642,10.519351997523794
620,5.9,7.667969362152208,5.2952426311522425,10.934995561792565
621,4.37,5.902791682405098,3.993087562452307,8.542899541557183
622,3.67,4.529493013508942,2.992464302881607,6.658250811253625
623,4.459999999999999,4.085662696222938,2.6980148392819006,5.994013324396493
624,6.38,5.632700919385045,3.8520441831063943,8.066842721503422
625,5.84,7.534969432470323,5.301962125120958,10.559209936033152
626,10.319999999999999,5.464655580010572,3.8098840126273927,7.688727557347713
627,28.54,14.006390218644576,10.192518691243993,19.119845550975146
628,14.339999999999998,32.25688483253058,23.892515079647318,43.431845686356944
629,7.849999999999998,6.552547355554866,4.574360033094167,9.232739044348556
630,8.36,9.186314716025427,6.4381658526924905,12.949810954585857
631,59.029999999999994,7.93322547500741,5.4423590184706345,11.387157741212915
632,99.66999999999997,59.510073695971435,41.96756907755721,84.21471186984957
633,87.13999999999999,45.170488671503826,31.699304113481368,64.19141865427633
634,63.59999999999998,61.67893357900473,43.961646286426564,86.37777726318046
635,41.18000000000001,42.938895608782154,30.86558506429791,59.58657148217633
636,28.370000000000008,29.761715119149155,21.57049232000617,40.92567462221095
637,20.939999999999998,22.212493513155746,16.19606075908388,30.333912030618063
638,16.02,17.505323262261502,12.820177957119741,23.77876841407663
639,13.2,14.05752972732121,10.31716438677726,19.034099862865617
640,11.91,12.284796677641499,9.019767282173792,16.6137646510275
641,10.869999999999997,11.61224706606732,8.553845319504163,15.649712313301226
642,8.939999999999998,10.798348070960825,7.984887454649392,14.492794751871148
643,8.11,8.875721003920438,6.551940104255282,11.914544342363135
644,9.17,8.613484336240756,6.409684341122046,11.472741999310513
645,9.27,10.13009342165273,7.629771772077763,13.354838441444832
646,9.699999999999998,9.542678545625266,7.219997147865778,12.521667820194503
647,9.49,10.396767663326406,7.917852483336411,13.56475237895485
648,65.97999999999998,9.683410226483527,7.395613141929822,12.59462997375527
649,41.35,91.71999576633773,71.543778592568,117.50771743216636
650,61.05999999999999,24.06901781724682,18.58162725547727,31.094148567027304
651,59.34999999999999,49.41387128625958,38.31720878892778,63.6423918776066
652,55.91999999999998,43.946893692986755,33.97466808413605,56.762471048724386
653,36.16,43.49590428631055,33.5391180995579,56.32298932907183
654,60.010000000000005,28.658032030986174,21.72515077437566,37.70596383205592
655,44.620000000000005,50.20908850950682,37.26527307611239,67.53134801255487
656,39.04,34.70290782673076,25.168392784095396,47.711345698646305
657,45.050000000000004,33.188839074865385,23.58425306494224,46.54574866274418
658,29.43,38.39715049541041,26.71635563491861,55.00070541750983
659,22.809999999999995,26.859574703946,18.175931500554327,39.475525408625444
660,17.79,22.809594406075046,15.019396008034331,34.388149808986554
661,14.900000000000004,18.63853007088925,11.995028370614198,28.67841641787758
662,12.720000000000002,16.48386276298425,10.311807602777845,26.02357287616878
663,10.369999999999997,14.419410684263706,8.912753695774375,22.985083574843355
664,8.850000000000001,11.832488771566227,7.0211217835494875,19.52989251579506
665,7.969999999999999,10.258045614575721,5.865282057994602,17.461527143269382
666,13.240000000000002,9.336680341862376,5.200012923618099,16.233344802044723
667,15.73,14.048626614866256,7.971320580290621,24.242790174189153
668,25.440000000000005,16.285293063186895,9.280029011139156,28.06425224641932
669,19.930000000000003,23.721631470959007,13.664287609934831,40.67669639620678
670,15.740000000000002,20.120695417804217,11.545340968856982,34.5577242610648
671,13.809999999999997,16.529847323800613,9.509862979260358,28.238777689315384
672,26.910000000000004,14.673278626654469,8.482095277142985,24.90689670677515
673,138.82,24.11317830985742,14.349840412360159,40.0865330114349
674,132.15000000000003,104.4436339795011,63.440222318912845,171.53757896393572
675,47.489999999999995,93.21134146965302,56.89172199434293,152.31685698309144
676,29.809999999999995,34.89440792414381,20.911122243666313,57.801576016822665
677,21.090000000000003,27.23514373140597,16.145765632932243,45.49680618530733
678,15.989999999999998,21.471998890293474,12.658922198156148,35.97149209866068
679,13.760000000000002,17.836080486982468,10.49216555038762,29.87302619827946
680,11.049999999999999,15.862780811123827,9.488233104604252,26.11165682989798
681,9.869999999999997,12.554809260856867,7.5805268340442495,20.412770760092418
682,12.97,12.043897389253782,7.285703971526402,19.534556832596767
683,12.419999999999998,17.277328258003575,10.437271236451373,28.208079562382103
684,12.5,12.88876887345252,7.534228939372049,21.60285049657656
685,15.600000000000005,15.68264994723226,8.665032513589335,27.79564128424554
686,37.650000000000006,17.852136104878035,9.545571509172843,32.70163820971734
687,51.669999999999995,49.751240286106125,25.690937836605755,95.50048291093049
688,33.940000000000005,37.32888510216676,18.437519591143037,74.58080784363645
689,26.15,26.740202023960947,12.676889492486122,55.2641680151711
690,23.96,23.875578077717034,11.195142355746343,49.74105464697759
691,19.02,22.689512998895555,10.491297927819186,47.83634813490077
692,15.27,17.3763028900703,7.866084445165178,37.087671056613175
693,15.069999999999997,15.65511602942724,7.089272938445015,33.291448942877054
694,16.269999999999996,16.454341066510477,7.476694119023218,34.94019293233384
695,13.640000000000004,17.538136189040824,7.931103245803186,37.47928793398681
696,12.720000000000002,13.08281386220996,5.578520439557728,29.147454598618896
697,12.76,15.184589287594644,6.218648955575819,35.286697416667586
698,11.219999999999999,13.33293062207616,5.079566844368577,32.79071329852032
699,12.729999999999999,12.639906942930427,4.592536758457116,32.26702522436864
700,12.19,15.713290023291378,5.660807934424805,40.93696412697615
701,11.530000000000001,12.271731708064024,4.143477044152556,33.24509549062307
702,12.629999999999999,13.667243755981307,4.561737149212963,37.68000835455074
703,11.179999999999998,14.068955681513104,4.603781976575181,39.52145966431491
704,10.469999999999999,11.363653811325479,3.570368606233683,32.445865910642766
705,10.36,11.499162869644948,3.8574875393452785,31.1625266511684
706,10.31,10.615494638350382,3.6357642555422194,28.10409336114217
707,45.88000000000001,11.199948098674804,3.9761392219491967,28.91048420708325
708,45.9,73.21480895688569,30.506515596958895,173.81583615798732
709,27.83,23.816809461646827,10.137621727425637,54.296727338039844
710,20.210000000000004,22.443207109067913,10.07345358834966,48.63076380587061
711,14.900000000000004,17.567225852909512,8.258640140862513,36.234612278692154
712,12.550000000000004,14.517420912979695,7.072091214942347,28.82998400028603
713,12.039999999999997,13.293642043060162,6.777212678917852,25.270106179424328
714,11.599999999999996,13.440618916589962,7.180383267932237,24.491650924429916
715,14.160000000000002,12.871458450576096,7.223388890126971,22.398791193868494
716,16.640000000000004,16.165876750600678,9.567407238108611,26.88454329214943
717,14.98,16.97743459898099,10.428131744239655,27.280051542417834
718,19.690000000000005,15.046785996177995,9.490312475729617,23.54639377071795
719,23.189999999999998,21.140092356019714,13.76044352106588,32.20927916789898
720,42.07,21.01038603311304,13.764803790833811,31.811617424094393
721,45.52000000000001,36.554190370028266,24.35285276369613,54.62755511158171
722,26.540000000000003,32.7423918363697,22.027066239646153,48.44394544185773
723,19.3,19.9120345271792,13.337959509456825,29.50037822868018
724,15.520000000000003,17.799582440376696,11.92882787216511,26.33614395883623
725,15.150000000000002,15.1272016987439,10.226765937614115,22.166656905224578
726,13.519999999999998,15.911543345925342,10.903600875052897,23.02636826815153
727,11.179999999999998,13.909769253919803,9.632492631520673,19.907723796215645
728,9.539999999999997,12.180750191589663,8.51804725755905,17.252922150088732
729,9.780000000000001,10.982166260969931,7.772720143443788,15.365768650767187
730,10.78,11.61922810303561,8.36093853102013,16.011640167141405
731,19.640000000000004,12.444811724884236,9.088996188063643,16.916843157443797
732,46.449999999999996,21.904128986740297,16.31170038719137,29.303154104340848
733,36.29999999999999,41.61315084906916,31.44654576343332,54.96529869543124
734,28.950000000000003,23.61942340502931,17.882947660354127,31.098590733727526
735,24.880000000000003,25.230244579887326,19.219701823134656,33.02749144072412
736,23.709999999999997,21.16435843961982,16.13909238196682,27.663057184803584
737,18.529999999999998,26.781610944964818,20.2487538957926,35.32297265442065
738,14.82,14.508009124011854,10.913534566110378,19.186985286009428
739,12.039999999999997,15.571933958082276,11.790344044743122,20.471587797039284
740,10.42,12.298094229131683,9.309899902978005,16.152378955278266
741,12.95,11.641881147765412,8.838917807688048,15.243367622132869
742,34.88999999999999,15.544253462011422,11.937593270766573,20.15635550498791
743,87.64,43.316742821164155,33.643363445565214,55.69119562721376
744,32.0,81.25220537751693,62.59328181371158,105.3858492046955
745,22.309999999999995,14.012646126172873,10.381563916816352,18.80215947095753
746,17.7,29.450178997539158,21.72103044876985,39.808598143152246
747,15.46,15.540773555433592,11.429446113943024,21.01201785695158
748,13.209999999999999,18.194297527486185,13.47253691726895,24.45656367502882
749,11.599999999999996,13.888895411885951,10.292722911223946,18.630270602473512
750,9.34,13.983731344973654,10.41953051076277,18.660370871354644
751,8.000000000000002,10.816221765940321,8.06405891760981,14.404036766643216
752,6.7,10.122354798281199,7.596137718689111,13.39097188844408
753,5.73,8.24076444735835,6.173239313656333,10.904207267837034
754,5.2700000000000005,7.383235782601249,5.55231613782563,9.725770965319715
755,4.94,6.761110864184875,5.118479438411617,8.844740421617846
756,4.25,6.201394462960069,4.711955689584648,8.07921647671658
757,3.8,5.151520707209455,3.8927419259411113,6.7341514398285005
758,3.49,4.7162921168180025,3.5680907319200923,6.153096880600057
759,3.1799999999999997,4.238355530108428,3.205877924535602,5.524290327053991
760,3.0600000000000005,3.7980532284936785,2.8617305713219254,4.961398486580094
761,3.7,3.6928624316704113,2.801290732966627,4.7935473368531945
762,9.379999999999999,4.6777288690477565,3.6292529182645383,5.9636733355462255
763,15.520000000000003,13.412894920422588,10.856469196887305,16.52052289240369
764,11.119999999999997,16.26065464396173,13.091988250298224,20.141814302308454
765,9.32,9.542884033882768,7.441609151001305,12.16720565518196
766,8.99,9.824943007834907,7.5849209487376665,12.64944322988833
767,9.060000000000002,9.147429301781605,7.011681244138744,11.852523496237177
768,8.21,9.527123582868542,7.291854452618132,12.364963357985108
769,6.800000000000002,8.163072532700545,6.229416775809219,10.61392417165394
770,5.750000000000001,6.887372583754982,5.230402622576481,8.985012212460123
771,5.0,6.0230317313995885,4.553002473652829,7.882217311133354
772,4.2,5.342899775181424,4.008207584567978,7.0332887322734905
773,3.660000000000001,4.510353691577129,3.356698957320967,5.969496424639173
774,3.38,4.037284966897964,2.987540060155758,5.363381798036426
775,3.2300000000000004,3.3122887940105725,2.2700250856807482,4.686755959267483
776,3.33,3.5804604278279477,2.3304495172863824,5.299635416180272
777,3.33,3.449757852555263,1.9583506121163636,5.693035255957146
778,3.04,3.593102201675138,1.9835695210159097,6.070922157647456
779,2.91,2.9000220896443465,1.3323979593731736,5.521259478293126
780,3.0600000000000005,3.279423667179236,1.522633641183409,6.259661737731616
781,2.8699999999999997,3.201682517225949,1.2321652294282859,6.908973647118343
782,3.5199999999999996,2.8950594986659612,1.0676819857422344,6.337438059993462
783,15.91,4.545685437532098,1.7206821048249457,10.304013400725623
784,14.390000000000002,33.75042915321272,16.118840378275028,69.5417130861839
785,9.41,6.028119720702397,2.5466986471220867,12.926885738828222
786,8.650000000000002,8.208895985758984,3.8066138710455455,16.643140795514167
787,7.5,7.383148959900003,3.4996148949245445,14.618489165182439
788,6.080000000000001,6.674943853282664,3.2195082768771313,12.960101340205664
789,5.2700000000000005,5.5472292719112,2.703921856851494,10.573195330694457
790,4.8,5.223585202493137,2.6078754254247474,9.73568463582181
791,4.34,4.85750768513616,2.483856167116311,8.848396327403174
792,4.14,4.53621889761303,2.364699561522573,8.10919953531251
793,4.33,4.480450030095505,2.391842567559521,7.855167046855206
794,6.660000000000002,4.7481196106625285,2.6365251279840782,8.085838237229362
795,8.09,7.5385277108081645,4.525872168534151,12.193655814803043
796,7.4,7.556334032871847,4.611695311649299,12.04612029275767
797,6.440000000000001,6.703035788825094,4.095940075568171,10.643928202453303
798,5.789999999999999,6.011023766374017,3.6820640087967105,9.498458406444126
799,5.02,5.605385191851604,3.441101543791519,8.824389985796879
800,4.38,4.9458657108717405,3.011246420494868,7.81354954187999
801,4.119999999999999,4.515975961455591,2.7237864179499693,7.170713191468735
802,4.03,4.38564624429948,2.6658796374649723,6.9122034374251164
803,4.670000000000001,4.31046269900038,2.6400139884183633,6.747501566533298
804,5.150000000000001,5.019692662923963,3.172040581757872,7.685605771550861
805,4.57,5.157991806258837,3.3370617182786644,7.743445574254215
806,4.37,4.506816409095547,2.9389977672898406,6.698665689863692
807,5.0,4.6096304011639075,3.087289163349027,6.698978951584197
808,7.33,5.254115602957238,3.626761355972583,7.453853347041951
809,8.059999999999999,7.321850117319981,5.265214485210751,10.053602320976088
810,8.179999999999998,6.890780661705501,5.030308793312271,9.325245619295309
811,7.950000000000001,7.300009417243741,5.388577432473444,9.783332761400498
812,6.59,6.946108924418293,5.164202728613473,9.243116558387815
813,6.440000000000001,6.429150871576983,4.117798278644433,9.78438024862363
814,6.01,5.991819903866586,3.9245451164112604,8.926915971424803
815,6.059999999999999,5.712440966016708,3.881367345096212,8.230377584166682
816,6.180000000000001,6.45923984095655,4.570715578193565,8.987991349390729
817,10.48,6.014319799978397,4.29408773725399,8.29351470889847
818,12.440000000000001,12.30815461185849,9.194133513732115,16.373421579632694
819,9.53,10.357138966901877,7.814912113782649,13.632545832402094
820,7.959999999999999,7.983911630342096,6.04381060513032,10.458381365763984
821,7.860000000000001,7.278493134290899,5.56378178083442,9.441152808372197
822,8.120000000000001,7.596634066024244,5.886877184946609,9.730860342139447
823,8.39,7.7604409607427165,6.079008760994051,9.841253121416115
824,13.020000000000001,8.046159776616502,6.345125731336935,10.141130825704646
825,12.079999999999998,14.714387293006391,11.839347771065782,18.233217480961056
826,10.989999999999998,9.602034749524595,7.717508144320837,11.893953061960016
827,10.929999999999998,10.344814826669825,8.356536860355375,12.755604811088096
828,10.410000000000002,10.193930431957105,8.26469587979146,12.524899267207877
829,8.669999999999998,9.684466461445187,7.87313655723195,11.86555468062801
830,7.550000000000001,7.8993509851445065,6.425675043199668,9.665487985408323
831,6.21,7.282135692657372,5.941672871237782,8.881446865034729
832,5.4,5.931428741372171,4.844555086805723,7.220421175459993
833,5.01,5.474892647333819,4.496656905504196,6.627224241068387
834,5.43,5.169217584356566,4.268303255770963,6.224194158042006
835,8.92,5.890961341759849,4.902813048265836,7.044528570590465
836,17.910000000000004,10.122327745252639,8.480231237174042,12.048856233351977
837,30.970000000000006,18.911305144020055,15.936120587477273,22.409143226780383
838,40.58,31.638288822311907,26.768415156099454,37.36221445337552
839,40.43000000000001,39.126576243298366,33.24189911172212,46.022570674476185
840,33.32999999999999,35.798573340051064,30.482188263747158,42.01273432833292
841,32.67,28.121668858768892,23.892095435348864,33.06991586234468
842,32.71000000000001,31.750127435055603,26.989485556337964,37.32049163081198
843,29.659999999999997,29.907199764040357,25.419224627393938,35.15757126588031
844,29.170000000000005,26.893881771870074,22.861988812909832,31.60703231417635
845,27.169999999999998,28.126681496241407,23.928873464530877,33.03136432099726
846,22.419999999999998,24.537588026113568,20.882219457584018,28.803576527310085
847,21.06,19.82890393012435,16.854678677659088,23.298574438822133
848,19.78,20.69053972683026,17.61393623684364,24.27565946583369
849,23.530000000000005,18.489297411503074,15.725588711184084,21.70967678046713
850,36.88999999999999,26.018504879511152,22.122639845939297,30.57077266211745
851,42.97,42.70763511481824,36.264116216341,50.26533408814257
852,35.099999999999994,39.76349521814502,33.669345104747464,46.928870227554164
853,29.019999999999996,29.992267608462,25.228228210161756,35.6216369561091
854,26.35,27.016647199486727,22.082978906263584,33.004819026521545
855,28.239999999999995,24.017073234927416,18.35070494512011,31.34269526700372
856,29.039999999999996,31.262215175768368,22.705647206852998,42.90728162640851
857,33.76,26.212563470590247,19.15169326905428,35.74746338949488
858,24.97,39.556860062456565,28.85826996664502,54.08888826992229
859,19.46,17.279626982398902,12.57196431570461,23.620221129596917
860,17.910000000000004,20.786543508196356,15.323615205444106,28.07771789892662
861,19.690000000000005,16.29412436293138,12.137388778820549,21.766071897233463
862,26.25,21.949374957718103,16.582915695006797,28.95372440416715
863,30.49,28.468183252548126,21.70233844200974,37.25041312038886
864,42.940000000000005,30.473438539513527,23.37859288679407,39.63308075656544
865,48.39,51.07651189619196,39.39699152046677,66.13279848822978
866,53.889999999999986,42.52807830759147,32.774708946488246,55.09799936851321
867,54.66999999999999,56.31658547088877,43.2375119239679,73.26256195619762
868,48.92999999999999,46.45769308677416,35.1194132826357,61.35518322223708
869,32.559999999999995,43.7360982361539,32.63162792918361,58.50703574649687
870,22.609999999999996,27.348874580334392,20.01279795088887,37.24615321814074
871,21.55,22.479259807084077,16.216543184006103,31.020112004869837
872,25.259999999999998,23.387123118155586,16.739158723903355,32.52649261651191
873,32.120000000000005,27.866715877294347,19.832603702696854,38.99919056841491
874,39.050000000000004,34.16504259891259,24.24057626805564,47.99175866076986
875,37.81,38.90217444156451,27.56326779619917,54.74234490694065
876,42.85,34.424108351581864,24.292479977028307,48.614251099312334
877,46.120000000000005,43.875132864374216,31.00011296287021,61.93032627515499
878,47.220000000000006,42.066184973384516,29.787774626625556,59.24132340366724
879,35.54999999999999,44.897247079484124,32.05269095078127,62.73330669542414
880,34.31999999999999,29.947408303095404,21.34913678221827,41.85364978572731
881,44.82000000000001,35.74370380306779,25.52160933468166,49.905650261656106
882,60.73999999999999,46.0597031134327,32.95663239930214,64.21894253477095
883,74.28999999999999,61.10279244586526,44.12041339923814,84.4769834542194
884,73.05,70.58692902460128,51.38018131703398,96.83640068284295
885,60.00000000000001,64.83252086659596,47.40120921667889,88.54158116688829
886,49.830000000000005,51.8835568406726,38.114365488577654,70.49983258548183
887,36.190000000000005,45.53078156004733,33.63505405713824,61.512205958073665
888,25.920000000000005,31.47191505813238,23.30646555195503,42.38044399292577
889,21.4,24.804502811228367,18.48698903768646,33.17010006250543
890,21.929999999999996,21.66773902033365,16.248636527068456,28.789391844833872
891,22.440000000000005,23.850844173891375,18.01723748592135,31.47393090674815
892,19.930000000000003,23.05911640847384,17.490167851071416,30.305344928112927
893,23.490000000000002,19.626861015394965,14.983984446981614,25.618356440453436
894,42.96,28.195340792962856,21.744306364752493,36.4761010666907
895,52.85999999999999,54.323536335565585,42.29867848199283,69.68792351123453
896,45.93999999999999,47.38369517078796,37.02277674982929,60.56788531732471
897,43.57,42.988436875873404,33.652765278637,54.83919676319721
898,41.029999999999994,42.744446576166155,33.54061272196135,54.400771887245035
899,42.61999999999999,39.32366122373325,30.899809894454044,49.97201707051855
900,42.64,44.04592417840808,34.710752986148904,55.82140855091821
901,44.18999999999999,40.36337165824173,31.832395256442283,51.1109867731055
902,57.12000000000001,44.897912529307824,35.357649644000674,56.941544494078784
903,62.440000000000026,61.433673228776044,48.41408380109918,77.88365528596279
904,57.15999999999998,56.22697935166428,44.30538378256838,71.28560696964821
905,56.44999999999998,52.639306601557394,41.565562085592056,66.5939673229352
906,66.81,54.88116880764736,43.49554552538161,69.18017175511409
907,76.09000000000003,70.74733482450269,56.212570789682644,88.97463290615838
908,79.73,71.31905190782669,56.454418983022165,90.02946929795627
909,76.98,78.41907877959312,61.97153313977421,99.1625617117988
910,73.04000000000002,68.62181610446528,53.29171474425454,88.28060755710311
911,68.27000000000001,71.59840373199269,55.595637653055995,92.12605075223173
912,54.06000000000001,61.54286458571116,46.75481520834137,80.91027215834262
913,44.08,46.93784147756531,35.14800659131889,62.5729840239673
914,41.95000000000001,41.922646966089424,30.78431344466782,56.96424156786756
915,38.14999999999999,42.84143110700377,31.303930238836834,58.49960476324276
916,36.089999999999996,35.672830297031936,25.933681344104752,48.933630119570516
917,36.69,38.292699604032684,27.938030865025237,52.35249828759915
918,31.950000000000003,36.7073652311055,27.040333530404784,49.707149796568714
919,27.569999999999997,29.91584858308088,21.93469674812892,40.674398580829724
920,28.709999999999997,27.317909949798782,19.84903849855709,37.462398348989126
921,29.16,31.28351786397625,22.69277475263148,42.98917123702098
922,25.63,28.096151520554393,20.37531354633273,38.60578316065473
923,25.309999999999995,24.597830499912387,17.779990222792442,33.89080231293189
924,27.569999999999997,27.18337430474961,19.33428196041213,38.0622392641162
925,25.360000000000003,28.82723290277297,20.33538669579904,40.69897810248914
926,21.069999999999997,23.546737119457767,16.32313927210076,33.78251220794441
927,17.519999999999996,20.001761878285226,13.772003263630411,28.858780432180527
928,15.130000000000006,16.237539709002977,11.280838343128153,23.194828310374884
929,15.810000000000006,14.724393076045036,10.200057018421022,21.07636418308442
930,16.21,17.409551937484288,12.086297832972402,24.89820336237538
931,15.789999999999996,15.62480444433691,10.600740386346494,22.824696838982355
932,13.030000000000001,16.473589685803034,10.352507615236423,25.895056744821538
933,10.11,10.689412093261671,6.710575497442423,16.721421070504544
934,9.979999999999999,9.80294765476106,6.068267179218624,15.510931897796304
935,11.85,10.284349609668451,6.57806446480967,15.803307322673017
936,14.750000000000002,13.584218941286982,8.82413102285567,20.65071308928519
937,14.780000000000003,16.16618662745425,10.829737435156584,23.909932696632882
938,14.699999999999998,13.921358625934694,9.08829424279138,21.069830427760248
939,14.71,15.719310025175748,10.135023916242051,24.104151533091844
940,13.769999999999998,14.047094071434293,8.588818635466556,22.612401965466574
941,14.970000000000002,13.75698010253579,8.35586080068875,22.276154528785398
942,18.020000000000003,16.487611625101326,9.678662662616908,27.638095425652836
943,20.939999999999998,19.964862451163967,12.124223102827214,32.489636236185476
944,19.540000000000003,22.16920822081829,12.99868143997494,37.34734091788825
945,17.579999999999995,17.529415741426813,10.76623141292548,28.180052275826363
946,15.96,17.98266624589325,10.221658614746072,31.11126181734489
947,14.030000000000001,14.66700112398236,8.764975394569227,24.136256293628126
948,17.650000000000002,13.918089741953299,7.483695864297795,25.232600167284865
949,22.539999999999996,22.453874885119035,13.15525801894338,37.86077148086337
950,29.030000000000005,22.371919528611976,13.375747135437784,36.997790118703215
951,14.390000000000002,35.44080481562533,20.965017221652047,59.45669084663824
952,12.76,11.22545267789256,6.611166871412935,18.637158888311742
953,15.54,14.551142922838231,8.922146030724273,23.373562479092897
954,17.529999999999998,16.500506490372018,10.28555050307653,26.138040571087974
955,14.799999999999997,17.747053288551218,11.163503503360877,27.89397835966175
956,13.63,14.501224467198,9.069911964577969,22.86197226228963
957,12.95,14.580096393897215,9.016133504963475,23.234841071441387
958,10.38,13.84059954501658,8.382282271974042,22.474394445948267
959,16.11,11.548209047947047,6.818915625975576,19.138029087803844
960,9.000000000000002,17.70941445049558,10.402820135740596,29.697861135531987
961,7.67,11.018553770187593,6.160569220178157,19.172367626843023
962,6.290000000000001,10.370684661988276,5.746027456709741,18.16571945668238
963,5.93,7.929346802022156,4.419627359910877,13.711940326482978
964,16.269999999999996,7.134515656702762,4.114663068604231,11.93738103206082
965,7.750000000000002,17.579380226541236,10.711230224198987,28.475414879054835
966,5.73,10.003491831689242,6.081224805154231,16.098289606894465
967,5.349999999999999,8.059681513453148,4.970516221455806,12.747191378569186
968,4.700000000000001,6.802369547830231,4.295221713762858,10.496585761967745
969,6.069999999999999,5.749308143364881,3.677662634672748,8.738445025178354
970,5.359999999999999,6.258861128445477,4.148425368794068,9.234403940558384
971,5.39,5.985014671808655,4.065473956263247,8.631957519997679
972,4.48,5.880944731185338,4.09478498219713,8.293306893043532
973,4.2,5.248792106993045,3.6935882949053758,7.319307178859795
974,3.2300000000000004,4.793415386186855,3.4017094889058823,6.625142441022246
975,2.8300000000000005,3.9794376316641467,2.814724440947735,5.499761519202417
976,2.8199999999999994,3.3759941791606956,2.373352066821943,4.67664586343903
977,2.44,3.1400941938401186,2.2067251573079196,4.345135330605694
978,4.819999999999999,2.7942803166882486,1.9497280239567685,3.8806408606771505
979,4.45,4.168566342054786,3.0245035646013534,5.637856720315205
980,4.93,4.443379237506917,3.277223039657666,5.9274801076758665
981,5.039999999999999,4.907343743204662,3.680320656666326,6.456051125615677
982,4.870000000000001,5.12202661218917,3.8546743004194886,6.720231579101788
983,4.360000000000001,5.115922195236187,3.815146774650432,6.768092240739246
984,3.92,4.767739271305042,3.5083815165926175,6.37888223951754
985,10.64,4.341116789186517,3.1571946359416314,5.862206621044681
986,5.83,7.672523569256189,5.715207221370215,10.200349085274722
987,5.62,6.519214990902636,4.784380815943324,8.77435543724563
988,5.41,6.099329601121688,4.423208232133764,8.293480653523153
989,3.37,5.804256532891412,4.184964912249065,7.929261383432001
990,41.95000000000001,4.486936566353483,3.1163716382914277,6.313837410385805
991,130.04999999999998,9.434257189258142,6.686855448329144,13.16362306061715
992,37.89000000000001,22.548645200846806,15.42049088245767,32.7711396550142
993,30.839999999999993,13.432203065834463,8.732455257167507,20.40143261178486
994,18.469999999999995,22.805280586600677,14.90165054473888,34.6372681070066
995,13.330000000000002,7.231385643312159,4.174494501147963,12.09416979646879
996,10.050000000000002,16.287947469910733,9.748645607492529,26.805654650485298
997,8.929999999999998,5.707539190540493,3.13012175051339,9.893403320869187
998,8.11,11.062921067399792,6.345396831093673,18.81023871472058
999,15.199999999999996,5.890787152821657,3.156134405439415,10.424786340727541
1000,49.60999999999999,17.369832852351394,10.144730171331034,29.278952817663978
1001,46.61999999999999,32.998299784574634,19.577800292604945,55.17142609053302
1002,32.24,22.321539428338873,13.076950384450388,37.63721803753449
1003,113.71999999999997,21.38453427466514,12.537278275604232,36.01389337594106
1004,41.71,128.7267176043035,76.76377871265237,215.4120820642244
1005,25.110000000000003,20.902079703880418,12.470897311439696,34.61018128671806
1006,18.320000000000004,19.833159835484558,12.110588283218483,32.10458229295417
1007,14.649999999999999,15.39182645253128,9.44282237997953,24.729823286569278
1008,17.840000000000003,13.454307653238383,8.302955593926631,21.458132539175203
1009,16.719999999999995,16.96299783749026,10.640137615239517,26.72040176631883
1010,16.049999999999997,15.028175089812546,9.34078371272683,23.843609908744835
1011,13.489999999999998,15.522376335686182,9.583168482214761,24.794630430083995
1012,12.440000000000001,13.18289521020241,7.8945517311518145,21.615475475742006
1013,24.65,13.59702250359652,7.992853623779338,22.693598815740216
1014,17.009999999999998,25.68679343903148,15.086346169604457,43.272635721542805
1015,13.96,12.702414727555595,6.997601344297102,22.476560193865744
1016,12.070000000000004,16.9929242566069,9.28511366947321,30.47707781440346
1017,11.389999999999999,13.233888408919753,6.94787716213162,24.49153379004185
1018,24.17,14.695258476829917,7.5925889639617665,27.669023933029074
1019,37.580000000000005,26.247110278507407,13.405529698348143,50.536113844829615
1020,27.459999999999997,27.897202099881536,13.83660124858857,55.282990639843305
1021,19.259999999999998,21.13400213666343,10.018768667619927,43.46177838595494
1022,15.300000000000004,19.970146718937034,9.330312014614021,41.56861291233479
1023,18.88,17.259701837800254,7.95295483186521,36.24096876024379
1024,16.550000000000004,20.844281178698758,9.43313969414134,44.7362437581475
1025,26.45,17.295694689928155,7.574897292680459,38.036321108218196
1026,23.060000000000002,25.475029582476203,11.219504263646439,56.36134431232852
1027,19.930000000000003,20.724857419470762,8.91875399074902,46.58354026488894
1028,21.880000000000003,19.651600064277634,8.385397640690197,44.44171718051023
1029,36.20000000000001,21.528511064853177,9.115230787148972,49.17520820622452
1030,40.14,30.26508950638318,12.806684759949142,69.79945974269874
1031,143.72000000000006,30.33340340643112,12.6758222320836,70.7896264201855
1032,87.60999999999997,92.20414379065973,40.67008218296695,207.4712091904843
1033,42.05,65.10923610333542,28.73291599969657,145.98965611752138
1034,27.919999999999995,31.783363321592226,13.685286339267426,72.18542422980987
1035,23.570000000000004,26.217660144894044,11.347029941795716,58.99831759177004
1036,22.700000000000003,23.358314727738065,10.008404234111211,52.89768432894441
1037,27.309999999999995,22.786555353964197,9.728288392054358,51.73909452566997
1038,68.15,26.642032092841358,11.546459540411474,59.90020342078211
1039,49.60999999999999,58.31388447226733,25.88424270212537,129.8624137257675
1040,30.599999999999998,36.14106272654371,15.901665377801553,80.61672294546895
1041,24.790000000000003,26.86726626722408,11.784313867550422,59.74510820479136
1042,20.66,24.37344219801673,10.735442411837251,53.860442954131734
1043,20.169999999999998,21.52869817894425,9.516327722123078,47.262307437438935
1044,19.5,21.867968272634442,9.7595719835517,47.60267431805344
1045,22.099999999999998,21.51837941956836,9.619450017555078,46.749875073133474
1046,132.58000000000007,24.05724951848039,10.856495698042307,51.955423712172916
1047,54.48000000000001,108.10755058404362,50.63642604692601,229.54379448397796
1048,261.54999999999995,31.146181172204777,14.064797631484392,67.59547597217812
1049,277.4400000000001,121.03724073655553,56.74340384299651,256.91843111788324
1050,58.38999999999998,165.22725526576554,79.16691240104748,343.67462405136774
1051,29.189999999999994,46.136188183560044,21.691544506166313,96.91401532285373
1052,22.750000000000004,30.712445422761874,14.310067867055567,64.6874419776862
1053,19.31,26.84832144928038,12.656073079624582,55.79004520703471
1054,16.980000000000004,24.271672785907256,11.59729615462764,49.697978166001384
1055,15.420000000000002,22.76332326585662,10.989002838934187,46.10112594216414
1056,14.540000000000001,21.235667530803727,10.370238835432882,42.48412708796152
1057,14.470000000000004,20.581547702986228,10.224943812410912,40.49358865754827
1058,13.830000000000002,20.133466734272343,10.21092743560759,38.83822201810464
1059,16.049999999999997,19.070387207523588,9.856834943377887,36.10293513356085
1060,22.79,21.143419074840608,11.186539209211345,39.235459789387306
1061,32.36,27.181090556371913,14.76037652526028,49.39053880937141
1062,218.29999999999993,34.01877481965995,18.972488628336485,60.40018966540727
1063,92.4,155.78872421475305,89.53143860977022,270.53775990296595
1064,73.85000000000001,61.52524322691681,35.00633798128604,107.57549697547644
1065,129.16,56.63155017186195,32.27832237532802,98.80658092531328
1066,73.41999999999999,86.67408240372886,50.20542219327579,149.1158353176365
1067,28.980000000000004,57.551891815393354,33.59241816183478,98.10622666281071
1068,17.22,30.32985809141273,17.69898077916694,51.492701052543104
1069,10.250000000000002,22.350270021898506,13.078692021705667,37.72768217778768
1070,8.500000000000002,15.499552025069605,9.096681768905441,25.962840194327622
1071,7.76,13.320431380695233,7.900361409226871,22.041171644625894
1072,8.430000000000001,11.791182829394213,7.055703463340382,19.31037499326532
1073,7.570000000000002,12.139425729639656,7.344590494058057,19.689392562481263
1074,7.239999999999998,10.704646801767577,6.5023165391008035,17.26086063419394
1075,8.31,10.115478751778785,6.183575417606661,16.19949477782609
1076,8.14,11.1043763060038,6.885194288897388,17.581143392198392
1077,7.739999999999998,10.677606323845215,6.687679573555417,16.738315983381007
1078,6.909999999999999,9.908461727356377,6.227955309582478,15.463098090747959
1079,6.410000000000001,8.715416929524078,5.384842410075234,13.783344686086124
1080,6.24,7.711366605017002,4.5957107166986,12.561799737170539
1081,5.97,7.465576217500811,4.1141560227968865,13.013256610642442
1082,6.950000000000001,7.070149745798421,3.6466133256808257,13.016082758525599
1083,7.029999999999999,8.108982002512226,3.9436114368295723,15.783995704829117
1084,6.499999999999999,7.947714173236669,3.7652121070115117,15.80126448267394
1085,6.440000000000001,7.300154842746467,3.3555557940525302,14.817170912525054
1086,9.470000000000002,7.233366808201181,3.269323099197538,14.878003941920065
1087,10.690000000000001,10.462814416671808,4.922848796129727,21.18461400482139
1088,8.62,11.254002564860158,5.35780250267344,22.618314472092706
1089,8.02,9.049168010818722,4.303151806355155,18.042596063089064
1090,6.619999999999999,8.616698232433134,4.146454883647572,16.969823302548086
1091,6.269999999999999,7.18462252375231,3.466760508194696,13.99700862256163
1092,6.109999999999999,6.9542369851990085,3.4524714456943784,13.21005991580046
1093,5.53,6.484284913051704,2.9768742479817663,13.085062078128392
1094,5.849999999999999,5.566978422079654,2.1550653765584316,12.668561645813206
1095,5.19,6.607106138329922,2.22656079489678,16.934905764472976
1096,5.379999999999999,4.710206184668176,1.139104249913712,14.243041414525718
1097,5.81,6.113430403462044,1.487069195972663,19.34559078084226
1098,7.440000000000003,5.924141894368345,1.3424375396474812,19.46745757863923
1099,7.65,8.980975967992311,2.304332219738298,29.148264353857822
1100,7.609999999999998,7.548454103926353,2.0224535735130202,23.17773037353837
1101,9.05,7.614771116131465,2.1832540524475235,22.313967456122914
1102,13.310000000000002,8.918338561736059,2.903048912084745,24.204254940447587
1103,12.550000000000004,13.289796865817678,4.75031543481948,34.510798804160416
1104,10.750000000000002,10.376718266135331,3.6910022717318682,26.591058586128806
1105,10.550000000000002,9.732912417496427,3.5232974210584205,24.46713121833454
1106,30.259999999999998,9.900614119644722,3.7951662294707527,23.77982670446704
1107,91.30000000000003,37.28483120838508,16.584001231953614,82.35578923817509
1108,76.61000000000001,110.58282050443513,51.952121333016045,234.1317665523227
1109,39.239999999999995,49.358898283489644,23.895682892209766,100.86579927560105
1110,29.86,27.11061802064639,13.448624142478133,53.690802232132704
1111,25.429999999999996,26.730804961525056,13.735495796973101,51.18674379263891
1112,20.59,21.164243754282133,11.09292817753576,39.62322160416071
1113,18.18,18.02569119277542,9.657668685854073,32.96398743782533
1114,16.049999999999997,16.712662137466676,9.277557854104375,29.526551584504396
1115,33.71000000000001,14.604918895780939,8.4246790092347,24.837855433091793
1116,28.31,50.52846452068253,31.16707952064945,81.54347909186974
1117,20.180000000000003,17.53046278180335,10.93806098559418,27.763301789307164
1118,15.450000000000003,19.25019172098932,12.358816677745363,29.696600951188003
1119,12.650000000000002,13.275506149184492,8.596630190495274,20.235587051926068
1120,10.8,12.409872835054369,8.171193350549698,18.607556244744405
1121,9.570000000000002,10.381645358814783,6.895295780925869,15.40747283803963
1122,8.95,9.702424504308832,6.547511082934978,14.176114219879832
1123,8.66,9.172391045382208,6.272357334362807,13.228885466233583
1124,8.47,9.088912352557024,6.302267437071087,12.938978999980828
1125,9.93,8.84479024871386,6.224560853230984,12.415333749708365
1126,11.83,11.2328053794264,8.067847370092545,15.502431210351997
1127,9.93,12.491666402045935,9.088883238435898,17.04214183098375
1128,9.03,9.314713569030534,6.777169384953792,12.680210722551308
1129,9.03,9.806025754543358,7.182039412181755,13.271526538237167
1130,8.680000000000001,9.651026232506025,7.101164968520628,13.003462495375874
1131,8.709999999999999,9.335449632787075,6.929761987551415,12.470961584921827
1132,8.250000000000002,9.612275848377646,7.208393886135415,12.720150402660826
1133,8.36,8.778484291819934,6.609653669553718,11.565454250295327
1134,8.400000000000002,9.513672573087646,7.2422887262058975,12.410997193370354
1135,8.179999999999998,9.108494062166042,6.951371896184125,11.850820404197576
1136,8.51,8.958405941186047,6.858956374637843,11.618704591552017
1137,8.39,9.409399038008559,7.223239254380857,12.176752491394195
1138,8.16,8.939058392705098,6.870010483188166,11.552064821848065
1139,8.280000000000001,8.377274223505687,6.443209807857785,10.813891336234157
1140,8.88,8.596186839752269,6.5565335064328965,11.186381729802548
1141,8.77,9.276124455231686,7.022438884644689,12.162921567596044
1142,8.47,9.03346771894455,6.7737932377495875,11.949980966595035
1143,8.35,8.746852552374262,6.49791095609603,11.670347145225277
1144,8.07,8.668077354876774,6.418442016035928,11.59991242606329
1145,8.040000000000001,8.36705885994583,6.169118245323668,11.238854024052767
1146,7.990000000000002,8.277682824563538,4.731392805828735,14.018234050484894
1147,7.5,8.040195059911973,4.696869405005578,13.34562053492901
1148,6.9799999999999995,7.195666493957882,4.23994281069757,11.818641673541855
1149,6.6899999999999995,6.981109849861841,4.148013844456987,11.373337827004347
1150,6.290000000000001,6.700898467263286,4.047331787893139,10.749542073962349
1151,6.02,6.3262049050297104,3.8137544087607465,10.149982685614209
1152,6.09,6.244542483076801,3.7845698722372365,9.969302819390881
1153,7.76,6.459050725408576,3.923344477486581,10.300740376513671
1154,19.06,9.20402545769859,5.775938772271039,14.366451652051028
1155,26.079999999999995,28.222582057759418,18.319058505729902,43.20294611506063
1156,33.11000000000001,17.045772047036312,11.015004489110593,26.103601090514722
1157,26.649999999999995,35.32002781210815,23.67158152845302,52.46817425348183
1158,19.5,21.540989693655817,14.737709569114054,31.285270873638368
1159,14.079999999999998,17.084168633180614,11.946538136387575,24.26058717072343
1160,10.98,12.144177456365114,8.635612625233577,16.93029750407061
1161,9.670000000000002,10.259970793940827,7.425182618240759,14.048569037056016
1162,8.669999999999998,9.395945205581942,6.917767891372269,12.649765716828941
1163,8.290000000000001,8.500663162269207,6.370650478328313,11.24621908043196
1164,8.13,8.404028904985298,6.420665468963976,10.91749715920637
1165,7.690000000000001,8.231215157477438,6.393234512711088,10.526123395265174
1166,7.440000000000003,7.731065954136081,6.081935071438206,9.764220785208787
1167,7.300000000000001,7.618230224705584,6.0644564751977335,9.513744754008115
1168,8.45,7.480024109844267,6.020850386638768,9.242464223478112
1169,11.190000000000001,9.139147316296109,7.466968182755394,11.141572530168615
1170,11.089999999999998,11.999455110028862,9.93614066787263,14.452053726237201
1171,9.989999999999998,10.392165093341104,8.6472301304609,12.452713759170914
1172,9.739999999999998,9.750257301980653,8.195217937403733,11.568275471610947
1173,10.130000000000003,9.747018235695583,8.271037522748223,11.457980099312131
1174,9.920000000000002,10.261731652633525,8.788666967264257,11.956473056042011
1175,9.5,9.737865994390875,8.392887517960522,11.27543350146829
1176,9.699999999999998,9.445152477640162,8.209913104606343,10.846062936965755
1177,19.06,9.856985560296016,8.636800586341998,11.231666972909695
1178,24.46,23.114623700661674,20.496949033295508,26.051051538701383
1179,18.220000000000002,21.10629785035642,18.81774870400824,23.659128135469448
1180,15.339999999999996,15.030676249396027,13.407901259171679,16.836225859013418
1181,20.8,14.293507782016855,12.759145844451533,15.998975294162491
1182,28.730000000000004,22.050741049342076,19.72725363124225,24.63468717934433
1183,26.400000000000002,27.388918467190575,24.517074066871675,30.58397744289649
1184,24.97,21.594716698999463,19.255925053647577,24.203550139326435
1185,20.909999999999997,23.342441105165594,20.82348792200482,26.152141815102688
1186,16.500000000000004,17.52729805374429,15.603836248559212,19.67358217906197
1187,13.7,15.395326940268948,13.645709666851916,17.35395836684564
1188,12.82,12.786632361553536,11.30698899499463,14.444170133729628
1189,16.48,13.165603432840523,11.623151971927259,14.896530522864843
1190,17.429999999999996,18.636382175986604,16.265792370448562,21.33245348307099
1191,15.829999999999998,15.743968038994101,13.538336390236111,18.28421919574959
1192,13.320000000000002,15.20399427684864,12.815371703820295,18.00560014983429
1193,22.529999999999998,12.063302713636478,9.984739055840716,14.535178115802905
1194,21.560000000000002,28.22278961384256,23.40572712928003,33.990616271800334
1195,16.7,17.465555404638135,14.470055241938901,21.04108072461059
1196,13.35,15.544371080191524,12.899129228593159,18.69304766776261
1197,11.45,12.476063183476173,10.3653057760414,14.978829122914785
1198,9.79,11.579141441503847,9.634114131046198,13.879922996443534
1199,8.909999999999998,9.979614261869585,8.302508914510078,11.959077002486154
1200,8.290000000000001,9.671700777271234,8.056656113909275,11.574751215816374
1201,7.880000000000001,9.10351242267055,7.5809321726103835,10.896255700620966
1202,7.43,8.781380805318827,7.333103429199257,10.48136600866038
1203,7.620000000000001,8.15862148026528,6.836223974405945,9.704179422734718
1204,8.339999999999998,8.5876335281154,7.237539191306832,10.159002043528929
1205,8.07,9.348554350584186,7.92259667316887,11.002400317951482
1206,7.880000000000001,8.555941772187547,7.2632294425844375,10.05088800788261
1207,7.730000000000002,8.65156615386882,7.366710816346496,10.133733586262913
1208,8.040000000000001,8.235842044940467,7.050308192844334,9.595964307914484
1209,8.9,8.712614687568761,7.495990755926176,10.103458887755426
1210,11.54,9.617192003961547,8.295344735397775,11.127012957326448
1211,14.229999999999997,12.701353422161564,11.00853534780165,14.632804514610914
1212,13.209999999999999,14.725229237572137,12.73681245120188,17.00147126217465
1213,10.970000000000002,12.77477683304199,11.000007988393318,14.812029207283489
1214,9.839999999999998,10.686546735929127,9.059763565331677,12.576400053946275
1215,9.749999999999998,9.949520565710689,8.318554295494506,11.865944310362474
1216,10.53,10.101299246975444,8.371602835119726,12.150241974517387
1217,12.419999999999998,11.021124782373455,9.104660395842354,13.301068553758823
1218,15.490000000000002,12.909803395106648,10.692684024488157,15.547323957895976
1219,20.630000000000003,15.661497213697203,13.00436232915283,18.822786848648526
1220,40.059999999999995,20.73237039880948,17.250958511320995,24.877869529870846
1221,35.24,48.55805979390683,40.560445159736844,58.09468200104321
1222,26.689999999999998,27.793047498309786,23.00394342635036,33.53764114982225
1223,21.119999999999997,23.700888844712033,19.5158096350654,28.73969443915999
1224,17.060000000000002,17.679255839007066,14.542290406245158,21.449368116225635
1225,14.229999999999997,15.97977487783286,13.14170852743018,19.387406114519592
1226,12.340000000000003,13.297922249422731,10.880897711853953,16.20666111337451
1227,12.96,11.96476081653611,9.690659721112242,14.722605284877847
1228,13.739999999999998,13.469579747569314,10.849301228159566,16.669289862739628
1229,13.070000000000002,13.647378602708615,10.921657019900868,16.996298633062857
1230,28.020000000000003,12.60569002085222,10.047566093628676,15.756161436343579
1231,62.61000000000001,36.290015171214144,29.22771295865379,45.002330158798415
1232,37.41,67.60338220647729,54.61202328619144,83.62961374283641
1233,29.609999999999996,20.95015879661391,16.709366774919598,26.20647651156654
1234,25.1,30.65479292667463,24.60810446497504,38.12924974986535
1235,19.650000000000002,19.533350745288686,15.644285634231771,24.331125774597268
1236,18.76,18.33292086218484,14.712843172920245,22.78702727127378
1237,21.4,17.931764745711355,14.411436708314854,22.25621700107864
1238,24.960000000000004,21.812449709664204,17.61735815893957,26.952830756820997
1239,22.569999999999997,23.837801135337905,19.313972392458727,29.36906584886442
1240,26.999999999999996,19.801118440694705,15.99779745254284,24.455446777257606
1241,30.340000000000003,28.346812251289084,22.88758361904636,35.053683915761134
1242,59.50000000000001,26.260686373939485,21.064956119805675,32.67987760969247
1243,39.21999999999999,65.36389119580919,52.525200971491834,81.28210216333264
1244,32.21,25.97527999557739,20.622313218697037,32.653463599379265
1245,31.120000000000005,29.580404595984085,23.417747415036988,37.29841997129479
1246,30.669999999999995,27.786823682233422,21.87599321482484,35.224928462339555
1247,39.38,28.20627333233086,22.03990621329179,36.022998013365125
1248,51.349999999999994,36.50888009882949,28.236788528042027,47.12143046829322
1249,63.53999999999999,43.71954100340639,33.500350195670606,56.96571154243826
1250,55.35,52.044597742442704,39.491110399743555,68.490051566365
1251,62.949999999999996,42.72675734413333,32.0436584979664,56.8637292220651
1252,63.440000000000026,56.863869705501656,42.59979241338498,75.79457245001419
1253,40.830000000000005,53.684591739130965,40.078725618281275,71.79691686308323
1254,58.349999999999994,33.53046901025576,24.815116042027846,45.1881824636017
1255,50.72999999999999,56.101073555732846,41.661094054741724,75.42871504967438
1256,90.76999999999998,43.61967003824374,32.330708406407744,58.73215240570757
1257,78.27,81.49905566325539,60.86382835573178,109.0173456157974
1258,56.95999999999998,66.66151291447322,49.89241672453008,88.95604108674212
1259,52.769999999999996,49.54285748084236,36.88195853537821,66.43527898492901
1260,44.14000000000001,47.80677790389718,35.21361908276463,64.7791634665444
1261,34.92999999999999,40.895700552656784,29.711540693180705,56.15277336078508
1262,39.20000000000001,36.48143362546381,26.061805795386494,50.912938746295694
1263,37.98,39.91659190637979,28.271208180391884,56.19502532713054
1264,36.53000000000001,38.25385150720715,26.938383250188433,54.15225574620452
1265,39.74,36.8805192019324,25.811654902381694,52.51902895335653
1266,39.8,39.210522382131046,27.36416229063243,56.004543045428
1267,40.01,39.28262818879091,27.43652149750702,56.063594572867515
1268,55.81999999999999,39.565704140946075,27.65717215439914,56.422844919405584
1269,45.120000000000005,51.21787008515274,35.5707007857666,73.55984976068962
1270,39.03,44.449581608699276,30.404127279304394,64.77684678303758
1271,45.9,40.12547451180553,26.9793365015662,59.448347434060594
1272,55.3,45.3970178275156,29.68566948329921,69.15272273783718
1273,61.19999999999998,50.593285904581684,32.11969805585386,79.37111769385302
1274,57.100000000000016,56.16729250874398,35.09890297737803,89.53181851061518
1275,53.11000000000001,53.45976057874369,33.134737891807205,85.88701614451043
1276,44.809999999999995,50.97487880903631,31.35238794005155,82.49887594756962
1277,46.199999999999996,45.45081634115964,27.794807455665122,73.93289691491371
1278,46.27,46.93210625798843,28.407173760281527,77.1267465229919
1279,52.370000000000005,47.45375024855052,28.402249052386384,78.84987505431515
1280,43.529999999999994,51.170492966522566,30.339917409182007,85.84644253633405
1281,39.64,46.46958323971418,27.35408852948105,78.47218372437648
1282,43.21999999999999,43.378094625416736,25.50597062156827,73.30081737810053
1283,46.839999999999996,45.46412698234533,26.779602460932242,76.71583842021118
1284,40.88999999999999,47.449055211032366,28.059472853983557,79.77610225885041
1285,38.809999999999995,43.07829236330633,25.57031191129288,72.12280955344535
1286,37.74000000000001,41.96684559923653,25.08245014490042,69.78130353906131
1287,41.760000000000005,40.29201658176666,24.28105702933937,66.44301203110919
1288,46.77000000000001,44.73178120094279,27.52665591746729,72.31373918701462
1289,44.25000000000001,47.66927547743673,29.587261885666564,76.44068051441428
1290,37.699999999999996,43.74468330466343,27.102435595915306,70.24246143012712
1291,36.900000000000006,39.520854568068756,24.53491443688416,63.30174884607651
1292,40.32999999999999,40.24234098035191,25.134733459089816,64.08314661797407
1293,34.18,42.28728721873222,26.56462343408723,66.97804581795353
1294,31.21,36.0689154800408,22.71820093514292,56.93460046248352
1295,32.27000000000001,35.21858720416346,22.35356511568353,55.17069824532437
1296,36.99000000000001,35.87730262825972,23.095649229620683,55.43904574542395
1297,37.510000000000005,40.12832101901211,26.13799158881452,61.3310234402208
1298,35.78000000000001,39.00417426238601,25.765126483601904,58.791757733549986
1299,33.20000000000001,37.559739145668864,25.039452221210592,56.10002923068029
1300,35.64000000000001,34.46035787761084,23.464782713725977,50.3978397242315
1301,37.089999999999996,38.098959387210634,26.224289520276717,55.15311371208223
1302,43.14,38.01615837573792,26.36096838289768,54.63621115662605
1303,44.02000000000001,44.69603161318526,31.274838034273692,63.69830469716929
1304,43.24,43.49956134821841,30.979286139132018,60.921674910708326
1305,39.790000000000006,43.10596643596165,31.12332401295572,59.558374172784774
1306,34.36,39.38034461805712,28.71240472672411,53.87850096517014
1307,30.080000000000002,35.045151580766124,25.812230903041144,47.457472904018594
1308,28.130000000000006,31.698685760447503,23.655036592518513,42.36655702976887
1309,25.540000000000006,30.14252981624915,22.676202337645282,39.96337535576344
1310,21.430000000000003,26.72075234720634,20.146592085159888,35.33872103838502
1311,25.029999999999998,21.01583280828377,15.838450233163979,27.785124968785713
1312,16.139999999999997,29.22181534562918,22.328684624177647,38.15171976043223
1313,15.229999999999997,16.638080011879016,12.738319368183111,21.644827083139003
1314,17.529999999999998,15.773920261923571,12.176643245378214,20.353268485284392
1315,18.86,18.56414999145949,14.495741585676544,23.7007194055252
1316,17.93,19.740667023723347,15.535510934773399,25.015238977848988
1317,20.430000000000003,18.48554315672643,14.632186486599702,23.288757841913203
1318,19.4,21.391968593867286,17.07587070494365,26.738650363968844
1319,17.57,19.932430914145588,15.996413393617011,24.779948617867284
1320,15.189999999999998,17.96660202363726,14.519192100414863,22.17981438695025
1321,11.710000000000003,15.501083473806514,12.589226540420437,19.036883997748568
1322,12.95,11.763143350487061,9.5623439552131,14.42250743545262
1323,13.84,13.493718250395766,11.05898760961191,16.420025256051808
1324,16.390000000000004,14.319025294851679,11.809178008344944,17.320655379402233
1325,18.790000000000003,17.094900894535623,14.206430727842257,20.53203761245337
1326,18.200000000000003,19.439129908979755,16.262378018216843,23.20049143839245
1327,16.640000000000004,18.47935544619102,15.523799074359669,21.963562246883345
1328,15.86,16.86617337870269,14.209992624905633,19.98621341046476
1329,14.019999999999996,16.17421265322293,13.654965875217941,19.126527947560724
1330,13.150000000000004,14.207876464882215,11.997884629027268,16.79362666865176
1331,13.96,13.448746347645098,11.384506350141153,15.857052280990441
1332,14.410000000000002,14.461836836725203,12.285524106734993,16.994653161204123
1333,12.76,14.812106051678674,12.616183633731788,17.36217140683565
1334,10.4,12.855562872731378,10.942330781666609,15.075306071317925
1335,8.31,10.359790675638262,8.796951836248068,12.17193820601023
1336,8.41,8.22469794642593,6.964152441352412,9.684759342495031
1337,9.829999999999998,8.740506537874113,7.410696110215726,10.280572543707661
1338,10.16,10.485683724105959,8.920739774375006,12.297489260925946
1339,9.640000000000002,10.586664509203969,8.983493098793161,12.44727673173586
1340,8.959999999999999,9.980155947366223,8.446629943011656,11.762628085973821
1341,8.36,9.302016812195,7.845077444734459,10.998939643194344
1342,7.5,8.785595792755586,7.340408735514734,10.481198111004339
1343,7.530000000000001,7.442744281187657,6.200129312604924,8.899812614856865
1344,6.529999999999999,8.058369519221184,6.710083488899264,9.642434477511724
1345,6.499999999999999,6.239313794592104,5.144714059892073,7.528902029575001
1346,5.669999999999999,6.8920769865862965,5.693167962270691,8.305739750340072
1347,5.580000000000001,5.445057295283116,4.478124606540486,6.5826613162263286
1348,5.700000000000001,5.862470649443911,4.8287081686385775,7.0795781933064
1349,5.879999999999999,5.814568704598093,4.7979333914825855,7.00946535500178
1350,5.920000000000001,6.067196611774999,5.021124943571549,7.295006069058251
1351,5.72,6.027727388485725,4.9838373201378445,7.253725762339849
1352,5.65,5.764014331876111,4.7658349278101575,6.934998218757858
1353,5.22,5.746231130741246,4.733975492834784,6.937186778397287
1354,5.489999999999999,5.1071217800038875,4.181991873171336,6.197413147036148
1355,4.62,5.792272817657979,4.746995566021129,7.027667587263604
1356,4.34,4.3557122320103865,3.5355551606328977,5.324176974203776
1357,4.42,4.392514722141726,3.570227013916874,5.362750677365842
1358,4.51,4.488013126355022,3.6541642754031907,5.47125591037198
1359,4.16,4.580878908267004,3.734038868779498,5.579204407075229
1360,4.1,4.085020077409199,3.314607375302809,4.992997030428505
1361,4.04,4.161907331777887,3.3811981650263476,5.0817352464361925
1362,4.01,4.064582268265327,3.3021873346827206,4.962081972871413
1363,4.679999999999999,4.0516435747552455,3.2958198350813284,4.940449969052955
1364,4.819999999999999,4.964073390268694,4.07433387111053,6.009820856885496
1365,4.889999999999999,4.853270756447228,3.9852357441442603,5.872449028819464
1366,4.59,4.951514581956771,4.084348653074157,5.966580822073978
1367,4.3,4.602142032490576,3.7903916853343773,5.551446606814781
1368,4.62,4.314115306453045,3.541283144697485,5.218467466238493
1369,4.9,4.689036945379425,3.856790043402497,5.663895510545516
1370,5.05,4.9617410321190425,4.087641291826086,5.986018489777365
1371,4.990000000000001,5.097059403317861,4.206631122908747,6.139767056671949
1372,4.679999999999999,5.018600805126316,4.140061615740922,6.0472998884947495
1373,4.63,4.703184870653947,3.871962570435355,5.676224868030864
1374,4.719999999999999,4.6731188183650305,3.8481951425181826,5.638403814449335
1375,4.9,4.770250538082353,3.9332314362565244,5.74928628475324
1376,4.85,4.953620763485365,4.0833021645094485,5.972947711603259
1377,4.710000000000001,4.86992296854217,4.016557503813874,5.868454239869374
1378,4.25,4.725007590872992,3.867112539245026,5.734118360993861
1379,4.09,4.268056494022045,3.4526560696179205,5.2327785461744085
1380,4.19,4.176531992286432,3.3579763685604513,5.148836340757049
1381,4.280000000000001,4.299376349568916,3.4600999130504633,5.296583090481234
1382,4.119999999999999,4.368699737219848,3.5103215021411973,5.390439540671607
1383,4.2,4.190752420280496,3.3313722156862573,5.220640791633945
1384,3.8900000000000006,4.321235943563509,3.396389719042446,5.440637381264618
1385,3.67,3.9515985942608687,3.018346852218648,5.101595890147938
1386,3.6899999999999995,3.8291456830212995,2.9199032054132035,4.949291807929983
1387,3.59,3.847502369798768,2.9375338505671134,4.967765641384967
1388,3.5199999999999996,3.6619798880355052,2.8201476810936845,4.689323631128632
1389,3.25,3.611385292580377,2.8150070467436303,4.574006563048852
1390,3.0600000000000005,3.2456967768739196,2.561593260704627,4.061201490928061
1391,2.89,3.084202769901416,2.4659795956381614,3.8126977685219527
1392,3.2699999999999996,2.889026473403596,2.329054023483245,3.5431905893221183
1393,3.8100000000000005,3.48140170193052,2.8734153429224207,4.1848199679287506
1394,3.84,3.9777816126648506,3.3240816033950944,4.730305774971812
1395,7.100000000000001,3.8100035189887542,3.2029682423114503,4.5047129834986155
1396,17.409999999999997,7.220717344896698,6.213973796588411,8.367956631148985
1397,7.190000000000003,22.913765840896517,19.893825095253252,26.37020119993005
1398,14.429999999999998,2.725583187746511,2.0142940207676956,3.6047167241118814
1399,31.450000000000003,11.037003849178138,8.91172792754691,13.617982124231748
1400,13.12,25.208520767102392,20.89782027599964,30.36780520353782
1401,7.520000000000001,13.893634291440772,11.592067900888978,16.615878833652125
1402,5.990000000000001,6.495941917553387,5.369921610173478,7.821010472341383
1403,29.330000000000002,5.233433496295514,4.319591142148564,6.304263074820679
1404,40.53999999999999,14.393471997488192,12.212804957378141,16.93404056911725
1405,15.520000000000003,21.84524650074618,18.70547243871984,25.485296878969972
1406,11.69,10.187637589452777,8.595148361960366,12.044429341930977
1407,9.72,8.601864057075257,7.109794027505748,10.368450673081954
1408,8.37,8.202473171664403,6.707968851286561,9.986748144560545
1409,7.559999999999999,7.201839562021053,5.6924466033089764,9.051656171283163
1410,7.039999999999997,7.287549199128149,5.74287023852602,9.186088312294693
1411,6.410000000000001,6.625361128770643,5.055380011918095,8.602391960492003
1412,6.1000000000000005,6.572950681734245,4.942839310984337,8.650199008742865
1413,5.920000000000001,6.265014091308395,4.541055899263886,8.525337897046175
1414,5.86,6.412589946622953,4.6590356799939885,8.709514628265085
1415,5.87,6.208328105550333,4.453246250876747,8.528268427070019
1416,5.61,6.5211342185526,4.771315316344891,8.801484901245761
1417,5.4799999999999995,5.886826284006819,4.188377843252362,8.141272609466789
1418,5.34,6.445070517141692,4.626973141968318,8.850602376577779
1419,5.32,5.747168168816714,3.9817272514238606,8.138251855374438
1420,5.150000000000001,6.517016090429811,4.592696038671712,9.103451092829456
1421,8.579999999999998,5.591833401661986,3.8073297059349356,8.038753373129829
1422,9.52,11.667564471534593,8.042775592972207,16.74534687836289
1423,7.979999999999999,6.74504988040171,4.509259117032906,9.888178678046417
1424,9.189999999999998,9.160793555163481,6.19152888964047,13.356019040592793
1425,9.299999999999999,8.278018903754763,5.539142684359275,12.164055126725723
1426,9.29,9.370929666497434,6.226060987513076,13.884483030699293
1427,8.11,8.685626839746694,5.688148205943722,13.026508443017441
1428,7.340000000000002,8.115813638135018,5.267961826598297,12.257588444872004
1429,8.31,7.962909950248447,5.187061662440177,11.984152924148972
1430,7.59,8.925145554102773,5.8337715849451,13.414955642816887
1431,7.280000000000003,7.2430024708675695,4.706716655199575,10.906511894684671
1432,6.9399999999999995,8.557778001801974,5.604977708464405,12.830647787752797
1433,6.77,6.435227192874394,4.195637635495989,9.64019611990924
1434,6.410000000000001,7.922753784201134,5.227281777201962,11.784957858330358
1435,6.519999999999998,6.640602951361562,4.081111314061458,10.489378966919615
1436,6.430000000000001,6.982019445516884,4.248097352199599,11.140139588284546
1437,6.820000000000001,6.53229667565936,3.794477826984518,10.833508310504126
1438,6.800000000000002,7.071064433372259,4.036150206572204,11.934896382287382
1439,6.989999999999999,6.85741566553438,3.80018152171435,11.861801300992353
1440,6.800000000000002,7.055342897507611,3.8654781849812325,12.336520426034259
1441,6.410000000000001,6.797826310933771,3.677094278118803,12.000827342729574
1442,6.22,6.473871120711531,3.5111189444591506,11.382459921083482
1443,5.910000000000001,6.345063059755248,3.4452857292161534,11.136441758333099
1444,5.849999999999999,6.0594831271376695,3.271138040152594,10.668155314540236
1445,5.61,6.049338471887109,3.26059311425536,10.663440173378943
1446,5.63,5.805526875303241,3.1683498660097547,10.111158501388212
1447,5.65,5.872694602761237,3.261360483567196,10.084237366204652
1448,5.41,5.861406013747166,3.3020339132364525,9.943403384300138
1449,4.839999999999999,5.611581185302947,3.187611744222761,9.438648193724859
1450,4.04,5.043042921259836,2.8753060148662923,8.423350725877732
1451,4.04,4.231197031246482,2.4930887830112742,6.834161706056378
1452,4.690000000000001,4.486964561875543,2.8014279541638,6.919860764505967
1453,52.899999999999984,4.71788834146909,3.010932730586167,7.151282826608295
1454,44.150000000000006,24.155852646171777,16.607685935989366,34.93981200348744
1455,148.04000000000002,11.745297973122263,8.005079953278257,17.038998128443932
1456,97.36999999999996,119.97325610613214,84.34645207275382,170.47202182985407
1457,48.67999999999999,80.66438276282018,56.60444990427019,114.77354567425574
1458,27.9,39.14938243031518,27.37870493618303,55.8022012688967
1459,20.97,23.36071905004413,16.507306979691315,32.89696846714265
1460,21.499999999999996,18.44769606277238,13.201995465334036,25.630967674448314
