step,true_value,prediction,lower_bound,upper_bound
80,14.089999999999998,16.011479200610935,10.491132153850323,24.183804408328264
81,14.039999999999997,12.03616970193491,7.831747870131492,18.24213904162501
82,13.750000000000002,15.55366815906887,9.900185162492281,24.139382995390893
83,12.470000000000002,11.63196867154793,6.036051805698582,21.678433434747237
84,13.569999999999999,12.720304895438714,6.562848007720282,23.890988980822314
85,12.590000000000002,13.848283477790783,7.105175732721214,26.201325363838116
86,10.889999999999999,11.012922826038253,5.850023629443744,20.067126572243595
87,10.1,10.375104314499664,5.4892386747828485,18.93962691934409
88,10.000000000000002,9.504648004042528,5.31421850390819,16.476054973475332
89,10.85,10.173857322766708,5.500276698425807,18.207657344768677
90,12.06,11.153584684437872,6.0194267199949385,20.042974957064487
91,13.180000000000001,12.544211026452968,7.125085537162709,21.57768875048048
92,15.099999999999998,13.331418329371948,7.888303079839998,22.107847413226995
93,19.750000000000004,16.40788002083726,10.096431787211536,26.309165020877018
94,18.999999999999996,22.76588311193748,14.377955000664503,35.72901891479514
95,19.450000000000003,15.32670635558162,9.755208238091338,23.78439603589622
96,16.340000000000003,20.813818790114855,13.94519002653526,30.83918634444305
97,14.180000000000001,14.371392682441966,9.915203686238772,20.646844144165406
98,15.360000000000003,13.722227354781193,9.777479364300449,19.110822851938366
99,15.690000000000001,15.790636819923048,11.7288266180512,21.14858394085964
100,14.889999999999999,15.176691819144306,11.636388322146223,19.708872783922523
101,14.030000000000001,14.33123029693993,11.272045705276058,18.15301067667605
102,14.429999999999998,13.509606206737496,10.878819903418135,16.72302922228963
103,14.549999999999999,14.560724160378191,11.985474144752542,17.64669196490028
104,13.270000000000001,14.159607335707713,11.825353748792551,16.91870221080483
105,12.19,12.51203804422559,10.561288594499665,14.791939680102846
106,14.560000000000004,11.796974932132159,10.048849196622996,13.821685453329543
107,22.330000000000002,15.878660401010208,13.651573095227981,18.44427230311662
108,147.23000000000005,25.371016543767517,21.884784076157594,29.388336251605327
109,73.91000000000003,440.42920898970027,356.79299269664364,543.6158827221225
110,45.050000000000004,34.86009215436275,27.150777755879975,44.68066362041411
111,36.150000000000006,33.138227600986895,25.24863777593506,43.399202491385964
112,36.90999999999999,29.061621787997165,21.720833274220258,38.7741180359768
113,36.699999999999996,30.99749925587671,22.87625929122755,41.881087281792205
114,30.930000000000003,30.98434406089704,22.624800280065948,42.30187992611399
115,26.329999999999995,26.69909490826477,19.28400654773846,36.82486743589627
116,23.66,23.833765851797764,17.02245503872103,33.21930725069975
117,19.690000000000005,22.167470419724257,15.674564118480216,31.188648640832845
118,16.690000000000005,19.06568531761781,13.338703883045469,27.080064317511102
119,14.599999999999998,16.95567856899455,11.738763030649634,24.309081588011026
120,13.620000000000003,15.470956821865613,10.596215070592319,22.39491092362985
121,13.429999999999996,14.937229405161595,10.122406457798922,21.83636028556108
122,12.870000000000001,14.978316450962671,10.046330865473717,22.1123437923707
123,12.750000000000002,14.48833989343906,9.626171870650996,21.575267516353417
124,18.200000000000003,14.484803435277788,9.556375315863084,21.714154267409786
125,29.699999999999996,19.90468621854989,13.111708242054995,29.967612028265076
126,38.39000000000001,28.672235105375414,18.80417230588875,43.45737607962918
127,44.11000000000001,33.4076128560315,21.74867327651396,51.04188429189853
128,49.19,37.082105184908585,24.037069713213675,56.92398039891436
129,52.17,40.798907683841676,26.42186267054322,62.71371283392501
130,64.65000000000002,43.043071758675495,27.852477555128477,66.23138996411919
131,55.769999999999996,53.708101441824795,34.87511914340425,82.42763549871745
132,42.949999999999996,44.84988173462838,29.068943789843495,68.91305280864178
133,39.39,36.58318563098361,23.60487259860324,56.40715935481644
134,47.17,35.570683528169404,22.850658425583045,55.07454812580617
135,44.769999999999996,42.82644344127468,27.42220918887681,66.57944577590918
136,72.58000000000001,39.17547543793829,24.863634908204233,61.40688257443589
137,49.65,63.782687080905916,40.460272529576976,100.22452867208382
138,39.790000000000006,39.094396281737694,24.157414282271578,62.90007316172668
139,43.8,37.55522267206015,22.911788998388563,61.16620577374275
140,42.74,45.67962937065967,28.92650189976392,71.81130970403667
141,38.92999999999999,41.691150567158914,21.692299152696723,79.31510269118078
142,44.00999999999999,37.77943840769598,16.51984409551825,84.83665670866239
143,52.36,44.36847352286673,16.84139552644334,114.36644578863717
144,43.85999999999999,52.095052544309524,17.575387589587162,150.7645104893148
145,42.529999999999994,40.5649935526963,13.75956122253158,116.05284886100138
146,45.60999999999999,41.759961599316696,14.439765766438196,117.42241285483152
147,51.62,44.90555942733156,15.791268888887757,124.5009612603408
148,52.190000000000005,50.901608319351645,18.166000293179554,139.5497706839754
149,54.77999999999998,50.06610363014783,18.022303724564956,136.0889129794208
150,59.82999999999999,53.29383487225957,19.389310222110378,143.57676463912657
151,56.5,58.42341436885269,21.43038193561532,156.42675204498252
152,50.95,53.621274823636774,19.721377025837207,142.98095549534142
153,43.400000000000006,48.44400277474146,17.83647138080333,128.78595411877942
154,35.13000000000001,41.17267652099438,15.111612832590716,109.38836790732672
155,30.279999999999998,33.71884061360675,12.29496163491365,89.66576697653313
156,35.99000000000001,31.843716709315927,12.009392075276802,81.91776595247606
157,27.459999999999997,41.16075941222523,16.420179792533965,101.03853550222036
158,24.28,32.532593282345964,13.553763942875875,76.26075650619913
159,22.160000000000004,28.731699710956175,12.604125448796497,63.978375201668925
160,21.76,25.134020883955642,11.733638186374508,52.63644212019881
161,31.239999999999995,24.049551308682698,11.844875627691447,47.850610854774104
162,47.629999999999995,34.356367727497584,18.055786468589353,64.60068989766401
163,49.86000000000001,49.0397703586282,26.703538370613877,89.38479431928108
164,38.57000000000001,47.537921589685574,26.636624189810057,84.24665733650362
165,35.13999999999999,37.626898712986815,21.58646399318523,65.05891496046127
166,38.37,36.896596280962434,21.619051143410108,62.49302632443393
167,38.27000000000001,40.296211803408035,23.721268732162173,67.9842065869886
168,36.800000000000004,38.26435290902582,22.679602748872878,64.10621929406761
169,32.64999999999999,37.41778729359497,21.991767527241922,63.19368927539598
170,25.350000000000005,32.301219366916385,18.758807055631134,55.125413249958186
171,22.659999999999997,25.125509368152365,14.368837860556749,43.41079058405079
172,21.659999999999997,24.72520121942668,14.016498833408486,43.070590962765586
173,20.149999999999995,23.0057282456872,12.930766290719426,40.3670703089531
174,18.82,21.24127000578278,11.83297242104712,37.54711716350508
175,18.120000000000005,19.630514160209998,10.83306859427205,34.96853268649614
176,20.66,19.096899677733777,10.476009103584687,34.19388778898205
177,33.919999999999995,23.371569672612758,12.858775710236069,41.859010112149384
178,29.99,42.243875000661134,23.460849609940034,75.45003157669913
179,23.63,26.336025268534367,14.637828017847914,46.78529835659285
180,22.239999999999995,24.456520500808235,13.663363775581438,43.194118479637446
181,25.08,23.177318096041564,13.029996856366038,40.663780562569805
182,23.779999999999998,27.860852033265623,15.873311923138058,48.364865882900276
183,20.53,23.57810351056261,13.533333304568275,40.56535596593302
184,20.570000000000004,21.386093654861938,12.41581190227664,36.35421998866932
185,19.67,22.609304060450047,13.34981363707619,37.843656950262286
186,18.589999999999996,20.711501356947828,12.43088002205388,34.09742402573123
187,18.650000000000002,19.957807359114188,12.03609804438589,32.69334043102713
188,18.250000000000004,20.11506582581334,12.084670470842001,33.073919234111216
189,19.840000000000003,19.14003640841789,11.473932053242878,31.517498476107846
190,48.309999999999995,21.884584589648803,13.269117924557337,35.701933126468155
191,54.45999999999999,63.986714542444446,40.239901747217004,101.40744735300342
192,31.5,36.84715054009581,23.550125312306687,57.34621150738592
193,25.809999999999995,26.962305567452297,17.31699489851969,41.686616280641275
194,23.340000000000003,25.96914101857901,16.914082468218858,39.60127380625582
195,19.869999999999997,23.472880482357038,15.402420856529556,35.51423679116917
196,18.529999999999998,20.60938046855941,13.606147411432534,30.970464974867607
197,43.31000000000001,20.54488790046157,13.63955135653171,30.707405735241455
198,62.36,51.704127008484136,34.5141705006207,77.21455392511223
199,35.62,38.97268177584847,25.519112393032422,59.25146183901147
200,24.02,27.391834028199316,17.228223297262463,43.222425100853194
201,20.140000000000004,22.591237928536053,13.670742298166724,36.93581099644459
202,19.29,21.642261886123062,12.658321428710698,36.53550727266606
203,18.01,21.099787572706408,11.5130025470086,38.03144820149559
204,16.139999999999997,19.567454210930745,10.37150637191083,36.20001193189763
205,12.809999999999999,18.292126162473746,9.587080229637978,34.154747465395445
206,13.899999999999997,13.986084029728735,6.518697292453443,28.869897112563038
207,16.919999999999998,19.874451351888858,9.743998534436901,39.55684835079998
208,13.14,17.962789248568775,8.035426103210357,38.79750063562264
209,12.840000000000002,13.977487732949063,6.362938553534193,29.466794902554778
210,11.83,16.90158604774978,7.244965293403496,37.8681785333146
211,11.01,11.965965840200898,4.904410278512317,27.47299937490377
212,10.869999999999997,14.71358341429532,5.661236460685831,36.06769834328846
213,22.349999999999998,11.401161959226817,4.495670369660649,26.983632131209973
214,14.219999999999999,33.89680624148716,15.474704003193185,72.91860185286858
215,11.98,11.878414720708811,5.36951269523181,25.038658474254504
216,12.840000000000002,15.68937914398252,7.587580323089769,31.434674929641083
217,13.279999999999998,14.58290957943296,7.285916198168181,28.306001310327854
218,12.2,15.262342724663768,7.892134757932666,28.741316128671638
219,12.14,13.52432026026525,7.1293356218696875,24.949953210842256
220,11.559999999999999,14.12680881174896,7.641701953546836,25.478620306187565
221,10.680000000000001,12.881092413370125,7.068918549922204,22.87987007135911
222,13.419999999999998,11.874087332178679,6.6798647678117336,20.581385824816984
223,12.319999999999999,15.595881334106682,8.432932069112343,28.19805583648907
224,9.760000000000002,12.893411223165888,6.5436746637690115,24.587910934583004
225,9.389999999999999,10.718960317376952,5.106927310091408,21.488237365019515
226,8.850000000000001,10.895220999275475,4.979271077466572,22.664470265421794
227,7.890000000000001,10.020794213129408,4.684026150705413,20.368287525044764
228,7.4499999999999975,8.922615434547374,4.16983484640537,18.044766416547464
229,7.199999999999999,7.9041339169692435,3.7473108156517734,15.700739405965557
230,6.830000000000001,7.497440995120078,3.399457354900158,15.41259310881216
231,6.56,7.187179520818487,3.1437258892686497,15.176240971851573
232,10.38,6.9420464425333135,2.9496072885225657,14.970221109995725
233,10.939999999999998,9.501218007948012,4.114850342267932,20.55988392058315
234,8.05,10.956003799720165,4.6824237858808,24.15581946107276
235,6.550000000000001,9.236274407062137,3.80058041857329,20.826801053322594
236,7.4499999999999975,7.987944154748906,3.1563112900167463,18.43625837721109
237,6.290000000000001,7.99134970206012,3.0663204940646267,18.881455380297858
238,6.800000000000002,7.14964860207146,2.646315356195285,17.21476363101717
239,7.58,7.210937246974533,2.6386927373734097,17.528492329478887
240,7.27,7.753954336702922,2.833012263816942,18.992557094708967
241,7.35,7.681572346152178,2.7669424695418914,19.008189403179323
242,6.550000000000001,7.721644051404654,2.746431009662164,19.303877146869326
243,6.3100000000000005,7.200325000956006,2.4906128843508752,18.26461981011374
244,5.93,6.8498422143040685,2.357310739570983,17.3539825680075
245,6.880000000000002,6.055567342589279,2.1854631573189054,14.627564365776974
246,6.01,7.465764538076069,2.8769921248919976,17.48576600246327
247,5.580000000000001,6.191725704417102,2.3287525655713868,14.537627861713917
248,6.570000000000001,5.8998567009204095,2.22223338714375,13.774852337880139
249,6.6800000000000015,7.142851541843699,2.8291196526342324,16.316259936377605
250,13.240000000000002,6.913213965859476,2.737155659366232,15.755779254881965
251,12.860000000000001,13.206600322913314,5.725473442505879,29.00941040959649
252,9.15,11.12864374007231,4.746158007023885,24.60040966394952
253,8.610000000000001,8.274932403061092,3.37198559907751,18.676270456952963
254,6.440000000000001,8.495392879782075,3.4603786335239484,19.21408793947673
255,29.050000000000004,6.507145118913753,2.4685455337587303,15.248086492714545
256,38.599999999999994,12.88436705304306,5.05174902874542,30.854534540007474
257,72.01999999999997,10.896366877243693,4.100350714498216,26.74780653332078
258,35.879999999999995,64.62700502885649,27.939964172348194,147.82201523845532
259,32.49,27.66682573904213,12.171090856873588,61.39322975467468
260,26.500000000000004,27.38451415032591,12.525876280049479,58.565874097075834
261,15.330000000000002,22.85420935649497,10.719011347094597,47.55557240880781
262,14.349999999999998,13.80791269493329,6.43310118683114,28.499703134573757
263,10.070000000000002,13.511995091751336,6.418069181607392,27.389867550059865
264,21.17,10.009442582032959,4.709693975483622,20.22842773842603
265,28.48,19.242502364189868,9.970648839616086,36.350471057331895
266,24.780000000000005,24.768934262178643,13.510886806924342,44.76136399131837
267,14.599999999999998,21.654300963428625,12.178729781202192,37.942854179591976
268,39.489999999999995,13.497797872479143,7.678603152920303,23.21889092607423
269,23.140000000000004,32.21585316310465,19.422289331198648,53.02395801275102
270,16.500000000000004,21.000078577833875,12.884360189739128,33.85961548221395
271,11.479999999999999,15.776665080071467,9.817253630247944,25.019219002304013
272,8.11,11.818433956023918,7.41970919469723,18.515192898637352
273,5.990000000000001,9.013899527007057,5.68557972009684,13.999175529319638
274,4.789999999999999,7.069652663081635,4.4706979345589195,10.903288187676338
275,5.789999999999999,5.885658245532306,3.7348549000317153,9.01346196985877
276,7.140000000000001,6.902560718858295,4.498130886401525,10.358490222504575
277,12.48,8.247564353309901,5.488052832647163,12.180756796290815
278,9.019999999999998,13.004100884963826,8.870878833940473,18.868022381342026
279,32.720000000000006,9.805647063484994,6.6573295947654545,14.248397893231644
280,29.88,26.290436768991416,18.29755907948364,37.593893454334584
281,15.66,24.094486909493796,16.67446699974032,34.6295481645929
282,10.750000000000002,15.38998960296772,10.455625173924323,22.449768572810726
283,8.220000000000002,12.111879540142356,8.11080739415279,17.870049342228533
284,6.58,10.020347072357398,6.645133124567142,14.885668387506659
285,5.32,8.575756792209164,5.631279250115746,12.82766653084915
286,4.5,7.132865520605046,4.592600870156227,10.826966220530359
287,3.76,5.90619883824323,3.688831566522116,9.172167994665196
288,6.77,4.907498278886594,2.5151650750122747,8.927993471238675
289,30.150000000000002,8.032884809949042,3.8071359036510124,15.973310017683996
290,32.220000000000006,28.857750662871435,14.253583268138232,57.44431822838237
291,28.289999999999996,23.824308127096515,11.188190613216005,49.56093176954556
292,22.869999999999997,22.19407237834092,10.010281388758719,47.86024021520185
293,35.02,18.5974434913836,8.006662363126626,41.64174406829309
294,80.37999999999998,27.97165138731048,12.04689839442678,63.33380246652307
295,41.31999999999999,59.8057933318582,26.17291766544668,135.06726183174018
296,28.950000000000003,28.302235061375516,12.010120889717712,64.99638749480786
297,52.10000000000001,24.114666279397184,10.111335179753874,55.766036855299106
298,32.46999999999999,42.74641968178776,18.425584886755665,97.5169427912515
299,19.990000000000002,23.341363474605558,9.703656073968242,54.355102192030614
300,14.909999999999998,17.959959410955452,7.286261037531492,42.38266188294844
301,11.269999999999998,14.324858757128471,5.478571412093632,35.25047575882813
302,9.280000000000001,11.467062892084467,4.113274844970683,29.396890812170042
303,7.870000000000001,10.00959884706058,3.3946418895761283,26.58160273780322
304,6.660000000000002,8.726088607894743,2.7886923930007264,23.96819213493793
305,5.76,7.59201728031276,2.2749506418164853,21.54164078156809
306,5.2299999999999995,6.73106308958134,1.8897316533116335,19.683351835313605
307,4.700000000000001,6.402897514669413,1.7185255082787427,19.159049987137138
308,4.42,5.787557765539762,1.4580958912380964,17.74253180470273
309,3.999999999999999,5.881175703314623,1.4085028759431415,18.659756080359905
310,3.5299999999999994,4.78944289965425,0.9416343972006702,16.26259543850311
311,3.0600000000000005,4.262389833003784,0.7185530401988893,15.113990145626634
312,3.3499999999999996,3.625753199751755,0.4218430311852355,14.049194739293242
313,3.83,4.418236712674467,0.5832268056953891,17.542693295089222
314,3.2799999999999994,4.541880469231686,0.5639413577834242,18.637845743001765
315,3.4800000000000004,3.4758124111258475,0.22328756789944548,15.376277553435319
316,3.2300000000000004,4.431435328533919,0.4441055933666498,19.42820820274765
317,2.79,3.3392912950815967,0.12497224480319202,15.73770089044734
318,6.570000000000001,3.2416031944272925,0.07608988077974965,15.719047340115441
319,10.169999999999998,11.753623825757433,2.182636633438155,50.106971804448186
320,56.340000000000025,8.663578420576695,1.3679826131967747,38.43641620094761
321,31.859999999999992,82.62501652803758,20.53472369423782,323.7380132945822
322,27.229999999999997,28.244264481597725,6.62535505134918,111.15569626732595
323,16.980000000000004,25.120573748596495,5.8815703871262315,98.14660965064873
324,12.38,15.724553323618988,3.447638269869266,61.88971065149071
325,9.29,12.215331274017345,2.5369918873037838,48.37669812275176
326,7.9,9.463181524807748,1.820614073987184,37.8135933344193
327,14.88,8.202997689629747,1.51845069505746,32.62986880844935
328,12.030000000000001,15.311968094327955,3.5114890538352723,57.97837719104629
329,9.8,11.656196946821415,2.535511790952234,44.30583706909089
330,7.6999999999999975,9.683733478046307,2.004176740538546,36.99448930207269
331,5.76,7.734852678245868,1.4628488119722958,29.979429569433634
332,4.4,6.01619362232959,0.9778875041448924,23.88866168720799
333,3.6400000000000006,4.804541746527986,0.6322005536013318,19.642503038517944
334,3.17,4.112029142046624,0.4321034802914119,17.247872663375066
335,3.4000000000000004,3.648623626221559,0.29672358952666333,15.664848077725924
336,13.59,3.892530899952841,0.3925253675713434,16.189531454454457
337,37.989999999999995,13.47915787075359,3.18544346547944,49.089318939633756
338,25.210000000000004,31.900953372112788,8.841513899355311,108.99046933875178
339,18.74,17.399942701599727,4.637733579573399,59.05212673561124
340,17.75,15.143720436642031,4.05216016071686,50.58579721262713
341,14.640000000000004,15.023448930060312,4.1129074935174135,49.21622549200862
342,11.159999999999998,12.509163258335171,3.3803566397192544,40.66270168176297
343,9.03,10.05130518907973,2.6285017171570844,32.65889171409019
344,7.640000000000001,8.709712148506894,2.2169510759130553,28.306790119617727
345,10.230000000000002,7.7947282037102585,1.9328163170264316,25.37302708938781
346,10.59,10.646398211220085,2.904302411583399,33.74080053120214
347,9.369999999999997,10.243035029911619,2.8857222392710487,31.53084726599839
348,8.08,9.362862429426134,2.6704238498097954,28.257906477688326
349,6.6499999999999995,8.431051528066316,2.407692575963653,25.10116110602775
350,6.6499999999999995,7.597022513996853,2.1663808869939833,22.341726325393022
351,6.740000000000002,8.01125729164888,2.3875672749439123,22.970817812803315
352,7.280000000000003,7.404951126110154,2.3751151830786084,19.930605209112656
353,30.640000000000004,8.351241565034263,2.351759036437408,25.08950042559464
354,49.1,47.0535455514047,14.679551015161739,146.27100526207948
355,28.219999999999995,26.546515201471014,7.617952377082437,87.04997597373182
356,18.61,19.4959948982774,4.942655699983929,69.68991172942245
357,13.229999999999999,13.968163670901731,3.448512054150785,49.3642388627117
358,9.809999999999999,11.689832381909186,2.80342658245921,41.338623446447954
359,7.609999999999998,9.008994960594489,2.03323349915295,32.02745408462018
360,6.550000000000001,7.863012009185022,1.703336663110837,28.05778734364659
361,5.21,7.0335532329492185,1.4657418557352302,25.17385814192826
362,4.529999999999999,5.539294194995081,1.01040226159913,20.270553354174
363,5.86,5.381354313831153,0.9648865006359595,19.724699806055664
364,15.05,7.632270679107604,1.6628405445914844,26.98368728038601
365,50.32000000000001,20.794865329584958,5.71271411112765,69.76365042082031
366,33.160000000000004,54.11107444839436,15.780240480657458,180.00041714881706
367,32.27000000000001,14.585070555128214,3.7510918948956773,50.123916266338135
368,38.27000000000001,32.22779920357761,9.544992219685728,103.70246131164788
369,27.309999999999995,28.39224524087393,8.751147688575628,87.59511801998649
370,23.32,21.24306741553787,6.636063053391024,63.791770915570424
371,45.04,20.44793810232807,6.581529848851581,59.67562325972733
372,42.57000000000001,49.30827999636239,17.286103616038677,137.40690665082596
373,26.84,26.998157421374106,9.428528881458416,74.16849479947156
374,19.930000000000003,21.579796665744247,7.579150702142448,58.42863520733261
375,16.899999999999995,16.963102143512273,5.943607292430303,45.47051957705369
376,14.689999999999996,15.976904182804812,5.650672538453236,42.33626020011
377,12.0,13.974621952380518,4.946859864869226,36.707177857241746
378,10.080000000000002,11.870000807123743,4.17217316209943,31.024627866119687
379,10.070000000000002,10.554425773934048,3.6871287137184767,27.483270488093126
380,9.17,11.3100944194465,4.032406874395033,29.11251442857647
381,8.31,9.60262610688685,3.3618443338427797,24.77251083680938
382,8.400000000000002,9.360923303898112,3.2802565363646012,24.079976117607817
383,8.77,9.744886679257922,3.4743652238502962,24.803121554468166
384,12.240000000000002,9.939106354593095,3.5627504915003323,25.22629662963465
385,14.849999999999998,14.983775641183733,5.680786875120529,37.24116657561977
386,16.899999999999995,15.364709802983246,5.546449018347745,39.90824295511688
387,43.32,17.77642968244278,6.238914550869162,47.702648600457344
388,67.64,55.206886979163784,20.05637146948576,149.03601871607964
389,45.980000000000004,51.84517987959693,18.290674409760545,143.76492512330057
390,32.77000000000001,32.43285249609827,10.93918853964352,92.62073664507504
391,28.740000000000002,27.349927929977312,8.933112124496747,79.91305157552794
392,24.56,25.593386989782413,8.172387981630177,76.10186627568265
393,23.140000000000004,21.656954288495342,6.725083126132292,65.45075130576356
394,20.219999999999995,22.270019358122227,6.85872497454569,67.90351840550147
395,63.21000000000002,18.307125214701752,5.524115341922641,56.13649506789978
396,245.24,79.81949585495126,27.237206838000603,230.3185913791671
397,65.02,256.41080408154784,81.90228097385364,798.2581299277723
398,35.83,18.973718143882973,5.792488802318737,57.73390860137915
399,24.310000000000002,53.18274198701242,14.446728136911998,189.057693979591
400,19.46,11.594873242202393,2.5343778720449546,43.8822502092465
401,16.219999999999995,23.368915270912098,6.443898943516234,78.77593946222784
402,15.139999999999997,15.683322033959282,4.444360120443128,50.123222551659055
403,16.41,17.7214767231918,5.465576009076782,53.20919809850927
404,13.070000000000002,18.21519245513739,5.9557895899158595,52.081482168933064
405,10.960000000000003,13.474263574484356,4.438490969134715,37.52250692566243
406,9.989999999999998,12.77929696957269,4.333565277660449,34.598894002654916
407,8.800000000000002,11.567512978882652,3.9810623310848507,30.70857378931551
408,8.13,10.335325627258886,3.578673638307908,27.06262625948518
409,7.750000000000002,9.82864719418624,3.445882379409386,25.374876807185103
410,7.419999999999998,9.331974770950692,3.290153446607941,23.882490567316296
411,7.0500000000000025,8.986749754762862,3.2622443667002585,22.399683848129285
412,6.599999999999998,8.529018143326585,3.161548648198929,20.819326037470546
413,5.87,7.968467036091987,2.9920491552998874,19.14839944309913
414,5.489999999999999,7.068632853385697,2.6492618558445398,16.840001264493644
415,5.28,6.8529107681793135,2.5991409917739947,16.134146084838633
416,5.13,6.5524014843843466,2.501500034751446,15.289809400324554
417,5.17,6.414892872939189,2.4735392285517066,14.828419574259017
418,5.61,6.392833617559891,2.4904435685657598,14.658178630683679
419,6.6800000000000015,6.879586184280379,2.7534077808896105,15.541735420175026
420,5.89,8.08497408319592,3.248535035972843,18.427109201993915
421,5.45,6.364626762388601,2.3796776992084836,15.048195176123691
422,5.4799999999999995,6.353740355772518,2.3140920834262646,15.317439545677761
423,5.669999999999999,6.3212751163951175,2.2446838278535868,15.519658670535044
424,6.749999999999999,6.522981518400948,2.2822249231072833,16.242953256422016
425,6.400000000000001,7.892406809723807,2.8283841235432146,19.65490199464039
426,6.19,6.750556655296435,2.2900989324706287,17.258152626994338
427,6.610000000000002,6.584001342558107,2.1864748723364005,17.05037813518054
428,7.59,6.8583128179599635,1.7378565768800471,21.55526489823847
429,7.140000000000001,8.446735713489852,2.207238981035644,26.82481011493194
430,8.23,6.561232702167615,1.361770929127061,23.207360363039328
431,7.35,8.87721958474805,1.8918621466095522,32.7358635299093
432,6.490000000000001,7.181520653072079,1.3597126298716287,27.366708449700692
433,5.700000000000001,6.4378011312701116,1.0828537947300698,25.56013869446479
434,5.4,5.617521553983138,0.8802406313242139,22.290418677204045
435,5.2299999999999995,5.438482529009677,0.8544929109699402,21.353311264307543
436,4.83,5.278606770229048,0.8281822286161666,20.56289584162815
437,4.44,4.850439923485633,0.7118366830974978,18.994692038250435
438,4.11,4.493484362748613,0.6063205885205494,17.787264920484134
439,3.6799999999999997,4.192512493844936,0.5102162366536307,16.853195684400234
440,3.38,3.7264643026789566,0.37049659457638207,15.300270203446622
441,3.38,3.4408371805164952,0.29028208051649496,14.284281756407438
442,3.41,3.5017904936097946,0.3080675549646841,14.493173553182938
443,3.7200000000000006,3.5192258359247663,0.3112890544060758,14.575057297599656
444,4.32,3.8994574456721818,0.4185921534554764,15.921483178573055
445,5.2700000000000005,4.534965244867503,0.598774736323098,18.162074284678933
446,6.470000000000001,5.503476530467974,0.905522937512053,21.196115381098753
447,6.950000000000001,6.64090922163357,1.259467547180063,24.83949205471469
448,6.960000000000001,6.8219975676043,1.323057542734142,25.337550758900694
449,6.300000000000001,6.785134604125672,1.3179134024684291,25.147793416186733
450,5.84,6.027726542310061,1.1078864306355896,22.430550923275838
451,5.53,5.754212512873925,1.026199898122579,21.51475124015769
452,6.21,5.466048293402075,0.9346478765141251,20.61105441468828
453,11.74,6.389889581224098,1.2068305218991648,23.746108720522646
454,13.079999999999998,14.113660714145537,3.6919054455032256,47.68442956394806
455,12.229999999999999,11.312120618606595,2.9378334657520706,37.495359299854606
456,10.220000000000002,11.533719465772073,3.125943984180812,37.074710720500505
457,8.719999999999999,9.088881353348805,2.7374405957768517,26.234018669611103
458,7.460000000000001,8.146301888061565,2.743294878232076,21.347915659550697
459,6.490000000000001,6.96339184204233,2.5441665894741683,16.89295396504345
460,5.9,6.257642359902995,2.430175621151873,14.355882159342702
461,5.260000000000001,5.766000552669053,2.332306149119405,12.73786243824428
462,5.22,5.142046799989088,2.1515012753242257,10.97040254707658
463,5.62,5.405771224714662,2.4099394266992475,11.033616979261819
464,7.340000000000002,5.806168119217777,2.7897684231044844,11.223418239658304
465,11.240000000000002,8.019143536882853,4.219413528054369,14.585074779315011
466,13.87,12.379839046047145,7.04597196091577,21.249654083774885
467,13.449999999999998,13.327033130373456,7.96502769268654,21.8960674026995
468,11.87,12.304707284167302,7.31003735107006,20.301376689309436
469,10.919999999999998,10.729124413431665,6.336475944689969,17.751831334679352
470,11.879999999999999,10.310075116195366,6.162316540531949,16.859836047469788
471,13.670000000000003,12.0425997028093,7.356515922750001,19.35649887827185
472,14.99,13.68136547468855,8.70523582573552,21.20888766348363
473,17.830000000000002,14.685249541409538,9.697586267635796,21.998370568939656
474,24.540000000000003,18.557964035221733,12.68557260929357,26.950160955871876
475,26.209999999999997,27.016405321802235,19.00049492127361,38.244977199070526
476,27.849999999999998,23.829197911026803,17.02743732145867,33.197265973633975
477,27.540000000000003,28.286295657467956,20.586697496435068,38.73220607173789
478,28.440000000000005,25.327045306863173,18.725894482806908,34.137231175688584
479,28.619999999999997,28.373492911090644,21.432032926367768,37.462946654456374
480,31.379999999999995,27.056619385338,20.782187122626798,35.138422964699785
481,35.33,32.09153279469159,25.05378634306515,41.03034170477194
482,34.82000000000001,35.339515125344356,27.81265016539172,44.83265864003447
483,33.14999999999999,32.80721375235356,25.987621802743497,41.35007108263005
484,31.28,31.628113026936916,25.127664139356696,39.74584524741148
485,50.86999999999999,29.515174539274792,23.507965642126923,36.99482546857334
486,38.97,70.0807076924804,54.10052156912749,90.69544792285072
487,35.45000000000001,33.57624498774739,24.856695215803448,45.23625360761626
488,44.21000000000001,34.55512886913664,24.74876693271459,48.09622244064631
489,32.690000000000005,45.62473717641608,31.842579969683243,65.19047951703419
490,26.60000000000001,29.961655472721556,21.423097042832442,41.751637197143275
491,37.78999999999999,25.29964030381723,18.436380752412468,34.586413382250534
492,33.230000000000004,39.408927636569516,29.419640567421084,52.67852487009
493,34.49,32.0433475819694,24.313436611895547,42.13372522914346
494,45.59,33.79221712054974,26.044972820612582,43.7587202321343
495,57.029999999999994,45.12886551754653,35.2854765158132,57.64253244706786
496,62.720000000000006,55.59609620893539,43.91212862896143,70.31966806902916
497,67.83999999999999,60.57786496860098,48.14175176198136,76.16113728417828
498,63.660000000000025,65.5835457579739,51.26009218235868,83.83277354801082
499,46.589999999999996,61.78016536236443,47.59286528414537,80.10962668858687
500,39.02,44.96717693026015,34.28569959117532,58.8820876281076
501,37.97,37.560360063705666,28.500128791651246,49.40321616031151
502,46.580000000000005,37.002692824674725,28.063457496844386,48.69142649608674
503,48.67999999999999,45.47628724582124,34.61949585312371,59.642219223511454
504,43.69,46.40086605308345,35.1375158110621,61.174780201537125
505,45.21000000000001,41.8604372363667,31.178866478061785,56.087687701645145
506,44.61,43.38197626239055,31.338350834801425,59.91095452015477
507,39.91,42.85634272752704,29.883869647595183,61.27777863918297
508,33.82,38.974478893960644,25.922896639538738,58.35315892038733
509,28.590000000000003,34.363353391732566,21.62009526993346,54.28565411352672
510,45.260000000000005,30.951954416916344,18.455707138390437,51.47444278425547
511,55.279999999999994,49.90538623948423,27.765286884910005,89.08630293030285
512,48.309999999999995,46.900168478401376,24.210745174290352,90.00985014116391
513,46.83,44.1331729950877,21.317606912036553,90.2733749919171
514,62.51000000000002,44.377813937651645,20.414359949459858,95.15725161153235
515,102.63999999999997,58.14858255546896,25.97771171821996,128.68315678005797
516,92.47000000000003,85.12143303023122,38.29145340274077,187.76627319322412
517,50.44,64.08085467649236,28.53497731780567,142.40683589654438
518,39.56000000000001,39.5074079315895,17.4460241466044,87.95413365477201
519,36.08,42.993383686376454,19.29876507605093,94.34657901234574
520,33.940000000000005,36.440648376098444,16.505824929177304,79.07632639386401
521,30.010000000000005,38.14694995361948,17.545914956958878,81.63187306896198
522,37.47,29.926998726001745,14.082549566213858,62.41628422960434
523,34.78000000000001,47.01596888750705,22.85462748903614,95.64930920701632
524,36.46999999999999,32.42168396730837,15.906978508140188,65.06792329409019
525,38.68999999999999,43.05826346051303,21.588082178065005,84.93605087203835
526,55.26999999999998,39.33361174567845,19.96816653040418,76.58428635580727
527,56.00000000000001,61.28346980149125,31.613327842931078,117.9461752936106
528,54.68000000000001,49.33821714088964,25.478994966601086,94.69608318289646
529,53.739999999999995,53.700276106928115,27.88414696390366,102.59039544818147
530,48.279999999999994,50.40785198618838,26.16537869893265,96.28438815902423
531,40.2,46.10506840290748,23.979386005094703,87.8287433802431
532,41.45,39.5891278903698,20.568698440228264,75.38278718886666
533,36.370000000000005,44.11510058527713,23.07537255541876,83.54167411675472
534,40.9,36.55978870224712,19.158119388952766,68.98359817883487
535,53.68999999999999,45.243563764920424,24.14720787543522,84.03795730615484
536,61.829999999999984,53.78657106152268,29.35030053623672,97.89748423069334
537,74.76999999999998,57.46307110329419,32.00815912073976,102.5480552043652
538,56.439999999999976,69.32308071169645,39.625694532894876,120.72925872761397
539,66.19999999999999,46.71119094699318,27.170986068675198,79.80504303367803
540,81.99,65.91265946291006,39.303140760229674,110.09069695177404
541,61.890000000000015,72.13404017034944,43.709644017771865,118.62939873804967
542,58.120000000000026,52.236161980756485,31.99151024247891,84.90358312218916
543,55.400000000000006,57.39166739811351,35.68720237188884,91.93668094312012
544,44.04,52.43192260044101,32.98239311417303,83.01322247045624
545,43.879999999999995,42.954223089931745,27.285134365683977,67.30350184878013
546,55.56000000000001,46.93384355832839,30.126503517146716,72.81662244873046
547,54.370000000000005,58.20991221958869,37.8453703503165,89.25048991514723
548,56.60999999999998,52.35671779382553,33.73181704769734,80.9692021819712
549,45.730000000000004,54.88147224466391,34.90472123681659,85.97293371627954
550,37.57,45.19607265528489,28.279311150737858,71.88686259678549
551,32.27000000000001,38.77217574161138,23.945174920691024,62.412101468551306
552,35.68,34.39969302972852,21.430549269183658,54.867480174488705
553,37.84,38.57926358952559,24.298631137126968,60.92106196568892
554,31.260000000000012,40.3491558345251,25.721315466117034,62.98460024903449
555,35.94,32.84019951279854,21.05677820287122,50.91869331654886
556,51.370000000000005,40.98417416348972,26.631972592584688,62.79098974147317
557,41.56999999999999,54.5701975736127,35.89219642481307,82.70460849800152
558,45.60999999999999,39.45066877181106,26.111553422743732,59.352742558606906
559,33.64,47.66968173668939,31.76853293839678,71.2869688674726
560,30.62,36.35818353113116,24.153526353079624,54.48462100920527
561,34.989999999999995,34.10653584937974,22.659724789835444,51.09142837845988
562,40.96000000000001,38.107804250447955,25.371076325143825,56.99612933633318
563,39.16,42.75970066693868,28.567726966045814,63.763564837400835
564,35.43,40.48300935000885,27.07609631069135,60.29199891929521
565,39.25999999999999,37.17802802268893,24.99208629665711,55.077138520761224
566,46.61999999999999,41.05903009321007,27.82531071733132,60.36835886101848
567,48.17,47.04260505532125,32.145597268640735,68.63494674103463
568,43.379999999999995,47.94065931659837,32.95625584545693,69.53746282406465
569,33.67999999999999,43.877623803061695,30.233591018718574,63.48189441304142
570,26.410000000000004,34.87881915940503,24.029263568793958,50.43138393725094
571,21.01,28.819254473359752,19.935231173637078,41.473280088098825
572,26.25,22.277592542165287,15.264531914617034,32.31459628863394
573,36.220000000000006,31.477994961025345,21.785325380627416,45.29383776916431
574,34.3,39.62522069733053,27.465734654698956,56.97877963547915
575,30.63,34.604170883538245,23.878990691735723,49.95291042997502
576,32.71000000000001,32.56044165227648,22.387587496572678,47.15816270322485
577,38.29,35.2690228384041,24.152607905047226,51.29843452490333
578,28.689999999999998,39.6457659987966,27.10298966144237,57.78656732011685
579,22.659999999999997,28.680268154802214,19.34991191298657,42.28855680101477
580,20.96,26.635684964024495,17.89897922793095,39.41123460795625
581,19.74,24.843713725960303,16.590512944921674,36.96919062227852
582,20.44,23.097962741198366,15.290495947045844,34.647276188757914
583,21.960000000000004,23.73286216320089,15.650668505468154,35.73813280127487
584,23.370000000000005,24.742492984331527,16.2967031097692,37.31226915573741
585,16.980000000000004,25.715757026893975,16.967031496777672,38.72451841296323
586,14.419999999999996,17.528099103569133,11.5154103726699,26.429420703721238
587,14.599999999999998,16.143034585782146,10.607498682505438,24.318429305726102
588,13.820000000000004,15.856143036977379,10.417150298360415,23.886206335029506
589,10.35,15.480989261238392,10.084802623277106,23.504090533707014
590,8.009999999999998,9.069036376304734,5.721157776034761,14.08452813127707
591,7.959999999999999,8.436395016482589,5.249023356195458,13.249514817193818
592,10.970000000000002,8.589126608766957,5.272123225141628,13.660322480651864
593,16.190000000000005,14.035371309063349,8.776887392750073,22.122122749315803
594,21.65,18.756599225993572,11.709370676372066,29.711450859024673
595,17.999999999999996,24.531114333882517,15.312954305857392,38.95829246549963
596,14.789999999999997,15.345628706370114,9.418397938046706,24.64497722157491
597,13.569999999999999,15.491727181544512,9.531609285212316,24.824834369081994
598,27.619999999999994,13.381973038500988,8.19815425828052,21.487245013744282
599,31.51999999999999,39.80043918962393,25.40505416564975,62.043833488202864
600,14.339999999999998,27.04452181399027,17.463595828914958,41.59707648840988
601,10.970000000000002,11.66857671571727,7.316549412772737,18.298007867965698
602,8.939999999999998,13.151781240492765,8.254696905525408,20.640137361947783
603,7.979999999999999,8.91573705541753,5.465793455056596,14.206461826473504
604,7.35,9.759420356239342,5.9964381370324835,15.546294576594217
605,6.7299999999999995,7.83966880498949,4.76507542873838,12.553984773969264
606,6.09,7.783953694293277,4.7308656206879505,12.463558144681512
607,4.86,6.642822274896226,3.9958945781480404,10.692146704045001
608,4.83,5.157321133846859,3.023005129455477,8.423951082669568
609,6.26,5.835347978075559,3.4818682951093542,9.424666434835885
610,8.260000000000002,7.772789798064295,4.749450779472713,12.385946552633884
611,8.07,9.676357968794152,5.953432963336994,15.39256753877332
612,7.849999999999998,8.093111450731017,4.959842176519514,12.873635141073912
613,8.330000000000002,8.739758763442559,5.405967121193037,13.808521332589828
614,7.950000000000001,8.95437422393614,5.568265493833719,14.086108544666692
615,8.15,8.204989116960816,5.07359142790956,12.950860154011131
616,5.96,8.998234379722033,5.560288805831088,14.237849075028892
617,6.830000000000001,5.2380567896101375,3.0138629266470636,8.694738764511568
618,7.4499999999999975,9.091679287493669,5.461954705076733,14.760245233786325
619,7.039999999999997,7.39757277393646,4.3791676739495715,12.109691455626484
620,5.9,7.667969362152208,4.521206691334707,12.608201442834662
621,4.37,5.902791682405098,3.4062371886264664,9.813882905276426
622,3.67,4.529493013508942,2.5147580306761506,7.6991174697059535
623,4.459999999999999,4.085662696222938,2.2437414676708145,6.973497677768174
624,6.38,5.632700919385045,3.2422608271819993,9.370112371245739
625,5.84,7.534969432470323,4.473711480691455,12.308283322964021
626,10.319999999999999,5.464655580010572,3.151226686805712,9.06733067625362
627,28.54,14.006390218644576,8.644590213005694,22.34902182682281
628,14.339999999999998,32.25688483253058,20.313317616358447,50.89339401179418
629,7.849999999999998,6.552547355554866,3.744525722601588,11.022481253747163
630,8.36,9.186314716025427,5.2711969092230255,15.545646548159773
631,59.029999999999994,7.93322547500741,4.207732495970287,14.323851109685853
632,99.66999999999997,59.510073695971435,32.884272874136066,107.05806671114081
633,87.13999999999999,45.170488671503826,24.577933259827965,82.34191830555274
634,63.59999999999998,61.67893357900473,33.34225789572366,113.3969254010665
635,41.18000000000001,42.938895608782154,23.342852864178077,78.30978994497744
636,28.370000000000008,29.761715119149155,16.216716633592252,53.9630418627764
637,20.939999999999998,22.212493513155746,12.111134888896405,40.0963550954399
638,16.02,17.505323262261502,9.539953478422996,31.490370070592967
639,13.2,14.05752972732121,7.642254189611146,25.234960985261594
640,11.91,12.284796677641499,6.677777639636757,21.98657646128761
641,10.869999999999997,11.61224706606732,6.330293757390062,20.70019119563359
642,8.939999999999998,10.798348070960825,5.88658074555314,19.213371823663152
643,8.11,8.875721003920438,4.788485008295203,15.848944967035397
644,9.17,8.613484336240756,4.655983807127151,15.340054044477348
645,9.27,10.13009342165273,5.56859009848652,17.85929517861992
646,9.699999999999998,9.542678545625266,5.239894343023213,16.812492456809185
647,9.49,10.396767663326406,5.761901344235858,18.208548980467334
648,65.97999999999998,9.683410226483527,5.352990777622166,16.965594168555054
649,41.35,91.71999576633773,53.97399574723763,155.3829861383448
650,61.05999999999999,24.06901781724682,14.080713393638353,40.67280671128902
651,59.34999999999999,49.41387128625958,29.646694487896735,81.93091508029629
652,55.91999999999998,43.946893692986755,26.312299014120125,72.96752838727427
653,36.16,43.49590428631055,26.30409617273857,71.51239834971359
654,60.010000000000005,28.658032030986174,17.276935169411914,47.12616862717165
655,44.620000000000005,50.20908850950682,30.49916365552294,82.25207534564836
656,39.04,34.70290782673076,20.760192116605023,57.57933700462695
657,45.050000000000004,33.188839074865385,19.614805682113982,55.700836054991036
658,29.43,38.39715049541041,22.391283403109433,65.35529314102057
659,22.809999999999995,26.859574703946,15.276885715704015,46.68454581799446
660,17.79,22.809594406075046,12.631979554777208,40.585800763846954
661,14.900000000000004,18.63853007088925,9.995039930516604,34.076895198424296
662,12.720000000000002,16.48386276298425,8.638493794506134,30.715064991700828
663,10.369999999999997,14.419410684263706,7.337819318834818,27.51563661410831
664,8.850000000000001,11.832488771566227,4.881206393658294,26.99982810498539
665,7.969999999999999,10.258045614575721,3.479740617819,27.29261822787718
666,13.240000000000002,9.336680341862376,3.1426333706020158,24.792038766471116
667,15.73,14.048626614866256,5.0757270323037424,36.2730969955695
668,25.440000000000005,16.285293063186895,6.016137571368481,41.58487711237685
669,19.930000000000003,23.721631470959007,9.094189585254929,59.545629485566685
670,15.740000000000002,20.120695417804217,7.642387722229845,50.61580216821848
671,13.809999999999997,16.529847323800613,6.175891152245074,41.82332893240972
672,26.910000000000004,14.673278626654469,5.413895809122743,37.29991478179978
673,138.82,24.11317830985742,9.304810919218626,60.20167849431192
674,132.15000000000003,104.4436339795011,43.126651208442865,250.96473428909766
675,47.489999999999995,93.21134146965302,39.17829801846206,219.90972737155556
676,29.809999999999995,34.89440792414381,14.607090683315812,81.5527669677837
677,21.090000000000003,27.23514373140597,11.466479391800211,62.94935702998271
678,15.989999999999998,21.471998890293474,9.10938622386237,48.952660126226284
679,13.760000000000002,17.836080486982468,7.529636113346129,40.59590437356845
680,11.049999999999999,15.862780811123827,6.90928097316746,34.951861825200766
681,9.869999999999997,12.554809260856867,4.551525858886468,32.09591971081342
682,12.97,12.043897389253782,3.7465795729008935,34.84544543880844
683,12.419999999999998,17.277328258003575,5.0648847603031415,54.08113368243431
684,12.5,12.88876887345252,3.247076972349962,44.41897923584152
685,15.600000000000005,15.68264994723226,3.725798752440201,57.89180302444758
686,37.650000000000006,17.852136104878035,4.008511780614913,69.95980827925932
687,51.669999999999995,49.751240286106125,11.865665602878394,199.19861156672928
688,33.940000000000005,37.32888510216676,8.31002759336834,156.79796766892122
689,26.15,26.740202023960947,5.493473298536063,117.50650229110093
690,23.96,23.875578077717034,4.843055920428743,104.90252654217133
691,19.02,22.689512998895555,4.554558819613376,100.0328712594141
692,15.27,17.3763028900703,3.314995153741738,77.25930177807501
693,15.069999999999997,15.65511602942724,2.8879952047549846,70.34599590411918
694,16.269999999999996,16.454341066510477,3.0280951975277484,74.6322795581038
695,13.640000000000004,17.538136189040824,3.1909950665000206,81.00021424754958
696,12.720000000000002,13.08281386220996,2.0776874947896387,63.43982588011548
697,12.76,15.184589287594644,2.4270318926971632,75.43375918569843
698,11.219999999999999,13.33293062207616,1.967766670800382,68.22137856674729
699,12.729999999999999,12.639906942930427,1.7678663582205227,66.21677903965438
700,12.19,15.713290023291378,2.336349073528237,82.72447164446476
701,11.530000000000001,12.271731708064024,1.6322523096547328,65.91564554232865
702,12.629999999999999,13.667243755981307,1.8918399049899315,73.39140701605392
703,11.179999999999998,14.068955681513104,1.9555987031802613,75.8282328338662
704,10.469999999999999,11.363653811325479,1.4217002754159025,62.120914308873715
705,10.36,11.499162869644948,1.5325489276417725,60.68847153819309
706,10.31,10.615494638350382,1.3775665754425104,55.74697696674818
707,45.88000000000001,11.199948098674804,1.5439593695585723,57.50672592942608
708,45.9,73.21480895688569,15.098159352942485,341.14084652481074
709,27.83,23.816809461646827,4.4086607003256795,112.86812114477786
710,20.210000000000004,22.443207109067913,4.102702064784911,106.7044970646975
711,14.900000000000004,17.567225852909512,3.029939663509013,84.54517056286944
712,12.550000000000004,14.517420912979695,2.3619779477053062,70.62163331705648
713,12.039999999999997,13.293642043060162,2.0913826144338845,65.08958784370711
714,11.599999999999996,13.440618916589962,2.138681013198749,65.43920609238769
715,14.160000000000002,12.871458450576096,2.1842909670681845,59.427065722332514
716,16.640000000000004,16.165876750600678,3.118231330283458,70.55191172724405
717,14.98,16.97743459898099,3.6373000656691774,68.69317279105199
718,19.690000000000005,15.046785996177995,3.468971101560281,56.61937926097392
719,23.189999999999998,21.140092356019714,5.6077214475642165,73.18346754217033
720,42.07,21.01038603311304,5.906270832114576,69.14742182914443
721,45.52000000000001,36.554190370028266,11.363125269640893,113.07449035653825
722,26.540000000000003,32.7423918363697,10.580213727534286,97.3184795745159
723,19.3,19.9120345271792,6.438308810837745,57.79201834545536
724,15.520000000000003,17.799582440376696,5.955152634649717,49.81474390249946
725,15.150000000000002,15.1272016987439,5.165559267666678,41.183786310499045
726,13.519999999999998,15.911543345925342,5.651743207909187,41.99629276142921
727,11.179999999999998,13.909769253919803,5.001234643872911,36.042580801618115
728,9.539999999999997,12.180750191589663,4.405924370701191,31.137367025457756
729,9.780000000000001,10.982166260969931,3.991700367093217,27.762204809406786
730,10.78,11.61922810303561,4.323894177996528,28.91136048019089
731,19.640000000000004,12.444811724884236,4.7459595839321125,30.45914266836589
732,46.449999999999996,21.904128986740297,8.90114735582884,51.98367005238074
733,36.29999999999999,41.61315084906916,18.07060110796708,94.21884575137527
734,28.950000000000003,23.61942340502931,10.366295690586453,52.32572944570579
735,24.880000000000003,25.230244579887326,11.515243697106076,53.97501665747044
736,23.709999999999997,21.16435843961982,9.823087927378012,44.389891344896256
737,18.529999999999998,26.781610944964818,12.93167705453393,54.40021518415892
738,14.82,14.508009124011854,6.8570586925921475,29.60920840736285
739,12.039999999999997,15.571933958082276,7.704250580897963,30.55113614418816
740,10.42,12.298094229131683,5.336997063500146,26.905853254284263
741,12.95,11.641881147765412,4.5422158048470145,27.836329111265652
742,34.88999999999999,15.544253462011422,5.759837455879541,39.4909621572644
743,87.64,43.316742821164155,16.13141635072475,113.64164165236221
744,32.0,81.25220537751693,29.311351736759608,222.19774281991403
745,22.309999999999995,14.012646126172873,4.7027908803004115,38.520920272254635
746,17.7,29.450178997539158,10.933381909797715,76.6991307234457
747,15.46,15.540773555433592,5.701067494676774,39.82889629592191
748,13.209999999999999,18.194297527486185,7.009815912695837,44.99619536694996
749,11.599999999999996,13.888895411885951,5.358644721844828,33.86265018463917
750,9.34,13.983731344973654,5.612698491081236,32.95167726475856
751,8.000000000000002,10.816221765940321,4.585544960106099,23.997220113546383
752,6.7,10.122354798281199,4.2671511112929466,22.48646804410403
753,5.73,8.24076444735835,3.444556941348912,18.212652396719182
754,5.2700000000000005,7.383235782601249,3.0064934874178597,16.54118468116612
755,4.94,6.761110864184875,2.7450689903819963,15.083773623626772
756,4.25,6.201394462960069,2.501080072403279,13.812595295929105
757,3.8,5.151520707209455,2.01041374980713,11.570101705671226
758,3.49,4.7162921168180025,1.8131628588221216,10.615394203831185
759,3.1799999999999997,4.238355530108428,1.5906247452755493,9.592181947562953
760,3.0600000000000005,3.7980532284936785,1.3830187347818952,8.660568105254795
761,3.7,3.6928624316704113,1.3400862288710016,8.41117362722515
762,9.379999999999999,4.6777288690477565,1.8409021615702756,10.34731267640696
763,15.520000000000003,13.412894920422588,6.234686728134979,27.713273676287308
764,11.119999999999997,16.26065464396173,7.744610778369429,33.07014975155606
765,9.32,9.542884033882768,4.36346185155785,19.72400379236692
766,8.99,9.824943007834907,4.511701061491805,20.26011367734771
767,9.060000000000002,9.147429301781605,4.154315223632266,18.977497876447757
768,8.21,9.527123582868542,4.336597065336632,19.766104236875993
769,6.800000000000002,8.163072532700545,3.623269355556852,17.160719564957805
770,5.750000000000001,6.887372583754982,2.9581096393253037,14.717262012371675
771,5.0,6.0230317313995885,2.502022445173404,13.084140085459461
772,4.2,5.342899775181424,2.146100597347983,11.788013705572729
773,3.660000000000001,4.510353691577129,1.72238812910979,10.153441892286903
774,3.38,4.037284966897964,1.4981633682856303,9.157157918438834
775,3.2300000000000004,3.3122887940105725,1.085796709508076,7.915458806786059
776,3.33,3.5804604278279477,1.0719787627886266,9.125884544617858
777,3.33,3.449757852555263,0.9170163625049559,9.328730277765713
778,3.04,3.593102201675138,0.9386855349505403,9.881902946457593
779,2.91,2.9000220896443465,0.5240150468128995,8.98032948002854
780,3.0600000000000005,3.279423667179236,0.6188584112213333,10.312581011576762
781,2.8699999999999997,3.201682517225949,0.462600243106128,11.070376754532768
782,3.5199999999999996,2.8950594986659612,0.3308144842602758,10.40015282188704
783,15.91,4.545685437532098,0.7894122255395704,16.18699947005335
784,14.390000000000002,33.75042915321272,10.21330907126126,106.69277103289795
785,9.41,6.028119720702397,1.3083981338101238,20.397724285540797
786,8.650000000000002,8.208895985758984,2.055622243651958,26.753353822681262
787,7.5,7.383148959900003,1.8096780529504435,24.012540639691583
788,6.080000000000001,6.674943853282664,1.5946931813844287,21.702014856188896
789,5.2700000000000005,5.5472292719112,1.2273452464630021,18.245427356644374
790,4.8,5.223585202493137,1.127630849242422,17.204761783033497
791,4.34,4.85750768513616,1.0250582580156498,15.94291813364908
792,4.14,4.53621889761303,0.9423076752886179,14.78005383608095
793,4.33,4.480450030095505,0.9514936489335819,14.390945570736038
794,6.660000000000002,4.7481196106625285,1.0730190611139707,14.938531236045693
795,8.09,7.5385277108081645,2.1461875224991265,22.17295296191588
796,7.4,7.556334032871847,2.1970593445974083,21.89943482150161
797,6.440000000000001,6.703035788825094,1.9302788174063634,19.24952711375095
798,5.789999999999999,6.011023766374017,1.6622305444008707,17.463635448868846
799,5.02,5.605385191851604,1.6053269676874482,15.746885927895836
800,4.38,4.9458657108717405,1.41684393437394,13.627886620605581
801,4.119999999999999,4.515975961455591,1.295048231151783,12.257233723618294
802,4.03,4.38564624429948,1.284401349349959,11.69706195760684
803,4.670000000000001,4.31046269900038,1.3185777762973232,11.163065809468034
804,5.150000000000001,5.019692662923963,1.6935426541994252,12.453174650702113
805,4.57,5.157991806258837,1.813606375971843,12.477671720463311
806,4.37,4.506816409095547,1.5611096234662032,10.840581397075113
807,5.0,4.6096304011639075,1.6498183000102804,10.87551359183392
808,7.33,5.254115602957238,1.9971786351200818,12.050260507274059
809,8.059999999999999,7.321850117319981,3.0485208768719216,16.105800237010726
810,8.179999999999998,6.890780661705501,2.8914166514987265,15.0004504856002
811,7.950000000000001,7.300009417243741,3.15193181557599,15.592313984515123
812,6.59,6.946108924418293,3.0253691230359774,14.685678780955785
813,6.440000000000001,6.429150871576983,2.405595406030289,15.206353395627698
814,6.01,5.991819903866586,2.2761821409392025,13.921498092926743
815,6.059999999999999,5.712440966016708,2.2019162429886356,13.07184332848248
816,6.180000000000001,6.45923984095655,2.3480425208153877,15.61874323847081
817,10.48,6.014319799978397,2.0003114737720504,15.39852484865943
818,12.440000000000001,12.30815461185849,4.598780381656234,30.633135629574113
819,9.53,10.357138966901877,3.7336528705546774,26.248429287212808
820,7.959999999999999,7.983911630342096,2.7741697605276023,20.385012679056917
821,7.860000000000001,7.278493134290899,2.485019137364716,18.665157025887904
822,8.120000000000001,7.596634066024244,2.7463562196409113,18.726398914679834
823,8.39,7.7604409607427165,2.656786286946952,19.98709626553905
824,13.020000000000001,8.046159776616502,2.9179202436220053,19.88684853585025
825,12.079999999999998,14.714387293006391,6.0362186317738535,34.095834981515615
826,10.989999999999998,9.602034749524595,4.010008308099485,21.43571944749258
827,10.929999999999998,10.344814826669825,4.631542585775736,21.85427509267403
828,10.410000000000002,10.193930431957105,4.784500487268522,20.662039581686464
829,8.669999999999998,9.684466461445187,4.716397889628143,18.97023751143626
830,7.550000000000001,7.8993509851445065,3.912521303062303,15.121751555036067
831,6.21,7.282135692657372,3.6936910593600603,13.61403632324734
832,5.4,5.931428741372171,3.019255308389205,10.953633374928614
833,5.01,5.474892647333819,2.822331002169366,9.968237646269628
834,5.43,5.169217584356566,2.6980917387038827,9.291590445096254
835,8.92,5.890961341759849,3.2810171179343897,10.092071558111542
836,17.910000000000004,10.122327745252639,5.989530851323682,16.69878080578027
837,30.970000000000006,18.911305144020055,11.370314734292597,31.04931168317208
838,40.58,31.638288822311907,18.625736122131986,53.27862122569541
839,40.43000000000001,39.126576243298366,22.292430678603562,68.12726899251068
840,33.32999999999999,35.798573340051064,20.55590656853064,61.819672907657335
841,32.67,28.121668858768892,16.75394680547164,46.76806004952206
842,32.71000000000001,31.750127435055603,19.31468949460191,51.7977967518228
843,29.659999999999997,29.907199764040357,18.774907757821005,47.306419880845795
844,29.170000000000005,26.893881771870074,17.305878200847904,41.503759271545164
845,27.169999999999998,28.126681496241407,18.544177135518808,42.40748495579839
846,22.419999999999998,24.537588026113568,16.453968185620223,36.36505047194942
847,21.06,19.82890393012435,13.485589247164619,28.94998902203922
848,19.78,20.69053972683026,14.287618759009996,29.775199267964293
849,23.530000000000005,18.489297411503074,12.907647456177997,26.31106858948259
850,36.88999999999999,26.018504879511152,18.031724639912458,37.356986544101545
851,42.97,42.70763511481824,29.385256466728226,61.87119443674694
852,35.099999999999994,39.76349521814502,27.01973608928741,58.30329026314504
853,29.019999999999996,29.992267608462,20.075363252603974,44.57552057357045
854,26.35,27.016647199486727,16.491562518366216,43.874922950784125
855,28.239999999999995,24.017073234927416,14.02365180129757,40.657911240173156
856,29.039999999999996,31.262215175768368,15.683917521863194,61.38645849714923
857,33.76,26.212563470590247,13.583330027140176,49.77877338459445
858,24.97,39.556860062456565,18.590582010047736,82.96171677197032
859,19.46,17.279626982398902,8.218756392649814,35.24618640341361
860,17.910000000000004,20.786543508196356,10.413467036927273,40.587142320456444
861,19.690000000000005,16.29412436293138,8.425106950190392,30.732980756732424
862,26.25,21.949374957718103,11.84946308679066,39.9880013968337
863,30.49,28.468183252548126,16.090362765279515,49.81073094422145
864,42.940000000000005,30.473438539513527,17.812290377821537,51.65586027038799
865,48.39,51.07651189619196,30.530237350028308,85.01150258298918
866,53.889999999999986,42.52807830759147,25.689274912644716,69.9908233683095
867,54.66999999999999,56.31658547088877,34.7009390325837,91.01973558856129
868,48.92999999999999,46.45769308677416,28.81465728377078,74.54112098898504
869,32.559999999999995,43.7360982361539,27.317440389697804,69.67441328923617
870,22.609999999999996,27.348874580334392,17.026244010399896,43.58270339111542
871,21.55,22.479259807084077,13.995349766193486,35.76310654196185
872,25.259999999999998,23.387123118155586,14.648210344441566,37.00637650498701
873,32.120000000000005,27.866715877294347,17.567288926809173,43.879319152364786
874,39.050000000000004,34.16504259891259,21.62700443688195,53.65063766760546
875,37.81,38.90217444156451,24.709769717638483,60.929124323222084
876,42.85,34.424108351581864,21.844270844078295,53.93138568832456
877,46.120000000000005,43.875132864374216,28.00043025701553,68.43957492175768
878,47.220000000000006,42.066184973384516,26.96372150828456,65.32508793982572
879,35.54999999999999,44.897247079484124,28.96260067098538,69.30622316824193
880,34.31999999999999,29.947408303095404,19.22929348685783,46.344316859148115
881,44.82000000000001,35.74370380306779,23.026331401128637,55.192505906422234
882,60.73999999999999,46.0597031134327,29.738927180007984,71.04596452425221
883,74.28999999999999,61.10279244586526,39.73366289454961,93.68229850967502
884,73.05,70.58692902460128,46.36491876315693,107.19586607545432
885,60.00000000000001,64.83252086659596,42.976960583326964,97.54980303695474
886,49.830000000000005,51.8835568406726,34.60564597579092,77.54570553282953
887,36.190000000000005,45.53078156004733,30.443520311482978,67.8572275349893
888,25.920000000000005,31.47191505813238,20.996811474116726,46.93536866846765
889,21.4,24.804502811228367,16.629136742623462,36.77112714343843
890,21.929999999999996,21.66773902033365,14.671654545862307,31.7869907284052
891,22.440000000000005,23.850844173891375,16.171293468094483,34.96493515776844
892,19.930000000000003,23.05911640847384,15.616954460077814,33.83436653492427
893,23.490000000000002,19.626861015394965,13.244273569194396,28.869364224270758
894,42.96,28.195340792962856,19.095846335496486,41.41512946442335
895,52.85999999999999,54.323536335565585,36.87727603047657,79.80553813347001
896,45.93999999999999,47.38369517078796,31.93036420840675,70.08885718859143
897,43.57,42.988436875873404,28.788450632018534,63.95747639532672
898,41.029999999999994,42.744446576166155,28.48324304266842,63.9038711069101
899,42.61999999999999,39.32366122373325,26.07291437413414,59.059941534772854
900,42.64,44.04592417840808,29.136775691491344,66.33086863236612
901,44.18999999999999,40.36337165824173,26.32801184350593,61.60713456710576
902,57.12000000000001,44.897912529307824,29.597949366746132,67.84835154467791
903,62.440000000000026,61.433673228776044,40.56676261450209,92.77597165764453
904,57.15999999999998,56.22697935166428,36.96544483178727,85.26073473459783
905,56.44999999999998,52.639306601557394,34.495999873018135,80.05632248671856
906,66.81,54.88116880764736,35.735580389196166,84.00491877970056
907,76.09000000000003,70.74733482450269,45.884049035049834,108.79597881085239
908,79.73,71.31905190782669,45.45669285452328,111.57894067544895
909,76.98,78.41907877959312,49.49070070484018,123.92181701084164
910,73.04000000000002,68.62181610446528,41.94031910595574,111.88219041231308
911,68.27000000000001,71.59840373199269,41.58489080247419,122.76521637404765
912,54.06000000000001,61.54286458571116,34.674872654148196,108.64607914674004
913,44.08,46.93784147756531,26.35576393643068,83.00557377481242
914,41.95000000000001,41.922646966089424,22.344857690475457,77.91903420457402
915,38.14999999999999,42.84143110700377,22.815918026844376,79.70531143681612
916,36.089999999999996,35.672830297031936,19.063545549588206,66.03184532718383
917,36.69,38.292699604032684,21.02166831281274,69.10895905985753
918,31.950000000000003,36.7073652311055,20.649439181068587,64.67585334567558
919,27.569999999999997,29.91584858308088,16.956802807704378,52.227164314679776
920,28.709999999999997,27.317909949798782,15.811087371241548,46.70090156670752
921,29.16,31.28351786397625,18.455339282075496,52.57015421642593
922,25.63,28.096151520554393,16.72859242036626,46.752580308322635
923,25.309999999999995,24.597830499912387,14.785188678397308,40.510363902015335
924,27.569999999999997,27.18337430474961,16.35990446742767,44.75500911839508
925,25.360000000000003,28.82723290277297,17.340492848274224,47.50817423480399
926,21.069999999999997,23.546737119457767,14.071454312947631,38.97904188278181
927,17.519999999999996,20.001761878285226,11.679498105758533,33.78639282984522
928,15.130000000000006,16.237539709002977,9.502600372436936,27.291353063309046
929,15.810000000000006,14.724393076045036,8.59010104319196,24.782474709742626
930,16.21,17.409551937484288,10.151352364262491,29.391973230535246
931,15.789999999999996,15.62480444433691,8.332491347722263,28.61525626058041
932,13.030000000000001,16.473589685803034,8.267020456528089,31.94762733503164
933,10.11,10.689412093261671,4.9211961554568235,22.07681615312914
934,9.979999999999999,9.80294765476106,4.532449604720881,20.09439513591291
935,11.85,10.284349609668451,4.724825642942808,21.242868875875146
936,14.750000000000002,13.584218941286982,6.596939782042391,26.998042399937393
937,14.780000000000003,16.16618662745425,8.180614075031471,31.09784889335726
938,14.699999999999998,13.921358625934694,6.94574591122931,27.020898947838283
939,14.71,15.719310025175748,7.980051706024247,30.128476412938312
940,13.769999999999998,14.047094071434293,6.823936499177021,27.938762478249796
941,14.970000000000002,13.75698010253579,6.821033049901846,26.84395109407832
942,18.020000000000003,16.487611625101326,7.9704588025768395,33.09151829140898
943,20.939999999999998,19.964862451163967,10.175691558630056,38.328703310249814
944,19.540000000000003,22.16920822081829,10.980032317184428,43.80891164288583
945,17.579999999999995,17.529415741426813,8.814241993071974,33.98377643031467
946,15.96,17.98266624589325,8.354056478373707,37.522497553449
947,14.030000000000001,14.66700112398236,6.78662092388632,30.522649762736545
948,17.650000000000002,13.918089741953299,5.735599438496724,32.04077143854648
949,22.539999999999996,22.453874885119035,10.310295932590318,47.63570771316109
950,29.030000000000005,22.371919528611976,10.651744345242063,45.881102628635276
951,14.390000000000002,35.44080481562533,16.977125888231196,72.86788432514895
952,12.76,11.22545267789256,5.289873401745753,22.762273679134356
953,15.54,14.551142922838231,7.280862454824343,28.204451532176982
954,17.529999999999998,16.500506490372018,8.518122399211784,31.17732600758694
955,14.799999999999997,17.747053288551218,9.327432370500034,33.03091827623001
956,13.63,14.501224467198,7.59106095948443,26.969532647441277
957,12.95,14.580096393897215,7.608154837085918,27.19877293532775
958,10.38,13.84059954501658,7.093458670585351,26.21251863013683
959,16.11,11.548209047947047,5.769330578920276,22.260431511692392
960,9.000000000000002,17.70941445049558,8.854290186572499,34.52180648763337
961,7.67,11.018553770187593,5.1706147796109025,22.408629429302763
962,6.290000000000001,10.370684661988276,4.760357322650852,21.445216926729906
963,5.93,7.929346802022156,3.5863377484792966,16.384946047032983
964,16.269999999999996,7.134515656702762,3.292490305783536,14.41537435273575
965,7.750000000000002,17.579380226541236,8.690218065414632,34.622869090471916
966,5.73,10.003491831689242,4.794146514740943,19.896405049823848
967,5.349999999999999,8.059681513453148,3.87224362560921,15.846002669856631
968,4.700000000000001,6.802369547830231,3.321212576464016,13.087937004645864
969,6.069999999999999,5.749308143364881,2.852853547159435,10.823226566106085
970,5.359999999999999,6.258861128445477,3.2459115075505585,11.409835859356829
971,5.39,5.985014671808655,3.180270060597148,10.67159759013572
972,4.48,5.880944731185338,3.2035114823144353,10.26377329830868
973,4.2,5.248792106993045,2.926682892435443,8.944119213609392
974,3.2300000000000004,4.793415386186855,2.729862247899034,7.99863308780704
975,2.8300000000000005,3.9794376316641467,2.2747104124735316,6.571600540062549
976,2.8199999999999994,3.3759941791606956,1.9350596338214094,5.524339347448322
977,2.44,3.1400941938401186,1.8274946142490238,5.062038048628117
978,4.819999999999999,2.7942803166882486,1.6348059869678724,4.463993627164709
979,4.45,4.168566342054786,2.628833331120862,6.361616143436996
980,4.93,4.443379237506917,2.8667834795246163,6.66279717502159
981,5.039999999999999,4.907343743204662,3.2387600487456734,7.232763756161628
982,4.870000000000001,5.12202661218917,3.3943310174774277,7.528991032147459
983,4.360000000000001,5.115922195236187,3.323579709427631,7.651281302070489
984,3.92,4.767739271305042,3.022256067702977,7.270685839440441
985,10.64,4.341116789186517,2.6741796677170546,6.764325954548549
986,5.83,7.672523569256189,4.888977315955483,11.771770211361543
987,5.62,6.519214990902636,4.018123310076432,10.26688018325197
988,5.41,6.099329601121688,3.6476756452124866,9.84423368426744
989,3.37,5.804256532891412,3.3590933458323438,9.620994617988652
990,41.95000000000001,4.486936566353483,2.4233022894338556,7.794570370285923
991,130.04999999999998,9.434257189258142,5.243375843808761,16.43827791491198
992,37.89000000000001,22.548645200846806,12.547649595069412,39.93246484594542
993,30.839999999999993,13.432203065834463,7.132286907268291,24.612535281720362
994,18.469999999999995,22.805280586600677,12.238244791208235,41.80713891792795
995,13.330000000000002,7.231385643312159,3.2726732691359226,14.857919700615907
996,10.050000000000002,16.287947469910733,7.815437853845484,32.90337867245222
997,8.929999999999998,5.707539190540493,2.4399407784611267,12.07902806767609
998,8.11,11.062921067399792,5.183833745032982,22.531367542861002
999,15.199999999999996,5.890787152821657,2.531451890720579,12.445729704051917
1000,49.60999999999999,17.369832852351394,8.39399819489873,34.92195272153406
1001,46.61999999999999,32.998299784574634,16.30414005247694,65.79814106545864
1002,32.24,22.321539428338873,11.062320971301393,44.09034393974383
1003,113.71999999999997,21.38453427466514,10.697440509195529,41.83564206201877
1004,41.71,128.7267176043035,63.914588316242856,258.24867887016654
1005,25.110000000000003,20.902079703880418,9.848844851470224,43.21679007513154
1006,18.320000000000004,19.833159835484558,9.23106172305507,41.42184833591693
1007,14.649999999999999,15.39182645253128,6.996781687859618,32.60001372274814
1008,17.840000000000003,13.454307653238383,6.044184192627387,28.659504070483244
1009,16.719999999999995,16.96299783749026,7.767784827394522,35.80168909956767
1010,16.049999999999997,15.028175089812546,6.908537428201209,31.48418548208347
1011,13.489999999999998,15.522376335686182,7.2582686400202885,32.05643491120096
1012,12.440000000000001,13.18289521020241,6.1699706455553205,27.055138087389324
1013,24.65,13.59702250359652,6.382489829080428,27.861951848708994
1014,17.009999999999998,25.68679343903148,12.421070343963079,52.06469050569286
1015,13.96,12.702414727555595,5.780641886712843,26.690028835449084
1016,12.070000000000004,16.9929242566069,7.758661304868214,35.962877320538674
1017,11.389999999999999,13.233888408919753,5.8066644809046775,28.765471738170934
1018,24.17,14.695258476829917,6.392431645962298,32.32342461212359
1019,37.580000000000005,26.247110278507407,11.241520501113722,59.64647103777677
1020,27.459999999999997,27.897202099881536,11.383650694195481,66.43151190406277
1021,19.259999999999998,21.13400213666343,8.227647773584888,52.0919756157416
1022,15.300000000000004,19.970146718937034,7.670042189472076,49.72028991366675
1023,18.88,17.259701837800254,5.625950673055639,49.31982996209157
1024,16.550000000000004,20.844281178698758,6.202800074726923,65.24821114893203
1025,26.45,17.295694689928155,5.1562514364325,53.37277012536059
1026,23.060000000000002,25.475029582476203,7.9656027969036405,77.17959453156483
1027,19.930000000000003,20.724857419470762,6.356893992402206,63.153354715149874
1028,21.880000000000003,19.651600064277634,5.9999417072721934,59.92744812028874
1029,36.20000000000001,21.528511064853177,6.68471906919914,65.0445497394226
1030,40.14,30.26508950638318,9.733691776386882,90.06892970343843
1031,143.72000000000006,30.33340340643112,9.58915581831601,91.71581095557836
1032,87.60999999999997,92.20414379065973,29.6474395523164,282.4498589978747
1033,42.05,65.10923610333542,20.179367035736114,205.35324421132535
1034,27.919999999999995,31.783363321592226,9.768469398364635,98.80516923219716
1035,23.570000000000004,26.217660144894044,8.142887223747536,80.02484539444096
1036,22.700000000000003,23.358314727738065,6.837574772361788,74.70294556778394
1037,27.309999999999995,22.786555353964197,6.363366983501617,75.83987731087372
1038,68.15,26.642032092841358,7.283352878608396,91.24307468475709
1039,49.60999999999999,58.31388447226733,16.350327996694304,201.77062726766744
1040,30.599999999999998,36.14106272654371,9.644423304904542,128.59448350963763
1041,24.790000000000003,26.86726626722408,6.840581619805452,98.04680122794697
1042,20.66,24.37344219801673,6.028253740431107,90.6033473965903
1043,20.169999999999998,21.52869817894425,5.155064843084384,81.45928427678912
1044,19.5,21.867968272634442,5.174151369799766,83.69892323601636
1045,22.099999999999998,21.51837941956836,5.033636052062526,83.04176309412985
1046,132.58000000000007,24.05724951848039,5.7163192061679595,92.48360823213743
1047,54.48000000000001,108.10755058404362,28.24060674300302,406.1207447601357
1048,261.54999999999995,31.146181172204777,7.833852818963814,115.9791918807885
1049,277.4400000000001,121.03724073655553,32.972753402807875,437.3833111790428
1050,58.38999999999998,165.22725526576554,46.05149731602963,586.2608093127867
1051,29.189999999999994,46.136188183560044,12.662845088156658,161.61768483358728
1052,22.750000000000004,30.712445422761874,8.35939897730413,106.45125804876477
1053,19.31,26.84832144928038,7.372588637591578,91.62714807944212
1054,16.980000000000004,24.271672785907256,6.7668394106140335,81.22874346097419
1055,15.420000000000002,22.76332326585662,6.419049335431653,75.11427112915237
1056,14.540000000000001,21.235667530803727,6.060564437626553,69.02625851066418
1057,14.470000000000004,20.581547702986228,5.951258332813622,66.00415650755217
1058,13.830000000000002,20.133466734272343,5.927036028878151,63.47539962931698
1059,16.049999999999997,19.070387207523588,5.700552166835786,59.11749966721789
1060,22.79,21.143419074840608,6.518978698999453,64.21244812001702
1061,32.36,27.181090556371913,8.67151533204099,81.11472945872266
1062,218.29999999999993,34.01877481965995,11.493839755470974,97.15353917382
1063,92.4,155.78872421475305,56.446575201533896,426.9228823415308
1064,73.85000000000001,61.52524322691681,21.020297630775893,176.53647594305278
1065,129.16,56.63155017186195,18.58253305405878,168.610109480879
1066,73.41999999999999,86.67408240372886,27.972962414385435,264.3075172430167
1067,28.980000000000004,57.551891815393354,17.883143266178703,180.55473306724014
1068,17.22,30.32985809141273,8.875156948236073,98.39690206173263
1069,10.250000000000002,22.350270021898506,6.208735253973701,74.6353355874763
1070,8.500000000000002,15.499552025069605,4.176965651010118,51.58586503753615
1071,7.76,13.320431380695233,3.4298304599379943,45.29404145008097
1072,8.430000000000001,11.791182829394213,3.1164636150679748,38.74633896339869
1073,7.570000000000002,12.139425729639656,3.389230835710726,38.33365889533153
1074,7.239999999999998,10.704646801767577,3.0336560790013287,32.963916127437116
1075,8.31,10.115478751778785,2.9274610431496924,30.45896713520539
1076,8.14,11.1043763060038,3.365533979309813,32.56197121629327
1077,7.739999999999998,10.677606323845215,3.280607385591691,30.856808431839013
1078,6.909999999999999,9.908461727356377,3.086783296181417,28.116918767967032
1079,6.410000000000001,8.715416929524078,2.269944639793665,27.865726032731573
1080,6.24,7.711366605017002,1.6747760059653216,27.371687183434886
1081,5.97,7.465576217500811,1.309754464853182,30.02753205365954
1082,6.950000000000001,7.070149745798421,1.0271233974583214,31.12794889609051
1083,7.029999999999999,8.108982002512226,1.1323883632653398,37.91108887643418
1084,6.499999999999999,7.947714173236669,0.9900507673904111,39.23092789282283
1085,6.440000000000001,7.300154842746467,0.7653049601121522,38.025874831955846
1086,9.470000000000002,7.233366808201181,0.6844885679094859,39.24267679211192
1087,10.690000000000001,10.462814416671808,1.2696244717410976,56.893328163782584
1088,8.62,11.254002564860158,1.359343202364487,62.645076608232046
1089,8.02,9.049168010818722,0.8878752357607391,52.49176460221379
1090,6.619999999999999,8.616698232433134,0.7685327083996079,51.29243680619904
1091,6.269999999999999,7.18462252375231,0.4776160554602522,44.33521790641885
1092,6.109999999999999,6.9542369851990085,0.4149450279793445,43.71543753686481
1093,5.53,6.484284913051704,0.3237595707228631,41.3147238354965
1094,5.849999999999999,5.566978422079654,0.0,43.76057836026774
1095,5.19,6.607106138329922,0.0,59.05752065445811
1096,5.379999999999999,4.710206184668176,0.0,46.5920917999124
1097,5.81,6.113430403462044,0.0,56.90576171406815
1098,7.440000000000003,5.924141894368345,0.0,53.34553250266284
1099,7.65,8.980975967992311,0.3160161420020484,74.69806941888181
1100,7.609999999999998,7.548454103926353,0.136719759313628,63.28679273690108
1101,9.05,7.614771116131465,0.11512013763122719,65.55272277745895
1102,13.310000000000002,8.918338561736059,0.24759396714233617,77.85052542418813
1103,12.550000000000004,13.289796865817678,0.7905952286211557,113.03933798236201
1104,10.750000000000002,10.376718266135331,0.41646882727189616,90.3749148693216
1105,10.550000000000002,9.732912417496427,0.3679165048896347,83.21231014457507
1106,30.259999999999998,9.900614119644722,0.420924814764289,82.62397992543255
1107,91.30000000000003,37.28483120838508,4.172837765920458,282.35091239686767
1108,76.61000000000001,110.58282050443513,14.469037993881047,803.8804222117765
1109,39.239999999999995,49.358898283489644,6.240664227599758,349.2466840901326
1110,29.86,27.11061802064639,3.2140673142014515,186.51642690653856
1111,25.429999999999996,26.730804961525056,3.2953660826391005,178.02957024367663
1112,20.59,21.164243754282133,2.527297642011437,138.27197278398586
1113,18.18,18.02569119277542,2.1031785027061622,115.64714905932291
1114,16.049999999999997,16.712662137466676,1.944938842109695,105.53477604013321
1115,33.71000000000001,14.604918895780939,1.6522389619832065,90.8143113174894
1116,28.31,50.52846452068253,7.8897886866044065,297.6778144524632
1117,20.180000000000003,17.53046278180335,2.3709661998207525,100.86339184476478
1118,15.450000000000003,19.25019172098932,2.8916525202406076,104.371757268676
1119,12.650000000000002,13.275506149184492,1.8904618630013759,69.50432957582571
1120,10.8,12.409872835054369,1.833362311117316,62.46688834913473
1121,9.570000000000002,10.381645358814783,1.4980413831853383,50.857367914636725
1122,8.95,9.702424504308832,1.5660329756220008,43.63773122115293
1123,8.66,9.172391045382208,1.6309797498867256,38.33042038222729
1124,8.47,9.088912352557024,1.772737938601868,35.70961869151709
1125,9.93,8.84479024871386,1.8487980769207555,33.02132844246072
1126,11.83,11.2328053794264,2.6810050722995475,39.65235567780445
1127,9.93,12.491666402045935,3.237672646064108,41.9540168642232
1128,9.03,9.314713569030534,2.6424234443568952,28.209485837231487
1129,9.03,9.806025754543358,2.9621769776592473,28.471220812766216
1130,8.680000000000001,9.651026232506025,3.229357984461311,25.82306870743191
1131,8.709999999999999,9.335449632787075,3.4538422109661777,22.98412742347815
1132,8.250000000000002,9.612275848377646,3.9059044363331363,21.956093039235046
1133,8.36,8.778484291819934,3.800296464176342,18.91934368198984
1134,8.400000000000002,9.513672573087646,4.437980516375307,19.32690456341947
1135,8.179999999999998,9.108494062166042,4.476283718329416,17.658940526189074
1136,8.51,8.958405941186047,4.6252049351916815,16.629553061975738
1137,8.39,9.409399038008559,5.076680793589143,16.831377360944796
1138,8.16,8.939058392705098,4.9535097638512955,15.592713483633933
1139,8.280000000000001,8.377274223505687,4.243817183799228,15.768943077286142
1140,8.88,8.596186839752269,4.0613932480980655,17.193963074898075
1141,8.77,9.276124455231686,4.154186779840788,19.487952480191783
1142,8.47,9.03346771894455,3.820207686465311,19.88509064656603
1143,8.35,8.746852552374262,3.4900509657789707,20.158141723062396
1144,8.07,8.668077354876774,3.3156813751214287,20.65862389163313
1145,8.040000000000001,8.36705885994583,3.0675581875242903,20.571121454342
1146,7.990000000000002,8.277682824563538,2.272390390028923,25.303523826336775
1147,7.5,8.040195059911973,2.240689526455137,24.218437636218955
1148,6.9799999999999995,7.195666493957882,2.0356305482049537,21.12685246559487
1149,6.6899999999999995,6.981109849861841,2.081485616365022,19.671235360397752
1150,6.290000000000001,6.700898467263286,2.0559846176351564,18.405803570107537
1151,6.02,6.3262049050297104,1.9988222308501893,16.898119387778653
1152,6.09,6.244542483076801,2.001560483949932,16.485370049927685
1153,7.76,6.459050725408576,2.1456373935409956,16.68717457341388
1154,19.06,9.20402545769859,3.4675382005514868,22.306378337964247
1155,26.079999999999995,28.222582057759418,11.973802228983633,64.82182208810977
1156,33.11000000000001,17.045772047036312,7.035716476822726,39.52530844173799
1157,26.649999999999995,35.32002781210815,15.268169892033615,80.08745046474364
1158,19.5,21.540989693655817,9.130624600202546,49.154480737479815
1159,14.079999999999998,17.084168633180614,7.135587037340205,39.19834753808165
1160,10.98,12.144177456365114,4.907080308692905,28.2478503720642
1161,9.670000000000002,10.259970793940827,4.052303604600282,24.094877941412093
1162,8.669999999999998,9.395945205581942,3.6569256830227985,22.207515875003303
1163,8.290000000000001,8.500663162269207,3.2500913416844046,20.237802500293103
1164,8.13,8.404028904985298,3.202229927664626,20.044959739969972
1165,7.690000000000001,8.231215157477438,3.120868263305411,19.678975361199406
1166,7.440000000000003,7.731065954136081,2.895404329941679,18.56960208457116
1167,7.300000000000001,7.618230224705584,3.1299733523699436,16.984109307486822
1168,8.45,7.480024109844267,3.31761393120921,15.655219769360063
1169,11.190000000000001,9.139147316296109,4.438649593038262,17.902175354916523
1170,11.089999999999998,11.999455110028862,6.278900264778277,22.215846764017037
1171,9.989999999999998,10.392165093341104,5.6239930565081915,18.592627046374542
1172,9.739999999999998,9.750257301980653,5.454019671983855,16.906365014729605
1173,10.130000000000003,9.747018235695583,5.629772621032509,16.42117076413186
1174,9.920000000000002,10.261731652633525,6.108928083273821,16.84046741369218
1175,9.5,9.737865994390875,5.913531034513742,15.677695599815241
1176,9.699999999999998,9.445152477640162,5.891437546343784,14.83141536834147
1177,19.06,9.856985560296016,6.258094131851813,15.24037017365082
1178,24.46,23.114623700661674,15.296274248332338,34.68392795574255
1179,18.220000000000002,21.10629785035642,14.04180422485434,31.48868269679963
1180,15.339999999999996,15.030676249396027,10.239656925986708,21.86391681749573
1181,20.8,14.293507782016855,9.816518106636515,20.623537072905666
1182,28.730000000000004,22.050741049342076,15.6699739912181,30.873874740520712
1183,26.400000000000002,27.388918467190575,19.902732626786445,37.55623597768311
1184,24.97,21.594716698999463,15.819073859975006,29.35370597443847
1185,20.909999999999997,23.342441105165594,17.376328435076044,31.245529407681346
1186,16.500000000000004,17.52729805374429,13.094125388250209,23.354882883221805
1187,13.7,15.395326940268948,10.82202799591311,21.737786238641593
1188,12.82,12.786632361553536,8.48606630791812,19.03688628172257
1189,16.48,13.165603432840523,8.368498155281909,20.419048954326765
1190,17.429999999999996,18.636382175986604,11.573342436210272,29.667064618469446
1191,15.829999999999998,15.743968038994101,9.419414795062455,25.907505959328255
1192,13.320000000000002,15.20399427684864,9.151130367767262,24.866028807774587
1193,22.529999999999998,12.063302713636478,7.020463143801331,20.276810918330828
1194,21.560000000000002,28.22278961384256,16.805188112514728,46.96194386818491
1195,16.7,17.465555404638135,10.480460596748394,28.700614668573078
1196,13.35,15.544371080191524,9.445192920920885,25.204993676167145
1197,11.45,12.476063183476173,7.617347374628501,20.07426694434156
1198,9.79,11.579141441503847,7.120353128982005,18.486196830604623
1199,8.909999999999998,9.979614261869585,6.140662278652241,15.882457765836737
1200,8.290000000000001,9.671700777271234,5.981872512696318,15.311554997962904
1201,7.880000000000001,9.10351242267055,5.649077896241579,14.352649625711237
1202,7.43,8.781380805318827,5.473738114057305,13.77900538653342
1203,7.620000000000001,8.15862148026528,5.099232694628903,12.752606535678362
1204,8.339999999999998,8.5876335281154,5.565571309203701,13.000718648898706
1205,8.07,9.348554350584186,6.25792419816181,13.755262554838733
1206,7.880000000000001,8.555941772187547,5.762750298618603,12.502793851798963
1207,7.730000000000002,8.65156615386882,5.992761970437537,12.321307033803928
1208,8.040000000000001,8.235842044940467,5.825662609638388,11.497069245502777
1209,8.9,8.712614687568761,6.289678907838496,11.940883303891393
1210,11.54,9.617192003961547,6.622807529906393,13.787827923863274
1211,14.229999999999997,12.701353422161564,8.477948949730065,18.806720482950578
1212,13.209999999999999,14.725229237572137,9.53782709104042,22.46620725865211
1213,10.970000000000002,12.77477683304199,7.980977913623116,20.12737372533671
1214,9.839999999999998,10.686546735929127,6.436916356121543,17.364516698999388
1215,9.749999999999998,9.949520565710689,5.825303860332945,16.565811438184504
1216,10.53,10.101299246975444,5.799638744713182,17.124322423263667
1217,12.419999999999998,11.021124782373455,6.538727334238781,18.168678561576446
1218,15.490000000000002,12.909803395106648,7.787334422728069,21.01835291372157
1219,20.630000000000003,15.661497213697203,9.328680804220074,25.877148656643165
1220,40.059999999999995,20.73237039880948,12.757384643548432,33.33035677842555
1221,35.24,48.55805979390683,29.80450684799451,78.72863524988841
1222,26.689999999999998,27.793047498309786,17.336768154322296,44.211870339567135
1223,21.119999999999997,23.700888844712033,15.053691650007622,37.005832117656865
1224,17.060000000000002,17.679255839007066,11.325343387073755,27.3087121990455
1225,14.229999999999997,15.97977487783286,10.374615765817365,24.34703244819155
1226,12.340000000000003,13.297922249422731,8.350951395297399,20.86200868858605
1227,12.96,11.96476081653611,7.301968977065943,19.246404617304915
1228,13.739999999999998,13.469579747569314,8.097791674537879,22.013138304455946
1229,13.070000000000002,13.647378602708615,8.0666046861255,22.663290433231584
1230,28.020000000000003,12.60569002085222,7.307115646679035,21.28388393961046
1231,62.61000000000001,36.290015171214144,21.57897583488938,60.585841697952
1232,37.41,67.60338220647729,40.13735838157311,113.40754183856833
1233,29.609999999999996,20.95015879661391,12.030826831835334,35.974589365232646
1234,25.1,30.65479292667463,17.70558523851882,52.568273991623826
1235,19.650000000000002,19.533350745288686,11.519423299209373,32.67714971788465
1236,18.76,18.33292086218484,10.708693560976752,30.921736367684236
1237,21.4,17.931764745711355,10.667108120448809,29.719841856850127
1238,24.960000000000004,21.812449709664204,13.449854982042215,35.01474633501191
1239,22.569999999999997,23.837801135337905,15.116713917102487,37.278049012456755
1240,26.999999999999996,19.801118440694705,12.783786469156093,30.390977316140933
1241,30.340000000000003,28.346812251289084,18.586037316569627,42.97190587316062
1242,59.50000000000001,26.260686373939485,17.278760084302824,39.65620524318154
1243,39.21999999999999,65.36389119580919,43.67350284054778,97.58564416515316
1244,32.21,25.97527999557739,17.471251237201958,38.394501298008734
1245,31.120000000000005,29.580404595984085,20.27475379193137,42.9563792088984
1246,30.669999999999995,27.786823682233422,19.265187109460946,39.89186116249178
1247,39.38,28.20627333233086,19.699923968781423,40.208190100083534
1248,51.349999999999994,36.50888009882949,25.58349606481729,51.92441907708263
1249,63.53999999999999,43.71954100340639,30.629770442324777,62.22642623037508
1250,55.35,52.044597742442704,36.407059436996306,74.2192070696347
1251,62.949999999999996,42.72675734413333,29.74461019287967,61.19071557054692
1252,63.440000000000026,56.863869705501656,39.83420591684451,80.99565394056296
1253,40.830000000000005,53.684591739130965,36.7412729091293,78.2343326860096
1254,58.349999999999994,33.53046901025576,22.373724968527505,50.01254899138779
1255,50.72999999999999,56.101073555732846,36.94632220656623,84.92486469355417
1256,90.76999999999998,43.61967003824374,28.155733751170118,67.28553763432018
1257,78.27,81.49905566325539,53.3801564622694,124.1576793467151
1258,56.95999999999998,66.66151291447322,43.964738097233074,100.81490037761705
1259,52.769999999999996,49.54285748084236,32.88767367785662,74.3837653954392
1260,44.14000000000001,47.80677790389718,31.759137017478288,71.71563863508982
1261,34.92999999999999,40.895700552656784,27.001969318638782,61.6830814941844
1262,39.20000000000001,36.48143362546381,23.874388349652204,55.47808689292623
1263,37.98,39.91659190637979,25.911989841581992,61.20898205923258
1264,36.53000000000001,38.25385150720715,23.656448232268513,61.493382811450566
1265,39.74,36.8805192019324,21.800715185057225,61.933716041871115
1266,39.8,39.210522382131046,22.288038800703802,68.4298959255855
1267,40.01,39.28262818879091,21.514077243054746,71.07446773315785
1268,55.81999999999999,39.565704140946075,21.78162113053706,71.23262747728678
1269,45.120000000000005,51.21787008515274,28.689277486832527,90.8414386284479
1270,39.03,44.449581608699276,25.002959264380046,78.43959175582947
1271,45.9,40.12547451180553,22.49966159365785,70.97144720916404
1272,55.3,45.3970178275156,25.061477090450158,81.60020166223114
1273,61.19999999999998,50.593285904581684,27.33241699177922,92.95129089072285
1274,57.100000000000016,56.16729250874398,30.0135630507405,104.37645505076091
1275,53.11000000000001,53.45976057874369,28.58737668915126,99.2409085960491
1276,44.809999999999995,50.97487880903631,27.30776402739948,94.42922657541233
1277,46.199999999999996,45.45081634115964,24.18733870568721,84.66519726329591
1278,46.27,46.93210625798843,24.6775872030719,88.47440396783996
1279,52.370000000000005,47.45375024855052,24.43763288379935,91.29498373035125
1280,43.529999999999994,51.170492966522566,26.081118356525497,99.50398585973252
1281,39.64,46.46958323971418,23.503262558762817,90.9616858182957
1282,43.21999999999999,43.378094625416736,21.7596999071227,85.53081062664221
1283,46.839999999999996,45.46412698234533,22.779019716334304,89.79075260400694
1284,40.88999999999999,47.449055211032366,23.792603600521826,93.67787202439105
1285,38.809999999999995,43.07829236330633,21.785698088751996,84.26821737466125
1286,37.74000000000001,41.96684559923653,21.52132448375018,80.97341244653197
1287,41.760000000000005,40.29201658176666,21.02672543818614,76.40735853696185
1288,46.77000000000001,44.73178120094279,23.645575718368477,83.85887429491761
1289,44.25000000000001,47.66927547743673,24.959815091354823,90.24480922390899
1290,37.699999999999996,43.74468330466343,22.585410053485134,83.88665999422741
1291,36.900000000000006,39.520854568068756,20.049147505901907,77.0050429342186
1292,40.32999999999999,40.24234098035191,20.214020162273528,79.17955467792507
1293,34.18,42.28728721873222,21.11439664467474,83.73164630554076
1294,31.21,36.0689154800408,18.06643767662907,71.06928311263594
1295,32.27000000000001,35.21858720416346,18.0228311928944,67.95850810869757
1296,36.99000000000001,35.87730262825972,18.68148318131132,68.0972035292333
1297,37.510000000000005,40.12832101901211,21.280066530836077,74.92162202486192
1298,35.78000000000001,39.00417426238601,20.94195233685266,71.93489357040956
1299,33.20000000000001,37.559739145668864,20.323221571694663,68.7293079276416
1300,35.64000000000001,34.46035787761084,18.667609655966608,62.93440803452013
1301,37.089999999999996,38.098959387210634,20.81919196194727,69.06348483614117
1302,43.14,38.01615837573792,20.857673256188992,68.64422043273234
1303,44.02000000000001,44.69603161318526,24.693554082424466,80.27047346173093
1304,43.24,43.49956134821841,24.07254331452376,77.97926171042955
1305,39.790000000000006,43.10596643596165,24.02386754101701,76.73923323649093
1306,34.36,39.38034461805712,22.16960221502934,69.37549528646454
1307,30.080000000000002,35.045151580766124,19.91162616146509,61.130651267791215
1308,28.130000000000006,31.698685760447503,18.11640796827415,54.93122160998855
1309,25.540000000000006,30.14252981624915,17.237548245095024,52.17914175315807
1310,21.430000000000003,26.72075234720634,15.280265880883679,46.20071013075097
1311,25.029999999999998,21.01583280828377,11.926744192992926,36.4956668907426
1312,16.139999999999997,29.22181534562918,17.269996807604986,48.99224315163084
1313,15.229999999999997,16.638080011879016,9.857864267290669,27.65221546769937
1314,17.529999999999998,15.773920261923571,9.46118553892835,25.896033906133475
1315,18.86,18.56414999145949,11.364951313034826,29.95491079571276
1316,17.93,19.740667023723347,12.276410953570482,31.401472814704952
1317,20.430000000000003,18.48554315672643,11.601197728649264,29.13097645864391
1318,19.4,21.391968593867286,13.667999825566595,33.18327402995936
1319,17.57,19.932430914145588,12.870378650916415,30.590101107047158
1320,15.189999999999998,17.96660202363726,11.699239728223173,27.32704949443248
1321,11.710000000000003,15.501083473806514,10.144552613329008,23.43218361981383
1322,12.95,11.763143350487061,7.680036055251941,17.76695294215041
1323,13.84,13.493718250395766,8.909634613143348,20.198346550864553
1324,16.390000000000004,14.319025294851679,9.672028157768096,20.98949745213041
1325,18.790000000000003,17.094900894535623,11.789990578398388,24.600131319570337
1326,18.200000000000003,19.439129908979755,13.69266281219745,27.433105474205764
1327,16.640000000000004,18.47935544619102,13.258022988029309,25.612756124578056
1328,15.86,16.86617337870269,12.29614244674603,23.0069743894766
1329,14.019999999999996,16.17421265322293,11.93066492998522,21.810395432499988
1330,13.150000000000004,14.207876464882215,10.590832661078444,18.953657630460476
1331,13.96,13.448746347645098,10.121566056107545,17.77130162832967
1332,14.410000000000002,14.461836836725203,11.001530887968496,18.919825278721557
1333,12.76,14.812106051678674,11.368081738479171,19.215155678642624
1334,10.4,12.855562872731378,9.920630959445953,16.57926105488981
1335,8.31,10.359790675638262,8.02622822581765,13.296652041792168
1336,8.41,8.22469794642593,6.389093702299901,10.516304384705316
1337,9.829999999999998,8.740506537874113,6.862004011181395,11.06784777512616
1338,10.16,10.485683724105959,8.299208786568231,13.18625322196648
1339,9.640000000000002,10.586664509203969,8.386538645459947,13.302481406581206
1340,8.959999999999999,9.980155947366223,7.8861461806252695,12.567616622304813
1341,8.36,9.302016812195,7.3245177089063755,11.749273184342995
1342,7.5,8.785595792755586,6.832240970733025,11.226115792021371
1343,7.530000000000001,7.442744281187657,5.750691044026835,9.558908789137522
1344,6.529999999999999,8.058369519221184,6.213888813393789,10.3744556465035
1345,6.499999999999999,6.239313794592104,4.556133798503698,8.432397799830746
1346,5.669999999999999,6.8920769865862965,4.878321606467108,9.595690969626697
1347,5.580000000000001,5.445057295283116,3.6744975040462426,7.8862521594088335
1348,5.700000000000001,5.862470649443911,3.866900533990618,8.67628228388403
1349,5.879999999999999,5.814568704598093,3.737559958669414,8.802165468050424
1350,5.920000000000001,6.067196611774999,3.833654448107958,9.332817226732901
1351,5.72,6.027727388485725,3.740828184305724,9.417789957115945
1352,5.65,5.764014331876111,3.652500636870453,8.833827752595614
1353,5.22,5.746231130741246,3.5689959675894807,8.960970592275096
1354,5.489999999999999,5.1071217800038875,3.138069161022618,8.013125441958747
1355,4.62,5.792272817657979,3.6813772956190167,8.854999312418173
1356,4.34,4.3557122320103865,2.780514986053661,6.58723444237619
1357,4.42,4.392514722141726,2.84277378087335,6.567246131752884
1358,4.51,4.488013126355022,2.9894309132550205,6.549519901441577
1359,4.16,4.580878908267004,3.1241297843309477,6.552189435714453
1360,4.1,4.085020077409199,2.8113603790188315,5.784304452026445
1361,4.04,4.161907331777887,2.9155666662039286,5.804963259045831
1362,4.01,4.064582268265327,2.8789812613763948,5.612559283910041
1363,4.679999999999999,4.0516435747552455,2.902749345419226,5.538750134265857
1364,4.819999999999999,4.964073390268694,3.639058784230798,6.66754056349148
1365,4.889999999999999,4.853270756447228,3.578506393179497,6.482959639265296
1366,4.59,4.951514581956771,3.686173233198912,6.558518231530476
1367,4.3,4.602142032490576,3.4345522693186226,6.077150847749476
1368,4.62,4.314115306453045,3.226120837565973,5.68220871472838
1369,4.9,4.689036945379425,3.535272561036116,6.136316710918473
1370,5.05,4.9617410321190425,3.7785283344750002,6.4379293469140295
1371,4.990000000000001,5.097059403317861,3.9068933957931904,6.575899936904503
1372,4.679999999999999,5.018600805126316,3.856811904930657,6.4582990571845755
1373,4.63,4.703184870653947,3.6111049443624648,6.053909651009516
1374,4.719999999999999,4.6731188183650305,3.594911324563829,6.004330411173392
1375,4.9,4.770250538082353,3.6799975501973137,6.11448903874659
1376,4.85,4.953620763485365,3.799021897816301,6.386005096482862
1377,4.710000000000001,4.86992296854217,3.7048145453129315,6.323560859788821
1378,4.25,4.725007590872992,3.5428795278339376,6.214743801753636
1379,4.09,4.268056494022045,3.134967982961986,5.71164065563769
1380,4.19,4.176531992286432,3.0302497836742726,5.648839378569557
1381,4.280000000000001,4.299376349568916,3.1038533666502897,5.8431757144610215
1382,4.119999999999999,4.368699737219848,3.1314502450808606,5.976469558780888
1383,4.2,4.190752420280496,2.9489501467728636,5.823056682715219
1384,3.8900000000000006,4.321235943563509,2.9896971869857585,6.0971681909686
1385,3.67,3.9515985942608687,2.6265170983297565,5.76084738438941
1386,3.6899999999999995,3.8291456830212995,2.49684835491696,5.669047571094071
1387,3.59,3.847502369798768,2.500712430236485,5.712427739635066
1388,3.5199999999999996,3.6619798880355052,2.3803043579830097,5.429615257904177
1389,3.25,3.611385292580377,2.362559672650354,5.324013961621605
1390,3.0600000000000005,3.2456967768739196,2.153948244342617,4.71535729969303
1391,2.89,3.084202769901416,2.0957918670430535,4.38818918779672
1392,3.2699999999999996,2.889026473403596,2.0031555018482035,4.036211711823137
1393,3.8100000000000005,3.48140170193052,2.502326521029278,4.73417729428714
1394,3.84,3.9777816126648506,2.935265204523041,5.296477745618021
1395,7.100000000000001,3.8100035189887542,2.8444790663564143,5.018015302814836
1396,17.409999999999997,7.220717344896698,5.56016526170086,9.301599269034858
1397,7.190000000000003,22.913765840896517,18.107481211785878,28.92902048965456
1398,14.429999999999998,2.725583187746511,1.506644685810579,4.537270665998303
1399,31.450000000000003,11.037003849178138,7.3756988028563075,16.2987908323206
1400,13.12,25.208520767102392,17.797566744281454,35.541248670315284
1401,7.520000000000001,13.893634291440772,9.97060702540747,19.21951400623993
1402,5.990000000000001,6.495941917553387,4.506583738623785,9.203993600826786
1403,29.330000000000002,5.233433496295514,3.6009740601137663,7.445101546992454
1404,40.53999999999999,14.393471997488192,10.618416900879101,19.395117696243428
1405,15.520000000000003,21.84524650074618,16.496363566095855,28.829357723864078
1406,11.69,10.187637589452777,7.543691045173608,13.64978475592728
1407,9.72,8.601864057075257,6.258010906267571,11.70262535578985
1408,8.37,8.202473171664403,5.879543923547443,11.309756782762857
1409,7.559999999999999,7.201839562021053,5.001031325649107,10.209768546551851
1410,7.039999999999997,7.287549199128149,5.028652036896761,10.392840606425903
1411,6.410000000000001,6.625361128770643,4.438375216019814,9.691820632913542
1412,6.1000000000000005,6.572950681734245,4.309149567462241,9.802027951793436
1413,5.920000000000001,6.265014091308395,3.9756142125696687,9.607821967702549
1414,5.86,6.412589946622953,4.055046779963938,9.869630313721384
1415,5.87,6.208328105550333,3.9311180987640366,9.537162776590243
1416,5.61,6.5211342185526,4.266615647209983,9.74076099771012
1417,5.4799999999999995,5.886826284006819,3.7528242531402407,8.97898801638852
1418,5.34,6.445070517141692,4.163007474028956,9.735811498246456
1419,5.32,5.747168168816714,3.5915312233337096,8.914835832313104
1420,5.150000000000001,6.517016090429811,4.1659517905932,9.938067793561855
1421,8.579999999999998,5.591833401661986,3.4565856465748386,8.750125105003285
1422,9.52,11.667564471534593,7.411830934672132,18.076368853190697
1423,7.979999999999999,6.74504988040171,4.1070123010314585,10.745771130763726
1424,9.189999999999998,9.160793555163481,5.694643211304367,14.42154262923541
1425,9.299999999999999,8.278018903754763,5.064579944652426,13.194162755548318
1426,9.29,9.370929666497434,5.732544918424713,14.97556101751233
1427,8.11,8.685626839746694,5.200953201835718,14.12853979466412
1428,7.340000000000002,8.115813638135018,4.8290659412160055,13.255810300178771
1429,8.31,7.962909950248447,4.636646769374598,13.252047017162283
1430,7.59,8.925145554102773,5.009848591613585,15.391180704217629
1431,7.280000000000003,7.2430024708675695,3.4736212847495658,14.188386635757109
1432,6.9399999999999995,8.557778001801974,3.7363706362461837,18.287156210420687
1433,6.77,6.435227192874394,2.641073052752148,14.183052525648403
1434,6.410000000000001,7.922753784201134,3.3845469604904386,17.15821242443032
1435,6.519999999999998,6.640602951361562,2.7022069212589535,14.768652239595246
1436,6.430000000000001,6.982019445516884,2.416827020458745,17.646725177224678
1437,6.820000000000001,6.53229667565936,1.9297364096729788,18.36539172016569
1438,6.800000000000002,7.071064433372259,2.1557205288622927,19.64253804855521
1439,6.989999999999999,6.85741566553438,2.106392629642901,18.8748156790735
1440,6.800000000000002,7.055342897507611,2.2316300602502612,19.079200894486437
1441,6.410000000000001,6.797826310933771,2.171986089584673,18.169723150788688
1442,6.22,6.473871120711531,2.078849066695289,17.142737210876774
1443,5.910000000000001,6.345063059755248,2.0628894674191645,16.614070610664303
1444,5.849999999999999,6.0594831271376695,1.9772029783703018,15.739302756448762
1445,5.61,6.049338471887109,2.0000648975124986,15.564032642237414
1446,5.63,5.805526875303241,1.9238775229527478,14.840333833033537
1447,5.65,5.872694602761237,1.97115195110633,14.897514459075559
1448,5.41,5.861406013747166,1.986599215374215,14.763378039857578
1449,4.839999999999999,5.611581185302947,1.9001339302707612,14.072754162691654
1450,4.04,5.043042921259836,1.6719809483866706,12.66715124605893
1451,4.04,4.231197031246482,1.3046286897732786,10.874113388050427
1452,4.690000000000001,4.486964561875543,1.3870283476353755,11.612661317198965
1453,52.899999999999984,4.71788834146909,1.4927401854972904,12.11578610387179
1454,44.150000000000006,24.155852646171777,9.956402713171771,56.75772750623121
1455,148.04000000000002,11.745297973122263,4.710371699459912,27.44694338181844
1456,97.36999999999996,119.97325610613214,53.30825939591604,268.4715105161399
1457,48.67999999999999,80.66438276282018,35.826232831997515,180.09567281717145
1458,27.9,39.14938243031518,17.196322674882143,87.58783933090156
1459,20.97,23.36071905004413,10.127497835470374,52.33136356526618
1460,21.499999999999996,18.44769606277238,7.942812820887221,41.292384926876906
