step,true_value,prediction,lower_bound,upper_bound
80,252.68000000000006,264.1640017435962,186.9114976847821,373.1758683581184
81,231.02999999999992,270.2776145809237,191.20837615920536,381.873762544878
82,243.65999999999994,235.9657788659238,166.70039750938852,333.83987627632337
83,254.97999999999993,268.830577328688,189.81794952383726,380.56022870604056
84,307.73999999999995,266.9102125228334,188.31257108127787,378.1395445324869
85,493.27000000000015,332.9498839090289,234.9049818744334,471.74340743772285
86,521.0299999999999,528.2464343105457,372.8705035017194,748.1946692958053
87,488.5199999999998,440.4236326668676,312.9474976505063,619.6605401700975
88,529.5799999999999,456.2947289501185,325.31214745974177,639.8540740928499
89,410.3600000000002,507.8881992036368,364.0037604859876,708.4918664506802
90,388.1800000000002,345.68411777515814,248.92390103573737,479.9058958324814
91,399.3600000000002,395.12624844955474,285.86859646506355,545.9961042941432
92,448.7900000000002,380.96374278670146,276.64235558355017,524.4828662470459
93,467.37,447.5710051911875,325.8831363783637,614.5592757936802
94,456.78999999999996,435.76006800842055,317.92306324105124,597.135973824316
95,484.80999999999983,434.2515869639991,317.34492824181774,594.0901903823525
96,479.44000000000005,474.51670811395826,347.278787178047,648.2389086560714
97,488.70000000000016,449.70718738327713,331.0380024600062,610.78831113891
98,594.1199999999998,472.3747385697272,347.1406676434661,642.6583368233314
99,706.6500000000002,599.6504574843938,439.97148786148085,817.1503385305969
100,868.7399999999997,689.4911286267376,506.63795447960064,938.2087303656982
101,948.11,879.5697923348632,651.5710068555334,1187.228025803671
102,946.8400000000004,891.0716560415317,658.2203417123095,1206.171243298758
103,963.6900000000005,904.8382061737457,672.5137992833662,1217.3014759863054
104,958.3499999999999,932.531698855076,689.9761916857176,1260.2322150220011
105,874.9899999999999,917.0612199166137,675.9952624024245,1243.9664721786132
106,783.8399999999999,805.2179405421339,592.9258777308496,1093.3913912883177
107,786.6500000000001,736.122759776459,541.4934601902518,1000.5788260192321
108,706.5000000000001,785.032001403575,576.1715491640805,1069.4725624908897
109,707.7400000000002,647.8924701358244,474.5267889472569,884.4631276003123
110,719.0099999999999,714.7851005813264,522.6271788150209,977.4601161721101
111,738.7400000000001,700.5005018920173,511.3628816526266,959.4578547288086
112,897.4900000000001,737.3372492053985,538.0689485288688,1010.2656183441824
113,1108.7800000000002,962.1691450504238,701.4772774728224,1319.604710965979
114,1218.2699999999998,1151.649274623502,839.0790441545832,1580.5182625191264
115,1335.3099999999995,1200.264981116998,874.8017399967107,1646.6760537875173
116,1445.4299999999998,1358.9680563449854,990.125565230208,1865.073461488376
117,1482.24,1444.9000669455775,1052.8484113778495,1982.8023960769121
118,1412.2400000000005,1456.8991338770832,1053.853286150334,2013.9436063439773
119,1368.7899999999997,1349.6299258648623,973.7392825634142,1870.4760236648667
120,1345.1399999999996,1355.2938669210046,977.1764294388004,1879.5738904411232
121,1241.4599999999998,1308.9173670676441,942.9028261038883,1816.8603359288757
122,1112.4699999999998,1174.5208249501663,845.3290658878905,1631.756413064711
123,1047.1599999999999,1052.069614429231,758.2097637014418,1459.6709052680528
124,1014.3000000000004,1027.3264525715315,740.5130332753845,1425.0778241312858
125,986.63,990.6506279299697,714.9141946824014,1372.5877500098356
126,1038.4899999999996,970.6908898254707,701.6163938537685,1342.8103545963124
127,1108.8099999999997,1072.889638975663,777.1707476383151,1480.987032022556
128,1130.2199999999998,1114.6841232151467,808.8631299637939,1535.9894204839266
129,1189.6900000000005,1122.3779771535392,813.9716762796822,1547.4931762468905
130,1228.8600000000004,1217.2916368174506,884.960813277889,1674.2823489426733
131,1257.03,1210.34863315248,880.502139396924,1663.6193417570985
132,1347.58,1258.3510782440821,915.3848894496048,1729.6757853974307
133,1379.6500000000003,1376.7760170355632,998.3203253238462,1898.5578344743622
134,1626.4499999999998,1348.4736232264747,976.989400864649,1861.0642086447533
135,1829.5300000000007,1791.7492637896478,1297.885273824045,2473.390916263252
136,1959.3800000000008,1788.1199465117425,1295.7388194261134,2467.4617557935044
137,2026.039999999999,2013.1606281759023,1459.7681934052464,2776.198363442526
138,2048.6299999999997,1965.4559461318413,1430.3303963286771,2700.6466624309046
139,2040.0499999999995,2070.0468199049706,1498.681342609438,2859.0975476398507
140,2025.7700000000004,1990.8318034239285,1447.13751303495,2738.652759092132
141,1886.9599999999994,2022.371693653449,1475.2237838622973,2772.314625758611
142,1756.1999999999998,1774.929437927851,1298.267153531376,2426.464867349599
143,1664.5,1719.27783048904,1259.59911591862,2346.5788430293687
144,1584.8300000000004,1611.5691643305686,1184.1942313270395,2193.0532960898677
145,1549.2199999999998,1550.4098720427776,1143.1421383220197,2102.648236050171
146,1467.0499999999995,1535.803754750192,1136.083669705152,2076.0378148396926
147,1455.7499999999998,1420.7907796743368,1047.724943568135,1926.5683615277944
148,1365.61,1473.4572015506615,1093.0831995795495,1986.073780165964
149,1356.9599999999998,1313.1810575084044,975.3936362073928,1767.8274358509502
150,1451.77,1383.4433886089591,1045.138997787276,1831.1499344896806
151,1458.2300000000005,1487.5588426253107,1122.7209309916564,1970.848496229939
152,1444.0999999999997,1439.0585166581632,1100.553442619195,1881.5854935089217
153,1461.2900000000002,1444.217356992624,1117.7212681647284,1866.0005374790078
154,1469.7,1465.4355518230864,1148.4892042622612,1869.7728786638077
155,1401.1200000000003,1465.0212711891647,1161.7505083695123,1847.3916817141403
156,1335.0800000000004,1364.7334780723768,1094.6744048077169,1701.3560329083396
157,1278.1200000000003,1317.585093364926,1066.5033439452036,1627.7224375509204
158,1280.4500000000005,1258.4929612817,1026.8851854853817,1542.2876569468822
159,1258.3600000000001,1294.1363136755313,1060.555484551897,1579.1134235664542
160,1237.3899999999996,1245.9107175179604,1028.1423153608778,1509.7593131237206
161,1135.2100000000003,1239.9578669898735,1029.4575874462728,1493.4588175244523
162,1025.1900000000003,1098.3786414794229,916.459892105581,1316.3691926382894
163,1009.4099999999999,1003.338195787592,841.5352702373117,1196.2142260985258
164,974.4799999999999,1027.795894097382,866.7230492384966,1218.768211344033
165,997.93,952.8034970899172,797.6081616889596,1138.1582940211422
166,1021.6500000000003,1039.8104097072508,874.864672112079,1235.8192752228665
167,1147.1500000000005,1025.6049291007403,863.372223046449,1218.2868446644902
168,1227.3000000000002,1217.5413819230005,1026.0437536324373,1444.7447350292903
169,1207.0000000000002,1240.3282894271888,1046.1849901441542,1470.4648668905315
170,1177.42,1199.7356331833328,1012.5880836835354,1421.4378561718866
171,1128.16,1175.0423939051987,992.2175747205766,1391.520377673918
172,1048.4000000000003,1113.6737766473914,940.6824966081243,1318.444327382902
173,959.2899999999997,1026.1414096165647,866.8793089935289,1214.6292521509695
174,930.0000000000001,935.8294474805895,790.361618934996,1108.0371236956316
175,938.0499999999996,936.8155845320139,791.0262866470913,1109.440506102807
176,909.91,950.1169172834709,803.2103450749613,1123.859181286075
177,817.7399999999997,899.5940816765392,761.398137746174,1062.8400853765454
178,763.1700000000001,783.38535156663,663.8920758954171,924.3537559817182
179,761.7799999999997,761.0219845067802,647.7584265814523,894.0596725678857
180,767.53,771.6174531098483,660.9862352779372,900.7373731333283
181,693.8799999999998,774.6527403216163,666.2122447497482,900.7178241296956
182,674.4100000000002,656.8959994880432,564.2355022421269,764.7465683338543
183,735.1699999999997,690.0437677357813,595.1419923291616,800.0532642746438
184,820.4199999999996,770.9525704933533,669.3505965438867,887.9538909394888
185,801.0700000000002,863.6137486546999,756.1587051068092,986.3186814345321
186,789.3300000000004,776.4117014877319,685.8374063088021,878.9301669634548
187,735.06,807.1537831017558,717.9559910309301,907.4179633932313
188,663.3800000000001,710.6247801044462,636.3435980951513,793.5632923468978
189,700.8399999999999,649.8774954703077,584.7433929086799,722.2544476617735
190,586.1299999999998,745.8773073054585,673.1040238374762,826.5068719992419
191,531.9999999999999,547.6958971425157,496.27828779331537,604.4299874563662
192,556.4300000000002,538.7547412619086,490.0754525669582,592.2595066437095
193,583.6199999999998,576.4321997256636,525.6667553324321,632.0909287592282
194,575.7499999999998,600.4805211614726,548.3765237808341,657.526168622748
195,627.6300000000002,577.5587761808841,528.1558872141502,631.5740024516754
196,648.5099999999998,664.3017868258955,607.605051732721,726.2803048439305
197,519.6100000000002,653.6200187000043,597.9470070411027,714.4679192735098
198,402.0099999999999,473.98202323720284,433.78448423140804,517.8959831382346
199,440.0299999999999,377.5692712367901,345.458589511935,412.6560543257
200,468.7899999999999,497.56485179341536,452.21455745561633,547.4530612592526
201,433.41999999999996,470.5122410744478,425.26904161016466,520.557447951779
202,445.9899999999999,428.4286368664267,385.26140300615015,476.4200909688644
203,405.2499999999999,473.24357560553864,423.38105869489306,528.9646730105883
204,367.85000000000014,386.4323566648782,344.2973502225737,433.7088991390946
205,366.56000000000006,373.6472099644873,331.44825216917553,421.20264663249986
206,427.4399999999998,378.1271310804445,334.07743365212644,427.96765668354453
207,350.73999999999984,476.45695015355534,418.900327258377,541.9029806629824
208,314.31999999999994,333.090689506111,292.23367010089726,379.64042501075375
209,317.44000000000005,323.17508915179906,282.7395938895773,369.3730134592159
210,333.6400000000001,329.0215455986321,287.02124005978965,377.14648856001287
211,293.04,349.2982071041166,303.75488866716296,401.6476308124941
212,305.10999999999996,286.91014841297385,249.88369101684367,329.40112421502704
213,234.50999999999993,320.2658149167266,279.53159668169786,366.91479125688824
214,217.25999999999996,233.2537367262178,204.8947266064224,265.5187888716158
215,217.48000000000002,220.55906985289025,194.5037936691221,250.0867974109851
216,236.25000000000003,221.34449811704377,195.97008095423888,249.9877419119585
217,247.44999999999996,243.62167240389078,215.98317475255655,274.7806575459898
218,311.1799999999999,253.40884802561592,224.87372328727912,285.5488778940498
219,362.2500000000001,328.56461246847454,291.3910493468414,370.46429083284494
220,311.57000000000005,375.6300964027873,332.667907294789,424.1239823045102
221,271.49999999999994,304.2551243498815,269.21842239398296,343.8347085899369
222,276.35999999999996,272.8429067108499,240.82120024055243,309.1048935380801
223,252.95000000000005,287.34433251287345,252.71015075809515,326.7064549599685
224,313.6199999999999,254.21291476092432,222.94307999374968,289.84904906454227
225,289.1700000000001,335.56875011411785,293.1580279029604,384.09410863588226
226,351.22000000000014,291.1079972932863,253.05792003990268,334.8568080431933
227,388.77000000000004,360.2757180248868,311.8633039625353,416.17946074630413
228,338.2599999999999,391.63819310198585,337.82242363286787,454.00161715813124
229,248.54,340.86646640573287,290.9475931609935,399.3207547879766
230,205.82000000000005,251.3903208963513,210.13975622680707,300.70004560266466
231,244.62000000000003,216.71467151372224,179.1989738425862,262.04077754479454
232,252.16999999999996,268.49282101249224,218.9997607661425,329.1202706964408
233,268.3799999999999,263.2391146842229,210.84246867286126,328.5954308242383
234,279.46,281.004279498751,220.8822766208214,357.4171519544744
235,253.01000000000008,286.37109378842973,219.95280622526795,372.7546807211107
236,268.66999999999996,260.0117867885607,194.58359575754253,347.3275403475641
237,261.72000000000014,280.76036590545783,204.31080468500335,385.6766969082769
238,267.8100000000001,267.59566874817745,191.56469963447026,373.64620154797325
239,260.4900000000001,275.29701096299493,191.86835679627148,394.81422030636156
240,232.71999999999997,265.8211238855628,180.28915665549945,391.7069520591495
241,229.12000000000003,244.31904600235342,161.62111372808457,369.07146828506507
242,221.77999999999997,246.26374886775724,159.91882786753982,378.9391426991012
243,246.43000000000012,236.66854210803834,152.05810037524523,368.051593932471
244,256.55000000000007,262.23181682211276,167.0139647019369,411.41208437879044
245,280.88,259.46154901644826,164.91641100556507,407.8819068884767
246,316.47,280.8265667833678,178.18022678861084,442.27555092674214
247,279.23000000000013,303.81950118954313,192.52167914179068,479.12671612550645
248,258.42999999999995,266.3831264668609,167.78767757865066,422.57201274885205
249,232.39000000000004,263.3071900178079,164.94538047234656,419.97159014770483
250,208.45999999999992,242.9096476439946,152.61443207231784,386.28077441193994
251,283.12999999999994,223.84311970323773,142.5141761598627,351.26086948770217
252,272.2,291.46432364624496,184.61634792851714,459.81814215413885
253,399.7099999999999,264.01230952096915,166.1019290483276,419.291522650982
254,389.77,348.8789710554541,219.71817494666425,553.622628682049
255,362.95999999999987,334.17855035365653,211.94916730900053,526.5656253408148
256,349.50999999999993,330.22390897491005,212.9654747534925,511.742899306603
257,320.54000000000013,323.09362992366624,211.7261121169809,492.7648693515222
258,336.2,305.11613195710095,203.3203052099557,457.62835878247927
259,354.3100000000001,323.21755798326325,219.8506075065006,474.9643910037087
260,387.99999999999983,333.06731957475444,230.79684578713736,480.4602788441135
261,377.61999999999995,363.05379620852085,256.6399930832701,513.4200050145142
262,463.84000000000003,359.22435771431236,256.6674246654227,502.6010588423522
263,549.0799999999998,436.2628438333715,313.6407555785719,606.6733265074473
264,555.3900000000002,524.7064982614493,378.91778247998076,726.4398174001713
265,571.9699999999999,532.4674661108473,385.7766286352122,734.7930038403026
266,575.1599999999997,551.578854791522,402.5829374709104,755.5815162458858
267,564.71,557.2445950544143,409.35377653068963,758.4350185885525
268,552.2700000000001,547.529908492763,404.3107012852562,741.3565663501125
269,455.30999999999995,536.5796280282458,397.9858303930871,723.3160895871108
270,437.2300000000001,440.37773054793354,327.764040879203,591.5657213077765
271,530.3199999999999,427.3434817781177,321.7117022095371,567.551239777069
272,558.2500000000001,518.7866481226295,394.1840561915971,682.6767711994123
273,540.6099999999998,543.522587914051,416.3145517162088,709.506852754684
274,454.71999999999997,525.373591389382,406.31057374340395,679.2405230135349
275,533.92,440.2304921774076,342.9175023499268,565.0786261149085
276,651.85,519.1341448647829,406.0335233263965,663.66154051217
277,721.31,631.8980839947077,496.3156355849078,804.4441808431409
278,814.6099999999999,696.8386015821048,550.1082800450806,882.6352700384629
279,790.3,794.0886287517939,630.5939715515235,999.9055754878082
280,839.3899999999999,762.3360896251527,608.4739529990535,955.0408330118155
281,826.7599999999998,821.0693705516784,657.6415985454196,1025.0482354769308
282,796.7599999999998,807.3404486232272,648.1557968407243,1005.5600339092723
283,841.5699999999997,766.6600615829402,617.7498004228951,951.4075316820388
284,854.4900000000001,838.8629098807766,668.3259718844021,1052.85079471446
285,866.4900000000004,831.7212052624209,657.8312900402789,1051.5070927510212
286,880.0300000000001,851.773595542294,657.1281074936186,1103.9866993580476
287,868.1200000000002,864.8334028525256,652.5120208120438,1146.1364835242953
288,869.1799999999996,845.1601717674275,625.582183768119,1141.686553868646
289,885.0799999999999,857.2558147886982,623.1482371672829,1179.1732341049446
290,912.9799999999998,874.1719103811787,638.3840120203596,1196.9121440650802
291,898.3800000000002,905.3957289269026,650.9613716865604,1259.125604208196
292,890.6199999999999,865.519329094731,624.8714607592225,1198.696414953873
293,904.5199999999999,876.9921482086969,630.1877152843216,1220.3010387391337
294,914.6899999999999,892.5329145063408,644.6274900510863,1235.6280581439012
295,911.8000000000002,899.6674316069098,651.5533010632522,1242.1196364122866
296,888.2599999999998,893.974982613157,648.8284187969183,1231.6026322245837
297,815.3199999999997,866.4258587752987,629.6001281758298,1192.1929393174269
298,738.9499999999998,782.8343643716162,568.968751097044,1076.947360425111
299,781.3699999999998,716.0510391456592,524.6447763994535,977.155240620411
300,770.6900000000002,803.3322592843341,592.1413555005682,1089.7187255211063
301,656.0100000000001,757.4045142394633,562.1249894403489,1020.4027400745001
302,605.6000000000003,618.4145191356195,460.70457887893025,829.9953248625225
303,644.8599999999998,613.9090019526192,438.1753974037633,859.9614357216409
304,652.9400000000002,688.8417495223823,476.38380035648476,995.8533474088107
305,579.58,644.565843057751,439.7169418197784,944.6302178945679
306,602.8399999999999,548.6936704863649,376.2054024628804,800.0572738350619
307,581.6400000000001,628.9385699199571,440.25613686010547,898.3021710621742
308,576.48,578.2379612040955,413.3104165323738,808.8194066855193
309,605.2400000000001,583.7601473926504,425.41030513183046,800.9140857136591
310,565.89,625.1157916770125,459.9639673846648,849.4373710845791
311,525.9300000000001,551.5002560953745,408.41875289675716,744.5851272704912
312,478.7900000000001,525.9546476269902,391.2437115234125,706.9302803280532
313,429.6499999999998,467.3727816723783,349.3121453449914,625.2216869343206
314,452.3000000000001,419.21239841624606,314.238378701951,559.142646684793
315,466.22000000000014,475.74005285481354,358.44250497413515,631.3155298852737
316,441.91999999999996,466.9652564971962,353.6530507635179,616.4808896103641
317,425.28000000000014,437.0286896715412,331.5851480854546,575.902288270757
318,394.60999999999984,426.07446702702174,323.94173545527013,560.3086300867681
319,354.84,383.8785637802757,291.9100641044251,504.7235206665946
320,403.6000000000001,343.4064674794743,261.26250151382965,451.2789730023045
321,406.38,456.4338220134365,348.3626920253192,597.9354510316623
322,384.66999999999985,404.9243560311542,312.0875722001192,525.2891198823653
323,360.2400000000001,383.9751826866722,297.7638306515042,495.0637000852783
324,315.11000000000007,356.6244162604981,278.04763658101376,457.32756253619505
325,292.01999999999987,302.47793016761625,236.41935509917062,386.91636874066415
326,252.7800000000001,291.59338107650393,228.3098047790841,372.34158795458984
327,281.85999999999996,239.5477748946874,187.81874602188142,305.44855569626367
328,358.96999999999997,297.6883465305195,235.43443945541972,376.33389669721674
329,365.60999999999984,393.4260076780044,313.6782879020062,493.3838882880147
330,362.8400000000001,359.38327998723025,286.27555868883275,451.0959217245204
331,319.31999999999994,374.10563145256305,300.23658326367547,466.08880184139593
332,279.6299999999999,304.4477404931056,246.2208602136072,376.38855083559963
333,259.4799999999999,278.7771418049902,227.31508966704828,341.83870238589276
334,310.59999999999997,259.9280536040079,212.97273430806828,317.18749887802323
335,432.3600000000001,345.99623179231554,285.7222232891914,418.9408873745482
336,545.39,484.3535022267288,402.5445388447674,582.7472681407487
337,511.31999999999994,575.620116912826,478.3847383534368,692.578106742783
338,437.1400000000001,457.419807772166,381.9332572218629,547.786808652961
339,417.5,421.43774141994186,352.6882204153196,503.55071748341476
340,393.28,413.84893728049616,346.9229824256311,493.6486706998251
341,363.71999999999986,382.2003534043987,320.72610664329875,455.4208742067113
342,384.73,359.8535654802075,301.68876029525705,429.1953451881074
343,463.6,407.1525161309905,340.0875025547008,487.4039291276654
344,507.8999999999999,484.13115179082354,403.0511592146543,581.4812751319417
345,421.9200000000002,482.71959620239613,400.55680492039573,581.6937680625139
346,350.7999999999999,367.62684190477285,303.29115057122306,445.5649044265606
347,390.42000000000013,349.4175262893232,286.6844460530555,425.8303150045268
348,410.5899999999998,422.08067420983787,344.4717622726013,517.1241318027309
349,339.38999999999993,387.3034848342145,314.20067034704977,477.3606461508476
350,380.09,316.60690820666275,255.4879408805101,392.290022892693
351,505.65999999999997,436.9787998425321,350.7093837944009,544.4089027765049
352,660.0199999999998,496.5579426515873,397.6726653952686,619.9703543387661
353,689.1899999999999,685.4874096504791,551.8027538328256,851.501114260261
354,430.9500000000001,581.0832946565403,471.2946501483552,716.3931820142016
355,370.41999999999996,331.3707001724951,267.32937469302306,410.69656680166304
356,399.1800000000001,416.15168397152553,331.70373783964396,522.0344827810478
357,469.5299999999999,379.0972821393906,300.57784887556164,478.0601976518672
358,519.7300000000002,522.7097479327668,402.82375017914075,678.1871452784341
359,565.2999999999997,449.03272673293486,335.0667727357985,601.6464725505623
360,491.65000000000015,573.9190647777997,432.7507529589923,761.0319475877177
361,390.1499999999999,412.4893380824648,312.6680675640896,544.0775848355718
362,415.9299999999999,390.61742570106423,298.0675344583864,511.8079461733362
363,473.95000000000005,436.2191723445494,333.15267325347025,571.0756407675023
364,514.8900000000001,474.8960357722885,364.79694895785985,618.1332035682716
365,543.6500000000002,494.01612589918545,379.0454522189521,643.767523120011
366,533.8600000000001,512.481396439317,392.9316393020925,668.3119266997412
367,492.89000000000004,489.9700717217379,374.2862808024827,641.3139444666152
368,470.90999999999997,467.9202333554294,356.42020978621764,614.2035593668024
369,414.58000000000015,463.77983798593954,352.288759889337,610.4553371748983
370,352.77999999999986,401.380064397316,304.46107358357983,529.0502428178844
371,403.40000000000003,370.53663776218656,281.1929169243676,488.1670375859473
372,576.7199999999998,460.10137991902224,349.1301133866446,606.2442056088983
373,701.4599999999999,584.9615043422186,444.68274829925616,769.3930337919452
374,590.11,617.6767956526278,471.61673747736694,808.8760520459421
375,444.4599999999999,488.3043569493493,373.4153086817273,638.4470209366754
376,391.12999999999994,424.23744676856006,324.45384799787615,554.614527978861
377,370.4499999999998,408.92230464086884,311.94249584209956,535.9558243916698
378,565.63,389.1710528507637,297.384753129986,509.19178723369845
379,654.8299999999999,664.3369037568607,501.1718301930689,880.5173788831852
380,681.5499999999998,516.0930179417987,388.86325344406475,684.8435280628986
381,670.1900000000002,643.5914846961126,487.65687014260953,849.2861773364198
382,645.4799999999999,568.1593709616856,432.04027391405276,747.0652702935332
383,659.6,602.1081706074079,458.7271766776488,790.2072287787784
384,497.76,600.9065697767725,458.56682996590666,787.3326104438773
385,444.3700000000001,443.6826664574217,338.99143416463517,580.6107524401011
386,537.2199999999999,478.14359245167503,366.57387747841807,623.5780678497114
387,648.37,558.1651403443861,424.7202720683471,733.4391956184795
388,748.1199999999997,622.8053194476518,470.6192123714688,824.1001366430509
389,736.1799999999996,692.9505445225815,520.837589648328,921.8299528359403
390,637.1900000000002,641.0505454487005,479.7168959544008,856.5294656380802
391,581.38,575.2606330685107,428.88484328921686,771.4773794853413
392,600.4,558.71936326522,415.1760594479409,751.7721946082099
393,623.0000000000001,594.3196043780124,441.83058293350734,799.3183271784292
394,704.4100000000001,596.4600909927611,444.74320589056526,799.8166038468246
395,695.1500000000001,696.8069518324111,521.8105495150392,930.3785700715546
396,617.75,619.7136150560212,465.4781873664262,824.9451403099939
397,658.6,585.1845723612248,439.3326027670207,779.3472891061776
398,639.6099999999999,661.595700317993,497.8182467305589,879.1463558269535
399,738.7100000000002,586.0986266768411,441.3552041479588,778.2036675814553
400,784.6100000000004,760.2189479518671,565.4024127392138,1022.0434646607745
401,752.9299999999997,690.4451422005428,514.2425377012543,926.9055002052968
402,648.5099999999998,704.7573871464339,527.2147691191611,941.9753172982471
403,620.0200000000002,591.637328725784,441.927730646778,791.948779446189
404,542.9500000000002,628.2258521036805,467.7322946804418,843.6722733826665
405,509.97000000000014,535.7347368123204,397.94307798624027,721.1185016047001
406,524.5699999999999,539.8249192228811,401.00563198486174,726.5808346472375
407,545.4199999999998,546.2668194142828,406.7945782472388,733.4407885929347
408,545.9799999999999,570.3101468635228,425.1017462495653,765.003159531884
409,533.1800000000001,552.1427273001062,415.5846856628298,733.4650134658079
410,425.08000000000015,553.6732581538203,418.85999690026415,731.7738426675081
411,415.3100000000001,428.7965513024868,322.7994367652397,569.4922694026801
412,435.19000000000005,470.34134462963385,352.26996152561765,627.8750455822749
413,445.08000000000015,467.360541578887,347.74846012820814,627.9966035331765
414,542.9500000000002,475.42360255855607,351.3851498437645,643.123196381879
415,628.5400000000002,598.8644305629475,441.0875106413351,812.9504654465227
416,518.2599999999999,632.0758371774787,463.37289999716853,862.0671936721742
417,417.2300000000002,483.0970113228944,351.92973386934455,663.0129574872132
418,378.7400000000002,424.381859013448,311.7683616311828,577.5422957553272
419,385.54999999999995,395.86363403522074,292.6499683256351,535.3553925024962
420,378.52999999999986,412.70108951863165,306.509544341746,555.5635103627858
421,384.15999999999997,390.1901609166707,290.88163425563647,523.2869849905795
422,503.95000000000005,405.3864765512699,303.4189554516293,541.5088200527557
423,526.3099999999997,567.2463120573418,426.5772548977038,754.1942192154803
424,445.68999999999994,514.2320871151354,388.2257197743303,681.0312484666541
425,377.2899999999999,436.34848088159356,330.7498825294156,575.5599441093331
426,359.05999999999995,379.049317227834,288.13667236216776,498.54743666836845
427,351.8100000000001,378.08417360298347,288.0292488745124,496.19815982585595
428,333.66999999999996,364.5184549029034,278.61495693936786,476.8132841569583
429,366.33000000000004,342.50200881725357,262.30285067177783,447.12895022004295
430,356.31999999999994,406.21828017485103,312.4011550540859,528.1197081897977
431,381.41999999999996,349.01157889377714,268.9067440388015,452.8904939037135
432,368.2699999999999,422.7877070710493,326.62001295275684,547.1839129602728
433,371.22,363.10856441095683,280.83677079679916,469.3965572079055
434,418.96999999999986,399.16663375523956,308.98055520139627,515.5915477084052
435,416.8799999999998,441.0451391620727,341.1049533670253,570.1811627795354
436,446.46000000000004,412.9714659506526,317.9950613511725,536.2257924478442
437,499.9999999999999,465.662284275068,357.1676477192003,607.0216595541222
438,444.48999999999995,493.947328196051,377.001560067837,647.0736683849825
439,467.73000000000013,408.55890354739273,310.10467436259745,538.1706049374258
440,464.75000000000006,495.18526204986836,376.69304251904106,650.8516005310968
441,457.46000000000004,429.876783930444,327.9680784228148,563.3550700126742
442,425.04999999999995,454.47493098384064,347.16801646233745,594.8543086831062
443,402.66,409.01200198696966,313.6334919080196,533.3037092265697
444,388.56,409.1500527076516,314.85426479264146,531.5971009019869
445,306.23,392.95273116767726,302.08795770218046,511.0584650445703
446,296.3199999999999,304.28501934385895,232.83270026533617,397.5710421597366
447,301.39000000000004,331.96377031662695,256.17911513404715,430.080386467923
448,427.8799999999999,322.22032083519855,249.89082058405083,415.4017462161785
449,542.1800000000001,454.8357377564008,351.15803122510306,589.0368624082382
450,551.2600000000001,500.6279935910685,386.26537765210935,648.7628202132943
451,436.10999999999996,502.0730717977938,388.35016079916994,649.0126134495428
452,412.98,396.4092952187556,306.22934537672654,513.0594487567853
453,332.5300000000001,417.31204042095186,322.2037180837399,540.4076428285476
454,302.4900000000001,331.88044750247985,256.64844839158883,429.0797967975216
455,305.41000000000014,327.20739784748304,253.2356362389087,422.7017972594132
456,317.03,328.86847819683305,254.4125993672879,425.0291511751899
457,296.3199999999999,336.61422427712324,260.08709263984264,435.57219237367025
458,296.77000000000004,308.05059110102803,237.57162162554465,399.3504993976535
459,300.16,316.1987189894768,243.4824794941385,410.54289475772975
460,307.5300000000001,314.5001066186129,241.75673827632343,409.0414183479927
461,308.9500000000001,323.24465327596545,248.23107813856194,420.83581583513694
462,318.23999999999995,320.55982064742443,245.87694956189654,417.83504490110084
463,309.15000000000003,331.8266472016305,254.33509632125237,432.8360792678017
464,297.41,316.6303549095501,242.50286438678134,413.32384220217625
465,302.28,306.84528317712955,235.62248642647165,399.5059696803399
466,316.37999999999994,315.30669749844213,242.75406426439784,409.4543946141047
467,332.33999999999986,328.33841945596845,253.97353958108695,424.3923552536385
468,320.25000000000006,341.9037717563672,265.50148676168965,440.2095336259326
469,317.1499999999999,322.47794842486746,251.48125092410544,413.43862755818986
470,319.62999999999994,325.17656204096744,254.16897182715607,415.9439131374143
471,393.86999999999983,326.4678156919205,255.68785526709485,416.7648771207145
472,445.96000000000004,413.1360540737115,324.0223344041285,526.6827255523075
473,440.29999999999984,433.2342576416575,341.4855686354329,549.5615645671717
474,460.9700000000002,417.9624937775445,331.7701718317752,526.4798826651875
475,462.57000000000005,446.364398038107,357.6688514902438,556.993546973626
476,428.97,438.0226134746025,354.27010503261187,541.519205561576
477,426.58000000000004,404.2410336544693,329.9132627927309,495.2638667649984
478,436.40000000000015,417.41226986131466,340.18381871439414,512.1217190491914
479,538.76,424.19505260935404,345.31642426634426,521.0394416651436
480,743.6100000000001,563.6321300679634,457.3159938712672,694.6105537844996
481,900.2399999999999,800.8223367461634,638.0064567479258,1005.1229474535585
482,939.35,921.9967060816928,721.5523397093639,1178.0466553334093
483,970.7400000000004,921.3042043656098,708.0153697663919,1198.7554378415705
484,1061.05,979.555040176226,740.855829483326,1295.05800561632
485,1122.4099999999999,1096.7998841627088,817.0992235166192,1472.1276488531894
486,1276.0599999999997,1121.20507291005,824.814193600177,1523.972851550151
487,1351.5399999999997,1375.2801128946076,1000.428424838223,1890.4451618997991
488,1381.8000000000002,1313.313487355037,946.0284077046873,1823.0423718968543
489,1380.1499999999996,1411.4195849385133,1013.8575562742102,1964.723240256252
490,1398.2300000000005,1342.3708364569814,956.8380212276257,1883.0818220289295
491,1413.9500000000003,1419.0836360033745,1005.1368624022922,2003.337191691358
492,1433.6300000000008,1393.8399720696693,982.0968456027431,1978.030404161727
493,1499.5799999999997,1443.5840192914436,1020.5783522370184,2041.7439405137807
494,1551.2599999999995,1521.0031428081197,1082.9721889104217,2136.0415130726446
495,1561.1099999999997,1554.390272113026,1113.0941923712476,2170.4850639645683
496,1565.2400000000005,1548.2517640531232,1112.9806053240925,2153.598578243133
497,1487.4600000000005,1560.989325456568,1113.001229332586,2189.1328190651907
498,1469.91,1420.953362362612,1016.087255760271,1986.9822043615452
499,1497.6299999999999,1494.7947188993285,1060.3693621251614,2107.0331889430186
500,1696.85,1480.2535492847546,1048.3023648747244,2090.0198534915503
501,1751.22,1858.7781190882897,1307.5245939108747,2642.263006545491
502,1751.87,1662.2880725029502,1172.9995670110327,2355.49764264741
503,1772.4300000000005,1786.4944386114817,1268.7499002201698,2515.35095030364
504,1888.79,1747.006625770253,1247.9219739072132,2445.5316709718736
505,1962.7399999999996,1965.186327149743,1412.8689855686448,2733.2623061469676
506,2093.639999999999,1943.2345833568093,1399.3203804039501,2698.416624951353
507,2416.8999999999996,2174.7860247860804,1574.8063382796815,3003.2047113623153
508,2440.9700000000003,2564.3245860952356,1863.4039471184078,3528.755578020529
509,2486.6600000000008,2340.395580551325,1705.520720316498,3211.4621748563
510,2458.43,2564.0701263011865,1874.5240956337263,3507.1312834957657
511,2462.230000000001,2381.47160159665,1749.5773662760885,3241.4564842221907
512,2459.5499999999993,2471.253392702261,1836.068594757091,3326.059672769602
513,2412.5299999999997,2445.1680357143623,1833.1859149225756,3261.3399897841036
514,2370.9100000000008,2386.496953025781,1803.7228633752381,3157.4581856777945
515,2383.24,2351.4728558603947,1789.453371490203,3089.9090544781297
516,2459.61,2383.8589624196625,1823.3286593815374,3116.613836402437
517,2680.9500000000003,2479.0897951605402,1909.2458936101002,3218.9233683131783
518,2740.9499999999985,2754.1655801196284,2128.692982828295,3563.334124722022
519,2635.9100000000008,2721.360514973475,2109.036481869394,3511.3785001672727
520,2593.140000000001,2585.5823584288314,2014.392088217409,3318.6559300045897
521,2576.860000000001,2579.6858148030024,2018.7229609183148,3296.4518800822725
522,2611.429999999999,2559.3338772591164,2010.6035657638383,3257.7482318125385
523,2539.4900000000002,2616.3021621944313,2062.133678222585,3319.3231959885597
524,2573.3800000000006,2493.0909766890413,1970.9679375246612,3153.457880187465
525,2508.81,2586.059667227551,2048.127835518179,3265.2079962927473
526,2473.9699999999993,2464.814572908756,1956.8105906562716,3104.6331684931033
527,2303.1599999999994,2461.4217229517135,1957.965927597575,3094.2660565672186
528,1968.9900000000007,2234.7038570492373,1794.9653365681604,2782.111474732596
529,1887.6399999999999,1856.6168445988237,1505.209857009731,2290.009002017836
530,1667.1500000000005,1905.5823946780772,1559.1231016567326,2328.980514894137
531,1590.52,1581.862573076282,1302.4060822089482,1921.235870650188
532,1568.7499999999998,1605.4107752743307,1331.1583557389013,1936.1237419339184
533,1572.8799999999999,1571.4471088685514,1310.641211527728,1884.1114835810386
534,1529.3399999999995,1590.2133513542406,1333.134224392864,1896.8299808478673
535,1597.57,1521.8707585452303,1279.9505115248114,1809.480050842467
536,1634.3800000000006,1641.8973383039645,1389.737873539237,1939.7767024690156
537,1639.2499999999995,1649.4765623989342,1403.5349626218929,1938.4838544589054
538,1631.1399999999994,1653.3953551393483,1413.3187392970003,1934.2242992036668
539,1596.9499999999994,1638.4595499850702,1400.9917591835715,1916.1493686970487
540,1591.35,1596.0187093476359,1364.183328010973,1867.2243664097023
541,1610.13,1602.856787236324,1369.0640124287424,1876.5448231823493
542,1735.4700000000005,1625.7143669537816,1395.6689408340944,1893.650589189393
543,1846.5800000000002,1791.0672320201786,1544.513802275494,2076.9529495965
544,1878.1700000000003,1879.3864344944473,1622.2890489321821,2177.2030411384003
545,1909.6999999999994,1888.0645928310057,1635.3672124511424,2179.784978294914
546,1874.4800000000002,1926.9618915931474,1673.1704318577665,2219.2261996174216
547,1821.7099999999996,1864.0354294814492,1623.0665714549127,2140.75774217493
548,1889.6400000000008,1816.3585374329039,1585.344813308366,2081.0139643487714
549,1763.2800000000007,1925.5798242915416,1684.0089180346833,2201.7834865683644
550,1636.7099999999998,1725.9418530289743,1511.3583706203108,1970.9718696831835
551,1555.92,1621.2419715718097,1421.5959371001059,1848.906179047386
552,1493.6499999999999,1546.6934386541388,1357.6016845529043,1762.1032018345747
553,1380.8600000000001,1488.8534448139144,1308.0390616460832,1694.6432791491477
554,1370.2400000000005,1353.4515227768406,1190.201595410499,1539.0742700653482
555,1268.6200000000003,1392.4042747097717,1225.27056175305,1582.3173635056773
556,1153.41,1238.5481657025489,1090.2518483432816,1406.9972990920555
557,1052.7700000000004,1133.423697730127,999.3070823488723,1285.522057756323
558,1075.4200000000003,1030.585314296994,909.7267684530855,1167.4824664600233
559,1064.65,1104.4389873064342,976.7466287067081,1248.807791486268
560,1017.0200000000003,1057.9535422663882,937.6622424261004,1193.660394329024
561,927.3800000000003,1009.8831558948528,895.7458292821409,1138.5478200216132
562,824.7299999999997,901.3168030478369,799.8275425786743,1015.6678464139901
563,774.2000000000002,798.2846145956494,707.7179761163214,900.4247086410305
564,815.41,768.8976912286107,681.0336995995218,868.0808904416208
565,867.1399999999998,847.0262911857815,749.7148131583762,956.9517786744341
566,893.4000000000001,885.3533375699851,783.2318292838846,1000.7729575434819
567,853.7800000000001,905.6062494230606,800.7528204842981,1024.1724353104985
568,733.2600000000001,835.8735713548159,738.6998664878788,945.8128982603253
569,668.42,689.8336192221144,609.1448212832925,781.1931331708148
570,565.8099999999997,663.0762955841468,585.0414726478165,751.5019080377984
571,537.9300000000001,524.1578480368678,462.2078427568689,594.3931257149991
572,507.61000000000024,549.4451395376125,484.38642331830397,623.2239936774844
573,552.1799999999998,493.4343682007692,435.26523450479453,559.359444491576
574,535.3400000000001,583.2741016834862,514.7557043753466,660.8952015499272
575,524.9499999999999,523.5390860156779,462.238611221633,592.9514671123204
576,487.0199999999999,529.2209847902362,467.34751405019233,599.2685704056049
577,480.2599999999999,475.84882029260405,420.37141584513773,538.6303329175431
578,479.52999999999986,484.9668129075487,428.5931201199671,548.7381875705316
579,471.3300000000001,480.6957796422569,424.9711176485864,543.7102268482445
580,466.25000000000006,470.8785511576376,416.34167403386675,532.5421332128022
581,462.04,467.4613585744106,413.4137297113377,528.5578518362456
582,444.9900000000002,463.02399072003146,409.64013810492287,523.3478266820761
583,369.7699999999999,441.4381754083856,390.68240032174293,498.7710872326751
584,390.71000000000004,348.397829482476,308.4075213132217,393.5568056294328
585,374.84,408.00594602436325,361.5858997769867,460.3689169550602
586,369.6800000000001,369.66433111039805,329.12843733917475,415.1775564228715
587,363.6300000000001,372.54013859891506,332.9154048699853,416.86701993825505
588,394.64000000000004,364.4009123929723,326.5583373819826,406.6154124018362
589,427.1399999999999,406.24934794591275,364.5457333959983,452.7107569593828
590,408.6899999999999,436.7719799655749,393.1237504072592,485.25414288011876
591,325.97,405.5298761133591,365.9618296330986,449.36438895560985
592,330.01000000000005,309.26655915748296,279.65071325071807,342.0076361339074
593,392.3099999999999,338.83005062362383,306.6550936126927,374.36990514526707
594,437.5199999999999,414.8645202146488,375.8359616765135,457.93523113863364
595,445.9899999999999,450.60067743451043,407.7185697364434,497.98190823778503
596,454.09999999999985,450.18493513660206,407.104925146,497.8125189162889
597,455.7500000000001,460.55944925944215,416.64496689677594,509.09144629135034
598,365.39999999999986,459.3097525878971,415.67008761471516,507.51998889696176
599,300.09999999999997,348.1699286301977,314.8045953347818,385.06037043372146
600,289.44999999999993,296.78135110708763,266.53661655893137,330.44522124742537
601,290.77999999999986,300.2799187229735,267.57099900766076,336.9724160877563
602,297.0599999999999,302.8165588533311,266.12541950660443,344.5474271373019
603,288.7099999999999,310.64910468823376,269.9349679327376,357.48146584419476
604,302.4900000000001,294.98822366577014,253.52934782423515,343.20010618703293
605,304.81999999999994,320.1301447094818,272.93277298713184,375.4594090608393
606,255.57,311.10295852095265,263.2646802585801,367.60111847795383
607,229.59999999999997,246.58429613448718,207.9682477523609,292.3363530188136
608,228.00000000000006,236.0156123014698,198.9394853986532,279.9670154078482
609,232.52,237.388327440862,199.66997339224326,282.1963033600937
610,238.00000000000009,242.37217589689425,204.08305702311614,287.80989419868393
611,237.2700000000001,247.4909498717991,208.3469452190043,293.95415900906863
612,219.23,243.27945510450806,204.96383992541035,288.72295431938784
613,225.67999999999992,218.2558963619067,184.27532815409617,258.4686975779098
614,240.94000000000008,241.4007924500027,203.5188272920667,286.2994381904933
615,241.85999999999996,247.50597987310252,206.88643102135453,296.06230334170874
616,254.26000000000008,247.80164362198752,204.37995809767227,300.40359576645596
617,245.22999999999996,263.55407166161956,181.61422136486294,382.26071381321225
618,310.5099999999999,237.2579786717931,137.32871745498005,409.37656854762463
619,286.8800000000001,397.6647654337303,215.81558477674363,732.0358440883579
620,241.26000000000008,273.08101127732743,157.72897959425924,472.26204033330384
621,229.17999999999995,240.27115969427442,146.25248079232975,394.31946889449125
622,227.42999999999995,234.37891711389568,149.43548362548705,367.2856815858546
623,230.59000000000006,233.0077425099172,154.77155692494904,350.53801268720053
624,261.7399999999999,237.22075044716436,163.0574234347964,344.910137776635
625,278.04,276.83315892715217,196.30034484880386,390.23735064220887
626,306.64999999999986,281.15299436974834,204.49259678125088,386.4120697231798
627,334.9900000000001,316.096341498765,234.93244113856935,425.18170399400765
628,323.4600000000001,336.7136738958111,255.10393226892808,444.32906826453865
629,316.59,313.33748356187,241.1342348453262,407.07138914134487
630,347.24000000000007,309.274230131608,239.27227547090615,399.6708543259254
631,360.1000000000001,341.0651077403054,264.79274287532036,439.2247279876779
632,382.2800000000001,344.75476027463463,269.34131859257,441.20526434857624
633,593.2400000000002,372.63872314318854,294.33753630558766,471.69946508804486
634,616.3099999999997,663.6011389766313,527.1701636350533,835.2734291712677
635,632.5000000000002,572.5276114456465,457.185997714878,716.9047869883594
636,608.6000000000003,618.2766780894581,495.1819446870912,771.9092284229819
637,551.8699999999998,583.5827855439479,468.62807403342026,726.6759036556284
638,507.11000000000024,526.9419154347348,424.1779996207436,654.5434813690166
639,508.4900000000002,487.94235581176065,393.71840642030133,604.6586756995446
640,617.8699999999999,498.81945674178445,403.2041851469221,617.052703355476
641,635.2099999999998,628.8010278010341,508.6700079709959,777.2473530241773
642,613.27,618.0653555168087,500.24682059232777,763.5772474891161
643,639.2500000000001,594.6810800726566,481.57676955636794,734.2943024645112
644,633.7900000000001,632.8391048808221,512.5807802453064,781.2567088360066
645,645.21,618.4358322870479,500.93890910254515,763.4371523363181
646,640.6399999999998,635.140957519862,516.4676324217106,781.0302033973331
647,692.1999999999998,626.397223067909,511.0124898935071,767.7845185089012
648,744.8499999999999,691.6447921608531,565.6292883472522,845.6855102158748
649,771.1300000000001,741.1171859899637,607.7927135078995,903.6394700887236
650,774.2000000000002,761.3300116432292,625.3230202651972,926.8711269560189
651,804.1400000000002,759.6739292082236,620.9463467060082,929.345245440587
652,798.7099999999998,802.0590894136276,652.2556017718198,986.2152635823975
653,800.89,784.5629430309482,635.1229448437139,969.1098544952807
654,806.8800000000002,792.7337852551133,639.2807891596351,982.9641178088432
655,801.5399999999996,798.3712259790781,643.3495420402639,990.689006094405
656,800.19,789.2189718771392,635.397868845684,980.2195390396269
657,847.0299999999999,789.4947067941458,635.0196942898611,981.4882579575868
658,874.8099999999998,846.7353026717564,680.4962728874967,1053.5254200012505
659,883.43,864.4599154272034,694.9312094765913,1075.2857808526785
660,885.9600000000002,870.8867650247406,700.1230169742356,1083.2412994883066
661,879.9200000000001,873.582618358814,701.9736574274682,1087.0845224478123
662,876.94,864.489746661632,695.5291002562077,1074.4360461047224
663,874.6099999999998,859.9046324962782,693.9925915969131,1065.4240097157947
664,880.5600000000001,858.2623616026178,691.0063916246779,1065.9436222019108
665,907.6400000000001,874.9949184304959,702.5664298274571,1089.6817957534452
666,933.7199999999999,909.468441842711,712.9819497515409,1160.0276476596666
667,941.7699999999996,930.8293386674852,715.012111115161,1211.6972476053934
668,966.0500000000002,932.7836517383739,704.2180011699503,1235.4288869644456
669,970.2000000000003,969.7540600943724,720.2986981379283,1305.481555591977
670,949.2900000000003,964.356890379114,723.3275671743733,1285.5918239697282
671,799.2099999999998,936.488830141473,690.9660904163826,1269.1277111876518
672,700.5499999999996,759.2139378971268,554.1135247464847,1040.0937684088851
673,740.4799999999999,686.6822628875448,505.55736679734855,932.5702640749939
674,830.12,772.7168322282182,569.8424391082135,1047.6917150176812
675,942.1500000000001,860.835874183871,632.616609569176,1171.2563184309727
676,916.6700000000002,981.2920803170709,718.4659568768974,1340.1304896789377
677,795.9699999999998,853.0076404343771,627.4297873646938,1159.5577338698686
678,586.1,756.3400843465175,559.7144386733769,1021.916414842134
679,662.5799999999999,499.12458742345785,365.66768357448115,681.1561161516329
680,648.48,795.2034935650297,571.2336140409304,1106.8342614102605
681,621.9100000000002,670.9030321977385,479.66305704809986,938.2310851785273
682,664.8,659.1489719675025,472.5944298979318,919.1895919334872
683,710.0100000000002,709.7958285768499,508.8477271392982,989.9443212722489
684,797.9399999999998,740.4624793602036,531.5478142787478,1031.3328601837427
685,764.2299999999999,826.5545647572027,593.9048493096013,1150.1867123713328
686,674.4400000000003,757.8500619700911,545.1623223676627,1053.3631315606594
687,476.5199999999998,682.9520469534808,491.74481730947065,948.3563120280544
688,373.1300000000001,461.0114985299901,335.19872591037443,633.906108569938
689,626.3300000000003,379.55109355000064,282.3463797701895,510.10282375782657
690,636.9800000000002,862.0198045078737,634.5622146641699,1170.8808415417857
691,578.22,636.8794340103701,466.0711002948594,870.1525334719331
692,523.6000000000003,625.038511587036,456.1813034044059,856.2621300819677
693,617.69,556.9434794747748,408.0162166590789,760.0967820082604
694,803.3399999999999,684.120934942395,501.1786611013428,933.7085646110627
695,692.9699999999999,825.8364127233075,606.6800476674656,1124.0302787286164
696,491.20999999999975,658.6076727071159,484.3311000554498,895.4648707745886
697,503.07000000000016,510.3797087894199,376.20651621389305,692.2786028894167
698,497.4599999999998,589.7878707108489,437.79697104257957,794.4255184345606
699,487.73000000000013,537.0783358734891,401.8563097605016,717.6887446506873
700,580.64,545.2114464797683,411.358849436353,722.5128933775195
701,602.0299999999999,644.6720122532261,491.23899064030206,845.9307700814977
702,627.6300000000002,612.4122900854975,470.83890031170074,796.4642136953191
703,611.5199999999998,648.8601563084861,503.60277483687105,835.9320261740887
704,568.8100000000001,610.2110898523836,478.01473456638143,778.890407122264
705,599.6700000000001,588.2033205013552,464.2379357428138,745.200011259905
706,586.5400000000001,627.6583245505956,498.14791646495445,790.7718896348633
707,473.16,592.3897724168153,471.96437753822994,743.4776789355947
708,426.63999999999993,508.00643135466737,402.56492273739974,640.9971919338549
709,474.0699999999999,509.0241248215947,400.6696919291321,646.6082540624654
710,643.4399999999998,541.879986583015,424.12037828314004,692.2593563794892
711,640.1400000000002,666.7150360515951,519.4556613128264,855.6404451145038
712,585.5999999999998,581.1001404213694,450.5026587421606,749.4730413383446
713,529.6100000000001,588.1506896104604,454.9188432022214,760.316493590344
714,450.83,536.4510307345976,413.94416407357215,695.1264561524617
715,446.86999999999983,494.2491225536203,380.37989495847086,642.1164742358504
716,483.4199999999999,511.57112534686746,392.5963985298656,666.5090512024046
717,465.62999999999994,529.4257846714855,404.1723363511248,693.3996117260589
718,388.9399999999998,497.63256778934544,376.13164429905413,658.2775796428169
719,362.7500000000001,445.6398903864821,334.20482416016,594.1202885705912
720,458.6999999999999,414.0961624444826,312.0332212389116,549.4362233318063
721,499.2899999999998,544.8968378855465,413.84375123806745,717.3508410674423
722,491.9500000000002,487.6479346653066,362.93219596032213,655.1024462883809
723,478.70000000000005,519.4439101542072,380.12840226910356,709.6840162107701
724,480.0299999999999,477.26533648548457,350.57930558914296,649.600670879297
725,397.2000000000001,507.5127605892381,374.0657061002819,688.4398060828026
726,354.9299999999999,384.8663883039577,282.1751862842105,524.797728171364
727,369.38999999999993,404.9300174223202,295.44724238786455,554.8465571047277
728,487.7000000000001,402.42791687319686,294.46718304675534,549.8364158563509
729,553.1200000000002,547.4193643862309,402.7098182102461,743.999962020156
730,516.7800000000001,528.5081150302591,390.4304423972657,715.2928927187003
731,414.45999999999987,500.74132767741446,370.87434988449075,675.9608067286432
732,314.81000000000006,398.99334565950755,296.2239200032918,537.2967715724708
733,250.81999999999996,323.27798201955864,238.8194192483245,437.48079505935124
734,274.8,257.3793608019931,190.25516415396768,348.06191622989195
735,420.98,331.35865087469796,245.12414792979501,447.8071314431035
736,520.3199999999998,502.9554862104546,371.878300612821,680.1099805599231
737,622.3799999999999,505.4844447417594,373.1555558851479,684.6145491639113
738,640.7299999999998,638.2701792711202,472.0180393902578,862.9551308278226
739,533.1199999999998,562.168497940354,415.3557307139704,760.7494696867219
740,530.9099999999997,482.49453500956434,355.98054052126247,653.8451213692731
741,530.8800000000001,534.2845861540565,393.5888282542301,725.147238992562
742,523.1500000000002,502.194242314752,370.095598634012,681.3159488572561
743,642.1100000000002,518.1847661507,382.1281745495981,702.5578151354723
744,648.6,666.1502800720666,491.5225143657557,902.6937058063213
745,668.2799999999997,562.7644133399011,415.06117601246325,762.9028394684011
746,639.96,657.0100069582134,486.35134267325253,887.429211833402
747,684.3499999999998,565.1589777740772,419.4448833179995,761.3733831284463
748,658.0400000000001,684.8361360092035,511.8125648011154,916.238066579861
749,580.2300000000001,585.1683655800828,440.01672372827176,778.0937039805486
750,578.64,544.7476972579371,411.69058534115305,720.7042492406979
751,578.9300000000002,567.8966114737797,430.95130047644943,748.2588960592657
752,635.6499999999997,558.0722326120533,425.52030690450823,731.8180070633869
753,413.78000000000003,645.0510459368058,494.22577031352307,841.8114588863177
754,410.55999999999995,345.81544139141306,265.3815894162575,450.536274151309
755,436.7900000000001,464.2568774400334,356.77500735030145,604.0281812818413
756,488.82,444.1066127664394,342.2688987185833,576.1565599679759
757,652.6400000000001,509.1996983986736,392.4845674986543,660.5347938569097
758,657.1600000000002,666.6916289303662,516.3002072024907,860.8053987540318
759,588.0499999999998,593.9951790731044,461.5964466644471,764.2874674522305
760,527.05,556.9720540915448,435.3222178477798,712.538757395464
761,508.7300000000001,511.73813251108504,401.8407318184438,651.6162122291087
762,504.12999999999994,511.6828177426552,403.4537767191308,648.8732036592601
763,505.8100000000001,504.92120731193233,399.7816062677357,637.642752075243
764,508.82,506.92896029835566,403.0597170022586,637.4992560600306
765,535.3600000000002,507.2040276191034,401.88776861927914,640.0503217146302
766,522.1499999999999,537.6907790924739,421.77791475052084,685.3834305311216
767,466.76,527.6657116036132,403.4627276932378,690.0091226930809
768,443.32999999999987,491.54538803215047,369.1417360999143,654.4271934528755
769,399.11999999999995,478.97035316036823,356.4024285159269,643.5718370450932
770,391.0099999999999,433.3063355851483,320.8283475549475,585.095024140765
771,403.66000000000014,425.14835859531047,314.4021896128641,574.7804781139364
772,440.77000000000015,434.14172547082,320.9897136067695,587.05705040927
773,541.4399999999999,467.6944030035181,345.6916335126342,632.6306451387695
774,582.2299999999998,557.8435100896118,412.0482308520305,755.1007297502692
775,536.0699999999999,573.2445135740844,423.41506794859123,775.9676108904782
776,547.1100000000002,524.8379115822714,387.66337263378097,710.4267222647263
777,489.7599999999998,548.8952179777166,405.293865382839,743.2513326403094
778,471.73999999999984,486.410906402307,358.971118749941,658.9679232737261
779,456.98999999999984,487.34610627538717,359.60948579560966,660.3301338653671
780,565.5099999999998,472.38929428737407,348.31271091611234,640.5381317163555
781,644.1200000000002,569.3862841324224,423.34694976178076,765.6851695506039
782,656.5400000000002,595.3363211902732,446.08967093615547,794.4042132669421
783,633.9100000000002,599.6850176414093,452.70716986578606,794.276148105831
784,527.6399999999999,580.9879005828617,441.9713873743942,763.6315903888692
785,505.3700000000002,489.3138154275759,375.6094470906179,637.3473368932811
786,513.51,512.9053408873862,385.2207510821197,682.8024592221534
787,443.5999999999999,510.9022891365033,376.60315098522307,692.9665438158564
788,467.54999999999995,434.45656193349384,320.73775349166164,588.3694951029524
789,519.8199999999998,503.6750302369105,371.8962697758556,682.023421762096
790,535.0699999999999,527.6150187225904,390.74374280961666,712.3077251341998
791,550.3199999999999,530.688194496445,393.1929210105894,716.1420923596329
792,527.7800000000001,543.4663604168192,402.76877489191855,733.1915374830312
793,514.4800000000001,511.53969914265303,379.1146222355091,690.0992838220285
794,371.42,512.8057686142456,382.05877455066314,688.1797953746121
795,322.1,363.0644193547691,271.6241364456115,485.1744934552685
796,321.77999999999986,362.83239657488804,273.5390877097029,481.1681819581137
797,366.2900000000001,347.21062588445614,262.6306507358439,458.92618703633576
798,520.2299999999999,407.0438773375587,309.2744197288867,535.6211174551668
799,568.7800000000002,572.5406763939252,437.6318850483813,748.9429902185929
800,559.0200000000002,530.1176182560016,408.2531121975172,688.2700776476568
801,589.87,543.9505217699011,421.45240009210863,701.9693075777008
802,457.52000000000015,573.6767467210584,447.2206645158763,735.8097666327066
803,434.4199999999999,415.3276747377974,325.12005772270066,530.4874956264185
804,412.86,475.73829331885975,373.9634400387847,605.1374951463808
805,418.9400000000001,423.88117109066667,332.8030602957983,539.8099296255873
806,481.3900000000001,447.3413021819919,351.20173088916414,569.7238369748412
807,515.7199999999998,502.8696959062189,396.0752270760641,638.3868293475562
808,530.0,512.6252956865612,405.2525341530498,648.3767353823335
809,545.9200000000002,520.9289018083193,413.9385663103232,655.5062895096357
810,598.4899999999998,534.3806897074959,426.6646674032308,669.2271774100474
811,555.9800000000001,587.9093546265595,471.75111462313646,732.6084828549608
812,538.87,513.3550245677716,412.3092116113965,639.1045122286307
813,560.08,536.8016215130366,431.9313332143914,667.0749622684898
814,592.3499999999999,547.0995768661847,440.6423677935617,679.2181313847902
815,591.1399999999999,577.0239641644446,465.3545147522876,715.4328693715946
816,471.68000000000006,559.1298928305749,451.6386779016514,692.1477846675787
817,434.87000000000006,437.9678378525533,353.4825530089801,542.5888481204435
818,422.19000000000017,459.53722102509914,370.68518621105136,569.6294999583031
819,460.61999999999995,430.8045004934087,347.3403064694565,534.2671602552865
820,452.7700000000001,485.38271910640304,391.50060764794114,601.7204667604776
821,449.6199999999999,450.83391511141593,363.76825216737546,558.6810732070875
822,406.38,463.8541041479629,374.32153654588814,574.7445739242446
823,347.93999999999994,409.3526018855867,330.25968276805236,507.33007043654266
824,319.5100000000001,364.13857147946607,293.2309488743792,452.13444045272166
825,320.25000000000006,341.88703279161604,274.471095331491,425.80164724780974
826,336.1100000000001,340.63932490664655,275.2024702708291,421.5792340243099
827,383.81,353.69402522308974,282.1396809004988,443.33140253897983
828,391.98,411.6131162382454,324.8097347804088,521.5429614820492
829,361.83999999999986,396.6149885700841,310.14095204292533,507.1223737908238
830,321.06999999999994,365.86324502052975,283.5202480781484,472.0371263771222
831,351.6899999999999,323.09567620273754,248.3443943875507,420.2567424718254
832,463.57,379.3060965092245,289.7792314925151,496.3970331364829
833,510.5600000000002,510.22151031829515,391.22252401993654,665.3243863038181
834,419.44000000000005,498.58695342408413,382.8165980590431,649.2770471462613
835,349.7100000000001,386.6809544769748,297.3060961157947,502.8332250703889
836,403.46000000000015,348.75917332085214,268.4843985081059,452.94642509668785
837,433.6900000000001,448.14224691315053,345.50303929533516,581.184671085248
838,413.86999999999995,426.979270015371,329.67546347158975,552.9154724088766
839,436.23,413.57022693472464,320.0028000077973,534.411133661558
840,467.8800000000001,452.23172072049454,350.77134637652193,582.9560122881303
841,479.1999999999998,469.6317625550831,365.1376646905419,603.9480217035584
842,479.29,474.94576414118575,369.92572403220527,609.7000828669123
843,476.96000000000004,471.10368777008114,367.2531977694995,604.2408868574674
844,488.46000000000015,467.3200643145037,364.8827803998851,598.437017505538
845,517.0800000000002,483.8710881686529,378.3583666922661,618.7305576564908
846,494.87,508.81349677406365,399.1200232099538,648.5795921630659
847,494.25,464.26364764240793,365.5314456436499,589.5912422804126
848,633.6499999999997,495.11561054249853,392.16450733679505,625.0247159419049
849,708.24,682.6102976661085,539.5616453085867,863.5138683643899
850,741.1599999999997,625.4256385043336,481.68544440421977,811.970610828992
851,741.7499999999998,780.4477880414701,564.0304526003748,1079.7570505705185
852,706.1199999999998,645.185736332637,466.3695062526019,892.4173074057453
853,732.4599999999999,692.582766502639,504.0986180947825,951.402237416502
854,879.1200000000002,710.623556344977,523.9502991316297,963.6781548325062
855,1103.9699999999998,962.2291949619513,713.4785340712455,1297.5841250403903
856,1181.3400000000001,1158.705513246315,859.9399705304744,1561.1494221312767
857,1192.31,1147.3349397210977,851.6791973549823,1545.505576628106
858,1204.6100000000004,1181.8679436400416,872.1084668534188,1601.5231975285847
859,1217.0899999999997,1175.9464203400291,872.0473170494038,1585.6297843199525
860,1202.3400000000001,1205.8045521104502,882.7166501293129,1647.0137912773225
861,1189.3099999999997,1157.5206341202859,853.3452785049614,1569.9925406636105
862,1197.83,1178.6650824244484,869.6911092000354,1597.281746519784
863,1202.96,1180.967716188686,880.2423867355636,1584.316030119093
864,1138.42,1188.7227843542032,875.0707374953839,1614.6689671637112
865,1053.3600000000004,1069.148210003052,794.625008262822,1438.3931556691748
866,1056.4499999999998,1016.8604467345007,755.5742323882463,1368.3829959766585
867,1057.5999999999995,1073.1800350076726,786.3653307262082,1464.473145159752
868,1053.24,1026.4274040508249,703.1428432039758,1498.1376831885648
869,1114.0599999999997,1056.9103507545185,743.1723290727163,1502.9182008125827
870,1146.7400000000002,1147.538654641706,807.5070860858663,1630.5763509165863
871,1184.5000000000005,1131.202261585077,814.8493763250369,1570.2238047083551
872,1117.6,1219.5138574674806,846.2601383018164,1757.2015356651834
873,986.63,1035.1248997166451,736.6943495043187,1454.2840326541539
874,989.8499999999997,952.6218156825354,635.5256834324945,1427.6847978257576
875,987.6699999999998,1013.4123832949421,637.215369179494,1611.3592960556166
876,1049.0499999999997,952.8871332888606,559.8931727267548,1621.235226416829
877,1198.5400000000002,1134.3731032392816,632.0927187281068,2035.1505438713027
878,1469.5199999999995,1240.769375210683,656.2138738369403,2345.254762104595
879,1700.04,1688.7743534351166,888.287663823524,3209.8140950144766
880,1588.1300000000003,1708.4592470316713,953.9550199160705,3059.092733497459
881,1557.8999999999994,1466.7949330742829,815.1205884117669,2638.832882725344
882,1592.2300000000007,1599.346021344567,839.1005144862627,3047.572574199113
883,1640.4899999999996,1536.9210641334048,758.6109716190889,3112.700680841758
884,1745.9700000000007,1691.3691744673613,789.4337463151236,3622.470576805939
885,1879.2900000000006,1751.7206774512883,756.9789931250929,4051.922048010259
886,1921.8800000000006,1955.5148902026028,804.2773287654786,4752.580386340819
887,2026.3599999999994,1844.3759419114176,733.7707694434879,4633.659554522961
888,1999.5499999999997,2162.0244430078433,832.0372646559692,5615.4050992143875
889,1930.3799999999999,1874.211024330497,804.4598503400699,4364.725224275276
890,1786.3199999999995,1919.1349334937956,904.3877805686202,4071.197838265157
891,1565.4200000000003,1675.2183436351393,859.6087137987952,3263.7914092534056
892,1464.6599999999999,1479.6372900775677,804.2212417660447,2721.589359366662
893,1464.9200000000005,1441.1971222753791,838.2576710342668,2477.3003019038965
894,1468.9900000000005,1469.9492684654867,894.430884135086,2415.36935774122
895,1466.0100000000002,1456.437099913763,931.3243454865769,2277.308949549598
896,1364.1900000000005,1461.8863209434787,967.4520422139213,2208.749471033522
897,1320.8599999999997,1295.3018290881378,889.8200505692032,1885.3500333468414
898,1278.6799999999998,1336.8976783170074,945.9399541053626,1889.2678991268701
899,1265.4700000000003,1243.1698861843042,904.1067457598034,1709.2498826129188
900,1307.2300000000005,1283.6732184852494,955.2128323409719,1724.9601863455703
901,1431.2999999999995,1325.447683654151,1006.7280628402106,1744.9704878244027
902,1472.8600000000004,1499.9253742012183,1147.0323904058603,1961.2939193594093
903,1368.1399999999996,1448.0386659760281,1125.2251520261325,1863.3812489146635
904,1183.4699999999998,1321.6986826473399,1043.8605859513548,1673.4164997706791
905,1092.7299999999998,1108.8361800825128,883.9993897751358,1390.793441725545
906,994.0699999999996,1095.3343846827383,880.5495714299556,1362.4503628514105
907,955.6599999999995,947.8141201406094,769.531628967233,1167.3468928911182
908,940.4399999999997,976.830159939913,802.7102404162,1188.672314232271
909,939.23,935.8226016185317,772.2764055047024,1133.9584452023955
910,980.9699999999999,957.2396797576623,797.453082479169,1149.0028041860844
911,944.1600000000002,1010.7670341348112,846.1584431680585,1207.3601829355516
912,930.2099999999999,917.3366958720594,770.8983436316777,1091.5561557981841
913,846.1699999999996,950.10300067814,801.0433266222177,1126.8654006244847
914,775.8800000000002,804.4953335863286,679.8922016639938,951.9008128507417
915,688.8400000000003,770.6935577905648,652.7169551215129,909.9614527663064
916,677.9799999999998,655.6235698276836,556.1151708570617,772.905531579702
917,696.0300000000001,695.8558639392054,591.0885146889955,819.1613155112968
918,647.63,701.8617542821721,596.9120402197627,825.2329780999848
919,651.0199999999998,624.6410478147466,531.8184423765284,733.6343324094688
920,655.71,670.8154921318904,571.6679070739457,787.1287739250515
921,586.28,653.0760907408771,557.0911564374201,765.5692737541883
922,518.32,556.7794073351824,475.633038593853,651.7408762200728
923,489.4099999999999,502.2652740500922,429.7942083578175,586.9279042079032
924,422.1599999999999,486.4531295103193,417.01581042536,567.4248000754301
925,348.05999999999995,393.0642117991798,337.11800077992393,458.26748254371296
926,325.97,326.9618899855327,280.2726636426197,381.4011899696918
927,247.29000000000002,328.2329700540303,283.99502141453206,379.3376916291315
928,366.94,208.52379611037358,180.01208903033123,241.5264598164229
929,432.51,390.80457951549545,337.70009258940985,452.2352718173247
930,424.63000000000017,446.92317871167614,386.9159610649484,516.212989835136
931,365.6700000000001,429.3670304667139,372.271844542201,495.1954233111132
932,343.37,361.7244004461348,314.05199845039607,416.61039868383205
933,313.60999999999996,346.611279981684,301.5479494229108,398.38661690150735
934,308.43999999999994,312.9762293391815,272.8322257786709,359.005373033523
935,290.89,313.2105313834201,273.37788344289316,358.82586057377966
936,251.68000000000012,292.437397662843,255.30030794343156,334.95553215701153
937,261.91999999999996,249.49428254354783,217.8341749389948,285.73485576235555
938,282.06999999999994,269.4608883113034,235.07423518494286,308.85631298914774
939,297.7699999999999,290.50809267960074,253.15541246851362,333.3504168270513
940,295.87999999999994,305.5444498344678,267.1376936990279,349.4524053592887
941,361.35999999999996,300.36978939414075,263.30059949826517,342.6380777489114
942,400.8299999999999,381.03342893611614,334.5320056125085,433.979490431197
943,361.1000000000001,411.0806640122038,361.0300531209655,468.05076578269546
944,295.45000000000005,358.51567608623867,314.79191458557307,408.29332063921726
945,298.7700000000001,290.71231026691083,254.7612552074046,331.71682175727307
946,330.6299999999999,309.71694189583394,270.43442963876544,354.684494813663
947,302.05000000000007,344.31976201135814,298.51921333656645,397.12383555370087
948,257.92000000000013,302.66720432300724,260.36039202334933,351.82228599164654
949,228.48000000000008,258.88277124425525,221.37470397422777,302.7173454648933
950,225.79000000000005,233.5135062800058,198.16964615604107,275.1293484683645
951,222.53000000000003,237.37423864518587,199.73517385825957,282.07085677866604
952,222.23999999999995,231.6834709133547,193.54522877757188,277.2982547373976
953,208.20000000000005,234.24122108201271,193.389555895568,283.67801081806
954,220.4,217.95008982615653,176.95457237256636,268.3897728826908
955,226.53,239.2929343930769,190.3271350564857,300.7904088836574
956,220.74999999999991,240.32495287216378,186.82333117588067,309.06655304296225
957,241.66000000000003,232.82213416548694,176.47284342543335,307.0628527185016
958,234.99,259.63936011627044,192.41392850172926,350.2305270259351
959,293.35,229.98353160680534,169.53596082170114,311.8571335715762
960,344.58000000000004,326.9790281606289,241.04977928046046,443.4137203221744
961,317.17,344.432098241799,247.18812424369906,479.77777637163155
962,236.98999999999995,301.33811090030804,211.06538968662002,430.038433182547
963,235.56000000000003,219.9609822313211,150.84533919770988,320.53608353470327
964,233.25999999999996,257.0286619585955,173.56582994754638,380.3964646583398
965,235.49,235.9834335097403,157.37579312933747,353.606891926985
966,284.36999999999995,246.72336269288323,162.7691787596717,373.7155898847398
967,303.0799999999999,299.95292653830796,196.1345929386561,458.44581639284587
968,236.14000000000001,291.6488840461369,188.93650872228682,449.9052520211984
969,185.12999999999997,220.70266765736923,141.64807688590147,343.5687731613003
970,161.21000000000004,191.7220792357045,121.73908130690374,301.60777113087323
971,176.07,169.22691237616888,106.27670332660306,269.1164446571687
972,193.63000000000005,202.15762127471513,126.2287774488063,323.4000289054717
973,229.97999999999996,205.09811970021815,127.55552194285923,329.4131499138988
974,238.5200000000001,253.332743377275,158.76880153903102,403.86718139403723
975,251.57000000000005,235.99258058191415,147.4727127832736,377.28825376727724
976,236.79000000000002,257.88207754454874,161.5909162422908,411.1997195335904
977,231.82000000000002,229.1752504686594,144.41982866762066,363.3288980171026
978,237.68000000000006,237.56593037028864,152.05489124709436,370.8515799770096
979,231.35,239.06752413664887,153.23591406581022,372.6640489614473
980,316.72999999999996,230.17327193207674,147.7337512744937,358.3070247865556
981,352.22000000000014,325.21357374807167,208.3381796112845,507.34155477557346
982,336.23000000000013,307.03784394059073,197.6008623647172,476.7789591130453
983,339.38999999999993,307.05210019468683,199.85026517204818,471.47185037604737
984,335.02,316.3561922100587,209.85234671431095,476.65630453489274
985,321.54000000000013,310.47956927668224,210.07411387183942,458.64671032894205
986,322.96000000000004,300.92783031075095,207.92643635160272,435.32781139646477
987,330.9199999999999,309.22674724549006,217.70500432108554,439.0477026361235
988,357.4999999999999,315.79169355743306,226.0682094289861,440.96841715252293
989,322.3700000000001,348.17834340474786,253.09582086821692,478.8406958692914
990,345.73000000000013,289.6197903453029,213.04903558320296,393.58184107312843
991,322.96000000000004,350.5096553507791,261.0920142833975,470.433813588919
992,322.19000000000005,300.8978416598026,226.61987201432794,399.4145419830046
993,352.5999999999999,318.6056325617505,242.5307401062179,418.44503729033994
994,504.68999999999994,348.4889322102459,267.3267821428891,454.20060562726326
995,570.1699999999998,535.7698938585372,412.217153007701,696.2651470437281
996,561.59,534.4178976837604,412.0729446621098,692.999277523715
997,493.83000000000004,532.0251094123915,410.8573523762392,688.8402216807993
998,538.46,454.0788997426056,350.8427408175365,587.6061611211118
999,563.2700000000002,542.198544927482,418.73721454341785,701.9747398793297
1000,586.87,545.8402328695626,421.380981757214,706.9727857082432
1001,577.0100000000001,579.4599848728789,446.8448393121402,751.3449294539835
1002,511.21000000000004,563.6738373263265,434.46808249542124,731.2156442181762
1003,561.3799999999999,486.28775819644966,375.13770436713514,630.2830554640578
1004,632.2,564.3685909852521,434.7525785406698,732.5393051330309
1005,645.3900000000002,631.6670980527626,486.5037551678062,820.0555359121814
1006,646.48,630.629464987818,485.5116144176112,819.0334158895166
1007,645.5099999999998,631.9312567542844,486.1683627392252,821.3070429370118
1008,661.8799999999998,631.6972468264364,485.7799630470949,821.3547321791137
1009,667.5100000000002,653.0932340352723,502.11130613908733,849.3843057990111
1010,658.0400000000001,653.3775629297144,502.0376728151583,850.2483617169931
1011,646.9200000000002,643.1977296896373,494.40646050006313,836.6772368256795
1012,668.19,634.0171356860786,486.637512359358,825.9395860542086
1013,684.8199999999998,662.5421544308961,507.0867179640837,865.5611108100621
1014,677.1499999999997,676.0991587690608,515.9026696308579,885.9431282550307
1015,659.1900000000002,663.6734757775927,505.26581877935666,871.6459757197426
1016,667.8599999999999,645.350633612499,490.48356741026925,849.0164995802256
1017,670.9599999999999,661.3260876803818,501.9264359009343,871.2465456327901
1018,672.6400000000001,661.0634047608436,501.0531449892743,872.0708218805897
1019,688.9500000000003,663.3991641476463,502.3029874196047,876.0586711262118
1020,719.3899999999998,682.6088631911344,517.4141740742014,900.4434813014717
1021,708.4499999999997,718.3972109096838,544.946058028209,946.9550945633741
1022,715.18,688.783029156938,522.6539832347222,907.616457710871
1023,717.4500000000003,711.521733589253,540.1040622259246,937.2432258012917
1024,697.66,703.3612805981248,534.1699946142207,926.0415355843402
1025,710.6600000000001,680.4590925949386,516.7304735571774,895.9657352592187
1026,699.2500000000001,703.7099442753758,528.3581471022903,937.1476572696253
1027,688.7200000000003,688.8943986781491,518.4026292710573,915.3493877484813
1028,684.9399999999999,683.7075551212937,504.55704111684906,926.3423133509881
1029,676.7999999999997,675.9869348668161,499.4212147181557,914.8510800516203
1030,687.5699999999999,669.5668166609239,497.53394955665226,900.964361718292
1031,706.8900000000002,688.7982283187948,511.44658833354174,927.529151377714
1032,663.8799999999999,703.793156572203,523.100702128135,946.7823470451406
1033,643.62,634.2850418493355,467.2855818730069,860.8396551593162
1034,647.3300000000003,646.2329973996111,476.3198164840926,876.6307592015633
1035,659.2500000000001,649.0372445921913,481.19876785254615,875.2951038610315
1036,657.2400000000002,665.3205474024255,492.89332967695776,897.9452685685494
1037,662.3500000000004,659.317514919293,486.9987725357276,892.4842566172002
1038,652.1700000000002,668.0417097546584,490.25459167326335,910.1707391208456
1039,686.2399999999999,653.9538902012516,478.5662125879421,893.4846134486389
1040,653.09,690.6640839866947,501.8392517060553,950.3959052600196
1041,667.5100000000002,660.9069728984839,478.9522296870801,911.8425990588293
1042,679.3699999999998,668.5768022518366,484.5215763722561,922.4050883251623
1043,669.5999999999998,677.6030728506397,490.5887010841568,935.7630490015993
1044,552.7399999999999,672.889171138189,486.8658178210843,929.8432736803419
1045,521.9700000000003,579.1633373270082,418.23908649574395,801.8581036940813
1046,429.3200000000001,542.7937588870453,397.5534867850575,740.9622761046905
1047,436.96000000000004,421.9209897859185,316.3501516196113,562.6114011248129
1048,714.2600000000001,446.3494745703572,342.2462105473399,582.0262541843102
1049,699.2800000000001,809.5734454108672,610.3815919881109,1073.6632201808604
1050,486.52000000000004,612.6584202919762,452.92508000147774,828.6009041712737
1051,410.6800000000001,508.84043798796137,371.48182289131944,696.8522339426996
1052,500.05999999999995,462.52008685655056,338.9801401125142,630.95123941181
1053,677.7400000000002,604.7215281534033,441.36154691378846,828.4088223269521
1054,706.7399999999999,701.4125760636971,514.8845575549982,955.3833997101954
1055,503.89000000000004,660.0366237282938,483.16857681878804,901.5150305730152
1056,340.44999999999993,479.46590006443455,353.0061263078445,651.1002433838722
1057,331.83000000000004,374.4647055225245,277.36768890218127,505.4299870760302
1058,505.74999999999983,412.2340253165954,309.3876155095091,549.1584185278975
1059,678.9499999999998,639.2014091526445,477.55603548974557,855.4469234236918
1060,546.1899999999999,653.9422974443078,494.42941739188313,864.813369015854
1061,299.8200000000001,494.8215390135006,376.21756062923276,650.7167391137222
1062,408.03,286.2053057370148,217.78085108819639,376.0297411003282
1063,583.2099999999999,633.1827713727638,485.38867097499957,825.8855989178902
1064,570.6700000000001,531.925751549737,413.35767859653765,684.4219707640411
1065,560.8199999999998,584.7156753777924,461.7069542125684,740.42575394633
1066,561.9399999999998,537.3958380054479,429.35811813607353,672.555502187449
1067,681.1100000000004,571.7937204385555,462.85351108077595,706.3195272563274
1068,777.2099999999998,654.8144962682317,535.936598469208,800.0119905063972
1069,776.82,682.9579355335993,560.1172224248903,832.6911413229728
1070,645.21,669.3462158171435,554.9211313700081,807.3233820469367
1071,592.8799999999998,562.3600442896759,468.5573858226716,674.901495929024
1072,577.8999999999999,589.1920465051596,494.1464712220402,702.4820442085856
1073,710.9,550.4441362939624,464.0486346874324,652.8899649869501
1074,577.8999999999999,719.3764666032142,609.0630325253235,849.637107919157
1075,597.3099999999998,473.7501211432959,401.8794348274704,558.442001853717
1076,703.8800000000002,644.2934897276227,548.2470432893189,757.1355111009866
1077,767.0300000000001,608.1870644612959,518.8968702629593,712.8124900026181
1078,774.7900000000001,695.0597498351813,595.5288190134767,811.1974327105721
1079,757.4700000000001,653.6965154836475,550.9176030180806,775.6150690656413
1080,780.2499999999997,686.0952655630231,569.674447842827,826.2665891099177
1081,789.8899999999998,704.0124388360589,574.7655394608666,862.2724691703269
1082,719.9800000000001,705.5952547847178,566.6416944413138,878.5633917900976
1083,554.2700000000002,643.0211224740085,512.9259670919772,806.0485493068145
1084,639.55,522.1496892891378,413.75155275217907,658.8784153723303
1085,780.3599999999999,692.2497315915887,544.988638808697,879.2292871888865
1086,765.9700000000003,716.6337210239558,560.4821751404377,916.2119443005964
1087,603.7399999999998,691.9739822095777,538.5084951434317,889.0933800713046
1088,585.9199999999997,553.1278115773047,429.4163881390785,712.3967014848763
1089,564.5100000000001,613.5058239553534,469.23973462743464,802.0316876012819
1090,546.4299999999998,568.3129980618627,427.02153902055704,756.2452790667147
1091,572.8299999999998,585.3731823130196,439.19031308653626,780.1019432140573
1092,586.28,603.1157478393293,451.7919223902764,805.0122514131435
1093,704.5900000000003,587.4606846224192,438.37959561155964,787.1248487752395
1094,759.6600000000003,703.7840814205243,501.69644717421784,987.1124169784025
1095,753.79,709.4603225214339,485.2654086313615,1037.0213375611806
1096,594.5300000000002,709.797959873809,481.49109684239494,1046.135880987671
1097,555.6300000000001,590.619330177863,396.9831868787372,878.4678855284156
1098,549.1100000000001,609.7822031764514,406.89410869157047,913.5876142064258
1099,544.2399999999999,593.492084422691,393.82658267591415,894.1292895375659
1100,643.1699999999998,590.8922617055571,390.9218437827283,892.8936551368579
1101,708.6600000000002,675.515640409298,444.9714322017412,1025.2393029501675
1102,741.1899999999999,683.8134944395028,449.4476575526423,1040.118794388749
1103,770.0999999999999,706.9604413613669,463.83485290941934,1077.2495834714225
1104,700.7500000000001,721.7091720133604,473.9619108318177,1098.6851229554375
1105,509.2599999999998,662.1854896971523,436.4409723535621,1004.4270668303353
1106,357.9400000000001,507.6362970281171,336.53329351352437,765.4751526033058
1107,416.3500000000002,375.2910131297638,251.7539914970491,559.2084688101837
1108,602.71,532.8163332855527,362.6092458273053,782.6981071096657
1109,747.09,668.7699730091676,461.0942447511035,969.7799260437118
1110,620.6100000000001,743.4698045154134,518.2079449687735,1066.463037123885
1111,552.5000000000001,557.8379715235658,392.1685058658651,793.3156019803865
1112,555.13,594.1114571313667,422.7000839575151,834.8687189793675
1113,562.24,565.8932642991114,406.89409072795485,786.8711175593828
1114,555.8900000000001,595.1282362251322,431.8835549642257,819.9341056031924
1115,557.0199999999999,560.1626377126096,408.8541827971987,767.3305897121759
1116,559.94,582.0336304685726,427.81577549949645,791.7138731344628
1117,560.6400000000001,570.8413464433497,422.0191266926678,772.0206623487198
1118,564.8000000000002,578.6296044030016,429.90922280118315,778.6780865268074
1119,557.4300000000001,574.6182691938703,428.89670599606194,769.7348933089571
1120,598.99,564.3075257051415,423.6014487663901,751.6413288210274
1121,617.8100000000001,619.4189031444187,466.36633673001944,822.5929401164332
1122,640.8199999999999,601.1407586358207,454.20766901272737,795.5012847803852
1123,639.3999999999999,644.3100696521764,487.3261150567526,851.7602214067548
1124,623.59,610.5224119714188,461.8458109930769,806.9573185311496
1125,504.81000000000023,621.1348175191483,468.8414249346534,822.7922640035752
1126,485.5400000000002,474.260130235411,358.1395132515488,627.9260386483127
1127,405.49,552.7428548441259,417.84413238236203,731.0889218307103
1128,346.5299999999999,405.34982227093957,308.3286186419247,532.8018149906957
1129,428.76000000000005,392.162778348708,298.80990087023406,514.5832740353043
1130,461.73999999999984,509.7340458241665,389.97997762294875,666.1678359332208
1131,484.69000000000017,468.8443321305157,359.6414411626849,611.1140591149884
1132,404.8399999999999,526.7085497980129,405.28093867513036,684.4279564235145
1133,362.22,389.86739276297567,300.65017350373176,505.4718410428371
1134,354.79,411.9039470695591,317.8960636004079,533.6245656994155
1135,360.77000000000015,379.88874924633416,293.5412569644727,491.5498071054126
1136,370.11999999999983,405.13490076689504,312.7833211346942,524.6670654911304
1137,371.4800000000002,398.74449539132377,309.54164247463467,513.5708006252859
1138,361.51000000000005,385.95479482145964,300.07012676891793,496.33932370594886
1139,363.58,373.013690724026,289.821262207453,480.0041734473375
1140,384.7000000000001,377.5065738158449,292.3768274238115,487.3385906101102
1141,490.55999999999995,399.56617808385613,308.496169724564,517.4337601576874
1142,589.0499999999997,526.3142359832941,405.38425388652644,683.2300133712545
1143,606.6899999999998,595.6156418856043,459.430478594912,772.0813677426805
1144,435.5800000000001,589.9683637002308,455.61742550132345,763.8494941056865
1145,345.4899999999999,393.530677898831,303.94949814926906,509.426994462933
1146,337.35000000000014,353.9737632005089,274.0501997844136,457.1213635165351
1147,349.42,356.7293405692729,276.5968954452273,459.9931998658705
1148,360.63000000000005,369.85692076161166,287.0863189409855,476.4084940318125
1149,437.8799999999998,377.0405997265934,292.9019656983586,485.26655048752053
1150,528.7300000000001,476.55383887114544,371.4875907573866,611.2557493978621
1151,523.9500000000003,533.8547406786583,417.24566682243886,682.9750326639539
1152,500.44000000000005,497.78973589075457,389.90785003651456,635.4446265449241
1153,457.25000000000017,487.37948042193017,382.4982214839248,620.9442582400408
1154,445.83999999999986,439.17843419930625,345.0712311421555,558.8762234430388
1155,474.5099999999998,449.85690694813667,353.9272527951199,571.7144053944444
1156,503.1799999999999,476.186826260624,375.116061158052,604.4175576963715
1157,661.2900000000002,488.63041914523023,385.3563244244619,619.5099598394331
1158,726.62,671.4279120727525,532.0321802535018,847.2776719399596
1159,830.0100000000002,639.7795578746084,508.7141106867928,804.5465469392932
1160,900.3899999999998,842.8243670587412,670.7779921505554,1058.9328509745324
1161,956.4600000000004,839.3841107266007,668.059675304016,1054.5791652528253
1162,964.8099999999997,946.142480554608,753.4431633847987,1188.0609153993844
1163,957.0500000000001,913.1107896584771,726.8091600462591,1147.1011529408813
1164,925.9000000000002,929.5219074757631,740.1485571403014,1167.282676867468
1165,823.7500000000002,882.2589388177116,702.7861099424192,1107.499218697593
1166,665.03,761.8384419161335,607.02817828281,956.0650000276248
1167,641.5000000000002,598.9959572946723,477.3275234190669,751.6122398241241
1168,660.16,649.0756577435889,517.338053566046,814.2948792460453
1169,706.4699999999998,648.2868712925133,516.5223682418147,813.5994590823921
1170,804.4899999999999,717.8068574834886,571.748830226866,901.1114860428959
1171,828.15,822.4755475560361,654.1691981008302,1034.0180982078957
1172,864.22,795.5697612623221,631.9363635371645,1001.5073942844415
1173,918.5000000000003,869.0497590951467,688.675424044971,1096.5983149606366
1174,954.6599999999997,908.5690720080754,718.8313698072803,1148.3190370060252
1175,906.7,945.4485617598533,746.1476442884275,1197.912807803079
1176,867.8499999999998,860.6762352159318,679.6109746042004,1089.9109051138705
1177,782.4300000000002,851.5198159021731,663.2867275067656,1093.0908592795465
1178,736.7700000000001,737.9955368910875,568.3463114972342,958.1954712217357
1179,810.4199999999998,726.0781077021628,555.2469130104078,949.3739478548201
1180,818.5900000000001,842.0701604557513,643.8635035476319,1101.19804895252
1181,830.6000000000003,794.9528299330902,607.1539333719296,1040.7443227996673
1182,844.9899999999999,831.6946497466458,635.985721719078,1087.5336296791943
1183,860.2099999999999,835.294964068908,640.275627236965,1089.621937310237
1184,872.3000000000003,854.9259148469081,658.1590152854931,1110.430102172252
1185,884.0399999999997,863.4351331535263,667.7241793131061,1116.4234797337615
1186,899.8499999999998,877.0045852343345,678.7200572076681,1133.1316818859043
1187,916.76,889.8250590895813,687.4781203411102,1151.6427092683464
1188,936.7600000000002,909.2499645293815,701.9754975619098,1177.6399395133553
1189,944.9299999999997,907.1936003579274,691.6022077334509,1189.893714344795
1190,951.1800000000003,925.4545027538157,699.3406894434302,1224.5720088960363
1191,954.2200000000001,921.6653218399355,681.1731134111676,1246.9402652928645
1192,938.0499999999996,944.6542813758672,687.0467347152543,1298.71116025221
1193,930.74,901.8628324585956,645.8943477852265,1259.115035826217
1194,870.8299999999999,933.7717407847534,657.0401748424874,1326.8797264603427
1195,847.53,827.1537772961531,584.5268133750784,1170.3189954471818
1196,819.5400000000002,863.9090567551874,615.7955371209281,1211.8292625931936
1197,779.2699999999996,800.1772470533252,574.3041083617793,1114.7316137090688
1198,738.5999999999999,770.3077599378296,562.565455894544,1054.628329092681
1199,714.0299999999999,728.686002480699,539.1498016915623,984.729626390382
1200,695.2100000000003,716.3238857460939,536.7598811293711,955.8463083955622
1201,641.61,696.4798767996581,527.2653868024299,919.8973192150634
1202,609.49,626.602149304258,477.77149972716376,821.698214149727
1203,541.0299999999999,612.9069042055146,469.8514313477287,799.4259134403435
1204,517.3399999999998,516.1134005034656,396.64196266762343,671.480004842382
1205,604.0900000000003,523.1241451695126,404.6100640263735,676.2665274198189
1206,790.6599999999997,669.665113599252,520.5850909249178,861.3553518400798
1207,839.5599999999998,889.1065956705189,696.3449260693322,1135.1518841500665
1208,653.23,803.2626300870927,633.17298996937,1018.9715036521021
1209,535.78,584.7042202140086,462.9190475421504,738.4596867578094
1210,578.0799999999999,529.9590838224914,402.10535500441097,698.3644346166888
1211,654.9699999999999,660.9500108792,498.7499938451095,875.7940416198986
1212,686.9800000000002,670.3363615516661,484.32599438700396,927.6387202702405
1213,725.9400000000002,719.5914534724385,512.3384999991366,1010.5197726614989
1214,732.9300000000001,740.508557451946,496.48208316644644,1104.235664518401
1215,702.4000000000001,732.5917439983087,487.6566383334552,1100.298549218207
1216,725.2900000000001,685.7424830950146,438.9883086446031,1070.8812950742508
1217,724.7599999999999,773.2728381194777,497.82032519489707,1200.832398500116
1218,707.7400000000002,696.183416514019,451.5768107562169,1072.993860732696
1219,679.5099999999998,738.3193309164146,478.97030935352063,1137.8060103194916
1220,669.1900000000002,656.5595503029662,434.088547806863,992.7852061934201
1221,718.9500000000002,695.7897175625092,475.91718552577845,1017.0298073460766
1222,936.8700000000001,743.2510845206926,520.0958019452223,1061.9709061990375
1223,1172.7899999999997,1070.244941920544,769.5520009707844,1488.2774584253657
1224,1252.1899999999998,1143.5488519265887,828.1872001561901,1578.8508155935294
1225,1329.89,1235.2542743106526,903.9604098188548,1687.8303777369463
1226,1346.7899999999997,1315.6220522105205,952.6143772768214,1816.8140658043292
1227,1332.2500000000002,1288.487498593427,933.9181981399961,1777.5278031134728
1228,1324.3999999999999,1239.272727345794,802.2466875263686,1914.0734912271598
1229,1296.9999999999995,1284.2114538222913,865.3791509059308,1905.519194637628
1230,1284.7300000000002,1247.554340349292,841.8848860791193,1848.467188878657
1231,1275.6700000000005,1263.4146356640772,888.0267349592754,1797.3085412552375
1232,1289.9800000000002,1234.749498395553,855.7007751085672,1781.5089776431437
1233,1298.0299999999997,1293.6991203583473,916.3643012657051,1826.2411624737629
1234,1315.9100000000003,1256.8711564992714,859.9635602214996,1836.754719776703
1235,1353.8099999999995,1327.4494765268985,914.9662776724545,1925.6844803162803
1236,1430.47,1338.5174704394299,899.573298288784,1991.4053455969486
1237,1483.8899999999999,1471.074659232133,1007.7644367058477,2147.1762475983196
1238,1522.4399999999996,1448.8334310032756,992.4226773524683,2114.934159321521
1239,1458.55,1540.6566864012543,1090.7246763986875,2176.018977500647
1240,1321.2999999999995,1371.79643086841,998.4635883706516,1884.5814884435306
1241,1298.1500000000003,1267.9442556676074,942.2498871940126,1706.0974996688446
1242,1275.6100000000001,1309.0981738880384,990.3737930388623,1730.2917057890097
1243,1277.7999999999995,1233.938677154328,946.0806648842533,1609.2889572960153
1244,1337.5300000000004,1302.0188380921265,1010.7218488881651,1677.186642196985
1245,1512.0899999999997,1352.2583179497692,1060.957434946794,1723.46466763707
1246,1721.5999999999995,1648.040856357177,1223.8165160654803,2219.1984625996283
1247,1914.4500000000003,1764.049958244795,1194.8236087520593,2604.234862649293
1248,1977.2800000000009,2047.2010942680186,1297.0621956136993,3230.8387645341813
1249,2021.6999999999998,1884.088305811487,1116.726176581982,3178.2741327523013
1250,1925.010000000001,2132.992758521937,1218.6645529763646,3732.752106110703
1251,1901.5300000000009,1779.5457548812963,1075.0139971373712,2945.377271727124
1252,2085.24,1961.4633430686818,1240.6203327556227,3100.803563687545
1253,2361.3300000000004,2149.9863182673134,1415.960049558892,3264.259414204024
1254,2514.649999999999,2477.8136975287553,1683.0100080339455,3647.7415857045908
1255,2534.440000000001,2516.3292694516194,1754.782362612344,3608.186870637763
1256,2714.3099999999995,2522.467967224427,1796.987683516301,3540.676419692806
1257,2752.8100000000013,2828.068313407633,2051.7146304978037,3898.0453923866457
1258,2567.3000000000006,2676.353887387037,1971.2676688158047,3633.5086174892544
1259,2621.429999999999,2468.8465579722897,1842.3454820130387,3308.277658177166
1260,2716.5500000000006,2705.893418281687,2045.342305890559,3579.6677880062334
1261,2798.26,2696.384079558989,2059.3611779168687,3530.361855698808
1262,2882.7699999999995,2843.7935682954267,2191.668180798713,3689.8687402336823
1263,2901.970000000001,2883.824539253237,2237.8082471518865,3716.2511906121517
1264,2922.2899999999995,2889.203849959667,2256.806491975084,3698.7317192645646
1265,2908.4300000000003,2920.325808347301,2293.877871225193,3717.779367531132
1266,2889.109999999999,2875.1937888960747,2269.442434322173,3642.5588880076843
1267,2871.41,2874.0542177469824,2278.081197185884,3625.872427885041
1268,2877.8099999999995,2845.0937477418097,2263.7030700507876,3575.738040432541
1269,2837.639999999999,2875.7601109769907,2296.1249714109963,3601.654987910834
1270,2791.9800000000005,2787.2317035033966,2232.472607147863,3479.7841419416945
1271,2763.42,2772.3444754636103,2227.3270145364727,3450.665545231689
1272,2745.4900000000002,2733.6757202751974,2195.9249504925187,3403.0540590092146
1273,2742.2799999999997,2736.898545402826,2197.7458775398136,3408.256395425889
1274,2675.25,2727.9159056211424,2180.0781053023343,3413.3582487247863
1275,2339.9799999999996,2615.2912563328714,2049.1971530361175,3337.693514341862
1276,2021.5500000000004,2101.7569815743504,1523.572221267978,2899.2148024724374
1277,1928.5799999999992,1949.5275662874337,1326.4972277316951,2864.9628866781563
1278,1723.7599999999998,1915.001108298528,1239.6842349813417,2957.899729274303
1279,1687.7700000000007,1576.0609793002577,981.6944850721788,2529.9202099051254
1280,1778.53,1830.9514265385765,1111.7031725656373,3015.1197630617457
1281,1868.5800000000002,1760.9053044597906,1023.1669875356342,3030.0587430211795
1282,1866.0199999999993,2009.4925093530367,1115.2251895626264,3620.2049037779643
1283,1758.2400000000002,1824.2912205825232,1075.0186660938282,3095.3106356048283
1284,1554.3599999999994,1737.7678168038694,1067.847104302595,2827.57436632675
1285,1424.31,1465.5405912472092,953.3625985239389,2252.589263768456
1286,1398.4100000000005,1417.059725494638,967.4523068959576,2075.3989829454367
1287,1389.3499999999995,1403.715119319462,1000.357778910882,1969.5489965742822
1288,1388.1999999999998,1394.8650877420143,1030.555060382242,1887.8369782753325
1289,1356.8800000000006,1396.913652942544,1058.913537679312,1842.6999921350375
1290,1263.2199999999996,1341.0619867927753,1044.176778090602,1722.2782187187468
1291,1148.3300000000002,1221.1463979905873,968.1259663074399,1540.2256714289015
1292,1119.7800000000002,1107.5227925897327,895.4570679834676,1369.7547473021893
1293,1076.3299999999995,1137.1305355656991,934.9421385629681,1382.997004318999
1294,1026.0399999999997,1042.1558373088308,870.6941720826031,1247.343898309751
1295,996.6900000000003,1021.603832778435,863.5629372073931,1208.5343829922892
1296,996.0100000000002,985.4938666412443,841.3357306067851,1154.3233628351013
1297,921.3,1010.1777785047686,872.5174492123034,1169.5324268723691
1298,713.8199999999999,871.6219326302426,759.5455498015909,1000.2142435203118
1299,657.39,620.4230436112729,544.6738113700945,706.6876168227665
1300,679.22,693.7074536317709,613.0496389483974,784.9599868148392
1301,680.2199999999997,675.4484804319427,601.2231961319658,758.8221882147726
1302,622.0,690.8040556135026,618.521948343059,771.5196058724143
1303,623.2100000000002,583.7965774703023,523.1756456931445,651.4283221299843
1304,675.18,655.0588175879383,589.5005243152287,727.8954952817535
1305,730.6899999999999,694.757628647165,627.3815682016758,769.3578563039008
1306,719.1000000000003,764.0107444173859,691.9163799391469,843.6061545340287
1307,631.8500000000003,701.034725557756,636.4142860596842,772.2063222737459
1308,495.63000000000017,597.293025327858,541.3845882217165,658.9644457626734
1309,373.65999999999997,438.62909942838843,396.73523759357545,484.93568483794246
1310,401.8299999999999,337.58355245284105,299.3956681324954,380.6260823742041
1311,388.2400000000001,471.25930035378866,411.0309735875564,540.2914588161573
1312,314.05000000000007,356.6031351650716,312.47043458114615,406.94916576665213
1313,341.5699999999999,301.92126092162437,254.54333080447202,358.083095729693
1314,341.0999999999999,388.14444107835055,314.07917903840917,479.6201301029847
1315,328.12000000000006,312.9262361228625,243.46519869797802,402.123562172215
1316,317.18000000000006,349.2129513298828,266.310585229282,457.8262420434501
1317,319.5100000000001,304.321707816689,233.75095482136186,396.1074168155701
1318,315.8199999999999,336.3447531250665,264.8842579930484,427.01135847609095
1319,287.87,311.25147441347144,250.13567960230387,387.24026688596564
1320,262.04999999999995,279.81972559735567,228.44090480703028,342.7038323698147
1321,252.28,255.76122099655691,211.09848694721353,309.8288303067919
1322,252.78999999999996,255.09302328198424,212.416433980146,306.30359115553455
1323,293.05000000000007,256.75065568110523,215.39277700933684,306.0130224410084
1324,376.9699999999999,327.69637435870595,277.3436462477765,387.1579765624761
1325,427.3199999999998,423.44325302244846,360.9894230016232,496.6722069458653
1326,348.73999999999984,438.35452870646844,370.14836654567694,519.0949789742012
1327,274.15999999999997,302.3536635307077,255.38893012012795,357.9212885844383
1328,259.7900000000001,267.38599096418454,219.03979479891115,326.354605159738
1329,264.31000000000006,264.2003701406231,211.19090469116367,330.45264367051027
1330,306.9999999999999,275.3210635256644,213.63839828932788,354.7300592833889
1331,341.19000000000005,346.53319770184555,262.43933445304526,457.47110780033285
1332,351.15999999999997,345.28617358171255,255.73736804150082,466.0691879745383
1333,306.2700000000001,363.7913664250495,263.53869518416053,502.03695996389166
1334,247.1,274.51215864616336,191.72676912347018,392.8578429301588
1335,247.21000000000012,240.1630932257427,159.8355746800131,360.6092873104629
1336,256.69,269.1040699658778,171.8557891656803,421.0640162777777
1337,242.2299999999999,260.12043107655455,160.31592764357907,421.67295313984835
1338,274.08000000000004,241.79027281672583,142.32162426024743,410.2925518300179
1339,350.20999999999987,316.659300552914,184.6919883400906,542.4129502827924
1340,364.7599999999999,369.7088451585835,185.85937351047346,734.4463696257011
1341,337.0899999999999,339.67699329736894,174.73908382633326,659.41549344156
1342,336.93999999999994,322.2595142895929,154.65419979471707,670.338863432904
1343,369.85999999999996,338.2968079953053,143.6012208528366,795.1365971658375
1344,412.69000000000005,371.06076578556645,144.75642839206878,948.7297303730767
1345,421.1799999999999,411.448708564759,148.69159329624978,1135.4294644126776
1346,420.3000000000002,389.34134028215624,132.4539657918884,1140.7147555650326
1347,401.51,412.8788565635448,132.79293323714947,1279.3046002939761
1348,368.14999999999986,362.7852925693559,111.58629012979264,1174.451637470307
1349,342.63000000000005,355.8377320348956,104.264284294104,1208.6521422978037
1350,337.5900000000001,323.0735661977099,92.72796581573792,1119.5159035945585
1351,236.42000000000004,344.60014879931,98.42653503959893,1200.2835688434243
1352,240.86000000000007,192.1466950452658,58.787190753966186,622.973886989064
1353,235.8199999999999,302.36432999300246,103.71953690074469,877.8228007475923
1354,222.73999999999995,236.4101718634532,89.90469985887742,619.0294351307967
1355,217.27999999999994,242.75632583604738,101.13190887026602,580.7686856373602
1356,197.51999999999998,229.9451623863725,104.39306161521822,505.064319721466
1357,239.55999999999997,202.68083751363008,100.2570132515257,408.70874251644676
1358,371.80999999999983,271.1452966518072,143.02427997738985,513.2401163284911
1359,388.26000000000016,407.9089074658676,225.98178839259046,735.6515868476951
1360,391.2099999999999,345.89147036263915,199.6723437282034,598.6525977358259
1361,394.51999999999987,382.63516302681023,229.93082697448077,636.3161185919586
1362,379.18,371.0026783085101,231.1767311981099,595.0373029398194
1363,357.0600000000002,361.5074646371448,233.0450889917444,560.4801083148817
1364,357.12000000000006,341.92304806994593,227.05087525974804,514.6578187373381
1365,391.6299999999999,351.7075641921596,240.09033515565417,515.0000534988217
1366,402.8100000000001,388.8343904333963,273.10241335370216,553.4309154566773
1367,497.80999999999983,384.7385640086615,276.79770727035054,534.6208344032835
1368,384.7499999999999,506.356838396483,372.636273672191,687.9346126321609
1369,546.6300000000001,337.56035932191133,251.90244013497167,452.2305692385111
1370,618.1899999999999,510.51189087230034,384.4482144601328,677.8056208023196
1371,641.9399999999999,579.131312581665,439.47372488397696,763.0690484463636
1372,635.5400000000001,604.4142512862286,461.611139857821,791.2991559890083
1373,626.5999999999998,600.5067188027937,461.2295801967995,781.75027879189
1374,628.9599999999998,595.5940770390649,459.62300395776873,771.7023828595542
1375,675.3300000000002,602.4425567298965,466.5172102682424,777.8866618702315
1376,706.6500000000002,651.6365024283512,505.9242804275289,839.2327936288381
1377,740.2800000000002,682.4859163202011,531.0746693582471,876.9839084832091
1378,720.7499999999998,716.3199825292309,558.5186597920145,918.626089909146
1379,705.9100000000002,696.55959799313,544.0495002906148,891.743489339762
1380,720.9899999999999,684.009012056585,535.1060950001064,874.2695613330893
1381,808.9200000000001,700.4682230797159,548.8533943467112,893.8888431892559
1382,760.3899999999996,788.4318821871063,618.7315999523785,1004.6009676791786
1383,758.5999999999999,744.2768665788823,585.5206372198109,946.0043722425323
1384,789.4799999999998,743.9020210868607,574.3852341706882,963.3608978236045
1385,799.4199999999997,775.3927204043964,589.2668520251851,1020.2087197998712
1386,795.0799999999998,785.6171257549626,597.106554102468,1033.5422538623295
1387,767.9500000000003,781.4973193070329,594.0013366466075,1028.0767717827173
1388,773.6699999999997,755.2225118734992,575.1111519548494,991.6426272496162
1389,785.1999999999999,762.8630877276531,580.538252066494,1002.3507077469213
1390,771.1599999999997,774.3471998209391,587.9906135147407,1019.6669961729801
1391,784.9699999999998,765.089235068149,566.4706707955187,1033.2256371850124
1392,787.7699999999996,774.0604855591054,560.9861958317975,1067.9208395697165
1393,807.4399999999999,778.1963983547022,553.874594243195,1093.205850309366
1394,810.5999999999999,794.8960639287121,556.6774112032435,1134.8726960277718
1395,840.6300000000001,801.4283772310245,559.6022325260195,1147.5707034813315
1396,856.7599999999999,825.7136903162705,575.0310460839486,1185.4907810138102
1397,873.9900000000001,842.45100828455,584.9324497390811,1213.149521319426
1398,875.7300000000002,858.5645250987469,594.1987409728536,1240.3520425136999
1399,881.3899999999998,862.3432546082497,593.982778910347,1251.7447880804589
1400,866.4099999999996,878.1806915983491,611.0811952050252,1261.8368499712494
1401,764.3500000000003,858.3989214408874,596.8907206691999,1234.2867850952878
1402,693.2899999999997,745.375804371232,518.9998104709942,1070.3020084492462
1403,646.7100000000002,685.0411227593786,475.10776979635796,987.5417797702764
1404,680.6700000000001,642.947880430444,443.673767178833,931.5238035552823
1405,609.0099999999998,702.1079017192413,484.4615577496949,1017.3313458466013
1406,513.0099999999999,603.752794529382,417.89692751279415,872.0690498557708
1407,409.00000000000017,500.12362274829655,344.29959293224556,726.2666704986606
1408,364.7599999999999,384.3995292690255,264.4621089639484,558.5254167929412
1409,489.43999999999994,364.02319441987595,250.49425262107457,528.8011031100805
1410,522.1799999999997,607.1848140818017,412.95457341524155,892.5491762490492
1411,395.8999999999998,520.3447549277173,351.9196993346244,769.1478665064016
1412,457.7900000000002,356.8094930199359,238.54482844238083,533.462105183702
1413,468.8499999999999,591.2288128382461,393.32778737621555,888.4502948664211
1414,363.0200000000001,473.4960422765344,317.3134533643729,706.3106453919493
1415,325.7899999999999,355.16621758327994,237.00196749053978,531.9971675659469
1416,318.1199999999999,337.2463281298233,224.43273937139622,506.51536273007275
1417,331.28,330.6822051384727,219.9401559735565,496.931599263861
1418,365.43000000000006,356.58672224244805,237.6262446885033,534.8516373210068
1419,446.70000000000016,395.89967997776716,263.46660701397275,594.6493250512007
1420,470.97,510.2795791340723,339.9896568932265,765.6121325239142
1421,315.93999999999994,458.17437795162914,306.83281765374267,683.9208312949414
1422,282.89000000000004,254.33423249126332,170.66311860267712,378.7878706421554
1423,247.61999999999995,337.8087928295554,228.01155799324516,500.24718203963505
1424,197.78999999999994,230.82999917304238,156.66184747189925,339.888739909965
1425,170.94,200.77590742262893,137.28042953098978,293.42717927847553
1426,189.63000000000008,168.09290142114304,115.59700630699056,244.22421472588132
1427,306.7199999999999,219.0170387066781,153.22071205055292,312.8845403942118
1428,324.2299999999999,401.7797766438523,282.97387321202234,570.290403015862
1429,338.9499999999999,291.73061950655085,206.19953304169564,412.56857488402284
1430,407.32,394.66237727312944,281.84299600118226,552.4827413183315
1431,588.8399999999999,418.61500354739024,298.99816912254033,585.9260859727253
1432,493.5700000000001,691.9720443793161,499.2682460610082,958.9055268294738
1433,276.9700000000001,408.07611342549086,300.1192671204144,554.737492906378
1434,232.4799999999999,261.81756277291123,192.24425470578547,356.4391973880773
1435,297.1199999999999,256.04288929328294,187.79068709769422,348.9698420084084
1436,482.4499999999998,361.5223159215743,265.8162500582216,491.5578165215358
1437,400.4800000000001,504.02481102501383,349.1288904462622,727.4461999858765
1438,402.72999999999996,305.33407198487583,201.75568289535968,461.8258124200906
1439,387.00000000000006,478.5821626598056,306.1059630376819,747.924079710023
1440,413.25999999999993,338.7202876135039,220.04892330067958,521.1010448407237
1441,338.7500000000001,417.21925609434413,276.06437233404586,630.2877570459602
1442,317.68,312.04222148692094,209.42983691760534,464.6917187643736
1443,374.8699999999999,334.51030872453134,226.75066301359746,493.2561561443609
1444,512.89,380.37254780647976,260.02208183104807,556.2134709834548
1445,725.6199999999999,495.87808516234253,342.6467235134798,717.4349933280006
1446,521.3500000000003,647.7082140901508,452.15555609487933,927.6487639134747
1447,352.63000000000005,389.0770322566361,273.45066840855895,553.4169084246233
1448,302.23000000000013,333.76491565132756,235.65685193770304,472.5444920924616
1449,407.6999999999998,307.6474214531559,218.08199320520208,433.82912208332067
1450,490.7100000000001,441.3308998716257,314.03106234624977,620.0708986093458
1451,435.08000000000004,442.1284781931087,316.1795240683,618.0905568779923
1452,347.83,393.0337736755611,282.58283203457364,546.5035765848975
1453,213.25999999999996,328.9046346295736,237.0782453605224,456.14831183025666
1454,219.7700000000001,210.84972020711524,152.04372881057247,292.25150596260573
1455,297.8200000000001,279.65766042588774,201.8710250119264,387.26994811655453
1456,509.14,330.09516510879405,238.49169174392907,456.73616429096217
1457,687.1800000000001,533.4219011949325,385.3727716817564,738.2000405040236
1458,674.1499999999999,549.1007678731597,395.70598015039576,761.8089062330664
1459,555.4199999999997,545.4907056895814,391.2703855398325,760.3424372938563
1460,550.2,458.76772995395567,327.37942696222655,642.7259710893194
